2000
252.3281717826138 1125.7304859234625 186.97149614670522
1972.9466470024888 440.17044832225685 636.0217355606703
853.9175730920521 1658.5792809258292 1200.3674351652292
1440.6685635372817 1954.7247624469671 484.90736799281876
1709.7218280972693 1808.6105612971235 1389.495067821048
1816.0731252197784 1219.2613666820923 56.50667714004582
50.679880825700295 758.0751201508358 150.10706593744894
672.978914419736 1964.3414893226513 1274.383999115531
1528.7328389441768 719.3474715383736 907.4247076976704
180.97582860774742 199.1064144193091 504.45977533097556
850.0333111659397 1888.2572518557924 1014.1706317247282
1389.9498901688314 1107.930494139698 947.1555411055188
648.2551448695715 969.4083240054405 263.4517810632788
36.58432091567221 969.9138328217845 565.0387884149426
295.2744389487687 625.3521737032568 1233.1411863008082
1235.890536278776 1596.6851715080618 363.91687247670154
675.6608133973982 1532.0145078504943 314.68945545028475
1994.3533922978088 1132.8473214320493 182.7891424317099
783.734262780788 718.6023299982834 1411.124184876619
1989.874910979748 1063.5720143829394 399.48986933061343
873.5529348477933 126.0743026730029 422.7793579481444
1045.77227870926 425.3532506497737 1383.3906581884871
616.8805504800323 1928.1616092376764 822.1634979633334
492.4822198619101 376.8544011798558 1263.6450697422113
1149.0973730795606 1954.0948816965918 351.26001361763
1593.5205595552015 967.6182225051524 568.5207847563609
288.28100693260717 1001.9573626087113 1008.4512847292283
1434.0431023558428 699.90968640701 836.9263459638387
862.4632938131878 625.5202583916597 0.6000900141282517
1853.305440252074 1829.0145509329218 1359.090681632521
767.0927222219768 404.6596952257406 603.8894828514145
163.07200304210068 758.4573415461801 1208.5985401068563
1868.554312185682 1077.418646083274 1223.9398139224393
1703.0639000976262 1937.0750001245783 533.4908128977278
1673.0942463256742 680.0625005632468 1167.292076405475
822.1638365702908 882.349711052816 1460.7912975929214
153.48093963365406 1710.5830674395377 373.5368277929111
1265.509235216016 896.4027095306446 454.69925370146177
1146.2620368310543 1212.1582051645657 445.06220437977225
476.9384390372411 584.7760820954078 9.703544227673444
483.6629297486243 1211.9005986776065 1474.3053983788893
1831.743801404356 384.1339166512627 82.04544030023986
485.19376213282527 1696.6166273021188 38.51503350067759
768.6606627244228 1494.5390408320382 1338.1689741419395
1343.0059984638526 1474.9642543667453 347.5852429978631
627.7335695158281 731.2153247396132 387.4357231554217
1419.045652162816 209.13680772106002 1094.488430919065
1252.1221350714181 580.9872203942417 1213.5559332758403
528.1714699001618 1026.3177699014352 783.0850957670606
998.1767346336408 1488.951847778641 792.0067416698314
1424.5409341525622 1386.3444911802808 153.37534446222134
1119.4743666298425 1566.4109878741056 65.91857678756813
507.45789029677877 292.1842467792952 654.3327006680238
712.6256136153959 1667.3154379461243 367.7696901588397
650.8057318231897 1805.9525573546957 772.1263374342913
422.9861281655574 1501.7565942329732 320.33337325794685
392.2010808328913 307.2956206279944 1099.4623680065436
461.9440033607125 1642.9433685898289 1288.482819150342
1296.0742774493226 885.6027555854837 1183.1118679035555
1266.4284333171374 1659.016392340107 1142.918007972751
958.2103995268989 41.26981449793776 1489.6665451660235
224.870417189567 614.8110126942552 697.3612834105502
650.1560797161674 346.8561913087802 1024.1825727332985
339.95649038932663 1177.3564074224166 790.3854215755495
1859.7373177916804 454.46418135863075 4.80550489099768
1181.081278537637 627.922017947079 201.65398238627736
723.3737338671908 1831.25809546374 830.1580810252293
1409.847568171506 1024.3928533580624 23.963165792295072
856.9424378393626 1411.4518317465793 156.93971692762926
1540.2983866359662 777.7914569830202 501.5844859605668
1443.895594427467 1782.2884266881422 567.3945178877865
158.46738559303498 1298.4102878995961 1042.7329815615071
391.4283297592027 1823.720180694402 410.2741861924323
836.9112124763828 847.750017953479 273.4258359340162
1602.5526179555966 515.4911722646631 202.17524458326784
1755.277705668896 183.80486847536858 1468.7134687655343
109.03678564757557 34.321090773681505 500.63016169246725
783.8290788530082 1532.1562952507888 1486.1666486623324
720.759011703914 1690.0751313592207 142.08089697036002
988.9150338817692 464.18687657896515 758.5787910883782
132.00132482043415 1277.151160107404 1318.8348279850172
172.161175060753 696.4681825390143 755.7171707190046
858.6517877128045 1319.1665054582045 219.3719245862037
1854.6075682444164 1874.9279782770855 99.24207066001478
1390.5747633006085 1444.1456280737605 1212.1963797924993
1361.0717344504312 842.3996052581822 1050.8737018201834
1972.2777354088314 483.9524527556498 1232.8939643639487
975.186141188152 1593.033728499622 1425.5252488331207
447.95630707262245 1689.9058338839757 624.3268588174432
253.92818618069967 1933.022893372712 1121.7523881072657
234.21966807989048 1049.715404485455 244.4429068180579
196.3208431435426 1181.4846821767132 872.3704380609563
171.853821588851 1305.2383270511853 252.23211232276194
365.1517988851247 1428.1013754468622 1077.4730245606347
769.3641979614418 208.90755267310945 316.5633191987605
1326.623615500481 1859.2446962688812 429.6094528640818
503.0788066112961 1315.7182237443885 31.047909339289525
256.9544725676363 1118.9428921216186 1423.7074786319113
521.1122644759945 1650.1847915946917 658.0715298761211
40.37453356551679 295.70102665025155 1249.1331607414734
924.7954337267499 1038.391265569331 1157.3493292959522
1387.0720156732814 548.6578319307023 1389.4632924573934
1473.2325409175025 726.347169165154 1434.0012315477477
914.547308874391 808.7286978288704 470.5828087402917
37.24321271257524 1774.700256655989 158.20598457237173
1758.9040898649544 790.4751740071067 675.675048722463
1201.4862801762024 1985.4053430804213 64.24496951772018
1793.070027695166 1256.6809247749106 1283.653911275919
710.9642992958445 531.5679494608432 281.7128761791289
437.4002013462797 1195.375899265825 111.71817607999995
1566.5389851509806 687.9423474946047 555.190737882496
666.448220772035 1484.5077255933484 1302.2489136528857
1694.7045780654305 1437.2529766900755 1275.8055846935943
315.6605044247234 212.4057082615156 154.8520894927619
961.9169257655784 919.6568056082513 883.9946191934522
1305.4855068031611 647.357414231863 88.42924339237457
1707.3195718046752 1344.9400204614928 1052.0663306686613
563.2241213930138 1763.7994099209552 607.4969820584164
1055.7914705863204 342.74704373284703 236.05523946655677
1500.8557393924475 1438.3127626620308 87.71812918120209
1283.4008742964236 1628.6081998102836 323.9467950582754
1553.7315001268325 1186.0726412073564 655.5607213600966
616.0766631366652 988.7580635615858 1056.3601669344646
878.6294233376075 1165.098991683215 468.3360622906527
610.3104274664066 408.3744461160483 1166.7065417377291
1967.1090411123673 728.2046391563231 297.4790074104247
217.09029983507145 102.86062064511458 231.7731734373768
30.601191913688375 1154.2237308251283 1270.9176641202287
796.3009095536466 1881.066370996768 1302.3882597730094
172.11188724948823 1171.2814902526593 1355.7083573497448
1523.908950680921 13.403037540613338 1089.969689698512
1708.8495171787974 1609.6897700161092 585.1258798000952
26.288997913097134 583.4798473170626 976.2712740322221
151.6996949232723 671.1033605411411 222.70316200902474
1406.976277573714 1858.2946943824193 1069.1338441138992
802.6300654845644 1666.9804210866062 1444.64122758953
1772.3737470436786 1226.8650169340453 548.5536088337452
786.0857305158293 1800.4734230654258 1254.9092510028033
1756.3543775854102 1691.6043924663468 896.5779201152372
1961.4208266045075 1264.90874413709 1253.622204773564
227.33247983226534 11.967969538583478 1305.3010274918304
31.66858813237439 1426.2647483141793 759.078542962669
669.2129037440826 1539.1035673388894 1263.2714197197743
1826.7259976592068 475.80575095964093 1062.4776087285436
588.1541405105178 897.9065428130855 374.3872665234669
1847.8753455677925 1916.7895617798238 897.6850063434239
246.3284269212138 579.7580647223739 1178.2967138087354
1763.955162872848 1770.9303546009457 1046.5446009155144
1542.9229278181015 1727.7186832263553 39.6436281473686
1732.2602080512827 1587.7350809723534 366.2805353897557
1580.8818122251062 679.3275153584461 839.50845922365
1807.9369974736949 1097.874118338777 1131.4692012649666
926.9704969910899 1077.3681647280719 447.0321782831371
385.4008876249408 1901.7077796397975 527.9232627166891
1980.7157014252223 54.43360532781205 1074.8464886870986
525.223150245757 272.73627680935573 1150.905979187624
497.21867142425015 1430.2410297649 563.2343247357496
735.0836854575238 663.3481270205341 177.7662609383819
1540.925421725886 94.57899441368656 986.1574404535061
1572.971305473706 531.2870928560769 1383.3645117277106
935.5583442795055 1026.5378836045854 834.4105933499833
457.10701627295293 1863.2248545396405 651.076355792491
957.352656560021 1424.6722473503146 929.1112116419984
1901.7326941925944 984.6777632126162 1005.9207986543083
510.557909904751 560.9416539408527 796.399935829499
749.995389627839 454.9333927818826 672.2436832037823
1209.43054833323 1309.1062744278686 388.9722738761077
248.16553969337195 66.20916685229705 1011.529289716841
1905.9691476612297 1636.7168260695246 503.97767139365925
1962.6490204466393 838.0521554060803 929.6874615836053
1709.1814138418454 1546.4618155654953 1156.87600310901
533.9111971702406 1580.4728448687076 292.67348316892367
911.4127088129877 137.50558416451275 949.7446425297444
1238.4715413780602 535.0429455788899 157.3749577412435
352.8085591348238 449.3045076002471 102.19867582396208
1969.9178266295398 1106.754734302031 917.0474564753614
269.71433669089873 1919.1553423107557 228.46558827135354
1529.6837367242276 1751.47842976795 1129.3655835818463
1987.1971482683314 18.57477560667231 692.1531144444826
542.3405134888171 1546.877859211694 729.8394225744174
1353.2150722035917 904.5965205872699 862.3550725348276
1238.389327113626 1542.2107350463855 995.9528038623715
1992.260971873757 402.29149820025566 379.3356527413998
1772.6715288110895 228.97629672159735 128.68971421212188
1078.2555176005192 317.9179267225316 1186.8964788629573
1206.3607240099868 1133.4579674045447 582.198204114945
1776.7256329506863 539.123329964409 1110.8680994598144
109.32372013649672 1949.0173983626053 1016.3484962561809
1153.27722270774 93.8660043538806 93.69672111968258
1642.3565424916437 889.9441339375495 955.13554477006
1469.0033723948395 296.17467114290343 1079.3674278554288
1447.9635693001296 32.59302164120914 1481.4769209947312
215.3703410063963 1969.7243207319707 271.27479868228596
1594.4033081902148 1395.052820046373 1033.0347329306328
704.373889125097 1467.1171399055725 1272.066332904035
173.43252082674866 835.3195458858413 727.3455355967384
587.6219794483179 303.10416419296195 190.6412374243191
444.32106019750404 973.6227902485306 1104.2097778517045
1337.2680479641788 1818.6188700851644 1457.2789539743549
66.18370877377488 1198.7296644242897 1353.5496746261047
1133.5213007839595 992.7642051408224 990.0402067912943
732.359832594112 1767.4948979201338 398.57359096580956
1584.965605604354 1227.8618815549921 583.168161986868
1152.9053907212276 971.5407356171586 582.2348334521449
1604.028678874289 1814.355540376684 784.5311462454197
758.9891413255085 1698.1817481216583 624.7009002544776
641.7161766445661 1622.8785203729171 389.47352189270083
1217.3431960977846 928.6040190918033 710.0933470873839
782.1757995921334 1449.5024989082722 149.03810057164756
885.3613354598025 130.47226667341528 313.6121614080124
1380.9155545784715 462.9339392879288 1074.0009562745747
1200.8165399519426 820.2850832456899 602.7226146735793
825.1765149211583 1895.482709992942 295.3755760458486
36.949116359736855 912.1569746261899 752.0339214775756
1042.329141129558 1943.6756923103937 110.35499709999131
199.4726654980532 1716.0491167504365 1237.2702088735423
1142.9867727953365 1777.0160912008735 318.8833396775307
267.6391539096583 1240.8501746762502 1443.9993448048488
1685.1369441344516 1759.873511847156 7.008945227266139
607.4395459513364 1321.1432599294565 1205.723608838016
1879.7786755284321 1294.412631782471 936.7926006634021
1605.2793779741855 1497.1557942358656 889.1989272910394
1915.3524439673542 1939.3442638678898 1485.0868228487204
564.1383818315273 453.0179617217565 1489.2359676371752
874.3013854749579 1513.2755916793435 1379.3753636241572
389.0777664185785 486.75572108058884 1402.0341583577583
1229.5845262645394 1876.167415094261 187.01998683039062
1524.9771948246928 798.6519890207961 1378.0321832274724
1840.0015695499558 1044.8449834176517 1384.5474379691423
786.1234885245185 757.6084109186896 107.50584825862668
1401.5107006412782 583.0692170791139 742.6459125635505
1284.852890491944 371.5864699745961 631.4259696305572
1637.772686837986 460.4110504601764 496.6961381547712
877.5704386788523 431.27217018766186 194.96036899965674
1528.764516184412 94.34457070641966 131.68360081442032
1177.0365684724059 841.4484003301181 955.4909169734989
1861.099839720224 862.4053953657369 1302.2419500458104
44.497100704929515 547.5921956246916 1073.002769004355
1301.1034994064305 1012.5018412279427 957.6269249750263
1367.0688917883888 1336.9709592807749 650.8829128036288
1242.749574079104 410.1715064746105 884.9623426064112
1402.213711582737 1500.7108735070915 29.25392468308613
1185.464232066403 1421.1947398249915 1367.2463454460012
530.0885203132876 368.15389858989954 1135.9123032578555
732.5088733508585 1627.6620628934077 219.6460977223691
762.8102075827223 1204.1075817225346 391.0477640304684
79.28628617114764 544.725365642355 1462.5690710779384
88.0047463242526 1921.717340813622 655.5866338125637
808.393742942423 843.5292855074485 349.3478553868709
1792.2642309922635 1696.2393945979475 47.53680121840376
478.7027521835345 706.3376212271935 1256.449193349744
186.77692699850712 84.9084953194037 963.6993315788453
828.2667291810346 1965.4132645130655 590.6294478299437
1479.9345681762231 1093.0248730744781 664.0855811633273
817.9347381224011 1990.2647547886957 1010.1064822205655
310.63107846118896 1237.5733477528738 327.41781343683954
1003.2500117771217 1170.352938121182 1224.6858400887113
1462.1911049371413 1006.1349841894748 463.49925861499867
1043.1901433366938 1592.0955803307622 1171.1548736312445
722.6593516024562 253.6182446357551 1058.2655676014865
850.6635958048367 679.342763512565 494.9835857663263
1117.6490677007846 1314.959289615393 606.7139332622909
1260.4245219197362 1078.795258825946 1252.0956058160232
658.6587157656609 1945.617913677459 86.85037141041751
501.3598567564108 187.64303957812055 435.77843035735117
564.0579363709022 1136.7246811011642 735.2169571908302
567.8030640296139 478.28182370178894 1084.0427328518515
1718.7359117971537 1315.0711389514256 959.2105811777213
242.8451875019466 208.94766816575628 1001.0270210087132
18.30932822578046 601.7393632837716 1114.2841425819797
157.6840075395256 77.18032894406512 242.1436902714948
1756.457132043337 74.44748602483631 1043.4923526299187
108.40486985217535 1202.1325874308636 879.1126581642377
1843.4294742324782 857.5063330988099 1275.4481524247462
1016.8275257885086 1565.1547290705125 953.6003404070408
73.57149464436574 1134.9676675312758 1384.6709909808874
98.03701736256909 12.933202741532535 267.7111156142579
1377.317560800727 1.429057517257304 96.98180646597714
947.9180444165356 833.4041324881551 299.2457310796911
475.7592395841119 1351.187325909741 140.83049681945292
1353.735838839789 191.0328156640324 1473.764421725325
881.4278199790419 345.8636044959462 1257.1333377119229
1490.2051943232698 620.8814148332926 1401.9599952923702
1020.2478060191409 1243.1640689671137 1027.744097574564
1870.457454391025 1242.3356369140515 629.5601867141546
831.2890342942285 1399.9145932040688 707.9089793136935
1498.1469303337801 1243.939160297435 1034.0172946583202
707.0324961090344 1452.3480423247502 1131.5991906576262
822.9434837980127 542.8960947493069 1006.6110206321101
954.9865553403631 1288.8330515832042 979.0497111291606
34.247075948520276 544.0089324096191 1392.9124149616932
80.01485243869143 950.0020744437189 1255.1131560728536
216.35803831441902 1978.1176513114256 797.8290337424551
1550.4709222270462 1346.4004887765918 460.56811658313626
1372.4069537955913 937.5931378462294 1427.617047222255
867.8861987208097 113.83811937132249 955.2132953224301
605.1977146246204 1012.9583413788017 1278.836211914637
551.0921475103416 663.7145030397238 1125.318607019934
1038.24458287922 1312.5396966613994 896.3774626196317
829.0408506403621 1172.7870074414739 215.17201661103823
286.56759853846125 1067.9168730554686 1493.5830467674662
1956.577772742814 1419.9416607776375 933.7800674547893
1888.0086230592135 1846.5151596361368 1397.405778342921
1343.5499254584802 1937.9282035033673 834.4993187677328
811.6088114536686 1096.0826089502175 1347.1627929628266
195.7845701125116 514.020689137574 1493.980537932129
1515.4265842295638 667.8330959928935 590.1112090584692
1204.235954702648 1392.19052380688 855.42061085806
547.399022180582 861.9306813671903 487.27896882324603
1095.8640101085969 771.173573759437 340.59354147617637
26.705468119048614 400.72031945639196 1357.0368443171387
283.06748414020876 1464.0000724535644 70.1327503891967
1399.4588135541437 1647.5936709535872 1113.8779740105467
156.45784710908916 1594.86717597162 321.6072735933645
1981.9677374866837 1514.7378881701352 94.26838215760752
1170.2416856861528 502.3879391958759 150.71144504978562
513.7858490493461 65.65674542090716 1132.4921792065284
495.45999709046185 303.37019698734946 909.0905949634911
835.6888743936684 498.9516567423373 580.7401373342957
1094.2343342318159 1005.5716934255523 1177.9855039947852
76.04819153384624 1315.8762659234942 1011.7286626473709
1935.41499189514 1204.304363606361 606.5848750403328
1454.596972259361 537.4442657087857 1081.4848741419976
1717.2820461326319 1442.520878715238 1306.9669269458554
1935.176056339353 951.5969584080545 784.4582351396679
540.6461900520026 292.59808969696934 298.74135241380276
1130.3607902146673 1985.6296644789147 531.4183621874266
1610.7973754718962 106.8226750110588 483.4189013500024
982.3774333699273 255.58316743229992 394.5215418253828
1173.5134256128172 681.0345350515505 1435.0565117266926
513.8225590945235 1447.1343539435393 949.8783788632197
320.6283053951604 1373.789463104136 284.36246917119655
1537.6903656122001 1780.4269760242653 584.7865870988608
1703.7022074219376 1327.3281942080193 80.23030182668268
1277.1529715603258 392.4250095378086 1198.3466449558243
1333.4537868530797 614.5067573342926 1456.6703574108378
1046.9432097756137 926.4416036684187 115.68361050259219
1540.1810811369985 1099.7280302558959 252.16857204990566
1421.3771410060806 626.9827824799943 534.4340861180212
927.5582771037878 372.5041450670536 1171.4094901479048
1869.386871297504 893.2147376222599 1444.594814414835
1316.3478501399873 1485.4473327394376 1327.4356413892299
1281.8556256370844 1545.0322277100183 288.3755649068835
1703.0452972557684 37.343367243173105 1290.5325126284004
1764.8802653730925 117.15955147122558 988.5928064746518
363.1408575871926 1558.3028373028433 1017.4110169474891
636.3147567393339 1340.4930777533025 1165.5211139201112
880.8604878335291 896.1780612663284 988.9887155668371
1538.3573671647105 1595.2151913306195 1347.126845814984
961.6290604214224 514.4177166818864 817.8128050774782
1931.0042049422257 245.25687860849476 865.1137025654201
1865.2819623193936 855.9498544489265 709.7172216333357
1799.4009891788855 1617.6087845443285 322.63946852740577
1941.4667012332063 1728.0824188267136 1038.8819309994478
327.5336380162821 627.5254889081876 974.916637014814
1629.7391796999368 39.07581551358774 1306.1056988710511
950.1689518566751 1500.834630204078 1077.8708120349595
414.8077866227713 828.2584780969327 640.0832282214478
1440.3504919556462 702.400743372257 225.74273586458378
962.0341486974639 1508.635090507345 435.0520994922308
1362.5188888687069 998.7908280483699 466.5095668280375
993.0964019855884 1725.2266681491587 1330.8918221690099
105.42874767685429 1466.5459812804675 183.39589091903997
1700.93654248408 1178.7779044644624 700.8654291410065
219.69699129403475 1561.9690198024764 761.0005099867576
1030.1749741288356 2.4498276212863157 1364.2980672372357
121.75020657170643 34.72946026863766 1005.2566071088607
358.1900904162625 1537.2812331141338 1171.0034884048152
918.0721679082653 1969.9422237085578 860.6708906924435
1572.3227437699197 279.0955007888958 144.8440628733374
1439.1111420604025 1424.020516366434 1164.3330609441416
15.60981540247619 325.1983691884357 1358.8848452785032
19.89226422514756 748.1932058355811 1240.8020614732143
1569.113361150104 819.4851067262032 626.0925254877721
111.82489386152893 1304.0330832639834 806.3681858876732
443.47849497793067 1344.715729096613 1114.9154079380153
1461.6204470500775 9.667735385201048 220.3338763459553
1492.4301130079248 3.155374908378361 1317.1298153127364
580.9470077958434 1760.0835070296234 1110.2005058581583
359.5373667372663 643.0648340336784 1140.0705484451648
885.3518318426547 1812.8977618151002 880.2342937835492
435.83387606565014 363.0096202284341 228.8177091168797
1371.7832733449043 59.472299920442005 1032.2149615200374
898.9611383301688 1923.627618208511 776.4282655371607
1958.280518114918 821.4312868440767 619.1482974504236
463.4937677210438 104.49879366280345 109.64588268116104
1657.5490101556618 1376.1119220293021 1064.7851719771554
1613.4824197321848 1098.8704270563478 577.7150502448154
569.5266998553359 57.83368082843876 957.4592299930806
1663.8719379459517 1365.376139664234 968.806373280503
1568.684832572521 1688.8464933703456 159.0380663581511
1284.3034436785872 15.962970727121606 584.0883182923183
1675.2839032789334 1181.000944468308 1447.822506388762
902.1252496149235 1200.0867561107193 91.71226233541097
610.896419509644 915.430076421081 328.36501990263827
944.874170522279 1639.8871776293524 434.1899160713247
1256.4092864029633 1220.1430467700839 1261.6098813486346
658.674259071077 1923.6924572442015 1229.4131642369227
889.4182657288003 83.17411207937475 772.890158573933
1851.7707110236418 315.0036857994274 365.8362453001263
1410.5896768501946 1390.4747056767949 1154.7440748075646
776.782633015058 1761.188947325085 535.1827772352224
1823.0073512579365 761.8201262439151 528.2638713044104
64.98407392129634 197.51413785575812 1130.2863398052382
325.70525913731063 1788.4905785045808 761.8924025121004
1779.9903469946958 967.1637247686833 1103.9182129804883
978.7284144472974 213.72849622944946 1303.1644201096863
793.3368710647659 1019.3803421666374 755.7522983808169
1331.2658334602002 941.5221513448002 761.9309978486788
1442.1680354049772 1449.8327580058206 1219.1216490479699
364.36831887511903 1722.368491305386 402.7282625356376
860.3022036201343 1941.8024776764582 421.33530395656686
122.58182960657393 1579.1807524568155 512.4079652434274
808.5207490149961 1669.391932684464 1448.8456111916798
1136.0582962781746 1161.161769809445 725.3511664961062
1740.8531849120532 311.16607674195484 351.5138743152901
597.4219483191092 258.0496615423511 1302.5139642493643
1738.7279000266974 1848.0749243075084 817.0848288150831
1540.8107532001113 563.1010932453746 1269.7790566781712
1288.0405073288612 447.95572708391427 1018.8293673643395
1268.216932092285 810.0787439845072 1150.8215119280876
1897.6859355422841 221.77126717220207 31.380326270323334
441.45117056512896 1681.6607726790212 155.82901948077455
345.1970124575352 1791.5656051607336 1112.335825062886
474.9352477929758 1508.6442790347357 568.150308209718
1803.4543103401722 340.85602993278496 807.8457627988224
1362.061517211152 1905.723465138446 1278.8304692597133
179.89604200808017 1102.8543433381494 707.4574492241389
60.99646732318264 1685.1938769554888 306.09415837382096
1043.700089094591 1803.8726918295192 1182.5690697558832
1493.8851603774046 882.4059073828743 432.44363911127607
907.1641090662166 1354.3557681453835 938.8984170047836
1708.3990627917972 1702.0881156563848 138.75961300112598
1517.623007136047 1248.0759190083668 686.4582004395819
1435.7506395848595 586.5124197709184 1479.6549442110843
191.90303250419282 1818.5884748758958 1416.0930572743005
163.10650457019827 85.15119705718477 135.34194762096536
1732.4409493427625 186.881615664928 1176.272821214738
5.1477948768157145 697.8460436217329 407.9569117295742
939.7992560436488 1494.9308490319765 796.4116026143164
1666.5545520851508 397.83815747698026 434.75991102277504
1174.0038269349507 369.51714189444607 1011.4469968247049
1567.5873884234034 725.5553324699526 1338.3436147887735
952.2760318889148 1586.6444871835522 868.3417034524765
237.27115978388457 902.7033019288976 1350.28914363942
1057.5604590031985 1038.5798009956272 1083.4459079991975
35.22823900404725 1675.9868818831235 14.82802497630048
367.1005607576756 179.5366434448835 438.390817643278
1156.5524870302686 293.14855344459966 230.35610704103115
165.94570984213243 1060.633545130667 1206.1834869899476
1130.6519023002895 136.64374345122155 895.1255804664739
784.7258547388886 215.270922119698 984.9656648726738
389.64197006551984 77.98106617651834 191.43010487407435
842.319612584191 252.98109411956116 1169.6847487330785
1206.5975848558219 1703.5677355624562 422.05572094660727
1036.0078421687533 940.2241130951494 1158.108925454003
1438.1089167269138 494.9455817005903 1268.7296717089503
1670.300798222098 1933.7842284705243 380.69787796030874
1713.165087319433 1336.9113678232084 325.85133466701564
1437.9494505556193 633.6500855881791 1223.9981623857657
1177.082709793861 1486.8470408761482 1126.2053175272592
662.6331005419337 1885.1215001495148 1154.70425866891
344.2371497759611 958.9343020953986 297.6974206825294
73.5024087531877 874.5659382725134 845.1913386522002
656.3949795868098 969.6932711372478 1043.8971274495407
873.436851924906 106.50196263326683 977.5943697066901
1645.0771442846708 1021.1767056199757 515.2173629197014
1614.3430054826902 813.8476420123764 780.4265173558441
666.0628063627838 1743.6406679881848 651.2905687794344
1847.0718825611582 81.55937907555688 1174.2057361280915
1258.9961093956042 544.8335573538363 1325.8771776213032
686.286553549059 1155.624439974746 1189.61829943347
147.1688037771599 935.4622617933417 54.75953898169084
1494.3162444178517 386.955589153168 620.6719944832456
710.4543136990721 1907.7492288489204 400.53872492402166
1182.4542806462416 1083.7450688021163 132.82430029698682
1442.7710805046975 1414.540051686451 1360.5023931626442
1414.4924717897613 826.5179114946906 362.4349261198871
805.7194463216604 828.7581012132222 1095.9063153672346
1695.6443529460007 1571.4285029770008 908.6858945590932
103.15581203184188 1930.1379142227736 754.5488878125527
1440.391952632339 1251.5403458194296 634.567699156843
807.780301112838 1018.6411195210911 904.5037296216171
437.21949796509716 1180.938806552138 325.1501032815465
1511.5532612346867 631.5529672902298 165.08540473200645
1868.0023261815081 360.46919513602325 1076.6978127821621
1697.456072384178 1667.039143090152 909.0265203830977
459.8964542754482 135.81085895641664 865.5092826427792
307.43524055568525 8.11779256330536 1003.9690517813757
1195.60020460129 496.0362801794742 1151.1904279943294
472.644391468116 111.86036796826149 1008.3343658251895
309.12941009381376 1965.8347948792843 1081.8270461120956
1765.817892598005 469.39547160852936 884.8810503117172
1300.0681150433575 1107.8615965851811 182.3272001946582
393.99469648600973 1647.9673203038205 311.9594970104495
988.4260782516425 614.7427042954492 1200.3403252366356
377.5567873305019 147.33025763960495 1207.7852942461866
1915.1958536419756 136.8277816619221 69.8880569741958
496.0346259985877 1746.1444051176138 1323.8898114982499
823.9912771524461 1648.68301466933 765.9395357926261
1293.1415907006615 296.8483314241241 356.7240055570855
1151.7326968932678 1617.094097917654 812.6111323651893
1550.4495973991584 406.50080203419424 610.3757849970112
1078.149732177337 116.53741528462147 1035.7019007998285
392.5364961764619 336.3172139481374 1491.2433988320827
718.3099604626995 1915.3626115693587 1471.9146944265526
847.6332914812709 1610.502713002652 455.5184406413274
1733.2301180505772 1639.9930786337175 335.13843437676945
52.13418367858891 1996.3355540247767 728.1137050048187
351.3156407504487 1634.9158911361922 1311.2970004817487
1232.7151409593857 414.0964462725474 1171.7992768220524
677.1919761852903 764.8089032800616 223.89248321368643
961.4105126104257 660.5064826021862 162.15833188961503
735.960289957581 462.50464997506623 1050.4434321560348
1300.133248619055 793.2784915608908 795.0605965753441
588.0829651062746 1133.9089851374235 394.4514868113262
1555.5669756047107 895.6025370768674 69.56752797377425
380.27100461119676 1244.4218320155635 872.7185273118763
524.9746492515482 1726.0482331193152 1262.8555164680033
1150.0679372532434 549.6097152739541 480.3697006765984
1018.7211989692483 1155.5180115780934 718.1375841247834
1140.2232569981327 411.4319078278168 1169.3214475958569
909.1938167390266 126.08866266897722 849.6453180955752
1504.5514707961227 557.7845580705485 428.2886206224124
948.8442659181206 1313.7747365664416 637.0678557631072
1746.5124774056019 1900.6731925653746 1052.8074696085046
1336.4258243048853 1500.1637171171392 1191.0932876053737
118.50018356898472 946.9765509913983 624.1884063119691
737.6780984058066 427.3679802367518 285.2850304624855
1363.2799082395795 1456.4534834593308 980.6387931765463
718.8518034206863 1979.4754127832505 464.4694086942224
1851.5934293334587 1902.7719274010772 458.6552744320657
578.4242481418278 650.3595083874927 816.364582945499
1269.4645842474893 1375.4442047766813 1165.8290611164143
1008.45052510554 1552.7280815836543 1277.7053009817462
872.5253568639968 1208.7451970695292 627.0044489078632
1256.5985601176667 1870.22780338507 1489.1278854633383
1954.0771679200288 1166.394328643602 476.03022229186263
1659.9383340827687 1222.1236845460385 797.387493536919
1427.7334005665532 1196.2772034368413 1258.579508879735
436.049710773889 457.1616973914239 1346.1634651153965
1646.5946057563026 87.89354723344545 1041.0522823327474
607.0174912512829 1918.2104065699043 1356.0329013163373
1142.3449099217949 1189.1613478016423 634.6802268280301
569.986864107958 0.7557041076822202 71.80306703975859
259.8546179037993 572.7733217520783 72.09446633797845
1237.3353886129437 159.58909015247082 110.67946393374578
783.850029145154 494.23783906866794 752.5084550673663
1305.997192851038 1155.9007973825248 1475.006804614196
65.88313780756683 1984.2455884953067 1244.778718267004
533.169447252837 658.4420175059216 458.0791297343189
239.14782669710877 532.3937632912474 538.7305901247558
902.3446597520066 1511.4310412751554 1071.2379122044754
607.4630205276785 408.8226189913635 762.5330435514376
315.6578395201437 1969.8229457169211 1426.22259337605
1995.6483392035616 1015.4950944151074 456.9357565095094
750.3784110984831 1654.1250664673885 1261.1877486986143
474.9015581252889 363.62666440571843 70.66887235352631
1305.7303710104206 114.97331686802026 802.4036660018137
461.28296870866814 1284.5351939161146 1164.772951687793
1433.1202514411261 754.0271784314789 369.3805550595292
1037.7503040873676 1842.0149598921066 631.17426011478
1632.1548689733725 106.14594707990265 673.9168274903184
1272.5260262418078 297.49780697666296 1462.6440229794289
550.2186466274592 306.5657620979261 947.8666954529231
1627.630762184518 1796.3555818016016 946.1499104935226
705.794922436689 711.9236549937526 275.16728547150666
445.4841662319424 1962.350996584544 498.7611584235229
843.8623276627922 709.8200398000081 887.3828636879167
1169.585017978727 625.9411571854437 214.06361793926914
301.9953227416361 1931.623494816944 892.3199717392306
404.9826736425823 1127.5554401229597 919.2337830234868
612.4583462802607 919.8301033969776 507.9096951421223
901.4972773689016 1355.1286177384773 652.4655229072171
974.0554395634904 1805.119838112324 679.5453476352084
773.7199952049327 1463.0667903759015 9.386773981492901
535.5653675131895 285.0531699171357 77.46853042873892
1836.2251707638718 1335.421739870291 1249.667121903358
1122.2473057597376 463.87472198872734 1175.7294362327368
65.35137379475442 1785.0109959054864 155.61140931486972
374.1628226459901 1992.6369674135685 65.60843283677514
181.5983021331784 1902.2878378878925 137.77516437292326
1596.6057861054064 28.338439013548378 308.7482179851911
67.79565060031301 252.66009387431265 1028.45675548218
1537.9507577707823 383.03788432014676 972.3973986806856
1640.9878072760173 1446.0262764539332 1347.301512796068
650.9940302808988 1401.4355497941333 1315.1210372835353
573.8039341451413 732.5695094138123 736.4942611543004
1269.3340566478016 303.45987580700637 1036.7893956066882
826.3583643279464 1084.2993789773582 856.8169114819839
730.0658356692306 1952.7264719586876 123.9873460132449
1854.7040754734828 270.1868040839037 992.8756819587551
1173.5539373925787 786.8791946402305 1066.2840723871273
1340.1147918688507 33.04097601507783 962.3225578715915
283.48659427598875 373.35372497519904 1091.3339016192185
787.0012140154201 1925.816688312267 79.50215766353242
479.1986657804621 924.0689228035587 467.39428541328846
711.9728640234304 1723.5576292151566 682.1505801080169
577.8501999327191 318.8921287379844 682.8943172066366
1792.44292422277 56.49501593113904 1190.0912134930102
646.2630471811897 1941.765236762976 1094.1413931783775
358.93018593816726 1603.1264662245608 560.7394757741229
439.6071347762678 1149.8393927308607 288.58486090584057
677.0899381787068 924.77293776145 530.089970018799
152.95456660273587 1007.6858953194667 1144.1959683508042
1671.3713983698958 1349.6454210351797 816.6153784828215
926.1653597003872 784.0561397995014 191.3994964513393
1402.1548060454602 873.6603396028511 162.388488990926
417.47921419167454 1486.1588977340525 558.0494889476627
1847.0687386658587 70.53365882259754 1435.5504578402442
156.42949882392742 1139.321752586238 376.2170491248258
1811.787607516207 44.82285464267943 92.19244382323089
1543.2315800191402 799.6358773105387 1211.0155458988681
877.5329730841283 1181.7570398698376 140.16899622423483
1879.4797740769093 1968.5643926707519 492.98521960276236
1290.3763363725668 1398.9104056036342 1081.5284973633873
1463.5321957475103 913.6192134585901 1156.4285077839445
503.2672910808127 1093.3084615716411 483.12419297917194
1856.349898915549 1709.781795039925 684.2239396491658
1958.3235513960806 1704.6888327742552 355.64750693398565
161.10903792827625 626.7356636290642 140.7688494398591
1251.2174300433876 1778.7241671331094 870.6158660465235
855.4384471866763 69.61700902826063 789.5130491191537
1862.1023439013547 1648.2434217697744 706.5833243832296
212.5128442135824 849.5869494366475 83.74552792714057
1185.436723175301 138.18868737064082 259.4024254374548
167.29470209639152 1382.7114702908311 784.9488721725755
1228.9490275155492 782.1415727658833 7.77435931456777
109.09297110819227 150.0843769060809 1032.7696847678292
360.4907992430044 894.8051193281854 907.8892908947049
548.498909452181 1638.1464714630647 1494.4196015797381
1957.5412696202993 6.810094217246654 121.52521504595165
84.25847930234576 699.2093148884204 732.3852272774036
1954.082661123263 1603.5354799046286 781.2991510645121
1722.06711822909 1052.8153059983802 391.53031890006105
705.7273938576354 1934.4547674710868 889.7689020061142
1928.9817572088843 616.0723401841308 1092.2636385556345
1787.3524778754954 1312.9970394213567 1285.4089425942543
840.884747658005 1822.9658843251284 791.5446921125582
265.0937832189069 731.8130359100978 412.60859563700734
905.8099758777156 910.2056845308446 933.2194802753647
1633.7982793790293 653.4550790112586 1385.9423634006812
996.3590635042734 420.5155348503289 209.94505397540746
867.8225121452294 638.1751568373173 1106.2191014305652
1641.7651093340592 1318.6575874617192 1132.1770323217445
146.42313414949172 481.93367545996034 315.2776933843205
53.224036240297366 314.7068026166122 36.91153939599518
1165.1563474745717 458.20434454783276 329.70231472279175
605.4532463975966 613.0998658763074 1195.0678395263335
1072.3824325112844 1446.349690712493 501.6665003345617
38.13136287166729 1342.7724530743321 191.70269949287427
1335.9564804746897 1630.5530837485585 265.69999956518467
1838.5571331969634 1722.8416505903963 147.487508533771
1858.6515769740827 1395.3634659091251 1240.553034948747
248.23185471894837 903.9202398579156 692.7377437960192
584.9627446005876 919.7140165994734 1094.3705450847629
1724.6051693479592 514.4701804293759 858.7822439982161
1644.272778981451 1775.8230518393802 1081.7127596133853
387.8840039570146 1709.9887403170037 333.6807163091394
1499.4413749803093 594.2451260859323 1347.1238739219536
464.5003306336499 1453.0565043990562 1042.201536234483
1804.3235678180424 231.47233726058514 1463.5185156011873
1460.7426229251078 327.15167546839876 894.2729074674056
614.8007442608246 598.1845513490238 600.7940178072201
1500.1955156547933 1395.3134237623958 174.32969491149785
1803.1792201134276 367.56877429949975 534.3245225615794
1949.4277145489284 391.23430404341764 451.58260524640485
1136.4151647549843 1220.457050286238 1136.5180796956179
1584.903210561517 801.4061288790497 1127.0246465473385
1169.1109836622602 294.82386271565053 728.2496779225174
1600.2408049590383 728.4861986027746 1172.6857409015267
891.323675894867 664.5027834497064 989.1852044872655
1550.3826298977135 1983.125252116483 564.1212622536406
1740.7529218643197 1176.5856556980748 953.932531533096
1183.6227041166346 1423.1927269811742 1356.6999486776242
834.8126392357726 866.1806873015765 261.56122570612166
1191.7999148122228 214.20896413620594 602.5170421471669
1203.9069152729342 1444.2394640961281 425.2036902047166
1122.7718828743057 194.56245709285724 1045.5099826247263
392.5043732738496 1876.0320180371655 689.8749668214936
901.3811427475536 1245.7091860300502 1210.9704310698426
1394.9449083375614 1133.3042316875112 1148.6485071810466
124.87683350795508 1053.8895590274915 1151.2170510364376
235.3476405543511 1208.8907924249079 434.37887576176166
1385.2693826642105 11.674981410307428 916.1323943883082
298.2402119535952 1091.1906631464892 299.5504728488617
1020.6652718740405 1259.9459940819222 916.169602397685
1783.760864657007 46.06349289669009 806.8393712248339
67.3480301303655 518.2445263357005 809.1666940139896
1404.1319654988652 1938.8661920832674 542.3687157460989
1006.8977086198971 61.90573864135263 1422.1551727186725
1228.1021256694053 1801.5514541303248 1445.8566605401147
921.7487784588607 1920.7704786416266 220.92633778751025
1758.5827353732311 532.6142856148965 128.49918953916338
1003.2443766806985 1847.5093181411787 772.2014081644303
1932.0449552610798 1807.6224928565057 636.1643587925936
299.62346767958616 1673.2292667286868 75.37810783178428
27.100240816626986 1656.227776279167 1157.8178782633913
1115.3114104330693 1024.6650652731091 81.61056759717201
13.024091693588868 1997.4068063612267 1253.1275515027928
1016.4409516277885 1695.7196158510505 1102.9729223181466
571.7536304686239 81.11858055164278 828.4505485902592
32.74166675043322 644.6814454783489 890.1045238242001
1348.715621323526 1443.5314920590063 704.148780890962
1676.4980293220285 1821.9393725482948 1424.1572231790465
294.0910609167018 1247.6351736925717 747.5738494309757
850.1612455372698 1240.1734178354563 899.5232639281032
1543.4879446503635 302.36088435256204 1407.822371096449
1786.0184559141537 167.4980775436683 848.9878193776059
435.29216234864475 1936.1676723348926 1111.441953508079
948.4361645959065 916.4846317449959 841.4161098612694
64.47282384301434 121.0495262024609 643.1930430773966
273.075807510319 1969.5558203893927 763.2259797020756
1583.0515966233424 1159.1862108128553 349.7624149853594
1635.750138925017 1991.2460147366312 1488.1310550257565
994.5238259505462 605.8552144164369 658.134468796909
819.8006402863978 870.6483781388863 92.38357538191522
1065.1823224255293 655.1389790897904 1490.488034087855
1955.995691505426 1365.6897974355984 237.89982684614287
1333.3596233208189 1284.5449605201268 768.9800859151514
1238.7320397293204 1590.3130936858536 463.9850035692225
695.7030911446485 1260.3297167667447 1250.508824147146
338.6625579841769 1305.0588927406898 302.75205432586836
1349.85099365019 1889.518680694905 876.9984481988707
726.593694086386 691.0467835098368 23.535333977683482
1192.4329748868988 252.7175353862825 236.43852090290358
117.1282365287678 1839.0831632575362 1243.5443662980408
1700.6610607282976 899.7188144704056 146.98667958319606
1389.381758831406 1476.518797874543 386.35327701810843
971.4441707760743 1461.0467602169758 240.92302021877316
1687.7287726917089 554.4841195674943 738.3280615892074
1340.090050970538 1238.3307043086902 1434.5397539618066
1334.9356202212375 587.6415229859795 441.66889590475824
1755.4896289209296 27.255661549796972 1433.820797423457
1995.3527746968514 435.82510223042516 390.02286395252014
1614.667287795236 893.396548740034 44.149570866750196
920.4819108417798 1781.6516326879387 1463.3208244859788
1470.339211931569 530.6958385002123 1099.9488871760825
1279.3651798919116 1918.153373668354 287.5981351100057
157.95310772734416 1863.2234142945804 283.63524100719167
870.2738375613193 977.813380923377 1005.887898656385
1176.1622002445881 572.9173263832623 837.4025320128477
1102.99665717408 1454.976263462408 953.7961315228127
1805.9508421477412 1096.5326379442822 623.3341599789511
993.9044541667024 770.9263124992488 840.1218923725936
869.6021346770848 600.8203589898015 120.25264579634526
1007.8662249083619 1854.9405513997408 1163.8227315534468
859.3460100935581 743.1143947512493 620.3184029119158
1079.3382615370022 992.5141613363409 226.32847633647074
1449.305250126772 149.06672861320723 876.3390887755421
408.0942520768922 117.39174639362982 356.5336423492961
1584.5411620068944 975.193916592975 1433.2563533638067
30.968838237095177 1991.5132860520062 413.73410742564437
561.7230887883873 862.0856015022617 1128.110500725882
1035.7603107915907 217.4794142887284 707.1660318449984
1746.5537714357938 1755.5857177618686 1047.9288393025986
389.8848147975507 1180.6870554491175 1037.9100722178082
1888.0301241015766 378.3352881176012 1175.9142330777368
1971.294666930527 1459.4424088410028 1291.7089756017424
73.84558442988597 818.414188636573 857.7233636245511
1476.9624468482916 1304.6330501454509 114.59964107249748
624.7344440949121 435.2945630678549 44.33109629447285
1776.0541850218915 1177.7020725379402 89.24095447923509
875.4764791667411 1473.2052343516893 439.71098815447016
957.1017304485069 1993.9276710480765 1001.2139455862258
548.8328352168468 525.7121098558042 1207.9663875258727
1371.9009954993085 421.5619413986973 929.6721748441839
192.89960925537076 716.613266975559 1023.1245652761953
1856.031792290187 163.5722315527215 1141.6602173383844
467.917391605871 61.263475081318134 1147.0127397661233
1496.9401098903081 805.2560484468472 654.8368997473376
1370.3203541158164 1668.851256436826 1345.3512555402287
629.8135881717878 914.0290549822221 1292.923587357706
712.5649884441369 1407.553644494878 302.47675067250844
551.0891634481767 29.641132062285802 1322.493179713552
769.5366511865731 1438.758408695807 145.46480631141588
1800.59949622612 8.971485639560406 555.2001844161099
5.825613287872233 465.38010882746516 126.29317020154329
873.0815174755504 782.712755338016 747.4848275126801
1830.4378636574625 1004.4699280936036 1332.9444131100536
720.0945531939227 734.0128642977575 236.77341081447923
686.143651133925 75.49333507034083 862.6674212591855
1100.7249936965618 273.62423750688805 317.4625294184383
1705.6058057833363 1146.550713324786 1452.285078111715
306.99554689379016 268.06005430437983 467.25599366603547
1981.9594366073068 1989.311368512535 851.070311199338
1609.5016232089033 1051.2321778356402 457.9613010219914
1834.2094425565372 1061.518983958731 1383.1889789247937
1137.3691641588207 1825.9287181958737 1259.4566973105177
479.79904635692037 1733.0307193688898 699.7279435487956
67.8616835295267 152.10064828524094 294.9703072434854
920.2159473100145 1199.0066859406754 515.9520207482224
1366.2289256864408 1111.0771235564453 460.5950843855381
1982.0916010661851 721.3124625449033 911.748948577451
1149.4337751025778 394.31499289261706 1069.0068760809659
863.9412162524991 448.04438049455376 733.1221098656763
652.5463318776867 1097.2415087286013 1342.064351799015
1568.4416452550447 1193.2265526728368 1070.236787739855
1704.2166772208275 1884.7897743025378 69.9785078011998
608.1238799270154 948.5117787553248 1310.5872824765288
1344.8888274914002 305.2585671957135 1275.0442914257562
1794.841051822435 1034.9395550068532 43.831252587276936
1235.9803678840926 615.024998646005 128.48253765949192
894.057297630826 533.5574600431507 1081.589269248795
809.1370401454128 917.6453202003037 983.6851009053869
1660.8416531445755 1679.6604214267477 857.5654415271276
1690.177059732617 788.096892306855 812.1790877958182
821.6691061525179 328.3444816960888 1490.8642041233206
994.2913374882978 1167.4297490113322 695.96175097374
400.03322578631526 967.9405350985612 197.0458005260104
1105.081102689442 1395.75113631866 1332.27016275973
1362.161064655957 1043.2474731176421 449.8444681978857
851.2916605773457 1097.323318838383 848.4435233538937
1717.8115474289566 459.86700185190244 18.28087828878422
1286.7343700641077 1801.0461117083212 1322.966043790803
1572.704308499423 414.154360628489 933.6978816499237
645.9176112118805 1091.1366696325579 39.45789174262604
240.9214202991663 728.3651794640293 275.4243606525736
272.4944237945712 584.8700550573108 1375.110867212276
343.62680888136344 1947.6536254227974 1232.233575298914
163.92370874732708 93.80597730873474 150.0003125706693
462.0164303446661 180.99142184997686 653.5211042646827
511.7472922655006 77.86528476610921 1465.1861238183974
860.4923593792669 343.2204238030203 782.2615426849345
521.6664293827638 907.2489072655643 155.2837170760064
1577.4249971212676 1872.9120154816578 1101.2643142568913
37.6777658586418 1806.216403885898 1285.4680781945947
457.62542957746666 1472.1747956914091 1240.6480489956564
1984.5447308837324 326.43459417277995 640.8977300664161
823.3876762853333 1874.9713176213315 1163.9910415150234
1530.7219219410463 878.1926235116022 591.3886301643641
1376.883057009277 655.5051501872853 1322.2035218364333
825.5994578750043 1335.6939441310449 923.4156561559954
1419.9590667356815 911.9421849339512 1263.4683719589714
384.11768681727267 1619.1044991877006 846.0090117754496
315.97984663743705 533.3593357791555 1096.4388158204445
1151.0401977000358 970.8529053570701 1418.5882997226959
1563.1468620965543 1118.6440952604926 1048.0606304708435
78.41206820031465 899.0998904105207 716.5818911124164
1395.7127633948335 1124.3593811147541 827.8096871011134
1784.5122184508998 748.3472227588228 1161.5245937152315
415.24341226496375 1998.209581510857 1243.109924129447
1822.7520955477253 483.4908624663028 885.7061357002449
210.34194630130608 369.73260942121124 732.7069440293135
160.28359466961084 39.52639782735501 663.1109030332292
758.1318184283222 95.24297368779754 288.5135916952307
800.0040959367476 937.1753696285525 245.2671503117722
1333.1351169651223 1873.1091185998068 1331.0950761304312
877.3733978619321 341.10955017126577 344.18754411821953
1878.4067271109677 843.2943769385162 898.8485363613614
1229.6034267720627 151.75791978806052 34.900594037931
1767.495649428178 868.4051507596387 147.98658649943442
234.45943127996705 754.6834011860242 477.3753001409235
33.90622624113582 1584.3811557737424 475.2720940722319
798.7890776660172 682.9214176880969 986.7943420844856
288.5546155079224 1651.3903812943042 806.4416217327456
1280.726012766698 1335.1740450133188 1409.7198565618512
41.26370744449015 854.6125953434456 1244.9058623833087
892.272760378151 1029.788987981617 518.0173798239013
1853.4118848890037 930.1245993731695 972.51240717281
1011.0067576674076 458.8174342670321 903.2884033609354
1694.3077702781247 1974.8365812168893 1381.596633773309
311.4953795554507 1764.903549922078 335.0551526122769
527.5324939034707 1067.4064094825662 337.8527449577249
339.36097756077464 1091.84178371677 391.826284212279
1408.8885857135715 1044.5135887613078 898.489862175939
1669.6642436445172 1625.2196678829666 861.0567128370582
317.0150650857739 1896.7834351564877 1487.199164433341
1781.8588569309527 379.6433396234753 258.86232538418307
529.3589554304981 1044.6010683075544 1185.9974775566684
124.63255249103189 1924.7701557795697 1270.7452781808945
1168.9875587942283 1551.4353471589825 1478.4344958494773
1466.827928581723 1321.948031969176 207.3317281105047
1886.6023295464088 1650.516908384589 993.6479185561437
1146.2163130382414 1721.4489479464853 691.6836489195651
791.7139830117876 423.8081787055046 625.7492908312856
1177.8506668832142 895.9867060399673 729.7603816523034
802.8008445788877 1702.8611482929275 375.80358493898206
212.49122196851843 1706.8894326734667 1082.175197538362
375.05690634538547 527.2879176207006 312.58843451864095
1543.060900271747 1008.3832960704466 1016.8363016333193
294.85027847276825 422.0053692114736 617.2514195104515
1565.7399893172096 1032.2245434384217 1290.4828024495912
934.0660325094354 937.0431763716099 1290.0505023119158
806.884726019418 1297.733597176623 1303.9232910210324
1179.1733661256308 1640.6825479249487 1312.6002924013058
897.629729152733 1203.6230625595415 430.7061433797006
1728.7462117069497 484.92504477481924 193.82100274090124
1023.6368183784646 1982.1869866929303 930.893596894703
1086.5508366980941 267.5065740584843 525.333593159272
899.4968515863955 1061.9304813233643 469.29567704506206
1159.3890142877826 1387.0973098085888 1144.5398732098315
1775.152991115838 859.5547599763305 748.556482344699
920.373871871792 1429.8451961791388 295.4262686253206
1671.756469168513 1861.391463493305 1497.2257082649649
1694.7982172026002 465.6721929112613 89.41462901500236
1368.3414326854634 1828.9228401879172 810.4888778505874
1770.064277939424 166.67328837379182 1483.744463935594
1126.227717811472 654.4157878473953 1029.9597362886832
1630.1654366923824 167.79845992907715 1038.35992762927
290.79035468272576 1738.8712154881591 13.433090073510456
1468.267817384827 702.8049820306903 1409.7546691125806
849.2338941078239 1682.5057692544165 444.88671942278086
971.9723336164448 1354.146932168074 1485.890732619423
738.6741452255487 520.1849956463201 913.5675802067378
1329.7288296223583 1306.774923714948 500.4498653895254
1705.0244528816756 905.6037198561346 693.3625987452859
566.8828613395234 670.3258166947356 571.7889897720531
100.27848856930444 242.56603495525053 1182.5285780336005
119.26604259731333 1079.7099970510535 173.57191575126464
1082.6079546030546 53.05773567771399 154.8942552126401
734.8597531083507 1189.2403761320486 554.0118386351538
1385.109478185965 1912.2184943019515 1267.3480180177264
324.45402686462234 1839.7064240408042 1031.3596636326836
1896.44681229765 1072.523935339231 834.9469600873302
611.0855446585473 1455.8475730052294 694.8227983271726
1686.2037819277693 1388.2566402327434 240.45334233126593
1941.3394477930233 1313.8550838965427 688.7292317149212
1476.3402825610185 695.9985076005572 435.37515057382956
261.10976675285127 504.2747839614492 1050.1632714471696
126.83794320275155 1756.9046926625574 910.9238073410976
1266.7249508682485 1295.1488640602374 293.11982164372057
322.03948430170203 517.249917257558 526.5242763476685
1670.805194832443 41.985238088424694 807.2008436276598
1985.8562931074914 1118.9463646431782 3.139719670021357
555.1362374135811 1573.1998088136552 59.71006195627776
147.07775511863042 918.122545720369 1372.9577101426478
1129.3451188190422 1990.5505013771767 1434.5252838618176
240.27689504536042 364.55434246610196 254.98475988436292
828.8173881382945 848.0552940477921 32.381003275950945
153.0440302569507 307.78792595062043 1497.2674752487526
1548.7109045000423 1709.4145260378627 791.8245198063358
1704.450251911556 1294.8872000011486 291.82093961930315
590.5908979960948 1420.396607718597 193.03319617658266
511.9357026685907 1782.8865644307693 575.3035331024706
76.31595072485963 1612.476148833605 404.990355619926
996.4210192670548 1407.9839681598817 1138.054102183376
555.7312628364217 30.57911518385903 943.3018701096946
639.0285161142932 1227.2084882085167 1060.947869679589
1967.7791001505084 983.007052917457 1058.7449855321288
781.2407805673671 1679.3661430264192 875.3249106360754
1428.6363565897502 1642.4406768873837 470.35823503671855
1253.789942750555 1737.4174388092945 592.8356296548862
1173.4221580719925 682.6752765081296 59.72347523036353
431.89027959375335 1290.5097542900749 847.9269709369585
1786.9815345907061 612.2311776004918 1284.2528009013708
23.488911724618422 295.6180669502908 1115.9101206869543
939.0525119971205 1310.1767398677525 1217.7944584239613
1309.157148556565 1693.694371873102 552.4183148655844
1474.1742592818005 1598.6266270301549 387.8683950215344
1129.5045925061402 1078.1951008826788 1085.1403547689492
663.6757888275531 107.048455183131 1123.7020287122662
160.1437394943013 626.6141905139777 1142.2593881699743
1648.6421076494717 1031.5945770482792 956.0943918125347
1440.6016309362128 97.2323143624776 992.6775934114871
291.66204162066566 151.61789097970944 1299.9900444694385
1400.5365991541262 1948.9603729456273 1419.5243092014111
1423.013655079654 1883.2131998943014 187.4569943819861
496.2212365521219 1681.2692602410104 905.7622548452649
686.5239036310462 206.96121508686895 287.168868574948
182.6532491342774 1809.1380535694425 179.08798600471616
920.6147836560932 1878.9083321243725 439.9051332495143
1149.7760228327106 1864.8392253554478 666.8904786143559
336.9599350601438 1073.8043715178358 497.87233461416827
1550.2004282102241 511.6665153383442 756.5495165611387
473.4922139968962 1692.5436814951506 1360.8808289174056
228.9165199812404 103.80243340547457 1246.882700776059
292.820400750033 702.3065393525765 629.5981017462921
1868.7154526601578 475.87706835427633 1152.1844677525266
613.2943013757294 1539.2242747492505 1094.0205815467918
1735.7326879782015 1547.5305662430542 738.1088215909342
176.66944077099834 1410.7271468333681 916.9081848812126
1432.446229251602 1728.7418468927717 407.7936180763157
443.6687911135544 1825.9927785463049 116.17115237828446
30.84781746287235 1031.7416736747887 23.645401785460763
419.6549709838104 1922.9224913493392 485.18414360368524
853.044275680835 1745.0077690055964 1445.0112007565338
877.1851068467366 1493.2021211717506 716.6087338228767
1372.9141702554018 55.135640369161635 1383.4824590385854
1739.1238550467958 602.5601203478552 1485.6840852882763
114.06874765411246 1203.1580021976679 50.437112999315524
604.7960769750438 1650.9405585432648 474.69111766568994
1991.8588344679035 360.1326897875863 1464.4809224812832
499.4242808848457 1550.3211392677147 885.9872273715406
658.8979390770688 1566.9626454980635 385.17878061900774
1765.2013239258276 1477.2308082013892 733.2306565229064
508.75495812990977 1836.42705695102 1363.6303203523523
1910.4498642799413 1564.354008184445 587.0221026026976
577.6415638524941 346.4212211581961 1226.495044747336
1615.7510834486955 1065.1056491702113 617.7757028930763
1852.0635727641427 1204.5582025259628 1182.8475342416755
1872.8833098129858 1360.1523797631269 650.3738042878501
41.50311565149822 1698.5631813630127 711.9783440851073
1212.5345632535718 1280.701103515275 433.54827897244377
1820.2503748328274 1828.2049163368663 269.61752669949067
1708.6038851342526 1569.948834156447 167.22495325925445
1564.507416820387 876.2599115624495 1021.8837236768942
1475.3884616203866 1437.8831557085136 189.1463541359953
68.37352618918291 307.32563097480426 771.4946730203972
301.546199973266 188.47659714988586 995.6234062920117
60.91723725812148 1757.9695354376345 502.097627601076
989.1288109565788 325.7341909622582 776.7556587757213
1654.9227380737834 776.9980119382294 1028.4072867048367
227.3806555535267 1334.8157794173205 301.59418303555094
1744.3648379629283 1612.1655083874125 254.1174756177504
1611.3919652208149 197.4229518668247 370.8016141931175
913.9068544737983 1123.492568664805 52.29534050451179
1100.3387952646895 389.997313771572 87.84557322061725
1811.5454364302025 1844.3453480086648 649.1982558426504
967.5779263436685 1395.408742937072 366.91258999064655
994.4007681927174 1719.3911734280537 1443.712727804481
1567.5558983748538 929.8038748282112 428.23826929697435
540.3107737877224 1972.6471691481718 58.29430537242742
1474.4788939053349 52.30659699179863 1405.9116827715136
367.24392568418506 652.8941575946003 759.6683550221217
889.547872223867 1636.733783367992 1083.9478492207124
719.9030567579716 567.5102099975176 51.079415389182145
1759.9307448175791 916.6508363755808 543.4754836896531
878.1475544528934 602.9742127672681 1314.9713647294927
1679.9246765411638 1292.3256735034245 36.544992864571526
683.7094643958146 1594.1920801290735 216.45796401124727
1803.6074763884458 1210.2803291749426 598.9384942248412
798.3076254290082 1593.7830709855361 1472.0820707693504
155.41695517287678 132.18049273559384 1264.7935624517427
1757.405194865421 1166.6423754273835 1329.7009852831156
1086.8168986201267 1954.7508375702573 551.404291419616
1677.5320587398926 941.8354795867818 1054.6884728219734
1720.7140263778272 1959.2385269319077 397.5798645578396
1663.8105982388702 934.1768450136403 923.8231474768183
820.079366952719 1732.4539184395735 1358.6315598148221
785.2591566278593 1495.1029510603673 1079.5702432768694
1006.6723766535719 1947.2070908371436 114.5611336303472
1588.9048305128354 458.97838791548384 590.3596825550821
48.74827026819561 1491.6260066080208 386.3698277775582
736.165505355481 1929.8476313343426 164.2458795862632
1296.6322366272082 1357.9187939418377 146.7019969252295
1939.2219386472716 261.6346936864065 1234.8669295753805
982.7954884207151 1068.3417858405987 330.16218069280103
314.57634658324474 972.6159489252638 1221.699270450725
1281.6166085413117 820.2710088139033 991.7277111447797
876.4215476785362 1296.670644779543 1313.131411299125
1592.3738014896853 1683.5608710336082 831.8921532087109
1479.971189598767 1486.8403269434862 837.885324281422
87.22477827197994 515.3207279403373 791.3157399888271
881.1095371355046 79.36261382771926 738.3836736228662
1778.5636188705987 774.9800553419107 105.32708815767717
1932.024447543318 1463.9707227532151 1483.647218873267
1156.1190705931208 1283.4547344854307 76.05033139572315
87.98015484986065 642.3230468410137 86.9363307063058
288.02077987192564 1297.4064411564182 237.73173731277197
405.5914058490868 1313.3745308904522 769.5910449224991
1597.6888638221592 732.5062942831432 509.9492131105532
1762.7866600690688 981.0337271099426 1324.1557270832318
441.5788755666199 1856.0007375464168 1122.24820392812
80.39676744600666 204.10339203028772 1375.5230026507706
1432.0555400518476 818.1892889877261 423.4024854311795
351.41714817653605 1261.6007017796119 842.7527846805459
1272.8836057240496 1075.8869943755124 558.6640285015453
219.47118634548124 1623.6427979059608 77.52039651182064
612.1139107931846 125.78732077529176 564.6850841075727
576.2118504751228 1342.1602179104832 1136.6845453054389
1259.2583924234418 468.12423590267315 642.2207155738475
257.8835639988279 562.3900226672391 990.505974441345
794.3215791565912 1092.6881560558097 1096.0406634118913
794.5764448627389 651.471506232626 976.6080019401775
234.69496744545236 655.8571238213316 645.5483455962982
642.1365903478597 1527.8171424500417 851.0001509528923
47.45031785919607 1067.7604424310139 668.8456622480726
1998.8216112460293 381.4033543732018 631.7740747778746
142.37703532562372 1253.4561211958564 121.49620691141372
867.054873957741 1875.4275981691494 336.7174949800724
352.0845727680313 836.5085938827475 968.5383529789981
1137.8918123406102 500.4931798723369 105.13532629865641
1216.0769052323324 1133.8480023493898 950.665175195058
1035.7768245804964 1667.1316044325642 1342.0158196780635
317.0215535965883 440.9387549186483 1201.468716672154
1092.8933425404607 1041.044845810361 486.3298620751839
1232.288068385253 547.5699469625716 1121.5323741270947
546.892077131591 1016.2961024948436 1349.9497570095557
1452.8861625663817 1758.8080654107034 716.8447045912001
1368.6328542106323 1023.4110295285739 1066.7668268241703
301.601681015514 1218.4824406779644 1154.8369515115548
1800.5314049491994 1241.7062166525263 408.490964342262
1664.7965228581847 335.1615396544907 1190.850302400669
898.3643943317887 232.30846247956148 566.8667486737052
936.3680679577069 1653.6719369518128 3.4144190347150105
152.79078252884503 347.0773945918664 937.7429498311204
450.1138443433186 1498.3580807552505 742.5829759015412
374.7598216147685 987.3797026246353 110.31841200083348
1373.9122305352628 1015.456049519585 1122.1439521901834
40.998001138077726 690.4233381790608 1327.2940808135522
1323.7277530622828 1063.0534464636535 925.754840712657
1489.2369252515416 234.0390183968415 1038.6942512698906
1376.6812444778907 481.93386443927744 1056.0762186467998
1004.4622275346611 5.889424217391692 1048.152756929474
1612.6777326148735 227.2072790651378 255.39766323106883
1180.973341352049 1926.522766161813 1132.0049727715111
1877.3231215096644 426.64461881126647 1089.2310174314343
1713.9234588281765 1646.729832987422 390.66340115818093
110.4977439988295 424.4046044198144 348.61135635853066
792.0261551812655 234.83385103546618 1052.225650473006
1691.406296984658 542.4954504561215 292.9505834884564
1472.2638234086849 1685.1185070346733 492.81549881929783
259.8686676160775 1305.49017546885 1440.2127516814046
914.4525628572704 985.6462231634613 927.324951753005
1040.7397982991226 1598.6146386213197 109.86482836201999
352.1762980126626 359.3941332605946 489.9127130048668
491.1010636062103 278.9758729880849 963.9648999187643
1330.0145853899828 60.75327329102498 1416.0989645644888
894.26700695448 1292.2206124225297 326.540270418308
246.91870344761614 807.5669999630684 185.93263043911355
1920.6463454744803 550.1229499454179 1065.811194174391
914.6185323672406 258.7899585097728 1216.1915090050563
1525.0664733219282 1845.6435380035973 635.9828413700004
1820.3344579322186 1411.6912350017478 301.176888013151
1298.1973377376148 872.9932208402587 738.7957700979075
1164.576306160647 1827.4726454427494 703.5102947218744
319.37301147702277 1448.7454466950646 799.9210337599471
438.0674571908871 1037.1967739481458 877.9835031778133
383.7217340181194 1281.588788260695 1020.6022020751261
752.1881184984904 1556.4809106814425 1063.8716941785199
1165.0567637476747 791.1972857641591 260.8852987676053
475.84763984082645 167.33477077030633 88.89978318486786
758.6311363826999 389.2637958463252 1285.0049830694481
1463.7482271603985 999.4882734015174 727.68831110636
810.7308863735587 1120.4549117214515 31.46192914782775
591.5381103638455 1314.6233027615224 1085.9776878498494
185.42050607215964 1010.6265891243793 1490.1399991791477
1337.9102299489318 342.0485354797182 619.4450515102756
352.6167655812291 399.61288321565405 161.64356816817704
143.40444343071024 941.7157752274263 9.06075776700721
1984.8855380285552 1711.9906070689583 742.1796564528883
1313.637093650529 629.253083580603 969.7584186262766
1683.9251093526957 1990.856772177726 1427.1208862585804
857.4490786156637 1828.5549732744475 1024.4715032713418
1926.992182953749 1337.8835793961664 1289.2283772235528
1683.9447724304748 1934.076578939583 24.773772659178796
414.14331976947085 1570.1003041715167 256.74129607196005
1915.5268602424621 1787.5723500968531 1461.5988631492137
1575.0950947476454 1856.8383687273183 95.61917027333122
50.424431113106124 1003.6115368415035 1406.7142605738152
452.9454300082052 1912.4062384589197 1207.2413395470091
1976.0574588307875 1414.1098513879517 1308.2439845301876
1464.1409459962865 1375.2124230130212 1423.6991465036142
46.970686807344954 597.4334898593754 1455.472153081702
1078.2736398447669 590.6173147529552 653.9794118727398
1678.765141306268 1446.7369149344506 384.9629460998299
1602.6236463157554 328.42147237577103 708.4801021051233
1897.9669776875376 1103.66466269862 385.4989727376302
14.063495186184216 983.4400864932746 1297.600788250703
296.15063294668454 186.16936275404282 1035.9053095322295
20.69328535603754 54.56007642384186 485.5967519738285
1219.051607195425 595.5810652351882 246.84450022151867
1442.5446295380946 91.99483215230498 809.6937663398935
1837.7642778652612 715.9621885055205 560.4894364456467
472.7354164339297 1864.8088284343808 1235.1116158888865
559.2181608224804 46.03024718934145 1268.5024725854776
739.8048564791267 1653.1552843112365 1371.1088192947125
371.59011592287715 1155.721411339681 1219.4039057392877
442.51824655277994 1793.5442808620633 298.5621867564296
1681.8502980136993 1593.0616816034067 1308.1829499078458
657.4454236217205 1177.1267677419435 401.0252959697232
1568.639496179526 260.4997652331893 730.2705321875621
880.4811129896049 588.7656028967898 961.4343769624054
432.1223106719461 857.226440804238 410.7027138274115
1846.609169712627 824.4117647595004 642.0171945151932
1840.5721288213401 1880.3046187034838 1095.0599265300016
1362.1915605954655 618.4394315688369 359.5432112949401
1940.78583446458 401.84294542418206 189.91607371071916
217.98956056153673 965.9312123153487 145.25906165676926
752.583936078004 1777.2220119958265 100.58131319792484
1174.8817057753618 674.8092427563355 942.7480544457885
663.580247498806 684.3538475511671 281.9808945290047
1994.5729157533453 760.8332875849339 696.2576999411085
1086.8997892824175 317.30854808159114 160.88176172129482
529.151704236386 86.07121628059033 1183.7240232929626
1350.4293025799698 1441.422359869498 513.9424556077887
1081.4319596897706 911.3142814949999 518.9437951452784
897.1815321456322 625.4559567612281 1290.3511737647652
1897.4661007243842 902.3714191219472 830.8741796883303
894.088368486526 1273.1407213683071 1184.1878966937122
1201.5521677653242 331.77065805087705 99.9165635819162
29.249411226359268 1608.7923216967097 25.491068871670798
337.7753732132667 317.09230325197615 508.87187158917567
1306.958169198071 488.3751135123777 986.9511698810634
690.4997803040587 23.659144556319234 1103.223162017415
33.199907279021005 449.3185464111102 521.7682660595937
1941.9910542628181 1879.537022807927 1177.3599614505206
1521.6352856617004 1147.5384567266847 867.021899913318
1670.9825664037028 1601.7246867308781 1486.7247192058105
177.13994061954085 1341.9921789468542 586.4163868001289
1270.7125532108582 1667.459456644524 166.2959278034099
471.82985463047265 324.1929319706405 483.426405357413
1371.4452914505212 451.0010368727952 410.9169194566341
53.40253150410179 503.073327003841 327.5911106583436
63.058673926296606 1824.120587359714 726.4234246084667
1041.1036005544076 231.60377539512723 1399.6110296271831
1667.0101599357954 1765.1330284239739 1130.9481467171847
807.0995251598845 1000.8992342387705 925.7247588861001
1418.4200965974048 1735.151193856337 792.0721551522778
1224.844564081542 1362.6468931560314 374.1493438791761
162.33666569468141 553.5531570987911 70.55078139497911
90.60864647863286 1816.8455376653603 63.24379228492555
1719.9081451744698 78.1023573251105 249.15917690227514
291.4396696906496 1454.2761443380903 888.6130021500957
436.0626227358382 1360.5355559729735 596.0727148939592
1976.3122702890475 1705.7009720873878 90.38166806122972
1058.1284590362613 697.2302816223204 1287.7488647209284
723.6786874764116 162.198026849262 852.3090370168364
1816.4859236613495 1348.2967948800554 34.306445665262586
1297.245690039767 1134.449241255357 208.88126476697715
1175.355618211396 790.3503437113313 1161.6450075046714
1358.108922967441 241.92949268652853 247.36867664114337
990.8742725811978 1721.7084636568252 636.8227614436258
1031.602336831355 1982.1884660726398 45.02999390594098
1114.0421469181217 334.996424434475 519.8978801539031
698.0922485923478 526.8177616077603 603.1528756864268
1710.9700823549388 1027.3758570172247 389.91109230806126
198.00298228573166 248.0040479541481 1244.2138023190366
1988.5792010844796 265.2400004951785 355.1851639228302
1789.870510185015 1232.8543772420023 902.2510352228836
100.272101307175 1089.3528492795615 342.8219383093505
449.5704318017868 555.5515242850289 157.46724982985117
1409.7928439962795 453.0553524842973 1391.1357437096324
281.2355983216368 1058.8881689345449 345.8485638394426
1047.2509660109417 1149.5643708476903 302.8590914017805
335.301698589362 1077.1790896569535 152.3127775155087
1155.6176397126362 1331.017576630328 393.71604592979463
78.67437059898475 481.3499269897101 701.7931048275497
1141.3603846092208 1333.2469698133893 953.6065178825173
934.5229836968663 1743.9443540077623 376.96648606227376
855.298333833751 199.84695488717242 532.4080420136827
98.60103259919195 1279.8862590552949 1404.6363052747313
662.2818473159062 368.6078761911744 17.172499297059886
1138.190152499895 741.0799512640896 980.5945347379392
346.49331695740204 199.25170024284554 1028.284932737295
925.9209321656499 337.98557915395634 287.5071517563501
718.7394008506809 524.4872889636412 928.6400820253284
985.249166899423 1448.2328160385803 335.7445200678558
1500.8647399458323 1359.6176752835022 1102.7972940027257
920.8125177558928 26.4935018154131 1364.3302732486995
1134.9285775169544 1306.1436247888423 434.2940988187243
1542.7406324720691 1200.5973064467319 1059.714302937004
136.71924523477142 1867.756232936698 49.66190835487455
687.820860534377 1900.678131952423 642.250548672706
879.5619776886984 1432.825282803582 564.1800330731527
628.2299711533524 1627.4307475680198 964.3605893202483
718.2397864287926 1835.007193602314 87.08485802518024
1391.0404612827072 1512.1831513176085 77.76179081670858
1905.462867510754 622.3386658663079 1012.96218399768
650.9317803952084 1951.984288463206 866.1301352961983
444.6471213509196 1704.4792936675233 760.0104304759539
1960.2724747220957 1646.4931132633492 685.6044598366115
626.8179650124983 115.1398778318149 422.47969087453026
678.3440303147148 1908.795369987213 109.4909575943212
1338.9082858452473 1700.3727273397872 495.4846629011947
812.9759857933725 385.95061156634245 970.0264632973209
1521.3405251132224 269.4504105283921 247.92995579544518
1381.8843343541444 683.5665367601806 1153.925952755006
1480.4656537217966 884.4132348522611 1474.5769864865108
1769.5570683721605 34.170543466061964 884.2235302599967
604.5479544310704 571.2619483695657 1230.14496713164
1272.03313285061 1940.321894276995 735.7096011742219
1684.6982007540762 1633.5991844883451 629.9757586267414
1572.5514856805682 565.4585563939729 29.086885112270146
430.2751719446414 1066.1009784299492 83.4203578118181
1557.3363041717037 1565.910240235766 835.4378700955016
1386.9383194780935 1609.0751362952362 580.8027877243097
706.5298719463156 25.805421919216307 994.4424547295365
1168.4910407968437 862.4714003796743 625.418278662719
780.4328062883781 1906.8521760773135 254.26127902534634
626.2474613144761 723.0075490002814 460.75970280719844
730.8319051539142 1306.3127501876754 832.4060377742119
1047.292477963306 1947.5396357343418 327.49975836060605
63.5977389733946 1348.4549404959841 1490.420574152942
1869.7331321268218 855.6152628169286 1370.8934673853473
688.2625697536688 1852.8826773467304 498.0969414190596
959.7488622136166 886.632292396452 508.80228354968546
228.1204508395558 959.4931761101074 1042.532855888295
1750.680035707572 296.24824812797243 875.435488580156
807.5741627615294 743.1178223997595 262.21077340570497
33.18248496584908 956.8505197076666 789.7522491627103
1500.0478230411172 1536.3874443515567 1108.5565177508938
675.5039872062754 1813.534278255543 44.52098259731041
1682.0057841979083 1226.7666989964212 587.0886216012607
1134.996826281055 1158.2330489457217 1036.7210018521375
1436.3793089173403 171.6739175990769 395.1161773334724
530.2589030310382 501.6292399039697 1361.698357078931
877.0924063828531 1274.1377635368274 56.40293486702702
1619.5647341298034 1357.8989190094646 1115.7107572088023
1338.7154820092398 1364.9692297224162 925.046339774503
851.0750512720622 1131.2727859527395 1401.8807751164225
171.31265234729787 1345.6613264540008 233.03651139347426
452.84591046927903 424.9337561476292 1367.311138344442
567.7353769694904 483.01818821213294 253.33736630389748
1022.8820983880171 1964.9307595738082 147.6470731363368
698.9603302381495 681.6979362171487 94.27567937513626
694.4677291345181 292.15317363171846 474.26701320739744
19.307570298721323 685.3428076516906 824.4034127482678
870.0083394732327 1441.676084578789 86.15785686776522
1052.7804791945944 399.82939595798484 1356.3145093006026
1956.2976203077499 164.43531660863476 1095.150862549155
955.2561781306748 1000.9257014536565 1474.1894117282268
926.7783817547879 1014.841949063696 78.77730184880538
1663.6263479801262 1131.2296966533947 1472.8504683265146
173.2328635154865 1808.9809008004756 855.4331608994261
660.3530833846818 1391.1296032077112 174.2716740388553
632.6580697543914 677.2468954536344 156.1201275026935
142.18658874149193 1166.6096052373807 511.3378852654248
1521.3241369016487 303.40740003867705 1318.409724174136
556.756745939208 1511.308570015704 828.4625577370607
251.00881238201134 1019.0619451897751 1227.5013567140008
759.2052410467898 1227.9913370757663 338.84313069719093
364.14157417032624 1503.9892441655763 687.4565709191104
1103.7397484883918 1579.1620088988248 1363.7264614247983
649.5904217279214 191.4856987321656 879.9235178548454
226.2984909496819 892.4733026512099 28.33476810193819
897.4549840333557 93.876089270309 1393.0905181369544
1242.8893361988992 948.3439914480789 224.53673576633048
405.5577615982089 97.02435590858683 1179.5742886710975
527.8736134485757 596.4978330893869 893.6775491339591
1218.2175601390106 358.8799066128032 157.06409009919042
1794.4563924908352 1701.1470491884131 578.2377905964026
1270.5618545234518 1780.9038980350524 1039.6700911225473
1829.431405734149 1836.6832830648273 79.41880447180694
1390.850486020217 1414.6998869262586 662.9300459707805
1382.0174088395565 222.886662776967 106.99241079134453
1454.5955042401968 1773.5059476604288 1243.7861572059862
1572.8353437804403 879.4111706090864 1057.5682570551444
1444.534276172353 612.4539319171931 62.73333041942186
860.5527594826128 1047.9905388589325 1249.0579287069986
1544.1437500363315 1689.7739500743876 1476.3392070187588
793.9233762592368 874.3117593886438 1353.5964215684367
1998.5111153423684 1969.518142530605 1464.7400950409192
189.44217606377123 321.49183184942177 1314.9164638575478
716.930886971944 581.6945201507267 978.2444164745984
618.7427219938633 672.8318416055561 3.901531362112687
1285.6941031198344 1245.500706245788 205.61676164281823
1433.3315665195657 117.42721125674116 473.00119887500233
1495.5722554897704 1412.4348408298085 1437.2296311629375
1808.449278813913 1173.1007238034613 1295.2206734024498
789.682860052014 898.0588743024191 591.2479280262443
576.1645061139959 1860.7991486009435 1004.3855150617314
338.8713692769425 1421.7640999352361 537.0918664315201
1939.6550882356405 984.1196251771456 1093.240588727396
211.39233730341812 261.6419456731118 1139.3274492535775
1517.7884152433187 1434.0179667468901 869.4291228843452
1523.7516619472044 882.7929344761905 1142.5398013466092
1409.813331243514 1273.1329631270855 1190.2572856346942
1223.552091320486 466.33589188558534 873.1213827134616
1137.3545458988665 1572.8365978911374 121.29546940660686
1858.1546132766855 922.6030996103798 296.8626924169554
1995.1620819788743 1392.2540275211877 261.4037346188172
322.75192015205903 1835.7907698788629 810.6538150014778
1601.8259901855931 622.0661986761564 68.87760487309697
505.53305384692607 46.708924462652625 690.7590910818394
1331.0542905791842 1487.401072454072 413.480357571743
1526.8623053653025 995.6508933896557 1357.907206623618
1965.5321714374563 718.1296536378203 693.483193421175
1364.4260376338145 207.07384222266234 809.1321050586121
444.5224219214872 238.09493907233303 195.1942056306733
1329.770328332937 1326.1604213829864 293.13520976490304
917.8486555567696 1778.6658060085908 228.576933121722
627.0352065868192 1710.2701553133747 862.3509977442657
101.97473607484598 1060.2988673624168 1253.8615220045633
861.6785464529038 1626.983920966758 670.849980176342
425.7988080066792 265.8529612327476 1233.8725493309869
1440.8166496935885 1106.318591670348 70.99182008436983
1679.791978414399 1856.2204408215832 1150.0778499268733
1387.0014587766866 1808.9977481725352 1498.6815635444698
1541.7748656307492 1607.5600870727853 629.1561387224561
276.3243049860864 1191.8142516201654 40.120407491886944
437.3201307141539 1121.1524278427391 1383.5396149345765
505.3971068691281 1763.967990579017 261.22468204614694
1669.4220661144152 1782.1350921495005 894.402152588457
1633.6829545432079 1222.069864339875 605.6278298519467
304.2493022281527 695.9852057604028 571.0906456387178
482.7811915972162 1660.0525104607825 402.96775572541236
848.3949585504038 1900.4915681119976 1237.802721402775
962.4760804467958 528.924391379644 1333.4520495135441
33.48331371427804 922.7530823039488 736.9338035379166
20.02499945072511 175.93144145689777 1235.8686930681804
1133.2446678877272 1946.858509922106 3.3448667598556803
503.6318434052356 1963.3075270315683 200.95263592104328
420.33787096067465 1521.7442139960635 488.9561890120521
1871.9670576975227 1494.8794144159092 224.65127414313258
1183.2036901702495 1171.7013444089487 390.3778526727463
105.15778293557321 497.08358173816714 697.2517848714677
226.27705771319717 1999.6266969068627 1058.4814217352111
1912.1001024062773 651.1051350391161 1382.366555307936
506.6821275901971 1119.9628313345438 1168.2057073880421
1382.3077632682423 320.0297603650044 976.2706922568422
1033.5751485896717 1825.9706074362957 1061.76958134666
158.827589799863 624.6051009992233 137.1905366811863
431.7270069517636 716.0335311256107 765.0599372976898
1972.4358047592668 109.27522432250969 1244.8431343653338
180.9120661812793 1219.0917412648714 1004.9513640190335
802.3315479900343 600.474161779881 378.49539985414856
1228.9955428226435 518.3632489763168 237.30577513699097
858.7219913198138 1241.9070296510074 1375.3081035494151
1998.2146528288756 406.06169752445334 669.9305991490949
1514.7291147748003 967.552810964871 875.4744338430946
1471.7127087710721 275.26631877780017 759.0404948605781
89.0847835714923 321.4876130685325 791.7543951109368
304.4367187745389 948.746436268708 1202.0718909959817
134.22560001112794 1275.505195134217 590.6817053521428
876.2709515319696 597.3654005297566 1349.7216532244006
1218.2333313650415 1319.9306905340807 135.93835154988489
938.4434169299691 275.0019026703006 11.54731017714794
9.18305113331841 1455.7850513986864 1150.7855672566648
1570.2395649374084 1084.4959987579932 728.9913180146654
574.8416321478034 1965.5769233814528 1470.0615959320758
464.7048796955009 319.8379982112449 404.54374850151885
1946.8079301047806 814.2225596122584 937.391703017881
1392.1805465103803 134.72906070519653 840.1697457239833
354.4434122164972 1063.359027271455 994.0088435342285
1679.0647833279386 1075.6647893373001 1284.355212490559
989.1399575282161 842.4053670642348 757.9515832668875
1211.2304054627534 1667.237200560314 376.3892759740689
1149.6746416654407 1617.6394742319687 714.7312192469324
1873.0069509802292 575.6822533780819 1245.354928302613
1911.024568365356 693.0635917011502 910.9862688934364
1384.2984355882695 1204.8183037437702 267.97022148180884
393.89351672337216 1274.990831687682 507.2749882871149
45.7781769700516 1724.3776720198484 1180.5218946355237
350.41774615842456 1008.830920792344 71.37633532052362
1019.9075812474889 853.7679451221483 2.1874922888859283
1718.3576635909915 678.4956062865764 281.11436288508145
312.456577433746 620.8226128060193 399.13212060214227
1275.7881967824187 1526.3015902734646 1331.7614701469636
1054.738847648687 1009.3707780980396 622.4679019908071
527.4092346137007 263.4359264087547 306.70454147077413
257.5521942565255 1355.2875199469665 329.74068033907514
880.1148669251178 857.2455365728198 75.74001800343866
1635.6896629223547 1471.120836230452 476.6967143062697
160.63060876392865 918.3141420472447 443.4148602550536
1236.4562886781491 943.1554243753679 865.2703551848404
1368.213821747429 872.496844146677 282.2985176749227
225.29807675018665 713.8292478853255 307.48485964146806
441.70953973270423 59.86323494705359 1445.0467144258894
1477.3663134241913 1860.3164903425566 652.0856883237037
1264.2273808037457 1843.7987543455883 477.86060140927646
827.9818936900975 976.1010489272293 689.5386850546885
6.016903417486619 1837.953161581186 469.31384551413214
666.6345157198057 491.434814919532 272.987962890646
955.5974130430616 592.1778354843985 1153.7668595165192
821.0383175327289 887.8629060982357 614.6064637570769
226.32967964480622 1305.9431248842707 248.8866151386786
1177.3492727007183 365.2630041439837 1099.6792167813546
850.9654423417072 1418.0997489996748 1404.7715630777443
676.6032755165494 1646.5419928050412 27.727927536884856
1464.8106311732786 671.8054814780193 951.3749825191488
1055.5796901692815 836.755022628894 25.06891750725876
1011.9832051510144 1275.325674647907 992.980106545984
596.6351256107314 243.51138319122455 1108.0988960669129
1476.351760451537 1161.6995572239557 782.1629638357019
110.82007574850361 1579.2552566633929 745.5349414468975
1101.470036453052 494.2149840445891 459.6046990445853
199.4438571068844 1011.6481584841916 1077.419241685786
1895.2303676943327 1276.6096309423317 1007.122651283782
1643.9744303103514 1919.3138104980264 1446.554328902727
1903.560322528276 1222.8114210945932 1414.1541685869972
898.802920698397 326.5044630108813 476.45916772035054
598.0779948636928 1753.7543064047377 162.1254981074441
1415.9075576018552 481.88651375826373 459.5056022099971
705.6857083697286 455.7188369201708 389.15187619951735
1083.7525840332305 1004.8472311875615 838.8659737899808
660.9550254787217 959.5669712398404 893.07536073451
1359.0189938567719 1700.3612514169672 1419.2102381270613
1313.9948267524014 264.9847390398241 139.71857104501507
317.8860546328204 294.4180612635392 671.251390827499
1538.1664933949528 1119.8291275284828 1000.9598460186729
1646.9984301577908 1249.3840768622958 800.311757352944
1014.9623840585149 967.7963442991839 74.97520679979652
1471.9847474409082 865.66826236392 676.9021625511715
626.3175098171461 1219.1019667548937 353.16945105266063
1789.9868123403332 145.56241284018068 1418.0315829830638
1587.127411216497 1415.8854645592828 338.2528663908276
1404.5638755564776 466.8167902983904 436.85737188255877
60.24047461825566 75.142172057997 1313.204408814356
1651.099007759116 1402.1994412112012 603.8358018531594
1426.5177327459537 622.548299190382 444.5134514413435
1725.6859348856544 174.8447605938459 513.5698628091407
565.9024819088332 668.9875041448132 253.86587644699793
71.85624305862292 1530.812509663555 215.30689411576154
1486.7681336500746 601.443976359249 512.9282230483152
813.8584530305051 625.003915355135 573.8856656212545
1205.3252623702836 1779.0748208360699 125.66972124691017
786.4113740120357 463.31855691136934 899.147462072221
1424.7456110134115 1039.3199161584441 170.84715732867318
512.4695090897258 833.6721201054922 962.7220463009853
1769.0977123625162 375.69658137871056 301.3751782467633
50.757974134974845 1031.7401168076221 453.10781411456196
68.91768246935581 1334.9528900438177 574.9948733634403
889.7211710749204 1306.4872582172004 154.95526785253676
574.3698023443665 459.332654660763 60.406359526973205
1735.8748368449778 1810.5896356738447 30.51981820208122
346.85971923852344 307.59381266315853 445.81873483112435
528.8184913439691 1638.1254330924942 494.0309905290207
1815.6910942551965 818.8538257738778 501.6035844399377
1211.1157912833964 1736.5994098585354 1118.4361845757
830.2990582785048 1925.938760921031 491.0724864975803
1766.8021195748486 1282.2875360807834 137.90023424413522
300.0061224710073 1893.7020553367706 100.92446625801843
1432.6970508230327 906.9791308944506 290.3068648064187
352.1470682683274 995.9763265480983 265.5363799096455
1543.4982752447465 1792.2088863024903 1330.8001643050459
672.863502558168 1099.7400273917158 771.0211006714891
1527.106836660896 749.7580655143332 202.66664768524151
1928.9406327233905 904.632737649995 151.53299447565476
1335.3855546019263 1992.0670907029505 1271.840932102618
1801.945672157919 1186.3736974943668 1490.8165394963683
1487.9586348247735 268.50716929874466 782.6188315892858
102.06812285860178 394.9282734035422 527.3346265517175
1013.5583659528215 605.7562488132148 285.5386105228966
1632.0239478544308 58.44425018136845 1022.9440830612796
229.20822220025937 859.745808711302 549.613439586324
1786.3785903982189 1530.0187625203398 1089.0103493721906
770.799708088673 556.1137417271467 1313.0614855333033
846.931648363707 1340.8543084409766 1264.374441518476
1489.2766180791964 999.3363952629917 879.4257869939211
1743.3163788712752 1717.8370059436386 878.9385785170932
110.05540655475498 736.999643131099 567.7346202064704
238.1022105836581 617.815157220526 1065.5239152618885
546.1295958830406 386.33487231951233 1235.9209339502083
208.60104981954518 540.72618115822 1376.4478255766721
1479.7726462242015 140.96787880970706 1236.8923233908017
512.2901898341352 86.37440019637488 1133.4949376738537
25.72803236591281 673.021845819163 30.187731613217363
1025.7933362745339 1036.3078218271821 1425.98798875605
222.7306766457182 1405.7915688710236 1422.3000114011654
233.04022763228383 251.0720191397573 1345.7136013033794
990.1951343796085 1597.4933942623409 1399.919128727133
1724.4612982239862 1686.1461285335486 710.1308605358727
1710.159661111826 281.47863708069053 711.0104883849555
1572.5906229127222 788.7345540330923 656.0456949107668
1318.486947620403 811.0725838100095 21.15375005961151
1594.1443427385143 1722.9520875620894 1331.5015720973115
1802.5419232889353 421.66303028770847 1096.0597900624998
1487.5228723979906 1968.5516279404249 326.91985633340096
1339.3956622889973 946.0043963876184 589.3649150228157
1412.9360337197525 1658.0484368935793 162.31016889847137
96.65015768383766 655.4644060726298 322.9968855008615
671.1410082486786 1995.8598400616734 840.0466034980356
1262.2886414666116 1453.31327406918 1058.1979428065115
1063.4402339651235 147.8371408467729 191.85963788400656
1798.2706082253494 434.6503371859205 1319.5795366787909
1492.5041657814281 890.4980148576567 900.6168891428645
444.67830038000767 1121.9073262078143 321.92148803069597
942.9999564559655 1521.5556590764083 1363.3546049591262
377.35361908326934 740.2592340037467 90.84209714547603
1480.355341105668 1663.7648190956031 922.5642181208367
624.1973356365431 910.9272292771118 28.511889991445106
1578.8007793170573 1020.6339167815257 80.49004805040406
1193.968023648613 805.2952240049099 120.57430984112649
1600.927922957248 1823.3206899503882 1129.6756420045015
727.0714601528023 1275.5819023409845 572.5848339464641
1451.8198686497701 586.8631786605521 463.70006071321285
279.5638648474079 189.1519295245103 315.21533817683104
209.2212069451145 93.09522409551208 847.9777071227599
1122.650045304233 820.0785163462399 1167.0630922611463
114.50231673268175 1021.897608005764 191.66523766309268
1598.5324707017116 1238.6251108039241 469.13875050862134
1878.436972372098 1820.8262895850214 663.9535204672707
1683.911480957661 1543.3054017122656 1042.088276585708
1017.3153183515864 92.38564726080733 539.5525779524613
1732.15541283486 1009.6057849895981 914.0491989505501
291.67179737682613 1034.3583833411467 1060.7491842967647
368.34052607701165 1385.5274902977642 210.72927073957774
1206.523425025897 236.34307186240534 778.3420511966497
1806.912788721883 1055.208176385067 304.5681590740372
1757.629655831911 1995.352178224881 142.7349613757802
512.1521491070131 940.916442545159 372.78511256062666
1984.8513333873784 1694.7041539728505 607.2327579954493
91.27022248587791 311.33040394458857 367.4530110947249
134.04301479799295 1169.5372716060895 985.1876822894849
328.731992749004 358.7025614704109 123.1090077414948
1168.7388846974131 839.2112426287662 275.1413283367014
509.0530565936899 1930.4674786563928 923.7171187090827
1320.8016290403366 687.3025661110694 1419.9282180383864
1418.8435543293504 1545.7520039469011 211.09421854183503
1095.8002441941169 1648.1508532646744 440.4686515937736
1270.1681332494388 1528.1103534484623 511.5879609243519
1852.5820419277943 7.029609417060323 204.52613161213696
966.6143828752782 453.0853991847115 406.341915877395
86.67409664960002 621.733439536172 405.0647649512768
1669.5505411342472 770.290760319491 1311.2910788512454
468.8129592632677 864.9331150032524 41.943328643566424
1177.7568155780923 56.82555607067275 1059.9056402618653
1178.9116601078022 1220.2764763950483 1375.8266173248442
1857.421872072652 715.8602870963904 476.17959778721547
1229.172024902281 692.4925666352613 286.2182203509356
1190.5283189523066 294.47477079310215 356.82758199600215
585.8568733021106 251.79059216279055 137.9438754181443
1306.0246968085737 1002.562391327374 1027.1321000806784
951.0702352403446 527.9675647459836 1114.2181915880178
747.6936892001152 1160.1876276443654 1405.5065956032427
88.27062081137771 929.5628560572851 268.798215879937
1656.5475946820534 1667.1356387945327 297.89529054677945
1364.3960923454224 1167.011009924177 86.26057548846077
8.123483755675842 1636.6190921416485 962.6255227376142
252.52598006851468 1917.6561953095525 416.3746066184671
1736.89954981142 1341.9068633877657 704.4647359243436
1518.43517447381 806.2392344013062 376.7476810211457
102.4129602719155 664.9046316085005 1237.612545043875
267.63275465199945 1638.2336708603548 104.65845792681222
376.75235043392405 422.3205603302138 1313.090205125751
1706.7311588564364 1312.7527315292198 1375.6325353433947
800.7264575852338 600.3538965621195 808.4348245762261
1285.1905446659107 1695.1967203594336 1293.253165659168
1558.2321468781743 1302.1261899231617 181.02841934479585
15.639620972443868 1979.3434582547675 823.9368577016529
1281.6735884384907 1565.804810140612 271.8734677506205
669.042997585547 55.73612412678308 692.2755362397638
971.0088299361717 499.02003994186606 101.61239637547392
1461.1505531841299 788.3256451886962 774.677098093064
417.91933139233305 1139.5087969676138 1066.3131530068297
297.3030293660488 1841.499179201514 1415.9208347288893
92.68848455342726 930.707481021974 746.7201744071428
1985.7179448456604 1722.0169958839422 1108.5932081249068
1649.580544096971 1333.4466937593609 1333.5704061187157
67.4822609702983 1405.145737910318 1143.9986361702474
1916.1945122604402 1488.7605388618724 1145.8681943965005
882.6548541492187 1003.5539873421118 210.79077427293862
1517.6540507151904 1394.1143529191029 1137.423921925223
216.07254563189483 417.76904605695455 28.15613699678432
1944.6099091331016 287.7602487836677 1275.721832741477
736.6629334546084 395.25752802671497 212.5767635474798
636.6497424136719 1750.854783321935 1386.554523388187
913.2699841697452 1610.2181502458216 475.9692931996534
861.3328711246999 577.8081828853967 720.5386510469344
1043.3721063823803 108.17635285809457 231.56927633542452
849.1950118933394 1334.2017437353575 240.52267103603015
1489.7743930909642 331.21773787082077 269.22122979821205
348.82224499353765 53.06295385071324 1010.8450749858532
620.3666664289938 619.851372868772 1015.3386914085667
109.88918331377829 889.8467119490637 506.243606764159
1231.2914065087637 910.3501234315978 1261.98853674621
260.28867060401683 1048.106194308284 136.9090182572304
790.830802274232 1300.2220359329174 1116.2504006844072
1822.3964121854794 845.422558729392 857.7753511920288
10.691615270383759 1636.950492277804 49.573285383787194
1440.2054799777459 1492.1689407018132 561.9152654064353
601.8261528687893 162.51187253153842 299.45227311686074
1827.1078997136053 1342.804377539679 53.13164572119567
1556.1187450647346 155.39013144913193 1229.1481655625487
1740.4927757547616 1696.967845083456 846.712233774433
146.20762788989583 1596.0924371137748 1021.9691381276053
165.31585174730324 1772.3012312558033 500.49413319611364
415.19430072400996 530.2869747095218 258.2178546037106
105.25689298654295 764.4225860956977 1349.8630189268772
808.0240126454079 702.5994073205397 764.729443129129
1942.222772364186 983.5335824238176 53.42711344170159
1589.306024473508 43.25826393766463 1339.2384422116786
1482.2942338861926 804.0493186429746 77.53117893633853
1337.7372744672803 970.5707144208598 542.0226258731318
1008.913489867173 1535.1357424747634 1140.6529397791933
180.0130687158099 1306.9811554427417 1034.6086974687553
1690.7114868709575 1403.5860741027825 839.9861203461219
27.777094287166015 521.3911245550494 1320.7947211608225
1993.5983653088954 65.55504902372711 873.9955241617791
391.35014938185697 874.0918040600902 327.98233014686383
1249.0635680533649 347.30350196694104 1136.9631765953675
52.744938573083374 1363.1649530426573 1071.6974275369946
1822.0714262101721 1913.9125259889436 96.87523114419893
254.46290960593697 1072.3604708725677 776.3889765876821
270.1183940812155 1061.1841030221988 173.00274698265162
1269.6186240547554 239.82219752820865 677.2659567656016
105.2325038850468 1917.1770744076068 835.2202141766328
537.0004690589585 1814.4726209313717 1419.9521449735128
1796.1915562998831 62.350279101007764 920.5667048497073
292.44980396091313 389.33849487248006 84.5427213345613
1609.6370140263134 1228.1799720085598 42.178464823023845
1220.2444959856882 1559.0135387430441 84.20445508672641
1656.357027808331 1152.1134609115065 835.9472579794283
1816.6278373938544 1935.9104887801825 977.6410733415155
1885.283253049733 1127.7773286486977 1278.5993803692413
1839.6772487566827 447.7827954245459 969.5997776158912
1715.3503587691669 1015.5468972142039 1012.3362170208031
1453.3420066532192 102.98621826079413 367.51375784767146
1892.34411206793 1653.1987610155043 1456.7745853847869
1139.0713300076468 742.6572523516364 602.933452757531
1864.630077239632 574.7809883460533 122.60302773019055
530.1160913766381 1897.7902446632722 1219.7406136945517
498.61495135030975 1790.9533707057788 512.9823319134357
1154.1140453593505 763.4276458774465 799.6965792225516
1279.119305388231 1100.68867531807 1282.4685387179834
325.8443338664401 1365.3773017543742 798.778153377677
1857.943343472337 1413.2468070508382 1256.0757723462946
832.5314693925119 1217.7385443503786 624.9817658525933
1110.3318273309753 1665.5875998909135 566.707654338171
606.2569929217977 263.17275828183864 1101.617299982384
199.51597826324007 1202.12766577668 1078.1076796589082
1419.3998794616475 303.9075277872916 1141.0493771584115
1657.5812914105188 1620.5312109838455 1068.243913779951
1544.3112791273848 644.8269608144606 958.5376167130767
449.93645387417524 656.973026262167 507.89453251034683
399.2805809637743 499.0428607494921 908.8645065104727
1691.9040541838035 1991.43291869703 621.6993970268938
387.79068255096473 876.0410138243742 1080.126126409821
1079.2547664436959 171.75577862675894 109.02286855782673
1530.6082425826276 1151.1534915439888 395.7621971501379
1326.9064396873748 64.21796308632155 358.23474869530685
1668.3643578402034 755.2049890264059 1283.3530023871667
1413.2388354497207 1250.4953799562425 1444.8573549412476
598.8176801037665 1118.5780911048396 59.55241704934944
674.0958496520689 865.9436048367022 1243.464220432213
883.6190043310528 763.9585848474181 841.2482405172681
1258.7252475955975 85.88666635189823 837.3125075474002
622.5828702836176 8.80150467255203 266.3925100162003
42.75947079241904 1656.87926528482 217.0283401561329
1226.6333072816378 489.50021024682553 339.9234508808334
631.6152284471765 669.8302526687521 35.85628251564843
1612.325306010282 729.5061668065898 120.84116134246065
210.02744094275582 432.1237659196002 1429.3563332419474
343.4784678377025 90.89777393768284 669.3926529310335
336.47374146668653 1116.581847631624 932.9003568824006
1683.4799447883138 275.5894553885463 439.4575754234644
1291.7778889627962 1775.9438980439834 777.8792057389885
1118.9274649209253 735.074757454905 481.739212146538
1125.4140310489322 218.4454828739093 107.00066805353453
1731.7800006550847 885.9185518681128 649.733999956872
315.9647246702715 1792.5475792771701 478.18479845189535
1304.233476643613 817.0682654251771 716.9188923192405
1898.8193036200655 259.09758124233997 495.4836076461934
400.7906992384629 1502.8878260300492 495.64087349645615
300.6276717708074 855.9568382265477 1162.9713329597353
968.6692506023866 294.06509801404536 1070.0201426907543
571.0336371167217 1633.265663910886 990.5850118405626
857.1818991721882 712.2670285696968 1462.4355441155005
1064.0944005163258 1017.5748793644188 937.3660716372173
117.7856354155442 332.66025397610275 201.54333077344194
1782.5267729202235 1743.7331966046013 82.57947327505177
1571.1695647878275 1115.8835057902834 762.729471927178
1790.3789640146092 12.017560076831746 1422.6768558315016
291.6764530343581 1741.2089931481187 929.7633560054056
618.1792398851234 1338.6784584217557 319.89372077058715
1960.9905301649183 1156.6990350665417 520.3204286463225
1559.2114579815502 514.5586962689583 1475.5539125356308
1139.6144620702903 1901.212331903555 934.6928656646542
371.46856877594047 1636.5881515594076 696.9025517909422
1481.8617194528604 1891.2621619080228 1472.2237587164245
1519.5757070124837 1488.9406553787085 48.78781426929729
509.4422190963699 1061.6778292554088 385.95248174563915
1400.9339340691079 439.7937857533354 1194.7341710801813
1352.9318391811528 1102.2330669611995 1134.9312137971913
1233.3342333989344 1215.9074296995143 743.7496034752319
707.9501413136937 1871.6305920812852 136.56793167106562
1079.2922123465637 743.7589677443264 116.4168631642693
917.2697221778836 1736.9187453207 1262.9262229410278
1092.1553070061016 1804.8522788049258 140.50632905821104
1690.6422089971036 641.1410384539112 996.0383457125549
974.2564881578919 1098.9324826790066 1003.8042252156583
834.9424720133674 1943.303299057794 597.576309586602
463.54444407669115 480.4634886469865 1367.4147933858203
102.22149460253371 628.1528299211723 524.9279085253715
698.2893466802476 1916.690124321542 816.2803707512397
1027.178071132116 1313.8507188989981 80.42556038335236
480.23405511299245 922.8788455906181 4.711812085800626
1783.3127780667805 1066.262092875236 291.1138831461486
1380.9732804442112 1895.6635158605295 1267.9370192005451
1748.4011798750473 759.0732513611414 489.63328496426203
274.5079876121468 543.16410028537 1492.3418995393988
753.3091965011265 1011.9820541647484 1179.9247479620406
1668.7732795016166 1248.9533798775458 728.2712824798209
390.9219767544978 1413.016507806952 1468.7736737825476
996.2481702111081 921.9933131961424 210.42021015896117
1608.076190954033 1012.2529953507999 1399.0512340892155
1683.2157632974063 1684.4207947294412 276.5028795499339
729.0280917573817 941.2765004228221 1037.1779052677348
1562.6231438702332 374.2937028452664 1239.075456509904
1231.6568993805506 535.361953143445 1034.4866404914687
533.0344786361068 1916.9115070453836 432.2245935337344
549.4143209196169 1831.9137819573816 529.9276849767622
766.2521266197706 1330.8426834273437 820.4070684055283
607.3443366491762 1810.1141900675182 242.369230401056
1082.9197743735358 1159.2810178577122 399.44709711576184
1909.8168591038118 848.61143704908 178.29941195468524
869.0416742262495 1942.063842836062 861.1260451621599
382.3613011606009 1836.9305260384726 296.9741435314177
595.5417519152675 5.93491024838344 392.091626639082
899.1150753698245 1112.9616383894443 204.6349878966725
1280.0955560584198 1080.583109625681 275.67057882067115
291.2735274400677 927.6553870482229 1240.316748128455
1687.4095936222652 1277.191477787522 1426.349802332914
1957.3216022416286 1522.4360835754198 806.4061281764339
917.3916228749821 1732.3705944959866 597.2533592262783
1999.334433008233 1911.5639906740466 1025.230500919848
1315.7145877261278 445.2201193562595 172.98920958271557
456.27645622712885 1328.4717832651038 654.7396957769122
914.2397364416122 1548.3980486216487 108.8459343357236
1203.6124031076595 1985.883548523842 407.65243818025243
604.3460796856252 1959.6433522685768 1219.19878063992
118.7414393556543 897.3495807585408 879.4282609623444
746.0017530916241 1598.3454500150242 119.76770020776544
811.1016096667938 1988.2901495647125 211.98469156711846
292.05703729004995 8.622534822718242 1062.492558879951
124.7567053629599 420.33084310608905 1332.6558732376982
962.222558870724 1883.4148454934345 1000.7385199494921
178.10216546366763 1243.3352189997172 115.13195693574046
484.64466445979747 965.6076883304205 472.0252633142066
95.54186680716215 179.38342091167559 642.1293526925784
241.4957338672692 1527.4701531528947 802.2849504926745
224.234105925599 647.9076351970696 1341.8038600809402
32.43225073993483 906.5790239874214 1262.7597765323142
869.7194162899586 227.5419205092144 793.2204082293067
380.4853644132109 1956.3490807921442 538.4146416419824
1748.5827489947912 1282.5865484083618 1444.537857574552
116.12686938509431 668.4963923527063 1041.9663609741363
1970.9669548377492 333.5255334196978 568.622149080871
730.4960455967278 185.21742000483664 1165.8916116235332
240.62746760495224 435.5421378129476 96.34885918478491
734.171480443911 1130.637678091185 924.1162711131547
561.9426819985267 1195.6449760420942 467.0230060492828
983.1969921935278 463.0267712961118 293.39462387052157
1271.773253148577 1992.8144423099582 162.59418542559678
1280.217909220881 1411.912535730231 481.95361993488325
922.6637603052468 1067.448666082736 855.4782919806339
240.3028647161669 1801.090709792299 1285.5615430756993
199.61177086668712 1770.4771269059747 819.2349016739324
640.339292767461 993.0666265428354 510.42708081844063
137.76532078884605 692.3105702694403 563.6395408846814
1319.317046462274 1378.7986302731413 231.86237020605043
1556.57751476666 1602.243575650649 297.54110528014036
1896.844099251485 1572.2372278587275 263.965025346011
1844.9023579823115 1131.3674834113071 1406.899690435887
1226.6907479137021 155.64651801898833 997.5449127330445
247.5090475618662 994.4751541050509 694.6599511732763
220.67872216162664 869.5896353947272 1477.1706132232875
244.2460893396521 1542.6012949706599 771.0394159198602
524.3656306504016 1449.1783271052016 1357.6705676134602
1621.8183370872362 1996.1772339724448 1323.920369007235
568.1577234773421 1162.9551229017186 1114.2278452698718
323.11072305142807 162.27208218938927 278.6804211088003
1572.5789497212847 1634.1150528370204 375.13264357406035
1915.7560617481445 940.68183832638 94.5386927163745
601.5665176983658 1203.9138864326521 238.67109418653604
1629.1921779852894 1709.2158770324595 287.0371364741457
527.6508786230885 729.8123132012535 333.8183600226724
1428.8663640272678 514.2235479151753 245.10349575494766
671.4948027865872 585.5209253914204 1368.242812110978
973.5347650941173 455.9257365443907 163.81213744165686
1779.6464536442704 740.6885312015477 1300.7165477747217
1712.2133913168245 279.61375956567315 876.6335811800589
1774.767503083377 1199.9017497581272 774.3660560616006
1010.4000311290808 984.0579415683748 1359.904253448284
327.40144215282527 212.8988564977472 929.1075487057839
541.0009983125739 1351.6120456691754 582.5378570667991
404.34472045559545 587.936697157502 122.86278771622622
972.6303060956969 545.907497841317 17.942679952744676
1730.9283205995266 199.61744067033993 549.2087432938723
1388.306260651872 1695.6757653577854 1459.7435689118133
677.2595908224448 619.6831547400359 641.9666349996183
1237.900754161668 131.62474224857635 721.9242679314865
652.6473744946409 1527.3264079216597 723.9729560519729
145.21077333750253 1825.4588038293439 1124.063996863217
1963.2381929993185 1755.230882601695 1222.6253794067475
599.4103539509852 187.3732361672087 1018.1005033332954
822.3980301242848 443.8523901362188 378.57568364117947
1472.0209455453273 1263.0272572948118 559.5035542615964
70.99801708155206 1068.9217463342734 1460.4675023264988
1640.4533956316084 1063.351558556787 545.6629704851994
96.9161575075832 1925.0209178681155 263.56872291340045
1719.8826811399679 474.2334528867258 659.8933352737963
332.86752233659246 862.3807311582037 1161.6057148468396
1257.0133571223464 1257.6464426587434 1047.7180013388781
1398.720941185698 1907.1827616049086 1179.4559853927083
527.3731025353576 1778.805823539645 214.34153589005462
1570.1786476275213 716.2742773469714 654.0997157318093
1421.1312214901347 1813.361355668046 309.2246645951172
118.44421111686354 960.1834233283336 292.7541871438549
308.0742488096133 1045.84225695294 940.1496050366366
1667.9806107704494 1987.3348084986012 455.5666819695099
438.22440988470436 332.24776949304527 150.65788356537973
1187.2738909227455 92.24578667962847 718.864414790684
1816.7826960307407 460.3242669186487 787.0491412871214
358.5442697833026 1229.0384875874186 586.8105582375148
97.18144866243938 999.4788763156508 318.20769269425455
216.4920956132439 1800.5154733052032 832.3912039336681
907.1816748768135 1734.1425123090835 733.6378021441354
456.64571216686346 300.9817802215793 1144.9965595822343
708.4787307945309 591.3544424883088 520.0949514866707
1050.6815783441098 1678.2859681613159 1290.024807875792
69.63525131184456 1858.4343573857525 1052.923371158161
1446.3792943472206 460.0747247491523 375.7759956740981
1210.0798954199724 915.6616448452155 1300.070985017868
785.9162651691228 304.73638834468073 600.6545530811201
1763.2530703865332 766.6283445445355 709.8615927557631
1289.9069130625633 1647.2577433013903 263.3683228596487
1990.3450189960797 1120.486678807685 165.1426843044413
239.2697138392932 173.73559200683152 1395.1402827093955
445.64956704529845 1313.4202492301215 440.55629454065416
1892.9726324523597 1786.5631867100315 826.3196694576501
1226.313737516726 1568.1667882811 325.3265440973093
419.28307954771896 604.9679580300717 1123.2282465283552
1612.2973653252957 202.88403757016638 1491.785246415363
1163.936949487312 527.2162994243253 838.1630585691449
566.3913892214503 214.73375058096457 629.7857652949704
356.8308214869351 285.593127110656 14.321549832302216
1138.6618734849278 249.45176644310263 1131.8643637686694
429.01579844264836 267.6640935439207 784.5828140406966
1845.5244852013045 1880.7973332202487 1036.7563159235674
1330.7241498199405 1074.4990053351792 414.2193565711859
1916.5469317857187 1982.767517707491 546.5493030957916
929.3914712584557 1468.6766269632938 989.4770700587777
436.8935092316304 1871.2095001160606 1312.9929333587502
720.7449313607706 597.3796426000149 1365.501309785118
1135.008172217976 1715.575738874219 510.59892354971316
776.102929380446 1204.2717951650882 68.75894812907063
1922.1882056828624 1822.6934646890143 401.5541310433415
282.58829845876886 1423.6477856210213 1354.662600928059
1823.733467161212 256.3126574205581 1279.4553848287303
1598.7102746593148 1930.2285021288506 465.6521210245767
499.1938363135151 1555.3092919304295 255.368941492293
1159.3636879800094 902.4984159000329 578.2916937346852
1413.1989221014624 1370.6272037952808 1334.795158418296
266.89414129059185 451.3604343158515 129.91219475760906
1546.3768271014087 776.2983941848906 1166.3563929224065
484.4319796449015 1606.7265029065265 1251.486729162144
210.43768686584707 1946.240250086052 458.24469376265364
389.7981082881472 78.05675806322832 1471.6747610594277
1982.0922297301659 1441.3582170496068 951.1694038165493
1460.777632904332 1730.772109467482 152.17408232490732
37.66647988454519 1885.3761391992161 891.6789149039141
1304.456284310332 1629.411304506209 834.635315750068
963.8725480850466 1992.7013118667712 1278.50490046199
73.80751386136365 1327.9083460062895 1210.1275541379814
197.5148846952044 365.68070111301944 1074.113741998048
560.6085963231931 1222.1201039960058 1094.0208058887126
541.1058590108555 1302.7243958540014 599.7682112236214
155.55083177293727 779.8804608098602 995.8648627990725
718.7168264514685 1399.283037442976 1014.3310672864243
1569.554422817319 1798.2819176357038 781.2665231138947
839.1560258619648 1038.0410608056943 939.2522197968483
1607.709670664565 1073.7052814989886 1461.677836890593
860.7071240661484 251.7967376681287 977.2545297277602
1547.0440210455683 328.93804687019013 532.9592724731496
1843.5549786168397 640.847331760592 219.62792855504375
1511.9298982643686 109.22139115648477 1054.4340621396714
1700.5510988446338 117.82149516375529 117.11412602991273
1156.0896712711171 1813.6571607360665 236.56035131665692
658.1851967416836 1850.2425664540845 848.7749763404368
1448.4227507092291 796.363723149353 1228.09722721931
295.9890449458957 1617.2777027549644 429.58652253789217
1866.9635212030678 1485.9840363163223 573.4091186212172
4.948189316828389 1387.7869412143248 1441.8187878155754
1044.7131993378464 1557.9495962742815 341.06285019851185
267.03437176615716 1977.723111079457 1234.106849743339
1909.8287700286676 733.0558371139471 883.9579986706904
1745.0871813231565 1773.3299421519 1254.599865140179
371.76736454897565 443.40642413711873 494.30917057714817
1630.4323114801919 812.8639869674115 652.318089082389
233.84943733911112 1157.3314650117998 470.7023857293154
408.8093616367492 1847.1734569047042 994.3779572094857
494.2346469616774 1708.690385863828 1297.1975115351242
1674.7214202559906 766.738226512192 779.456236137839
159.3336397506917 1982.3813328096694 908.137075400456
1084.69239389002 345.1850047168554 1053.9062730469775
148.6880309009211 530.9555160631708 1398.2913046321596
1590.3171569707556 1395.6910671656528 793.4797694070162
1362.4406454448188 1560.1389962963956 1144.3103187092165
1545.9764587468005 768.719543326988 1498.954974376997
463.3772130685105 1380.7555704938159 741.2576473433318
727.1182782157208 1317.4740851218587 1017.5058772383259
875.3410444702787 329.7653832580072 694.2418109292807
597.4792791368586 1292.5549531104487 935.0461720884897
1360.9844922681875 610.3140069493052 868.1555377375264
1596.3972173711134 1782.972491074391 256.43670640941025
742.5445048088388 937.982963554878 1469.19113084859
1923.4847217345548 532.3295863270316 675.7689421697665
1378.7981963076254 63.49127373205854 329.14841314275793
1664.2161028282096 1493.1560821232704 813.1289081536223
843.9684749845835 1945.909103089557 265.20368592687635
379.5950803104224 1679.5731870191107 1440.2244205529305
1331.3907985894343 1707.603893032434 156.88226219003886
1507.653873632259 1833.3342457590836 499.65045350402374
539.5129646860893 1994.159466619547 1485.8743494355635
1421.882971681185 1894.5992623836612 886.5027167683475
1452.903928335221 1157.170228212487 1183.801646480472
1210.95077806016 1843.7409177456439 1284.8211572164737
312.7943117763399 765.7943728815679 192.8433477075535
1507.279474767711 817.8575135873106 107.876385526251
555.2265771560849 558.2992258287383 1168.366064953532
972.0133871128025 1414.979757997414 871.5694617907078
1025.2628005248944 1078.6511729486626 304.6260081691621
701.9090415624333 556.9432555209561 669.896352223092
128.3271837617652 1575.563087193499 1379.454969700281
1055.3852916984627 1020.1312053946064 1171.1187991470665
1567.8526754509867 1071.248241144571 1253.3165946645336
663.982383032737 1289.7835286208972 264.770362539732
1225.504692217097 7.137843946772859 622.8694136960574
1350.888691655355 1644.5319352079223 486.5235331763084
962.6302608345958 1658.784317770243 69.75541678826441
1016.1914721292189 1568.1886944779428 242.135409788316
1748.3212374847776 1019.540465152528 1443.8483056023636
1346.883469252882 1904.0567641957482 313.11429864931154
1298.5690585583243 1998.1962335424732 1200.7172298339078
362.64280025259654 1627.0195977439387 105.37224855652948
801.5033598461192 1771.6839309728455 693.4307428786639
447.91841698825664 418.7649855180644 119.36251688836397
