2000
128.96156536046323 1166.2140211771032 399.6265566220287
1418.0439088734474 491.4630891769789 959.3887666461181
1626.9250025600659 1420.6495370072364 460.803238117911
1259.0690747213798 1245.4799764657735 567.0007463329345
348.8233867218187 1409.9527199922707 789.1028933517096
1546.4543405825232 1108.1012224813992 347.0615768978078
1919.3351490972386 1108.1858822528993 928.9908709788886
986.0203200353566 1087.5592183676124 581.7878859815899
1095.9062444253263 471.0777741521561 1310.1583013012141
1407.2883221508253 199.6080541037384 1468.4038262043066
1024.0602214415953 1603.2455861634498 1430.0252904689405
1770.2529958314497 1297.7260616739698 265.6274216004181
680.9064757502088 1134.1115164137098 80.28308591184341
1669.0852477641893 1160.7820043202994 1173.2687009327342
1153.1031965507013 1821.4132281576162 695.492799590528
757.6634393487998 1107.4792761207236 1265.9459024574498
1535.3503917013936 129.94968755857394 1143.808080960237
1583.0779982888957 1084.0921355889534 1345.069234822325
472.1758339141162 1074.5780613756265 61.740315942014846
1554.79926242103 1930.5696012331357 1059.3229457049188
1447.9419256319445 123.89171237292041 826.239409793988
979.524631515235 1833.161689344699 1251.9198098912468
1541.5438169182178 162.54262021806954 935.8508561969211
26.205060201365704 228.88585914887582 450.58620039073855
1756.9357040719692 1538.1989031119708 1234.050176487053
1739.943926709067 310.81856819270513 722.8601954638947
993.5403405639084 731.2549147310299 439.69744526740607
1245.0086269972887 80.18723976783026 998.2746842079556
262.40620391240066 1855.523863786693 583.056398782837
9.281025367524842 1520.3053354952638 275.1477630333571
1544.273119881993 926.6932040414895 1076.2082072991193
1719.4522707525534 1941.38942038918 403.23320474572836
414.43116863258365 1319.4021718159806 1294.346754092351
286.8641295446481 1560.6496096966434 779.8258949439543
497.44298838158494 1543.5607186636003 61.53253303152895
1276.365966425488 336.6964291546539 428.6419706605774
1420.407352997059 513.544694030416 1327.6560194110818
135.44210290174007 1606.5168036080108 1407.8962305266175
796.7945584871314 1018.193352446199 1146.9938589996116
1672.9631683364619 1920.1868377402598 288.83611473555226
1099.7079941528052 1917.7788021451372 127.94257887377952
495.32661315421444 390.55742802321225 502.21831309993416
1816.5103197032672 1689.6354137087676 1351.9037086773887
1191.1506805466968 69.19928569737644 1253.318150716084
118.23704406291635 1528.2170759652222 13.999413045007515
1538.6641956628418 409.7492638238851 230.1113261271821
1957.2094369907104 1475.7786385234128 578.4305504689663
1752.6500901900258 1418.2212671631512 205.30245452612323
1588.4681464712437 1535.573904709857 269.15114682900025
985.6523993589126 973.1761049578669 258.56158172027517
1266.9783356872765 1182.807191133023 1253.896761838853
417.4420749191605 43.95495359119717 1095.1619108865775
828.7666084275154 1485.8589738771823 144.38579022971882
602.6445468794699 1965.2013910172686 748.528603620744
1227.538250801796 152.7309602734177 1002.1156374801012
240.56069973988593 1213.9889318766923 551.3017401056262
1446.549710091111 1223.6078178415073 1132.7844327151483
1326.2904580073875 1021.8652038297407 1368.5410318285017
1551.0032386081773 1002.1730260778123 541.8527330541938
1239.949417126371 1314.0320959283008 774.935396232648
1237.0448000220802 1581.0469216428723 806.175017691451
720.7393247494109 837.3646835931181 1381.4902384844254
1615.651354056042 614.9138891721076 1145.134786019426
1078.8854529997186 533.1731496582723 231.06607085229197
1415.2304823826667 417.97812828605885 93.70565760299843
1068.76921254489 299.7366361425895 394.82743051109804
375.73492009406675 656.6301045310743 1428.6764054598395
1568.4097495426386 260.2748397315442 1167.257644462565
1876.280178193646 759.8470015379833 1396.7987561929076
1702.9926598367044 1231.873488122 1450.3674728653773
1814.0004878966631 1180.1642351661528 625.1443839551163
542.5228584480475 1345.8122521119517 1350.8260761690146
834.7319670765354 1537.3948418074426 1259.3719004615768
614.8414500020067 457.41037633094186 442.65939885654444
592.7812908850159 673.9729946018232 526.5502457615132
1082.495420570925 1594.8393607324062 653.1464563204421
1699.5410416842826 1314.0918349004048 413.29865495368165
1878.866654122742 1033.6243190723471 1131.3877459030157
246.62134263985735 1544.2683352296756 280.6943123477439
1608.60250212575 1042.1545238167557 137.46598529039971
697.7720854113431 1414.2473929649652 1193.301672804905
1716.99693012058 837.5496934688549 624.6405951313525
1230.971142991315 1155.2418671390383 998.0184544877718
1831.601543713603 47.31913584031111 651.7042882529439
1396.666075459764 1817.7677800193699 888.9364178696138
895.320413643457 924.4337254923274 337.3426840876354
1001.8636653272686 594.4681286245846 654.541187769904
130.6088965307788 1930.2156730833613 1346.5368132548886
840.2242094052341 1014.1399419871179 935.375124791446
261.67323144653045 1474.780636622968 99.19873934945977
1237.3318559682345 1027.5349085526743 16.608987740809432
1409.9972766407163 1666.848063293668 387.7211284772792
1698.8566522149479 764.8550589534337 1058.3754127234824
794.4937649930117 1743.7148834200732 253.49465595319447
341.82926908203746 1910.845418360506 530.7750930109124
115.71913387777255 726.9652921477364 285.2428485908845
815.0827961340248 1983.4903674916422 538.4498065303212
1795.84233395047 1484.3839065689215 232.29229455185867
1863.1052636808508 1146.2997370145551 1063.6596050559403
1451.4694485224757 1751.12099650999 218.56109020462856
28.45872602950017 1314.3679509348124 1138.8075077098572
152.25068827311938 274.56420341103274 554.66342667167
1312.5903422422093 222.41172415881417 1426.3808998556071
735.4204038418466 1499.2912266500584 72.92493169789365
1158.536886788557 324.1384961552556 1299.502178518147
980.9340151465731 1602.6458351214264 735.7965458317109
404.1743972218017 1761.7560372356875 102.41658190890618
876.8533769661841 1506.6050232365806 1441.8405050114918
1016.3726291220001 1201.9940354367982 173.47646476424828
476.11980252551757 1603.2126164581998 1249.1988600731902
763.0722660704852 1141.0843139510341 1482.9053586996595
1671.3484061102429 1346.8467567377359 760.8264239550816
1153.5027726399596 1163.189926897071 80.58028084277652
1893.1836832897088 980.7370578413488 574.5893104190989
548.7674923224939 123.49612258064613 525.2345514449181
1468.2471404105356 1658.5687245614997 1071.933166674793
1444.8246445371803 1384.850373710003 1006.1954687492745
257.5307005349883 1387.9552422352647 1282.1277011274433
387.70836295873767 1606.3561802414724 383.455749955639
1997.4875033267622 64.6490962291526 1481.1209441242847
1248.2017571239937 1808.9916288279596 218.0306364753301
904.5941635165549 693.3917359225242 69.47664880289057
132.52247465911827 34.24758712797393 1106.0013142586356
1520.2776613713631 1358.151559438904 520.9071311745206
1978.8035742218685 380.6522410307591 254.6337153708463
1970.7995691005417 120.35550026207709 312.3452575787733
345.31085588786016 1398.8436135704078 1084.666548805336
1978.082009507555 828.912503144742 883.7261766712924
544.9483377848765 1082.2986422197246 1286.5661312749025
781.6953855026454 1160.287574615283 1248.4481085762286
350.16398402318447 1105.789536137151 163.4245197442325
99.26567657686735 1744.2411528173852 1075.764543416881
667.2408839320241 1822.6024562003786 1305.664816533564
369.6408808543234 350.03827991322 1015.6000604624468
1518.4041868434074 893.5650030673963 249.7287047417167
1488.2398152132625 1313.269050077205 791.6220339454367
876.7010885490658 1602.3954176080929 767.9937330506273
731.1810693274628 3.39855444010273 50.631163476191176
327.40374977910915 189.52213614849776 1152.2443690288844
1815.055164737833 1745.7357471492157 1174.4667701915741
964.2243163151322 1343.3636621489536 168.0056788576153
1372.9975499304576 384.4871992252967 1204.5352051038883
1731.2147363906388 1784.6608647639687 620.616377095122
344.09623398605316 542.880703617022 530.3699179667728
1864.3979568841105 989.613708607373 352.69976557969113
94.75407088854082 916.364803298513 1124.1102355655653
1027.2517153656852 696.912650898942 98.8504565850557
1199.267874342622 3.1360592181775004 662.9387723540115
995.9448892734375 1868.3298070604837 230.34182155052545
1370.7296855299753 703.8477059457211 1265.456174142199
1486.732671868152 1985.2169780012273 772.5815415831325
1859.6086672915726 1664.1122676959776 73.66496593404143
634.7396301636161 1533.3532544993504 136.65961174881696
661.8669306704212 1578.8315501271031 442.4072953732807
1455.339939448337 1604.959438910867 57.55052772604585
635.2070471197777 602.0115061492535 267.52043225260053
869.8267760959981 2.3906762078083066 331.34448408646153
1395.7160661829241 1475.219497073429 1030.145605433129
11.99827692637867 1205.0751512253446 396.86245111589307
579.0991502672715 151.45957355962602 1280.1936583944912
825.9569458441894 1050.173951336008 796.0269466004819
778.7320661830137 1298.3071919136903 984.0147285137906
839.3754429504274 942.8059148748622 645.4792158932042
265.8689526974769 1912.9025843599295 896.0366454376237
862.3269875846725 430.11046504669804 1263.6655943299127
1369.5745739398142 197.92047078263897 1074.0215273160077
365.53984058841337 1760.0227177805482 1499.641352433524
1695.6669236964003 372.7104699388362 1473.9128411077859
630.7353045958886 1471.1579350488505 773.9406484000328
61.44565563509219 1146.787279201091 1437.2681973176366
1481.4284567818331 1849.1333598022375 588.9057337501914
537.4324045091873 1559.702879390165 744.898862482065
1041.7855381137751 1242.7335640465149 1366.7393395175861
1113.341934521056 876.7966475660396 612.1336647812642
1271.677593339582 1162.964622895268 101.23207967531516
1794.6480695498844 624.1859400585786 720.1860193704434
161.23609246931082 1301.929781098669 904.551568151669
1413.9741208522466 370.895091734899 1218.8141802805278
1939.6785828907407 157.1607683535774 129.1554548071364
608.7965524804024 1662.962244844947 312.3631106906379
1445.8185041577797 339.5143867686561 361.2462828922912
307.87059575578235 715.402606010023 665.1215967393389
1343.612916199186 589.3344415648829 308.8121180694192
892.3168194803577 800.105171101239 668.9028296032768
1207.3435257239564 708.2071419798979 600.3880987799791
1075.807892031041 1137.1617900616968 1159.9361409677138
1828.0983061564293 1374.606245564481 388.6124049112582
863.706594327543 1976.5051472808962 158.8359284243198
621.4416537772503 1998.1114268802112 153.43099945645972
1879.1928346554537 123.75476113762463 1025.4425489930172
786.031343143881 800.0798873356043 1219.8774071388448
1946.0407200112868 76.95631151311888 1223.2759708427352
1066.161916010489 519.4613292303553 229.96799529288913
903.3728283218294 1785.8660805258476 557.6695390216855
842.3418520003385 554.0907679179237 262.7854463487136
554.2732131787449 1115.2406242383893 1103.0217401322063
1017.2048315280864 1586.548638782702 1049.9222575421074
1519.4033770924984 1322.0899644438082 337.06588697011097
1005.9788706042287 729.4484453870602 1376.3385284232475
414.8038954472466 1235.0750497664737 103.95820220709223
1639.2610455294307 1411.403918302853 1363.9333164956777
533.975751345845 826.3593152958517 922.9568611303166
232.84478654510954 582.8475595109412 1426.1508140001267
485.4023808764838 1461.4605283498818 1194.480411001162
1966.17047480946 170.87536737331277 547.2002896048455
875.2750073747737 1755.1848560432868 520.8583147058442
807.1664083628842 1082.9627952305407 398.04795255358124
951.0075778316514 967.7800496881614 1398.7750951007324
1736.6982276532437 982.1106825578072 1170.2286989355
1147.5279802605132 1057.1873847466966 1394.677077991064
759.3144070394115 1643.82434176527 409.4192552175156
1544.221550874222 1375.9939758842513 985.0224034042167
677.2894159049572 1336.2868508568813 325.55792060722405
1003.1403684966267 1074.826919126917 181.3254455400935
946.6953810970955 1787.1488863165823 26.04100910210677
1871.927439528658 1336.0549428523534 701.609239963172
621.5031436875324 520.1843537371908 1449.1136652315306
580.5612396961633 837.9786978399646 622.2796355166904
1394.6945725908429 341.53036529443506 743.3605890025042
1568.2984821853192 131.00970406756196 690.3617180779662
1474.117365625737 193.09580858540997 1430.3557988834339
1099.1653494881 1714.7546240957781 1308.8795456393511
749.3129457216992 1720.545690765775 172.09488927047195
24.443065737880467 571.1033545526367 1347.701639540562
1350.783965067271 1545.1369241592754 1239.3270814145553
45.93884696674566 905.3045413326493 799.6802378098268
277.5438064461291 13.378762315935822 1222.1558803792316
1959.0411457804428 883.7371015525504 2.252657562880178
1987.9303504067993 1246.4979432769912 1383.325814369938
543.71011526103 1538.8153209458774 1138.1630373273306
791.9373182046974 769.9824360708798 1320.1043875147286
1411.7600741909987 449.61269912878254 1295.2734247085723
1092.6439029571318 1407.778336156716 616.6586848854294
1589.311138664248 683.0540078633567 771.8490636057356
1844.4091795597399 1995.3302955629576 104.19816580426355
1363.8079741023378 1950.5546042338115 438.2826468750422
1428.512535206329 1648.5259905931782 861.6779842540047
521.716118138301 1421.890944754425 245.0125816099537
210.8269339521278 998.5796890397529 1195.6851000830038
1655.6150231668107 521.4425380256724 1286.5348832957316
1019.2869492090615 1897.4717537968584 358.03918814177996
583.5255813122191 655.3287065171638 1427.5295576143608
1131.9324076216951 558.6986338559059 756.6133312858793
1968.2001008829352 932.4006123711299 1117.3247963021702
1755.4650431453733 323.97021037604446 1278.3223876844838
453.04479430010525 1221.8657575734476 1306.7314713612145
1229.3156524077158 35.377676708667096 1454.9932114996643
1079.2825922054415 830.0467397584697 1092.8180168966594
284.08677906551173 861.6439467870116 808.497297961841
1976.3795839739387 101.40562257340324 774.0276731180325
118.33306112861175 798.6538513155313 1293.5180788049045
1707.453435870971 1023.1183215825783 500.51650507575545
1031.5886244888384 1224.6869558863318 241.06052211808327
361.62107569411893 1994.6104392677757 331.7239085362241
1392.9801415527586 1368.4727440104753 982.9405050152297
1798.0702671709944 1334.2622187084828 437.98402154903556
1681.929405671526 575.7787352834796 430.7760977439736
1116.291116519127 739.5549610294971 417.2606321798261
1522.2686779879662 1482.4737206386978 92.6824472277506
628.0468931786363 10.286029873641578 1040.946117333635
1536.1407985545202 145.0224981360999 735.814501117954
1797.6143479660889 1351.3730676555 1348.4538350632156
469.5672119290899 307.9422980022155 448.4839429267843
1459.4995317191651 988.8789787642742 631.0969496178426
1498.3010498257415 166.86388514679805 739.1493464206501
822.8741326512097 1723.5496330322676 1291.3768163871953
527.4595942701717 1899.92171635465 1289.6274552610964
1493.4028186760693 1112.9201584863072 947.2842391713657
834.4607662914825 1787.8970924011078 406.1100682849695
469.4013288048866 1523.8197296523347 1435.7550810976602
559.933701733359 1833.6668615865492 1041.9320091648003
735.3605647161712 1712.3894933669258 1462.344361573841
612.3102664104618 327.03785867631495 1133.0536333312311
97.08126282019624 678.511978636853 397.587650290866
130.88261012776513 784.6341703362784 418.1430572569283
1828.5151748416233 772.3493916466359 1222.429248340651
687.9097814460508 1533.2310003538494 410.10956924619023
858.7488012916831 1789.2584371592498 1188.525837115742
1148.8188199184106 1484.6357818164033 511.8134858068966
93.8865518395553 943.5525516576599 202.98005266888057
210.1730398653523 1529.1066264587714 647.1241253747305
1406.1035200514393 1612.7016311628681 900.2158645643837
1337.8521735647835 480.12932280505095 351.43234776783146
1103.5595327783863 1602.6736742578983 664.0698051715033
1764.2949006322765 657.8355337739789 1263.155103866362
795.414884226103 1454.561094675317 1025.741843044757
1417.3864513653443 574.987130003784 1048.3973935351858
635.8546852521745 1485.165816466398 383.04551927924933
456.9203870919889 1398.5489680826636 889.4876284186686
571.6314276417376 1950.6290838222455 164.42341156404643
1069.3189844097813 515.9516747088388 505.1723147573476
1215.017816271969 28.545258826722986 918.3345825246461
679.744403435909 1257.69605349221 370.3522212525133
1586.4845483781469 1450.6483729627384 320.13084188039215
1786.3699355252163 255.43609301828752 1292.609640341259
1258.7292079539652 832.909240983908 392.88424825092744
1295.903909873741 1977.6382117084488 342.90844121793765
1765.4243410110564 312.6718291685544 1152.7099446137527
1952.014586961387 1545.3024789982628 568.2058223404047
588.6750596068266 207.72390333016966 1169.6302831534608
968.1738276357235 149.02297188651502 15.270297302364344
102.37931342330397 752.4931921685911 1095.2280408386384
717.4333946046116 1954.352159742434 1200.5748890625978
498.232588333098 1653.971642437488 379.96792159395017
1303.0065946528705 957.721043282328 336.7945498213072
285.5473214774491 1140.8337238379318 1253.174227955311
1200.981231881725 1601.905841320702 449.6523178534846
321.7941956660031 1098.5353213874348 1196.44523706339
791.2822907891573 248.86269993574106 239.62380631381185
1596.6874166458547 733.4689573176827 872.1768394140654
1537.8121214803152 1275.3802625557698 657.9811202438693
1776.5802148665505 1381.4845720533517 418.7430296171876
1038.8929571733916 658.3990589357389 662.6075889729195
819.8435672541333 968.2545560566151 1242.7875097057477
34.98529587445276 1825.1783711921835 858.9562141334271
1213.0994429417062 1053.6768452163408 1441.2445492798504
152.59806375321804 1902.4828437664737 867.8122580673953
892.8011085388677 720.4089963993403 15.026900671090694
1248.6747137217405 1664.0307182275533 1287.8560429017293
361.2043373692224 515.9770004155864 1473.9629021331764
1709.9344728580077 162.80643134926075 646.870318755047
1747.901492326932 1542.4018431937977 787.4548692452967
1751.2542158221167 781.3805265895935 1358.1684885702562
1740.0709822536178 1348.5909983068386 855.5093596857455
1823.1606887449798 260.53616837341264 1474.7064616377604
1795.5034356611445 1451.3875412098398 604.4608246891086
1107.6865686288756 1497.252239084741 1319.2784549458665
376.90409945253145 1357.7598708793585 295.9608475086887
1080.0567817093647 436.9352506319537 1396.644991763469
236.58997307079522 1191.9426436340434 411.7094154592569
129.85039404714917 1504.638020494141 1458.1523191971298
842.7307998204185 1064.2573379971154 32.69113755326458
936.2343438642251 1049.1034136371268 222.79003513273028
1858.5505075396536 1374.7904373378553 1028.8347610909962
157.4251776683633 611.562745667154 745.9699036027544
14.815374312079355 1034.28815888531 1219.8241355209593
401.86778612608134 346.5271589986023 1489.6400857984772
1129.1234270042469 596.2177237788575 730.3508781160017
188.37278498055053 501.7034014456516 582.4098754321371
1679.1215246661902 639.2254157727966 1264.5400495512113
735.8949493055604 1351.0690982372969 473.790852782297
973.8380655633321 1643.6868081243965 1232.703948134457
1451.0258434245052 689.6707497159694 509.78359788635885
1643.4672246173343 422.9375129893294 18.673982124231436
1836.1623960503705 409.3371438579043 899.0985583851602
15.0734455890833 38.52607413680054 1231.7175494632634
1355.1057891497437 1618.3057005630933 564.0206752182492
1672.7612683955945 44.004481927691245 733.704530034084
285.6491408556532 1966.1564816885063 512.2483902334442
1096.4040219421272 1230.7833546766706 895.6184443729329
1831.4264947307327 1600.413864300108 1054.7912397065104
1190.6708377811558 131.1277690976793 1334.8375615763664
356.6574678012506 99.30518718220705 953.4280533838574
121.46050627580118 1471.074762314318 766.4454772428685
1992.313196468384 255.85307295511672 95.01146916784947
380.78957796905667 1314.4821305034402 574.3774680889615
753.134935866443 756.4827344530669 475.46860058889956
520.1965401551862 1440.6403819628902 1361.8740079522202
225.69599520010476 1048.0306426294062 1135.3642338646084
1395.4780816031466 1222.8779244133718 627.9169687398454
1303.6786162702267 604.5919997249505 1423.76208493263
162.8480227800486 20.301395091584908 470.76863793169395
1003.0161873122447 1605.208958738628 1278.6773099786901
40.11325095374829 284.5083647876219 314.754145766378
249.90860372667822 1595.1131987416923 1125.1409971165142
186.59863918978203 203.83107955777115 468.8198107680412
1610.0051461751586 1424.6199154297078 311.99280356578356
170.97751173474452 1759.2715893736608 946.8282119543356
1680.4944674611163 1535.1711173486017 257.0933573901953
969.6607834706743 983.4885416883237 629.1566530192059
1659.374260310312 431.48105276418727 1185.0294436876304
1657.031251877608 530.3687081450628 1399.0473587950314
1443.072618429273 723.782380150136 1493.1262986685056
1165.8335996255396 188.42698092380172 237.48765306979956
952.3576858869598 869.7622039026636 1296.803998575778
914.5967406688882 454.72776467663635 520.8938649944064
987.1008748031965 1972.8843577449986 1181.0753567256684
315.9039891332425 1431.0072026435116 971.8949492215522
630.3363664291679 383.0071634631445 499.4081087341308
1092.906076615826 1111.2798199280144 1165.4601211114757
745.6352808204437 562.963939152511 285.94112885248626
1398.3148740269799 256.5036376323573 487.68147561066326
731.5562273023635 183.80415250540995 1079.153805018587
1581.9039798117692 1798.7798835693434 718.962867095667
225.9307850289538 1906.7759963621152 1333.1572857582269
194.3209736649809 1845.0734139179267 394.922319964424
1759.3322927746617 395.5618089470574 1318.563076625791
1263.187104651634 1320.1087552334443 465.59668737297034
69.60805022236727 157.45813028479526 857.4087350227056
1593.785506502735 552.0447213032631 134.0645853502934
1020.5353068326722 1359.1498441063654 863.5507657344825
346.6318362466592 394.82845665677326 690.1884064901867
64.0437120403623 1111.057147823098 64.86574835821985
1022.661153991516 60.541290095587286 1117.2301531946239
1415.4348535994818 1941.6478605211373 449.1012161054973
1791.7171963750689 1757.4934220529055 1288.8831184162054
924.0222587708138 976.7022570452675 885.898003080801
209.60279931118774 1267.3628205122884 796.7817154166146
539.7959838246311 652.4407142030992 192.47157246974334
966.4600837179897 1615.8507466800331 1376.1503601813101
1316.5400722100424 1567.3031703681947 166.15918706451183
1299.9354849929948 1550.1584897772364 866.7711170062043
1889.2807935901255 372.5224532160369 851.5862692524906
1587.991367915198 79.58371652059593 794.3030093321403
1944.0630451513373 1308.1942911262422 1008.8280774498766
371.45771078393363 99.7994587855724 361.84607741450503
817.8228077699052 408.7253691123247 1307.4052702153563
1468.7158068927467 1741.431467963673 542.7597884052757
545.5802765786149 1941.8545246293556 481.9132663402537
396.04250889382155 960.5394189802668 236.5369977177349
1340.0306878890951 361.2645645300556 898.7246885084085
661.8951134877276 1090.5317430939524 1302.7291245632969
515.7793678868286 768.0215862677169 591.5429074285381
1434.108230400912 1008.7691871368904 183.32445455482727
425.7175000723006 1495.9246464609705 1234.6191593935262
1388.7944702364875 833.5918287143112 1063.8128534687783
16.090947981336477 337.2253290505136 1449.383568864129
1197.7821114412195 1035.8428033677915 1056.7454170928766
939.7068303451665 888.0983456767983 262.4650251031171
1916.5575443319594 534.6954364307779 401.0455231084375
545.7826652210771 1615.4816031663179 823.9343374766698
1799.8175496793656 294.713192248742 1370.529177044771
582.7561864456447 1349.1358294329118 1240.9588117623277
1691.8017077328543 1568.627073778736 1468.5870682955208
1689.6530807062736 1164.7094675614467 14.997155258242357
954.9430785176734 247.29736835363013 539.0422139159394
1519.111753166448 401.08513097668055 1019.025231474402
320.2713590637978 790.004031088905 178.36943670133408
1435.9863078083206 1289.2058499575676 572.4510497489683
1397.138005540586 1070.9496798521288 1277.6700296038907
1956.4383994401662 625.6392780613972 526.0808811544904
1176.6374452766606 1414.7766718922653 1360.9621821118133
1709.0486733329396 621.6903890166028 891.4255292700199
1447.8220928701649 1128.6960067039163 421.4146368019272
994.8795719118508 1655.3549551526876 1367.3839678586662
1276.5277195240446 1039.01527080968 742.4334916153742
908.755322370679 1627.183792967956 266.6445903039523
38.89584621360442 1626.5046461436789 345.1812316262979
164.73384566076498 70.53762054175073 1478.9247698075528
1309.4062059723578 672.3646273526978 495.36289660995453
1251.0816605672546 158.0750711265062 124.6204510548397
251.26406432973857 553.17390824418 630.721716486651
593.6567602372338 38.06270224033592 624.2243933495834
1948.6154111042142 1174.664965535588 1496.3257945231771
650.8402329413454 900.9399460434772 990.7104175238671
1206.7017988293205 512.9599236726157 79.69218171586445
1650.596160227109 782.2982230863191 216.6971646512135
65.00939075482948 1944.3501052997517 546.2576074001616
797.9197749350191 1212.357913408214 607.6090985331814
1615.096000822885 1245.7322164115906 1042.6415044195242
1365.1552495779742 992.8879724759807 930.6008048044537
1579.4316750240848 1319.0752076986905 834.2493375518957
296.97967968163977 1999.695947262514 508.52575014085136
1958.699975948512 244.2974705631298 207.48864656935083
1490.7310388658927 1933.6153759055903 901.089013044227
694.7464548872089 1183.2904524452656 284.61739972085974
1322.9387308477453 846.2524755619438 406.5690368860554
692.7698195877288 1776.312951195051 1225.9351436461486
161.12234186617113 1294.5031548951888 455.29948296837046
1406.135907813668 439.1647121641154 400.3842761261704
1228.8924709926462 1108.5664103835777 703.9869485657005
1577.6843945672717 1380.739901121156 859.1794713287874
1388.3715461002782 277.2911545425245 1179.8365376363593
747.5242853001713 1396.642554349237 1237.0206043096023
420.2812920664789 1419.6449215310442 1177.351678061522
1296.0181454646895 313.3037625548114 564.1077977283448
321.36054714249497 1581.7139862886906 1038.7168374230116
891.773561443518 924.5500198511605 1246.8428068995224
701.7495816954957 164.7651814187876 1131.3199750906715
794.1053246309792 1303.077088985478 695.7192192215188
463.74963821498926 321.51732456829916 1147.1860746344596
293.0709461333116 480.60622216350146 172.26793985357287
1656.8451025693796 1913.4756045706222 1177.8376670863288
1923.5805817045286 450.5408306430052 1312.9303657899557
1440.4959537418881 303.4246544064141 839.5953500728622
172.1378767639916 505.61889329551326 488.60889852295264
1437.3732051350526 915.2778204571555 785.77039555341
671.3496263141939 1814.5396588342287 228.23927616067397
181.92859926473216 678.7352354094842 895.7540126172947
283.1791948945099 1145.1724576334054 696.7879239642928
1140.7085432675892 223.05654118146134 1295.2158887983687
912.0618741093087 477.864763736648 1448.5404060224519
796.0957121078425 1968.1575509458783 697.7629555815083
331.5612641149912 140.57097323808753 920.9510633592122
18.209401024375403 1235.6034237099063 1397.8705956569959
1088.081899366212 563.4764509534433 1395.3319910578957
840.2518269629766 1063.825040236832 702.1226612002637
895.2074065075084 11.679259056279756 285.8890771364482
1234.0795036629697 508.00742570788594 1291.798080683272
1754.41743180155 427.59300491469673 1418.2431326709989
682.3414120176699 415.10634205052855 1245.1369936718838
694.1264741939195 1780.7869760056747 33.458496875619744
299.38573466419103 1216.1050662063262 456.63083415816243
1415.212277583092 438.0266655110825 887.2682906125691
356.2293147466038 1659.611090354861 725.3631788287696
1698.8421078925335 1564.665830686672 485.0680640255784
1367.7789458014586 1786.4884839266842 1231.3553091335152
942.3649690403779 971.1165977495752 655.3808997857021
251.0435249270282 863.1557192136011 238.95769335217332
1305.370271697348 1116.5527220055803 438.80775108121264
576.1043319954615 427.5993781578333 944.1802030677303
800.911573937098 1768.2885381271294 400.7386523934196
694.9095407189798 1315.7223795449477 1311.980076083786
793.3556961176869 704.8367917550848 1004.4625268605458
398.42491937669246 1712.4797193107606 792.7125747037397
983.6953100653756 1942.511319168349 1347.1916336366835
1963.1383874613996 354.15837300655164 609.4742200470865
439.8100891537038 850.8074123583784 337.3346970163279
1879.308083900911 1899.251333732014 557.1588439158238
1897.5666416533854 1307.230399449293 1067.2629014253582
1508.3986071519485 1831.7141903356992 1250.6278204239566
319.5205472202427 1990.1276601437748 657.2036678272977
965.9065354735368 1099.1355531177933 847.5576114218101
489.45982663696566 1221.7407412936525 1329.9970636151133
160.02541502561084 302.442346833373 818.0791371724686
1720.8868180642237 709.6523647982738 1458.5284191811259
947.5012515528321 1919.4911244075242 1146.5684903197182
758.0070743328713 1273.9932279139825 158.0998087753776
1983.1910444641483 1339.6715289275098 562.3038417191786
814.2853125063294 748.5677013640033 1099.9548587516178
1438.793277676304 1271.3465286664086 688.9621234563534
975.0143215183165 1974.5832936550464 1374.618368067718
1169.6678847236246 923.7812844104704 918.9418413784057
1167.7104378771076 374.3106291498546 1230.029928035554
1729.374304181976 324.5719201474451 940.1197700632005
640.9538477116745 1093.005920697229 1204.4921913571457
285.18079315343294 516.8214409786442 803.2016263599057
567.1370242394804 373.59170021003064 1288.7154690861437
1379.9962818844567 1482.8181861072424 1459.716089153333
652.8440436509235 1658.2931762320507 826.5171365736234
425.44792813358345 1663.3522140134407 1340.7092571586757
494.812659113318 1175.3877243856423 973.3108621887205
322.69414527240593 1995.2934348607137 1244.4604239564558
741.0000792865903 603.2797266371939 815.3104319613641
677.8273810015825 431.28243973016936 272.9287229659163
1171.828832181408 957.7448237829185 1350.3523207698308
924.9552031561572 602.284138038895 20.038820963582726
425.75331512956313 1960.4775757030156 1077.3371571706164
305.6174489552974 1991.3754683973007 915.3441828662534
237.18751606331435 614.6614191246247 268.36257045345957
1375.6300102396408 651.5733497832798 929.0502153346646
994.157480646261 707.5102764127168 640.4490534549691
21.554931804254053 660.7564578938261 1371.4888473176966
1809.2403481336673 1665.307121603454 960.0694229905276
512.0032291190755 494.0098420355026 1182.72070219324
569.1830118970182 1765.9219722838723 1498.5281989803073
992.1883071042565 1373.0677127583278 119.53973649911597
689.5526556129079 841.306349438703 1368.3694346508878
108.4081329739528 1658.8975846553674 1118.0834425602807
577.3801009187813 1963.2838697667667 456.2196509452058
966.9516694119716 188.68701375799634 1310.8860877165343
1910.1598597119578 24.530741619115837 1076.8851057620855
844.0785694532682 504.8194374243593 431.87545989918266
1505.588335457105 658.1199767730759 614.076482585923
1100.5358199671196 402.4401063341143 1478.8078571674469
552.598183117037 1965.9231746312553 1405.0824424769764
1476.4385057920917 654.0125909721131 785.1098372489904
1409.831263321974 1201.6601325444633 829.1478270250483
131.81241318787374 462.84517824762304 1486.0009846791638
572.3886463267247 1124.5207973661568 344.9607862446135
751.546368298196 569.5615581229488 1444.7434964451422
693.6546294596421 1853.595079086935 485.631147341687
905.5099225799066 214.85091858422513 1004.550785874212
202.69873762867286 1753.651483580642 217.27381264454144
436.2376900774017 473.28501835082704 1181.6986713194815
888.9159676019756 1570.5238389918352 1480.3250671117733
779.4897211499274 1120.7425047350935 956.4468992542904
1698.3880350571042 893.7926922059613 463.60559154613867
750.7017717073929 348.47331764616695 400.8988206246734
1695.980282325123 346.47887091078775 859.3691223927184
383.18080064796914 1988.5405383317604 234.79984116907553
1809.8387877379198 1408.9126575498383 1312.137292560479
547.8718392299171 349.2220338312486 68.66803522558956
1247.2212711384973 671.9538870647261 727.8979840269243
503.84112565011185 350.25495410861686 621.3413814736975
994.0015847270533 208.56908793637973 699.6822830549535
869.6000880596666 1481.7182880835278 1464.9883050577462
445.30603685295887 1208.1195446293802 873.3770300394406
505.0059569244052 339.2656636326281 1062.8104542857143
864.1845484458835 71.99353321053903 71.54205132953312
1662.2369764965586 476.84865279009546 1284.8798657377888
1052.4262996660186 1918.7860327299074 391.1667584127817
1458.9985408670307 1132.7040453883687 755.4456206779385
1341.4313706030248 723.4466974851139 949.8306062732277
119.68447616918621 1623.6176158306343 1068.4564391649858
1684.7935033501874 107.46743806619664 420.19721662673413
589.8654262372492 438.8254336482795 77.01488832914055
1911.479797119199 1021.8470888937377 1249.4098086033107
439.34744050231456 1993.3978984250941 28.598536199417268
843.5816636803659 1335.2402209449817 1446.9503178945474
1074.3543275901113 774.03880368961 953.3492301084389
573.5066221582185 1864.880479165478 752.7466069754837
1537.1669545638074 1168.4915526304121 78.0395942194162
1378.0718518831734 1259.98998515959 1095.1447398639611
1943.4721564152605 1424.3689835408534 763.8457652966273
940.6672119380719 569.0423274803607 1474.6871830548057
1110.445900177659 1471.929877319043 23.216984971403786
927.8580209710572 985.0711260451253 1055.3704436217672
642.770904445332 994.8139149222354 1054.2604293876739
1255.2614400983136 1719.1693199736542 855.0815241933325
1201.4297242883229 299.4690192620668 850.372114695989
1250.9452161248673 1277.9687021011143 989.8189662741165
1408.8941973663548 1119.7155291581103 628.5448339889788
347.7913990094861 20.710468752681123 1249.9293243520087
719.7011052382131 147.78396869814858 1306.7628071316044
285.757628049609 1934.1625625196705 605.5317075477919
355.25731810804893 1893.7427803354392 1355.6572353277509
1877.4888126072767 590.4490039747399 913.9070363663366
27.128802161678458 399.78378224170586 797.199450797733
744.6669668566797 1516.5642309382174 973.8827818244223
70.98018367127534 1918.175192075402 451.52886104856395
847.224231375346 321.51271236136523 32.88323598548048
1937.305553551288 1897.1309145422533 1398.915434973709
477.2046344083063 900.6008491276216 2.9404033770735194
709.7633807720172 1813.2241984750992 1144.544948901219
1545.7992706684895 741.5640545988116 1006.4052048682054
1566.8648660182728 391.49360067669716 510.05544243783066
1880.2937270412704 1656.4654335232221 479.502035194596
700.0066013948071 1796.2698769942363 429.2367050493966
650.4230318302384 335.4229271348041 1038.8016869241521
1098.6986684228889 1500.5162204182516 951.2359327142847
1670.2475236121766 97.4105261041287 572.9344717934929
951.861688897214 1948.9794757024688 1008.4344305817058
284.62972250944273 795.1935488253301 237.63746412799637
1231.2948756668009 176.67466108493502 955.566282030069
1819.700304448943 1012.2232154782694 670.9060376956444
1942.1710626976094 1955.5486245036764 751.8527726524421
1939.0802670060796 95.5308395675516 722.4376679961097
370.4372893727057 368.75889792233886 1434.8263381223976
134.065094043216 458.83637484634335 747.4448483853406
556.156454309823 1606.454720069813 965.1204797445411
1229.5221761257476 51.07838182926328 43.45797015188019
1870.4237295381188 1970.8769865335541 375.3175200459028
752.8936723587918 1480.7075794113814 56.49874865030557
28.16533179991665 334.2590821750366 29.546338163775165
406.87024950850525 1914.4804837559848 995.2886062350849
95.6508737271482 456.8900138722933 801.9337975889205
1847.7994187006782 1476.5609499844077 84.44290700648483
1885.3375912549368 1746.071624397968 1393.6143962241213
565.1113601264859 394.7317529568994 928.1913305548729
1732.1172769206853 1478.7917595609886 856.7123349362896
31.076608950675542 617.619489330628 1297.1965777653807
471.4422360631736 1630.0024060013864 1458.6251669714704
1292.1357395578157 1245.1656530690263 166.9169813267742
1678.8485397028012 1085.4267456988373 981.625525608338
948.7514230033876 1783.0574891409221 61.34336826851744
939.7696243237317 1936.3825866555665 1301.078397761461
157.87110900004774 32.483922498552474 698.6319621359794
1673.0681513227653 188.2331600418261 853.4142997350095
814.2185981521028 483.4263322599741 1258.2625756690386
65.27602559162094 1290.0562050274345 1304.56492422692
1330.781662403643 1402.3196927267713 491.2193527124406
1271.878706724954 1441.031018772912 705.2504989986846
1648.0357293173195 1969.5288318190374 1468.9021845986438
430.1074104845477 88.31446260307318 547.8420050416912
1197.6995318500733 342.38982913084516 92.51094385198677
684.3119163406191 616.9236590047628 655.1131229871684
416.86890866753146 802.4192689139973 400.9909566080685
1801.2573797733182 1825.076432481212 1437.3073536332745
790.9819993934289 845.0614429273814 1159.817827708299
718.9664160387656 892.3359639583394 599.5068131290242
444.37205941002156 1994.9211979422762 600.2023104780043
1896.8096085575673 1928.6788530697352 360.29391090534693
1823.8347871881408 604.3694847253191 328.29322793030894
1258.917719580903 1879.00817969389 524.1166662833934
1237.1978596496979 616.674063347372 1495.1767268909275
1841.6017077569295 538.080443277029 1302.8203988295334
1261.3605746462076 1410.9883514883354 1248.239791507065
293.89041659473247 1860.7880317749887 283.61875448782513
1219.0338837122044 33.163018922187874 444.311502012104
1582.8058714327076 1140.4580398842504 245.38328160740147
52.4977072272701 911.8333681395618 282.96141195863623
419.9881582564944 1588.3378424384364 230.56849810202655
145.40130458110045 1923.1035896093633 189.68609887967958
1818.933430858244 194.58674824884415 856.1238684113725
1241.1909638848829 507.06255695977376 560.5295757551362
690.636244667153 1291.313370602494 546.1363362682606
969.4372351020561 1198.070180553834 744.0670437465436
179.5954162087927 1034.9348312941602 1438.48942942638
99.63300112172901 1995.295483019984 287.37904670216204
1246.4620015785722 1673.4140838233395 710.8520837751734
1856.062198793357 1384.1129912373085 1007.9817494036823
1096.017059130172 1789.909848776766 801.469061494014
1467.3737346764035 292.02981430409716 949.5209909893413
274.38179871312695 1314.7981963883572 967.0630258822456
265.96933919840814 149.424515573914 1281.6205155049765
682.1235889033097 1191.4814239671148 231.21243912050616
491.656594879615 150.50270070436534 796.6886726387038
172.60828829561592 1444.0269699792175 211.4834534715143
1688.8086188287682 428.5005004366092 796.5820645723713
923.3541028704808 1553.7886305883549 51.997426847640746
1572.707578282523 945.327761966559 732.5089628314303
241.2780408174533 412.6456427102676 913.7756293613528
1002.9822126772974 978.5136990572319 1397.488716504682
323.81819081651076 523.4662306240141 1209.9647096518895
230.65475585610363 792.5934891983104 1221.4615457548443
1466.931216475 1314.8681977643953 686.9352648176515
616.3307505520931 571.7498881122358 1167.8257690460812
1006.4918721475176 85.72876113781925 536.0008036025681
452.5384535220762 94.74571143143496 212.1479795420335
41.60642708496698 1557.3999632217865 664.5625380827073
342.45812374449014 1536.3907152229576 1495.6658047525336
957.4534686226814 1232.3076911543535 631.3424497609794
1722.1765563147621 627.447773216803 660.27170088873
1247.412360614831 1244.9469134051556 205.5494448301063
152.19470336897035 1356.7573758900396 1053.4186483533626
1799.2315113911618 1284.4164100939502 134.37697001959015
1913.0896236988747 1391.8038827289295 441.2574106306265
572.9119495218564 662.8035910375531 1136.190771896971
1351.1589098793022 1391.3559563450265 901.7021425075601
1929.9715877643507 1004.076607793046 341.9939928499266
921.2439213850396 1303.571715664866 704.807168275075
300.2299172990999 808.989000080532 502.589668030946
833.1076507956583 1962.7688168581176 95.57186456230649
647.2136032258227 372.29375240907683 1307.564149386779
482.6055365426687 418.1416480989886 773.4148363990374
109.16999809327233 1140.4405748542508 733.0929431526152
237.2095063808597 225.09794570039543 1457.4248893530503
1226.0524336492958 1563.0399409875063 1148.8891484438293
1673.161763759242 1225.643594633166 841.7859214659352
6.6796542944338455 1271.5762942666886 167.16665919496376
757.3352008026366 1092.1818453213418 1423.5372360716544
1090.7425748183102 561.3581683480886 1446.9838450337365
95.5897999057651 1843.3402880718324 357.5257323574075
739.345955175172 1822.7962782447487 278.3505280389261
1798.8694186035934 1690.4637590949912 1290.741469198451
766.2950939163924 1579.2178002664562 712.075055729592
1105.643228026758 1788.5030629316636 750.5995616021328
1574.3382736897556 1913.8760323878544 295.3367708690749
1620.2243189344315 1865.561967304187 101.8912293320437
1301.9293698887443 981.1435264621044 713.7317411
1139.3617676973006 884.4976035939549 274.9967725601395
644.1477419463429 418.1990798219704 867.5574723994632
1.811267113900783 40.08760822891833 1460.7439418971364
621.9700402698809 1668.3942728782545 478.23787684052917
1628.9177516942989 1200.3861818907965 107.67659623096337
9.922205775976245 1093.39378767356 784.8889925073149
1595.5165692456746 1683.046512863878 120.59895719268205
1943.645222439398 1034.7757748599583 1488.530227289578
936.7332510494066 1519.8451429726063 870.5796453417398
1383.3367145518275 1408.3936181080164 1468.4347650832763
1237.3826830847952 1452.5787123138784 1495.5312976149758
228.1829933359496 1506.5184221320242 1168.8264588830104
1674.8990061091843 217.94518535976604 1412.3641321524601
1802.4511559099171 1238.173686231613 1320.0095287009751
1535.543748650682 1637.4309169452204 1042.674286349354
409.49122531467475 1221.1284380389836 338.68131423383545
679.419231535183 411.77996703828023 360.4910766448803
717.1458073497495 361.3618200859301 1274.152020590857
318.034719619311 202.11582313188535 1093.3883395436262
1064.6566660639382 1401.4992181715108 635.2819832868336
21.616539250453926 900.4584383690133 1162.0500839993524
649.017939177728 1328.929700460973 1184.3096237703464
1895.2161526362975 1261.6138542936017 199.38241348474477
1176.1704106428392 1154.356016809997 717.8727914037378
445.1294274948461 1957.4061705507781 589.2536673043745
859.793000549755 560.2915163377422 1089.0837760428833
1923.6288688175925 249.29466319570338 1404.5628346119624
1939.5966589762234 1276.908384057515 1481.8313929668607
339.5996273647559 1287.0594538124747 789.7942653458799
1486.7310671799441 1991.7687586821169 568.7042982397608
440.9649065792212 1852.8004983369417 1347.7757825476663
1396.9612566555854 1061.5889517315686 505.3181800655841
1053.63548848561 482.11265176619975 1148.4566049796779
1933.6812503566223 1350.6576231409758 1240.1023918207438
263.4633931116426 1839.3077440603772 781.1879271844233
505.5880974339637 313.8387713617918 1193.4470758352027
807.1302251908021 1253.1239477174383 1051.2023948720948
1853.8568127173576 812.0415435426646 882.0887292018386
1548.4371987849934 1036.060271606583 297.02553334596865
525.6408681235487 1308.898873729833 1311.393398467904
828.8290819571806 1738.0551714413248 1173.7190931770456
1660.564488101715 1381.5324979607628 20.74855692351374
805.3508248953793 498.1290783693348 644.9436352748986
1720.447137658194 442.75190864971734 206.2831257891573
68.35322476107252 533.9941725210014 735.1446755958553
1240.1156445081185 1053.946657924713 821.0307537203198
217.96621261248507 1375.5088629171946 681.2064854507458
1507.5390207510911 335.36327285604096 543.6128436363995
260.005959108883 1629.3443193378948 202.54808536806001
782.1056505576107 149.140640430796 1008.6141406789949
594.7992474166424 1665.8275783817533 499.5898898937757
1811.098888545673 1598.1370840635261 1451.4492463615286
379.09857820129787 1657.5398514259914 151.89627455832476
1318.9612222412331 734.5668319447367 832.229594903223
646.4381440327531 508.5621964984606 172.74269990156122
190.6173663118449 48.36521690761608 1302.3109898391613
962.3823642515868 1729.709727124963 757.4398690655839
1472.9345668118196 690.0152707645638 1206.4730601858785
1650.9972628415178 1658.29101957981 400.05534907066215
1421.5918464857232 1354.7404599929819 87.05133968512574
1729.1401499011233 995.9589218344888 827.6165158587611
1325.6454536076153 5.643473427646928 1088.8735681013902
819.3072873367635 1936.7055184523613 753.3569722615209
1122.0926833134508 1127.756687450672 21.906791627307133
907.9410036123359 1552.5846789408272 864.3475326824549
1356.8539973844017 1291.662104485085 843.896056726857
1227.4508427040794 1297.8918464113033 267.8052859209331
456.7784667553207 319.8405099534571 973.7446715652604
1329.5304229224705 429.2327866066818 925.2536864420979
101.45086740379617 1274.226131507089 1.1457784744675625
1230.0047817477653 1712.7662677289977 996.4642899148929
914.2004173229284 1874.4132996856508 869.7011910741721
779.4220064946902 1663.1769170945472 607.7913476075863
588.6166586802941 1028.4377022478175 391.1281153852468
690.1001878224173 1177.686228964748 543.1248264651977
70.35916502271644 1381.0687353382953 615.8793401874115
1743.3897574160644 1459.4566973827114 722.3374664055162
1080.3567864176714 1960.2547861698908 62.975777093381204
153.2600051870241 55.69876107410487 709.9345588145891
472.2202539396676 1921.9167299701 1457.5535396255434
1360.5244470114897 833.64536620989 927.0004322153768
104.14452698194255 201.1836822993627 752.7137612700419
68.7181046224079 189.15595196050373 237.06913762108073
1748.780912460703 1050.2094733340973 51.47055232901665
1375.0126113042004 670.5125559685877 280.77920469635313
211.93757327486185 1620.055829973283 838.0452107969395
1716.8699128759097 873.1239006358409 217.7745339410359
908.6323030159973 1944.500289235942 757.934122277134
1610.2930549142607 1880.226351255769 532.1079988565798
574.5709712329636 489.66489448940973 457.3236324701814
1350.3470845093382 1730.7125790559471 1075.383971132059
1254.0590401731417 1906.0957882969885 1324.8519528458528
652.3311003923609 1662.1893852876553 107.66590040300572
1186.9475771374844 1231.4120289224654 1000.8425697516329
567.327182074032 337.67263099924816 88.90241358423184
1490.320837301196 1181.3874297859315 833.2021791183678
31.218882298846395 1857.9270094210494 815.9672923206505
1646.6717234476978 1298.6921064337107 1296.680112191961
1511.5879061289122 1370.284205936338 500.2012034586033
1372.3720825302294 297.33308187843323 482.3164154617234
1431.0528573512424 665.4159574825136 682.4212057875677
1102.8700217571882 550.6726573414488 642.8647029635911
955.1960367120508 205.32197429697675 109.49346203323095
373.85101621127893 1879.3956915995095 207.01215285567565
1979.691265983472 1236.5910234763553 623.246301994885
817.4345213688141 1156.0456226568856 724.3441511597833
694.127753204605 805.505866606292 41.9559792184101
1694.2659542997128 1110.9451707174271 246.35235483521518
1101.4106181814047 1090.3548182841641 855.8949534044141
209.66485856394334 1696.1473995894853 557.0132602259486
1006.1591424998893 1387.2177839810122 1177.832661190108
423.866704845423 1659.8450206328384 1390.0657287338367
1231.4891869937157 1995.1495029858988 1098.0755142208905
491.88173736048844 71.9587984321195 9.850744688349566
472.60344173564016 1278.9765718254516 785.0127417608003
222.54187303230722 1890.001335106819 930.023372682841
1702.3362233848648 531.5779768421744 135.84281429104283
522.4801453111259 1449.8499265940382 1156.419905115629
1395.3869985958272 1718.374359217956 241.23483608695366
517.1201126469267 1944.999925942746 57.218625896880035
889.2095831296292 268.9590742796164 179.12391978510155
998.9404884012409 1533.906587827434 523.3948689954237
996.8221809835478 318.32150795330614 569.1467809773317
1117.7527824012807 1291.6898281337835 937.770630563676
152.5188046037893 1111.0986156139795 1093.6599030665134
1929.2194743080897 853.5513720435385 1351.428236354993
290.4620923793031 946.2030233863806 1254.6305331981766
1049.871937826423 1379.573611697713 1281.1591596986755
1.9372782957380874 756.4797391410614 1107.7436663284082
364.874193315065 490.7968607268967 1165.0412550456504
1401.4154084843387 1890.5066149723516 1168.5153657192227
1740.4507435481707 1347.9050709337012 1171.9882600432122
1994.8270191671077 193.19366680347682 114.14499792484034
764.1046604232098 595.687291791374 1017.2792367237156
710.3173337672541 13.839895517554934 1402.3833780543516
1857.067387208124 934.2773751167057 29.912850237682807
1831.4625480877323 507.0381235571904 185.57080219608707
1783.4963158225344 1190.7101165900547 1030.8712778920217
1107.8364408645289 443.8503963303908 482.0290736103659
824.1526811833442 55.09953129110734 816.5085098152863
1643.478152246508 1505.827110457798 271.7017003527347
1552.1080935961966 593.7380905482048 458.4665562057112
23.647563385639224 1693.823857372685 583.409980904582
1966.4092459586896 851.3098787105776 1295.4376194670356
1690.3452064213106 42.60256894421954 486.30142940842
870.0540422802305 510.1167801714785 941.221003320965
510.2379475628984 364.1926256912318 1495.5918756865824
333.0699805540891 889.5830040245816 596.5194224140413
1646.126132509991 157.4763197446769 1252.91516268798
228.45503142501755 1296.5825450697403 746.0404748547658
1899.8245305061942 491.44816524825586 1101.2558508948996
1183.7190993815002 1524.7622339858597 744.879510103424
1719.121963679218 1787.803599232013 1450.8616628801371
1439.2477078143077 643.0100410633652 174.01789094750148
1254.9241413669677 1249.9542446207709 675.449950819002
664.4373846364608 1600.388307157451 275.7388605113807
605.570663304871 1978.6906057610854 242.12421670068673
487.6551674717362 1942.320809660976 442.0587114096879
338.9487464821892 1310.4360038494249 840.6498762864809
727.5479097268485 1962.2587232210944 139.79854164001082
47.26578510534729 953.0239147078812 36.836677346210934
1008.7106444862785 919.3290868684718 112.16412503464007
1294.7145862533412 880.2952089991325 811.3011047937568
268.3106671828246 1462.634876967318 819.0641470214617
1045.1495094913237 1611.0519252744489 1163.747635860049
1011.7727658668065 1207.7732791410006 344.7509230049633
1788.2351287548029 140.69456825082383 1303.786004738609
114.27252511578922 32.025995852722254 923.5994330491238
1456.0694678875618 1319.900338395309 1167.1066498097202
1547.5617893506735 1093.098347684703 1358.7676409611508
378.7665427180358 659.4536040976278 426.1388073111365
1335.0173101105256 88.60053539242242 11.358220877233371
1290.7784869991963 614.2896764216767 194.64249355204532
1574.0508748678944 581.0318898491993 110.56465664397247
1459.241870533666 1418.5614647191 952.0755715677409
1011.992399900969 1537.8907608075456 298.7245050189626
738.2405125894154 655.6477782895782 803.7836789397074
433.3281727714744 447.40193116122964 1283.0662250578325
1459.4383140530288 502.52226081076515 967.3190298388034
1636.6653763077843 1609.9064087245613 472.1417670282223
1090.328076289925 1115.5167213076525 882.4839653764271
509.67365222011017 635.5324638550095 975.0035157839222
917.0783619932807 1635.73770871144 858.8314704930273
146.36855100629975 1562.0335926825853 127.88080443496341
372.435125131108 1301.5050637399502 403.06666739401203
1381.0472319886978 1372.9492969225744 103.09532966370944
1255.8973854994563 261.6140213812659 976.1152979085448
752.5803307094403 1908.1962635861419 1233.4016812473733
80.74776625833402 1508.8951341830107 1162.8262330710202
1627.708408275497 1520.7021123622412 585.8773122661205
1173.011928926695 1098.6745338073267 943.6859678728224
824.6602270959129 1207.5580810790664 1046.8654058958073
1469.0918143190436 1816.9246471118827 275.77199231177696
454.6929214151254 1866.9984015648129 1065.5915412995912
574.9467053174917 746.7658251082867 606.4162962093795
1927.0008701538993 1699.6748766387293 1359.1786364613918
740.1191469830006 1664.5199181296953 1307.2368948625494
108.34293676761453 716.7592978791098 37.001551089095756
964.560917751313 837.1954952958733 122.6607268284553
708.3217356528335 1335.271966534635 446.6047593578215
1695.6267041357764 1904.3355877097754 1178.6100997908986
680.1346945169091 451.4986602833033 1201.2781413373698
39.15211963801512 1388.4199271176783 1192.659234703922
1169.6594371174838 1976.1351031232407 120.78860484459142
112.14395558619982 775.0393146629417 843.0093017647897
796.5420408323519 98.27665925585616 1073.0994934860207
1967.6331696191194 1458.8660152102789 1304.2596824285997
626.2972869463262 869.121312077773 221.22909990014267
1011.6322283739669 1995.8360343314089 194.3997639704555
885.5691202883271 543.2259791594845 585.9027025271291
1333.598420767451 155.22163627195985 81.16523829262879
1078.335972072403 1105.831150629918 663.4627446766617
938.9766050900157 958.341679252082 583.1714012568696
1828.2389723886488 1827.178410700229 856.7264436711527
1108.9146566206864 232.16956236172504 617.5060869330268
569.9807609354601 1610.4735111370496 948.7455966194252
1188.5901726707473 758.1486233843603 890.8243236129488
732.4927129510684 1597.0362509686188 570.8387996983456
1243.0771971417248 1148.713427895008 1387.7014908679898
314.2345799751136 720.6576217288048 832.0175279208045
1161.7998859834122 1038.328623569446 677.8742051737839
1177.2363523613785 1780.8337265149892 260.4296597222625
1815.1766084548665 647.3237972124484 877.7423375709457
448.5602921825782 1395.14698046236 976.9249541151457
1846.139097949184 513.156615485058 1188.518469055397
1351.3786574381538 1780.2898372795853 788.7069132271215
1431.3588893624176 1562.3084198324243 772.7144255505704
1324.56130643079 712.5216467951285 906.3234835617894
1628.3686573417478 1245.184265859934 678.3408264187401
1181.574067072286 1394.7778611925503 674.546867347498
1432.1871490734509 1749.106808156751 963.4284746370234
568.2538572031741 1548.2349715125438 1330.122672611066
134.9192048963368 1163.0274388282137 805.6235309736065
1879.144505408578 1683.3582589770342 3.758634482466938
1742.5056338711752 581.0614422296993 945.0611604082046
691.0481491308902 440.9386912029172 67.64154224375368
1766.480797709188 1522.688961205283 1305.765073116225
1518.3092254582318 574.58100020911 672.6249340396688
44.826604445912466 309.37906798578973 1223.3915589597182
1975.5585424882477 1578.5551213648707 22.098420796997363
926.4042890276997 330.4798416706074 1344.5834354308715
147.9635697531909 1732.9223302560004 832.2130055518649
663.6051377552734 502.6641775741716 326.3540505258279
1009.863659583722 1614.598326653043 1339.0605941501476
120.13298488978275 1551.5847952265328 195.89748368297765
534.3683362770231 496.62991689974945 51.58834784588073
573.9142267616695 1489.6080485480688 104.38528000602292
1719.8123868092716 1626.5146808247232 104.84043425889105
806.4929267993939 157.05595678628836 95.24030533838184
328.311670976833 186.26002603526027 484.3295004831398
1325.7851365470078 770.8584213599936 1147.9055636475352
296.0263756034736 191.3377107485581 740.1244756578845
1138.8940975124476 30.641337645330946 739.3070676280994
1767.1865425642134 896.8348932210557 709.2126283063307
825.737315530271 1052.9057640192452 45.178724236278555
1031.7815399594072 852.9593940341149 1320.109154392601
522.9922327254309 273.5497500827666 1359.7726510330967
1536.7908715645124 554.4559531892535 466.2174644406679
131.7986981889112 1755.6733725616707 756.6342975224051
1970.1542932546179 556.907770232912 762.8070542942868
1198.6371549964358 1125.2056746247458 603.2176664027222
1370.9960744234652 1034.0279600151766 1038.755815307378
610.5547703421481 1458.0901020245317 290.51457319884497
1316.4427724860634 1700.8446452070402 1487.8777766330393
689.3937760837125 933.5329965945525 1444.504816763381
527.4392275374673 1490.5116615012691 415.4160455355753
1746.145430416696 1903.7458075787827 54.58522635598101
796.4018447364758 967.7002356380804 605.5891941897306
696.4468773765384 1239.7787871773478 279.93466166121357
261.7196191253042 470.5872216556106 1440.5459002066507
187.628139846471 1377.6845449132018 1004.106396317733
704.5235946613755 1564.6864960810906 401.89655984347786
1917.202967304505 1867.8257518131898 792.1396702689831
191.7445286932089 545.4197469176787 319.5625080987294
222.5102931860996 979.5079890682767 8.340557111163216
1279.4287172909721 1616.4307061460152 727.8610823835971
1763.2636782493448 1550.5425841153415 707.9534270630442
430.03952662599374 506.73800931529865 1189.4169739833908
379.55229280286204 335.90597976999237 370.2883252733491
69.36403983491846 846.8538771028719 964.9912999248322
1245.480977829988 1724.6736261744695 386.5514851648592
1173.2484509901199 1034.4038433616672 1118.9207477248099
1360.2533308753202 664.1632393011146 1259.8193767630703
1864.6044020608736 1037.9137825666132 1156.3905160878573
1706.3986258543803 31.23121248400529 1439.1719402095052
1147.1782475500825 209.36248970423722 645.0919693673424
257.3657525075397 1491.698472923921 897.7445526577724
1320.0198752305946 390.79219115948985 185.32804139965785
376.0395202465099 704.0466098431699 404.8381047329978
1306.6388029975396 1257.517172022731 1238.1488117473143
1603.0739377601512 652.5932993524685 1306.3434984804196
310.1966347130947 1415.3872645061044 132.8436810401165
1315.3361715077442 922.8921671525853 1171.8871621395622
186.2714439902018 1496.0517859997115 257.5788372646127
946.7103086496509 402.02607639357547 1422.2071566690136
1686.3838905438981 1921.0610885445406 115.6116907575403
82.48465376603664 803.5074871755517 79.04841550300951
142.9102825998474 923.061541891107 1199.2584854401916
1236.536893602664 171.4129203823056 956.0005413405454
64.08502511777847 1205.8409757567788 266.7745991421557
18.597994612685298 1337.6878196950547 717.6513083654688
0.09322308094050769 1139.6992583774884 1348.3547720902598
1690.9719525516996 658.685764176654 1293.406879637867
415.49921474220787 328.3335652102357 741.6336014584596
337.40733475785277 1814.1265159037655 875.1433221436216
190.7593028653487 1635.6875633840814 1355.5255569618273
86.70956825602838 1427.7737129598265 458.0665183373268
1785.6547380391708 972.511027002371 715.1616590764511
107.69274663997774 1322.6232887929593 116.5187855329307
1533.0378292769462 259.3674525630254 534.4321016545529
997.2645425686251 639.0165235984086 994.73590679889
1080.1646542867813 60.59642302826429 237.75868206583957
627.0877324154374 990.5867179536451 563.2372955470686
527.0545650448877 1569.6504266842892 465.10364078260045
270.8699445899114 389.8151733203397 1019.3128294181245
331.29775548481797 1749.2310320645438 1101.9235393315726
1568.4855288883855 85.11184281819428 1357.5852046919722
1116.0125584136424 1294.5446377966873 1207.8105237302907
1485.1521794428313 1080.3611328731117 25.391248310175364
258.74097461000514 755.6379165169509 1367.6650907720161
302.03912604849603 1854.9721085087756 1066.9127999836678
339.65796685022775 671.3905591218416 484.11633927971036
1564.0134706713645 1523.3606838593846 1199.852328781765
38.26107622885711 674.203408185017 787.8688062909109
159.7853506025053 1858.2428621172405 284.0762897810711
97.2728665275009 80.99475708633031 1046.290355074846
281.53235132198853 1743.4234609861123 1255.4902502442887
828.5510571638061 2.973309638397925 1432.5313116223006
1080.1539838223541 525.1699876356133 913.287228997897
1107.347078093764 1153.0710877415515 940.3060654578022
669.4885626638904 850.3543848009297 88.62708426571992
805.8789862001254 1381.4776995172554 652.9039931620205
568.936884466418 1980.550807073367 515.0307142456985
733.9699885768279 1227.8705196221397 1224.0394165534278
771.6788506311376 1649.7164433081318 1010.0512262188208
1148.3849902410705 663.2767956262882 476.4876673399268
627.7098438158297 1149.4249491776438 600.4473205728353
428.83258056727993 1716.4680263778746 1312.4021013301365
378.18915289279255 234.8482284327156 470.90310335211603
1799.6076505529275 1344.8004807042537 994.7543601353899
1116.488799635712 370.0443202874415 330.4114004044069
1114.738720747461 1773.9811496567534 844.9128882395385
1408.488228778088 857.4920436296741 1144.3419160313827
239.50419073986095 1223.7706646221097 451.62352639394055
1768.8590896412966 1132.3636418469498 594.5432640118765
1603.1043376202172 964.6872728757274 941.6313061441839
595.3386446539726 733.1824331588413 141.3054419195569
1289.974179430546 1236.5410143957863 1495.5019326283157
815.1695236194787 81.80433068124793 374.2986750238884
379.6135981809672 174.25603637130837 1154.3744525865056
153.84265067700497 1680.302667783021 1078.9607798389313
1438.028523543243 468.6602253770955 1444.8930130960687
1726.5981823009283 1998.8603158415597 1025.5066286914525
908.9091851908846 1634.278950100917 1078.0683600735824
1616.362572883199 550.3373690022408 544.0395116027137
140.07057529760036 1060.9067579569114 542.7272026414108
447.2780379920669 1526.0747361553802 1309.4860978654533
670.5685040487963 1552.5026268563047 848.6952741814483
127.50656474314815 1002.8590302313456 1464.885589649079
828.3686394531921 1554.136019697725 1327.723288931015
1520.6983095918606 357.00430223105604 52.4444205151296
1015.2166748258949 1886.7540909185786 125.52582644583727
1122.249260299534 1931.439421489592 195.82598320409056
5.991674396205848 286.5862420350853 1372.2077805697554
338.18864790835266 1073.0258827806435 608.9982596832014
1997.9391935389547 1242.9417301452117 1233.2306767588793
151.91533745143593 440.98672737603016 211.40272736019438
1644.361422337794 1261.8355586051787 160.93593586826472
732.5709716390243 174.7717365004 656.8206560735466
232.536759000457 1485.193807377947 1354.4868547816413
765.0805621740573 58.3364581946475 113.85819045285572
1075.2334249824598 1410.792581959446 1471.6739900471373
1630.4099868773244 1885.0148308893274 1272.0371181053201
229.299719346441 827.6853093832098 916.7739558188366
1796.6823320673977 491.034981583097 1014.1083644164587
881.976826003349 1065.6519489611135 1031.7209637698986
350.59748935560873 1879.162045353248 1026.5594522010756
332.9772600423355 1103.5032926613844 1491.2585320818116
1382.3099510273905 245.04561636135392 1257.4606748215122
1213.9496085696303 1556.1018371406028 546.4885112051123
733.3501438107011 364.77523908747276 1161.326795500677
1651.029287581192 1648.9859924470454 433.857488228024
1278.2537329606835 10.819920774726821 232.13256215412713
1710.7968863206743 1372.7757444156089 545.0592576016504
1093.8110287576353 745.7782633477128 187.35586490842675
1674.09734430334 1068.9582564271393 455.3415205622828
1966.3646143294654 807.8348648003546 644.7463321661359
313.1350872645111 919.0709318996271 886.2680950122277
479.5384064649006 1638.1173103167214 407.956521246702
1455.501404639672 1989.9660853715632 554.4986909682677
495.989596835285 99.31873906573307 1253.554272218299
1598.997215735005 1457.0332340722568 180.83836864985602
1795.2257717901787 291.8366389549865 954.9679647077521
1294.0445847504748 1216.0678310767526 583.4261208650843
1572.9345482040926 1631.10024177071 320.91153432587754
252.4297272804452 41.002840132530864 230.73088610064596
295.50186472025763 873.2726823475998 1166.8622867211568
1494.4701676953027 123.64342775408122 1281.3783168778236
1941.6791706192168 176.77987578676002 944.0518964040352
999.9424426434836 777.7754154078477 556.4939879426312
1201.3802175600179 1685.5897247073394 556.6685020283408
1996.3008784080614 1602.135924168471 711.5762965069958
1295.828295287631 1982.5695630590965 1477.9463594319288
894.9281286869224 1930.8598115796299 1085.6258601107418
1767.1622449116014 809.640386606817 1338.2002720812966
1768.1472822044198 603.8295171630399 1017.9522010830859
825.5528279395407 93.98381002574129 421.41736405446
791.3712278677763 576.5401404941264 165.308798044578
1310.0190507800014 1401.4427044109707 1398.0151142046143
1170.963984346674 334.548992508926 557.881185291089
667.62323420933 1739.5891350719473 226.99837633619723
726.804984046816 875.5293204066827 325.6910236659367
1826.386116797277 188.93735581483574 644.060672300463
1716.504890993432 1194.8152305214805 241.79824732491363
1740.7986849990843 252.54806144369368 1163.781838879918
859.9274595298241 1015.0301309797034 1098.0001290135656
1600.9757101740581 552.8775643460128 918.2357187874599
93.07747610943973 325.071124486044 351.10258824460925
1590.8641311669955 673.0995677697125 414.9888279459875
1831.4118221879964 804.5622025345136 297.1132615482328
1092.5737342616992 1774.7306436986287 84.25840901927212
1309.122624035072 1080.3070779450875 440.85299926187525
50.097629310331236 1029.8938980139637 233.4079239612769
1906.2304940841395 1856.6721681155368 477.74571452250365
580.3641499962655 1280.0841710619598 307.5931774838617
694.2267315915977 1607.739870247623 1149.0894602416315
675.4761436611305 1469.3583723373667 1385.821090647337
1609.9119017109444 152.11484060362812 1179.4058944625297
32.4899510629959 121.82645557334371 881.0797457326936
754.3466637034027 310.65995494192424 719.1573557398261
822.2763366940889 1316.271450184279 695.7054970794283
1995.4329739048549 1778.758249840974 121.87194813195912
1509.4829812885325 1541.2557178770055 44.014525434855734
1308.0542065954205 920.7119906745551 911.6853315860525
915.6843534457711 552.3127083445247 1179.652342640092
518.0191207913281 532.8479389237215 27.954317529997773
146.9453020753251 188.48472801907755 617.4679504409019
575.349008081553 887.5996277646457 77.52932323898526
1248.253742436564 1613.6642667383492 225.7740485248528
1517.879018655968 878.7294175571792 1350.5732160688021
180.82430038915743 973.4274667999541 470.910188111337
1134.1067751221346 509.3332515088052 1039.9777741349965
299.0824044710525 512.8722735151139 691.2407983318836
1647.2139907860023 1438.1444292856104 224.3430700594447
5.453309091763892 1045.698382617924 859.0231707810769
216.629079558464 1023.9699429039191 1307.0159402859708
432.8201409160144 469.716105405898 708.0411822872492
621.5189138685271 1059.4772817937687 575.0474828851169
447.6554213691564 292.63098830610625 125.46096540336882
1640.1195487218122 752.1574912807234 653.573795240452
1435.7453856491802 291.6731986616463 902.0799987878459
1394.3284546824516 1947.8543546008993 415.9127463527872
1941.2371116743311 1962.333572586177 814.3181616999933
1015.5866238837082 899.3380601952816 208.33962209356883
1958.3595972039695 1954.5640305943505 60.090475978642644
784.5095191863513 841.0502067212284 1004.164098963678
371.99343305434684 1725.6823099397518 798.1164571640028
876.8394126210994 1921.5330780144905 360.33421350793486
584.4213930969138 1184.564432879229 1408.9091645442202
16.09394110434481 1468.5757808006101 435.86763025823296
1416.1612814132816 1579.4030991237844 102.44730743363284
14.30210236397933 169.6871109178002 465.9597030856604
417.1312882296503 296.75555970344124 324.72070006449536
1567.6356234035723 1085.4010565577382 138.06857118048222
1055.2867158580632 1716.5249802691937 234.26671184349775
1411.2972220316506 220.1356407193822 1359.993752221795
1088.0333051584232 637.6906759944807 1292.7056953813048
1305.503186583813 1478.0549390233966 870.902064442155
1538.8100431308126 1702.951592588693 530.2980857040392
161.02483579273374 1552.7683599569727 190.02152076259853
1899.0498264031403 1312.151729246774 1346.9064837141216
141.25091147834422 1283.0782418565927 666.4534480252254
1795.9137483213988 257.5872954651697 386.41425869057866
734.820792356127 1296.9501277339698 497.0209069483839
1562.7109519919998 646.1827514044265 558.2659007352925
447.7424462972019 1291.9017615906157 300.15409619042276
289.22570653760624 966.4403828516686 1073.0896536361201
681.2872936150909 794.7047600467694 1379.2868241745364
595.4516911112106 1428.619207815373 1328.735710133331
1968.2647658845583 221.13408780743038 677.5494667660214
1173.3963777099364 716.6667200288946 1384.4312130159767
1148.9387721561966 52.35648278816263 326.3199819025168
821.0023960421715 818.2331114428896 1098.0550929707726
54.51513513530837 293.91720539550636 904.7532409481406
1397.6948589414208 864.6074851371876 29.153132899777223
1972.4658090600815 555.0303372894352 961.8951936984013
122.91184429426028 763.9002482143982 283.96480466268446
76.07184436866565 366.0181721582998 1429.4575203986842
1618.2374896335261 688.7363186666396 808.330324501845
988.7042996258755 1643.056253499964 1079.179365135683
1888.4694488627533 1994.5434050867707 1391.00024113376
1153.3508503288206 1701.3792677062402 458.6534714076776
1671.0309423604695 961.0590277143239 751.1709958958331
302.771515649694 1551.1581234295938 333.10583512479997
616.2497647942031 383.6281528007357 496.0235730342368
128.24741188825283 1923.4757153307696 517.1313594853035
157.4904584287431 1511.3155081694822 510.5682590761296
1387.8273953508678 119.75375383401521 193.6669635667711
292.5713538293413 34.70411680815233 920.503277277793
1518.5738667135415 1673.1169715765961 604.3545674532867
1881.9282594566023 1393.4905042444457 70.30829023457974
274.5880573215882 1293.1468816304546 935.2234053129645
1173.411845302236 898.9041992647058 856.426502791368
698.124093823979 234.8167873058078 777.2401046805244
1704.4651010872783 1730.5683824860134 631.1155132266972
519.1511041248375 189.96340032094184 404.7140156946559
1084.7522071597386 945.2591081122888 661.2812114981058
810.0002082463562 1485.6867579518598 281.72504881383475
1648.9881317676368 611.7472027337599 233.88100207985218
1480.9249000861942 1213.135124290423 460.84444353127225
1072.5213044649033 1802.2142968533274 550.882830209039
1369.798928513745 1461.1339482796504 871.4138167151566
1745.6407103701922 309.5684284599673 1351.2284470837951
1072.5154395606119 703.398887129862 587.9893558556228
1794.0468313852784 522.8104089621607 591.7494452594146
398.87913333505566 232.35919647448023 1181.135204347944
410.8732131046524 57.381761844513825 1387.7867241379083
56.04199210349403 1734.5559694797807 1157.847826774972
1452.107160276216 507.1990584307262 605.6549086667676
82.01888809474211 354.61635946180303 987.4539014259404
1404.6128313235306 689.1400835037089 1330.3948392840268
1683.293836303835 354.0472264384891 252.80114260522524
211.9732603800921 348.65690624728194 569.1722348523383
79.25345610770718 900.3562056256884 697.055437070183
1954.3579278267964 801.7350504520766 1423.1391028168784
1451.2619706389048 534.9376399289756 132.48606296266436
945.6957004075562 983.1113989078757 998.8418977824862
942.8124655121281 8.295286980932293 1095.0104341830613
1871.6981253778467 742.252547842104 970.58620830384
595.1873080383041 1875.9874871914885 520.9310794067658
1456.3113711160888 284.77376969163436 491.717708270838
878.5959838674066 1437.6885812526812 617.1483048752109
614.1038124590184 1594.0241913926125 1210.204651843007
1962.052245697091 1182.4372602200497 1286.05262933177
791.8970820691691 692.6734451373273 561.7940274146306
1166.4608600452884 1975.3855656109629 243.66484962324702
1125.671819095384 1821.4601000910543 609.112010497595
882.7177504923336 858.9691998281603 357.30598335392494
568.3222047567796 475.4814031866737 750.1721537885352
913.2793102388248 158.6116321479458 827.6555030245372
1364.570354781234 188.76668432358622 629.7435847590407
1240.2795340570838 1579.0871358519803 267.8798329772635
1092.9353109806138 1521.097279904084 304.4538100857598
639.107988566222 1131.2416796830453 632.9486258919272
987.8359794516125 1270.0149046111894 802.6812933112382
1263.6806646867242 164.24902882688542 1433.503829836805
1080.4186795540832 462.32805218617233 737.2323325569922
1293.2181997405357 1182.7391062622062 1397.8283913093026
1259.2653415432824 1253.9642850041641 558.172613841756
966.2224276096327 1161.8170153775177 935.7654804237206
1075.7750138428648 1400.9084300611182 374.35349704826285
1901.3202486222176 1465.9877409123897 840.9540267467848
1323.997466248629 1477.7718659666664 947.5575146036464
52.83705850810172 1651.3817773313522 748.3125179145603
736.5867448704304 1453.7573543121096 1367.7229687019337
1554.3906473045586 169.54232494575706 739.5795157234711
866.1593273115009 511.72101276498427 306.42330370690127
1112.7393354079538 838.2076681153094 304.7909434543511
515.7798660865369 10.097467495066015 136.5533409483564
377.1461775194338 999.9678593913435 553.564380516875
1041.4121109829907 948.9712780559789 669.1914979954608
1286.187934458079 1532.1943888120002 696.1372507635922
1734.0244408833755 1287.093407081567 1034.5259408010163
1402.699911925522 1874.0913308856373 264.7882775560358
16.513135827367353 1570.279640515465 24.748569510405495
124.66769513994524 1989.2667198154695 634.5575210199117
1634.3845434297675 1151.8516233652863 452.6501339998492
495.3625888913871 1634.9435356898048 1325.2735992865776
230.22866653681652 1340.96161477116 1288.7464492487204
1384.3783172855494 1098.197188064843 182.64146440530348
896.7589831253355 1816.414571533076 690.6829715443773
905.3038302154914 270.62689853555753 1174.3059509162335
1489.2629333396803 749.2728615699943 1258.0274401669924
367.034367114716 533.6685558340837 449.8625007461858
431.03482689585326 77.40352946129114 5.2155864716769145
1769.33577657339 1003.3589648500636 1197.268959317076
1846.697254335786 322.66188013064044 532.8892686123468
1899.000467961551 1340.3114372069651 23.738536954509893
1892.99798564046 941.0424250340561 1262.31816194405
1298.0266365866669 750.5496535493592 173.78496826808683
1845.5372899147626 467.5772571464505 189.64365896596357
420.41903763849086 1570.7793940410766 651.2311729769
1071.7364084135259 152.65128852988695 1407.549346691701
1618.2921608513532 598.2433701890866 416.19037576797064
710.9358198732707 1061.3650141967973 340.2894072485998
1422.375524758838 471.2853783843149 860.7961176827735
534.3392253589285 802.7246236123744 611.5347366865537
1313.9386262867886 1597.7096111915273 249.66692294466324
680.9931063140529 1141.3226693376764 903.8894029502743
1542.9372652288143 1595.7716767492839 1364.7451539221192
1792.2113167395776 1631.1204325535964 298.29523309893574
205.51154676512783 280.5682409370607 247.86938263880165
1616.411798403055 1536.2069891059919 990.1998440476862
160.75128162411855 952.3734518792406 438.9657510323745
1923.6244158311881 450.10050847729974 228.93622146117903
317.32389783285385 34.68566516773963 1447.1565931977811
878.3822161244059 1995.7345012682888 754.6527302728533
1431.5263981461571 797.7233361598577 1231.9541166522815
1661.642247743984 1714.7403245013352 156.02877216090593
604.9813870076863 666.7910950056244 1376.1816745685883
1621.9564127665217 1584.9654816832467 1457.290104404331
1045.768576583472 694.897016073518 972.3722237777356
921.9581770620504 494.5405470824207 429.1111663313329
1122.8425252046568 1061.5313127215682 330.54282688387883
1011.9193223216179 535.403885723652 1482.2275328377643
1760.8762977561819 1597.845371003321 1246.0956962514958
1656.155679838603 956.4943299706164 603.5389948387887
1394.7282298087455 1625.0020908595898 899.1142261055405
103.63316462894633 440.57682923632393 1094.1445218856088
547.4559443053919 1371.4345880207006 315.1194923736436
1922.9227214248162 1399.736921399666 406.1677424101511
1052.359003409451 1270.4820235606278 323.20839811691707
959.5793364454998 989.9411653942532 1497.5849143403248
594.6084868768679 1976.9540854292618 786.3986684515988
1916.4818910998185 486.31971923439863 283.10211776437967
81.6264708452752 993.285670603669 1152.4049786712317
1956.7376085600522 454.50555634192136 1381.7080060398805
1557.2278395236285 124.67383378270225 74.79535552416999
1811.4385558386455 1472.5197410085557 549.9435432699055
1640.3827732805894 255.86026185930112 1387.4533239127813
330.769746962444 352.94550023864747 1313.2336636743694
1926.9440468700411 368.2563996921304 328.43044576637715
1122.6325939380295 217.7270366091264 1493.4868226433746
1196.9605706842754 983.771237308809 1045.4975311647695
131.20938865615116 435.4995724206039 767.228458138176
1774.699232185184 1349.9758395802082 1313.32365269409
1958.317820897081 1812.1467949852433 725.821680043229
220.58714424473513 1037.3011157523326 309.0840603029347
1381.1560105341398 1676.3760120404072 990.2901698903369
1352.0751391764666 1650.824759553021 1253.0751236161657
1806.0242500326617 1698.2065812774563 1019.3599678766066
996.9487508904184 1618.7757866308284 613.5067684317263
908.9566442166528 1698.467242651307 947.6450061226072
1068.7434350877215 396.88264653847625 504.0863058186179
1974.0316672822637 539.9025021937875 1398.0619578590736
1457.5894665171284 1276.6109275386955 275.77768279575685
1869.7680649401273 1668.531552453642 1173.4551619397027
872.8604293412392 1703.5555390974002 864.8243157927697
1244.7917103486386 1398.2412472156884 638.1423242748082
927.8217986502042 272.6358923305801 1209.4028677628544
1413.3389715477597 320.45787912826927 689.9081232929157
538.1881854623576 427.6933478442486 812.9027460761145
490.9809389358315 1703.590840406192 566.6036068844695
181.8138762323398 1574.7839928890764 910.8024811672188
1094.166156338079 1561.439665230464 148.0800835155172
1766.1537274473176 266.3650302047471 1396.7269997409273
413.85885017675747 568.3641094522478 613.4674817568755
1722.6804176955375 1005.2025330391383 981.8777872325752
565.1459166817685 1275.0473229558843 374.11722767974703
1409.6404378871239 1802.0935014924369 1340.8649260125808
225.98024268892237 1106.4538391017684 474.9778501950588
113.60012207492964 1823.395480341219 698.4582950043924
1255.5244885262246 273.77632699235943 1277.429896287382
741.5368177951129 617.0633700372243 192.61728624341163
1329.4485926569882 838.344516701647 1098.4561541134872
1943.6607222348568 56.667143039726085 585.1996174337413
1833.0092106166862 1187.189076334889 906.0260535912404
572.9835124236639 1854.1490065744827 29.414496285029955
1865.5883924835143 1634.5321423363325 825.324815836633
1879.6871796554453 1839.7487567825997 345.2141564941717
593.5917896839194 1875.2909439425014 209.46005826670094
1955.218637861079 1326.4346132753906 1125.6288774599286
1035.5463167803734 725.2432338247432 1403.7055957849502
1744.8994916413108 1251.787555342976 771.8670676621038
435.1319727855605 1629.4210026078135 912.3108357772597
1104.1602442852743 6.936709682929809 1321.345073173488
798.8359302897685 1250.8029255966435 82.8489118124846
1349.6328929115487 634.3111226902367 1052.0990310078228
461.616381355197 138.1143983538795 1393.1271174334552
1923.7422428114717 1039.7269923513916 1279.2258359461175
290.64689129219823 444.94252290627713 785.9435462713473
864.6884584316315 1909.8716036921267 1240.2330830602625
1480.0546334782402 221.75285871142393 127.56052908576588
577.434376621297 1059.2392263253582 868.579974313553
1053.8929588781161 1862.3925841169641 648.2493517277138
1425.9556066237703 269.5809127966977 1317.1853059987195
1903.2719591425816 638.6878105635432 37.98529091251862
1059.030889200206 902.4934311940698 1069.8987500051926
1215.6842220307826 1764.300784372559 517.7881535716161
906.1461804153381 1737.9216458606618 213.05650779080193
79.44992838198183 1548.9622666427229 1460.1536872855877
274.5907601182058 1028.4884227432924 1052.868936321147
896.0633215691909 1714.6493888166049 762.0915219231828
1650.3173568003226 726.8441594400113 1125.2953527486493
511.8641915405755 520.0215739566349 258.7922833544293
1648.784367588612 1029.9101616145285 1224.1629037858238
998.2180662898971 559.7212162103762 72.31145803330685
686.1353695118204 110.64226327247972 96.99087607697938
1946.2090377548607 255.6586963063241 252.5233079488423
1720.1669467788738 1132.9000679764295 987.3371138311795
117.35908963999653 1123.7332140821975 1203.1119777187698
876.4459382170986 988.8984998829085 481.67989116676466
1232.0650387999992 1114.711426657301 1008.322848390891
262.0193430292983 721.2422639871813 1430.3687151703216
790.6708179552973 1806.570555591848 175.15937659450603
1130.7832024094816 870.9740179870398 1458.1613053417884
1527.0862575939439 746.9247970619455 1108.4148101187038
775.9612936875404 1760.054580263428 542.9674022257334
1774.194953166263 822.8666915310679 364.7338079532677
1963.1330286089074 760.8083573064986 1229.7549972450245
261.89698692784935 1624.43523267943 803.0494214162085
954.2918096053405 1947.6657927121948 648.9564245406934
1273.494384494521 470.6683575368482 566.3952565021449
1261.2494464772722 1791.0649762055177 1384.8842794914856
1320.6642079495866 420.65595689447986 1069.1094586465692
318.9418670908788 1054.945707805697 593.1997380682345
1820.9721293002146 1129.22702833434 1240.9467485237956
851.3812021727263 401.1976535043604 873.0701369302802
1210.914525052927 1937.1807023969302 1318.5570711087892
1862.7556859266817 1561.7003026273958 1309.6931960131662
1798.1544096430414 606.4027801309586 1384.7492769966836
1962.6734652835103 704.7716356556823 231.0396041075956
708.4605843793561 1707.5482294727042 955.0834527453236
1220.0288874239664 392.3624654106603 738.8296612819406
844.6241407516031 80.03035181842777 729.5161019898522
1518.3555003798485 782.6879204116373 740.4720576842822
914.0218158376607 1129.0648987200152 193.24793144671602
997.1297303263724 472.4377995975779 392.94274371695826
1624.8766826219066 874.3144033719188 219.4176683840946
1812.670013366172 205.07115531337794 85.08771379964536
913.1034612584839 1328.8594009300828 1398.2225437802492
133.5470839925479 789.7409329885053 310.1072676605865
1343.0653516917291 1187.2958253818317 1403.2992830541912
1662.5080493653845 1862.5722321063058 576.8258384925986
1006.4548362687968 314.5719649421432 109.33470522472133
1051.0596103375553 465.3056961301374 1285.2106751093763
1133.7706835644226 1870.8246084314717 1343.9570446553062
1047.89265292861 591.7877947626475 361.06101838427236
443.19556046103605 1508.8779580200637 522.3701971194996
1667.8119888082895 610.1322283839561 1484.8521001665617
1614.976184150492 614.5649565413902 1327.701183384482
631.7558992825416 1441.2087319268508 1192.2229236536034
1136.9708409688817 1903.3459549937063 669.9884089697553
675.0676773420907 1931.8806295488187 1391.35332993583
1111.0681349285117 692.5743836148488 778.7844901056535
1773.7899573270176 661.1743984709846 821.7960496560528
1796.9440965867805 1930.7238070469698 639.4555961720231
1151.6454386781918 838.1645136848546 197.60298217783924
1313.6807461716912 261.14391764996793 691.7856566286489
902.5464264748102 624.5471130166038 1282.508261023109
1023.1165244995822 595.5579668018711 1150.3699305890766
1960.690350873425 501.11511911467255 1225.8469898897742
173.35118466931365 1012.430124283892 1359.6641669167993
585.5213129713983 872.3799670283561 1304.9205443532194
149.2026138609015 1409.3201341228623 1403.9748820781865
1030.4406633481321 1856.8528115676017 69.13971062431756
547.7542403754361 611.3126952414223 932.3597186691238
1965.9008297847074 730.4641304758493 329.2013216128424
1398.2981136123597 1373.479180498663 332.88010301555676
522.0222685160738 222.21399466965707 801.10273614142
1063.7552501453542 1964.4680924254294 724.1600945699083
1011.9694413236151 1069.7130727829306 1255.5712690489013
1010.6759198038371 871.1082808909403 254.49885160334935
1882.867791488557 1435.8280773579743 685.6536784046189
1747.0068160419153 1072.5854400171409 1011.340320513545
894.8728235652303 1898.4871394845784 150.58325454895493
476.91325942535445 1794.0819197851577 434.36213186921987
1979.2572509292427 1027.839738082799 779.2958740949293
797.5215063529071 1336.8678562384155 613.5727505835326
1078.6696547390834 1301.12478928369 318.49926773413995
500.05167085162094 1222.5723214691668 578.2069300810083
674.6135220577345 1299.5723629033496 266.7632167911956
792.5272809269226 390.6006970863904 539.2125817443517
1476.9686563602606 1684.213173971776 1183.7244486256618
816.8332605267135 767.2066938787927 457.8859124702451
1827.1878630730403 397.6888687157327 772.6246624774107
636.8389898783809 1106.4098013961886 1284.9263766982485
1150.9544807340321 660.7446101552534 614.4587832424083
133.96582371304544 1783.7007883694769 1334.1299169541294
1611.965796856052 1100.56843740901 41.509196069354104
680.9772750977068 1405.705513818199 859.329410222681
677.5074937649841 724.9617134595005 633.0501034557857
1300.0165983642141 1659.0085576687559 709.748724857956
236.76543476540624 1980.3751780209457 64.64932731319529
1791.1432730283668 1956.9064831095807 78.33117080951708
821.8089249300764 1509.4641876334606 712.4937424623671
944.2343120026213 1547.6921538726026 716.6961427976352
1618.4835937137764 1997.1257481171604 334.2209504576557
1137.3946983000308 1412.9981597029696 622.9650430623637
1186.4679701877203 1633.8687579829182 1080.7986111159441
1474.0273843877421 1783.0662278260675 1300.852091418441
342.3626852604711 972.677995931041 733.2045157386518
319.31863865369945 336.5816268651434 1460.737122216973
1079.4012466307527 330.6100293343308 762.9779690609046
1485.0283707192586 266.72490974164066 270.1814187603151
463.25668028411513 1252.8386821715765 1031.8468090540512
220.0192358583346 1540.4883753606798 802.3581243574231
1095.177621045518 149.8094475718008 868.9463272091001
1679.4066886407666 836.1792856935513 1066.4327771430583
324.3242113691349 1719.7627057836094 1048.3683153218858
383.21431831951537 495.90295268794773 943.1451497181482
508.0572468867237 1343.520133483348 224.01903191946104
814.9634497474292 1173.1906133368611 588.460898846223
932.4052404433152 1260.1617023182434 1299.1316477157486
822.9645074437451 593.2729690573477 338.8977761244879
1244.897175760693 135.9410721296792 641.4064909861384
638.994494045816 1706.1604748114614 1447.0884850137852
1705.4319211270554 951.3293001354159 817.8984183222574
672.723251131712 1958.2745350186935 871.0177328975133
591.4467582288958 1200.9093060024109 1414.132364395746
298.606764411113 1955.2708718831823 1042.301206039059
1042.1483357643774 1209.8083839084766 975.1212601065796
91.19285602145233 1563.0107717867047 978.9059576172949
1755.0017429325617 471.7687934107187 550.0953669572548
936.1900370181786 1437.9520974248364 595.0101971661641
1944.5289651362443 1211.0315856347981 707.3791132627426
1128.5583934651554 24.010888068342283 195.29850961735235
274.8001856774267 1813.880964960245 911.8204166914968
591.5356512261847 816.9639591960458 1154.5226314936492
423.2008749674736 1165.0039698383025 229.71093449888252
579.8879645633879 1794.336772716957 1072.3858858476776
1834.6754605018762 403.5137727345026 1189.141732040883
1186.628936352462 844.6677638349669 848.072871679286
1779.794299579654 258.49155665439395 294.1869717396627
30.979963786091915 1528.7239254424057 334.8588556272656
1688.9737655894467 981.5420782722578 683.3083399660338
1504.7196121107386 112.27055528852836 162.4964622489683
1433.5849901981965 1942.3201466318076 537.3072571047555
866.0828888277676 1554.6495888721524 739.5661343009641
1505.9679398005535 770.1458423350211 1049.014362222181
1251.5033300135835 1556.2439002431804 218.48071138912422
1954.6734824248686 1337.1170260652004 823.7440409007946
1045.8438042193059 879.4081378760538 92.60927321348089
664.8613754484052 473.8499854217408 15.577213437680593
1735.1518885954413 274.74176294919175 1294.4934056922714
1704.8406393080627 1872.6684628537232 630.5125491491987
103.82563990546645 49.14311299052887 60.59145146851647
1575.1824324556615 220.94537836586682 194.1624232087052
484.90043772052195 376.0830671145099 341.4889818013051
1653.014633587027 1234.737161547947 1496.084916456256
1162.8028711218203 1694.683746907253 953.0364828337484
1416.7442521276523 1575.3607763637585 154.14038275925355
405.00840913788363 1269.1530277098848 114.24028265490216
788.297055972279 1424.2587371819768 829.5890005002374
39.82067336300021 610.5754282938572 97.44624990394473
1412.5682433990169 1795.2830061081522 531.7561359983963
1571.8743525336577 1317.6835948447547 724.2871009912578
839.288715277567 1554.6583825523687 1313.5711079528053
1680.6602687313648 1646.608533858886 240.13042580313981
1232.8958455580387 688.2060754105516 989.1510154074559
1786.7487486977525 1176.945784020987 409.3896589458637
1191.509033199235 307.3802426999788 1066.8357609550242
1792.9915789729898 1418.9529961572075 876.7137266526224
1508.8069179751058 472.1349897211185 225.43139000321872
1527.993991744301 955.1506921157576 515.2849610265827
332.65960257359217 1146.2281124722465 1125.2846158174077
209.43389701102498 1041.9036787339912 682.2202023840856
1647.928426410764 257.7541357547024 1005.6933973400877
1068.2855102301942 619.943509751685 590.2882480180901
1575.2114172599668 979.9455555303349 1114.3436548637785
694.1687172521047 689.5371426489494 786.7709770369651
1064.834006195854 233.34961166152212 1016.5659936781211
1041.6425757544703 777.7199637114727 264.82442071752484
35.60269591263765 1885.1561469290186 1209.8406824301032
804.3059762437143 163.95245807956127 43.687411374700005
1218.470104494732 1454.3121725849842 448.3732200282792
347.3623903925891 183.71337678213416 1377.9706021356483
1764.7516287679434 368.07958042796065 681.17061119009
87.74137999990539 499.4020401261006 1391.151440768911
489.3469255151774 299.91864170345826 426.51269754195135
1696.5711568178249 18.953665717813095 181.81440895188177
1320.6063830435196 1661.5516621152033 844.073818368264
423.6581837805122 245.7854312055252 1275.0890436882692
151.82039014872828 1945.7209998396754 323.9242811891863
203.33476774040648 748.0445583151427 1091.6286676902498
20.887526150132008 1467.3504624943703 1080.5093736574077
1474.3612032234257 1512.2466288942535 858.3412801027115
1601.7012607007334 39.30410451371236 257.4590657419116
1900.0610945366363 812.3467418211678 251.19549671411428
1052.5395600698603 71.93369533329941 917.5215397417683
890.9575370360967 854.5846915017919 640.6541370627623
211.1635379954866 1016.7326857440863 1228.183373417126
432.2777725685538 682.5175940256892 1361.1055390213776
885.7232502921903 276.08950906362793 306.2398213345757
734.965414973941 1881.079744850511 1232.3183741312998
1045.0720925184241 1162.4013759885356 625.9397805981771
1978.7656415968272 303.5687746410929 970.2765235837551
1276.717590722316 1755.0340033114503 1428.2452095784304
575.6451537225857 1696.679811762408 1132.0546007977596
619.8601450954135 5.437755563409086 173.58025226649477
1466.051215557039 147.9455843297528 193.06490206899636
1023.3391295311707 858.1143304004606 1007.912638218026
1433.0021056268492 646.7283190025006 1313.947466907713
457.90330965016324 387.22403990579 1359.5709638214992
179.97487899991006 1307.8376678668844 456.229942690803
483.3542446892516 219.36056013751747 18.613698363095622
1133.3897772104924 1283.2706788305327 26.347710982055574
1773.535854562598 996.291564928885 1456.7804958692982
229.39618387722516 1217.5598294557308 325.2426918090461
1357.7666208490941 1640.6904255500106 142.64917426818218
264.8603846712601 48.415608296902946 1166.1927148185384
173.45370848044283 38.86743009941029 1022.0114941368455
1120.706467228895 556.2282538286316 447.6819126759726
17.74921014600106 141.61178655736472 10.927513625444584
570.6499030733925 204.68762626600733 181.4444178379819
759.7079188848568 512.0141338599116 249.3984608532836
1587.5719034093734 794.4938567454043 1141.3409609040764
1653.8170677087628 953.5066571028319 961.3229779254763
1790.847872333383 170.74654256327148 388.27814842799916
671.0766286205557 1603.4806222591642 110.10068801117123
818.3222370816757 1789.293422798886 119.95675563360497
1963.7881520247888 1040.5431356007123 1229.3560147609396
92.78866809811737 880.1106736537454 403.7203526368785
898.7499062848364 1248.264570776479 8.378277176715743
54.724585228879796 1976.4176159723543 805.5903628753883
677.227883735334 955.7873539384115 631.8088200620248
1702.662019605276 1963.206919978452 1194.971108713732
1151.6412212295875 123.53043441665635 1056.892054739006
1656.947014448086 529.2209141392105 124.28143933775033
1151.2854433978284 1007.5395939612714 537.3000556270013
305.7292307897286 1509.346901727867 1182.4769211170458
891.1768381823586 1127.1462810900377 300.9388799691026
893.5765489007055 402.14915030789575 1152.418222932839
1716.9981283400818 271.1233325925353 1416.528682933787
1259.252986260871 805.1403387911964 584.5515854791081
841.8019539374277 1943.8539275211685 214.39590287212008
1494.3163407482505 1450.861956846554 480.5389874547883
1241.5377458951195 1569.5958348526497 839.5105155910137
1008.1153485887713 1511.2480540326683 369.93099478060583
192.78755028285332 545.2613936843187 208.68391315514546
140.34623793886115 593.5973754167334 1009.1142302888215
402.53497562538934 1854.610401443652 290.2352612993141
1979.7475297360756 1262.439155105552 470.5004662453177
69.86614696603777 133.1091947541967 1329.857923962873
178.71167602356786 1658.2075914034795 247.4982693446257
208.88919902286364 72.32474440919034 163.28300167883253
511.79311398918446 1418.9114018831774 174.76797890896069
1481.2316512378475 1413.2235800089447 1234.2840586865186
1339.8492763670004 996.1875424403311 143.26708387941483
592.8486627687422 1831.1039831312044 939.1702458647468
942.5261245025682 57.6538721221731 358.68021224139045
247.59645676635932 1987.8601119843788 885.1056267790686
1598.1136643349612 1961.0386253434083 39.076083485264704
1145.3038208866878 1139.8648024502752 307.20533548410936
1821.0402392248652 1462.5879481257878 1242.8055493277668
1278.714303152151 749.8152677106002 1066.5094143793362
204.71900443713764 1503.4421950684068 929.0154697282227
926.9541803156267 329.48543661924856 966.4345204836549
822.8342773230015 744.2171876038599 82.62172216953401
1309.6184510299079 1011.9860564765373 415.8682862368183
1737.5092602596953 29.398249327944104 1369.2775244012578
605.671999565031 1491.917240419174 289.3397881530817
186.307662574976 1714.2026347487702 1126.5099571211913
196.13314380564884 1593.2650608243985 846.7877254520388
1453.031701604728 720.8615714631119 598.8967406911547
502.6438751437436 7.4091071176014545 1492.7663730921302
1331.7384772044845 446.61368327210437 497.35484234156377
713.4535776225259 809.1180703921532 1191.1301797511107
1187.2822190354036 761.3262000161287 1311.6224530589448
945.511203771876 1452.933081767407 434.7730204068573
1063.1391809411525 1559.7422680770535 131.17336363780862
1251.9003922373518 181.74801901828053 1045.1143202947917
772.8321011156567 578.7689425517233 908.6204048528915
509.6064723358589 774.756912336094 849.2869017532653
199.48545157187291 117.47242570935911 301.5667696022712
1424.5498502586825 1855.511416313099 506.23918312417646
1698.4962229464384 863.9483070252594 1059.7228686757294
454.63664853926923 1402.2317641966645 1182.858052647274
1066.8077175583578 976.5022417288178 1297.6963931608007
1816.6638517935303 669.8535055387125 862.8554745770313
1601.821009257627 682.6009467755789 505.86857346442554
56.337943613648854 356.78366638525773 327.30981194031284
1799.0627516194315 1399.6693927955764 1368.4556420768022
1005.3163498694033 1938.2450741520433 335.6975644024397
532.8353095825585 700.7269243880177 728.6884324826478
282.46311562030525 866.0891150950578 1361.7385253734885
1299.8131559348055 751.5673954088243 541.9982216693725
1766.744433148002 1664.444536870206 1347.0819473719284
1297.3635814765407 1020.5282337243622 1029.5698277160636
303.4446103332047 373.77078487838753 614.3352136900985
600.652564944076 1534.5582352680278 1062.9724322317818
291.3051552832946 200.74716660850544 651.3528284275119
724.221515644365 1551.9931071108547 544.835587161827
1554.1127153482764 790.8906221956784 150.96744009442048
1786.7466280245892 1388.842786829454 60.47813029185289
806.7702855009327 1695.3271746893324 820.0904673801218
1920.609272683008 1736.2291494456135 398.78424250907796
1052.6430930675467 460.9265409912708 446.87374164672065
755.6050527113805 1515.0325362125595 1189.1897417588539
1422.5189739038371 648.1330549845916 1424.9760016554756
63.11781058055166 518.232389197725 555.8487108322705
1254.7579650875716 418.4289615910095 273.3107963960039
777.6125130530643 946.102455154177 729.5167723106997
1819.493330054144 1495.2792821249268 1161.1506874554295
340.1015232632325 1836.62407355352 1477.5089973761917
1320.8831444034818 880.7794479244502 1187.8130273539298
1962.4413604930753 1959.6481605914494 976.8774531116142
723.3291040431229 708.7051266983766 1412.6393092418868
420.04246184791924 665.1096880709035 135.05342227839262
63.18107678830476 190.59471352764112 1080.3893950498448
1641.1891765206474 493.17979630674637 697.0738922553418
1069.6842307279885 1640.296282715137 1293.8718313586098
592.9471847089732 187.5559477862938 323.0935975744625
1451.9659459337463 1918.1003187845902 1452.5376695023415
1796.4243360917785 1100.680030470004 164.33050368970854
1130.354349257077 1918.7945458120425 267.55674313358304
905.1696602767578 1614.6946197665848 371.5800107448631
532.1244732471289 1347.8964092626152 977.8758335162929
1025.434516934134 82.07891186366068 326.6890708825909
382.4153200533853 752.2118871319137 176.1464287099559
1069.867126739323 1184.2388243537018 683.9731273015447
1627.027405434152 22.73849753981527 1175.1008529987323
1833.9969898736301 1177.5664070092403 790.3317955852709
1424.276194923576 1352.741637905675 260.3296000384606
302.63071602132686 338.2383554669799 875.8943790058449
1239.8481702959184 998.7154073339175 1157.8731180515715
1708.2350558615185 1979.3118514571454 803.4311217869798
1788.3350596842638 1932.5333854883647 1468.9128244926187
102.43121139509958 1718.0797603996511 491.44276798709444
1485.080104387819 585.1343518820149 1463.2613198449683
680.0867992940211 1706.7958521563703 391.505613523529
1899.9851991544026 1748.9711252869809 1378.4988113408454
248.82813648999158 228.46189100274316 550.9116689453742
1612.7687269677447 858.0374389233116 1429.9369227413356
1693.703901167671 869.4513357178373 1271.620616617254
1961.3526529478231 1684.478340981026 945.9890184397358
612.6429046651052 1644.5851819833915 360.33877040380486
1467.3184224969373 1566.6748662092716 1071.2509354085964
911.5333773496757 11.362424465650056 869.1819569178565
1429.551984418776 9.058253173263697 1412.3143939711886
59.94998983697486 1677.3658552445395 37.4779552810649
1584.661651224423 6.027999756103686 819.520561096917
932.2862264927396 1146.0567247549347 40.42347333981411
1243.7233798858792 1090.5238498793074 1018.9976472209357
1800.5961439684932 686.9037825517614 596.3335080151069
1502.5178900546473 1748.9839730639326 359.9669291486574
811.8201252829793 980.5399723173891 652.612181298134
1607.9097585585541 1549.1785969437346 350.8682491855457
1032.4932119305245 1828.3034199012848 1354.4609469879485
547.4272902066289 917.8737266163947 649.0570729174182
493.8609442786561 1749.4460391498335 909.827425172536
214.82921359678264 256.195251354147 1134.1674093557447
1852.0355326761605 852.8396379632983 1128.9650059141723
1666.4251092780569 1344.8760819523225 1491.5009121132982
1073.9277431311975 1035.5420992587851 1095.2818750862318
1532.815775635314 1437.6031023878677 756.7325824720659
415.44324506755515 916.1010050451233 33.616884578935135
1799.7592707771435 1800.8191060135052 1019.365740849716
468.36561320282885 254.29306287634267 1109.0587805510356
531.3194703825337 1650.181518225882 1077.7097388918041
1597.7988599623834 522.8952858190577 1448.6872121219033
1072.570099401407 1329.3418260586964 375.35001717472295
1824.3098239009958 871.2652103704512 986.1597644187801
458.0317385481638 664.1461100942734 1397.7032592920748
1725.8407277612469 509.666870600918 829.788867622232
1755.3211586451628 1750.7983664098135 696.4087395589311
1975.562328000982 869.1487887504685 1485.0351889785372
34.43978972512474 1274.5438811570327 466.87418945340835
1770.9651838704112 1631.3299631919022 873.2695317957235
1756.015682629094 1203.0424021346594 67.1492775081669
694.7061210300513 1745.086310561723 1100.6864013424301
1832.9486675782225 786.0636679208293 1421.3014142649445
1075.3109259089435 1205.87242397855 264.0724507197092
132.04195611087366 1682.3969569096687 1410.5169545118915
1225.3068763016847 1312.0207519762046 1412.7870967659403
735.2628441059002 1287.2458634983802 425.1710967456664
422.82787763645536 1243.47227984402 1464.1882358378825
1846.7368312330045 379.3168500282349 1251.715638224544
1008.0944863034158 1945.4041832139258 1367.6305626233777
675.382326497841 95.13400448135934 1005.2074154486817
900.9106822066149 913.2136545252123 431.2298352235728
74.9740888107988 1070.0810641999217 43.72132433549425
772.6576134855305 1339.1977404214856 146.25844355929397
1215.1209789556183 1881.533706344273 861.9634361207636
1633.134843905999 1495.4042237972408 120.50279224372812
804.0910332089037 905.3770022123584 218.869002598659
1683.7984963662016 762.194640208551 950.7544107316739
1708.8041844192492 1246.633403639311 1327.0933325194187
664.6605016425846 209.95611277251203 828.6987315190036
846.3683062149361 158.23283335307002 1017.7116212350508
667.740143744278 256.8035827125905 542.3804651212707
1019.8934562752557 1096.5753415775027 1061.9229063038651
829.5474275816229 803.0233989707369 677.384411496213
1902.63716295085 319.65436874753374 563.6988472609617
1576.4429844250465 1844.5596080788869 795.0646705333843
905.5566980278718 37.517362975311826 1142.9712595985832
1799.1280077956806 1557.1132085088332 1421.804244261945
1789.2732992367755 1543.7598049897551 823.0557090393867
1823.0713645378712 1775.2808544726527 1146.4288977631586
1772.0026970135546 1859.3918423510743 758.9101159440436
158.71735139286525 368.85621183452645 771.7285776460527
925.4034120505514 708.7366660396133 1099.6220956136133
842.0075108552774 71.92938750792676 1483.137502619058
745.4640760907256 249.08598232051625 364.09679911079
238.08994717548848 896.8038784703576 233.6291960545942
1844.5016596273526 1999.2487307411825 916.9771202593612
1762.7987314925704 1085.1852436736954 213.59667899011487
797.0728803217648 742.3947622007361 1064.724357044398
1209.5704034833234 180.92035207328473 29.254534495059715
286.99623333079404 882.797384682335 1487.5023350750787
246.35419985492436 206.98089073941395 837.0068000654243
384.0756838792123 1105.356196269565 1099.4156329970642
1107.8294555461353 399.64382519125263 777.8073760022618
295.8821664301485 849.0684768556885 1057.25016686252
699.7833325303291 1586.38736477093 515.0860700340567
1297.3751919982903 822.2714949111536 772.1647615218917
1778.2729411113248 296.39977859828326 685.9366588004738
1363.0796292326136 1950.7878872774543 628.304172859734
1081.510825375671 936.5805108433404 1338.4718618773754
828.0578662345182 480.9752624378496 605.6003610699591
623.6644559404637 161.17391237848832 161.4653993042723
417.0625650320683 479.83529185023156 1248.3574976587645
669.7105107814066 788.8035194642897 1207.526776250183
118.83983537778731 1015.8801928662307 641.5489447258983
21.798830023759265 1465.3686852396977 544.5123259907613
119.67785540146947 1365.84920061619 304.3718966028124
327.48873641287156 353.9536143349571 757.427765900506
1361.162077325224 1498.4316413719107 1059.9376501692598
1996.8491456778388 936.7952400842528 893.096159186131
1088.341574780524 894.4860705978634 923.9896188302806
23.156593693945293 1367.5055048016427 1359.0052131549874
956.461201942389 524.4170305841062 978.8361284856927
1397.4054575033372 954.493341004675 494.2506806868669
1617.3244748837446 1757.6678179802223 392.15708489212375
161.91631413219488 498.4093513180665 548.2625869579697
258.7486167644453 8.412279031978054 1050.2595699815045
863.0066489992582 1140.57872398132 1021.8927986879172
1691.4921455226145 316.9835437179185 1218.8736213569418
606.4847848692625 951.2816377327513 415.48573737048946
1808.9018475281948 497.5854992768969 1494.065489172772
1798.937375141627 128.2823554687309 1451.06305618002
298.96753704912095 1559.0727610098875 241.28872023630848
1398.8984059459738 281.1074357173122 1145.48803378154
1866.2275988474144 1546.8942617507614 455.00396777448714
1691.5383403318433 861.0853344205966 1328.0403661439743
1303.8161598636057 1677.9958884414727 431.64950120199285
98.57108875134757 51.52071719078477 235.0207776931611
54.549376253148154 330.03997942144946 402.5483037390259
652.6885270005134 233.46467842741347 948.4746492772333
700.861106547921 696.7995292064439 421.1072987821716
1550.9005844749904 492.64912571276074 533.1001949091323
1984.12365087168 608.6763957815023 240.52433462275786
229.80253548269047 1934.9783902884874 339.26170304780914
1403.3417840046586 1286.222579507264 174.88902616594808
263.87143355224475 799.794223927883 431.3288210497201
1122.0281639103766 1128.572311278239 1287.4594315982747
1880.6919692579054 1841.706190463266 1127.246324546099
1008.3025196323367 1471.4653864540383 147.53426549680404
1799.531234144891 868.4936502632985 470.0864858961149
575.7118660863603 563.5029889502486 167.65847351868774
820.8323687104671 583.2911676808426 1412.951822794343
282.70570871536836 1571.851197460189 235.3110629031353
648.2568869873138 151.78543701099568 492.6744186021583
284.39869514981456 1536.426947190669 424.1712714686767
1743.1591444160879 1267.1412298641396 696.1754282406107
1470.7453072783537 1214.100850397229 657.2548550670168
143.12774778993065 1615.186594449633 1229.3974143460653
1643.7664005793215 1675.353867971691 356.08108257944303
1565.3404911012 76.05988770521077 1137.656027768272
603.1090367833596 892.6906250916036 951.3097164288355
1927.1072151132914 800.3606199752504 149.1507838072933
1008.7955694412542 233.7695351165181 52.29551569984453
524.7882250767207 1731.7136147990636 123.81268578835581
918.7078834925888 899.0802480680136 216.73098997121082
1569.9573100799464 64.02351862006795 108.07807521393126
973.4573294747424 1635.8582553517058 1203.4782830012837
1173.6403680469657 1877.4635053042873 282.74784252129416
986.6282895336353 1328.2778977150392 768.6861498161348
758.0574443621506 1976.4564417017102 50.28108962360833
673.7135286118805 768.8531756077583 846.5253348471389
177.83770439373004 1514.3232604031537 411.80400224204425
82.02532387827178 1697.2192503428898 327.6723297018974
1336.289542969995 1578.8316662121085 79.4223407138423
557.0389349867924 389.3156397200672 654.6422484090948
1165.67638255898 1121.6709382362576 169.83011697666618
607.9977602198757 1625.3237867988066 458.5092784260378
1726.8795484936663 1230.0769325580973 641.9209723817785
1627.4253180830553 1738.366865096627 1300.1872014139365
180.7127354933462 1106.5465696443487 807.2053745464381
1228.4604351890155 759.652751547602 909.9544927287932
824.1381863645847 977.7868222577359 367.2639527992385
1658.2042529388777 1173.5691305974315 150.43107585351757
368.3086417070367 254.34748580609613 579.3055778065537
289.8865109104276 203.17205095870094 767.9031491192769
817.4843512998146 1804.8228687680005 636.8274988749149
262.18132930264227 634.9633739798055 1186.0545396600037
1891.9934957527917 679.8210346355636 336.96144300647626
1432.1106704222905 381.8134640129887 16.544016278046747
1733.6721974632137 1963.364599418275 116.2065491931445
1797.0124949357946 370.3152531423135 1259.7877177926541
416.44758688738403 1347.7391918029311 346.1619211024785
1215.9885412046335 524.1261396084103 1106.5720365287918
861.8593404549275 1285.5940915302351 536.3475776027592
16.118191135059856 1852.2164912151422 1299.6573089011813
600.4667107705673 49.440706830289784 759.4606372259478
752.3621982395821 655.2765165435579 1188.6542322104206
72.682169019463 308.6006761523556 1386.8573088639016
1985.073596541248 301.42788582945303 1288.3844594696761
1317.5624798018757 94.20644955943835 675.3950939274046
248.64002508130767 1047.8494951017337 886.303359290962
497.03292254975963 80.1157325481301 578.7159128199897
774.8762238743363 1186.348949955852 393.25926046524563
1134.0774796955818 494.6858793622351 1198.9620644262789
499.2201425031151 1215.7510834585719 677.7891779754787
985.0369635952986 1916.5311631464403 506.18745461630283
1064.0919201987685 364.565040301865 1416.91547323455
1365.0052596340186 1676.12518325971 640.1253856171696
856.1967506008117 604.2542537395581 1119.6811939913975
971.2210963131708 1875.4222932538016 677.3965417324813
1211.5062529103566 742.6744479171168 553.2844102468389
1898.5165760988775 1038.9527465884785 524.4319557209026
1852.5417478200052 779.558555881948 1354.667958463315
1270.4021920511736 1671.943442341625 1402.846473293301
1210.0057528153793 225.50762088233546 412.7404387975882
975.9214443651589 1381.9974140887566 108.69523144500597
589.2057461555846 615.0177137480248 608.6560315082023
813.5783520036814 723.8547777401105 723.6641249721504
413.3109231464858 720.1011371843415 18.681055176688165
391.7383637644409 1534.651264058276 749.7031752545995
1084.8064433863947 1731.019224577881 76.18918392420659
1458.3366497190368 1981.1233869578334 438.2192231265233
592.5525064719208 95.86305947019436 893.4612589337083
895.429352995164 574.1682321665451 797.1507263744066
1371.1947022817035 393.359144054551 299.222327845959
1711.5840927620552 1021.188873372379 757.8985848142565
395.6918482778145 1140.6100355817164 295.31609994619737
1838.2225972672932 606.1998093019687 165.0627036928758
681.0648496349936 276.62092302153553 579.7750532531717
1933.0304329841579 603.7018482534488 134.45902458264237
1213.8518417757725 800.9095605253677 1233.024593977859
1732.6720787263796 958.0834583637019 676.5127662307261
400.82695026893856 328.4921875571496 38.49917416891757
215.05765571345782 1609.4747710278339 1269.3298073490748
1808.130937082005 874.9570161193066 349.04401917069157
1337.4276710864647 1966.9182552380933 1283.313616664995
84.56744667461979 1078.9335309260116 1060.532877920456
1236.3605870502101 236.8544493446638 1252.3181445397656
1147.1615038447899 1161.609632885361 1266.870742952173
239.7027962712761 1699.1814661770961 719.5168948511179
393.096471426865 1164.8628240934693 1338.50296761388
1829.6398572219957 1752.8985374188442 1290.9916163253763
1442.3702872452866 1270.680276247841 975.8426460645065
562.8295578945264 578.1759155236728 449.1223308293943
1438.7026281932522 423.2261548350458 342.2167286145794
349.03520026757565 505.54085776018076 690.6570751537951
1012.783056562212 651.4543809585842 1339.6553537088657
623.6300401456926 858.7568334714573 702.7157692219521
768.0716380704382 1942.6491409377654 620.1175518918716
1945.1078303426966 671.7744942058886 856.9681934916697
527.657879463693 1514.1561146076583 503.2978981835128
1743.281627446806 1543.9856952824211 1218.8350116010752
238.7015904741132 1801.987889463536 898.1587620487757
1295.024465275078 1727.3599344211748 194.93427480162705
1267.907873430884 1340.197828014722 918.5309656077595
1696.9197896362032 533.8171236967569 300.1376728550463
106.93611080154785 276.8338474511114 1452.0368807152295
224.31826391416743 691.1451503357871 543.9466518389424
389.51743105576963 619.6833330604245 1017.5164266068057
231.12341967002936 289.5278140205171 1317.530546744944
219.53480745760223 544.4184634869853 1192.017359771158
1281.9374563865429 1004.3011172503553 1416.2457640967261
873.719223707206 1393.0502618880814 41.18489888906357
99.57135763206848 1075.552806861434 82.23313805979332
260.8895364032764 1134.096374991194 1430.4759512946948
418.11279613606536 1725.1900960127603 112.16970118378484
226.33337575617074 972.5831664041302 1382.9721868642043
438.652537361105 3.9739343885267786 472.50863193827456
622.1630311947437 418.1992573579054 282.76511291122165
1774.4273676418081 804.0861771197257 1338.3194343042758
1459.2154555669922 1485.2388030367918 55.53630975499807
1906.0179821868664 609.0733173684974 1173.270880961926
685.5526947849557 624.5081436588131 1341.5425370622302
1615.5343584435043 30.148703427899548 624.4778656053893
876.0908979225284 717.8990692863396 997.2543648217525
839.1945737199151 828.2774620839999 148.86655167335334
1463.4854604152263 1688.4373683487966 1403.9029970407812
505.9708590097272 1649.0748363974078 1255.536603588557
1441.857928841133 526.5910729088179 607.9061092792275
789.5746538384798 775.5046405630808 1499.3744428146695
