2000
1139.8684581318755 1838.507742233574 708.5554424812116
1649.3560207280314 198.82700094050665 1458.0689316063454
1530.6809072255157 79.51637365896502 267.1256192279435
1834.8802460346853 1922.2446559904768 246.16474062856364
242.53634979886485 423.5611111352062 253.3086272648626
333.7114265407115 1833.7663904433011 333.5444694253258
1705.7609024887915 1330.186388713372 117.93617687300795
287.0252422931101 1499.7873912206871 440.1625116264221
50.389122547968014 1331.4457964014666 752.654089054373
1891.1212638727222 843.8027110204088 909.0718892722919
1042.5932892812434 184.03070591867987 944.4912800693007
1756.451159596855 1329.4595586158018 798.7492561932787
356.5985811901422 1223.2293266893053 166.41557669632562
1440.9537675329466 660.9403826560966 960.800793151626
954.1337865014734 940.8013361250175 827.6946941994339
1263.4051118399393 847.4573030857608 1130.1085219411195
755.6020824907653 1285.730733435189 860.2213028147751
502.80598788078447 473.4488347260821 984.6753787625498
1137.809851234724 1461.305994973374 337.3848787957103
1480.1900959784407 138.91736410087074 1318.7126586464028
719.4718377097869 945.4647087655538 828.1957164930219
606.2959678270134 1517.3318431142966 660.6512030602116
672.403419574501 1280.9771660067831 119.25044835067978
1279.4097395630888 1084.3441873960837 657.8393876668298
407.8256369747735 1671.6923127371128 152.3967793542228
409.06712068841335 427.2918343294705 910.2036526405968
1917.2591456331709 555.2944398594755 931.1186934639733
392.9236545484729 1763.830656842693 77.09275053479203
895.2775403155764 1407.8940759545071 1372.7171352332925
1256.1056606232205 1000.7011359576538 268.63417222747495
1926.5012608196366 1568.2356240106553 1152.5385168461366
604.4889270757014 1714.1608516687393 493.4405237467182
885.7652037947393 474.7552740093237 334.1360850690821
560.246138188702 1739.9861098708507 357.38501112230574
638.3523019092025 1277.5654915379548 1470.316368900188
1653.0902469234813 896.9880406150219 1063.200671524269
1880.9134909674424 720.1213463403761 341.2840513281232
1954.7727477723802 1196.1690842587286 204.20607577113537
317.169939839568 1196.2211147040375 1380.2596987603806
1657.6180522851275 602.099940401569 1416.705791082801
1025.6226614283523 1369.1030628080498 58.19461623273092
1007.4602442414853 1910.0844031025613 659.2955306694436
970.3868928993189 1854.460739051574 657.4700627412923
1301.2227707458933 748.168528430344 1284.8290017170589
1778.939007652207 482.87883991197253 155.56580675211023
1374.531983749081 917.4803539116401 1138.5780877177135
653.1047628253757 1934.7379742121532 592.4871889668889
1905.704769725519 626.0579377746782 1433.9330824106657
209.49372707038916 113.97413078496533 1287.3009464718639
361.9171626797011 1021.7681459422665 1166.8174997074168
740.8010431329463 1030.9041689231972 1269.5211699450545
393.73102351708565 1880.2659637692282 299.4397493049499
1036.7469379227175 2.350476023677439 814.4448033809042
607.5353809575907 1356.8628358518317 686.724008216791
306.3230887295927 23.31467797024245 899.031482618735
1028.2309725535647 1242.1073979058922 834.0316957347128
255.04211330547787 1626.3851007323965 213.08657610833825
1082.364840979309 745.9368470068683 2.790587361182817
419.86863517869443 1368.7665557127812 503.92256194673786
812.1136098402959 1749.791022447937 1255.0119881415048
1334.6284637039887 1673.8929644082202 894.0751510970372
982.1234801282246 1779.5364256998223 1282.2247320068254
852.6075163871292 1529.5525020887028 523.6926392583022
452.9612232335911 472.406602015744 817.0252616363722
478.9212557098077 460.7183670475064 1472.3964165632924
1252.4751414392515 499.7840481442461 1294.3061206732714
184.34579309879683 811.0440014380287 613.7191598234085
1827.3218988518215 18.878508991405198 242.21884248132037
1662.6312216272129 569.0115150693941 1239.1227016778041
1348.330698961277 486.8649213598231 859.0976334002738
1602.9816736824982 396.0885312042799 238.39834869554122
1308.8415308980339 502.1956486044956 420.02052714067264
1097.3730664045904 765.5903909671986 292.57347407194965
1226.7457742488086 801.0128564317345 176.2202448795222
872.2788739224474 1082.507200713112 378.1893376448998
425.0998773558976 239.98767537096333 1455.0310767249537
114.18767346886428 1740.9874763161029 874.0136830288722
696.3158693985516 1403.055433485845 1085.2673444471857
1763.0227204960947 1660.7360453163758 729.7165038154296
1122.590580705668 65.14457485353108 181.72360338172578
718.3654523039382 1751.330160555009 380.818410391651
226.80590824351165 1165.6717665136762 1333.8983986774801
1081.1125447539252 949.5558895796428 324.52316503784886
349.8255156562944 1092.4983688675613 1125.812515587443
1895.1374658528175 1714.7561637952144 1132.9656980380569
1807.05702902137 781.32441401775 698.7099893714642
835.277356444809 87.1119319996303 121.05989657162702
1878.4627531354533 1272.3358880397227 1289.4565128769646
1319.6857470997156 1715.121100111088 448.0785916504014
1741.6452497414239 112.50928384742886 949.2100030746981
466.14612226033404 12.480161676675428 959.3397710585051
661.8852372970698 1669.2070787900498 986.5058951162198
1971.3435547382905 521.7797396751412 178.78074415407752
292.8606768996491 490.24402578490253 1215.1152580536507
484.98054517208345 1150.9033793975373 1090.8876513512073
308.5848526089536 48.394173647426484 38.45892332553807
415.561960229087 1084.337837423216 336.2838830156888
351.99773444876683 532.5352521135678 1279.0407143638438
616.504401646938 1194.2263393432274 1406.8597998458004
987.8145457210987 1012.7294836693386 430.3222221772717
1432.6406323417402 1722.1430265856084 980.6385683061671
440.6826318878116 673.6795359380843 675.1398604439844
1571.3543669944859 1218.5599762008642 1213.6130894984467
1116.7060601519984 492.8269275329906 1469.247594170056
716.9674452384837 407.0950835342284 355.08321743388905
585.9638731314029 1895.1493589749118 996.566258599737
1144.0628082873022 331.48137314778705 1038.8930260443688
843.7709974596493 774.4011234585699 392.3125463748801
1170.977704882467 489.58890083799014 560.2912242206959
1687.8336954716938 388.4002466966567 669.0239277961406
1304.903424942979 539.9104381619826 145.38731952841738
629.0760706136898 1764.546733980916 1457.0586447535643
1478.1562484586314 300.326647884237 74.96516991885183
852.6315165403541 1016.904676607894 1396.6747485701276
58.96877984253113 196.34149408322466 1344.7822498163644
1086.8160750571933 228.42268066518366 294.2600892937607
135.9976783215826 1178.2801043695872 1036.5233762141652
371.60574333791254 1598.340543801735 843.0403068695838
1841.168996699498 1783.415463140039 338.5755164847956
1263.6864385440124 1631.7368212760841 1348.176910922748
421.2517880006279 1049.3955081686327 753.5673764295803
1231.3557865728806 1948.8878385328999 820.4503437731169
1723.7693448577465 448.06771223559093 220.3502467777884
1555.625608185711 904.3839715963817 855.1113880824323
1000.8657018886258 773.8448352796659 303.2380607656234
289.9808808444775 334.8501851348415 1336.488281121362
1058.3996793008828 1083.2806235807634 1301.1659805637473
210.27266799469268 241.674366496067 795.4768663234535
631.8855781772088 1741.5666608598158 950.6961319621242
805.6946608928581 1693.91806002937 418.4735584002508
891.418820745534 666.5534749499556 771.6884231645391
1231.8482832810435 1580.9232544874897 252.30664034338818
1138.7722602568815 1439.5944334110857 1080.017412183064
1831.0647249595818 50.56789969049391 80.7144271687566
1518.2061640984516 582.8087381459687 538.3364235159534
1237.7863076004255 915.3933040390547 894.9399519849469
827.0028248446637 836.2736375741313 50.92093952240073
1627.7672175752393 573.4609284260952 310.276408329885
1766.1331080779994 792.1019355315759 128.52500901468284
49.71986197594003 342.13092147275705 402.74877390840066
988.4046357561465 1038.0391879927254 807.6785861874035
519.6474601089931 144.83824709798142 1236.2157181175176
1215.2933096452393 623.4872539056329 1230.6081649685123
228.56835970922697 309.1380436247126 119.22708115336233
1946.678466897311 1545.7310016192698 278.5727621287948
1597.1738844829392 772.554582980846 116.34181425541252
540.654556718946 1109.162095035971 712.3616997107752
1571.0365365626674 1112.8671090225077 1127.2567110039342
1945.2820396003817 1472.1335667144142 707.1063332322036
1514.3684949747992 1260.2216964093277 93.73151146960085
1872.6293707343789 1586.5694917764954 787.339883013697
815.3005732532062 905.374156287172 1008.0285195245145
299.74232518964897 1060.2893748950323 1072.0335826769544
1231.2096352492515 1236.3524359069563 196.55297026749346
715.2068126921112 596.6591443600113 37.87758850960549
1490.3880170677735 1087.3785444711611 1063.2019747588754
1854.4608158244891 504.64245098026606 397.39508510476907
190.3922803574809 658.5697058955393 527.2868460219827
1651.576927622061 1676.0529143855968 1195.414534416243
1332.1112805524372 1895.1242518898664 418.6096179305843
1640.9513557371827 364.68334881832254 1432.9845630887553
992.2788271527627 1986.2265157113932 1295.549569951593
1292.9496646745827 1142.7342583075613 1060.2884108067367
1399.723068635309 1800.1971237758607 1472.321416411248
339.82237353001454 1818.127155387452 942.465840693561
1100.5196880170695 1375.990000970558 66.99270506040705
762.5632533560531 206.73530808924713 190.9450143808904
621.3820856631424 1257.9718454691408 772.3601135470127
682.6707847559408 462.1772954320131 670.8379307434843
92.74589891143981 1340.7119751112555 925.0913213699174
1098.3320432428611 352.3754619290416 923.6838673525797
1658.5501812384027 659.3463429109277 409.484858347757
95.38486930268553 1640.9592357154675 1002.2961730736766
253.59697876568288 808.339212346453 528.7684941358809
66.20734501557024 1378.6377984404396 1454.2858920224458
486.5641197045727 1200.2119376938967 406.51867282080127
796.9869361299225 1043.967031262818 215.55250863831264
566.8550588281263 745.7196631739016 298.9664441575029
1436.9617708231651 475.64991236805844 173.5123979188486
1626.7921865049357 1045.8427149010258 915.1943204297011
1332.7854510387028 876.608673287564 781.5864981097686
659.7203613054447 884.5708751720398 567.7085391038083
1874.1976607754589 303.09307171287855 226.83379377481933
1128.0840106290536 855.9233258905541 1259.2607831742953
709.8159052450583 1302.5507031747452 1284.3104615162222
1199.1475954532627 1190.361509312258 962.831318664029
276.2472749096463 1424.0173997158993 1403.0613058851961
1966.6551713088916 1876.7913954820315 95.20824788609494
1080.0719637541763 304.84074826008856 785.7861268629339
694.434650455801 725.381217042589 1089.0265336169412
1127.6334524966414 758.9020756667757 510.95712825672155
918.6689706524928 1489.6481700505574 110.86805379138049
1279.218857997913 585.9479383329724 592.0212405549057
162.4268988255424 602.0589216323356 707.6653426863151
825.8389450148215 135.92008915266973 1264.9271187385118
1648.3987546740902 961.9413969302217 200.16565061820367
139.21714631087977 1408.891687801675 538.0082162246928
314.7415779924587 523.8584583823274 628.5579426107026
518.7568798321564 637.9647359818601 1442.465955538974
226.23486648634716 496.4212554678851 674.1814593684788
1478.0925363562524 1464.8114389251925 952.7726991290367
1360.1362363790497 180.85429553110077 1103.0524997469804
26.041309560547397 1758.3759587804834 49.577319806258124
1486.8866558117768 339.2904010057367 1153.2069161289169
1482.0793924383177 1331.6962448610332 711.3536576250588
519.6347010983982 505.106263274929 535.2673533248429
1409.4716588724696 1860.0570641486022 950.2358186677869
1336.3688092331683 1999.1169973877409 117.53563357426883
1063.1385777754404 1287.6333281564603 1341.0384313103793
422.4887229219814 242.0628794834443 897.5163654209482
102.41850012886556 1680.7561741980971 892.5766392913087
694.39714612399 1288.9941308688567 128.91189179736662
517.6410509719374 478.9695129051839 1158.306837881413
923.9678367719886 130.8775110508913 851.7535628990017
41.69420525626144 1574.0451597871186 113.86627370011159
621.8786324757508 320.5765825778941 903.9099470023622
173.30029419436022 1692.1448021739027 1082.689664537183
1813.690598089605 1709.1432939327844 998.5970669180956
1904.055494534714 981.4654006105021 1115.8645981212583
485.884714642737 1776.230769203693 1226.3550213696933
1467.0538210207214 71.48736253684307 263.0612081058291
1558.627643493423 512.1244067156474 823.9412663961627
312.018592967811 348.601896199239 295.65865605001784
708.3618814621622 679.9773417346888 368.75817016601843
820.8542848043874 769.4321459617448 1396.1786760581724
1334.144877740707 1938.949894267698 898.5895122636856
1061.1615553898037 1679.9037709545064 1388.1535503078946
1034.6419303302414 709.8938320571755 545.7188714639947
1487.1663559005929 158.17753931484657 899.9068518821597
1668.829614500928 1603.8343347143966 395.3702493314913
983.3984957010471 1259.5907819214597 961.2748095099498
422.4743336019188 417.0069103123417 79.29945163672997
559.4036635797563 949.5228869402285 994.1016264881396
140.27446457135073 959.7727838913966 1428.707344106661
556.1116173900458 1841.132367911743 1054.9910309825907
388.0398540034853 1648.9546225448908 1042.8186715257457
766.7027184447255 1876.9975149175993 423.3271540807679
1120.8055082846995 1427.2474818445712 1135.5203317675919
1537.3826352212573 1844.8700166280507 795.6399505876631
914.270359120541 1510.6444324544577 1337.9601028728796
1474.6195378689451 1823.8986286800812 925.5416658954996
1357.9278775844884 349.3627157072399 920.2876631809562
412.06475634538606 1365.7351010026807 0.6331870522520711
829.5736277698564 1792.300351978693 32.81576672498965
412.9339723776182 1934.0363227019518 1400.4542891624928
1150.6471738463358 1564.3582257722596 1252.9381096149589
1311.5897668773312 178.00546069117274 1474.1621462895184
1499.9230224993482 116.56336387655797 1146.457735846368
1998.2483996993155 945.3863203236939 1402.6559348566525
1012.9525231045216 1864.511289619309 157.71374926512505
208.9730248369901 805.4667806663805 921.9367764565345
177.56017132439993 1555.739897705006 1349.0031679541046
1478.9527642085309 833.9008650705298 828.248699671805
491.493925931652 1955.9999465582316 459.6186685827187
845.2538936085641 1979.740851089239 772.7083919816529
183.36999599420656 300.4101136994819 21.513669022961313
1651.9363886792123 1983.2030302287658 390.55646471140534
1717.1824563442742 42.36693606615138 75.53391315484154
858.0372854414506 1801.734374921361 899.451781827602
1384.0560862688953 400.2517907092098 1346.2148990248736
466.98078917312455 1894.8079143061213 506.29626493958807
1523.1152648598954 1368.9186353911136 1317.0667878290512
316.22828262655986 1675.9392821736521 677.1062625900922
664.6283745280855 856.6503738862317 428.6133129116425
1948.804171303884 627.2983946354673 294.1314304948019
330.87758556271774 307.6198382504707 1227.802704635993
248.44376922193123 1086.3440570405562 1291.0085104805196
1950.5562442975875 1570.8646436900176 663.1741069475089
97.7049654399178 617.0864099247877 1313.874160653276
1544.7270954374837 414.0024974401424 22.36809804762624
369.77704305912187 471.66072578619753 1236.4842851238784
54.17125213519447 629.2533152474955 69.44954230453665
1290.236635113313 963.000896914916 230.23572699598026
1203.1942581796475 768.2067820850787 1029.428191632187
1388.4181573414007 522.2412245747081 181.89570980215547
1338.172123303825 787.6752389853413 1344.2095872061252
1962.7823828387827 439.58039198755006 778.535219043931
1654.967243875404 1894.4208546872837 1484.9055207312163
446.061948477362 1700.2033377371295 241.23375133599478
229.61885032832052 1430.6205818361834 464.762646014973
1009.6583814111817 418.08275991603125 937.289769620273
1423.3860533251998 23.83224893125724 104.40728276577893
179.7445073473316 1475.3483227037943 762.5220688843128
634.6835584234556 832.3938110618552 1387.6501289405935
80.47217431899689 77.36877977257417 414.21188260714706
903.2631969643538 572.0199989056272 647.8151934083103
898.7666779332675 1739.460323945718 873.0156998302384
23.165370994316923 222.3833264348123 393.568887595792
1388.879678348616 895.5178398879398 822.969030918997
1671.0361611720748 1581.9552319971833 1348.3420390381066
1196.557416424292 1539.6782987641468 1348.9002101604121
1247.3956633314226 1151.3440841688252 855.1531694744453
1194.218577596841 638.2625790085876 564.7913820761519
1902.8011413108215 1210.4497689509863 339.5215558850647
120.19962358720804 1495.9347959620538 1213.1389492936808
1200.1479915790287 1447.8794317312277 1393.6480795328703
1625.9555371663068 867.4132976874666 384.1127227348102
450.7959246916578 671.489652161193 1252.7551506545528
1791.3633960327409 1188.284187345523 409.3595832553185
873.7261518068815 984.2682117609601 1334.8814353658868
920.4554958433117 673.3858058380589 1172.9764072897342
1208.5819217538562 287.27755730895655 381.075047952463
80.79787148059769 440.0195261238009 535.5525272337692
1347.6489950772361 1159.0165953742298 1150.4202723692388
1304.258567295877 447.27292613002413 910.1593467475643
1942.8299710905437 331.3661586787833 1107.5445654025061
330.5094657754104 166.80533197038173 782.3225626502309
152.37248337012187 773.0837367998087 352.2923498161426
13.347686874946474 1907.4276471072294 1025.2224149350754
1922.0490504246993 1056.7379688444075 1443.1475443367308
1436.312592551613 1468.464404404871 187.50078986298934
1115.9927418589957 244.9664353097851 204.41337301149315
1669.5336436056386 1772.2540549366834 630.3191636458141
961.4458340702113 1805.5378982735965 137.2600679153473
520.9317961469167 1082.3816087995472 1007.2247330639233
1563.1556583073443 1734.6358905680195 1240.6693960868279
1623.3440157907362 334.6847475235091 744.0909205283247
480.74311293589676 1657.6437120720473 1249.5345563843496
1813.4180578233645 1282.03665196922 988.3106095083645
1284.702587680804 1625.0149156934986 1334.8017845823877
1789.6274032024696 1831.255670980138 155.47386819740504
478.3544258741341 1264.062255767544 77.46751018772424
48.12704062856543 365.6922439147019 526.9872514063846
880.4436431379938 363.2876211923452 1138.0634519273437
150.30983654716402 1269.8100745297027 917.7382451615427
1785.669881709406 1100.900615700309 1227.9136110267173
723.1485513908071 1123.136011026364 524.2655945881479
136.97691374405107 1984.876632954656 887.0866669049785
1613.8545639169915 615.743661204589 1374.8588100453012
1336.2883248973928 1241.8786455974996 1377.575931020306
1469.314548541592 1615.6070540151009 1265.7540305918633
893.6894943506899 137.18884956847722 66.74437590506489
1543.8725953119285 413.75985033088324 951.4610046530591
1373.2810322592627 18.75157597256294 435.5738450272449
539.6495873613061 878.5467684972213 1251.8555624057838
856.8550330186408 112.12476172004293 954.2155041568191
668.0610235184992 126.62579534809915 647.1604974947489
139.96945475305523 1701.8523843296564 632.1122497393161
1838.7313790837593 833.5071346559415 268.2522397967117
548.6455445347214 909.6671607915916 913.2018648569818
1825.5627930590897 1950.9060181228883 818.1393959859785
136.73408342664638 1232.020940773066 167.08191386182213
1060.3125915152827 1353.480693116769 714.9769099120496
1181.1666407516184 814.0840953935787 10.427159772475713
996.2820166483144 916.8938317644848 754.8751255188029
1191.6801828317157 858.0960723906978 1386.5910317041776
1035.8407139092033 271.5677341947058 69.27867651484826
542.6924543500622 381.0527721792256 704.7813761631078
1922.4517882122389 486.9979912246138 58.641519984768856
1360.479431976219 741.7303063605394 1210.0594516653882
886.2312574774089 1355.4855552462334 1155.4890645547387
872.761712111353 1241.7354626859 705.3778847673605
1189.5867211473656 1763.0672452719173 915.8579191849302
1526.3735249395293 1283.023073265226 1416.5301136218102
1367.218114848133 1948.9052041377727 1134.410938567879
759.4065459033801 918.3878649670003 219.19682558818494
1950.4543318273945 35.020631609979034 854.4595581886284
874.1916559896204 283.09722467343755 568.7620229184881
1357.3704015703831 1922.9081576218757 1349.4418520620764
874.5935982020554 1185.204755950588 620.00782948629
884.7536553784277 911.4107210881508 4.083569583804958
653.4056841699396 1244.0765825580256 1189.185416977281
1090.1994402457462 667.701521578902 566.3365056435949
95.23782109693757 274.3926539157366 861.8883482804914
1935.7749380941596 1472.3216811761756 454.68062338773
1423.1599506101345 1697.695168581415 1363.0476973877862
716.0932255665598 1130.6789344090153 296.7961174403257
1120.6933514361267 1522.329654368813 803.8902900613294
1255.1652443466357 1120.374996886755 339.86622061269037
1935.3937927441946 669.928845057038 1342.7023436912186
1438.470307403271 1099.4241865111137 1482.5113734957054
1199.4531665563552 47.4686157157862 1002.578108100978
551.2506067124472 796.6718435827527 568.6231794033624
1635.1072370665556 168.1344233502211 27.809026540326464
847.2400792775911 1674.0785227628771 222.80551653240815
797.365851050762 1558.18700336971 1293.5196125939178
1252.0007343853256 1050.5633949950748 228.70426106886538
538.6987282249513 1830.6953453526453 1333.177957263339
675.7108446570219 176.6125064028634 667.281217095487
1196.7513112203965 1210.169683523034 174.321301780295
1819.5870532882786 1005.4968955668218 297.5343302275914
729.1447817912577 1158.023772212142 880.8591723866906
855.0163344372274 1827.5321674610482 1340.1690335419457
1337.89824565211 1614.037539000197 577.2993630531738
1456.9157149478679 721.9895629543278 618.6648021796884
1169.083708622429 1775.3319195996505 434.1929433630024
1910.8938868486111 1706.629536479196 662.9854059348735
1976.4075384430896 479.170256572198 600.9432060000306
1502.0861110822116 1729.0916969512723 707.3708854619127
1569.0512750582943 379.4744860826344 959.3562596565007
1462.6547381099585 649.5441651496052 1264.4405320959727
8.121148605816142 279.20180246022096 552.5387625687661
1812.8725329887902 1899.4743204738604 443.3168313259656
1901.8199020721815 1650.2715424675444 580.0360029941581
506.26304747408926 1209.7573560588125 1434.3093956954178
1835.0392973798569 1911.614701194451 1140.1175667329308
268.6002402323169 283.10840476729004 1366.4957287768086
1867.6987477148884 710.33486012484 951.7702197249113
269.6057627608581 1465.425701302537 729.9055119345625
1833.883725624182 771.1354147306484 232.20746556096367
285.29488287063367 363.2602358051615 460.88082746133017
1155.0915158002338 1793.382393634521 375.41173881564885
601.993997281858 269.01206820299353 248.85416793280112
1854.7374215606485 241.4861030569 557.1624912860873
642.2060875799569 1248.3216861971073 305.65708839380807
766.0428467766174 146.1825566063586 764.8265466104394
242.65777965600944 118.0198472145313 16.848996350415035
1406.0709352903987 732.1021655720097 680.7675428349444
1458.6129764673888 123.47513340656558 1448.0516017415553
222.45562049799906 392.3500818519958 712.0609365487846
231.16281080708134 412.5290362064151 1115.2737008882625
410.8039098553724 1393.304959133077 1327.774683761034
1247.6110885327382 335.1436297727053 930.7062085917595
772.6971213579806 788.6499123417254 532.5120710478297
345.980898959332 366.96157359410165 378.0411060287788
1024.339454327338 1349.5312287716642 497.7396994308468
1164.638143738862 1745.955129035395 1453.8898547490448
214.70759423805475 70.79844372008127 153.20625818347838
144.6748767684405 986.7650487660502 1429.3554808136419
1495.529000954795 1069.8745186278477 856.185098579846
1477.3967897532275 200.54934050777607 1300.760139187022
753.1186329263728 651.985351482149 1303.3267793987168
301.261519119036 848.5834941492178 1174.987413123095
785.1101495010384 269.198783033608 757.1928547500885
132.09405759177727 372.03506715598957 586.0367029015093
141.85649482332607 1127.312553792338 1170.592555788706
1328.7698966589417 901.8336642758209 1155.5391681171177
1436.2520084781793 675.5196931154142 52.461898396232165
677.8067679809099 1767.9589331387276 592.1288053177999
1100.9221113754 836.5525074942606 728.5395490234845
679.6716079662431 964.7187786407401 377.159911862525
1677.7655177176334 113.67814791419461 601.5731843589044
522.7558552097408 1365.0301794222185 1037.9604073187893
699.8711424009421 1264.4597874178628 1376.684326156407
1031.6085864270567 1776.3318024734094 282.95349413337095
827.4402381327346 1012.0939008895184 1000.3100920380778
1145.7960858340623 1979.8092901006319 96.23372703308425
153.6486157719623 1274.7186138999987 147.93474335409158
636.8314436903597 1708.384849838209 447.80637385806864
81.5813927562925 1584.4586528104833 980.2635036741851
1603.8962636040023 692.3952720904101 323.0736024652012
949.876842858179 1142.9191454787453 599.5059795306113
1880.2218211231068 225.80699193008002 106.80967010317127
658.0093223678414 1581.2259865302908 542.2079374557729
1784.476028724542 378.84396791982635 328.0787106212999
114.67411061527932 1252.2574432607416 1229.9759700651916
202.20919775782087 1442.3956148339032 1271.365946968448
660.0677678689873 393.3558929531582 94.87519229074287
430.8664687548649 522.7795788379783 455.0889376233368
1739.645369895418 77.15693904089594 460.1202873392548
1484.8553628739726 1362.910439892021 1200.8226074029699
858.3230865498786 334.0208841862529 1050.1571037006454
637.0863307259633 1136.6328613032294 1097.4303842050565
896.8032861654204 637.0430158250335 739.5394781040683
1767.2464988987501 1632.7012694516893 874.6820317259801
891.2230379233122 901.9180487267972 464.8107098523141
1920.923329772705 1058.5071377319136 653.6943207760876
300.1687226795491 359.8432043498596 1393.6211484227792
367.88240111587123 1480.819396719643 805.7991274652732
1026.719119878248 462.3560832883002 571.1694874996872
854.0494839849524 317.9348931653427 955.6685697359117
1186.9139876195316 1102.2594637129773 188.51375807501796
4.607779509959942 1419.9275552627287 661.484578044181
1287.688076516159 1408.4176546804092 314.9946945615469
1388.483252128271 1736.185515142755 219.26057424003926
414.6746891825026 538.737661924314 1403.6127350720535
1131.4595683769405 344.34450824128373 1472.2318873613629
1663.4067702779566 778.5883990190914 1305.865598444298
260.73578675738895 567.8182662778989 736.8026589399445
136.96321256959988 1464.4606270995125 276.45479999012775
291.07399841689727 1004.5666176068515 1032.5541656629507
1514.5381065667962 1521.2840509268872 697.1511050352958
311.39801722844805 1208.0520348312293 521.7238491067311
203.07483407233184 236.99610209136912 1022.4119439321714
1665.179064962612 815.3874531454501 74.97465260841108
876.6348175828815 220.09886770868926 192.07500212570295
653.4392945122618 1674.8149565089677 838.2264074190306
1861.787731986162 1203.1282330480362 1255.3880472876
953.4963127343688 1420.220753126561 605.6356536144671
837.2136484173453 847.5376334387577 539.0074625888046
514.9172456442608 1047.6127783441332 935.1940634851684
738.7993366322032 1076.2125735912985 879.7813789627642
342.5356878304773 1351.3752340336798 293.0727273175698
1934.3208944035173 430.52299383130264 234.60316459012444
1171.2388456468966 1801.1436686353854 1498.2203660674088
662.1792276033563 1752.9887257807038 1076.362001755884
1695.8066411654793 437.7828217084463 768.7193543862307
1207.9814670379562 1605.7496879970354 335.2267604082576
435.88538193305084 223.38563232727117 582.7813485090119
1322.4163613507396 320.7387411035836 213.58574294143006
1309.1169609841988 1755.870910801766 324.35717346022557
622.1748104428231 229.36330714560205 1492.1893124253072
1035.4146494763945 1893.1496850960204 1216.7700266740612
1409.687127725979 894.6679619902241 1170.209157625563
780.0873896256467 970.9927115756019 705.6213285235306
274.8594404742577 1751.923830867202 883.8432856688961
223.3745731512562 178.79871978760065 1145.522202587694
649.9239785951389 1566.9435002387022 6.204532211836811
818.3035705863948 1045.0331994409396 85.3105439792235
715.075217140722 46.811545081225646 84.02235106207439
88.72954979567149 446.3224667244845 501.50703501240685
601.3708764349344 1769.113909581542 663.6309161949578
356.4958919110874 332.2713724503663 1450.7530567679787
544.3099691667635 1013.1891479565776 1324.2925780252365
1997.282020450688 496.0650648789644 33.120306326874186
6.9646393619764435 545.1907667858327 1106.4664198584906
1386.2073107010958 1915.7627530769223 1404.0990409473977
1863.0986601461984 450.6396977266118 1437.517894301719
1602.3925434711048 616.8619050364255 668.7154438456431
231.96777170657356 258.93054119367775 138.56636469504164
1198.989574395068 1376.4253750647106 16.19296840982276
99.32762941284734 438.30743024504227 1059.7135494483307
668.9927919705567 1154.716380841682 210.63388755765345
213.12234631768058 1306.356350452691 1135.6839618218182
947.7333483629891 123.19804914904964 823.020078335616
460.5560190215141 458.1757694079898 1385.0876220261323
1571.2097982684793 1942.7654615263966 106.7366639597766
915.3630277099841 625.2319262386021 249.38331002021664
860.3463406661665 1933.7756945428362 521.8014602708198
387.2819296871706 1693.0296531747892 147.74344512636284
154.78212586611284 257.31401532019873 463.6060645400176
1884.582622587808 652.6996884430847 678.8426669612095
572.6117111389879 240.27692253879817 718.0041589342045
1741.6076542439437 660.6773876909398 335.26856500904614
791.5202119208915 234.91883116058722 1328.2140867819096
395.339295863407 1768.2701291043609 1204.7914297659527
812.5086776625943 607.6505171203383 780.7604293338925
1329.521299923289 335.82714411741324 609.3100938447304
1450.7222112650534 400.2809935016909 1334.1837386378968
1023.2918299496685 414.16936177685227 1231.16585643237
823.8749252358839 80.81890669181924 848.4971460166904
285.3268069816435 284.2674054576888 740.1616230528759
1993.1541769190862 1843.6687370828836 199.21501337456377
1952.2085688824397 1009.0543533451386 1463.136625690733
141.19688352722613 1383.4930636065767 96.73100941922708
1763.1703848597026 1614.5756696725894 93.79071664159466
1316.1809386181396 128.99633450324677 1487.8087726167805
1905.3868163106183 1853.5881987317252 378.9112953304602
1049.9720458231413 190.01009211828722 653.7908346988099
880.1707564472703 1198.1264254870266 1428.7698956251836
649.2884938883515 576.6240569398884 846.7035116259918
273.9954330656853 768.1660572048941 572.4807207750862
493.5967027942638 963.1163699414744 515.8634440916501
744.6674886907658 518.2735781835648 1039.7050842299561
1125.6932292773533 1270.1011002792482 118.68034565986402
488.0931540856137 1448.8025442845287 1121.4916565138683
651.6056874555956 459.76350718917456 1022.0543921047386
1982.9803975429354 749.2416779358209 535.9931209045479
1360.042942062607 1728.9058103599089 121.03581095879883
1474.349464304295 1782.4773474272579 1442.1618722520943
1345.9257078527712 1485.090027281922 317.09987459261623
332.9343064080985 1091.742811397082 100.71090429060337
1575.4241669460473 862.5082630321184 661.2709362673359
814.4057786328395 395.1875330932184 970.1176963703147
686.3415281901715 1163.7801075132932 96.60377838914907
944.7431080800983 1318.4184233916012 678.0036326795782
214.5297106805837 632.9715513188477 382.69354147043134
915.0378040118532 861.0786325004248 1001.2919414610922
507.3730409732038 1167.4779512610207 1030.3101815231528
433.49150965090047 967.2999665092683 323.1267543019436
903.084123178315 1384.968273265023 1395.6916124727716
1803.5574382585623 1726.1708059456034 737.7688999848676
1258.255223729663 1553.447323528487 1455.675915513772
1022.9038451265952 909.8045430988715 1186.0298434145423
1891.7203133050987 104.61277652463875 1076.8049823856777
714.4493454471874 1098.5471388023145 311.56126673633037
727.6897038342922 302.00037001044876 1373.9126217567116
972.5010380957724 1119.1136222121181 107.44168885856425
534.2437136345808 492.29676358437956 55.984133778716696
1822.0636771910374 754.5413184559717 98.69956979964428
1350.8392884928412 1359.2919137130277 90.69371764428035
1977.509887846742 283.9376649873371 1228.710919710094
1676.6085534015351 1488.1793798894785 1412.2759760225053
776.5496104919007 1592.8940912859996 546.1643710264639
1844.2685179635344 1497.6575141706696 1411.1561643989867
1251.9440911175254 1900.7010290843955 1327.1054565393551
983.8737218151001 1096.4786540751857 804.5579398692389
1512.591913660764 555.2851803476126 1073.212885461604
601.9659469149856 1530.3631426124396 43.367510002270684
31.182328240314085 1516.3784054050207 1044.970868870715
1136.625927980705 1539.7828641276174 945.8282319356191
1974.4532173728503 1224.555137683176 921.0144763721052
1870.3306506269275 74.82360269386712 630.1899742571804
1570.7963690631896 1530.7751659624296 129.59249463972046
1185.9599324413375 1256.3526159789942 1291.7914630793573
1208.2904881390534 1229.918052972253 177.17007213468767
861.0399103979116 901.2335164180945 827.4696553749809
112.26723037175823 1604.5162640599608 532.5413775210193
1363.0505847584473 1867.0283271593055 215.2968176313307
1456.4117140328738 1191.8503563326096 493.0355163383958
1133.1674280172417 665.6913344644674 318.3615782857989
98.0678894842273 523.5970446186191 1180.2286386297715
1771.0191377639715 1277.7993039317214 674.7122826666098
796.5479252051499 828.2164428048395 671.4041243347482
1677.1503645791706 294.0764150635968 64.40770484441171
1475.927331852842 539.8920961783373 1234.9970203870762
268.88485978786326 18.09470992181117 1363.2541844835673
167.73580489151874 833.7697023658224 145.48895155782498
75.2529729730247 1854.5732183206096 1395.6052465667824
1654.665252799655 261.2149390035243 89.0366124485133
1343.0736098922382 1170.24695271042 973.7295898282028
854.7143045667635 616.6548607757794 1337.0411931285828
767.3079030104819 333.5642276050308 724.8696611653472
1979.5731251795517 469.0538352934701 1435.4746130733797
1894.6513653340128 218.33214889473606 1152.998168353396
1249.7023936736061 47.129328259432945 1196.928097553147
772.3858597516353 495.1940605091525 1206.4837454357928
1240.5647452506353 847.6865245361944 1227.414051971599
1830.0866005283876 396.43421294448353 609.6976549278965
1329.460500106658 1915.3374649908535 672.826600611784
257.00550246887553 1960.004347755498 1447.03318982534
1928.328016930642 1212.4869825080564 1361.2167442096957
309.0580513676275 1569.9877318043889 20.50506801035812
851.9070741318411 1428.953397840957 835.6402242713142
1249.5189971720768 1095.5325551530086 303.8039982325219
1478.2519028269514 11.773273763643788 1017.1158256196228
1338.2007272770159 1468.0050154878234 695.5746880185568
463.79778527015293 949.1815392541414 466.8184919752902
1139.8614674673497 1160.3787773713098 1162.9254465388856
1925.9280926964955 1603.4083169749304 268.33877384481247
1511.8572974902065 308.69228807106896 1045.7042911255512
438.8561756136498 35.75002431756435 550.8694139143282
1364.5130356930242 1710.0537495116535 393.36286266152536
576.1559427320713 612.2147041703987 588.8948181368069
318.48873115549713 1061.4187005868591 1028.899869828725
1177.8966976188153 1208.9233253087464 303.001512039325
1507.3845307981314 1729.4129708553537 925.0879924884429
1747.9962467273763 955.196802706892 956.1635480181403
1385.5964617843247 1662.925243670887 651.3275533484292
1974.1028163023802 1856.806240606708 1186.4547882952058
936.5861318579838 1286.060922295192 622.416354234114
894.9923688941813 1558.15299779947 613.4636184739554
1996.1622982542585 1115.8398784247593 1061.269621451295
1797.8985308667839 1090.9574166863206 362.5229839698081
701.3651590743597 13.176450339346557 987.0312061526218
1498.8362475425085 1365.0099895573242 293.40590740381464
1314.6045281559473 1704.4757374183491 485.5516387337274
983.7217066154973 138.9040623013007 9.799395553241608
97.2325648304917 1028.2254496383378 1454.2414893985933
415.9083625768527 1954.0079658210147 1288.698773831932
1272.623681428325 1598.076111943879 113.63669295952728
1037.0589906716123 1046.6579409161957 772.6062720727834
1978.9425869595452 284.0451170137759 114.98061839805047
851.469238278329 1619.7614975716483 1144.9579691634904
1449.1159698616907 381.59460908749975 964.7792118071179
518.620398415991 1132.712150047767 117.14210469094355
1137.8821930423649 1814.0249734515228 18.417986789137252
1711.3574856480323 1887.1990335618063 678.2038524763894
82.60520605378052 913.0611175854888 1315.1993234092727
950.2437250266969 1639.2610275376878 1138.8919094825776
1636.7542842478697 1397.0173100580505 265.273169657186
766.760266068828 1992.6542232435784 622.3233252957226
221.0664286201558 578.0248308813127 340.20588067793744
1046.2880633058426 294.0475682112069 1319.4631762560546
1849.8747122711623 1831.6194199169947 94.3521232811177
1571.2189911783175 513.4759069459585 51.0571011510727
1073.610410140626 1876.070227463151 209.52324090246245
1354.2989033241604 819.5472843351339 124.70981355154565
637.3559984989523 36.766961101387 1378.8617098748157
1276.6097409100757 133.22335230787675 980.8126624218784
144.1535025186227 1301.7096320962335 546.2664841607611
679.2265252613696 1744.147857297186 916.4697555763872
1871.2976645165331 51.11031904555308 715.0201734315676
1035.4023160320667 1404.1834904512018 1453.938389563928
1672.3121086239669 1706.90408255277 1401.6271493901097
827.8106846830971 924.798261892551 776.9014432307353
667.9770442666153 1297.818748608771 223.16123342002976
1969.7737464146308 481.155389672373 210.494795462732
1587.904122434231 791.6828055196689 310.4244994437585
1189.4895143473507 323.7935186652396 389.793153014675
1452.3458051775426 528.0420384367584 793.5583501569664
1428.7200000988068 1392.5709035052168 999.2145652685472
650.3030351926213 172.21469069446948 162.5087642406881
252.9664173379176 1686.0751919009972 621.4086496960316
1540.3492966020656 1927.7375879070712 1416.7492860915333
1450.3543740300804 1167.1825123619506 328.80031749266027
1037.3907846505358 536.0055599124128 1055.3100060620452
1726.1034212812813 781.6260542267404 1498.9124069718637
333.0019836321876 1923.5697159255935 1236.153910769371
1833.4606332804772 1866.9342075204102 1209.5051171303007
1930.7313779302456 1655.6859283363074 695.167102053396
74.1036888343105 1507.139583247156 135.398568196261
1229.2892876158467 1810.0796276308831 1009.1661458102087
1617.4575182492426 984.1873003438109 427.86633971418684
1317.6779495339767 709.2423753683232 998.8747769254977
871.9156902679368 1003.5914257575027 1125.708711360785
1504.2672874730335 1571.9490290577767 1136.07414179587
1095.9957232785866 768.8362734008574 1254.7701185943044
742.9424677130128 1278.1241711264008 1472.4715774148926
234.3555810998106 358.1103744992902 753.5472707141485
926.4493871524793 628.2521302610677 146.62809718669578
1281.8278280064505 420.6307906391804 563.6178224827416
456.75198726155975 598.4886810330752 1093.2160407115941
1316.569871109493 1569.8414349386317 631.0281001539239
1716.8216790058932 1528.2388923170731 899.4050021790271
1931.89889471108 16.919218217855914 251.32324181958072
784.516274398777 1439.327022474208 655.2266278424819
191.17738999822387 305.00022624906717 1110.2395516573656
1317.2631606420405 1956.5106499410801 719.1397240597465
869.8717468563261 1364.2650853370296 998.6485975049657
497.05642883464463 376.37027876203535 541.2886759881113
1922.446881430367 1368.4433001169803 458.1924977579096
1663.7774684073672 482.2940909786808 123.71746930149341
1962.7257649860844 400.86024913959693 362.0104202157157
762.4865998602132 484.6529990050661 1333.7068161643242
1634.6959653632975 1051.9197936560006 359.18136233140893
1499.17775596314 538.2776473227291 1026.6349714244589
242.64690185176806 1063.3209956824587 435.8616840556983
992.6262080087203 602.5977613931155 1170.4425526324385
1542.4173697417164 1816.6179688619814 414.0124100711507
482.71781623015306 458.0825906808634 78.06652574232615
1167.13550489268 1251.2418974475022 132.1555205418584
1103.2747858658763 431.5500465262341 601.0797709506836
1996.7756496821567 1126.8696007936228 435.13349214598463
1138.12560326202 1896.0363192674197 1351.4966825992276
1147.1636170920524 903.3191762143927 480.0909152401633
919.6163056007127 111.62477092900458 77.19375942806778
91.62883128686028 1700.323608315777 1449.8918292913245
830.0684726974113 430.62142323384234 439.92278161318694
563.7036854913035 258.3074309056246 924.0150034136394
455.4594021989806 1888.3340578194966 985.0245463563809
303.04347062044815 1812.5008547948266 947.4353218389384
754.9650635715906 1301.074275819642 351.3600156532419
706.3348872920226 560.5612355451212 647.343106099703
1608.237516583943 1718.0475961490322 231.52954193160613
687.4314922938329 1130.915144338171 536.4228625991459
1077.6481528405932 1779.8517339529242 411.3959570588328
538.7394870098876 883.2598995523955 1218.0837657658592
1821.600691916046 319.40617921151994 610.2082182769127
207.68525778145386 223.48161991361914 147.4245216559254
968.6336835424867 490.2124076679644 449.5571008044927
83.11549716159993 610.4698736784502 75.37084910768965
498.8102450501233 1702.5959586598972 759.4286555051201
413.21701979618797 489.75039990456116 1083.1283178394212
202.46303210553384 1135.156914609992 571.036737063744
73.50676085223351 21.055697657080373 503.9710948249539
756.1114182057993 69.56222249834431 561.0851667618873
106.1702055358682 1185.2080597041825 636.3810622480214
47.20609393688014 1263.3366667746454 1437.7372974496557
1138.1420678259005 1426.8801728018104 806.5157115634462
1432.1307728500594 1679.4329754370297 748.1123924614294
1070.47630006312 151.41795626949838 1149.532716564998
1245.6423609584474 180.337079760297 683.3978277786427
1766.823733172886 1476.147797975798 1146.3289166755671
1018.1597411178255 1923.9220676804596 437.821223723533
1780.9656005437093 1701.9155939740804 91.080300993029
658.0042162770084 1611.7468046021636 658.4404922623861
577.4362637520396 720.5134596593712 1439.019178665089
555.6729625050505 1166.4573365314125 1273.8716320535186
1339.4331593378533 38.35613868547871 895.0588780904471
581.2423921084118 83.83973328059446 218.70287825490215
911.5673523189662 851.8536921669078 549.8805360336238
551.0537469920114 1949.316758645508 1227.4362293495678
929.4974895102257 431.5987577162632 1142.1608773700195
1725.1268560337946 1734.90762697116 623.9248100492313
1621.8073796832412 1325.3449097993005 1141.8124434218905
557.8853891749067 997.867105884211 1167.3669258400264
82.29989238099522 1803.782055375549 777.6792346083803
1571.079736270854 254.41765559310258 156.52165609927295
1251.3413395494902 584.3752537837954 634.2856371592933
1976.1480369444507 1108.7907603717715 910.4248196433057
174.0390005272623 1058.9122786942355 490.0230747162241
552.1542527370668 186.7534117988503 447.31465215176223
1609.78557944222 1136.3498752901555 237.03026258315845
1850.0373822623385 1568.5043941827294 52.21223311877837
1655.1223569481165 176.87361485149887 476.46527033138204
618.9022771219552 264.77488277261307 1185.5110551421549
1701.1213803973833 440.0910343794291 1371.922590833886
1742.4334720726467 1877.4539420039773 1485.8762865534748
1138.9009246343962 31.033184620245624 1118.13863448057
1798.448867867973 577.3440059528316 1113.0467619678261
809.1703030681492 326.4215533977068 554.4535879458716
374.65275986560977 1968.1606652408618 164.51673756954787
858.0396334254983 952.3008041792065 1358.8343032263647
1198.8251562935013 1589.8697675976427 728.9258789788502
1060.2989396947273 1541.5596705740027 599.9285436662858
1237.5689579897712 1439.9128499114306 674.6307519744903
534.6273695359873 359.9969339082334 736.0109664458638
1143.3158497993195 205.5623526310182 1161.3237811526044
733.5553274308144 158.79811770667507 393.2283116955556
1775.55989216784 668.3632225660416 146.4592268835659
1420.1785822583365 1346.9988952364843 1304.984741317147
1019.1091670896495 1213.1153511384073 1159.5351515111035
63.690652470154376 209.80452055836585 689.5640029491478
1605.5257151694254 559.9362346056687 1091.8829721859317
1860.7810422478385 1734.8580859883734 1093.774829932939
22.370869994950084 807.644301756538 1255.6294915283784
115.91001224430153 1568.6976329128752 171.18700748460074
562.9240020199777 1864.840247676037 1174.8954157891517
484.7327636853298 1045.8623921588735 14.398622520542581
1082.2138440405542 21.480958337263488 1107.5401577950208
1188.5717668017421 768.8931768894931 455.6718098399898
215.77956850079772 569.5637051720388 739.4419252423237
1933.4726785501225 1778.9325846862369 1123.0923148350057
1089.386062644612 1747.7148714559953 61.09493270451771
702.5406295837751 1510.8899557455813 802.5866616559032
632.0566635204423 771.3344768481272 832.1085203137295
1492.5606289212658 95.07664265882099 1315.7080560405598
30.562125654935322 272.32890441498614 1045.1549518596028
1533.2066659820086 471.20621827217525 814.5294635484669
1339.7014948144663 935.3662132197844 1314.2732847452594
1526.2419789124199 1027.5983456427796 1426.9228216618105
154.78052966098966 1830.1041516276064 383.1194329167775
1480.97552125341 1276.1773599046605 239.9579135030409
585.2115409791958 256.87903635242714 707.9861213145446
1690.4478236660957 1368.242557911349 3.1661480693749855
1910.7830439416275 997.1641037604719 1409.8181578274348
1324.8761170334706 70.27052361452957 255.1042543683225
400.3113636309628 1379.0454700048106 540.6033389751934
1257.080001746965 787.6627311348434 197.14407832447318
17.27156729771373 270.85049686755224 987.1137932035607
1295.1809234571517 391.54736401742787 48.350346224474926
1917.8043110145225 187.93283303909925 354.8854565462038
788.9968580692369 1825.7586676663975 606.1401763236983
274.61595873876155 1920.6216216203484 1389.2233264845368
757.4107271249708 1763.3682887100435 421.2792423048825
113.1705420100002 568.9718623546331 1369.506622581016
1544.7745783963976 1078.3543545665866 1152.4906266828405
699.061263989769 498.3122286686112 528.84191033883
1464.7834915337064 916.685611647696 816.4869170684258
525.6720483828394 1356.0838764379355 882.7159705119375
440.8579431060158 1836.1591632519337 346.7884111629343
407.98515719643325 837.7669735125588 456.9148138237641
1935.5858756597352 497.97903914531474 229.0941865593194
1642.3678699380869 10.771400704955525 1022.0121247164724
275.18220859104315 1150.2333937002118 427.29992100795084
974.4733944238106 1038.5905656771472 1428.7824451505828
670.4280064330526 1862.37943882838 1361.2321932057416
625.4817627752614 312.0059649958733 395.68764758895935
1020.2414639955657 1202.694122364622 1363.8942887449407
884.996920576314 1275.5460682525777 875.4474821193388
229.7467704115439 1342.3417308705734 1495.233391177055
446.10266857752003 1769.0131620447241 427.06621311843776
1897.811798136775 995.1010548928721 69.98419342373025
1304.5466034048718 244.66625550187172 512.0797173450565
1698.1763086735305 1573.7504471954178 1105.2398110281983
1189.6420294797394 1298.0640136088423 195.4345661871349
118.16865726611891 16.606847500588717 1087.1332105057309
494.39134746727296 529.1444124882878 500.49845059075625
1165.7428956770582 1410.0058662353872 1406.3600439648508
431.596735602505 1531.6357888456141 908.16771360818
1642.9816634739536 1351.1283518987868 466.42513919108507
1037.3429238772492 1736.5972498297253 1087.869631241143
1884.7188760728422 1329.7718052921366 797.3370161643004
61.25781932194574 1157.2715023271548 832.299859431987
1675.5730286613104 1420.3945070094808 361.9064812140284
550.6517579870098 902.3208757788299 959.6849652600002
1008.9618596501149 1945.6519186690477 358.4412298015565
520.4455922023496 737.065713585861 586.147685429162
686.1657016445946 1398.9137762145967 1076.4652106071906
1560.7892624211017 1575.641488604091 407.5352349176475
1796.8524855928486 1802.2246759823176 1074.6540902385611
1428.1411205836189 1523.1811756506552 903.6681828776699
1994.0766741967802 1362.3009115497205 553.964201806473
1172.1601168593645 1187.6578459953807 974.6472013612646
759.8419714374991 230.3603802602856 328.8002478705976
782.7188081341858 909.7935133554822 653.577609406401
1725.651055935909 49.222509124939194 731.8731054220307
1350.227875812029 227.57757891652864 823.8703555509026
325.4641518180772 1774.3029245719472 219.69871979042594
483.95134745103064 1312.6434290809393 106.0079665032384
81.83844939533546 1561.6246347043134 1110.7371746928525
1968.13050240847 945.1651509680812 1227.7159474242644
986.6514393901034 1299.1734033645907 66.94538345750483
592.0005035136106 1596.274460189864 994.5988794469217
1467.3378875927228 1148.956416809359 1473.971574516111
1358.6464953018906 861.1229619778777 1255.5698425190917
1949.8894574261153 1679.1586983502812 896.311905759134
432.9261876359172 1987.23269563815 1157.0293379900716
902.9046995017411 818.5129344197833 1497.9098995720906
1727.383096439973 971.2039105020334 1461.968997382495
1492.3343690756235 708.2236500760475 628.9895466518501
1185.3122931758155 1862.860228092581 961.8130447057578
1845.6995600750686 1785.2062751374044 1228.4970277108926
173.30245574071057 1788.1419142396592 45.30727498641679
404.79840631358053 728.1300059482993 1010.527371823897
855.4192368208795 690.6942168794566 703.1947897460016
1381.761029879382 1066.1675548486814 38.666402685479106
1897.024686362758 844.5121943486464 666.273121789656
762.8504084487255 1731.8912828675473 211.6521333411699
1217.66984567066 775.7021076855324 1333.2551622071192
1291.651327953139 1805.3055799615022 841.5875610678551
1087.8109975290145 1396.7620249956026 1233.1817536182969
190.28073640904307 943.3312877306215 1441.7738946748038
1753.2269925336966 1838.4470710575788 374.0191955078362
493.0164216648849 576.6090295629978 618.1084019285779
1417.7534670748298 1968.4424255102201 1316.7343270360768
83.62753816380608 577.6254162911176 1110.9880387942007
1646.278120451251 1350.6625981455943 948.9244281564038
1738.0683767813082 560.4329397307434 703.7544917783098
1827.9578787244072 1417.659017689617 687.0001113222697
415.5210016058755 1743.9393601987383 1457.7258513653953
1864.0737544211186 1536.698672297649 318.9176485229169
283.79197495047094 885.3539340312307 559.2093032242988
39.980807440440415 478.6685146475462 1186.4923234617909
1684.989935142051 599.3810967647237 871.0994176160079
950.6377265188157 1413.7923463567506 1156.1501413882518
471.3928701203929 263.5912762970949 741.0548013435307
1581.8931896649983 180.75460309220537 668.3409130433257
1907.0273612806704 796.01250404919 557.7693127841652
1979.4575355173804 1706.6161857184554 120.37763125673307
372.1855052413665 1624.6403431367874 811.2851308448002
1023.9727627705728 695.739283580085 647.2290000072005
336.3192914393316 1036.6276573090329 176.6119383737298
1960.3156017021295 1939.7417880405762 558.3987594812421
1732.6173616735991 422.32601429911523 257.9805038046664
1503.613290985623 449.5662000918497 291.1030845437715
1778.8269909284716 917.4023290160858 997.093423743937
71.63474612986387 319.7035845265519 835.0137467673524
1855.4722559726595 1892.5993943938051 1308.1648123930454
1020.3610700971304 994.7830746121023 1203.6032578687496
841.2476359934489 495.8370333343312 608.0440665101538
1657.0344747260865 932.0692266035518 868.3750484478817
267.63876025354483 1483.045614977442 1111.4814869736713
252.74695485066934 219.1557153216983 889.0179971630978
1083.3168120799596 1047.9683224687499 313.1055664765808
391.8225313350332 1136.7400487400157 981.7674107012327
573.3112424109308 932.006129383692 553.0527027448754
773.4593144668161 1962.0600945901954 973.9675332546028
380.4772163161758 132.82559391037418 1212.9697299094219
1301.351402208781 55.79187185593493 147.2064129673809
1732.3669098151554 1599.0839404147307 628.6724473167519
1751.9908784348813 1636.3812148025215 1186.320413188536
1842.5714129886956 62.877221973717035 1466.9765507943825
945.2314343342869 1706.6711424744908 1219.9387191644064
384.22337798886844 1921.0214867838165 318.34909743453056
1612.1743851011336 799.8894540699604 765.9015829445322
1370.410843696144 360.8474822519547 525.9118899475712
188.0448935060075 530.0438417159563 783.5631270150849
787.7051019253365 1144.96243183648 328.11493214124863
1652.393298467149 156.473892958908 1263.54537696884
565.3349371474557 1963.2736004771803 515.5014974345902
265.1726362746021 292.284130334757 1036.0110027565222
1350.3255280695666 1229.617987618249 321.8350425045603
1402.8221425151542 207.52254754389244 424.8531385681687
1004.0398357649152 688.5136955642166 44.65577331314547
669.3443273599886 1304.7851023268279 1264.2424327831454
212.5139197742718 378.0880368278416 1259.3172727906738
1260.5388630003717 1634.7695888543394 29.828794097691734
1276.7526432205225 93.0396770443811 191.26452467394333
1854.3882840644721 1652.6597623627988 607.0925441955862
892.9351927422102 1092.5976130147797 518.0132987996892
1936.8016960639313 1148.3939815205258 258.2169767643484
486.89254952177305 859.8772001044388 1448.681774149669
1763.8772616716224 731.8885018976054 1481.9398086529181
668.5099596873223 1667.1695643997305 159.4886644280748
1022.3347464449797 1217.537717973731 45.187641505715746
953.8891923047406 1784.6408947353211 284.26350683248546
1461.641719907714 642.512370510151 1243.2860120715359
1107.2168893139396 1948.0030119032338 866.6090681490225
114.21956238488207 918.130170817979 589.6321098780263
1072.6847139945578 141.6098644411341 789.712767642792
376.2960740590853 830.3896289623805 1195.1168579605728
108.11875544815864 387.3756646022937 1155.4272585512376
1237.2785742207354 1567.175943000371 684.9196880850935
953.4320323970958 1282.515132848467 777.981404823521
1129.1973938492954 679.7163425523769 374.1953280733124
1564.8548010765717 1458.3884623164738 254.54131739420725
1553.1641388496028 737.9130005569034 867.8038998111618
1362.4962014124094 1231.79472014181 1006.9030933469712
1992.611970291991 1932.6923122246978 92.38493730454988
1056.0924824657689 324.1468510922021 1409.752901399802
1089.782371198334 1296.0778682610362 453.8217731773304
1085.6086155662028 1067.084556542812 177.5753973324407
1204.5975005648427 1624.3193744093091 1421.8692905332855
172.34264113412002 848.574622264411 417.70339682340034
702.8510361743973 1813.5520951190301 1225.2699977946802
499.72976062126673 1844.4855107828823 1223.040544731868
379.5356280116804 754.3325452148968 611.8956457748693
281.04500830821746 1471.192757760231 316.24338221872017
1299.7458007428731 289.14915939774977 15.001064162223187
589.4990836734537 473.7169756699229 495.9625661869458
1979.6072988225126 1271.2528448138924 618.6067327342818
653.9883126012352 550.2766994547745 1210.4918534677665
921.7959242236558 208.25637490123916 461.6261856010471
1534.7581073119063 826.4092740091231 975.0907564107099
1688.9317036173802 634.5782846548777 883.7760170688026
1309.0087239948625 621.2916143525391 355.1515718427185
998.0683178524467 1383.5864073660957 614.3171612155118
1431.080828931195 1512.214241748758 113.61923672262314
1189.0520677947168 1927.3096582307846 860.8060669435683
5.682456353008236 1412.4876798230432 801.4692953968502
731.6690556324148 670.7196421854989 15.904315485895882
326.79084270890013 1574.1480552823118 1297.4234419189472
1611.9226371632824 1410.471680037099 1496.692100125096
1394.4590117251819 470.3158432062817 597.5089077209915
1370.7507864400666 610.6442844953814 683.9806716752804
1126.2962961987866 721.4673819314677 349.1068473771496
483.92303200604124 1916.8168209466824 323.4537369396982
1847.6991372322357 207.7594620551082 508.9249844114358
1632.6803075838945 1582.1883262826666 499.37623786972034
540.1385670170517 171.82152024954854 112.1086628446496
7.917362937558847 616.6351322679202 519.842217076747
851.4058580347206 980.3254293695949 278.7826018591479
653.5453450908097 978.5594896282213 823.2677582639033
305.7911091980683 491.3025052947417 695.55929686634
170.7516505825415 1274.8352934907261 1400.7183750134445
830.4632636196238 911.0907070866637 504.1579809367334
670.6387031398981 471.88186005366896 1129.537442268554
1782.485519436928 1441.269873925408 646.6638938461606
1280.544661507413 1473.3435930040314 942.5302243438923
1641.480676552855 432.0627521028217 1086.7474825245067
1096.4241871993624 1133.783159714861 1050.2300122840807
496.79548719642753 1322.4332701301453 691.6128910098348
921.9096390123469 1264.6315691707969 135.83251339045933
925.1718852299957 134.20388773246052 932.9468510563
540.5547377831197 1353.632864903799 1456.512548928869
1111.8951813277693 216.90665527623997 378.04779450615376
1650.92346124375 17.842696523392874 866.0557981777971
1450.3264105088263 375.668474889683 894.1696321497806
1381.7685695312873 715.3059241228019 1072.793204596286
962.8228440939411 1045.1468389657055 702.7253739332076
336.2140749824938 1218.0657615411606 1395.816509006662
401.90960683219123 411.14155428517086 824.5558710283398
588.0315872131285 588.4553550871199 290.0384966999823
791.7262366602403 1083.4268895628677 377.7443707708967
800.369925144127 161.68335860662754 1483.3133721660242
1491.322767320454 1381.92541484102 293.2494989157516
1907.4959247639936 633.4399881495245 1253.0620618327644
1801.7451954970754 1562.8527954448257 527.6560188051164
1183.5093649031978 1549.0533812495805 1325.8015335960029
1262.4390013422483 632.6318700202942 837.8786636594303
1994.3357901974407 66.18055411822698 1041.9509527616403
1537.6306898870414 277.78954365300314 570.6135387441215
1807.3175023789315 1426.7225108592113 1319.9504134911028
1504.3670916857636 871.7808456301315 313.54161102055184
1072.2834099372094 1707.0242606389963 240.757278264782
1991.2666789225802 1610.3027344017642 639.2875407931401
1054.8494567659955 1925.237761442204 651.919649462083
1922.9491674113142 662.1256020359978 693.4144405621083
1954.1657540122183 1293.1389635901014 1260.5125779242926
561.2156847073686 811.0414871663573 818.6135572540913
717.6389015568709 1761.4957703501798 858.7009817330888
616.4159702176211 1316.2292340329323 966.5371491850709
865.0977969775595 1836.7348686799205 147.26424268352883
447.9455627180904 762.2448096555922 1007.2705315198878
1150.0889738566038 1728.9533447204194 380.44118925506973
1721.2346170730234 726.4221101806389 1055.9548717816597
635.2932520911035 289.29703672054364 131.87077730310548
1815.8578688496236 152.75815921117197 1297.1624852595553
1112.1204619855387 1508.8591498248575 623.310706052909
1645.4609536429498 1784.207765363417 426.39595478519703
70.32958056557392 561.4677504474658 791.0424055218705
1029.408689447253 609.9291745323814 1048.6710795189533
1489.2634362199735 1322.171964184237 126.48722789687412
579.6644025417934 841.4844761866707 135.65225647800216
1785.1769156286412 656.5981681500483 201.50112227317751
418.1826182802313 622.5361128233367 414.55813187985996
1902.183548916493 506.8839576185431 433.0146688938549
175.72820981908222 296.1306121682219 1325.665864855707
656.7407595152073 441.02401474675077 167.61067925971156
1023.6138569110528 1710.665938791434 1145.45625438518
1345.830625755829 1560.515921135066 312.340771631535
1547.2055693824332 1506.7174924369372 1415.525310449729
835.9222386599872 1445.640656836419 717.7730109088695
1167.043401868202 654.1365700816419 38.996242858377215
195.48563236118466 1316.8788131113433 1328.987793741277
1630.3798526404232 327.71433735711787 320.6959386589262
1920.4152368033199 345.9884368805295 1371.8604037239372
481.44784770597494 1815.333621883243 951.2876939018391
785.3933313176698 1044.8090757144564 588.3335343649717
1334.1474289556804 1898.397061447421 853.4230910349927
148.15694450869898 789.06905753926 845.9306218895977
1390.8274734314816 1869.2392897551256 338.44044009119693
517.7437157518984 1194.0864782533554 885.8732464949351
256.0014676513096 1041.4264492060308 868.1519245903146
1351.957990667588 1822.294821015404 1091.3793994184714
248.61575899427834 1276.9100388153943 1476.0271228211616
750.0012763294333 1182.9476165531898 1216.2445826007743
751.0388276642084 248.05465880874044 148.09640862883788
784.6497141783468 1687.642286883007 37.79524097073234
227.24473913672517 82.25264406521693 172.46329849119957
108.27107764768806 297.0236477689814 1325.8002588868137
427.521509492127 1148.228453438211 1469.7607930928066
889.8272391671549 777.4120428376119 520.3509397757192
1728.0342475584334 41.06668825603465 34.85436204670967
263.4235091109569 339.8647590687691 1263.6359107824778
1668.7974965605088 151.18942843631223 1149.4356756269144
188.35164313301854 1951.7662944446486 897.5467832702138
1115.4924212288413 1142.4825519569445 547.7698310181751
818.0392834997327 229.5698657939096 1064.8294297105406
1989.6659632570252 727.4274009982256 1206.423007336855
874.9106321153583 1318.0384182965324 1346.5594798754842
1415.6864516052894 126.62629552350424 219.06859459725064
1059.7136139639501 1203.4156702431633 983.1767482133507
41.693071271023285 1599.55730145361 1002.4663237140464
258.25758117256424 296.18228126857815 899.6123562638371
1328.1069844710162 1187.9421158356313 366.34756970486063
1908.3418004423058 1572.380600825618 330.9948280268186
1736.7076340570811 1837.633747108366 737.132527824072
220.86613081297025 1185.5315100776663 399.00653776371644
516.0697992977492 970.4491756947484 195.06407068027693
877.3902801544078 1652.5494510477204 1493.875381682816
91.35653137477173 942.7252869792688 71.80703786808107
833.9808011961823 1254.222006428744 234.40317591270997
306.15548037497064 1859.959868662051 154.02694981187432
785.7582494324971 1131.8351730885024 183.4699270675112
1372.505109047474 1578.4241842934312 67.24469763306806
1071.5725847963379 752.1345420219851 1284.3460730153254
602.3134841194724 1747.5133298346973 421.2388668258102
1547.5523877051598 384.61606165817375 662.633801677349
400.2245268227327 375.03867301847316 1409.0827162345624
1511.3297543128504 1657.3029336187446 676.4392014086703
960.813257842986 1198.7747241784166 46.54834347894504
572.2738414682968 636.6942063662004 1393.8701542922865
1437.4816551308293 1048.288172303009 110.45652745966761
379.94609754443445 817.4391803794845 965.6413787716359
1875.0521023982703 701.9785000286174 2.006694203271986
1638.554752640901 1941.0546855113664 230.15308516712773
1882.0159775566872 1219.951374890188 1034.439538802479
1096.3850502928763 1767.579150013845 1297.863805356848
1405.2684539783327 1753.6721126684788 419.91924528524885
968.5731527940527 929.9553209816261 1318.696669805934
822.7234228852165 500.17203897472353 1191.1119140538358
1656.122352174178 1028.9991959664403 1314.7689535999366
39.76034135384299 1762.0782458845042 1020.24638206665
431.2570212051543 101.56324935351168 1355.1119440035689
186.25586757641565 1983.5376629038847 539.8701165446091
35.604981739290494 1742.8646481881544 112.45816192465774
1622.2142264061306 446.7971206152383 4.082945663604953
617.2062127411883 1988.4649138627103 1096.7426435170617
1836.3702724755485 976.5917400083422 1386.8288223914412
322.7969744367811 38.26992624363746 1001.607508944923
903.821251620278 1728.944833841367 1005.2779518439908
1350.3127541500846 544.0595103451819 1108.209231714601
978.62048410988 301.4703160595138 523.4183518781359
421.76160152200293 1111.6328043966944 539.8398897142083
440.22160655605603 546.4798476746136 988.546628595574
1984.8402084949691 274.4993016149908 1339.7099803863803
941.4702459792002 1420.0632839665323 300.26314856139044
453.52402004873807 753.3392996485842 245.6829890606268
1589.8517886146915 822.6485369458399 783.2071936125815
1891.2017850214427 1728.7643945771015 828.8734903360918
1701.5115799215703 279.7241892243685 241.9565298805423
536.1613205033833 1540.01023826917 731.6835040834633
1275.2246038310498 1742.636215294758 1167.5682247035627
942.3950314787899 1316.9892209518432 1137.7519735097005
1489.5705622373316 1046.3921200988625 1364.7900663943035
1093.6306638575027 1168.5258433087383 998.8655036898314
594.4667771475144 1574.4772711321145 181.00315994629202
1123.4937588838882 927.9785397820881 550.2539671410567
1364.934216080499 1268.2332353853806 707.4997490408618
1497.4340489477959 14.197585932411938 1353.6088641630333
1754.640059567996 341.85723303568614 163.1641908822918
920.650734020152 1637.7776785052547 1323.806798670591
498.8517313993368 222.09084864962225 1167.9971997984114
88.07654852623648 985.4681779872947 1439.907378175627
939.5202754658376 414.4447820484642 975.4376084441041
188.0042871131007 1294.8416044335597 472.7240775463694
901.1385557330698 1645.9274457914316 1076.53249150774
679.1395290742763 1820.9731581066596 109.56251176294946
1937.1372777916179 1470.4384825770267 336.63107236121976
373.08051909079467 611.3664241493631 1039.937860734992
399.0556634762485 1290.1396787951458 690.0905135895632
40.44691572882142 189.71422328535525 826.8240845521859
255.88095772341867 1813.627486791986 607.6491808860617
322.4221375134861 1437.240568488024 1470.0651101371564
412.6379518773622 101.72978230297436 733.0040499176738
1115.4996817068532 990.063079056439 483.2935778489083
1546.6905520313328 1695.9736046286653 96.63084243496783
334.8670187977694 35.43328709795879 1346.5724215449352
636.279310391323 1474.3571810393098 732.4071980389958
424.91484961783743 326.94233102236336 356.74732630308733
100.54944617712968 1664.7718519042096 1184.1369158889254
181.28257981016915 1945.4466370314808 960.1508522615732
681.250890861623 1911.252150861538 609.0736069310203
1833.3548354553252 1031.1926098306765 850.9824619399049
884.985731838289 1059.3115095241542 1404.2609534372878
239.6351164298014 1728.0338386431745 626.0054560450235
1954.7881332765744 1565.9681043228916 67.84838735593424
791.8427805976518 1950.6419800659505 766.5474393081056
1457.8287511161432 724.8154629655559 140.3662688318772
1565.8447182387645 1601.1079992329232 943.8148770485191
411.38916106310666 378.29189767852387 230.68870328500947
690.5283178062153 1374.5763171027656 248.32002069426824
1862.8847278035141 1647.5477175465637 465.6196225229427
1855.3035630569186 878.1939563365675 1175.3192895870352
1384.4362339612408 1052.1743445634493 1117.4876911136028
80.30207369478792 579.3994767293474 1387.1030249229009
1023.944505992161 345.70639215115693 411.70410701262114
254.37756252373765 907.3927507204056 682.3640719341755
1250.2682206040552 1591.220414600117 1245.0020355261481
1193.5692439012635 824.1901870101644 69.54309032260525
239.3277856429057 1097.6114987898568 984.4163299883705
1212.625018863155 294.94195450522807 1230.3603094991831
741.6816397214321 516.5968383045072 556.0346130211833
1180.3214984868982 1473.4409459731362 48.76450802711862
1524.2722105166501 1251.433906610278 672.4844538286908
133.75280480945673 1226.2111949376088 1294.5255746522869
1166.5990014102413 486.81425158008886 324.45570198907063
309.1454568907772 702.7501581843972 1059.9662835536076
509.9125271532288 731.1637062284664 914.4175845916882
1239.0414581187695 1909.7646449503775 301.1117210077652
1911.1943703427582 286.23913649751967 954.9673711764805
1694.9635379878778 527.7709515141491 464.44920752836447
1010.1030979321233 228.4786026760719 1485.1092650559103
1168.9912340676563 131.88093234992814 1069.6273466481068
1018.5446039768051 1276.1811994427974 391.23475532843776
671.9310332094107 1534.6421578925585 399.0668863376219
1188.6248554111687 201.0236044063143 1395.8082954480888
1769.8946360566163 1835.0039267872885 715.4633817286367
1783.6149774946794 842.779450417277 9.180155952703606
1418.2417170209615 505.7735635150449 1222.9678203843855
366.79230850081734 1585.4342955179698 19.6267788380447
332.2501111190674 462.1047009815886 1322.2175692403227
1654.0222950762109 429.3605866486245 289.2390419377975
1006.4008837025722 736.6872456203641 599.9386572689478
1785.4697940225747 1809.3293067876932 1379.0261131342493
1520.908218154782 1118.5209864237713 186.04155000962425
1460.069877827045 1840.4767189080906 1323.8388210641135
924.591484580752 1276.8580348033606 552.6713656563311
811.5876118450134 894.1039338892172 67.23133538133897
35.810890689131014 1017.8319216499749 636.8981284854253
1922.6260133911442 929.3197282765029 189.32192330453356
1478.1002157436901 1105.8370003186726 565.4985195266348
1021.9744404414977 1833.0322088555674 1127.7577553093188
1358.1794096105168 769.4888858356624 238.1246179497603
1796.3264824887444 1519.7341866937659 1415.8802954570638
560.4624928922249 562.3699624795375 442.8234422974166
1397.316401805191 1393.4038900618038 691.4233812845695
683.8120305763871 379.41500569395913 9.160482840147587
290.5272912798369 1176.6156467105056 700.6301716314705
620.1973331578732 500.1485279368487 838.4688575965572
1833.826693041825 803.3835537231492 537.8538705615633
1233.589776823053 1545.8215067547458 1051.1917088547325
1752.591308412933 1900.6641834814884 858.3586328106179
1821.9552785945834 1587.3702553073554 680.0213688506271
617.984340566733 36.279517113726456 788.0225953129615
151.21781667162847 1729.2118093608287 340.2814930063211
808.7841971600478 156.6796625548248 904.8254300270719
1402.3147896319285 639.5174935104233 102.65101431357232
1129.129549915434 182.73508864741282 546.1105730028695
1731.1583237040077 83.74180733361713 1368.9806370731987
1362.1436654345612 1968.8988587142928 1491.538337478685
124.65676565349115 695.9480016702912 426.03435955511384
419.21303731224316 894.8189272183511 964.6306152245255
292.7733428188222 476.3768862250555 1171.1463039994642
864.8216587385454 687.2904178385335 941.5555658835497
1144.4840220052336 1655.993195791569 310.13295767893595
955.6053243373051 1500.4211647230757 989.104058724445
517.9808708773132 1441.7092714456876 613.358055661891
237.361120386427 1755.0067179256066 1055.531529116427
1713.854773390764 491.22813412403474 505.22765330533394
289.4942444310338 835.8661149869857 235.43992652781998
1138.7619859604906 1289.110978625405 1256.938389600032
1120.8844996897883 1709.1505645637774 221.0948792679359
741.8040312576397 798.4682360741149 649.9400115739844
1630.519756622452 959.977360304254 155.40145078273065
1748.904133501046 413.51293319316306 241.51594497780565
938.7048254193968 523.3769079284627 970.9090395939305
1162.4074745677647 859.7208019109421 1199.5388396629182
1605.4481729615377 1717.0040572128032 908.959957687629
900.3695692026404 352.450960677585 173.1039757863702
1806.192859141622 1255.155480835164 1391.2723738077714
26.316629694399296 1854.8842728257987 125.56861726714025
1448.5596106002163 1155.6277517736396 867.6044745106183
785.4631354410022 1210.2778222644442 763.460024250735
16.648712558264613 1002.936370854709 238.1939791621891
1580.502847259565 1314.308957994291 1011.6186334413838
1078.7915727521652 784.0590197160367 444.8355353582471
128.25344620598943 486.22694575096716 235.2245833451841
901.3004306241803 528.7576076924722 416.07748413128184
1837.9397237693856 612.5537916310375 1174.8381645007325
331.63321225230425 1815.1410435875412 415.7856355024343
270.31312237033745 752.9932214624799 517.3852225705515
636.7265163204037 753.3792349377852 387.0246821084591
203.19972562123212 337.10659998275406 751.4522372998321
1699.4586646078644 1256.127833591378 1468.6608363931516
335.3458258109421 814.794944287218 55.1644355898116
1897.275373035656 1464.946075444024 1424.6566621569084
500.965321570181 1724.7362092720907 1245.8490900548052
373.3758789907997 1241.3869291552687 1003.2582514128501
575.7076246107597 456.7983695987836 1323.8145202898927
251.59828846075106 39.12569540850019 375.627117359509
1138.4762363284729 153.3279331718207 138.2129302366678
1738.3107245737283 1072.468039528534 1069.8789773786957
1599.9777524130432 1807.045378789988 336.3896786665055
470.785873844497 1091.9626782535947 733.4238543728213
506.6303753941994 1662.6009066623453 1245.1610719512112
1458.1759660495443 600.6489564303237 66.05732449480189
185.95932402291604 1885.4710023483533 65.88900009110348
246.40057818781713 604.9861182206683 508.46023107350754
858.2705199257255 783.2607997689549 1169.843749367244
1609.519301881785 994.86648812618 191.5472090335601
435.02033713885413 767.1837342668957 295.6690204615382
1756.0108155758314 160.2451177931301 712.9995109052912
1223.496173660675 1364.1108082660521 992.3436441415206
175.6073934400726 1004.3508055561437 120.37054000210057
1873.9695732559815 1484.722506403477 1164.0301052980728
1052.6996733547412 1182.9037418731682 377.63845367430685
817.3570375082897 1953.6112725845949 841.2522461187907
75.27876920712906 1692.9449560542928 817.060970678651
275.0752364101845 1323.8165059123496 138.5061465174008
1731.0927105366738 1366.3349283604584 728.4052608219804
1568.893706950126 1887.109416121404 1186.2392869611908
20.32862399588664 41.56569015618472 1428.8322078179456
1503.5170357144766 42.16401506941159 750.0983765455185
1470.4432072868938 650.7670396770475 399.1519226564049
1043.9748455876495 582.9408070646251 1427.6884579736852
1972.3463966845552 313.3819896247021 788.0922254983554
504.7677214345665 1208.2064440632748 702.3638613907561
417.8112764074999 674.8027262250009 582.9360503687346
1215.507021525655 625.4891522511332 1349.8533757351565
740.6486224788417 1359.6582127584618 933.649748990104
1328.6859185516014 1807.644011106758 85.01085379745693
1192.9785070724638 1953.4703049358884 1374.7973298196125
323.80785384595214 1288.418509590769 1484.6056831836008
1520.937074459091 535.231776940587 507.6309072587767
339.85324873044374 1457.5813594688186 622.7815744804639
378.02906318886033 1071.2333667133478 894.8509624059576
1493.9060664171811 1891.1834774064646 91.85556778663579
833.7907298211054 348.6100840154223 610.3141675499124
1979.3553901073553 595.9427570772768 965.8150724213531
192.76110594560802 648.0006188116503 413.23474295130404
1782.422498202824 1528.866937426789 1110.6493538955388
1602.2351383858356 1316.8634464595384 166.07402596377037
1244.0638157314438 1391.6403819166826 1250.4511540015721
591.7399848627545 937.3047841068671 339.07119952662663
880.1759066746304 306.17861420967387 1004.9450904288899
1995.5244155497853 122.30352058014371 1485.4598114135688
1060.2720600467064 1356.9118658901004 1088.4860618692928
114.4087347264522 1053.5184490025179 1296.3678972313483
1127.5346500222295 979.4545012136062 252.7162880711988
1984.8887979212584 698.0769923561456 77.79061726892434
1527.5193933234593 804.3241889265382 271.3274387634806
190.03227306389704 321.4516425209084 782.9636687999161
1479.7883672585358 606.1056770184068 858.7279534764614
1712.7878944655058 1003.6493077942595 720.1226292842946
315.68525155807214 1936.933237832064 1403.314733727076
343.0699276293117 1619.4646132799437 481.20122396444174
1916.6217655070914 49.58507052524763 380.3167523798669
1476.1361894773158 481.3189629309884 1094.3584143407413
1220.1728820691196 1728.7540020795238 709.786958320775
892.2005800914745 1033.0032303825008 777.9503247521864
569.8937245515239 1653.81400845652 127.82968720317899
410.0140664161882 1246.6895661132592 108.87916638521133
1706.359643355362 3.0418088033261625 838.2943068110553
155.88779689752275 84.36124514643862 1457.4569054146632
1041.1853856196155 977.5178050381444 835.5629966578903
870.4019900840649 402.1398486126615 2.293915472379504
61.75442397343978 1374.4998222350682 145.4909826903838
611.7524855009731 23.33219179024626 1036.2032610432284
152.87021835031277 1379.3731625111325 1123.4476993251458
712.519386509153 1824.3996897126776 1072.3731501793466
109.89983867316555 1109.3855235947583 637.6835778961631
1466.822488720692 490.45517619164605 1083.4939471526015
83.3217455753783 1492.8963771627837 421.52861854251
1081.2338949750401 1650.8595321136906 1447.4798470660733
518.2530831814465 836.6421202180827 1152.1257227189583
1749.2268918933619 1455.8491417132518 678.4234246635921
121.00148385366793 509.11956057239615 824.6375429406085
1976.5185366400888 285.66366209332995 872.324262373183
256.1070476981675 1946.087934508816 449.6838044277125
40.6057727464848 100.83465490921162 1318.7399824811519
1445.9580292422215 1638.666205702985 958.2847746577231
563.2153046415978 63.193823785952844 972.8004363403915
1651.3913233713502 868.9449289963583 1042.5590026370228
1130.958413924082 887.6857685690877 133.44626186656683
1358.5345203892282 586.6348273990094 372.5684651316818
1189.803547540965 1297.2045810645818 12.425632733478242
1883.3049439854733 283.2052244098087 745.0276301988488
1319.7179965440375 1990.958994606038 1087.5379870699562
842.290382659191 1838.3922189466348 924.1868904867299
871.4784133761568 1556.2979428925873 1311.3662486435344
1648.9021399205492 1170.5253278252785 903.5856685455369
1091.3911221497322 629.0318654082901 704.3510421475482
236.1919887387691 323.8888631978112 461.53706517179177
538.1597808577797 1392.0781645719615 1060.847562623072
1616.8548612483671 1187.344262362658 68.02126292158096
608.3250464794519 1083.034629104517 537.1583526282341
160.89282702507757 816.6232674853908 1486.4266658352653
723.8729428703292 1907.9835062636616 559.8457507857773
1860.827280999753 484.8510324955719 946.5289084684929
92.14660204614655 47.90684097376374 1069.1179466224655
414.10139725199934 1971.337122258822 984.7304151195897
1559.9190623606441 941.7090123294232 741.3305116288083
1255.6385249928817 972.2074026987493 1409.3045133737567
825.2204187002033 1887.3101733748424 1184.6612589061922
444.21276744906146 1305.2001672633253 115.19842787708163
1182.568578501467 1570.9148442535347 152.16043841850595
1907.5235854313448 1310.851121621144 470.93502278551296
1365.7429094429172 156.28310533752577 954.5434281968221
1664.824020969198 600.9675101709895 504.3061915018348
901.6727321169518 768.9484901976889 567.9447493158877
150.1878680667128 99.91877430409302 807.3176080447769
627.1557296401318 1595.0801067021778 493.8523054217261
65.90637871229177 1290.521258846692 5.30528900441568
157.92153614798687 1441.628931290557 359.7030098017047
541.3746338097056 499.84827546194845 1291.853868992148
810.1957512699198 1766.725240887995 1272.159855553221
896.9580826304224 1600.8078900164471 443.6906052113109
1323.6408850084872 305.4521827564618 623.1085679524523
1474.8803273160872 1638.679860257508 497.54074764577956
970.9978959958572 1702.8404562651779 212.5884044219698
844.4057375395311 112.68438843662354 758.0534405446974
1855.2242112132403 1496.6491868072587 807.8747491876555
1918.733022145933 1972.8570402470514 1450.832437072944
1120.7923651009794 1587.1537353366518 56.96607120412606
1698.13101856332 1505.3286116700604 1362.8302924466186
1781.5499460502635 325.334333237072 1246.1101718975322
892.7562304815426 622.8346707349737 587.8523546255857
1700.6893678981921 1833.0522776915627 1450.9244108968999
142.05607318982416 1879.2616186632604 1155.835610652695
1339.1639856564316 1768.6779624793471 1010.3493204849996
239.8857363972533 1112.3624450174107 483.8681138712328
1347.4783983398163 490.1747918770718 486.2658991277944
1984.4109839593007 1500.431783322614 1389.203630229911
313.3033373558818 1683.9447232864534 115.92360872139373
1545.075591286068 1816.3353248586982 565.732522665605
1670.925478304686 353.41006312991374 803.0148753748514
1613.4011366450432 1082.040758813982 1416.7592377102717
1461.6231088738878 1226.9746389565241 1396.5266554992113
601.9025806196714 48.46775278969373 306.65004636863114
1061.8485909039882 1276.9574651664889 357.3553107613267
1030.6889105230994 1648.007436097228 984.8834261883553
961.8079478143511 1587.0570572567506 577.4253786093284
40.69718915281317 556.8245784959012 602.2810666125267
387.82391769477886 196.93927871071404 180.16592683994935
1192.4854196151055 775.847446356523 1326.98771886373
1319.901936466731 1917.2733212479302 287.11241233765736
743.5135194651546 1181.1683828364262 1193.8002496449312
701.8746097750072 623.8713980780277 540.3922249250905
430.7940865714477 903.72651345014 1004.9867889214834
645.1815411407708 1034.2645743085986 1133.1781358366402
575.4440506306287 1802.6154813022233 1275.6602812745898
560.6082597950146 1015.5806491768242 1030.3014823975864
927.9073913934685 1751.9799133249626 1338.5323812606518
13.914889481300818 1053.6364498889468 1077.6265059914679
587.2636263166502 1510.929038630947 1064.2170851011576
1320.7433247232964 1044.9847274755073 1059.8570813548208
181.46874489329812 1170.0976800458263 796.9546173237441
337.08896741876094 1797.2213964964774 487.23196248173844
1448.9110632484774 200.36146330473815 786.6166333127787
85.73307875859304 1801.824810317543 452.43491036046044
577.9400987425724 229.70565475997563 254.99377015554657
263.7190753934038 855.7938314072069 572.4181855814493
1733.9123597981588 499.6035873479188 1094.9447934136463
370.9659200767985 1118.6863224581405 848.7137318000774
1820.9264999657696 1797.0703565655124 1191.7977057755613
71.48913562607717 41.87597410567867 153.75654014563546
776.1969785318144 1663.6176310602846 432.3562578884418
1446.3965277212703 1344.763524880816 1078.6655537122574
1966.365844276996 1773.2197422491745 1322.7347510674613
187.62940829539798 125.65033402939795 573.1615925148875
78.90255674476565 47.13348400176365 725.3726587805934
40.65873512441942 1176.0011410616908 438.83243886887516
548.3703244831231 317.1983319532501 211.17982860344463
1025.9620029321393 988.1710667951846 752.6043482419612
570.2044019069623 684.3949310925445 1326.0717858492928
992.3334094411542 1252.032447368326 1043.8615138389912
531.1841604900902 1837.9865747901576 1351.128740545928
1906.272620642412 365.7536006216604 1221.4032144848554
1276.1878353570132 864.0382425682856 1243.383057617907
655.2078267619164 1373.5770702808081 960.5543553629125
657.398659221927 1639.2820074982403 1226.7153791805636
1171.554992749011 882.0511399222788 659.9129428165191
657.0946745618357 1896.581430353355 956.374598487627
1841.5056948750985 1996.2188389149032 568.161970973097
1030.3614004853105 1240.6212320166471 99.78871518375787
1344.4733540919835 14.121231471043272 1059.1390560126956
1482.2181640856663 1217.7927268422025 650.6408043276357
116.96643339555956 1534.9858008958704 268.26274958901064
56.590896120711996 1594.3881705062208 381.03792888060013
1448.6158279779079 1608.406779678944 229.01420969714903
405.6045442721066 960.635679730425 576.2277924236578
1671.3278000413554 1707.2655216847309 202.16373756501676
1576.9154712490235 605.6558474611963 483.3873760897319
938.1215436477854 1056.8919557078407 173.1595451166615
263.5131102753052 213.37019861941764 1067.2052102903895
1381.2300336690228 786.14073942413 401.89457092001527
1660.035389923688 1946.4681933838726 756.5254076536208
935.522640487302 71.76504494540814 937.4696850471316
1203.9217631942377 757.447923765774 371.26344488572465
296.00587783710796 1934.977895733688 933.6339494853145
894.1573613669076 1451.842500177437 32.28393401955443
1880.2722170067489 100.0411759337958 458.0306359927597
1641.285927693266 1351.9400085555433 1047.2092851274667
530.5353539090916 1067.2236003595806 423.1079562849877
325.13748549635824 556.1422185691172 298.9021459007102
379.2043097322766 843.6882002260786 455.24374058984495
58.63297510287513 455.74525794648156 859.8388496112691
1656.284934833023 792.732554322989 1247.1781048334365
296.2353661408517 1518.6871846107128 676.7619089321026
1629.9556628702724 1943.507344347985 1148.5537467779614
369.21967530808496 671.7727385800254 1178.5759771124121
76.07317547646653 967.6600113682688 1166.5754617970817
1764.3899042292549 1198.8841362175742 628.4920993317286
378.6591752962971 543.0989118419243 1307.6347791041574
1997.8658747397442 1886.4787323010914 470.56538843003773
455.1667114581315 922.9873391664107 438.2023319494389
206.96236693026538 727.4951338245386 369.8551842890741
534.612285491087 444.51524977310953 759.6136395716799
1683.2558474276361 26.05115969582572 7.074030910859285
951.7801359507938 523.1340079487026 480.2804992464912
409.0995903426631 1500.004529692301 1161.2320194321546
1960.6188125921733 685.8265546443627 901.446524622632
830.9554631288447 1354.4843726308081 652.4382431218074
448.1591122660995 373.76628841768843 771.6801293803785
1543.9165196288018 1980.855805136535 85.1034658708676
1227.081653488379 115.10541274080643 1119.5515086328442
830.689234173583 1502.3564307345441 644.2414529169168
888.8997733350918 355.7061349166659 473.39868220297114
596.967475180638 299.6381171600115 617.0919990235558
529.1571357215312 863.6140716561642 176.6728624937502
1060.560434081855 910.4664481213936 862.8682585739037
67.08989170084334 253.216682013776 1491.344050114193
1412.3124741418324 1603.4799049673 423.862652507907
562.5492501374971 1706.8109215748461 241.4197187376293
849.0461163738594 986.0782311054608 418.1932509462006
428.20546567105254 1812.7786721574494 919.8353381739361
787.7639943740567 657.5296829946931 849.7589699592744
549.9638606347248 442.50150367296357 514.8512892898386
172.74177482377073 613.9143831536294 968.6123466957192
118.52767307941514 1993.7280239069084 1071.5252500625706
1124.4753210798629 782.7029664039369 138.13213249175632
1600.657519620894 367.0659789163653 862.8233804228834
146.59915276278235 1265.0892180075916 1092.7391630148784
499.352226168597 1414.3643967851508 1227.2238625792857
1779.3902821571878 708.3292291811481 1193.748976496383
1607.1913828967295 204.83667759246148 1101.1820630188047
802.9562782745521 837.7109010306909 518.8421410945224
620.7345035712619 1723.7767201286508 1018.4924603829302
692.1942935930148 693.6431735140827 1484.9623433198128
238.35031396750628 1040.8993979740928 694.6101372498887
1328.953724954528 990.2429172328233 943.747128909301
1092.909144540124 571.6063526349421 995.023829644689
1850.1445713106734 1102.0835070173487 962.1962334442167
1369.8739689674708 1391.0076238691777 808.959202834451
1531.1642137708106 249.76969363136158 1393.8804167774633
107.91208858930568 686.7564780903424 8.861579017221066
1809.907345111012 1368.1119316914317 346.91314120007837
60.89011127737854 1840.7774876817032 397.4386102283189
1402.928744920325 440.9263882129464 859.8990376194093
1327.6981632881957 1703.1485432463176 858.2344756385212
1355.538225119722 1382.2085958642656 1499.183561968301
1602.5061486754462 964.003883202425 142.19216386421158
1784.4236290479214 1371.0217120745915 1252.321492803984
408.10143863731827 691.5682946819381 540.4515693224946
1565.0878022643667 505.2367401621354 1125.1754247184772
1887.8295290255712 1453.9534129639603 70.9791702415909
519.988350592361 863.8623679713411 1303.102242562163
688.8001040150642 494.97793147640243 1216.326449342552
1643.4024427154804 1484.719773297466 156.0531354135709
2.242241642684384 1124.2534989248154 1359.056659150317
1374.1361833444764 1830.981747139913 962.5222663513294
772.7608891550566 1884.8536497807165 1353.4810852277794
103.03270438702272 331.3366618045237 1362.8942287453574
1033.6726023990132 1732.9834043106798 514.3673066638398
1996.956660835972 1054.6939990829496 1374.5508211259883
1277.5488261647208 811.1854695892313 1391.774889851286
854.8446267810343 198.54022028325468 408.869308216636
368.04984214956414 310.663750414931 1348.1807199823731
104.80492969148835 1815.008158929 1159.7916778683316
479.00061387375945 1473.1246272791614 980.2075383534631
1844.170574535791 1143.6755559787734 1258.44415241271
1586.8399396673396 394.08742935471383 135.81510199254288
977.5421550702064 1049.7262183186872 407.53434535932917
1624.5697879411111 157.2672527269785 759.5279028877146
1268.9512305755247 88.64661963529686 964.349283590748
1515.937628895147 1669.9708177800394 1480.863339058867
265.0212517094093 1598.0119082383655 317.3545891089266
874.8411478074701 1058.7176600051253 362.9933592070673
1664.3274507038789 1230.4459093578585 717.181284002034
1381.9211466280951 553.7273386356289 344.7881105365697
36.422312730548526 829.5477325115828 247.1748907218449
1407.889296031757 1954.1515988987567 399.07802321841996
171.99346953447824 937.1646500225726 260.60395843469996
170.92262826889004 748.6135299385057 33.247901099755396
586.5615592400801 1781.4343313166828 80.00678395815657
1798.9203064939888 1609.137806085826 567.2086474813143
510.35428679841345 142.8655823934646 85.72239168164242
30.618264836110185 1257.0962313934472 1416.7911193507073
66.34468384164194 1921.219352755842 833.9540147553851
180.00408916554989 1961.497920592235 111.31277270694434
365.8479479182961 1748.4561129911333 309.25787614404237
256.39967935041994 1932.6088263861952 516.2450477746513
919.4257531712171 1924.8389614490154 339.51235226943356
1382.64559171317 373.555373742668 1331.2178990437324
896.8519374455739 1365.5366937246224 722.9941805621512
654.5029805059169 1853.9990771382584 960.6597366098583
1193.4273471106824 1478.5490702474403 1351.49589045859
372.6838475857257 48.285050013819884 1383.0099459242906
57.15356585881515 1444.5586516087071 635.8395642933676
49.57125537145601 82.10961775883897 802.6625529316838
1434.1106961400676 842.727218558899 594.5329107853755
1176.2601981652044 1867.8439459777683 1426.906475156597
1215.1227457996724 1453.8826455296457 851.8246479884668
1109.549626772846 1797.4617911114156 105.47128476413059
928.3332418353878 1589.486491990505 835.5942065235332
102.13709523012126 944.9914488083753 952.6550093173248
800.8922175725044 1682.4399467952676 927.1036239448321
900.0539646623025 1559.4709557597794 137.81004039055745
986.2545188223435 1185.9316359512275 661.2208840060057
743.1617673937651 959.318096195455 850.5926056858913
1758.8056038309435 1406.3210104758905 807.7094177611184
981.5155155189051 1969.5435379900443 1142.0712643196396
653.1843790457746 71.59273180358072 841.908017450553
1201.9777550661968 519.7484034224167 897.394782881866
496.23975650407084 260.35367898919606 842.2508048413248
259.12648858866174 761.6861110446182 810.2483391098776
259.51703293939033 1798.5936477914504 304.96007663523443
1031.8884642580936 923.7423298599585 821.9958016826318
585.7818261651427 788.8027490736575 1265.2804896840653
475.6235347977587 1001.9254869684502 702.5991564480228
636.2703233783465 1585.9216958329096 1279.2776718654482
1862.1712866412124 149.8416540078029 1061.3773202961224
1970.2447694039713 860.7445217838692 943.0132331596315
1706.4937251765637 1648.9773604481481 777.4375029340619
1450.962181860617 837.892672700274 1075.2998514039423
1150.4681496597586 768.7031366185392 1327.857459081416
723.1420750487179 845.3596735894727 655.6261593488272
528.4414522779433 23.452905600655825 1361.47743161227
786.1748627143503 1260.367181141297 721.8065217431583
1698.942921131785 217.4202632976392 421.95851190641304
1168.9655964407032 1878.4375216942753 816.2013815442087
1151.7948077687868 912.1492220375296 434.0391161819169
993.4522646998284 1805.0731833626282 1102.2967932155896
345.1117409294324 719.573497604422 947.6838473243317
483.60972247367573 1693.960523387312 1407.4875917947977
1557.4232357677229 1157.6264681380217 782.0482601061618
799.110173213617 365.3316633629513 1025.9806203754965
1221.7073980967173 1324.963326211165 772.1261061041934
1220.7411663184253 937.3148170660656 15.883091555663754
843.4350021285462 1118.5497445346289 69.30055802811857
1900.7622278979366 619.6212451534379 1390.3521673469943
444.41978338942124 933.3684502415805 138.8180308007182
161.52158808226912 1873.4930722788818 53.71120410746871
312.0819860434223 1859.1371537412947 669.4194185138992
1619.8680601034546 255.53205524862 1458.510508595953
1510.2951857548128 1887.1368631937607 996.7980005728967
230.65430491474626 799.4702126068534 1037.12677162858
1009.5958702238814 473.1702899335548 237.466947214984
22.78275874100966 1152.7818981797204 822.366585905358
304.74574766884155 1074.4914881620516 2.567421194583974
1473.046431797164 324.8185314170402 923.2695952240573
1820.0744171125546 885.4932588483917 408.99777215172975
1046.867011645275 576.3740868826093 1117.2041115564568
957.5694077884378 494.3466725792609 89.92375204271409
1426.8798726715281 1328.585448942832 1447.2304053605883
782.8014748540675 1064.2927844724748 204.9988872422563
997.1552590367475 1990.638376371167 846.4784724374882
875.2152110245745 1930.4137005015161 1102.2011979297977
1119.1508576997799 1964.933280100753 643.8086483499316
190.62700497265283 713.2218772168184 504.6971008339037
1743.5324794141402 787.1448773520202 1419.815149693491
1745.7121422618936 1859.9086655792405 1038.1657017731306
534.0241960073045 1790.036567406444 1030.272346457825
114.19628899263957 329.9821484850274 1447.2507010698152
337.478539470045 780.5189174019091 174.41286638336084
1234.736353381115 150.6769858326511 1310.3551478455656
1132.9806048493974 1189.935346188639 1490.8172084081273
988.6662973285992 856.8182898253484 123.83954731025992
170.01119845080416 1381.4371781081636 227.74204589048801
118.01888323845478 175.40296977853552 494.5022991326877
1451.660653842129 845.3815849088164 286.43393964024267
29.453943956792685 1680.4188050236949 193.8756736527955
1163.7280214360599 366.62440238418645 563.7130202194603
195.51202174451254 1303.9841854472015 644.1455043709672
170.0200741958442 41.44820142872763 168.39283628960806
487.27755200521307 1746.8001149586319 454.07323202537344
336.38323845018306 1191.425597085771 953.7108625726587
5.8491172040033845 1472.7517196291603 260.174388920737
1781.5387904283095 994.0765898135027 994.0567363754384
1846.6321491925555 1839.9396523499042 979.1516131586534
1946.3222552675127 159.81944850828555 604.7417410937386
1711.9830144092412 1493.8876657049352 211.79720228848004
1361.6868817925124 344.5610726840982 953.7310028501952
515.2126289515777 1872.540835100683 1102.5909843138727
425.00656947580563 1802.0159755973493 72.43576637831522
90.32159867531009 771.3755508988767 294.0031173255801
587.6034886583936 1278.5011050996868 535.3569121932444
997.9778396944649 566.7670705482437 151.3875478497404
456.7167388645863 348.47564036868016 539.755645932991
322.12490406109407 324.16575398137604 876.3812036670045
941.6449786721366 1646.922581706245 176.62508364939526
1879.8767439279939 37.68729673527527 251.0986046316984
27.306908425984044 1589.1937521974937 784.7774499558768
831.9286977075002 353.68064848461466 570.6936046531852
1057.9728155260382 745.2864322138959 22.857256686500516
1467.778520558585 161.28275460916151 218.88231282857322
831.5281142796742 766.3116042213089 1249.3744556377217
1845.7231686251437 650.419613237458 843.2533522305694
1424.9794853627295 1182.3607479806924 495.189755735094
1980.6501131392274 1690.236633737513 1443.0905141299038
1780.402308187873 554.2259551528452 235.63487611773832
803.9166942332062 1983.538744057925 77.48723365698257
13.071409954710012 1820.000316965886 97.92214163292567
1723.68150836184 1802.068166479138 1145.6301025921728
222.28035990177065 1547.9629254208069 1424.674203066195
1133.553021039538 545.4635547199272 1002.1807697275135
586.2660878463327 354.4713815697054 227.17392430507383
177.3289347098286 1361.9011642918076 932.1756381909024
857.9995707395558 619.3647366376465 262.2284639707893
1775.8807060041709 854.8588807334216 376.72909432654643
1534.2453600140414 1737.8331731373094 1490.4563271861705
719.505100064645 1262.6949438452589 1436.2247646358308
1376.4353931636124 505.97032100120276 883.336593257791
1507.5651830671145 13.756726205432779 825.7903891940597
72.47466658820811 1316.3528922811718 1035.850548633975
924.2221152647885 172.2981551379763 1065.0966682910312
623.4926174432367 1849.0490299659086 1071.5951350395574
861.7335023807146 404.81535613552035 917.136273457652
198.53059321087363 763.4804030927502 510.726694939687
1775.8539869050817 1594.0590122742706 1342.2940957177254
259.8643255701805 1420.27607075998 1003.1804166839213
1716.9820241858229 168.31006717599783 1061.8148550885944
1541.4665621840645 796.2329731391895 390.1829794448342
456.8785042758565 1838.527276215203 1153.54600291133
1251.0634656719174 620.5608069815128 567.3563344525121
1549.0663236321795 1782.8243446632132 692.8022633452682
1657.7583063369668 557.1799912204896 564.8120299997629
836.8287912962138 699.9235038938705 1350.3110759763204
839.6963633868367 288.6226152608122 897.0176937779293
1628.9967341383392 1457.2924533881294 1.4303605824675936
1288.8788799742545 279.9434903602742 114.86886379100892
370.7244219552406 694.2952207861495 1497.5512368366792
76.14536341304733 152.33920148077806 940.1088270004554
885.1371608878811 1136.739018401434 1011.3722108422193
30.0652934547454 1346.8527912108887 112.0241585565489
1395.959485083676 493.128142527298 502.382276177672
771.9285368102327 1490.8824304101772 99.12222246385815
1058.2340612816029 987.784218710464 587.8947740772342
266.67667323155484 1265.9180258756132 1376.8751374740443
1906.8947016063867 152.83959720990703 605.7554973601005
839.9055759207774 1852.4438550880334 10.402942213477706
1533.8804435014788 1325.670741731106 399.58705269416515
1809.2172909525898 1442.3953655579012 462.2692120056043
1397.2556133387905 1722.079206629006 974.7164448613646
0.2674218752583002 1986.6932256561668 814.111685094963
1998.3317739676802 335.2162873177602 1310.9923483093457
1669.9524854092347 629.875579981692 36.94084775039141
1626.5385969143815 1647.853827175297 112.1119455786349
1859.1292482993078 1654.3807358830672 1184.656109357942
1075.7668017254905 1891.8330936719874 511.66217284592403
1310.8328641607693 238.46515338273798 25.61317815437758
901.3289038839836 1663.300313075269 76.40250883209248
443.78157408826866 1184.2548189239342 637.2912376157083
112.3266026006522 1346.0878966859898 537.9582983395348
1526.2320773974634 1203.8705390496773 1328.01126130591
150.8306376421118 446.415540370384 11.029609143715646
701.0560948640803 1782.1441538888132 219.73756562815694
463.40925847425774 601.3180367118636 269.2825351466856
939.4637990537622 959.0620382789166 481.18995347706755
1469.329488303951 1405.003762742922 582.0837913163432
1853.843821079967 1308.710389592858 115.22072452016863
1613.4879817914746 229.1955256561946 410.955326812637
1462.7620710371934 453.94856398429704 87.38035828691004
978.4172213790416 956.623749886023 392.1157945391147
865.4637083991463 1733.9831244598986 126.24004896727476
1573.607636601729 1725.912706437171 232.7853374923533
993.4203331802986 396.0682356741865 72.85779650478358
409.1376095827512 1212.9440474168564 158.89307675891473
1808.0683982326027 514.2217953996579 136.79312465600663
573.75705961496 1191.543697433029 1489.6698547678948
1251.418412438758 1769.4390250132967 1168.8629152621165
155.6520743006613 479.66366235230515 71.69328702375871
1930.5887097009104 808.0508090775492 115.10803117853769
914.5742439144207 71.08376313127506 27.76194357131989
1577.4076900347045 1711.5831537412444 434.73277183331413
1796.5799261203717 1744.1754576041333 1204.6771961768075
371.78008845533594 149.58349863165088 1315.364456716428
1046.944052475033 1303.3359097572254 179.01279414323713
716.6989860756156 720.1268505429588 498.7349590413426
1291.6764678102165 1638.1275852269505 498.67491746493806
677.0437472905229 1279.6927455178102 1490.6531776622642
1511.4986671177926 1773.2204513389054 51.85813719131021
1032.5939359749195 1928.3319312927663 1454.0257496984664
590.7151036435256 1070.4841388742352 808.1818564355494
528.0273684434194 842.6270442826584 1156.709251675579
92.89855455524388 30.047307430812076 1105.141390186198
1197.1069853372614 356.49578555629734 1379.3045287708862
1191.6366150981546 1165.2712845803521 145.65456278902306
1885.4438700989028 875.8694394252693 1095.4633933585046
258.7200134318526 1206.4639193631804 229.70547882139874
1711.2229445627358 400.0561718503113 1459.6121334622428
773.8182020474677 1343.5896546522001 382.1193889718118
538.2116333815308 1903.573461968813 326.70666055298346
133.42677145652738 1273.762052497459 1476.8095189307614
920.6313876883938 1379.3284026968454 1094.6253712863204
879.9510016853094 837.4827657568644 1121.0108761428867
1161.640752306395 1528.7723071178843 408.5239085747641
1126.5817290515831 976.9225967411465 703.1812386144989
1294.2923332786497 1489.2071383529626 585.7616006608666
898.126551083392 1789.641681218585 693.542351405797
1796.207998533289 621.6291982338776 231.98996290049723
992.7613417433913 1113.0125086424296 71.028447557908
305.07790420809533 1332.0447001735974 425.40039663987636
796.8737675281905 1726.298288113846 1190.87301500522
247.66812703603236 287.018481056726 43.83759578675994
1946.3814265575907 454.93483443301994 1379.9195269728816
1916.240239827963 1475.2300769843578 152.74876382785817
225.44227976922238 1737.998003351609 188.19389530256854
1264.0677198579417 1647.743275993581 1407.0898131044128
350.63790774566115 1783.7178460312236 420.78005037944627
532.3850768226388 264.490420609796 97.63541025579597
1022.3590546461356 1190.8147278167767 1039.8216683426303
1789.5426041356143 995.9415605743201 173.85106748413276
648.8799142231334 109.98849253330012 1212.197551777213
843.7315050948189 1657.4390015777426 819.9755390123117
1662.885233224252 239.03210462042244 694.6422950796409
294.3266525460517 1026.1135041240307 1378.5854912918376
1230.2838733026217 717.827407404408 1455.7695956107339
702.8063155689506 1509.649603745897 210.94822162693845
810.7265456847017 1239.6144360658177 520.7347014136205
1524.3935555771254 645.9233473691279 898.0653908018795
1043.9264762045634 205.59680549427716 1064.020007663178
1514.774592276189 65.02942577724102 657.9897888838518
408.8825058911938 871.0382795946672 349.52354204513165
546.8399620125255 384.8915442197507 987.9525786163069
390.53888839837225 606.8252621076542 135.1225252790153
1304.0006186982546 86.01351096540122 758.9503837528706
565.0322447866004 1276.7612374245052 923.0895576159056
1729.5453278090245 421.65986871417107 350.07731331404375
1392.397062838158 976.2198242649011 118.14556876900451
1649.9586010425232 1754.7760061025162 1384.0623350242413
1262.3433512443785 786.5099976383678 511.796266323003
1863.2523966794076 747.4172081893353 1208.466280055218
912.956614890332 1203.4603702494371 457.3668121505125
135.07703219705712 1275.4291285789734 1159.45839460252
1255.763303709422 818.0185431975169 1084.5123828117971
1421.590981456322 674.7217712486215 1148.344387735242
1972.282318290008 1010.8164082930228 471.0449862399213
1440.716245217558 1870.1348012981528 609.9709137193403
335.38814004553785 1879.1796230161137 836.8362448750034
1017.137249922307 297.4731654581406 139.38205999205678
591.1254384509818 1828.0896582776043 640.6633704693157
1223.1094885769849 1177.7421751134384 236.8449945799781
1554.3976383814659 1280.563524927899 485.4738689132396
874.5197448406718 494.69462605639336 171.1111948436617
733.2115574731042 1002.2588613622456 625.1754398162506
1761.9254919056912 781.2421928612996 1237.7282535211423
1691.6516549796359 1592.766599726366 6.721554536643137
1353.1940170077114 925.373647007568 1350.9420768676805
100.88920758920051 1744.56371023837 50.605185722859716
725.7758924109829 1468.669251733667 937.4429442098514
479.13470106865753 1658.0716081461376 214.0119929861544
897.1185813429563 1454.641850725569 1085.9311016474448
1413.1933601819537 1024.7639610353592 659.3024474524481
1642.8108712487265 954.0851408547451 718.5860128488465
605.8391589051388 1056.9919549053132 501.34153242470995
1170.2880764446406 1287.102596178922 636.4005109175552
529.027726391895 278.75297336762685 666.4754517860405
1658.3247170231637 1292.8863922505018 583.5081983374076
929.8422947014749 774.2595717303955 1063.1446339654385
664.5288716933433 768.2838172104758 1491.0573203573258
1103.409466026031 559.7232894129168 652.1711319088963
54.022824550897795 110.88595881220797 492.3936894290248
891.8481752552223 1663.7918129857949 343.92709119596884
739.1191095116807 1461.8468445879842 698.747037011676
910.2836685058178 1573.2082964813771 475.08773090293914
1838.5854592648523 899.3389168016839 151.35129794284035
5.874383812569217 1244.173310269445 1325.8206156984158
535.8476546131201 1966.226050139467 1298.9411008152072
1170.674411486537 1978.4646030534884 514.0586911588523
1007.3389503408947 1219.1523038746889 464.27764848814394
1563.6111755840807 628.4728416229175 408.8701302739965
739.5457250670485 1699.578576143018 850.9916392897561
272.43964692650536 474.9122947262725 846.8336278561982
419.32167519756257 558.7904651985249 1410.1649759921286
1097.4471110168517 657.1011818612886 1364.9086018493251
796.6749174362137 1130.0937641076428 331.78205006171083
1286.2127819653226 567.2407663484802 1386.5809872718833
1625.3626705979032 1177.333902722499 1175.1612949768721
1583.591693132303 1057.6083819824285 471.85267021414495
1784.6178723726118 515.9976373148282 245.51274696727182
1809.5116642973196 1039.4303218460127 529.2019051621253
1351.527632067383 970.5860036903291 782.6822952820619
1898.456683443785 1604.7753967751353 769.0333491109814
364.9010612538841 944.7033108104134 267.6964679798037
311.97163869769895 258.23650824649104 194.78372273426592
720.5479959787233 1614.3031966600665 693.6918649222083
1956.970671022307 1939.1220472915215 218.23499072435308
516.6088818122437 1174.0087992318138 134.09585805397023
1139.3069699148912 988.2792699542235 1189.6848878920857
204.32925054554207 1754.6482607560238 1424.226206851051
27.85070496951292 1102.8200046354618 1063.3389649077867
1662.4189249584617 726.6924752598956 1019.3828314461693
648.8293224336254 182.5086375042071 1131.7877874867243
1186.5694909082981 1405.5337441834702 653.5394657473989
1795.8100495548795 612.0643877204428 1290.9490488889464
1322.403309253735 328.28973347243794 810.7380155694088
138.22852866230463 1256.7765029328723 447.87358917676374
1909.4732174829492 1761.8518625068818 1323.500401249312
1321.1029390091473 1601.4387433477573 573.89731763243
701.7240056895145 632.96191377185 346.83150859985267
216.78881314561082 828.3217403638405 447.44569286671333
1742.2906396005926 764.6824113408748 156.07305621323692
135.07562231160452 8.088281444615264 1293.8937286041266
784.5289055334681 628.9534546464171 744.7030687863255
1354.9827555628979 1271.5740111879009 180.87035495390114
839.1976847873433 216.37680174929264 365.2355776973538
796.1388894716683 1591.527748639264 510.30288060185995
310.1397511162065 1931.3886772268274 542.6133654888916
663.4824022473277 4.721070954291529 887.0849313452208
1689.817004669137 1506.0737915317513 397.36257315478804
435.52532709175915 347.38709856356144 273.9529947379523
1131.4022951039929 1064.1175559289838 233.00341436400717
1894.8365628863808 1974.7635952796402 856.8046509282852
361.8837671666648 1622.2829022503274 600.2903640282171
1428.2389825035355 1105.0703834330784 416.1379659990104
1810.5064380878664 549.7455811818535 926.2291171922402
667.722932903406 557.0290562006738 1101.6895546235992
797.2105909223026 231.17554718789512 80.05905096650662
967.8523777804096 1176.0676820911322 1023.4653179003958
335.5431887153537 1999.8755464710355 1018.0432939312361
1379.187642477649 1915.4719926577775 524.300691215688
1778.664123694222 811.6926028034759 1437.7817867238768
1210.468991233767 1978.9036504589246 1473.5494321398187
1859.3717842184208 1422.8209483883584 1223.3588787044357
1506.077349771465 1395.219662769136 542.8319262451599
1231.4875894977463 1600.4632060094418 703.0572719689843
1931.4543079857574 129.62162891321793 86.80020742110189
463.927472446203 268.53383836820524 599.910065459984
1890.8910897232668 832.2691244009162 524.1089255182632
1484.5198329298366 525.1781960762683 950.0179978467722
1527.204911155035 1068.1849613969398 376.1025945322817
1016.4017394954874 796.8601713923314 1019.0389026064576
586.0235872870056 191.34313044299068 554.152630003699
1248.1907632308946 372.7894617559779 877.8916672162645
1711.0375777908132 1076.143133456551 119.25521677556972
1394.5726995046298 611.1220364736112 800.3981745065167
1409.7239883553282 1894.332622653692 266.02999149245574
623.2704191185107 43.013133246452504 1481.9128875896436
326.5823225731077 1264.5723909761455 639.842668373744
1885.0375294973624 157.05388094279394 638.0194917342006
1108.1554756561297 251.33722889609956 902.8041232448448
1411.43052991966 1193.3307525943655 317.7133808700831
1174.163796949436 1470.3358293947745 725.6206896079003
933.9427278816321 786.8531840675705 852.2181089431276
1119.2626871683965 1690.9805076275877 758.8118312993948
1654.4606858639195 1836.174372032705 20.719928478960924
1496.3649022611328 115.25631900000421 1378.3788924173764
408.28022114876086 612.7315357151198 437.40113383181455
574.1216330865846 1088.4461517757925 1430.8123175588653
1566.8337507514084 1832.7173318046605 1210.8985230108512
1380.4705604277376 32.981183064039854 1117.022763763115
1193.4384553303546 220.32972416471574 1166.4052113847144
937.3323425268412 1033.8049424002872 1475.559118076724
1379.443743771312 1648.33483529864 812.8268124686992
1860.4827401058533 588.5716392163705 968.7818692826845
1696.0495394494328 148.2475364875615 1470.9996710344496
252.74141886061318 1037.321226349108 1430.2035380361497
1500.1459425601067 929.353668040447 90.18479184565287
1829.2940996661355 570.7236753836676 306.8134720848542
1350.6251154067986 1186.6864534699498 923.5659903756788
36.78286938315534 1842.9915332318283 1046.0924185549366
1949.704860927961 389.4463668512984 1415.7848486681519
1706.5244390446535 397.2519934377794 310.15534754481394
1343.0544395759805 86.17857006955076 1498.2923913317352
311.90532644836554 1620.7401054043312 288.8013895517613
1129.2109832372394 1375.8330317742511 1150.951386921794
1418.2185733471795 318.0382265861814 1045.8205886855812
826.7033417578328 654.7457862962978 1106.6737541846232
1258.4183876223433 1037.2131511841496 720.785505521489
1338.284130461972 1833.26087872222 1222.438006730609
287.07886805481155 455.83240966188265 964.7578615095247
511.50283067460634 620.8923114147467 976.7051257260011
251.62062012851294 20.86039849556598 648.2595455892563
1271.156657199262 147.58065555126686 1303.2594390230238
1466.5087936419386 1455.4602172923755 252.31086950397392
1116.1981605213157 1149.4853065023945 354.91709415640844
546.6560205885864 568.5450418054139 1323.7887522060137
1668.855412858414 770.1629558859842 780.9804663995332
1303.383580631689 1878.9302641873862 999.1935305288739
1929.333683838394 1252.1481243501244 197.62882067943406
764.9080010442731 1567.0036647685522 1048.799480936155
522.749783913544 584.5045721200146 779.9846775088997
1825.095276583999 55.41080699908885 885.8416064774228
967.152369255803 374.1448629842488 891.2270411843566
1502.0650937480286 1233.9479488269603 1235.4029835672588
992.0398681199789 1967.847848430976 237.75525165275496
598.3334406934196 965.8720357629693 1476.083926040236
1850.0418701512071 246.43564483819813 29.402048194909767
1319.144634337219 589.8749647733805 1266.084640076218
1577.0301254606222 829.9028305589837 1468.0020567358883
529.4559438768852 1603.0554743009718 930.5069736978535
1568.1130381209048 90.46861850375998 1475.9070175827599
838.798736814031 43.141274072081345 1140.7054052396907
1824.2923573113642 20.00212264228307 977.5604337446447
1671.8940250118892 909.8487176775087 196.14718426686824
1416.000143677715 1398.0569752802753 46.00842121859788
965.5189007467852 988.4460581171612 233.1386249840405
40.734760127493445 273.21857163152896 820.5281841548456
556.0045371068265 1296.9594946966524 1029.7765776856393
374.7214390081466 266.5394407679598 123.17988074673735
1624.9668499445634 1613.8586428550898 881.2674837421489
1873.0777913131137 1548.022021248367 365.23508571401186
265.99214508330135 1445.7936303765812 1494.9187094571644
1721.1385019858114 1106.0931303890484 1368.572491600695
1972.2519945834606 1179.4692051212176 1291.2180746465467
1909.619914659529 206.0656503696756 1149.931439671139
1002.5536180093507 66.92452893038659 1338.2866274909204
664.8772094619646 48.25297062466349 767.087201386211
1378.0473362177743 1071.952530070702 110.87372358815605
1833.2359554371342 1482.657773408414 400.84098484505495
1576.8009567850877 772.4010718540267 1163.4285577912729
16.170568420096785 407.36459719711956 1487.9957905296108
406.6867915618271 1149.6049827292675 1438.7672794366845
1821.7177358017261 1489.2866643697998 861.9461499227573
815.8733344418656 325.2235399958956 38.69101186589624
