2000
1766.9079111010506 735.7061036398198 372.88679868981455
994.4234021537324 1490.6246430540218 868.3175576229721
1076.57126665386 1667.247967630548 878.4153858170037
1010.3492039201802 299.0201547972275 974.2558713756213
1772.0912230084748 1621.64653053094 556.0058791284423
339.40805764653635 549.3167265186347 521.5794623081097
576.4658844612292 1078.8914318260117 227.3183924510796
700.1062983090329 883.2830203913576 1097.1357902400355
831.579678745379 1473.882084785091 528.609555426225
221.01434618159166 1100.5921561123537 1036.725306163135
16.95268161793706 166.09678602008438 165.2041263717569
821.2359479901398 1634.5732804204763 277.04828380658125
297.3031458511939 707.4442239190064 1258.2770009490455
1455.082514685995 106.53402321462634 1482.6051661582096
1651.4234025317182 1154.3984291437073 1176.6745743451565
588.8490537921123 1034.2184860760335 1410.3526516278644
1718.072528575313 132.18962595982651 1428.6700814282829
745.5791775492448 1665.0649296091285 672.5827930686127
730.4446171812895 360.1284919063188 393.8620961011408
640.920240762455 49.58941437137865 21.355192622208197
1531.0107659811295 378.0858983820787 57.396129266578555
960.27700768096 1960.17489503635 904.0852816495478
388.98923471487024 1675.59730776646 127.84969929282225
127.69918375358257 666.0059417400502 672.6992373685032
1874.860815342538 1290.788375449917 1198.3609160366202
135.74090577896402 24.45420444381763 861.6744374563542
897.7517670185969 348.6772916405894 1347.5339175554998
75.26454459940979 902.5777947433742 876.3478192595666
609.6832742763363 1518.1990132120825 504.4969598987437
1143.1995820833263 918.8831141266562 574.9890505129124
1700.695210645349 262.56295457194034 1277.2400075545866
503.8827689482128 137.322971010301 144.0958715874358
863.2051624440882 545.8695052299638 543.7843790261986
713.080586413501 815.0838527346754 298.86280422335216
78.87565487768522 1769.4361471826535 984.0748124029268
689.6282629515606 1647.0502974645249 1470.3717018993623
999.4753059849481 1256.769034579144 1190.3031722740475
607.1851153051533 1041.9174792617407 1258.8351264550797
844.0278984179113 565.0567953880994 783.397205783477
4.669795595508619 1637.822275576034 1464.6072655179312
1490.3113193749632 1391.7578783630725 789.432341349297
1172.6849625861234 826.5365185650444 73.2234717534791
857.6394613053519 1497.082744884703 615.0574674932587
1244.6546178038777 1443.0304754372394 806.0904414466265
1239.5943864721878 334.3077041641398 1251.1179065972883
1311.7625113820573 651.3573157259507 1127.7773936627862
786.7829641009678 1957.5304665372303 564.1454016512021
1632.3613217517177 509.69612733741167 381.7036850701596
1435.7409040011696 1361.530647147286 429.7517453460895
957.7097017308843 420.20443379091233 618.6359204711099
1372.0017478653265 1707.8332538557358 1278.4432901238476
1069.0448461908718 1743.0897515648414 406.02855470030204
1001.0304997825958 982.5906186786126 528.7769643387678
1680.342079567264 797.6505251555415 1110.3257792313561
806.2245780237906 1589.7927546419448 9.249120920882813
1021.6964280116136 1267.2825268706151 349.42934002026
1304.6747720539545 125.68600183360678 159.29477665991914
836.4182472483803 1968.7050942287515 785.5262945780435
1076.9216410090771 876.761732795636 497.80413739587635
1159.7595321165124 1809.4856877347152 268.7345737747197
56.57325538740143 590.8976957944516 361.1291638910072
1127.586231615267 1144.763730252481 1403.878846789728
543.5752025689332 925.4934394931347 357.0776656618962
1897.0259481062408 381.40630551355747 1218.6222369001107
1934.5825963209586 1766.9688249887015 654.132237185768
1901.386783590216 1105.933785298057 74.96251130432712
1339.4847967611822 1985.236527023474 500.7042209593219
1147.036928226737 591.01164198727 1476.6948219223634
620.6910847907001 1858.380764854536 1454.0920475702271
126.59915306971703 1553.299327217526 546.327745725719
282.08672509146584 274.37622522417684 591.7460538742243
2.6268179188253526 1605.8115395479667 831.0456409102937
1309.3436990642447 1535.9904264073339 1038.0352748154407
349.76160901178054 709.5550575201793 883.9451932656402
847.4071087489754 1819.8251051569562 895.8394476439693
791.7426280124427 1950.0492666491145 433.4951205646008
1433.7532790128726 295.3013167346497 843.9956485942594
1879.6703117212082 962.2655787365854 111.44123085739783
168.34285272490735 765.6653943505515 5.482851950994294
1756.4320783393443 1484.8391270831387 751.6746504847126
1617.773887103852 1457.2170168627863 1238.5672358462773
1661.8553082716014 1360.4229936721679 1473.2570535440261
595.4782863208226 569.5061731026371 539.2078502311371
357.7259523043597 364.40948160808875 1018.1713027811236
1316.9235157119342 379.01627864827225 1262.943786397616
44.10985409730728 958.1260682627988 989.2577641159539
217.05776056563653 130.34746071741043 905.8906332625398
354.45736980229304 1434.0124919522086 590.2647859889881
1554.2778300006041 1222.461189987101 460.9593402627491
1782.3856380871405 681.8256793010064 189.66912874652354
1910.7543729488782 1871.2752701261077 813.190155417245
441.25622575298394 175.31182597363238 319.2214671726383
573.2050850223944 1761.159490463403 1342.4688242267646
1759.112044008253 649.3567982028475 547.2274661515222
1651.3274044219418 1406.786891314104 263.2170107190252
1532.5332022683026 1928.7532857787444 1288.0983779840826
552.540518471746 1465.6979602377053 388.3070231846692
52.5481098982099 143.0992839348153 1269.4138796076177
1585.7938531362656 1022.9034448088596 841.4873575332191
557.6469492729046 1085.668104918075 419.19766706512803
1936.0068568258478 1176.799614459205 1084.476387864564
367.25572912964765 114.89068438773687 784.5413844244032
1550.047789705449 534.6005996939256 1042.9266599359783
260.08250977900383 474.1599861070638 149.2408951144707
751.5609317989081 1264.156401546526 9.775304404600282
987.8168528451083 1390.9186737620437 27.297311515002363
666.6800697279829 108.62896917934384 1129.104083607398
805.8224391709181 1819.7616847333913 11.236221637181076
271.9760213589848 1033.2234805329006 1147.0625069318776
1032.0244188040938 144.28486421537534 328.75815650229333
1862.509381808032 754.5777941143867 751.6645970868727
370.9900888078761 348.6590369894931 1309.2151301729762
120.7861197423925 762.8553030786231 483.57048446694006
549.3182287308258 1955.3140667888224 670.1056708933608
561.8307437618404 1751.8048849165061 684.1943477975256
1188.7731762882888 733.5085812454458 383.25730866288734
858.5374029399948 1486.742794989513 375.64550844730917
298.54151519244175 1834.2226575819768 68.64055364599508
1396.7312033000676 1061.198974506896 155.24132809256025
1562.8093789464453 1787.074408318039 880.5483522506664
1975.5407751516748 1028.6067378180132 249.92899642722094
1937.5586708758997 1296.2987615830684 621.5763884044272
1135.1969195819715 90.10299954433809 210.26638184169698
1272.4058477345218 644.5746242542356 649.6106061003655
719.720316323387 1359.4605895744378 470.5401446485547
593.6624987352506 483.1808031471829 548.6103550102786
1672.9028090599074 321.7294590287496 347.9475546884642
1419.6803045643546 307.1038336351861 701.9375882459767
280.5022288431984 1638.5031036164614 1407.557622404105
865.7642745799616 1307.2736828101004 35.92790475063473
472.52716771597414 646.4222282906653 1108.3680981632826
1832.5422283147416 1203.09226671478 327.6795630424979
657.3984358000014 144.34770866104896 1032.6830768481643
901.406619976626 320.52037533104436 495.2385055711597
325.8362507516619 295.7573445081174 1004.281512809272
826.1838616220132 999.9845771851811 1193.072786545682
1028.6038561609464 142.36867939390385 157.62000005729692
1543.8425540663316 871.652886429569 1064.12333245482
869.881751993733 1112.8672641172489 979.074851579668
1165.6698363430255 651.1034829644796 1053.1932646464109
2.3717802107505737 1309.3522937074704 428.6820707538435
225.47617381352202 954.0794215287032 985.7445936347547
420.71362223526455 1908.8916634197137 1350.018089774071
27.686371862949642 222.41541726144808 112.99288041476252
208.2077989515525 1456.3045244692698 1015.9737758823679
1469.2930915521506 1496.3395733762002 236.5104211802217
104.20777300419127 1299.0670297077795 1354.850959498694
55.69257705368269 1985.6900400400611 1126.5160547481362
1848.1357019135085 1397.989897170702 1280.4642947387042
1921.2700294600959 981.047244610876 1104.8431830400098
243.56240180887488 950.2388960968593 658.1393746597673
236.5329939871017 50.94872285424379 1070.558157515547
1153.077722279483 206.17141541711283 916.8687379135106
186.0210617497646 1256.1767130621874 606.8793163162335
7.840602517943607 1518.0469908366151 1056.8022890121401
661.4728548992704 604.2944759140722 1121.2664393925684
617.4341506113508 219.3507976035547 627.4405262514533
54.44643721773179 1485.3076504789055 1409.9232588812838
1980.756328353147 829.7085548617277 242.87415987670315
1790.5430056170646 117.23189209083485 846.6175866212407
805.5794392952023 1526.7554523798478 607.7235106263579
2.5182812504749297 1358.4161477946639 188.0710797676722
1350.3430349069667 1409.5048301072802 386.12338888935903
258.36812762847063 276.0295183705477 637.9945935105056
1450.8105559461337 1908.9704830721876 1363.307237937122
1824.74602829374 328.02549070995354 294.1165993734477
474.35368230089006 1313.6348538244226 320.8231857234591
1493.1252196802266 1497.1915069482172 243.2436732600869
39.71198421979838 1183.8446326317364 1395.4622578751666
1890.0296602401404 60.20561417992742 362.59002878114944
1977.138292005936 320.73308682691606 213.25280701477612
497.99414950012186 672.7407844760731 1231.6568283657368
1738.554925123464 187.41307830958 1063.0116805576877
131.404740157262 1814.6773703226563 437.9632395534358
1137.7382296687854 613.2818680933909 52.387112921488566
506.59981638683485 1094.1902045662293 726.933545376295
1369.2736014954323 272.88154299042947 1431.8181747432814
354.6962688061861 333.37398356760997 1311.9641831747017
1470.979688362945 1461.9606383693008 825.8191496789276
277.36756696729304 1733.3721037191951 1380.0908448643759
1105.9216984917432 1133.9524479672086 254.68402029948427
927.5107259363466 1323.6943851558278 1333.6828509685383
1917.8848998211276 1377.2516610107177 1363.3675688126245
1752.1009366138426 1155.8244351099443 1093.891052937
406.35875003981204 538.9815363749974 1365.3747257965308
784.8266870469473 1364.5521416471015 948.220397057587
878.3034721108207 391.96661188511797 470.76707266561266
1200.5012676013077 683.9785943755417 570.6930926725429
1857.9921316491636 1834.7580189621956 1061.3131166232838
210.63861543908712 8.782762562504765 83.85344355243113
1513.4234972381646 273.1844232404108 658.2750139860782
783.5920388554214 195.18696578879124 101.88353231549941
694.795623362201 1537.0825677361538 931.908895499897
221.73862499972662 1052.2433106684755 762.1319687844648
764.3131064810805 1613.4385572275974 223.65687566937237
661.0332195783233 705.5506094741659 1016.9455898003811
1898.3958337096776 1507.1390778182547 974.0204323786166
819.3548627496176 258.2855936668511 1058.3219794647105
1529.0012591409047 1711.771890553678 1101.4426249725243
744.5522437853926 1440.0561921194787 1072.8681110882867
1278.2827180558834 5.0392756824120255 1015.5496069280136
605.5281805556735 1295.189208694812 1098.449063117684
1379.9241301277664 1062.0041743904715 206.33265332464146
1993.3802348029428 510.6735933358837 262.3972785398235
990.7951818012986 661.6733731827702 1333.2375388759378
821.7556907487071 1401.7652525658987 1398.9489742894214
1998.152311389839 927.6331656467762 1334.3764695935438
984.9571608751875 553.1756677965984 785.7524488830869
1345.754074368687 701.0654948166064 334.32951134534875
1628.314664412571 1896.572114042684 1196.6718032520728
1126.4649530369272 133.4276552196807 133.84925098013727
1139.633494490879 1849.95495628187 1185.796039015011
254.82778044028498 153.27834433581634 485.17222990806437
1462.49268973225 1458.1771359002469 625.2975610928365
1928.0747366136277 374.63298241292995 782.7857708523723
545.9383731462102 549.2549521820209 1118.6914093035687
1445.9084599206724 1425.7232728674387 1192.0880063087495
1840.6661192513338 1306.519275735795 353.8406145337668
375.7799183758428 414.2284582909823 11.441342515311758
706.5642474817569 6.423849627271494 301.89198102686885
783.2030030131791 946.4264921580609 745.2366923701053
1394.4925158698952 233.86705201759005 845.2479713949714
1128.0080260716397 1747.3517057275099 1003.8415445576953
98.66288992239625 1040.7251173230231 992.4793457325973
643.0761117009445 491.1983911710713 733.1504052845069
1289.379515270568 1379.3083276147042 1220.6871526442565
861.2226362951467 30.06941335810165 946.6946829118434
1254.0420832847717 826.6534240838856 184.71310294592942
1461.433144260156 764.8573624559469 804.244913988858
1725.7683966433435 1856.5826635661847 685.3851656837136
51.087510462862525 530.1499772137435 941.426802403813
1684.6494604608959 1793.5045130743783 1443.7501905724341
1367.2917035778985 795.1904485411156 484.8150885515956
1763.863069147774 564.3791883740885 731.5964848843757
1868.165194220199 1392.3966826496262 1117.24365797899
1834.9145656710973 1595.7668539982246 622.9060740326454
330.9049311323029 368.2912516320418 135.3383309853172
1276.7704770235148 553.2171086666813 45.46479879179066
977.7892791517113 383.8701825195867 818.8839199362423
185.31381741602203 1439.7035038167915 1112.6765309373081
993.5103798413925 1776.8633303341753 1164.0590592310032
964.18196946281 41.39790689407796 246.07657730670445
1442.9179583238547 1847.0274433681113 555.5820285127618
273.19043834676603 1536.29838347866 1487.5220327281256
1229.5106964673264 853.5332073275199 576.4244396012026
1982.6820860280116 1519.399842061131 1087.0744322614187
1450.4549187412936 608.9523320985903 706.5145246047869
1016.133885472742 140.05791388543676 1252.0035410225466
1521.8894029495411 1544.9608079667894 179.7914800507684
568.889431416621 208.89218285687906 327.78284034893727
853.1119634369688 477.6699939216928 333.5262231049897
1547.1095938881003 414.1424932869799 277.67925469423534
1101.5936276207324 1185.448307008402 971.3324024470608
523.972039522026 75.42045612581005 726.4069121814164
1558.8942891399854 579.4006537697651 519.0698684756104
829.780374680464 958.4517857364254 1276.3944206412864
152.86569720727218 168.28990604934702 894.2032229810436
65.03806127323664 1016.9560041840116 1451.8758560348613
961.4469424847305 363.42646131808885 1084.3748429864384
730.670311660432 1915.4964264954476 374.93105693874674
1792.2978324177175 1735.588156104224 961.3442692132003
1881.1699846464442 1475.154277883614 873.4555833560011
438.0381065669163 2.4460226098010907 83.83955759383532
1880.422769026556 1100.827671324711 1160.6664333452177
531.3316426844608 566.4061949996316 496.5599607051218
1143.9227112402964 1300.4497700858285 329.7919185313352
404.39779862830494 210.99847880512533 197.9244173342029
126.53917091839273 707.1167156635694 157.62961778159007
1121.3285909589845 121.06877757539425 497.8251112299269
1127.3133910361873 1811.920590716831 1007.9403988466798
180.9691778882576 1563.5495575402747 932.754688602025
1499.8374868509936 1380.853437370321 1370.7445806784508
1700.535741729346 1009.8442490544566 744.625812874385
1093.656391591203 384.4658771412648 200.17861902523777
1830.249210766908 1180.942095015773 1083.2534747652876
752.0654148105059 1869.8259606513327 295.705999768176
1850.9537767689162 1605.6548081003803 414.4809572255873
1924.8956274629893 743.7702577181833 1290.8098603790268
23.216734397159875 1691.1629322320632 1155.401835670217
122.3005967993338 634.3532389676714 351.9120528312123
3.8049206670454083 165.9067163982011 1229.2569751413034
1356.2975501734293 119.2920417713037 855.0985298697392
806.8922802571044 750.5048773470542 364.3626150402206
1223.1318024303068 1064.8406927262872 984.7860459321481
837.2423094287265 1913.9942916341167 689.8891759016277
690.4730809282349 1209.7968147932988 288.47635377736725
646.893209152801 1353.6429628418723 527.3004691099073
581.8862866808947 1337.1497605490636 970.134550087335
1211.56292974354 1678.9827015200788 662.9958296999406
1445.0398391651468 1362.583815948767 972.1029003284799
1878.1714953876765 1993.323497261561 596.6075102228747
863.2999424436612 1555.1141657899207 32.135719758502326
172.0216252900013 352.2276697250932 86.0898369987298
587.6035620320137 1456.8293151731311 1018.9388236927543
220.62577055335476 1303.5338076716062 1330.6204542293249
298.33288290644356 1379.8515754132886 241.99249841956183
1398.0886603986335 449.54914380981205 381.1062895967942
1271.048691509222 1072.6175401890232 124.15812886474198
636.8001178870253 113.26153884739144 68.51408842105455
1025.2769678372256 751.0698124493738 991.8894287278856
1098.8782900656054 1838.3391708990812 36.374213548608815
853.1817344014489 858.762059042497 114.34885827873487
132.27783461045917 700.0458580068545 932.8972155557076
953.6972926323115 1874.402568749837 264.3462136967566
1449.6950320291792 1584.1747936624795 1043.5413104128115
102.67373551305626 1961.2160098901861 1384.0021171671185
1516.3621618363202 257.1386772978457 1286.1253781735372
1614.2665870174403 939.9749767036581 376.47830337292453
995.9415143794272 662.1166156026253 803.5700102534141
188.37581864203347 1952.0349898061409 1433.8062742839697
551.6773216924487 1942.1033716266195 307.3449129724736
514.9048094529238 1147.0816298295908 850.2256923389384
1049.871534063841 1162.8636963261508 26.296346659366588
118.57462651909478 298.088402710891 1306.7704668510708
1899.8481511273164 1947.4961883944852 381.04934236908827
497.974986350292 1709.0140399281331 213.47381547103288
1192.7015004802965 1715.520702055614 136.88459649297886
1691.1322197227787 653.8501859300743 296.512387001332
924.2968622600724 1734.2059722387291 315.2120942462211
1552.6432678451768 1652.7742819500327 1069.282204838812
1966.4368345521182 1741.8619423186233 691.1871883454679
1309.5893847595976 98.56174227395753 500.1290483652089
682.3776865769944 1975.8778338391771 311.9577732815998
197.9071267080308 280.2737285982422 1265.6590050989428
528.1613278374832 1668.466287470179 1018.3316743359829
1820.4232056463686 20.359844047452835 1111.9422389210529
463.05359207555654 1292.5407130202098 386.2618212461166
1564.6835313370818 440.74388484190297 1297.5766850642985
797.3768803587311 1129.7404383064177 806.2329515247
1097.5061581947207 1083.3995799652175 1425.6088944499068
733.7205277578131 1904.2834075506617 449.91092222217725
666.8565340246208 184.5356232435904 410.0001940785547
908.147141899748 1511.0723642747 1023.5792259425664
1399.9449484663173 1394.584188796955 931.5761419395494
1750.3177819393798 1864.6117179457249 1397.3859336439791
1842.01484040701 601.851311210329 882.2383255258721
1809.373225439581 1188.1820591294277 15.868496733858152
928.3169880212882 636.6078105538481 1045.091485046008
176.38725163823275 1508.1240719980485 185.03924451159753
1864.596104245809 229.39505812121297 861.6823188336085
1510.2372893342333 1266.0217638318218 1080.4449847217688
1707.6292607825278 1284.9320547301606 1461.323445461261
547.1419115912474 1436.2080503513703 717.6693030813537
1863.7813698228676 1017.3285722201848 530.5793020939856
1632.295929044008 878.5307441968324 127.75109223058739
930.4864463148994 41.295338525199284 58.59843224469813
1896.177248674001 1514.554142217852 482.89214243278025
1753.8868904911012 536.7246137557236 1479.8205615567758
1268.5393224438915 1667.984525550255 74.65220056371969
213.41376710050963 1093.9997467890246 754.5602478990259
1027.225929382003 478.23931814777666 789.8896954322021
1867.9103971457455 502.9279637293511 1279.5899128765109
40.374609572488836 258.02679711188034 1487.1214973778874
1803.633517890255 811.7294304325582 813.0869241897523
1634.5208816709733 676.810447949699 1069.8229294480604
1477.3133697956573 1850.0961685645111 1051.2745338155576
40.30521475734861 1359.3402837718547 699.9161529735522
1879.0328997960396 1220.1723688634797 716.2613604482051
1568.9450890653015 1016.7123918997473 295.5795144702549
1606.8188239759736 880.8298049338972 938.1498093205175
100.65053953545222 904.8641684069578 479.68667518583055
875.5181533000451 1574.0179820655335 744.8114272335005
1144.3393431296893 94.94136071665538 343.25235099930575
983.4031623679731 751.1999540216574 716.2466489581951
1407.245117332063 1340.136257518439 1453.5842508319436
922.3596727858862 10.709144792644398 435.266389142709
528.7523474720841 386.82327238636583 1124.2463423271877
1221.2201556551724 241.43520826656496 1371.2980890433907
302.9600369823653 1108.7983606442554 1111.7200651694468
1246.5677415492123 943.1488384974805 1270.947691839362
357.1014332300644 393.2491038164627 1347.3294990447773
1204.629272027889 63.98123309230685 189.99209223245046
378.18940567934357 1908.0905305159883 156.69979816775898
700.0065806171272 681.947689678692 227.4519602778503
701.4566418134449 490.61649887045775 1138.9713873339451
1758.7374346691513 1147.5152140769787 565.3772249683319
1387.495664515185 749.6739774249723 441.667793393601
1551.3903578351503 351.0062052045828 675.7749659437416
1530.1005305466886 669.7477266059512 207.77368292383946
648.0595275594154 1438.4129931853042 1374.1814476721154
796.4743850709377 1815.0296719829835 458.1139625356598
1199.749114118538 327.0318826415204 481.1912420421765
870.7242287461531 87.44581564063326 98.01103602691619
554.9808083289796 1894.4518838938068 874.2634617741115
1055.3415001080684 990.0491086969649 15.292032711629933
975.0321837694809 546.4519089195763 676.3469660315515
555.2685145610878 6.694815318565306 791.602963126424
210.3937678386749 532.3140150527004 1370.7460095257225
800.5831216201351 1290.2149800962045 836.4190230882053
1737.5888281090104 549.1729798862389 974.6016506985699
642.8626133855835 626.7867097239728 1273.0625732478886
93.86040593376266 1461.1394516487937 1440.8924631854711
1609.0311370915394 338.76993392228513 66.68211465646645
1875.36793125407 482.0051960854339 783.6284075150357
1683.396283292388 61.99788754780511 329.8749646489331
294.04580148804985 1823.10832665487 1480.3185466604334
631.7972106463448 1094.272461091078 1499.0905750574389
1910.2768231083307 1965.0410157384151 572.4170862768403
1020.6366218542911 429.98472990469014 1183.2128393279588
524.7767493082105 1343.2505102989558 1423.6428954353112
891.3935351701602 158.95976816476164 1356.1308388706318
350.70901645773154 1359.822652818184 139.29949660401292
471.0415148225755 1476.672621191005 793.8520369915688
252.62003822915213 1865.6123421909292 959.5680876070749
1207.4190245944533 619.2099591160354 1391.789938944279
1741.904321851781 955.2004661106959 1359.6309556672122
1734.4064660107374 83.61985997656008 719.3154613508705
870.9784965838792 781.4003630858867 909.6665706340184
1047.173485586281 246.3531401255128 1482.5546147818263
1666.0027074560367 1868.4116442108907 874.3331420575157
1403.8447342031727 284.85519635039867 13.346061228990347
85.0544465983869 1608.9882101021324 161.53706141971568
1140.9349442265425 70.96279692333884 78.3125796656522
931.7037738247147 439.09551776153165 79.81318515665036
578.200664123554 72.51790961353865 1265.0642735318102
122.85171707327036 345.4928591525088 642.520736580236
1337.6689645681536 1894.8986042559538 706.4458547935573
1482.156506516673 962.9765495684733 991.6268036694061
1165.6781467936069 249.89645024503338 1075.5396095283868
1026.4440856707297 929.2402400066284 276.36848693072466
1943.54192057842 1346.5548380074997 741.8862578412142
1192.395455330642 1851.3007623610852 365.2498007430062
1893.5800942307092 1452.9811370845898 1048.8118453287657
330.54483259380515 409.4658506121833 653.7184518237029
313.76595745808845 1909.5142274603204 1145.2704648028084
788.2853288742648 809.559543458871 1160.2481821706479
714.0620454634578 222.62780902129785 1436.3267869969964
1869.5916546767785 148.87218306086504 1445.042890067434
267.2110908504992 1993.7565306840036 1051.9645787876577
523.5957314603361 639.248328926946 519.5831546666403
1569.1412652531285 1924.0767673966618 477.1172076286209
640.244471777324 94.95845858147112 924.8796371550542
218.87479900431472 837.4550784826899 37.86920397396487
845.3340185264744 521.9660569206661 828.5148710425208
1945.8753505622728 1378.9993075657576 778.0353719985308
1494.6899784122284 1998.1731714609061 87.68652180389796
343.66427891640615 1545.793860586121 635.8108908430262
948.3413081262715 1818.681631675444 98.5110009639869
1953.3259499367864 1497.4890028281986 880.8776385665878
1660.1522799150484 1756.5363244606062 1166.406152555052
1276.8240180114449 381.0819201047668 814.7508660948645
728.8090639430877 1379.9827145095564 690.3351459171205
329.5021513702181 1333.108691645877 757.1923230522945
696.36834398428 310.59606921982044 299.4837253490351
853.2301368721425 1736.9864587142679 1293.4300069629858
155.30851993145544 400.2116430353715 1411.2531773043454
1665.3790267857871 1712.089877083423 730.9262284793106
917.7788488904979 1684.385737555706 17.492678992546306
1578.0584551934962 68.95336600199809 84.98575880598425
1815.2785791804415 1631.0723307231833 1314.011484770511
152.51400693615435 1740.2272728468186 554.9033468093222
833.7771829807182 737.1158461411329 1416.4586365538319
1727.7012723014968 141.02549252170516 1239.321726941383
1107.6740968212175 591.6327974196566 86.18569736356463
818.4910737606539 764.7098090401687 188.74479705869223
859.2718370163301 195.36447746832008 545.8622464644055
24.538886503848502 1299.6661646293244 312.23703627221585
1422.01150004874 850.3376819571564 1439.6927105487475
126.61396393018131 367.1419422661306 174.81162303267024
615.003417406433 1440.0182915463433 907.7158234638332
343.30130470614574 924.8123764065199 679.424206603134
542.8599290107901 310.51772573506577 1310.5042767832567
1026.0673401552106 1851.9395961930984 654.5270862765777
1094.0587911592477 151.63536331518168 412.30226394283744
1833.8286683114031 481.14919261163914 380.6747175627463
388.00642275890795 900.4830267670175 472.9368733023122
477.391442449288 715.7991384269022 898.2936425926861
117.02755027679012 249.32435894173844 82.95396291820528
231.30444856327048 1771.6663882641965 830.8773979000022
496.4889425064363 1402.8567594653055 422.579189613368
1991.1331642661473 1155.251331117654 122.27328811242532
906.4822318792627 73.50023185410892 1384.520686787777
1698.1795599458649 1019.9671291853912 1309.9878319616548
85.49085303053006 1074.7234475208616 294.39962533797217
611.071095907956 603.286347733297 1105.0819530383972
1981.7230778063865 1494.5155607547092 680.1803911122748
425.52261915524747 241.51310597458365 1373.4469275874662
1625.2953390779053 360.45026295987094 157.47569428341674
1410.6554332788055 1976.6625884109117 126.25050120142927
744.960927161344 1211.2842385833417 1151.7390260967454
1875.8784777599285 1755.0022741578334 889.4658237328443
850.2454157281464 1012.1173128740415 722.0714323125331
76.74551243046434 1767.7578446220018 883.8373086553128
1558.451955362928 26.09205853415353 694.8216842638021
1285.7241389564524 721.1857957810835 944.8353306925453
220.84139818069048 310.36438588409675 869.9237308882401
1868.2873490199343 323.7779337892173 614.0141572801722
357.9860890908286 1269.2490694939188 1222.757122223798
1966.6417086041665 154.59764380742413 0.5208130933249122
1244.7621274254109 907.2789940740214 612.7665610313654
891.0719810026873 1173.478133793411 319.3922322256937
524.5504741410127 1502.0349668780304 118.61223384942193
184.1081483989857 420.7757247593742 1291.0162485205465
661.8646356479268 305.48871898967667 1427.155541507406
173.349893736223 276.37341718221563 118.70143845338265
880.9096270175373 467.46971719931474 1252.1378684030456
670.2875734054438 1749.2326806050614 221.25014996515057
1699.5077027947389 482.8857645875806 263.80353590325427
1874.26090085879 1289.3706782067413 378.2946824538677
1556.7163991164166 601.3323946575355 1111.4370349422913
1041.9724034260357 303.2775435949104 877.6723005465993
1135.0868344678 1057.4822794291003 940.7977878793263
1316.8474542960014 1910.0311200729232 1231.503991555712
754.526714377169 1712.8849365842227 1242.9409159809964
1099.9556430624416 131.9122695959829 283.2824902244606
1413.9907606080012 1612.3327858217833 253.9164276891978
411.5692018555765 479.1050388337714 136.7874783035387
883.837731099097 1091.0805798343379 999.943474503554
1325.2307103388503 334.19973279264826 1219.2606626965874
1781.8154877414574 456.11867708204556 135.059600275329
1082.6441523635601 284.46867416458053 236.17793035505673
1461.8437276612847 1354.628555518438 1038.4687029133402
1315.857602268413 1101.486096220333 881.6898550610749
1258.1506986510299 168.05779168002098 522.2621831150666
698.079602862376 1259.3876801336335 1383.7223513023332
344.35623126711533 21.301976011863346 412.7203739837596
260.8370971738012 62.42437311838756 1347.5595534601605
1161.881859211131 439.1822479122625 955.5934758336408
881.143482419217 1282.6535564196897 204.92549005169846
1705.7829117734261 1835.2117060013065 1246.1835378456663
1982.185340721704 1833.668649938935 829.7258709136726
746.8281458296822 610.8022956987919 444.0437641980276
551.9875352759822 1210.796066967908 1444.6356965423117
1600.6247950090083 55.17417062404451 998.951906640087
675.1464708992941 571.3157719066413 903.7643907806935
677.2099811514374 407.9625967144365 11.439651859139532
1056.9718638723562 1346.8786070677431 482.6689715382557
665.1697504071956 417.3690804881307 940.6549479461235
140.77808664056812 939.7855818320011 1154.5808054764145
310.8050195134446 50.09332599697203 393.7245709233026
125.49212359306861 1223.4927474690635 60.442782502607095
293.95219361612004 385.3159094496408 1269.7803305362834
1932.1959159950306 639.3319077784887 1191.6924723841494
1959.676799858427 1274.5858317533516 683.6408857443105
444.653957893435 1484.935166496413 885.1289898736336
1273.934435717826 1206.3100246529325 881.0789971732335
191.2878048958524 1033.948366998983 818.3675629530254
1062.5037649380447 1140.0895732325598 1253.8344124399985
1389.830225946421 1505.0636043192792 1054.554435749336
1050.790611893802 1168.9340046204106 968.0932049181936
857.9862536287782 1180.8370196488866 21.89667599839229
1102.9071902258 1801.4933977942815 786.289702340308
872.4056400933538 1367.7203903152533 348.0976688033904
416.5674933156134 202.35063157713128 244.784574947548
1248.8305195349444 1108.7047267610628 436.2918222471562
1801.3467645649246 856.6024806860709 598.5815747756959
956.3291847679769 1331.4224814509275 1100.4213360121896
874.0863698164354 29.864713882867157 1424.6575844387478
279.8977823239941 1332.4493883711843 1181.2427603185547
1765.3731971906243 748.0405815207391 583.8535318114559
150.17128781379773 1113.5567304920294 1335.5088096414859
1567.4412608191242 1637.6110279495056 1369.8455116490913
1188.3981108529138 1079.40547419604 1074.2083159827528
1570.5649241795736 592.0372699701472 1097.0176175499737
110.3991596575764 1751.4624763849806 306.88195202271515
1172.8457490912292 1435.729491320628 472.5774644236231
465.6292206612418 830.9434678735579 1389.144346002349
49.91786394640374 1243.7648619445833 1232.142605700782
161.01644344956821 1879.7690851455807 669.5836185094118
134.56263042509042 683.5091294024161 1261.7844649247822
595.5064669419485 1067.6796066265013 1032.1119270861761
924.2926833542482 1653.9083190700753 1466.3696178973314
1939.3024888391615 775.8466974663247 1234.6052727244194
983.2646670469369 1763.669751188663 802.4444621525029
861.5484860597062 188.46864792846964 1418.4404336690486
1636.1663272146016 587.1532868379808 468.4561272290633
937.3877319517296 112.59282061587061 349.07221416429707
812.883364147476 1696.1222299400108 752.705850025813
1196.9651465286859 161.30290235626111 243.60069851645665
1522.2221856276838 761.7501022333984 1130.833321588157
430.0658290131192 474.6416153678501 1495.6756274482366
958.4529195737879 1164.1121340949398 1123.0748114211817
293.4202142067992 1877.8053249019292 1028.9350633950266
1167.7989075812382 1206.487646727673 522.3349833380665
328.37541823364825 1429.6293141505703 184.4876828754402
994.0470200077148 330.81042623201995 552.9094125219358
1490.5981570513777 1574.6578071493773 869.6588373248296
1678.1877446070043 1831.5107252385303 1461.7399621707625
448.04363794421477 37.970268520893136 926.0042096586266
1762.0669925864622 23.12203454172157 95.3776578241033
1140.2331329895267 1867.64434464305 1235.4072031877724
405.91648912181745 1745.2191365392696 1391.5955843172517
1857.4687772212287 321.42186241277005 772.7023721863911
1295.4599218600335 1557.9019933552943 727.2345473129619
1407.7366672883902 742.3585969490849 136.7178661470707
1550.1940386771641 1298.6676870457518 474.17756817419723
27.386598308770438 274.5950458751025 978.7237822356541
1950.700174507897 577.6747204313631 570.0089510367592
1437.0288976575807 515.4921555659508 1310.8075406862608
1468.1735167384963 204.5765802374968 753.6597441795312
1742.4179311735506 432.4417062490018 837.8471022428479
1280.3179904470508 260.5550883463474 906.4894789873235
743.6958723916658 1740.495212052148 759.6919682869336
163.29374002927045 1313.4409944633271 1485.225528411597
1011.9135661879566 438.85559849869816 186.67431343556746
802.7236127722998 602.8165205652807 1472.3877692571123
246.4409337819633 866.0077226937617 221.34686374593798
690.7578192965766 603.2456450526911 673.9563213992247
977.2215584947323 1985.33337758854 120.66892785478906
1337.2795510759697 1254.676809215953 83.99436963975887
1112.0350147474978 1614.1444240465746 647.7765698034866
863.0003161998856 1927.4277941567093 671.7252012440994
287.071955351746 1714.2584433405764 286.0337170652954
1962.8999800754812 1827.4691001923222 1169.7367464877375
209.423577226296 1699.2793407411314 1095.1874518501807
429.6082004234225 968.4936700599252 1345.235886073665
1429.408166145963 975.3825919098011 1197.2463138929204
1023.7158085365426 730.5629733105101 696.825804870917
612.4740143729019 1642.9399809435245 924.4059313910785
867.2329740517855 1581.6427219611771 977.3499079703307
1922.6126179507683 779.4866614919398 818.0918592461084
1596.2225107184713 998.8199781541903 346.9599093931536
1763.577791863465 1029.344076353465 367.09485204430183
1878.6847169384946 1279.320240099425 200.72043011428005
441.32331333629213 1922.0648918999302 1113.4595322160965
1299.3018154013891 1688.6695812596686 549.1684235435008
1487.1649665427608 1620.985810060551 1289.4166875495193
1845.3326916777714 1775.072632669288 240.74198962482797
911.7521093636183 110.57550525749437 790.1572424722593
1836.2133795587947 1911.8903436753167 113.04024213634878
692.3958517810129 1567.1834629071586 237.96559968035524
1260.2496157670232 1344.3324084962321 610.2534278768431
1747.5460585145154 1507.6297157918061 538.4443727048699
256.0503686407245 1282.0736872356367 745.413398355368
1643.0169225353177 1116.3345942448218 66.45754230599377
1475.6397507002566 485.81223405043426 181.18743231994338
1615.613358276342 836.309050078396 612.4057336338602
631.968562197192 960.7818380768391 561.3491201774522
306.7997730805987 22.54339439484898 753.3597970535337
0.11957937675388663 1787.695852864743 107.10410398622439
1.6198288789373017 1900.8658978641897 823.8109866141928
906.7846587299755 1626.854533101757 304.4971368907306
1035.9531554470107 214.55827797177184 1245.5673701402923
1264.3380856585145 1748.9154544087553 476.5253512037404
801.6255244502024 836.2274195676745 56.973540508158
12.624342811720535 1967.3012797169215 627.7020668257799
1661.3275950309 1323.269390474485 536.7563744083113
1588.2248585546797 1973.8480505799466 988.5276358219039
1347.7116138491642 231.62827692301292 160.76959740002022
1604.6387197917602 576.7376617294675 1439.1062449438168
475.8258754127458 1180.5560643786996 1028.5450984316387
1185.420036300589 1422.1349337028028 431.1127086114868
785.283938230343 1019.7577684320571 1059.1715131080684
824.6131203380813 1118.6041009771334 1442.6684452219504
1600.288828031348 605.4920948297317 926.191017568004
1054.3757011056045 1929.6504835064898 1444.1392674614926
1661.553258886004 914.9685003504633 304.52523085787556
715.3261443424685 72.53303589936367 394.4881193981793
1813.0029925057122 1787.135572980413 455.13058351429106
1232.067571523266 1174.080905650027 1388.3242308355536
460.75351830285325 828.6655231437699 482.87861616301745
1735.7985414228335 1752.662626167212 1177.6333500804224
168.46448146348635 174.07872700580197 200.24223051058593
43.3228090979425 100.84966250918504 402.8488650953112
47.456963888347744 976.3484019655688 970.3753711260412
1833.2049194007525 774.7139928574949 1039.028502976975
1282.169571083846 258.5214144791026 1087.312568554424
1232.441103562626 1462.086840833909 379.06524010276297
1487.7414207127354 922.4051416330539 1462.5353754734892
166.37430056973113 1164.9549953948506 31.982559160627254
1363.6364674590675 1937.67565564981 123.88722342468078
446.3784521048963 1793.3862606901887 492.123633269458
385.3216753501951 533.0621630442569 306.6274390349744
953.7388840247298 1454.8383329220944 68.8987829953312
306.84390082381555 1747.5196567826467 30.914172967645094
657.6582010598993 1714.6288782300333 781.3142465940716
100.36063338327583 1545.9345619368437 991.6647191417862
474.2862403356356 1014.6713265695087 393.83077184695117
930.9522097512188 546.8690939724685 812.2312659057269
1011.6600930115902 1391.0535735731482 92.13874426826018
981.9478575322527 270.19736237985904 836.0223109659339
1498.0712960845979 1996.4821296390307 425.20710873088524
293.90252206050604 936.5530073282184 1137.7141371950022
1968.0967428292656 869.9327620141078 1330.483768530424
1852.3677394157144 491.64904143213397 971.5981756424383
1594.1884044037852 884.7912327258342 1440.9537822273167
1502.8205777350372 1112.7100424806927 805.9570964871582
545.0128168407005 1649.5363504483535 1305.1640564498568
1712.1086067135202 1201.558412459263 44.74172931404679
1868.3429938115155 71.73183529329718 594.4087906044759
536.7586782301153 1265.4782190220676 1370.4936773267084
1767.9843888139721 1640.935589834095 889.8226271587947
1389.6787873300605 637.54177319828 541.47434485281
1574.8135529964368 514.4646123729377 1310.8948332693724
359.3631856507509 615.9661033421762 572.6069376790477
1759.3644676732179 186.79036091399138 1442.2903343714693
840.2609428024399 1268.0527544809388 801.2112115387159
200.7774692958322 1008.8357399106387 375.78834461623643
1256.3822168479767 403.2368614112261 1472.6793877931432
1224.4289513941587 732.474561074051 683.5141295420445
1304.214924676409 1609.5368861012253 137.14023882647842
164.95727574218287 274.1351398102461 1275.3896374761373
809.821378125987 1481.2841228379539 559.3886742520991
1834.472821333744 1024.855441125439 259.95318372657255
786.3275498170492 862.0876191868311 920.4508080108935
1047.2085276634143 1763.0295827874147 1173.125768944234
54.75570204712632 1656.6204760421679 887.1633032310648
932.2591412847491 1311.890656158269 952.1689083260721
138.58998272544443 1801.0957459598717 174.15739612365132
214.28611905800986 27.588447368366076 208.3202611957224
406.41368686511646 267.80743281321804 858.8434212755888
944.8959698721546 126.38564656168816 479.43881949183236
807.8146069041869 32.08091187495366 1084.048725053892
232.51058093435995 339.1578767448116 506.2588258288255
1112.212871645463 998.5693586427316 933.5581621579959
1436.758717214717 1379.5292682648162 446.55269115558
1760.5529051082901 16.603263390299272 1178.8129846451204
1915.6129111651933 419.3311057978053 1346.7534336257668
1789.0226931454458 128.86955871185845 1431.07684783487
1272.6755776706875 285.45195753052366 1426.3192139299517
1978.22672992193 811.9624805600165 1110.1804374107242
1142.867976484692 392.31880035469715 1044.5456667205044
1458.3682365686905 445.32184551986796 704.5038225899542
823.6096736921754 763.2117831388674 1254.8918832470283
902.801163768475 571.1482736454732 966.904713481304
354.14672685085355 694.9378084464055 666.1170583215189
1013.9067903681154 459.4008944827368 1408.7019530601713
90.16334574589857 205.72520369108992 995.0082301312052
674.7673049509631 1175.5011954354513 1321.4529334459753
1789.214737991929 1765.1196002735926 482.5107223809832
628.6329572120407 232.32087568931402 557.365509627095
1126.8992996089821 399.190652931708 203.8958460970614
1642.7524722160008 503.28184212561644 1358.7647082526478
1334.1265398618207 1910.8842190886141 797.8054019734061
333.7044400683402 611.086200869035 1321.649648753981
219.94438481264876 1990.63788057516 64.45626936604104
513.3395805818184 212.25309309325846 287.773366441263
1934.7117872571837 535.5842186306969 621.6299266863547
1718.2121567238348 632.1177517147662 838.621541586456
478.8532520572508 701.8981745585313 350.2517165342813
1406.4732717271575 1280.7015509120436 1386.067144503353
1160.304935928286 112.94899994537167 681.6965297834586
1471.860719123683 1855.9924563634236 1338.6338548800627
455.9280411739388 79.44449789368235 1450.5932793518946
272.53610211795444 1726.4063905850992 869.687318316464
444.98733522195863 1058.818438805675 46.57839913157724
1353.1615440079518 144.55221170096632 905.7725450127296
1209.918995796955 1788.040543089709 1045.6762142571974
91.84042655844338 1078.3329062405378 682.4058694456493
450.42498792790855 1686.1003015468489 1047.3028228336668
574.4447909283601 838.6634917102759 1453.0878276480362
1052.6384122111049 138.0287170130734 13.077382102048174
504.72396819154943 454.971188721103 322.9959412347292
39.47969469799495 228.61549707285556 23.618140640209894
1197.6667999750666 1835.5542872549079 193.98029400290483
1472.6420470803303 109.11974006250414 443.95080554374147
1794.8334987342357 143.0345897008789 379.2318469495582
943.8392206042232 680.2121823715053 292.4793977707435
1645.9335836839507 605.1768740079675 423.5738398419062
536.7885776227253 697.3996567299419 517.356197786761
1884.2139076998292 819.9649239397893 1024.2920047943276
217.54420637302906 947.5218652675109 864.8427578910555
665.7769519074517 468.99009700546037 188.96130214308877
571.4402141388906 19.091235115034742 976.5628799156639
20.874819257582054 443.5355210029741 317.2505297675813
1787.9963004697847 954.668624958583 1351.5992447981887
716.7034848497873 985.752615860475 323.47413946481555
909.537942302314 823.0782261739396 997.9783329160307
844.9223493600264 994.6328125601567 348.625645373986
660.8706533663551 1377.6183931802732 1374.479794680314
999.5209267814955 1688.4037590787989 387.41521291370157
1398.6634067851924 179.33865941708228 462.24586933256427
411.7289328161331 1939.6393746049248 1485.7756656172678
1211.0588813224854 139.9522609326347 1065.8751212213413
203.9797599239348 1550.6268221162388 241.38593136203878
686.3355351018903 1976.3973139459422 732.5419135721619
555.9690337130305 938.8292589218829 1107.5185027370876
467.967780611189 6.8203139600813145 429.5675989292054
1553.7507442872252 525.984578126687 443.85063529533073
1256.8474329397995 338.2836388061272 1463.557674899003
1456.5254775737899 233.3090391457675 196.01809164076923
1212.108400575346 292.30796407314983 1307.4370999426412
230.3129079344557 183.10604305620438 574.7958963973811
712.5105654361188 554.972064550246 103.41074039984576
259.97861805901266 1255.4911280396916 1054.0746731328309
1165.4741932841268 1428.8800353578686 559.543291302436
1012.1386314701348 327.8980226768484 281.45608848508107
641.3083715191832 476.56784190484956 997.085137437128
27.6531522864365 509.0624065204541 303.58318623764677
1612.7050443511935 887.6240271707951 223.2453184467585
137.25764732149327 1684.4466602678663 1141.1812233199387
377.7548837017795 231.06316230363544 832.7031706368838
1886.6468469109907 254.53502748489342 866.7161179441827
1250.9687054557962 39.926417466263466 362.5311241729162
947.3206594913066 1674.5484317878213 295.24155967306575
932.1610256667396 1374.2169075947204 1083.609500713746
1628.2380676638622 389.8029296248657 435.3279735528478
1857.8223031206198 1159.5582777511113 140.44631178492918
165.11189621882227 1813.131501329462 633.3964067783268
1569.3762929857253 1322.2878189313808 945.2796634652536
1271.113258783839 752.1430928072988 1020.3027494861179
1675.905841571899 414.0273002504211 404.79919422473506
1880.4613003464565 820.2317448539725 1316.6409335196706
1799.6406913352287 1512.184742105208 780.0155269108682
1191.9933401910473 1128.6965893896677 702.0980464894407
1292.1728296809968 1976.5342057256364 289.4247603190705
1748.8609806776924 1058.6874364498217 646.5532418041562
1492.4440319794162 1983.1244002330477 369.64903744652685
1476.87404660519 1064.058182036508 657.8411739351163
770.7837294892248 1289.754840079284 1237.3218583271964
1680.803221442383 558.6138136722842 306.65245357495274
462.67573272990603 1379.3050277164136 1029.9428542535006
63.171917822815615 173.80963236013903 74.10498629408629
1928.72351701765 1291.8831284445787 443.15130663686955
1023.9894889332419 601.5921929625125 965.1100754073539
324.84512223017003 700.815011742466 723.9381844618317
1317.8519186780252 712.1689088880905 564.5201454332097
1074.6760106244863 1745.514947725582 1382.153435984779
1231.335738102146 561.7307765394555 609.5965910197046
356.17914958757325 1552.9762172466424 232.08704423299787
1743.8919179883394 1916.8971955398988 1485.4656160470663
1098.7829088787148 1332.277336534872 905.2486254556512
1012.1302282608247 283.0712475498034 583.6894695644914
2.1746359411740634 542.1421344127442 357.8538509007317
209.78507074192888 1427.724847670672 576.1021678253096
1744.2453633509647 608.2494174319686 1095.312232436812
215.7274043840527 524.9302093560508 291.8685391362946
1065.256719970619 607.949785240975 750.2382168652139
67.67177195782725 848.6822734539752 221.9743130490564
885.7982799923627 1221.9738008740367 661.6398881234222
358.38284644623883 923.9979135889205 226.9154946074471
288.91101080902513 1322.0453756920515 1346.4384452499712
1464.9972834478447 774.7142100735973 1443.6356864463162
120.129859133429 1220.2390392763923 446.1660403478748
502.9570387103388 1648.951241393862 1001.613458809079
1963.6153189085858 1853.409481755561 222.6052861505416
1964.711895577618 1982.078847712432 133.02371692580311
1248.7836071724726 756.6316772075587 46.66101002342582
749.2829505395746 1426.9423473754448 732.1151597770304
15.872160934356616 432.17505935042453 746.8811363552167
968.0132824843178 1454.8862590906053 851.2177281165763
599.8981777692704 588.9613722182239 518.4562551344451
431.18107906923456 927.2836523214696 678.108813253779
1043.8776172101877 1058.8719104459944 1226.5611639169265
484.3953098669158 1373.1464955417887 997.6967232644599
74.2072980156141 859.8841436542865 449.82962846859215
1461.501859910959 1437.0876897939797 1231.392719029635
1551.0761309050972 1762.3877809114606 1045.657122935154
1980.2765396058037 363.929807270857 690.0155684128871
788.2694817394691 1322.44603961385 1190.916947276856
270.50414713601987 1966.739650433662 207.34346572871377
1155.3507739633535 828.6076933862989 962.1951432030589
288.458194296322 595.71213963282 867.720036679826
1100.2102694401713 271.1851547384092 284.3215970906064
84.62534272770195 1767.2532592153025 0.2042415884139781
1326.8604225572171 990.2019713964834 9.564900945600696
699.7665025924042 191.84645485457264 255.8693988912528
811.7183169971771 477.091920994694 173.6954705090472
1345.9701352617044 1342.741829312376 1088.219938414396
1802.499904438338 792.2415176219326 1195.4288744961939
274.2713381947959 1137.4232856727813 1434.6986346211854
1950.7687791804708 1930.2953156705887 27.437146157447135
313.09303985956325 404.7008119353313 537.7880191347457
279.41293918233345 498.00731357766836 809.7435964629914
491.3179156846006 651.1828159856783 1171.0372291388073
458.47447764736904 696.5399934268746 764.993509563612
1624.734640535999 1830.9567892594619 1205.6339114080413
935.8889009844735 1183.4602646887856 1000.4333648330681
1953.6526887959621 752.9557190535896 1456.92471983031
1879.2387004119796 36.545428744165996 714.9928444398961
470.00068298282673 856.4905429015657 172.3572548841889
84.9840728088691 1834.3562233275131 611.3412154247766
136.67252183777134 848.5052702595799 755.1406486730953
1105.6833889059376 1092.663595349044 54.254322632230675
1586.2253896631032 1709.051374549687 334.00387046585536
670.1565386096677 1758.4382779125053 529.922117907918
1847.1027999824285 1396.7273075930193 1386.895655040223
380.43321552060917 816.7106534171995 760.4490247105615
45.77466843617284 78.27605872673438 9.742002154011942
317.7674453466115 1967.1759519914167 964.2658308010825
1632.4657819311863 654.6571238922321 1017.6587517364982
1266.3586373275161 239.82031106137504 223.8838652794377
1696.098108995759 1899.7272272596033 261.7229911883127
1990.9738940348536 1273.6291419584868 163.61520360311243
10.206576437119752 269.05929959371974 715.6925932466818
1646.045367772625 866.2072354874459 1355.6867280873066
903.5879088460592 585.1175681007419 1370.9698158787762
204.19002298140109 1645.1037112866736 325.8445146808272
352.30635262181397 100.0664679022003 1096.4547041895883
1752.0849023511605 1131.700776992314 236.32062464384458
1791.3181073175692 686.2235466852947 640.3701940222427
1563.8906690648103 1428.0037708791667 612.9680205426605
283.41128366833846 117.1484708432311 57.33115956563006
349.5351672957392 1831.6017947245925 1063.5825628440743
1167.2028521689285 1064.9177750699525 1200.399921938892
451.08144061453646 433.55148464808013 1352.897837861056
1608.882351651263 561.2307883743986 1176.0596544111409
1048.407547549445 1012.3278400914286 202.29074384516994
1514.8703472938707 1121.9134086670047 908.9634081317865
1926.9958467767337 352.06988249769955 1073.3957707581717
540.937080370008 1572.5858912496108 205.63563904828968
1122.6910639483276 992.5423717338966 602.7338378523435
1275.2591739352304 1379.7754526035797 838.7195672487248
816.0070900743033 1377.9175114091306 915.9603227032014
1995.6213503756487 594.6266100975719 1038.0186497886452
366.29331525442035 909.3166933473393 547.8614780842247
30.145801428408614 782.319492406035 1339.2776249790124
1496.6579104931518 448.5459704862678 225.71814734729318
1112.8766114858215 1914.2108865640039 1090.7964303343488
1126.5461067862013 946.6624074237046 90.26341643429141
1572.0104484276599 117.95812772894654 769.7280859597188
857.9685672723274 621.6328428832023 1126.13730314033
1623.0695778025513 195.52284561451194 444.9513641017392
1807.6490260036378 255.79131640075414 1293.7540484489791
1632.301534357971 487.93491177496185 1180.0515183381262
1216.582736412179 1402.218451233433 736.2863018344523
1414.7381886583012 846.6712060073853 1120.7827272222014
213.03583154153839 1126.485313464608 1133.4191921551962
820.0162739754679 196.51228836576996 146.96502619747625
1961.8257934145074 1718.104506070034 1050.5799404082904
799.4359073470439 1403.6142302325195 1177.5399245748642
390.25424452787763 1149.9431533011084 958.0090230489068
797.1812835362368 801.8437259165491 329.13204568812483
1498.6023840903085 274.0333525920924 1311.0815662946254
190.24971087981024 1027.408329486642 419.5903534421283
367.0251953378991 675.4582395206293 969.3255413969489
1781.286336342824 1454.4268620941057 729.6057216185771
34.20097875301931 1896.7914805286086 854.7350928263031
1939.3046643307673 1394.9947581369822 982.3123986579623
191.05597096507344 1625.9270327461636 338.66344397675834
393.72760540611876 258.4828339636498 452.1387641290104
8.516532661126064 1076.074334459831 768.1882610865257
1507.3326382033763 445.00594926855075 956.9257658633786
1847.4308340638959 512.1775426952667 1394.0350205199823
1209.0844860047082 763.6229055053094 1032.6636890308428
1010.9337484892089 1248.7680752105214 1375.0877805121486
1956.5106749315196 592.7673715056226 271.730943175638
184.82497726283563 976.1882952023766 1330.9307125732373
1621.8391346314183 1541.9337912451485 1096.3147456220104
830.516738933764 605.5850218972258 1045.6891561329348
1004.8191055032878 1787.2994139709087 230.99639233343572
1958.8681485542531 1610.9215258525664 1366.2219209312643
121.09217145431516 1966.6162343585347 1023.8826961983061
493.15221043285095 337.768375822654 648.1069741411848
1654.3400359389343 464.82594634116657 232.8638784028759
117.83015461070812 12.857344674495508 720.8458249221429
296.65797104543753 796.6558455460113 1168.5022019935911
1037.7299839939203 824.5350111265064 341.69519361042666
967.2254673430288 925.6560653975383 135.38056952126925
185.05437452998729 655.6190126139365 161.63616371444422
103.25811914478922 1140.0303080322606 1375.7227060805376
1474.7798598860284 1025.0342143807854 230.00687602813386
1753.2380372055547 1400.4634966173335 211.90099599025424
101.84934745308283 1656.2915335403386 966.8091433483781
753.6868823237699 75.0888127341327 1048.6637197895877
1068.847712477964 879.3205427345488 489.09790435854325
1327.68526067836 0.4186724998342939 1345.5422373077597
924.9466720026732 1073.762703416408 1496.2442902464477
1761.314460419737 1645.6739626644323 871.8800670418117
334.8471041320677 367.29375999203893 251.18189791854368
364.97019024980284 723.5943092956669 459.3839062975928
1685.8467510930582 689.6698093676481 514.2803780248865
1395.9300432538132 622.495619561772 886.2581298397547
970.8956947991629 470.98460616121065 372.99876370357964
905.0931190686111 1430.2439721331639 1332.0325194641546
1421.6545999514876 1787.9808159744593 564.8341412544896
1771.2411716549036 1200.197442677028 513.9017327219086
1677.9025946635868 1345.685434149709 501.3650009722654
12.384012994189897 1539.5333557683891 642.2715611271379
562.5795347938966 1072.0149901217899 248.0935176514697
49.138548912263325 1077.2007414111133 527.0838207955925
1104.6006730987883 238.54150827519294 16.605220737830052
982.3175981833099 444.7422193614761 843.7609238751259
348.57173148397715 1662.7001310177263 663.0772841650194
1820.5812627487676 1427.9329118789556 639.5486475607306
1265.1659570187485 680.939485702577 61.173973582452135
422.19568462692416 1946.0544625784682 835.6615545906686
284.48629733775846 396.71915046666874 1216.3521829494553
531.9649869108796 1930.408915771531 1298.5974041951163
756.3485254394726 181.94212251583397 641.7220665857546
1712.9849783762718 751.6624518994417 435.36841689773985
1116.7958411058983 1470.5789304574105 1002.0956815018193
1760.2023953756247 1089.7964547484296 594.2717767518888
726.3649010162887 241.45691534677826 430.35818550903747
1434.3167231796479 1101.4877751975089 285.1317064725988
1831.1388514621028 813.5421499454702 738.7244611705663
1302.0980347802258 1411.123026944577 1143.9461464867563
196.39167628563035 1015.6970526178035 814.86331760461
1134.6208953720604 1274.3186726830238 108.62515528821648
561.676637366157 768.5375841039197 649.4579794887936
1491.1061130647458 662.5556719411813 1397.835314813586
665.7795303520209 337.35874584512305 823.810615051859
1913.8302677312565 41.36967112925727 65.45714422804011
1326.1058201525136 68.14060002925082 133.64710620811232
1040.2096505738778 748.4350734479548 323.2262235054055
1814.4461861471327 162.64786227159323 1435.3533627298007
510.81675154010384 296.4566104959452 1445.0279213554336
184.6103349071524 595.8436977848743 514.2682737063742
487.7997443034865 1376.7983169180252 1287.0809667987114
1227.6192755308412 1644.2368408792572 515.3886789467053
1001.4794845617523 1664.5535749592996 818.3824863966661
332.1123635811216 1525.2676945067276 719.9817241390352
1429.529962170709 777.5703257101405 32.0372402380924
1366.48833502447 219.4122875587785 618.5610023740506
1789.8993100672908 854.229598839296 1281.3491085103894
408.9292546272756 1112.6878684771868 65.08801331739068
796.9679256414497 1302.9230179701183 1325.4814392589149
962.3132115669617 1156.2888413112132 478.54704255065735
1640.4683025723245 1122.9099439817012 754.5672869172563
747.1963855490055 1748.1077163213079 234.82146272048448
1356.4262189088456 1578.0561227928006 1092.1889528228476
1420.1349687397103 1710.1768204459067 525.3875280290672
1626.2264678276451 1102.2458241831814 40.677084371039115
455.3357724409286 429.2372569185903 783.8936610264803
1139.6118499195318 1918.8668981534076 1093.4070696203303
1858.0221925570274 797.1691267041754 680.502586974622
607.1731296282796 865.3284966327712 1387.2410599904915
1767.3208682089523 1516.2791810777396 546.9537801631279
1645.597640798635 885.6999624620067 559.7165429665037
475.9209698668236 850.9912835061102 1204.5700820686839
1601.449849145649 112.48216386536502 664.6745610717138
473.7020825646239 1329.2082966736425 457.92299960557443
1030.2440458813667 225.00003630663934 1449.6802005087818
1603.6752729450764 282.7664564853676 835.6794859300828
408.14188888114234 426.88160974638123 881.2034581246687
279.6649559832485 586.0211886525537 182.1805565262357
498.7040778894412 460.77545910123894 1338.2272045517484
1370.4210207389935 808.4449843462043 1309.3674016720624
367.4590112130216 820.3485747217629 630.896935028287
1978.6174402214156 1336.5226924653268 1067.7424507788878
541.929985059157 1996.8329550137253 1158.8995710602892
667.0833755608936 1521.6917795067152 1431.485366969413
675.4238469566241 731.6996860008034 1349.9109177493149
1602.417845129485 346.0597690549358 910.6047808628056
492.87064038047504 582.4773425319419 1368.1125043465302
1934.1965257959268 840.6311907792415 1336.724359691714
204.52296110783874 190.96452055863722 715.662841360204
1439.813508538215 1488.5750819791338 795.9792130031577
814.066084728114 1951.1770166859567 1246.6208511645652
34.47990712602511 372.6868500043465 151.51685837217022
1119.8807323353387 814.247443164579 771.7561291027399
1177.6046271970988 830.9314011062631 1476.0739021158377
364.7344709995415 525.517672405732 852.4243699771811
1595.9863659234807 784.3336452307483 256.27740736832646
351.6744025510643 1199.786139337075 79.19406758607117
718.9148646737589 580.0133254545096 1019.4163397572737
92.44639723162362 323.3571004515918 83.75930023270706
1239.2208761472716 1216.717740614157 720.1308522545085
1012.0805885269766 816.9713806075694 1091.1369594651585
702.466810104885 1813.1748468589587 1469.7866370408055
1610.4995406322103 200.83633760766273 985.8763309333818
1888.7004252928486 1416.360158076824 500.133577223709
410.74909564242887 1922.7102493810553 1312.43159677966
321.5283201700878 1959.5174598538906 1115.2226763862118
1845.2816436777105 739.3869370271607 648.2888822476089
674.5169427573056 1869.6800170213344 1180.5816869536998
708.9512848772164 381.98296380732955 202.60093197762475
1532.8012151397818 1132.3723032689463 1366.2731804090056
1179.5652420945305 608.667227313342 99.86079222081584
395.97747463812016 373.1554296914057 219.23628704313762
531.4912264290912 311.5317379285263 155.35013216342375
451.07011839221724 71.46460824781408 219.761884629645
1171.1323761928998 597.7577409858135 775.7278326057294
191.54637544052 148.65654143751806 298.52550810891455
1307.5115552492757 567.5789719132207 1368.1811391604476
112.1795015469167 330.57982654052176 1342.3778778919968
1584.335779360551 1367.4880430332937 1053.3974435610896
1573.797250831971 1104.387361999538 1157.3851941679966
1925.1845346135144 1206.8060093137678 923.7953641489736
317.6801570412353 1077.0154530874481 943.8520939123513
1057.03764300075 745.8618516015621 331.26072788100305
1294.341955705903 117.33976109252909 1193.2513365154105
1849.9544812162121 1223.9283043229545 53.054881609930604
1145.0469712153206 1827.8826808344566 1414.3832490863751
342.76487120100876 1457.1858356234154 1401.099523929293
1375.6477104059825 665.4297273365435 787.4775043436322
340.8066205958484 609.9965206682679 942.8079591870412
1439.7214187730033 541.0177413720536 323.9886370456325
144.30669646231098 87.99673045404033 1391.715026739761
1305.2247906996568 1388.5888031260095 625.0888613970902
538.7988340085219 54.35638361904061 595.1407997965762
1094.91198329748 495.6101265933861 647.450555461469
994.6544943184795 1943.1410168169766 1155.6327219666987
1169.5705121018916 527.7612448595503 1203.9282503050047
1718.207449202799 1846.7258961424877 1064.3543899697743
57.682744524067964 1740.1352934422926 1397.2359779272174
1770.6015645974148 1238.5577945261905 889.8366842394892
1153.5571265128149 39.40875938740174 1204.7621266614856
1218.6741304699883 1854.2654111505767 233.6584241425138
1153.0710318196134 1364.6067095342878 682.441708780365
1634.0552447711007 1739.419681877203 670.8377595647029
1490.2905668840176 183.9069433477669 1232.2408458819807
1267.9389533927433 498.66685137892875 1073.6704096339258
24.662033752326895 1925.4242018231414 60.10307633395862
139.3743295082708 144.94622361508868 1463.4530887117187
404.9188020282903 765.3980377779086 675.9618591712006
1089.1527538656428 1022.7608473923344 974.291025049076
1761.2841405373738 992.7562782010759 1480.2230895033797
1411.778422046762 1708.2494105873334 507.3385870348052
537.1119104510842 702.2140933209937 1057.9586956736857
116.75807473984668 950.1743461519372 1327.6714091843216
936.5879316618273 1737.5951381599502 141.02313418842405
822.0560042404 205.05956660035096 20.68800067555998
191.08903310998105 1526.3109981201023 269.6867793452275
1666.7729646610667 1672.4962152948658 1151.1112467850558
1223.588771836696 1216.7482068963104 462.20388323341024
793.2795027113482 431.12867124692133 167.24563431958205
665.9643111824465 1230.5623962737145 1498.8822284418377
1092.0231948719295 270.208794062462 1213.4016948117273
1102.2717119915112 1098.1523651133255 362.8947982854564
461.73106314018986 1330.786033757401 1209.6506475313531
242.65009733915855 1511.7830943161932 1047.5193518928968
1861.3214395797977 1976.2880647074724 1389.3578820219197
1085.7598939827415 1812.243127858261 930.8474560962446
1934.0252436257779 1816.6436445173986 136.9295331453605
1017.3464421632925 711.0504606207311 1259.8274019027183
229.49961263359043 1105.1680842957214 714.2598297695606
1397.3243402113349 63.8704343090335 1118.4681832789413
1538.1571536784418 138.1953960707405 1225.688505714334
644.9812597502636 544.2137849109165 493.6032793250228
1557.0900044466496 1253.7051846151107 567.9337475588372
1587.3180467339619 523.8467306329251 534.5192656805909
1902.5203394339098 272.1018562714839 1054.822297461076
934.5536786888687 1525.8388105983925 551.0149686971633
362.6922932499981 730.8049285881824 1220.9288913450941
978.0747778067228 265.79994361140535 1470.4342803877612
1071.2096262872797 1718.1603677521375 226.73297379389217
859.1931171615416 1365.9195108560696 1413.784947961752
1170.9884740164687 351.2226712965596 485.0234585001756
1886.9690127394017 100.60812506806217 762.1737668400875
599.1395262570294 646.799400461174 232.4017239691205
229.5287342807153 1406.7345375110895 1422.4804678064995
1908.4232830745696 627.7337390375016 171.14734654212722
825.2763271138443 417.3616072034283 238.64417090184688
934.0659509265444 1806.3575290223866 514.2937698378323
808.7557885190963 1867.7838722176668 871.3035796622131
77.62483185981317 1130.9441597222296 1161.8701997346386
327.3783921531541 956.5286468085685 187.96748261761138
1952.135999238453 1053.9171635527005 791.575649447269
421.0457479824055 179.40439989021374 176.6721290272047
183.98419264519526 588.4680623743388 1007.1027753884114
1547.2504674939232 1668.987698524255 1117.9971283572052
378.0510748135646 1874.3595537895737 1201.845765414036
718.3698713173956 846.1500461675469 318.36649660919625
1499.648556176393 570.9689489320544 158.31544959084187
966.1834569757104 336.6917195505248 702.7346886330465
1663.1113771717132 789.426854640915 1019.7528677301924
1023.9867174225776 1991.1448526344443 244.98388090108435
1099.446318102525 1728.0783756000578 788.3979548143425
1046.3315189734008 686.147493657427 171.24996355806383
821.8451497574459 879.7385830337982 546.157675855194
1739.3376024433387 1364.706484884808 272.2950072460559
88.93856489829987 902.9504749536934 1016.0311877622739
717.7516255337757 1748.0584857523284 681.175712416961
1134.1682098965903 1504.588595984052 507.3666366997696
851.5604054730883 1175.8596679312739 533.6213151517459
1960.8051675107868 918.6522070542471 415.84612308575333
64.19899080792834 1009.1553146371923 331.6362697161106
491.8008418820312 108.96238129455837 22.995167153677166
902.5855018621965 1463.9955779208635 1143.5386560624813
406.6666837525148 1206.4620817844698 847.4428964466862
211.51578759650235 902.9994596466108 143.06849129061212
107.55974889095121 1182.9295426999738 1187.1098027875225
1602.7614218803858 907.4316343832236 690.5081665878175
1225.2112920842567 1011.5634711669766 1130.1929467087539
1516.174314854784 946.0795681912091 218.12293195947146
1626.6043954907634 1409.139563098144 1071.5530801491384
1139.622219042071 931.2075288030148 348.0544782585433
842.7186996819303 1751.78087094684 558.5478812020801
116.26869176466403 900.2604144070099 827.4448385357823
33.44364081652418 470.94168378490167 969.1381089712401
1188.1626387671465 896.6153525025904 104.89082097424995
637.2874124741077 1504.8031628105007 951.6493346408884
1302.3820331596855 1888.392324013885 435.67213626891373
1130.8429182071225 1962.1850469090043 307.72947345046515
307.88135091346015 1037.141155295181 588.2325016550899
718.4936856728392 1299.1901361942105 963.9481569123479
1176.6572461564922 1292.9007891333304 521.2783256741546
1942.0968318883397 1151.659817453957 325.42155901432454
401.175761600181 1474.9203608619393 132.73627015170524
492.9390714774373 1259.3800583796422 46.774220169970626
547.1963627984564 1380.9051980019976 1084.8405701401748
238.74951349213936 1786.5123519390322 1333.2556151243748
615.568731142145 244.3969551888261 501.92442239199875
1991.1307241306433 607.9193527417417 1459.1498672657083
887.6051254489448 937.0120092513791 908.137582627087
11.680380432842252 1594.5437444064344 322.2814542060016
838.7079029654457 617.2310729564742 671.9052402660552
1296.7758594679117 1494.996499368738 785.4292343984237
83.8430085576165 1223.056435619575 0.4646629514148404
1054.4850529555886 23.57529705507111 819.8910688310821
597.9287183975974 1066.9515663839416 37.617368797769224
1293.2012969095288 662.3622662533608 1169.8991060061192
1107.18739431779 1369.0285583567234 892.8969566309788
401.6276291977634 135.77244402419896 358.5706317374438
173.13594796456465 862.3488555269454 768.4075039695792
671.0327263015696 371.0255362599484 1378.5362725138532
341.2395174129166 1128.6211433986425 172.94975860529172
597.9096047072385 580.3998376326808 348.84208280162613
92.19168301461478 1850.011072324113 1309.2803843543838
600.9567111292569 65.83393783913594 1383.6147935252964
668.2850578920049 1948.1131233573906 197.29547644478652
1051.677446565499 1471.276409704505 771.1490111715756
1714.4025095668087 379.8671360508996 1167.004383763788
912.7984259305247 1448.662394742303 755.3191289202231
1523.3356427826104 817.6849715208352 354.0416313566034
1945.7267274897617 1497.678365213441 46.91526627334264
194.87353874581493 693.1869305151852 347.67881426288653
1444.4170579445317 1277.527678450465 836.9169656122127
570.8277897069885 402.94655315823593 991.2453599183152
610.2929897270379 811.9501086921737 220.98716458243183
317.0579420440234 244.97834388752526 1279.3633821213673
1466.8235776760926 594.526744852055 341.1574415130846
1272.1344112212341 1103.5817903975972 756.5766733413142
1664.9657975807609 1516.6308075028203 582.1384808489204
1988.2842523680988 1740.4054116869206 290.2558309762132
1443.250964217468 271.4298424596875 1159.4467912448094
325.04959347354134 34.20388029836619 1156.954233922046
1107.7639558122476 1876.8509145130204 990.4022292169274
808.1345854391351 785.7607835057037 851.935750876039
1797.0263004639576 1649.3911924824265 783.0475657655925
665.8934536823813 1874.5245453855232 93.43778105381517
236.40867637552554 760.762454807771 189.22015509791677
1295.7574454665091 547.2618022490798 1085.3825996436665
503.47489919663934 1443.3942303247989 215.08361907022916
1829.2190178940548 1504.3263938754944 1013.6428069495746
1128.2895933489845 1954.866675939413 1367.9620766885705
52.154880164632544 210.61286948678327 202.6407757828479
1276.8763153307189 1830.9484016995007 596.604819595528
1154.5928054967396 1329.9418236520585 78.03909826498467
1632.3923164060404 1402.6116586802639 1365.091581446859
591.9757654720015 795.1455843244315 313.37713071064655
586.5474260475056 169.72443086755717 1365.4016840722124
1129.1847964723052 746.6156123699592 679.4507141445505
1598.0422984343602 989.4256555131097 119.12779324463895
334.9402722074051 305.7565912449487 874.3679540279658
430.77668190237017 754.5590433006525 151.62735381091113
739.1562956207496 33.5115558521617 1426.4395268886237
79.50921958819701 404.4403688614286 151.77985029131054
26.719571205272132 1931.7628463256906 1085.9401625366065
378.5658052841099 280.09432075304886 1452.1177863827606
1547.6529044554027 899.026988239475 1046.0993526122354
116.54316304822964 1803.6864896552047 238.58359851798633
1787.568279882741 999.5316179255735 1296.8947815471313
90.92894635320592 1573.5584270928139 1386.912757972307
572.9167277796081 1069.1583747402265 890.4212457006228
1384.2001627322716 605.3479240947935 1027.5330736075873
1166.6318158449103 1645.666942373403 1343.6404791611537
1841.702631132161 652.4335315614865 1148.833892666002
41.16938962460037 1511.5985925361128 498.93775584151325
641.2666106022696 1036.5498065271404 682.0385255098342
383.3536621862605 711.9442743615567 922.2624631461972
1206.7611592679812 1123.6421006872154 201.25171197844816
1435.0796172907533 489.63223231088546 726.4049433479078
1311.0929959342707 1724.2362889423066 682.4423093437347
1204.4266734602782 451.22521931516934 251.88090610648928
1668.3776604242632 1142.031196532966 588.2221465906013
1024.1026715275593 829.7921373321486 1403.3385197272698
955.8292564877476 1665.9531284954896 1434.4191764728216
388.95073676119216 625.3416686233697 774.1379801142054
937.6236016481866 1208.0224993387644 1307.2549142741414
981.0876742600942 1571.5108831076557 820.939023272698
1724.574465816307 486.7224440484972 201.01484467993663
501.03845888916476 809.8810453798333 918.6331846970787
1583.243783633857 169.8904936746166 1187.7044038026006
477.8079736152097 903.6794813542874 459.33354408172266
1263.9349703692753 9.3726654320625 1308.0200814226473
1206.2370373785775 1525.2238441046775 1238.014701498657
464.92924059776254 708.5368453066417 1152.6018549948844
408.3032205937773 1580.84785375049 820.206603321715
65.19771486156323 1145.5263757648643 912.3117217122948
1844.0195199787768 52.36739271491642 164.87578090144234
1870.703753938605 193.92920345765896 1363.231073507732
1906.2641970300879 177.95925906073816 420.82153809565375
1797.0299382736139 1761.2299975951314 1444.9955932498808
68.75319740474129 1007.9339543446815 405.3252469573184
1861.5613062551356 134.4139208003543 196.2749247332279
1092.4888958012875 1400.0376801509894 644.0709347094671
1866.7249186576273 110.86057381692993 860.576790104996
1375.8914118430496 267.63783051364686 435.55893001367804
970.1798382074471 362.02509143779224 821.327039199064
1778.5605596346686 1264.1503574618155 272.93853741799387
1762.6548204674023 1338.7249557771058 1270.8947062192876
449.14127943654944 51.966399048790635 50.92026228164176
1646.5311161047835 266.3478612389214 51.54101853980892
1272.213561106347 1402.814121120381 205.8485697886989
755.1801415933828 1215.806689535004 586.6508755607696
1161.6907535625876 714.2009363230133 1312.042585065659
1908.3588892444232 1579.1424491908563 1318.1372566536618
13.847373484055403 1244.666568149849 972.031569552834
1759.4007879279434 911.6824505766488 818.2611091717615
729.6707772695866 1715.5766238058643 1370.8630589111915
604.202559730361 1605.9041995579857 753.9541247903777
1011.812158049638 637.7478972704736 677.6973139265078
1189.5971564408635 595.8493215302487 1454.9307422814632
700.4489716406837 168.04933812387966 933.0655076813244
994.9955562069352 567.668362268621 1051.43699106493
1489.4755014599923 1807.4032378591492 300.1513481253699
1517.8762313163802 1167.7805343621094 281.5288112211327
1506.844862351109 1541.4007769837467 846.2633930015345
1810.804509749421 677.8622458431056 734.7596669780216
1770.1886005665044 296.8823296421081 396.33149870410085
691.1641753532842 1149.39721911988 72.85551826625458
1141.221254901836 405.67791754369887 388.00330527194586
1323.8371756897277 1128.2189123019743 681.591498304195
136.44745443408613 1118.2498414421502 920.4574665117477
1961.4322454110916 1530.6291856505306 398.1139832937076
772.6396810336842 1127.3421132528365 411.1544230646098
448.1363198295496 838.6791430685104 1295.1030163357123
565.1837247808203 192.67890281663048 1444.5120948914598
63.86462213392075 1600.5940581591265 930.6165116258953
1222.2409100568332 1114.1537606530558 711.8132131349715
788.7706940671216 1391.1200947448974 1273.5889014071467
988.998640641538 1190.494687605751 340.2501707499712
1182.1608985061448 179.35224873484935 415.64594779152475
1684.9911682197283 485.3915777595543 1221.5401583217783
1075.7329267974321 1763.4646384053822 516.6102575722908
1838.3090161878854 1183.3503697658793 524.1368019502113
1869.9776321630532 699.0104525647172 446.5462994171213
1272.624176287943 1596.8345745731253 145.72065202740913
255.0020471433947 1558.4654743513174 1357.4560737109769
1650.3384452239593 1747.2703473351826 1276.7771625445062
555.2663252073821 1287.266022048716 448.40266296286046
1488.031485246788 1121.2836125449219 847.4893745389186
1845.5986968404443 414.06952127234973 1439.7599958364044
1932.3195159286681 187.90054091440743 938.9124383505309
476.3501222123183 803.008520769601 560.4256484573837
251.64038955243973 1033.088134619253 1234.9961152758628
476.063545026963 402.81142627650837 1473.0875467962248
1583.4883701709127 1254.8980773926883 19.32125710758703
1007.7372741454576 1454.653230404242 856.9657866793483
993.2057087137715 501.22273908842743 1399.906948652972
536.4989821192838 1238.2497480496659 1298.2340864476917
1689.6643908399387 1351.1288455638105 231.50479212802188
1490.656416420157 474.05561560823514 532.045281450997
1173.660618576828 1550.0827411617117 99.31471949727327
1960.9238356015144 680.1089533003591 1120.6714413684774
1904.8460669942397 1022.7038432057241 84.8889323748333
1850.8332444925163 948.6487741696101 1235.857307305219
470.08875846058953 446.054684116546 205.3208665458917
956.5155249777331 231.18637213473093 1094.6698958084894
377.5411535321882 261.1533214351343 747.9914819291425
1232.3092221007335 992.8778549134769 946.5278981846425
217.3091510433265 49.05474309118918 91.80254991668852
1799.0983459707797 1409.8284901989991 758.0133722970601
473.6855964024336 1145.3875646508275 1323.3472961550742
1290.1425309822102 946.8134396997903 178.39708781116943
1745.3591209472006 319.8223268316396 170.43972319487415
953.6523155051266 968.4804993143031 158.0683016172451
1536.497230580946 1641.7494573911304 1385.853778988882
195.47302844339964 1978.5247974392971 1067.8077162280586
1226.8986739787724 446.7559077167853 191.91286542413738
202.15693272737977 1787.1090594182358 1081.29759708979
656.6227891775162 1488.280303776703 1045.2491915903818
185.31238680298867 778.5108068684636 24.796829484364736
1177.5351363417403 1683.1539820721348 830.6661861971482
1988.854328566745 892.3601693687606 546.3784771208317
1053.9259639593781 711.7033290552399 1028.975764355918
1004.5101068136863 1813.821073191429 1460.4293740431856
1903.1176454998435 962.9448784031752 918.1500477040871
326.6841848946465 1953.8780369334725 804.9702420006456
1617.7192666147237 562.6261078928259 1014.7787690358703
707.9908041939486 780.0185251255544 664.5545277602861
454.5595940875751 904.095282598234 457.3543010588605
1453.8882440065784 1776.159387420493 62.98247413459812
261.7732385459808 163.58981427998876 1077.5534654755804
1134.6631673225343 1312.4741638198648 1248.8677225805761
43.576512980288754 1419.152740249851 1405.0382572658762
12.321153620870717 1082.8573734997078 1387.8982660530805
316.702103773387 882.191520310257 119.19992093092108
223.80376779619127 37.022738866931526 283.2153695258546
1570.3316550556092 858.591191295216 1182.6466420187464
29.01078132981416 1139.2844807154377 480.9872503338122
816.2698636163697 1488.137156664195 433.26948153138466
1774.8463222751495 1357.6877060246443 222.13893180715178
1534.787045899059 216.02959657881283 148.73468973980263
976.6149942390292 1521.3785787584209 843.1718674020675
1719.0450697409194 1497.900931993791 882.5758944304181
1705.0098388873027 1441.9305277303401 1250.077125255452
312.92773210780746 564.8420240975047 573.0391112280519
1118.8033807220672 1.9889242260822115 262.1398341540634
1530.6828688990406 1982.995190549391 435.6366673967039
166.6310347123041 277.4502298601573 1447.8332121578424
918.398432652539 1827.1701102718946 469.8484026500964
1615.5322259391935 197.7902681652699 245.7333529885013
694.0019853394471 1042.1937019951267 179.23965358689247
1112.4941759197604 1223.1431635687106 1271.519449108018
458.04434726657206 617.0745723602118 1254.9069767115293
763.7657553516539 1950.0831754003543 1467.6159551758628
59.64599805869053 1881.583485147453 518.6449453445233
852.0924493658338 1660.1203830176732 1294.559978781128
1063.8695403447584 469.20306206683836 1127.5655862125304
1099.806937340063 1873.9972156848066 84.60898024879593
1655.617578950549 43.21827770605813 251.13817498863355
689.2082018065851 1476.6669732591763 237.57592869825712
1007.7610443587292 488.38868102140196 862.478213586575
1299.232764029234 1761.209984869892 1212.469339584152
107.48862931488645 159.8072426136212 1356.3721864353952
1533.2874216718046 1640.3129150908435 406.83249537226334
1376.854764670547 1514.0024185009877 598.383927847515
1438.9971155770331 1707.2280718995646 232.62023542246786
830.7736044726097 1793.6462521379833 1046.505357896806
1199.9346825479788 136.04117424766193 948.9709327033711
701.999159128174 1459.8409600031118 182.62831788416278
1189.8048230820089 1908.4148652743484 1098.3660768039967
1791.190735213603 1541.405724957732 1164.9353047236984
669.4121787890499 1347.1667731456103 775.5433978378735
88.30627159531956 498.0912009264826 929.3202948481326
1218.6106286429235 385.3624271147589 548.6897064302283
774.0795018232767 721.1128444784001 1239.6359581435884
1653.6574998272179 1226.059941640362 963.8312335448304
1224.0552752013355 1655.9482315607631 148.74663819287608
356.4503590816226 321.7344983590626 1455.6313957071015
1374.216987269025 1880.4674244295693 1005.3493786090469
1045.04004195335 1499.0178298114135 797.6199702751543
600.2383699943285 354.53344448744394 1352.3435106779928
966.0802769648304 473.35730686525767 1484.7979673606978
1917.5848585368317 1077.9222393260127 167.55138262088232
1701.2129179455803 812.7764291315957 652.1417049696753
440.9915103071218 1592.2347241432574 255.94374254606777
1430.3300516407285 1841.7150693396577 631.8838212773584
528.9064093624103 1167.5940806519202 549.1898442160833
992.1057144855885 1155.7993410966885 950.693509587192
1027.2798904482015 927.6630202175837 463.8375401180112
736.3886618584148 360.0271052267385 969.4288892645168
1180.7826693967295 1054.2815219934923 88.20540283244837
1959.8131983200985 649.5756931893188 170.31828880175277
941.1389400631891 228.47381970602365 915.4033414208296
537.69266659771 254.80255653894068 863.7424961521133
1290.905766667269 831.0243236898009 882.3299118844881
728.6322587801102 1776.4901544077632 1319.8513622213868
62.31193697295612 847.5925076661949 826.0618425673755
495.7843093533645 1883.7066246795955 1061.047933034632
584.5835599716657 1608.8123808062944 695.6636575133724
296.93270360779553 747.1621731669625 798.569465558246
1561.462250967879 1654.224886473656 1317.3878014540885
1597.781488883909 1691.3437613994126 498.82824592934713
1083.8830170437839 1072.1648426618394 780.7966256883819
1890.7157383077981 604.603474846332 912.7713125922073
868.8023483575587 1832.5214920891594 485.6474750302652
1681.6276129329215 1742.3660418097077 174.08455582656785
1337.3864645845172 1841.207760875946 1447.809537557566
599.3505184334502 983.0181115169818 1003.9161136105737
1035.057093826158 326.3123120466822 1449.061796062285
708.4337146177006 318.073592240848 340.6065728225587
1559.8327844836397 334.6989236091311 1042.944475791353
635.9044972683114 1022.0457840155627 208.51032877598752
116.18180583759185 1802.621583484237 1409.2242288191678
757.864094842093 1110.1587110523421 34.75017810266945
499.2746846872882 1195.3737883318686 1292.3587864749225
1288.2423556634492 1098.9979551524057 324.60042543319474
1990.8624095396085 1223.706431860463 540.5986886721824
363.5832716288234 1752.2035761194852 14.511184067667049
272.6679016250162 1494.8383219090883 212.2854192493141
335.68875818006563 1659.3712597451477 739.3304369168097
1929.6604352114393 569.5884849895782 1436.7955276816149
676.0126351830711 1819.8612836860755 735.2665934532447
55.80605406086092 762.9662081934216 1218.3173005357014
337.8381584863765 249.733707721995 610.323451652978
430.4190351071593 1241.1438491273627 664.8612374107543
1947.1506416923803 812.9091832878826 67.50263267030881
612.4262028775385 1389.365695459915 757.5729131896253
29.835056205370194 1009.2573624266167 118.49215247175621
776.2218680611808 718.1535904958058 632.4938135252653
1389.6662611402883 1709.080659457209 184.9603542119188
1202.6620401932153 1482.2656633007261 1360.1595215322097
1508.7036661911527 584.3424455968074 137.898078184765
427.46817251064283 117.39476667767401 341.6763688105789
1764.691371019642 1511.7798503657248 803.6678611941255
43.98786721093906 1559.8602912172016 1073.254475155001
1360.0254714985797 813.1282173930616 588.7574382320933
1232.389049387276 932.5320275547859 673.2674825135756
1991.971690615756 1292.4878655856376 933.6540962257009
897.572948251631 1971.7618684007914 500.1132947581631
1338.349296696775 1514.9896445902673 1489.871479019352
1442.9981888940908 518.3403553341808 1375.7045607571433
1137.6342184213527 47.47411566824322 606.2074737275294
1726.7883030068767 236.50859878151297 684.164095508411
1210.7648058682762 1914.5909263457804 1218.2986424847616
1311.9702804877727 1980.9311233347294 664.3156024773223
773.6111854309966 1504.8080020677376 1479.7018656125535
1761.156636916697 1114.3849285542753 863.9195653018436
608.1313669766375 767.6777108481914 169.55503364926238
971.1717389338568 1620.0462389041386 1094.3882876855225
1664.9519976049844 277.6492145703544 1233.132073057782
1670.899399771094 1508.9765794937123 708.4194812254136
177.302156032626 422.41902033728593 837.600690940067
1021.8034804986702 700.2082468920279 697.3642109996049
1927.1952688057354 1006.5628447074329 1027.9934173211523
1174.004269602983 730.4884183159637 928.868942210532
1211.3837121211461 1582.0807721779374 1015.3513672303983
107.8535577514006 1852.2549030959203 1434.734969924685
100.7330020007029 1238.377278265132 989.1758223375457
1287.082171620498 48.410069848111135 724.2119089554138
1479.6240920942646 1923.2681272153827 562.6239180624191
157.2049354272298 1247.2597247187057 369.5104082229338
189.37491964431595 1127.5422439134234 58.726431976868774
1720.0837823481645 949.4805797319137 1102.6487315695747
1255.0946063482525 239.82468197134787 39.4233925226794
1525.0639024767468 1448.932102139361 359.22529339591614
169.42855256160726 708.159384785555 760.6081347596433
950.4825186526562 1157.2548048895665 1309.3593831914604
1397.8893092614746 183.5932784500176 1103.5386847177724
1905.5526216018973 1657.420827532846 851.9374204328187
1901.976984079954 406.9283787531817 542.4627576980665
1462.9537354248896 537.2789496628476 252.92941538283281
803.0185248085348 1848.9988702516553 1454.0857305603568
17.62572871071022 1856.1868732257515 885.9042147491564
1405.7648472682095 383.1668350785189 951.1500026239806
64.37444704623063 980.4827241001633 809.9569284515454
57.32983089254162 268.26465296798284 1468.135163254083
750.0550622256053 1199.4512142518404 355.83491639125424
659.381692282956 1374.1392688467677 927.9666986913003
755.9659800906384 383.8158737516302 1168.005941745494
1266.4555057437638 1591.9110244091246 17.961564505224626
1727.3547485515037 332.91301026178013 536.0364586559612
1744.8714372010406 1867.182428255368 286.3129260276605
1359.5916444361787 319.20934994167106 270.81099260696817
1302.975020650616 1456.688706144988 379.15162642008863
1465.8361455572117 1155.937233653768 114.33087463461416
290.83765470325494 955.4888275386912 928.795423234941
1337.8406514640628 445.967730296807 1089.6656266293842
1221.1114646127974 1594.1516363725 574.5267301312671
349.4097640979745 1588.380244578657 581.1434982930182
952.6314435500402 916.1021677635243 1015.0506157293023
1862.4065215254682 765.97146166618 1352.7018679646612
772.1584245523039 795.3105822138433 1385.98253027342
518.3359491546373 898.9307425909863 1160.451530951557
1115.8993360871975 1728.0501870979203 578.6486031761403
1590.773791042346 226.70458700624408 58.46010447538963
1372.4088291965327 1540.9743353183599 1362.7662198190546
161.12827869136947 1205.1630881548615 1231.8596677337227
474.09319248185346 329.5621421284245 1346.8692318677588
1753.4047547897462 77.05967971382321 1374.9717081471697
88.97024117665953 1294.719313655184 179.9547263266712
1307.0164612794447 1438.7795723022832 88.07790493302909
1077.728975662187 292.28060140098756 1157.1035508376478
269.8361071204145 1644.7779160745679 1095.9080392055987
1702.2277061041498 1376.7436208233212 84.78090865818622
1262.4624239672166 3.4313286408580446 831.2468790799918
1302.7294021477467 784.2627449739783 1173.8312337301484
848.1042041946484 1182.6689230483842 932.0125755830137
732.9887067301574 1429.7601670201195 283.2567044883763
1332.5091063012753 1244.0946740234801 1174.2630082491964
932.0244875278119 1757.2390389658715 1369.1362850282605
37.46252142260009 748.7786411260038 435.90960689067396
1603.5270725098176 279.1285874577718 426.4669542708681
1972.4834963197284 925.7580519226059 1476.9105730658093
1905.0984631537995 1871.3179880413913 606.3811597434961
1582.6480002460382 900.6905276764345 12.11282827452248
1760.2803362463894 145.7529388272598 318.09924142180887
554.5313606637748 1830.2649395466765 536.8247700295632
219.6577785410039 1933.2242656920366 252.35198715934743
664.7475680578949 82.39739660263324 382.9227395975489
1218.5309122773806 730.5372053557921 402.36738285523387
285.39182396392835 666.4894736285507 1273.0376720964887
1027.645021764089 570.3231222790781 855.6901606078109
1883.7434174775194 276.7243977998679 1139.650468018496
427.33359169431617 1031.2744397938216 812.312072808766
1036.0017411757601 1414.1130463620605 1130.8306070170806
1720.1638549057675 1831.0139180153958 1347.0910723216837
63.54948304413299 1497.7814098816548 655.1129068136491
1591.6212166967339 1537.3264732701118 570.1734897572073
1474.9128438103673 222.42194169392016 166.42844875285294
499.76541837370837 982.962760621177 104.1293130859614
9.443328279472585 46.30170848214288 347.5285454442544
1650.720909102083 1864.7652082639654 1197.9699247826388
66.83078010851729 758.7603068258311 101.2856597920126
432.98157130006575 1861.0814170988801 719.4604751591603
1598.0284703174757 937.6941496018178 9.381706580537719
627.7658560794814 936.2729377596444 618.032606022824
1609.9607007174984 1740.9678012556744 1066.144865571713
1188.4614739289234 1682.5045209916427 1133.8348997728167
82.4863018541957 237.13991888053388 1151.5392193709827
1794.7749446887885 1944.57686714611 666.4473814178881
486.6809135084242 867.8448038955224 898.3394563012686
531.0437917106177 1763.485184929912 471.2908832014816
571.4634901173688 482.0872788123396 377.49556334292083
1541.9875843865925 1136.6499522324798 953.7301103372205
1156.9233858099142 489.0786465549366 1357.6837669219597
1552.2626229313666 1943.9933772279635 960.4891101484498
854.816199594032 692.6808504819109 491.352551114084
1947.0768952624067 1954.6723805593783 1396.6619933801312
1739.8807277890965 1936.4135718819662 1201.8920124748029
301.8710236795967 152.9816174313321 493.7906110260594
1735.3305473137696 1526.5581515106073 368.6769175587906
1483.3935180546016 1469.1313259428564 854.6195074328239
394.4708273638067 965.8421216476667 1408.4495100866407
721.7773003123889 655.0930271146007 860.643701788009
293.7959934112315 382.33421552715254 229.13520380391174
1162.5053431101087 863.0126669042577 212.94110321410852
1504.6231657747471 333.50172978219206 663.734374901968
145.688010521271 1863.7851245411182 1398.5159073333625
504.20248552371993 1245.0593207091272 260.7105820417658
1248.914526882819 797.8368037924479 692.4861842786014
1128.5175241558634 1515.8126525429548 761.9324560534585
1296.9161598745347 863.0682132756356 1224.0493801980153
1913.0628029803615 825.8123260635539 1427.7361294779685
1229.8061088856919 705.9928523369443 484.36211186140076
154.92324044383943 204.78293645043655 1160.6637031572607
1428.6784378550644 231.0614642927944 361.94103793939314
1653.4953246768875 435.70795817953734 427.0687142056717
294.87465483705864 968.3250355445621 1088.5832074368786
1091.3689862576982 413.4479712027104 1233.856632198052
1934.4400707326322 1257.0364920613838 1080.1039837429507
186.03836742201585 892.5499854549686 585.7967784274017
1264.2837327483617 1417.0925671768136 335.87832158311886
920.7693211639436 1847.3049996939285 1105.7085010382932
1909.9636399620279 1325.8390312859735 259.4045531385806
726.8846554848762 1813.3550548151711 789.2601229849729
554.2785560315084 312.6988169389042 237.78520639755357
1020.6748129537315 1499.4159662403758 326.14764170131605
670.4138648090408 539.0783943452377 964.5692041996299
669.9379976681357 1331.3756531263377 268.3054440843631
1367.0893303181613 1361.1770923509157 780.6733864547805
175.25976960566436 1922.0132464160681 1495.8009100180086
1326.659701702671 1363.2765057089623 703.8567529248261
1842.4757171195708 843.4101170624477 980.8030116113518
1326.89179639364 965.6122033254182 402.0750335560616
1365.9952495962514 710.38113628755 1082.5980879346405
1571.5881307445597 146.635151094189 1258.2316624664286
129.7968274076795 1763.1102983421624 593.901829927441
352.4807092813591 1456.4418686224915 817.2222829863944
250.3403748458659 388.93826662604727 1016.4174948919989
1257.8621063508651 669.0757381289692 816.1923529799235
763.8480327573702 726.5909161353002 500.7396911388584
1292.7239506401274 767.396301286075 1064.5023339010215
781.905983514205 643.3680796265315 667.109824870015
628.9980226439316 593.2142105261764 77.90499495572661
412.7974668675878 1582.3605132217165 194.52606976785202
1429.3213117419577 263.39638313672475 504.93823357016356
520.45227548586 767.3837765625367 78.14277473073766
696.9092512797695 230.77805556081742 270.6194718328771
168.30527139437268 709.7424537036983 1234.9370944850702
704.7617347508634 1702.2390941354997 1258.5522266172493
1764.7035656067408 613.4947174221885 695.0260905632962
731.507384413552 762.1832560521216 113.76422579858858
422.52950463791984 253.64588251915853 1253.4952022223279
1962.0832636855184 1064.8116042881018 101.61519398879193
1231.7150156184384 1499.1120969633212 319.2821737888383
980.8474577206603 242.31058193454547 1225.2545829379262
1333.692076137262 435.7932133996558 1202.7848865092603
197.02163101734428 23.489991107246368 204.2665488208595
991.4005886989675 852.549887936139 1262.170719119356
999.7401782774102 862.6145438997978 413.7645602104089
967.8638943573184 316.6207287319005 760.4083372960915
623.4710911937784 1169.2360527785006 1301.6919880096352
255.44453997638007 537.716746784815 1209.861510440555
333.27084263020447 1021.8786637908266 751.5455057726747
435.4371773132768 870.2947373067025 1199.0226337052263
1495.0215652878423 658.6207392271859 681.7243990278423
646.0482824259298 76.56046098144698 1403.3518900493964
717.3978144432145 394.32783991792417 418.6949777037408
782.1155478355042 474.92850837050526 527.5834956414359
1405.2046458302445 65.72997030187699 1444.1818690996906
834.2408544804761 456.56922173326706 727.0856613004821
588.8478433092359 1375.3948517043857 937.670696492821
1204.3605710306565 727.8600561981765 914.2809976990837
1219.3225678703302 603.5900564405223 324.897216692156
594.2006084582672 1507.9565740471583 1044.3074797906893
1375.247294413151 541.1864911834483 642.6720485539115
1023.1920169161112 1912.3828966969747 531.7630483521629
995.3955606649952 1581.9959880636416 1468.4408797149226
227.65763381207304 937.029590664245 1084.8014710565028
506.21116275158215 866.5676596570393 522.3303460902382
575.9020342653234 874.141629502581 512.616303530851
1406.6089735572568 1484.8685397369643 247.25834285429866
1166.9977279656043 1401.126848778611 26.17119803954815
1363.312217926695 1337.0398500979418 169.77446657742834
199.58589519810687 1145.5156888732317 837.1429847632402
478.5465387686161 1239.883779501492 418.3249212713008
1820.1127277854098 356.6418229042301 349.4520245289137
1835.5002592662497 1611.0920649899265 40.91062676177337
1928.3437435929534 1208.2268513649533 301.5663043837232
1114.8970579559505 1898.5449431736356 581.7324301998232
1560.631101484394 1209.7133352194894 514.2117654738092
418.3258777623031 24.38425112352349 409.545362758847
70.91274002722203 558.7276893843176 208.7799122012827
1889.5423445652152 1203.9851826462898 262.6973585310423
1059.5315953623983 736.2061333564816 605.1964900896749
1436.0373605952634 1297.2967070940335 1263.737272266655
376.28590296476006 714.1663942649496 52.445697393079136
1030.7337544136599 930.2442699047258 79.09823773375085
413.26589626145574 481.8678683869848 121.49494911138842
1962.8124898119574 1666.1334889400139 213.79940956428246
1393.9793891602435 1466.4421380737601 914.9529085237339
372.99366149989675 1310.8092196887371 1287.1124426974206
322.13280582744574 1526.1803159139165 734.5024518939664
1316.1810226438863 1665.4432507053573 329.9429582905706
459.23395470798044 475.71248308015424 650.8866347249424
1029.931481943564 1393.3284347579324 1496.6883116837732
1335.7825880014052 315.94253873804104 1172.8696551436135
497.5172546608435 946.1123486133312 671.2438671680384
1118.8650599054567 22.102596763352132 831.7220563972879
993.3717915528284 611.4697830333713 136.4320108265263
629.4127443598485 1135.2131151960766 5.2926539424528185
949.093153609583 448.8272210694595 1369.8563628966515
635.8049583163494 375.7284077422016 1082.4804805990982
1366.433638618177 1609.6633218385628 903.5055418406602
316.6742067050676 1445.4290138495862 17.867790514983383
938.3698068420211 1340.4864503477338 452.8045672979997
564.778975754483 1957.9868157580008 1173.1899896241273
1101.4406490035396 1186.4568376434124 193.32384396026342
1413.5823527104856 1021.678287836779 693.0605727474124
471.8768334490071 96.75171320407539 811.0565140527082
1579.0677184148476 156.386252424509 697.5751039298813
352.98978915503756 425.9876323465945 1387.2322800739028
1776.450079624334 805.5777641190253 248.9245607963681
327.1593354534037 1877.7310879800389 498.7399205543632
1315.1349318169143 862.9125831550722 138.07584777827435
708.3711593748967 1596.7152656031788 1213.7616302014305
856.5714079377138 968.7592656251786 1298.4257178440057
599.8672897629405 226.31145427085576 326.86492684108964
1597.0212190950845 1754.783152003945 593.3296624390495
912.2390587458664 304.16158749609525 1143.206075577076
391.69130931637187 1380.5737464332735 415.3097289122262
726.193885958633 1902.776027277947 283.0642707572109
1443.418845012635 470.8314597572396 1224.6115746668884
770.0865629432075 1895.6555353907306 867.4898302762155
1377.5878224313221 1619.2970338404505 1226.2260636763663
1652.7325601156426 164.89125825566032 400.8514755349034
524.5791070602348 1273.4914796114588 405.967205143879
1794.1195522656835 1932.510217293441 238.37482738227328
1646.7959450043431 415.13451818276326 554.6365708183042
1739.4139517721387 131.77886655192083 1207.712299027276
1331.8431500746046 1115.0207203424638 58.61901721059648
1788.7536106083958 1952.4563145832853 526.4710154737785
1116.4695717226148 447.4435180491831 1031.7194269220274
806.9101141921327 373.16056692946506 1182.6646593526177
407.54457198459494 315.9769478836285 147.29180330461367
247.14058297422747 622.7925269321215 536.7669213751859
1464.7952183800994 1987.3669695420658 370.8628190778237
449.2913720502567 612.5752023880284 304.7810836459677
1654.751271085427 1452.019232241369 882.3076398371072
14.73438191598353 473.5809660392392 587.2004478379174
1166.5397002349375 191.58796596889837 1283.888915097305
653.3565862145887 1490.8373681834896 1447.8979997549739
1906.4341839484514 63.76743089080561 783.2834192712071
1990.8750655520778 1574.3005855028287 611.8895295694826
347.66034994173236 690.6120266227517 1197.1025851498275
1828.7920512640412 1629.963879572898 978.2223473734555
472.03831552460997 160.22710853419287 1044.4510002765574
1269.2451584537014 999.0044419463791 373.67363344289384
886.1778232555957 565.7721823006157 1375.0672778693395
1383.1502725651092 50.9624129583508 110.94895329493848
1632.1200750729827 1757.742907723755 819.7120814875066
523.1318201121446 391.0275968401067 265.8768614236319
1191.4308741614934 1870.5066473748363 170.91678580848435
902.9242698008828 955.2732983385231 940.4372072742339
1801.6534181131879 1878.7393022411763 845.4231783775944
1736.4459312313018 1690.7734837513397 1369.1297780133666
381.18941650180614 61.91546624250921 820.3387998839754
853.2573542598236 1617.5609735667622 1248.3589969481116
688.1736208210118 419.20966019961025 24.018561825217553
1062.864180701346 1143.6822701958743 1405.2286769064933
535.859601448508 275.06134405310377 22.761247296286147
990.5521191715033 1697.5046040467444 940.6842163405089
657.445272517359 1763.7589239613942 1272.2255965466984
866.3933060697318 689.5732937001384 515.0013541020321
403.6191193005125 1107.8193053511775 674.0433395368395
775.3789045054889 617.9967493040406 233.270946206594
257.2902723018211 771.0900340156242 1024.4150053513333
114.85159625237951 1178.236896014264 257.3039279891401
321.60014980229823 698.166053429591 810.716327266316
1924.2676155936788 1984.5412626540854 717.573858217125
1963.5979134975655 879.3156367765615 139.32225030704248
555.5820973750381 857.5895205544142 22.71491741745396
218.00886806893493 937.344039617031 352.31547196375516
1873.4550825493397 1339.2177912742409 651.8116324214456
1572.9136745428084 162.04142257310662 505.97807528829793
1442.8058214427062 624.307586706167 966.2902775405968
1680.080739440808 428.02397527516536 1188.0988561456702
1178.4178448087428 1554.6774672931783 301.90186198830895
877.5816541260652 1090.0258328006955 521.5251375168502
136.93139570614622 1783.287282634558 1470.830719597304
1092.399662431889 726.3843270366079 1161.3205192140601
793.8804365418795 1194.8428953911878 927.4201452058521
1598.8782670765581 1689.3037157260171 756.9380979802896
1379.3933044944417 930.8165508934079 614.7173767187252
1859.0243112292608 996.3910806856868 143.88781360929508
946.3981594803128 945.7167440058852 660.7861846215243
1576.832543635902 652.7704992665657 762.6895912261313
1090.0294008532132 1418.4462228162308 44.648411311296485
385.2409859500732 834.8834210011718 1225.2018995590763
928.1522151957557 1721.9767489568198 1471.1416653835352
925.2985584982251 1136.6523250083626 1061.2370171615198
1501.5109162634353 455.64712716028043 299.47973859338515
182.0698082992789 648.1093869147699 1245.6246784757348
1391.3200948929582 1276.2869066595304 1121.8375452731882
395.34711273562516 766.7180719816608 125.07308967019787
219.90920365349308 314.35526013952807 1346.2492351980616
835.7468472832508 1661.4622140992692 124.89074753360569
1133.1124079322449 1693.8518838504335 1428.152151715362
417.56173142794853 1825.285620539425 1467.5253525043584
291.51052656417886 1138.872601360283 1207.6958290007835
589.8206786286089 1831.1295179686356 85.47233568934199
1455.4550077872343 1549.1882569907025 1354.0029301972545
1683.3118854560237 1640.5581371690191 926.15399727552
1096.2447458390714 845.4741043968077 797.5996119602263
914.684434282685 385.0256597303121 667.1241701505542
1554.845643236931 1784.0607213572923 809.8109815248557
325.059467849834 881.9415633104118 154.90395607553592
627.0320612737321 1365.4626528721499 1191.0953102778478
1496.1819921699846 477.77553981727095 980.389807969931
831.5723949004996 201.16932518767828 1284.8919802599355
812.1606188166863 1595.4830578147657 815.3776482130245
1038.4736100273572 1709.7488999548098 1105.8499552624246
328.38954945370256 400.28254389618144 480.81374294237895
159.90815587044426 585.24469872387 249.7498415226151
1460.2845777103337 491.51177927343383 1007.9312670824356
1218.2208313149097 642.7928775932277 688.4303122465101
1504.0185445036109 444.16347551332746 211.48305159932445
513.4207438200764 504.8930140591654 717.5495205193907
1308.7067901093978 262.374103329674 1344.6852817023496
1556.0220140061358 1147.6672598161742 794.9065227126335
827.1480329435257 786.4339431983556 168.66930642028655
330.5373914161791 97.33289023747594 498.6512702016011
1285.084869102914 1676.8664377707094 516.6870065563347
1224.0591147817113 206.67215174900622 344.05705026637264
1965.4599172959574 1477.4750300606756 750.2305029330736
808.8096366507998 578.1649249479628 323.7311453253364
1703.8579932907685 1160.3657165781037 373.5206212864624
937.2455781252958 7.570383706330341 906.0798449917108
1982.914754927643 249.85039174581723 1438.8100450968318
682.0091742416801 1490.399312301807 1102.7032883914887
1991.9347821762728 1241.3175605627766 1244.5655141886139
527.3941229077564 1236.7423312405579 217.90670706806475
1980.2802286606047 1314.4438982116053 410.25907127187094
1939.7052028817684 1073.2060336516577 522.1436690402531
553.3155505467424 384.9058514173969 1058.4960311139262
1610.5449028720698 1072.0371009263426 411.7886596863528
80.66751733605227 1353.8588602853995 1351.6199598214662
1425.3185009039698 1741.8660868366899 329.89373374548353
1348.2506918854638 1868.3930749384178 1196.0448625992549
944.0051263956246 1262.5146333649786 1026.1490842648511
1220.8771328420094 212.01823014764432 26.08812462225729
60.771340843038146 1763.9272269523065 1383.6971934571056
1274.9278260499968 1454.2526941171545 211.5139244499684
570.2406716168624 83.4672735515416 602.667313032269
227.83501695756047 819.872465537617 842.1066148997626
1659.8332712448914 1959.9847858596042 81.11848079384265
871.6596180163647 1634.1002414229831 488.38177299939383
106.88800730296677 302.7436475217349 1035.9633583019106
1130.840310935032 1010.8500286133957 439.71864912747446
330.59103725790726 484.95009214664606 1282.5049418469425
1379.2494130259631 474.90010074794145 1406.4544314772513
784.9542172963357 1903.472244354607 195.16481191794415
1581.3033746003262 1595.2878539170906 910.8230574121886
799.6166056354461 685.0317303612601 8.99633496053276
57.70210392516195 1806.5606653035973 559.9572716470271
1220.6021380155921 1224.5149956919097 1460.0155655363333
1254.4804106719396 1832.0930844680734 1140.4663084768488
726.6749454107812 1910.1465834910086 754.410915832049
1937.0280397482077 267.68896283014556 777.9474781051975
1888.0530361862618 843.7834606777881 1015.4370599907033
1265.48573414891 1116.3818950227537 1125.871797137208
962.120277612801 854.2180486463053 117.1425449605718
441.47626397951154 1240.2011959096474 910.1586154039652
778.729450208943 921.2072444613258 264.09962167022957
438.11968225123434 565.9598362914189 491.5483029710593
1885.2358420745 1731.0985606628346 842.2462967963318
232.2885965396888 1094.7539740763339 1355.0711147811455
328.1202255768052 159.56776620650982 1311.3993472730865
1417.9759485536883 452.81979361671955 33.393087384560594
1045.1265974278235 229.95748966346375 810.9640149719461
1481.3236561951737 1089.8533524541667 827.0331596400821
300.1875488316792 1930.5111563197163 30.944071079825775
1191.039459099965 1726.3869210369053 581.9483921660311
586.9113243969839 565.0009163304046 28.223945087844427
1325.1891738094996 1674.2238492494957 744.580859974878
125.97881648060594 286.95322312811066 913.2497512414997
530.6766395174791 260.69551054426034 1265.2848960630333
845.1936585788551 1294.8601294874913 613.0705101091087
1841.3986770700526 315.4020333968231 1414.180960268191
1520.164956072171 289.73053269860014 112.59092247265279
1531.0732244205649 1816.5027871058353 1170.8324098239361
1596.2621875797101 26.51009462274123 900.8086015628727
1603.137399180239 806.5596260216001 427.15682898380004
1993.4957081048924 1868.524718826454 1150.7413265762334
147.84761264011425 1646.6627435010446 1263.891049407041
1173.1263676306007 1032.7563989439025 119.6493652253095
21.498768970601656 121.65003148250642 983.0936240755334
1874.1975608916782 130.48439191256313 1148.0931400432282
994.4095193641267 609.1180038561022 288.76035613623293
1469.862063629513 1469.4397196662835 757.8950714189543
1535.9324162309526 1168.1987126888723 1241.5144482903677
275.7660852130874 1631.1582593543628 631.8734870772896
772.48732387839 1357.2449754382767 306.93659853257856
17.111372552294448 1858.3730314368738 1300.0699746514656
1503.75278632894 1175.498181065364 1477.8434814198151
1192.5528457691898 1551.9133708575398 1497.2009679011494
1893.3045235866562 211.4195185030483 325.27002297916255
972.3056815792656 42.33294483871353 292.39423631872086
559.1502015854779 610.506278701168 573.6820571470494
127.48287546559101 1326.7228147794508 1283.26195994724
45.9414134826126 48.6864673355647 1101.1405911403135
700.4399801557211 1905.7887635757793 1356.3321162073073
888.5033888178268 1101.9300826526173 1318.9014846614107
1991.7069635638534 39.20749272316182 45.209614256407015
1618.3735004188604 1346.6111460625345 1376.3124360845313
246.5857130075022 764.2631607859718 81.03914417388435
905.9327961719164 535.6394160979205 22.59746445330757
356.6307469187229 1468.0680801504247 1088.0509708840325
1141.1069690546879 1908.6323133800386 959.7964834603671
1112.505853229611 1584.3157098885192 888.1126226656935
337.37686380465504 1942.541108858017 1346.3694039437546
906.5361759701358 541.0457529252981 148.04985629181917
309.0633245924721 723.4343685075402 1312.7039888457232
1994.5360412043797 1974.0582900740026 133.50409985515967
1067.994501575641 1714.4743608059794 696.6409928884194
688.571275225945 910.1572443445305 188.52509313590204
1937.518214989868 447.9922895186343 697.6388996103656
764.9459257007431 799.3912295537216 61.60515507451214
1556.4548404551758 11.177219743422562 1413.533129794257
1620.0500650108033 1621.9711764302408 756.8935129040264
86.19985968557242 1395.0527209324446 994.5994819725511
396.4918764721959 1390.873517729028 569.7558615441561
1968.9641245329642 394.1273898853128 1042.6453076911453
174.94311631321645 1999.7086131115543 617.1746497889966
432.17973863636485 1769.405703724757 1448.2488957831897
226.3478887780146 202.07184336043605 263.4679240767333
785.1834743908628 1439.5071335631906 1073.0052719817788
1088.1973252053165 270.93288202584966 1237.7934633052375
1467.0944984686987 547.2659379523324 245.44056005625774
577.1961463340798 1493.1915687740873 1452.1193444168935
727.4479267840635 1276.6271558370868 1473.0886325281
1302.590543191853 1376.4651014148187 865.1675598538313
680.3962527079676 414.3654576403775 545.2491248367888
718.9331185114233 362.89429930055707 283.92011494354733
43.77323499983743 222.58242545429786 570.9454563929393
367.0152342205115 1178.7864675532085 1081.1164793795274
236.2582987939108 1862.8499720682303 1299.4645569459376
1448.881834437168 785.7128594723462 559.2781295783501
1217.716070891311 777.5986583190859 1013.9049579236812
259.3629110073854 50.93001120211626 730.2137448453109
1756.3580022653157 906.025561907652 909.7379869287385
515.484573682291 809.0429451768397 387.9199131377936
341.46829639665486 925.2271418668025 245.17411392161847
1057.7375066814768 775.9226263294976 813.0102135812328
1892.4896710441733 203.86946506662616 1042.00100116621
539.88887422236 1531.610231240447 1403.2673611776188
1621.044634430516 364.4943050930436 920.517595190217
887.8816575674217 904.2706698017504 223.4019888855155
1214.3575319826707 1082.4784265114984 359.399633588175
91.21094476484193 760.9993074033395 869.1401373970269
1556.8929681786499 1648.5463979201277 464.6410138822617
1647.0251846499532 385.3223725468411 1387.4886817818635
825.473440842833 466.9972814776866 251.0013184830441
1412.9137291638804 715.5876419712246 507.31969300272993
1683.781549885079 506.2207735200501 541.6287999236359
333.73018571724856 1889.108627194808 1046.8652664671167
1806.4949713086946 1736.1157791969092 119.88700660745138
484.26206342078547 299.95239893935 1271.2807391144177
1631.1511406342286 640.4701449769996 1058.3256652840932
238.2318080745056 1432.5995868421428 522.7684045166559
1299.497268172242 1803.252462930161 317.12097269392893
1882.8287470721762 314.7772932599726 931.1365815591411
1367.3305585661383 137.00623226954488 973.310138545234
1568.4757846724303 1195.164004155107 262.8052338229397
82.95431478207105 807.6227825414696 1248.9988498810797
1262.7192832008009 513.2720798913886 1105.2796963383985
1375.6773157063706 118.95670711884354 1139.7407387235767
912.3117485758845 1036.6898820900842 842.7476710881807
646.1038270794041 1764.1270056790597 825.3086130281804
417.0972282510186 1602.3938562499534 243.97196029373424
1949.0611102677647 669.3992304111654 1227.8412776341502
182.01475888692676 894.3780110131114 1119.1282921682944
1643.3759712410365 935.2366518349893 924.3583854788374
1305.8063616524569 188.67860264855918 821.6340600112901
399.8979258553994 1619.2460225560249 987.4858704351149
45.348731730532776 76.0829441631281 486.3031323512298
1282.107745951707 1230.795332087128 233.71729328357588
1777.4652421364278 1775.5816562405987 957.5928463698232
281.7151936439717 1423.818065509188 1220.4781257252748
319.71062671788286 1900.2918735941723 755.5819592577569
264.3604739308023 1941.238288934256 595.1282125990664
1998.7434625648418 1334.3382279985735 1396.2819253160217
634.1301187887926 1809.093436928647 1275.7364231697095
1636.3573093141958 339.3214651504888 332.43961525849113
181.2505998833873 1525.8724671279263 549.6357062792606
1912.083714235981 1146.489150618073 1452.5564664797519
731.5441850547721 1006.2176670635574 138.54308970295597
1922.5990942207582 1388.1427382855506 851.1631138578796
1332.5427607750144 790.4098532674235 694.3862095761273
1300.5911841542331 941.1179011421237 627.4621122219296
1796.8791949089698 451.0326736681771 1049.7344995150825
1408.137702623572 596.1564534772097 228.5289561880613
1713.9392398986238 1607.773101654695 1475.4212823397281
105.21636947005364 843.3533478563149 341.4666811732634
1005.1270788397288 1866.309095379019 383.9924245122336
1724.0804565486428 1713.3804011139418 1110.1311816361435
58.73038744683923 0.485394095673497 289.18087216598707
385.0706423114172 1938.068833718501 191.42905429469286
1203.2785210718152 716.7325571654561 687.8105451610902
1567.3859353866296 1658.7792046902405 762.9492874972157
1476.002510812156 961.5515863620332 539.9044805785129
1791.5671370724867 929.3262778277362 32.05761833323473
1902.4948819550655 663.5532399767256 1239.926152879114
1878.7123863834088 985.3926709722311 1407.2723912337224
1321.022821903557 181.3077927625515 1343.8137185921785
1951.4692875663889 1662.3136903188565 917.9097386832361
284.9527566404964 1597.439540578108 506.33074432765306
759.5168982298062 415.3165592218417 893.6303327252774
1348.0862201520354 1428.327361870343 93.85893368342852
1913.294341709267 859.2442698224943 479.47628249253717
597.4717032691426 1848.0565316314605 801.163306529886
1176.349975049808 959.2490809455447 405.7044722361447
1865.6994478456295 524.6389925413697 397.21328534736114
1975.2536170586031 500.3176057448833 796.9133481081358
800.6777039553727 1863.5877792315173 52.34850234004451
