2000
1411.8649579093938 932.7767310854966 941.3158367487576
784.4706927137183 323.0982276799879 1244.5824944201438
493.38388493171203 899.0605519672474 479.86250902774043
1587.977784865027 1163.8341072672683 637.7223882970288
574.6185301939188 1673.639271734842 1169.7156715914641
1876.6052894815443 697.291241093756 937.9977781097898
1946.783888250788 957.4235502315267 786.625336705399
1964.7511867697692 1699.3285113370082 1329.832157373032
1236.476546688174 983.0671359215833 1498.89460193559
740.6848568357909 155.46773848188877 1130.4138329814673
1633.954476746335 310.07900350054695 1273.3344327362306
85.36539910989882 609.7944115611398 74.36933684712483
1126.5295514507723 351.9409549040682 782.2287360682907
1737.507352881644 1181.952519808167 460.10968147517383
1523.1526346113865 1563.9191286086975 1385.2287466790276
1483.8582533657732 851.196273958689 521.5647031609888
1844.7860469838502 155.42053672584365 251.9390182662074
1357.4557332246568 183.54631225090645 1353.4271891332303
1488.7522466681976 195.58820472397431 652.4493578489071
1639.420615728284 614.0705210411826 520.051160978783
1809.529236070977 592.4366229888041 1402.866419333975
441.3900712435517 1715.974514912824 1386.8096669168328
141.74164288380675 61.91973966119924 188.55186797072147
464.77545707701864 631.4442157847277 272.1024360313405
525.8596402574926 1944.3051225626514 515.0336541459942
1957.2174161664245 1969.9774291239808 1368.69091986751
1343.648219426726 34.906950468944544 543.6655789269955
956.9437278596184 1300.2642944825816 1248.3892568585948
1334.006909838331 1824.391826945544 241.42832729143328
1930.4844755283416 1292.5620011717983 1282.8840217460597
705.2614670680468 11.32756943814428 1002.185383704649
567.6812338552013 1997.0058344694744 192.94633553437663
1480.8853748099486 590.5825306740535 719.7699342058698
1413.1109085321768 176.37942662459304 966.9719404943872
1815.1358093573576 885.9764818821683 1069.3167947526485
380.9944578007156 1744.7919845989334 988.2793798191369
1093.7039595107613 1171.5585576572494 766.1957246799104
1977.0248575668572 406.79600211535205 715.1719824781491
1768.6316676932736 1543.76641725871 573.9366454866746
1225.2504879683474 199.61953771470763 692.9825014812451
1745.7584390127527 1882.6772917873643 1464.2708595106863
565.4161567952774 368.7270900866033 627.1790519709575
1518.827179981674 288.20912973647063 1066.0568848689613
1754.4073256624793 1055.7381649050515 216.17702625135504
789.5223088263881 489.0882342589087 425.4047875038255
687.225331998101 1031.2789829217093 1320.6917279275274
718.104085197627 1502.3227560525372 1481.7947636089743
1807.8407549093693 130.20101380116822 330.4168225711009
1891.9387794313395 316.6526142422907 1106.4559881314199
1496.270429770134 902.9604926045093 82.92554976525135
1932.0601781783969 82.52829586595168 912.6773900838782
1922.818213697568 1858.6528633555745 725.5785328384675
827.6406415459899 1752.6468786892376 202.00183709180592
1897.6675559775692 1749.5848766713757 421.11399129464945
1240.810324638482 1764.2634647826121 679.1295332209453
1613.5543477257745 1223.953322107208 208.74529123407498
1819.2322161512457 421.9424887623673 1065.0541773108603
1229.103725223575 869.14315628894 624.9425188152397
1861.366990740337 1501.966715147325 1424.6689808716578
1886.50302557123 1128.9092631755595 1352.3462644673418
1336.3386514183142 941.181096152845 398.601336626133
877.0521072578437 1143.262167166968 1045.1612995671408
1909.7660337611971 429.62746838144096 602.4190165549603
562.1766302163394 1531.0380882164782 68.89768281988762
1794.2924235497608 1093.8171865176066 302.52262213348564
1048.6884428054852 274.4166047496501 917.0881094290143
753.6039027429802 1172.3745308499645 490.34648701816667
1871.8325235841362 1655.6806235894314 1413.9372126753583
1439.2430256453213 663.8897983378515 1249.7112552563528
295.0586093732024 1431.963004614195 1198.319034891998
1610.218785735354 93.39213272679947 186.5310704484382
999.6461722625689 1335.047037744394 1292.7259688802421
1336.56777385522 504.10674406309687 260.11216075521446
636.7681986496509 265.08947451399735 873.2025799100893
570.4734787637728 935.3282819194162 547.9948096829158
1230.4019270634988 379.3109729635917 958.4299600167446
1979.1996580190807 1809.3406875752416 771.9508399787743
915.3559066404105 1583.8155175003883 408.2768644024556
499.9890022421849 1729.954638896018 435.0976249092856
1701.7151517172454 966.2659682894031 1480.4450316995442
1827.3212968965945 55.072400898152466 595.5327844206383
210.5530880561337 680.7293719333047 632.1179570896959
1705.5122858806537 43.18706646263348 611.5668232792073
581.8791682465305 597.1118228354493 1419.5221343093247
1537.8600362448503 1373.4798207079684 495.9830456855846
857.6091238501638 642.5452885192309 99.77974946993318
439.0845296574275 132.58171803619746 593.6861524505609
1943.6890889420838 1934.759045944768 1193.6404991684117
31.470796528075383 1047.0463912021742 331.7881073028147
98.65450357683203 1301.0380812366561 731.0884547776473
522.4626389046775 1528.8508346311924 369.2927038485904
1630.3596017264097 1159.2781683552698 135.95149345986778
77.85273437235362 1860.9721975694351 1265.6640485582216
586.9417111190469 65.14448116172589 441.57041912669064
1304.588920359988 451.85619071529936 348.9704596572273
845.4784386225438 1025.4216169605393 468.57990794705677
379.5686869139705 1942.0396558967004 197.64684042173803
658.1475163857502 140.86558378370185 1377.136912757261
1530.453282192781 467.58338180772506 1305.0564523495661
1977.6536178412032 1246.6903920645746 398.0784024517135
546.544965460463 1609.341702741858 604.8557626007678
985.3619433416183 482.5899275821588 630.7204742529203
107.01376376057547 1917.11016903164 24.352680356736045
1816.1650932641985 512.5039663711044 984.6588221003883
428.6268649194147 958.4606822903459 1104.588227906013
1330.142360283815 1258.6012353216274 1111.147989551774
506.73208030151227 1161.672957797011 997.270599589418
112.27886365947847 1453.497037832538 27.70972605000116
1981.6538608146382 1337.5380530092389 583.5830117111294
589.709459790469 1926.8477483234753 896.7263271040061
1612.5741844120557 137.56636375511633 1180.9853690080095
961.0153346583184 1379.892895239074 1434.6931994091572
1782.1523004092764 641.4991654112674 657.9168325212945
527.8672782676031 1576.6958528488774 1246.3908402749048
361.60723670213014 1603.94766508108 939.3289341906553
1848.5985160325624 1390.5445677967232 238.50105212967293
1472.7022807350447 1638.9899947459962 876.219838158496
590.7989754279674 1847.0019811724624 622.2933037359746
884.3415007061282 1713.2327183633283 942.907633312848
1769.5784835996724 1740.4558731947334 1027.1234993483095
1916.6270806235502 1519.1254560975842 764.8780076133011
530.6516595861762 952.3374999954403 762.3672484142813
1217.0102851354259 427.48495588496803 577.6040614803585
423.4998218934458 1941.3832082940257 1416.7944973119704
625.7103338273457 1110.0753556133284 754.5959274263513
75.55563031226865 58.045149838410246 226.68236589719405
1341.075326950353 463.4998167579816 1120.768747361793
793.047548513375 1345.7683191390427 897.0163039770231
717.552251215398 214.70317552673367 1204.4057387487344
402.56838471135393 1732.536613825519 1355.4354430213837
342.38247752430783 425.8561049656795 1224.3336883916456
1124.887703066579 1170.7455955565283 131.9106108729897
879.4205452775567 1144.313355360772 1196.885915555504
523.3876155772019 1832.6905102011353 719.1961524144665
1206.1177081655946 1433.8587609763883 302.22791367241217
1394.8424887235096 747.1196346473297 392.8983451646143
870.861104177842 316.212074841431 1245.8731697332032
310.3040515367652 279.4284371650151 78.04831900094578
1725.8393308435752 1900.220604501296 77.52772290420373
1086.4253029204335 1252.642225891247 231.2327353251919
1286.258655345826 963.6511177389144 52.61783755879973
610.889507250463 1910.1835892436561 1390.076914516324
1560.0767453652657 1353.0342533575024 112.58480846269298
1370.0761546691915 1193.2305885288802 1055.2350775259706
649.8761071714083 1348.117345034594 14.084776496290473
284.35482560438464 1710.2265752645135 309.3186659488635
424.6984251568995 867.8242706143604 41.978289051961994
1145.7712711402933 694.7684808908501 89.91468355028375
1739.9072204829718 312.5064464754388 1143.5682055096383
1192.9971374093398 1970.2616533301057 254.63505886596792
1328.190196339913 1721.388191750444 78.17984553898594
187.85345231608264 679.8752046831706 639.5552147911436
170.1031543616114 1475.4472857390892 1101.6090957871331
1970.0997274722338 142.03224764303047 1223.6093635595496
137.7635061389888 785.9080059409931 732.8115869284429
1585.1237879109897 449.3080162550938 1072.0754083219686
659.9086752232861 1722.8746451461236 664.4114913546057
811.1322816535762 469.98399863822726 57.03949568932959
1372.221174322757 1790.4380920305107 766.3043562854336
1984.137949504211 351.0723571399601 1104.1287979117667
1433.3092521127248 852.3672553923684 972.660503065946
237.59348670132897 598.4294136587503 756.9480679784214
1415.9784454093187 1915.9323086759082 1304.8324088568381
197.03747093231883 798.6626399153757 1418.6944213812951
543.8532119223465 516.7556591083858 831.206284021544
735.631928506752 268.08747602482106 279.4222503474266
153.89726584458762 223.6300922315484 923.3036661650418
1815.7235636657122 747.3774729129234 148.99313350496618
1359.134209847458 1790.050480214749 684.2967350328191
45.84565438527499 855.7702511243524 1420.3120491921982
991.0894521063523 1820.7944395379145 13.61388046492995
357.5842995877367 589.4556012785334 929.1479255166092
51.81489785589566 1150.6699681563196 410.1588691223673
993.1345867095569 1292.7222264783086 629.6387284997719
1995.6417573730434 271.7429497510242 1161.6019234457256
1903.8952797653174 25.945323408403276 1316.6666361204905
1088.9727594464027 1945.9115616193972 1445.177064946384
578.8075628269809 461.699755031999 1356.5194904860798
864.5221945371036 1142.3952113065377 1199.0015242317943
67.13335756194327 587.8295602449317 1249.4141767452275
375.829995196963 136.87251119568344 1085.521823990644
1623.9792523101007 1689.0192709827536 1005.4409258004366
189.51445697969737 692.198086148812 34.17624516933604
1393.02866840441 836.5117647285143 1167.9704651336076
1478.9504924660841 914.415657258278 48.56412465005705
357.89386568510406 104.47855987969001 944.7931783776613
840.8277578597665 453.9490949798244 500.6340638875385
1311.5247902182098 1795.333884749598 839.4240250804482
1403.2580792218816 1362.4191118121307 138.11796406524297
1292.1276745035927 1180.9166152007203 362.1980139696677
465.44761202843256 621.1593216052589 907.4222813969561
638.2648489735028 1549.7749877802457 1160.712800151233
409.24438596346977 255.1810669996206 232.48907041037504
1899.6489306710594 1604.2741901052448 42.40309854010532
528.4061095523107 220.83718372245343 1471.293626895577
1345.80239284392 871.3866749046657 646.3267145929517
912.3242764525645 54.529164571089254 705.8964745735611
272.68966996576324 1228.5093087214084 1345.2293258856428
1795.7632024625823 238.1858395919303 162.46879674658447
1745.4210959944073 1229.0814293628098 31.375871946538513
492.07246314188404 1723.478650318462 1211.0969070689875
1711.0172011701618 209.86142167003828 335.75391860007727
1291.5826471131927 1584.150118769153 868.8312159532079
2.456825222189263 1553.7183374157266 362.60770063894154
1211.0093380606713 1369.682355990232 1051.6071570944089
117.93723252868271 575.947416303213 360.2294984653377
1899.1200930535474 1166.855040178712 27.407348537656027
1592.538832370515 227.69923126439284 675.4345770812364
742.9426118743482 389.7090065326061 520.5897177848611
167.48455957042708 1535.6117966070378 1196.577864616882
577.2273259467012 211.92636271356037 25.849808624449743
1207.3680190621826 1219.1536130629768 438.66318755479335
1418.17268419134 1300.8244328107507 1178.421188506474
1505.1303754625887 361.4755470836295 1173.0261704044876
654.583065212885 895.9566103356051 941.2956000445884
1487.7740616454764 1486.1404064976555 1047.6835780897763
1480.7542038594936 558.4106991002307 571.3012029062335
1798.1255258680892 1949.8378287320036 847.1108063947382
169.68355785785104 1929.493548306288 809.851230997754
1279.3038836272879 1697.5137509877907 550.7340394298006
1748.757066876318 1018.94235218447 1363.5611572206785
1910.6502284411458 151.7949610923617 934.1897073931102
538.2806344103517 1747.0890391515582 943.1507965892632
1260.0541023620526 573.1434688058686 293.5982193513656
585.2535089284692 1208.4750755296532 216.6263064733598
909.2170959679497 1480.5245820876848 902.2443140588275
1328.0176314332386 1797.5825122415251 1007.3908622978437
646.7759322488853 735.3779096636204 148.07757730206876
1034.3174814815097 719.4254774164208 1464.7289776867397
1247.7568176453992 800.922325769365 223.5226648504493
111.45992429261153 604.7274964442664 46.436290657010545
1391.12885716016 1889.0804940768605 1303.9232162773083
624.7086207860701 1309.8871250306324 786.1247617651564
1824.04595862319 354.77644201204583 949.980594442018
809.6625353198415 1336.7344274379473 1462.1355662345084
751.1044962890088 1518.9636188545903 1071.1276032198339
637.4656213775869 624.153997527303 214.8100915930134
1172.500706980939 1354.2810414075714 943.8197965134428
1345.8498212912057 758.5775175890715 1336.721739176382
391.9433239769328 822.8754897225423 265.75592442994116
256.9438835968838 250.49074143694105 5.878284187190386
993.6156647628422 694.4139611947619 288.6881949111719
815.7807163282904 1742.2040656430063 1176.8626291739301
1036.6564940555272 1593.5518440413575 163.72373968086674
1409.6678431350454 362.14602941182017 1460.985224909032
1050.1472245381447 1875.9749773816004 1435.9823570233923
115.37735231536584 726.3620956358063 936.2805692935508
527.7557804953019 1437.9541248870512 130.70491939129025
1722.1104934153861 1380.8231711467615 612.1498551294017
1262.1737456896476 459.38572881439563 1083.1776184024945
1143.2513962492628 386.86095048587134 693.0524124316084
470.95925465645183 491.8531934408519 984.962514213738
654.1216495939661 1645.5657038122717 1021.6327483081238
90.80528073023176 616.4896976935219 1320.9393709115486
1279.8342978777441 96.23381793221131 1395.3929602946725
1840.5100488075534 1373.6011267671015 1259.8237191556973
1220.8674054076546 1757.9528297034944 711.2527782329578
275.03194810129816 1027.6712755878057 120.24255750696106
1477.1914468065893 167.6685757720673 590.3150015804139
480.7163031770154 1025.421087868387 476.2075873126903
384.59680111341953 1596.377031252721 152.8260681492855
764.7476437973102 554.2575495014488 60.2324117567925
1879.871862191711 1482.0568763488873 555.017004487094
541.4531943991688 845.554030758725 189.97115308948042
960.8421035767402 932.9333752178912 1206.8403471127974
814.6479199116159 778.1512516854474 60.20870598534883
324.2410936815363 393.3153503404585 1360.0099501967197
273.1752716138178 1475.1410966998328 1265.8004943461772
875.9442147236416 311.625284042429 1324.7220005622519
337.8726843516222 825.8052935739315 321.3470271774223
1356.2352403843022 319.7062451044781 1220.6115750817885
1651.136142477936 542.5618484045896 1029.279512080674
1844.2129727316449 1068.4712044432872 1333.0780061152714
1644.0831587106932 1083.9969320818966 646.5205893650608
491.91366953834483 1611.0087464304772 8.979949476447867
1966.6556555971008 534.5229337752772 1394.5680121428722
1563.4586619014972 1123.8871454471407 1377.5331934924852
827.2356976985351 1898.1666565207693 140.93109059012139
469.08073068027977 814.3472618831593 759.1301487790818
847.7987688479998 498.4014938855439 1471.160274265558
1948.737148439707 409.365598136306 240.01022224887924
243.64414275238877 1035.6338269758805 1476.1244505037346
1174.2919340779963 1851.403599318904 882.8461244207124
90.66731204364342 55.25802715922978 568.0891485198215
1992.5496225645807 250.98919323885815 1153.8055035713382
660.3881322853396 1518.7570492211091 1178.3471028205408
487.4238810902687 873.6367746146411 1368.9477418931258
407.26942308646954 1582.0442780338808 922.2175027063769
1221.49043807852 1714.93841551846 1469.1816743808567
1253.7751375823157 140.43011023521146 761.0392488771763
268.7657398851482 1171.7887021456345 1020.9991161075856
1743.8692865208754 1011.3940759723095 916.6128901083362
1867.8813057387613 709.95197577997 1326.0550767134823
986.9028319266538 393.3779332191014 311.4395725362367
1924.695655202611 1434.130659924859 1172.7338491752057
1548.2472713466266 428.0264866447465 645.9730518693898
1607.0102054298727 1021.0874967695084 739.8829074523645
599.939203811958 1203.8645037935294 1101.5303058859195
880.5963170810642 1082.6340249730356 1054.201921711526
1381.1868740428654 1487.5801350416466 824.0252325450159
1758.9654518500843 1579.3780986017314 1162.3693196469592
1445.4923639429696 251.36453256818547 169.46139507065556
1106.3046194119968 1538.5177895608422 962.3065710850352
308.5261221168294 1544.5497258199812 763.141782209447
1138.5254978829066 1022.9938209471871 1340.6689161046952
510.9855255131226 1077.1682217284658 1178.80117596125
1029.7432932245122 1490.9293526720096 563.5830864620059
758.1318234819519 513.6619225824792 715.3928714973147
804.7482559540065 503.75450682968517 385.05871446179475
804.9081120715804 792.5142061144261 927.619094866725
1524.9935574360193 312.3753204279369 407.90065904449483
701.9024836713388 1547.4049053089886 1075.3346596613787
1091.3477626121162 658.0503143994698 444.4640145267403
425.4622535840167 1451.8408860594081 346.756990427037
973.1110167619996 183.20104654026227 1387.667140581234
770.3700907155837 1541.2153741464954 196.68739177774458
1538.219748343793 1602.01675966815 63.21503047640886
473.5182121429822 1970.2810057893714 447.7499874491841
693.476743417164 893.6254046276308 997.9561069018569
291.60897633132254 34.70797848440132 777.7596459829408
1631.0891147716693 105.70490472267524 844.028968000665
1655.9271060400729 832.3674434462041 1286.7018994911118
1350.3192048143742 383.26834648723485 96.42637884236382
1281.3710665280237 1757.4299684925204 1487.1979597485333
881.5219787423661 1669.2642070327547 173.24145715079453
383.07285690334214 1963.1150555289514 829.8120467700327
33.4533505673913 926.3448608973089 77.399169901112
1828.0482032622642 1234.4775128578233 1118.4076617629266
150.5092956745342 1338.832296955175 582.5621174785795
126.3502925915525 265.3532283165514 156.7964754577665
448.3821052963348 1193.8818030426064 718.5838509592278
1101.9417553769883 972.8257830139211 606.4004531964079
195.04673385355443 218.78003408964685 264.44574263439114
73.03138231686846 112.58800759090425 721.645734822801
898.5246616118196 38.34695943500166 1301.1485325638582
223.08385178753974 892.68634889177 824.940119754031
1736.0721004840943 1436.9720192143338 1022.059108059835
186.33511009464533 1445.846986841647 294.75530942572374
1253.8923187836444 6.032755352208152 1324.4175450827624
618.6821851567923 480.42687165159117 774.1084919266102
791.0230238328146 1147.8201799609624 430.1082718532346
1676.214638715729 30.746831012371302 517.9343039217141
324.19912031796173 1812.791081360828 180.66519056271895
1842.7002537097835 1155.9234623393845 1136.7370276319448
310.2717403194761 331.40105503104957 1165.7781569520732
1178.3786143800962 1722.719993704112 1212.5840950660406
1527.6889578535743 656.1726043877927 841.7530999237034
705.6457594276908 1762.7047233468945 1457.3221276746906
337.8116842262158 940.2851994381274 767.2444463050404
1096.460383447812 1569.8092795196017 471.2896268760965
1341.8137907699434 473.27208826686376 1416.885878297478
553.0646981335341 1571.8073111037372 1364.8787077797926
48.764506358050184 1825.1291291666687 706.4998090359261
545.6674689717136 1360.006636118677 1322.9040203420661
535.7483111896903 1609.1514336807636 761.6088057006306
1333.1188341158795 1696.0340033865614 793.4572257618418
14.544883073583037 422.0164438013718 716.4566854527809
1586.068779664094 288.5337541269022 1460.6187619816687
1100.1434830863761 850.425473212298 841.2369997034662
1559.2983700518912 1528.7621540882258 657.5910431691692
1423.7543627318344 331.29039009482074 375.39086786441675
224.14449735703434 846.6383077666892 83.10665028652848
1249.2228833697231 74.16535443204397 1068.0433800669825
577.6509059706674 1774.8391832841767 1173.7099277682526
70.684850922893 1356.923028476744 995.9955942065383
1822.1030633523465 1603.0989402181274 1049.954298923342
1565.0311546086118 1839.963547672662 568.1470813180131
1900.4893469497122 1664.120926465349 274.91871732484174
1750.6186639394177 631.1189678305682 722.1169446868456
1500.6730675377298 1648.4376785637023 523.6736038788921
1655.6709518688458 1664.9687752002696 1257.1860167465297
556.545399219043 323.6493385771044 1090.2361568842573
1395.3767435260938 379.5188657320405 907.7158905577784
1825.2966781181528 323.36221882865937 419.46732143482524
1126.3489693729596 1158.4984752999624 1162.2735118715461
1655.1916185086693 339.339685018464 1308.266610635196
282.5159567757183 524.3329236240553 728.0281611988571
1734.7159945131575 1615.7940701055695 1454.8638232355245
1277.1179091976824 1791.6866606535245 641.5807866390509
77.23728505427863 893.4181436434332 1282.7766298140043
1645.3316229188213 1271.9252133732139 1012.9458827504294
860.0146385954199 1646.7286785564388 811.0936328829212
323.6222245563234 817.2455248366007 526.0983303577308
1401.9931190471964 1743.357642038262 959.7771022816353
1188.9752142985003 442.91291544455146 789.5860969961718
668.0130846959606 1151.2919234403505 1464.615294639344
911.6875309705752 1191.6073571439917 1174.619076942212
1404.1024335756356 1410.3295474468628 1204.3782544693927
470.845139611499 1399.204225557111 1458.6152715308742
389.9824306247768 828.9430436428399 54.97635374545534
559.1073273130552 1330.7374206647105 1396.4536356677534
1639.5003296472403 1386.7066842758006 1004.2187582958644
1631.1806471510913 550.5711812502681 848.576268084787
1429.9409438560624 1.0636673485306947 1310.1348836917339
1521.4232057897905 127.03470434106667 168.95327993065328
291.31813455066657 1610.6310241175636 681.084766339603
1795.920060205688 582.8401803087711 121.16443853800668
734.734788385422 129.5951952996326 1030.6123644936108
112.17265978201452 1628.8660752115652 315.8385247716315
335.2369575856764 1005.3627326522168 1075.3740363930608
967.9992773174564 345.96176017228333 1037.7348149139161
897.3850954404708 1373.7257855266832 217.6285831957711
1245.3613453688831 1710.0555859744975 505.9967811656958
1856.9944267511862 607.6315204803277 291.17716699524584
715.8083234999444 683.1531787311898 1313.8360689820602
885.5881972582272 956.9682962652972 145.45398922103448
461.8249931809559 1131.6473155708034 1186.6798965830103
917.5384154062596 1780.1838929123533 780.4177720447045
1868.3543094103015 469.1380921975037 103.33358927623404
494.58133372595256 1298.01197506248 1088.7190174036382
724.2386091110402 1790.518503545683 1256.001313956109
52.943134239087584 713.401400143167 16.261501897048003
753.5907626691787 672.9071911625293 253.452088645029
1199.8948376306505 1204.2330773677206 1074.4934221960996
394.7086390182537 1441.960761147031 990.9339027585025
1604.271513889721 742.7716662997387 14.682777575970473
1598.8000002937767 993.1890388473213 671.7743710696474
147.93893504759214 920.7735628046792 1395.8882180275882
1392.2813007893506 1076.8910140670396 343.26938927762546
1551.614101197705 369.7871838903928 670.974278209003
378.1358433490374 1637.6419890410293 1283.5148666897082
794.2383868501839 1728.2886025943233 1022.2165253508947
661.1427858583389 1314.2463112617338 1219.9669791395843
1616.552855898183 1082.2072880882392 236.9253797791938
256.14525533417634 720.3348615143522 1103.2095812113105
1364.0837022671703 864.7851717834795 1092.7806480858708
437.61055535582204 236.7374173787875 137.60949722902154
1224.6062118629382 1778.5298119484596 280.7175432407998
1290.4857412426124 84.08518766641238 224.1535342446802
388.702760834321 770.9866932622864 801.5115091000193
1392.0745974441581 1107.027990289496 267.07897561749144
1823.8711377568154 619.5193128140357 829.1884795542633
865.7497575269688 1598.380047363638 55.30095309667432
1763.5858876029229 396.32196492778024 802.0488795841045
1032.7706385696863 1464.0688549998906 876.432225621585
1646.6140866807964 652.9963273722574 1111.855385750321
160.8253210547439 908.4920461406854 1145.6889062988955
1800.4818762446068 1972.622293954722 84.57591397946246
372.6342740667372 1324.2074571059322 641.7010893689946
1762.662424604643 140.80373628543617 747.2814523084297
113.04665269340953 273.67764727260146 870.5394522110868
7.649479235322776 1803.0971159101985 718.5821043912869
1039.3589812586933 1831.0392956321996 163.42282961530503
1034.6423316672947 1892.8010948236513 883.9933721869684
894.5549586668689 1814.5441072646456 207.05861081639426
385.4332560122984 1417.6182820749862 960.7698073378616
1738.1182948481257 1975.7099391729466 1065.2509689883975
1625.1538485116755 1397.041042905957 1186.2555595568174
395.6695298740227 1988.490549471347 561.7053584634662
1045.5768809886545 1542.4231435354432 1497.9876533343786
445.21327033490144 554.5834017282041 1332.1281762732513
812.2517480675566 1254.7558940400752 695.6130782212523
1032.618965779385 942.0199952873189 340.10210448979427
855.8530390723203 1533.4682204019268 1136.4199418623944
1334.4493066066577 173.07087582051795 623.6003626688876
1767.0141666398856 520.126978062802 1114.051329763889
1599.9850624417193 305.09900752782346 630.2059316326403
1263.665838438958 296.92556658093736 258.11998439130684
1852.7616502927392 241.98043670524783 1384.9138986500889
367.8112186374942 667.9263507761906 1259.9848190318921
1220.5613163993812 1023.0617451874764 1281.5358413413785
786.7804996567564 394.3430308740654 196.49753074948444
59.46034097261044 1258.508958971944 426.8748677606725
70.59046309164319 1899.2729735551613 709.2578850918906
1657.4163493884869 675.9544097634971 1478.2928245578944
402.74771755620066 397.2225487943082 884.904209536636
104.22423858592799 344.210761615179 75.92256586308643
303.61540797033484 1509.4913941243706 959.9560794600562
1251.532996384419 1129.6998545599756 993.8982040967765
1405.3736036581179 108.37940799925039 1347.80193222439
1780.9092264752976 1261.0322023900203 192.7006363787911
1096.5403408378977 1633.9217106737365 941.7650126027696
775.2718729961381 910.3848344555619 1264.3576726694046
1614.819452250487 911.7950052947101 869.0506257793351
996.6459232900418 1988.5614631088029 471.26894609661946
1995.1470337168682 1944.072944606352 977.2258004968876
1239.061047599838 997.6217476171787 1195.1622549875149
782.2155036540637 1980.7085865134557 280.9269310144872
1855.3548779703112 1804.2200768495345 1354.5330281592162
1999.1797122202051 806.6899814970061 888.2478431664314
480.5660631062587 583.837858684366 137.64775551626695
57.966847643564854 1989.7053218804767 758.4270834103402
236.78715773051252 1617.6531666576523 1301.2393560563914
493.33757011974313 1731.1498468391985 517.2285376732945
1456.1209083765332 220.87733897238127 814.1644745371686
1096.6965109868188 1307.603461772307 861.0541748680279
661.7093127126774 1963.9415914456615 257.28930205220416
357.4255263035664 185.160590373046 999.626222693188
538.0437423337183 1318.3066445097256 703.5482193623099
617.6485712692419 1176.3596531318487 273.6003540440699
1069.4152915652965 1316.1708506063446 484.29204299687837
1358.1989859393045 1971.022236020524 1140.6236624074184
114.91578602754271 1713.397248638606 1290.2225018560935
1653.0734332054628 1253.9809082948734 196.6403371514675
1911.1181211547985 1015.4380663913691 730.1089043577074
638.9284127006671 853.0517151154748 899.1352778353167
453.60415251610164 1734.0618117838128 1391.7913939951918
278.4517566717084 1588.7082862742557 135.4970114262451
233.35307318372477 177.07378209080372 944.4960492152436
1789.9811889115358 1388.1938420281747 664.8712976183438
1968.4669761466569 834.7629735200512 747.1637622184574
1123.3261363501026 332.66327526174155 355.0955249121471
1829.9546606863169 1670.840810035026 1215.01471592447
259.4992549035062 763.1407687409646 863.0745439167644
98.80764241146034 1482.4892705330617 432.08651443015856
1245.065113362232 306.72473472266825 106.77864916186024
1540.3897159654161 1643.3737942818248 709.9540739856863
1275.4763015622168 164.56508882038202 1153.5389217901836
334.8083809412132 1867.0261689987196 319.7003431414868
1201.7411582476443 1360.4049429050738 978.3350148137471
389.3492739516846 826.8737417368699 649.2011760875951
629.4713969755619 1601.6226606257162 923.8476729942556
1699.9320013920735 1243.6178731126242 369.8786491434545
1588.6255286905155 632.409166240427 1289.7763500685915
173.61361750049653 379.8864844566636 1400.1957100175118
1358.3021869140935 1977.2555389792058 1161.3752129940701
321.27689900973763 953.4171197157535 245.09688273326375
1914.6345218030103 1896.1008515071364 1097.0545099339836
640.6222448341842 909.8757579075518 257.7536607001163
1677.996144820265 788.3070159279723 583.1017794878097
502.6669823992458 1418.8014717029719 161.64285359768394
880.9851437727061 841.3185638567717 515.7720920695568
1178.5813107263957 1741.6411961732697 559.5977096796576
653.2034224158343 1713.9010340514747 463.42561814092386
290.5988777241115 1221.199084776522 586.7123373497732
192.43388525345196 198.3924441664644 435.4827774866357
593.4023912795296 912.3351778810953 716.1548551978619
1944.603503559196 1462.945785075543 132.57117126393186
467.66317098260737 492.5022071398737 1336.4165062369136
1975.6903363781587 1824.366789712373 658.0494354678073
1063.6135932160882 1798.5780511021467 303.9328996728222
1880.278829852512 1302.0664382671255 1134.7540439974566
202.90213967585524 1553.5716407605146 413.21415486751823
1361.7286219360662 1750.787443780711 1129.1668927104731
1831.3177826087428 480.0220545641467 1389.5649193364968
596.8029157014067 603.9380857818488 203.22636174689652
828.9463125946663 1042.8926366408568 1059.6660242727392
244.70781124696717 135.0775964759374 511.404552294701
1020.3938481482646 1129.7927295245934 1380.1277596526963
940.9454912033837 145.5742285450996 33.03019636910021
892.6255436839698 120.69947567116834 729.375308552865
1683.2149528436173 1893.4886186877993 984.1739667377354
97.82133078748868 1547.253800739156 511.8790972053899
380.3510813617323 1439.484096015276 146.83125232306142
262.07873073373844 843.626761946529 154.28942490427687
435.0748278095975 916.5170583163666 191.9823804029781
1178.7245134676346 169.8849745365527 1413.6617393536394
1478.7114261655124 246.50539239298163 602.3556904702318
929.9252668634035 218.74889882203453 1249.6365532305313
1962.1809030709671 664.5628954022529 1409.8940598818988
1826.0302932539005 1595.3655562121528 414.8061082036866
1441.021736248927 1360.1790203667076 618.1881056610208
814.601314259406 912.115462524844 1295.6563066264375
475.88902629860377 1076.765812981233 390.5581801060342
1926.3380489591652 318.0124541796001 545.7537254030467
1945.4776744137332 507.0817587589487 1094.7387831188275
479.5283157986667 1278.9495511641237 120.39402787141957
1345.0489611571568 799.6130780372553 1362.2766174124413
805.1264332510177 433.2214319167933 260.950234403075
397.7525971390385 203.77640146867492 68.4393594130644
1815.107793967537 84.97146605371309 864.7282496636043
1119.9639372012823 339.6185524909252 494.10283211494027
1785.0041854728327 1584.3228516489792 538.0205111288694
1356.454860243319 29.305430520790267 155.29483434339707
967.8142116231303 1946.6794461437958 180.40177386982114
417.2667126066014 1728.8096512072593 869.886576881652
881.5104783802445 186.83234746843502 404.6296924503812
1380.7513105804633 1726.6461516080171 1297.4692975503388
832.3305937684767 178.93564932639228 1486.109541753002
271.9786763427143 372.6319704916139 674.4024295999219
1685.1824064404054 304.25299004677277 1240.729296235161
1846.0954123954712 862.927169440244 719.5390076025369
1826.4729320638105 142.7160032720609 90.84266109846884
720.6154446396005 632.8500597201403 1268.2307196609527
1922.435128917491 866.9798264715982 708.944308287807
955.1043991803537 220.55043190310997 785.7898370908938
110.18347914350724 584.8137853460587 207.01998491525387
1030.3823741075264 907.5511952912569 1147.8639129791165
524.2953214747616 920.9655524101328 1375.5815060668838
855.6672417486888 1292.6205605906007 975.0929493760241
1334.661122513511 158.63810251073795 1223.568141015748
1969.8119640727634 1378.849816933166 1479.4618962080385
1440.7267884510316 1966.9125923485672 224.1432754882537
1811.5540866381255 1200.6672481959783 843.0910300610755
793.300568367719 510.6948064447725 296.8214313236582
1373.5092294504818 1247.807933772893 480.47707641315515
1406.7446579610478 359.31582770916634 871.3018831277188
377.3784509574642 1549.4169571897075 1238.131284563984
1693.1255098993488 997.8250372423192 1355.5619172770616
785.928752331746 1818.9533326011 995.0360822387416
104.75779816786756 841.6114814002169 409.3691365322732
667.0619449923745 1585.5181607795666 739.5429320489595
1136.8460480172844 1159.2244611892781 1333.458878065052
893.4919451027239 352.58250976642813 1158.1376576214927
554.2811066996165 485.34466991457094 1327.7013836498186
1251.5159415927837 268.57169886877807 889.4000069526425
1636.163836139351 1362.6798255522465 139.11349649314025
364.66084557999045 1729.634238426868 1110.6943500907569
1330.015375469622 989.7549836071485 1160.0198613464504
703.7506412814934 950.3171500633094 260.81481338004187
1695.3053585569855 303.8077392731462 692.9448866466894
214.08248945697062 1158.464416734748 11.877747880431889
1393.7283867686629 1561.6633431164742 725.7964728385531
1414.76545233767 228.59967443924822 651.4511871468163
1217.7996368444492 754.7224373537829 1351.2669414527695
1284.9314087933747 1290.6918890626132 490.5384844600132
294.6428414395597 1096.1965716968655 401.0205354685351
1755.0857784038021 1777.0947031979879 639.4134143117119
933.869815290526 1444.660632885161 668.0663650471088
1443.3093747149655 188.40590054120398 44.454025846669296
1526.4110960410153 114.72851175599108 758.9559512866869
1669.5571181484652 1812.0665539302595 232.50064080337256
1576.5300107236408 430.1185860126413 728.0549928032956
1759.3042441463235 1623.772077463062 812.0240824947609
1303.4025995841735 1437.1588086071986 656.7840927584381
91.04802840281145 153.53177447487633 861.1159159082675
548.7438101601873 882.2426620229975 933.6673824446376
1961.7335184659773 281.34633809634636 996.2744900532912
439.6661085462066 896.4001475041954 68.66311020950627
1628.6596706584987 135.33717821432157 723.8317726397203
1999.7217633984371 1824.4973564719419 512.6224793277274
83.9901117958266 152.98566793817182 481.68109808044085
1584.6237464311816 1403.942159817324 616.8073432435283
1898.0200703080664 381.1324335503743 194.1275047413296
913.7992424296639 963.0390296221982 901.9031634327422
1846.6485954131167 763.9415373706669 289.15190514718233
1394.8611924671884 427.72144528554026 1455.7719905462995
874.0579856322561 1892.644820552352 484.4902490752759
760.8790582949642 758.3396553363888 443.51282550136506
215.4134130655343 38.601857643104864 751.9966726449696
1636.5767011786218 318.5134019002138 1404.9158794944685
1478.1835943666479 714.2087306012633 634.0009830792006
42.92665884805147 1576.295519730967 172.61096288897508
1168.4197414573232 186.14629233187662 1206.3893257317861
163.8038636683339 1014.5149640495923 1013.6275125024877
1013.5584425727195 728.1059132529941 819.6720880040151
751.5116821984961 305.87431898643126 1041.2781769445294
584.3714421906636 0.9033787171990326 854.2599899860268
1851.9524253754305 1234.8065629584878 821.5701685415825
326.9511775071361 1186.3778092077675 1454.3614509174897
1541.7326835159975 34.686760583026995 799.112534342266
730.2978839956189 1481.800540743581 79.9593646133891
1667.7202383732824 1240.7483904769294 686.7144343675029
603.9525802239299 76.82237084258526 656.9117107068239
664.9554067664238 630.633607773915 945.0539906193361
1171.7577311436044 1772.009506601945 936.4723657001152
803.0748507229155 190.57954890966644 700.3973382157787
1969.39780028115 1883.0882193107968 37.06168293468859
613.7618930537361 263.2060641233247 1262.167761524379
1865.423169675389 1172.6991551611316 412.0796614934125
1758.5474842773888 785.4602951089922 498.65928889442336
3.486212428072122 1711.2871932768319 510.91271492311324
939.6983988937948 922.8885918848198 271.10686474530684
650.3326219005592 1653.910772214149 1169.3829894753187
692.761396175593 1750.3571856177416 501.36220899652017
726.2644164360574 415.1918931555247 1441.9938205402004
333.18954603554585 8.696976403665957 565.8625886081949
1607.472733897163 1417.873477071879 344.90740496537535
1580.2139570908055 1438.6269001657545 1215.9966885315603
1441.3242205266633 755.2379207247642 1111.7888746769468
1345.6358019397815 1903.1291608748356 1142.8656689219883
36.36915601155377 1585.5569780064502 1218.904189412197
905.3301884913851 271.4864694903076 161.30699575325357
1098.8689190943592 206.2380619746156 504.1674555148971
1564.4948657556247 1041.3100882905494 193.5702485935349
654.0065377050078 1552.3768599378104 697.5335426844326
494.07097904116324 351.31014915785676 156.92285079093716
639.7894711034215 986.9448231384432 1094.002601338784
1592.4684680074486 1815.8156744819748 171.0258401440425
801.9421996428986 1763.6521432647019 712.6665956246707
1247.455414113091 1802.503790947515 30.551958341194506
157.80029230591762 345.0992004095832 1219.0548971597618
126.74779603958287 616.7531567353741 636.2719203366898
1305.8527538163935 1035.0034948996788 293.82378135013477
1083.2439196111025 1841.0131111968653 298.7737708095248
1933.5194186561691 703.7654357366209 1229.7153041733404
1499.80416936805 1937.8686706542185 581.8306764207497
1057.117281423599 1857.7734219577733 897.9973446702371
286.10433457791527 1591.0703901973652 360.42909242390584
213.22058645414654 1758.8322559065443 654.6974119697959
1218.378771183601 573.3368982912406 1047.1514588707466
942.3424679521211 491.69682161512316 261.34534726674684
1347.8442053773554 511.49822718752836 912.6784976233461
1966.7396418674973 1897.5969997321527 723.3747496132263
115.11267454909269 610.9269265850957 304.4251094517649
136.41666727923908 1404.6082804042458 1002.8556264422352
1902.4270416524232 1080.1332668932127 893.4597947440618
41.30901921521435 1132.2382890195338 1271.9300689557783
1394.5936324919376 453.2582721453169 1287.2026329718858
834.0229036869808 1920.1307648966854 420.8231390722699
449.42342362947164 785.0274435510685 361.62269800565747
1352.258288862258 1944.7249657886848 1406.9831855945229
1362.0390662309046 1756.8460971701058 9.023961286973748
1724.6371723195623 4.837973267383999 156.95690774773186
1103.0525053629044 340.19862395222475 556.5045793064909
695.6533562293164 116.94910396354463 1440.6912293254995
71.22847648799025 356.9826633093323 790.0399861681926
1160.7137166942152 1022.7786064939155 770.0101173076893
1449.019274956271 1928.346547706647 1091.7853229174916
752.8222752991969 205.92948846729175 767.5515066611557
770.2611187388686 350.6415941980749 1168.327831517108
952.5688480968292 1956.5529888605706 479.55901076230447
256.5510042336503 1599.0307688688074 781.4493545651933
1334.406657702099 399.5996976035088 1289.227236217498
1736.504389902739 534.7931182535862 1086.2052225299617
610.5659783030177 1609.7126753095426 12.424874567586174
174.4005810402942 1713.6476325275619 1095.046456093627
1440.1412585395851 604.5845465892672 1097.128430970915
1793.3035782188745 287.81561590297923 1491.9208563576044
840.3956561225616 1251.1666419335368 653.8235208152846
680.2020939564873 1250.3710604326147 261.9415006082126
1649.3459712626677 262.63052315750303 1158.4685542605612
865.3605455662243 1403.1795976020903 687.6281227570718
1140.0324921788292 649.5608337583692 1456.3358216359734
1791.8682472993232 1080.4104230565024 892.8458043672299
703.6012387321389 426.03599254625624 1164.800688416238
1502.0929775254322 1958.7613437420616 1158.7765331131855
1046.9293876540776 1713.737638003442 208.93922454446545
66.75332616867613 834.8036062303559 1241.347259095357
1175.1667306877912 1104.6814035437324 1120.0438631974337
1655.8108775040862 1245.4158227081455 1052.1673855780678
1629.420199046015 1783.3118943578452 537.3470843886145
1350.5098258328753 1648.2069758224375 1497.1006639748082
1887.3569294019724 1342.8531648233711 64.19169854850637
773.8590214037597 1018.4395592231086 440.91683395611034
1771.8921250769818 631.2954200547101 510.4243719831254
305.5367230518371 162.58476793557895 543.6917214720991
1484.167382891973 444.02424711105095 418.7873656988078
180.46501463517583 42.658906992769644 1277.2162963667226
1884.9123006621096 254.68107576809683 1138.0494689864083
1060.0478944399335 629.5125437358464 916.8163218110216
1740.0114176013678 1273.1837946037338 313.5545199643013
470.77046708730984 1549.1304185077959 305.0917302343639
342.1370034490401 994.6911198518623 1305.973091135108
1819.0122831454155 290.384272154196 1275.4990661806685
1652.3339455415362 1501.9938749713024 938.6917988465422
1232.2518623235135 1467.8637654060906 313.40097173203145
1107.4968762355481 889.6016186850791 739.5806946290108
1137.2224834040162 768.7099938734583 1429.774961238926
1351.2788992693318 721.5873181308323 808.0587743446393
60.9992849683092 1857.0906369785637 1432.6652453625525
1419.3777359966832 94.72361154541021 153.30733086093807
621.4364319790766 1058.8584554302724 397.2135891776862
442.1405177594879 370.18783241307096 1239.9362071323096
993.3988765366702 599.9232305736577 726.3601010072517
1199.6702250115025 1231.662839614831 361.96437452042056
890.224010760133 376.11933715874255 895.5296143445133
1737.620156805478 1906.517931517794 527.9102240436515
399.52455544935026 1134.3121852939785 1439.5423484198525
97.39536467935773 900.0274975516145 748.7997471485681
1462.9145312845544 812.1844728004178 1430.5704741785569
736.5610963027691 1168.7881712232256 1039.8712152236092
1205.5933986103896 440.19419876707167 689.8005258725005
1379.3719850377743 1407.6534860002073 1081.1113698855324
1978.5563107127357 1388.0915212996654 1203.9965196252285
1462.5436636511452 95.89254174595929 164.29248339438863
246.5436982645086 1747.1683000943667 2.6577260893851373
1509.4233863703503 1483.7173634045541 746.3281022360553
1116.2731259753407 146.3774485445377 222.64408127414004
1624.0613598521493 521.465915245656 540.8226382116412
1138.249687235958 919.5798872750809 223.50218210676815
166.2938145767274 219.86853137404916 1049.2054334906193
1713.5527383202498 497.64924082400074 334.0834123526025
1220.579537869682 1157.9986405531877 1402.8054501775403
981.375971817079 1765.4612187049736 1308.6043764104527
689.8287598936502 1779.7352294959337 225.04750427186337
1725.2071742022297 1741.2852081107185 669.8867532489317
888.2160539846453 1236.2624325754864 953.579170674
1929.9245280725129 1927.8364049693828 896.8469926986502
1339.7225819717542 1426.66230479952 255.0815802396527
1942.4016855643988 1798.1333331853123 1198.0788772105868
975.256181471627 1364.751466974793 732.6587668211653
120.41271076813476 1155.2726884562292 146.97674429347813
1811.58455215341 212.5248078592765 1084.1947197326201
1721.1700581230625 1691.1921566642804 1431.4868897939318
1122.6633196042137 1815.6529957715716 1156.109151123548
1481.4493245861747 746.2966135322489 123.93652344335237
1701.4488605027034 431.93387609843256 859.080140474461
1016.9727063074994 1247.2389212170965 1416.518313566868
190.77554150712461 1129.1469783596588 895.4420754958833
1304.3161726638152 1754.4168644241565 255.73138318173417
363.7660065009749 1111.7354183352884 897.1567890609219
1256.5019161461198 58.73724398988922 50.688511291716864
941.5260959166329 768.616339838707 975.8659174329354
1517.4033942371716 113.34265072335059 1181.9690565637395
153.03675184916887 172.1203102790374 1036.9868632589432
44.763013308600776 1167.482133519177 326.9424910397299
435.65470272584196 445.843878566335 932.9192975325925
1695.607043163969 1344.7564691608966 256.4054108297325
445.51264936257894 974.2763133028727 1367.371057219893
771.6961809520125 665.2394176121317 49.6057505823112
1426.0092608376904 1192.1913686984685 1459.777860968632
1677.892587116795 680.6296362521421 194.73585129718302
333.95362095503356 1619.9752084240083 1275.8074354343937
933.4830623940406 814.4614602387694 778.2309517196613
755.7710596237337 519.5064409741839 269.0096765920105
671.1918145924662 816.9972161947665 1409.4316938279862
44.46814214855532 265.2511005229812 391.91632656765813
1420.3826163604588 1419.6740030448564 133.11286265325484
171.42915639235022 1103.5583317399291 102.10678617540935
450.35043301392676 320.71038032745844 680.8229087468302
1337.3172452742567 577.6187060389657 1043.6793620897995
1390.5887697581873 405.3759738693654 61.74630394688779
1846.7946171903902 619.3721771474494 811.8416697744393
1316.1439230348597 1445.2522282634886 559.202047115444
1483.67087211137 298.01867251616534 1441.2368264258105
1105.328328240509 1329.752166588811 450.3647211034659
270.7333093098245 536.7400839971921 1469.5741607393456
1129.8738240987282 1155.5058542806385 298.51253216018335
861.8592195109218 1518.1188252687277 939.4012927786699
1029.6813262937767 1503.952909785464 409.45262921598464
1506.8410353528463 191.09748445436782 1290.4204743891755
1072.0606189049527 1750.1197943485358 1174.7312655609505
114.20392511929501 1205.5754085946214 406.6850587916348
91.36386444930889 1974.3487242225137 548.8633662817413
1741.4667732815815 218.72250256000902 847.9499640925494
1570.3663413247432 272.3149638055158 1286.3152228503718
106.21812081745352 325.27951950363286 400.5410536944312
1251.0069045716748 996.8513706994537 1193.6334403092703
1480.0886796622833 1627.3854089763229 533.9540650205926
775.7651515309143 1313.6461514595264 1036.6316978911389
1895.4863257105123 929.4371691883314 745.4322791815492
813.7142943120303 1037.9190525375768 195.25751303543092
1496.909305332778 1265.660635043047 462.567213556709
1653.7680284273206 799.8451258700583 1384.3574869442873
1872.5955115579036 1385.8517261458194 528.6657602650822
876.1138108804857 1461.6599103280569 265.3151114171717
772.210310327031 1351.4957924679231 436.5400711669726
279.18381113828116 826.5191281802308 333.1690664057717
1810.606158615658 1617.2875236002494 1330.52372558837
470.95080338110006 455.47463828975987 667.8558738044412
1510.227672486034 1120.86568757681 1249.066000695565
982.3509250498241 1079.501724394158 932.1242402384639
649.8021964430056 71.52113140850047 1049.1176115423639
1689.2137665456419 1246.7779190379351 1451.8761644450658
1910.29656355138 1276.928855586983 586.1796973858758
1590.6738137386599 723.2653609439219 1004.1294371537778
1997.306751287495 1449.2532532140797 408.80784688342317
1642.0924627981087 1935.8015664978482 449.0955019899954
1392.419555858306 789.1103652841766 1312.173038896904
1717.7776540856112 82.66908963505881 920.0848736805132
1909.2007518308644 176.0810776522208 37.39392392764079
1116.586620527504 1381.3242337206727 712.1225737950205
1715.3377864712954 757.7202412499156 814.663659824137
132.38838519899332 1321.0387687857453 648.5673038380371
1704.5657694431823 67.65524972574255 1184.267387691333
1058.9284036606266 1496.845305424896 302.15955296486584
322.7933903815066 1119.8776312925388 870.6861207096504
264.1887945703869 30.341695566407978 410.37276559427914
61.177471161017124 1291.9280974554408 432.1373555860926
83.51840047430659 430.6615505803579 1030.4025679810375
1472.992955609257 1459.0250969264048 1319.0558433145343
1185.3981362583397 1687.0473463292828 824.9603882977315
1568.3818498012672 925.384136545226 2.084501896098212
1363.3775274058369 1396.059881214235 1226.1772154837286
1282.9707052665779 64.05781839303071 82.89548809636315
1908.3595159231156 1580.2310821088738 132.60251682307583
1325.3050382574563 314.0448954549493 1042.238422781568
1199.6193360352383 474.8662613293697 1367.7013578206208
1574.1496321965287 670.2352072839109 506.8806203207859
60.007498673451344 1415.8215477452325 768.9691445562204
101.2292018372274 1235.836952254106 904.046971664116
1232.9766605598945 1458.7271161740723 1473.3799403118385
1216.0659175721428 1133.4524977762546 1094.0975823367612
1778.055785542667 1647.4695745092272 907.4879907932248
63.673844088699916 328.2300657867037 1323.641133180456
957.4251896998396 1134.0796829753729 1407.663165929541
824.4909036578915 1291.0727131333188 466.6143730194234
1573.2299922582386 186.204379908012 239.19360760310764
1526.3814413598893 1376.0866901333243 304.86354777549985
1346.5714052685983 1860.8179106448063 1283.302118994831
1998.4987035918946 551.4877991967688 1034.9736917176956
1248.5834493085838 1664.0019516556054 1378.5381548599223
152.89970420656806 484.69489393967956 986.8399253389628
622.9291308146813 1544.8266966601645 414.4538308269788
333.53527984517825 179.68607753570876 906.1694973292819
1108.8965024457577 528.3151927457855 293.0900199655222
225.35451670112815 744.6526866854115 1207.3681637174586
728.709185602306 586.3586089527226 1106.2192724372069
145.70644209109318 1532.085647610678 1077.6260927222215
560.786379494045 660.4825688461517 562.3307154947717
1213.8201134596882 499.52448680004125 1248.3296811260957
1303.2767676935187 480.8917245676865 917.8365754973627
934.5129578774505 1696.5626107242972 1355.125282319302
1785.058250691136 1196.2557786892837 101.25754089759137
1108.9184933175839 1374.3829339884328 1454.2029845573607
68.07627930635363 743.3887412711089 1248.3569072313046
215.03099845824192 5.45285461806122 1225.495792861432
1718.6244815368893 770.2947751409457 85.9979655961493
1808.498553557533 1323.4322317517895 822.7200116202717
173.1867204157449 1999.2817444710415 730.0542323002976
17.572340120342254 987.2123991883778 1218.2196678522453
1431.476648168615 1496.6379506691694 746.2818398109064
340.4104273940669 804.737663918617 894.4767329562111
1754.236870931444 762.9160926100751 1125.2964704907831
1449.1635323077885 11.333251458297555 577.0817897037408
575.8187342607397 76.67200564364963 486.34478904119277
431.67851294687296 1275.8341028112336 853.5594104100711
1724.5483175447948 1319.043719974497 565.8869886799984
1261.3698958082723 235.65752136057606 991.2216662258745
680.3855776759647 1843.9808695867714 440.08793938803035
612.0857165630127 1182.788549301501 563.3358982271992
882.6503290878977 1729.7339262437729 1091.5351159374316
316.1544435805852 695.0472397631914 758.5301395199217
146.9438558866527 226.3175248823721 7.520529805489118
62.97806087247593 928.5680235224869 62.90990106323452
1625.3074172598167 351.08891331048994 1322.6909594204458
1806.0041882763476 1348.3718797272106 1086.3408948639926
911.4093758002333 271.91480434847693 857.3110825309343
1885.235655783248 864.9159392744094 1267.2970784662286
828.0900451879727 444.3217956005201 1309.1232104907504
1315.4054189447315 917.2931310300149 813.4298109530578
1914.0635356243956 123.2113365053904 331.95974618227217
1965.1634883874315 1722.5818685652093 875.6487147068169
1599.2096365058183 234.07109056748808 980.1517646090963
696.2754375641556 1547.7802164922296 907.2613678468614
652.9071360019185 434.01966678607096 617.7598640236499
1101.9027249219184 769.2100915339735 956.3137183715191
1862.7205687627793 1367.111101080149 953.161711795349
307.09970850910275 1905.880834381736 1021.4167021163682
1450.212464320227 448.5215804116318 281.90065763943
1628.6912357091637 1285.6884512676277 1230.183654186659
1582.985298973995 676.6674579744871 1224.0028594964153
272.341763935656 39.842635524063084 730.3401244996913
690.9065013020272 1360.1978079501127 1410.5675500214766
1372.1643096799169 111.86115335322123 637.0679338553987
415.2240173496067 1434.6366796319603 323.65615678089193
366.6528678246705 538.5398039871401 1136.6585632333472
743.1865797650253 1196.9882359315418 480.34121921028907
1723.2879076986928 1477.7289022968407 1271.470002805613
164.99105805250736 1821.674854763307 1218.7735590339198
1375.735881378186 185.32971868698223 53.679912919368576
400.3359408496623 89.60762182487936 1308.8051214677594
523.5707255488111 171.9689127202957 1145.7791329015051
1688.8023274507127 455.31276234159134 136.7993352389274
1284.8600093154141 1751.0488601088869 150.5248561846844
922.4697040524065 1133.5297367314224 668.426112990345
804.9341779794519 440.5297626128426 552.7769335311871
612.1077453223394 136.826007934044 874.3945871209858
266.86746145668417 1415.0332819084133 420.55291490749204
511.1947877426761 1999.5189363908419 395.0147469440522
742.8790016223303 1984.9925325410566 1173.0050271377647
1917.8951567512981 1331.5094647317617 52.12447567893985
1455.8513224345309 1003.3892604018196 441.3503451660849
216.34516185462616 981.8165252030444 1478.6379825029405
1771.1892967662618 1208.2055278856662 243.03139821833437
255.06468698565988 30.4112603539064 1167.6611484513637
1417.8520538944333 460.7137682352418 1123.2070993996058
547.3529776881343 1383.2798372964075 471.2894781447831
369.25888043265445 437.09688297986384 1461.0673362337884
118.22200583913877 1213.1294470405057 387.3147422839529
1459.5297086448006 57.46301216212601 17.338043300337556
169.63357792970356 1492.3669825274958 873.1360084147867
828.7055945265367 744.6925733397438 810.757536343948
1418.0097457860334 1877.517338210563 1375.9906621439447
454.06991504033044 1775.6057521943392 29.87199732507134
402.3574916806454 12.341735462100267 347.156806702748
668.5926702848643 1830.366352675554 1249.5892018470101
59.005440898174164 1722.5681270219925 380.5080670173695
1433.2821085824105 1558.3638659273097 661.991888113693
909.1263097537161 1995.1947562114392 1454.9122956583087
142.68849641885862 1507.1439393697317 1499.6287497767767
1860.8635814941006 103.21535409085114 365.3429307102911
903.1902550484465 1438.2160403790247 555.836738582209
1206.114515496168 1716.0008512290872 63.98775781957039
1463.6129908476219 225.2716071037857 430.4464564161291
364.71691129934294 1273.9609668174903 308.3098739786477
8.007242864435993 226.99351281056113 723.8278731526572
1492.5515885194193 1981.5632189256364 65.00864180756288
1823.7434642837486 1710.672075665272 366.64145616851226
1333.1954856073564 1097.8921889918893 111.47055616286778
1737.3718729876748 1676.1707517055797 1155.732847035245
1491.2617477995454 1977.1032885080228 549.9667433408426
750.861019824455 342.8861640583649 1160.2483704140002
838.4804173077345 550.9223639757502 627.4046284326176
792.9443119593861 908.4520469099025 148.4332120223333
185.9398597827664 499.91055541031295 193.28709461486332
1900.9845469197116 1903.2005300367653 272.41023703183134
1954.8547367423137 602.9947147475057 940.1453941385699
1349.7983584749131 1898.711340139917 1159.5512924470158
973.1448866638646 1783.6620451898314 787.6575976387506
866.5646832531495 1927.4261530842753 1181.1131686457286
704.7120592058529 851.1567844934829 767.0394394842459
635.2541215646717 1108.7462662426633 604.1001441478439
1113.1910468561966 2.750844727599233 602.1552731762238
531.8500405206463 1038.016050759837 256.2908502309295
1981.964716105243 533.6677006718771 137.03339420942078
491.00972576376023 1647.7976171813536 185.37915962265538
789.271471223062 1492.8340226847122 78.34394571667418
1475.3753455950107 810.090628650727 8.62413432719178
1196.0226497394538 1580.9804227663285 135.2172371773867
877.0618277967659 1279.8090709375103 510.8849292435762
570.8599952806248 1142.2331357041173 1261.2251060552453
223.9517147036292 1527.7420390924565 131.67317328148303
316.2107040257005 844.9153218751935 1261.00350047789
1520.56701982249 39.23708855123698 831.6288690672064
546.0360423864572 444.07948918836524 208.75558763400215
552.2418930522646 1735.3219765523306 938.2250927290004
329.27601482883273 906.4477747490507 1185.4574360640374
498.3497405226784 4.004897119209927 901.6493446290942
1036.2651213137149 1524.7648029192826 1062.2516389472378
1269.7149155953598 919.1899506041135 630.8336137611145
1030.7993833357643 464.21892181282897 814.9171327697752
167.1241106989758 1234.2006005530388 15.205024662817479
1992.2014562788265 631.2706106986301 147.70955168127065
1191.126266752705 1041.2992447904173 1292.6969442659945
35.51400815305006 328.7983169748687 201.1901895302902
902.2671407867717 1111.744845061118 1480.6733020658057
233.4145724109804 1863.4624552792243 1488.6356044680551
590.5243641653606 748.4046443352128 407.9985332085782
550.0530760406142 381.71373889084157 1418.9732087239336
1853.2229686468863 558.8664790709195 1141.2166156942208
1789.1099788087886 1830.2665435774848 9.244556975592788
87.74891250739091 934.2230013034969 294.0185980176177
1899.3360645066502 1233.4989394973693 659.6414383139002
1900.977137208806 129.53460974079323 101.42694636266569
1446.0705698619533 1303.2708821068509 581.2908120363585
1211.6646520754737 1568.3934491211564 2.752905416444962
906.9491551550279 1416.706190751922 757.6119162569207
538.3614199529662 441.9466747364831 1310.9093305922415
1298.8659470333398 229.26828042661506 1044.2581215571408
1058.4103443454128 1086.8762207948876 1253.2626337750796
1522.178533985055 226.41016640336153 1140.0772653689558
744.7575962564376 1656.4604826932973 952.1707574138253
954.1376007177844 1083.5788885596226 1134.2711879026413
520.9706573900514 1006.1319835499869 536.6562418321458
331.81918989654855 503.8140196035765 394.7368577840488
991.3846965702444 1048.3427513765862 1373.0724590900363
900.6030599167054 124.44547241287829 468.0237106881578
1126.9169607175163 228.75935047970987 1283.3204806447754
1873.2319234506733 1191.706444866181 928.3441055028187
1362.7353111079192 595.881639628807 1383.28072795689
720.3192839711126 1152.1856367471028 225.73434918628894
1681.9624673432547 226.17052434644756 88.64937361079706
1649.098489985344 1180.9381999215786 1214.348244166151
179.1121955964643 1359.6497170016316 153.03132345515746
840.7132035252376 12.08230756563089 443.9443678620109
296.1272563731163 1622.7814057807318 379.06650855425283
1649.3065783178502 1038.0447669070647 134.55342066665477
1593.6154547025612 16.98593561131534 778.829109235043
1809.1506378047447 1978.7143289370085 467.0790113124909
1474.3472760070108 1487.5849698471307 1096.5595543175332
1458.3037398420163 575.152317629364 1273.7671642534028
1657.6587311625678 377.0361722257025 796.0447278943348
1491.565830014105 1734.6797990056305 1123.895949640649
86.1718282201096 1981.3141769064537 423.54214375908765
1226.2264013732993 1034.3258649039014 126.22217503176675
1845.8291757680224 658.1182932884701 432.35852603049216
1949.9160696943761 782.2795993607346 545.3627465569282
1940.4722058136335 790.2159056660449 336.60212333026254
1087.9044516860515 238.54677363548026 1428.0362685617797
1024.0467372628498 249.92762538505664 456.8926284983324
1196.3440232729865 1836.783831861287 882.2966388483486
1997.5555352079366 1458.6528731899089 800.321226477931
336.5128796981862 1685.704662058016 951.4887979961142
952.6382251087553 553.728951938052 717.1837359633029
1451.8063097910597 1596.5831045243729 384.44635265476296
1385.0894719239386 138.02128117703117 1325.7888781767456
1722.9747551080861 1270.486027631282 716.7230060485327
865.0466253692881 505.09906765528376 927.6145684435811
792.8514560682083 366.89014183369227 1009.6147263059869
1933.724626069289 676.0569930219744 983.3574138468547
1695.4049874995144 1606.1598833014878 156.14655724772837
623.0143804557964 667.7539626925679 40.98968908985762
1450.8737780544852 789.0768116836362 620.614458442887
273.513059565534 763.7335518417394 645.0057686956147
45.49343461397992 301.04129761809315 232.41653608931173
1253.5343799612633 303.41662312497795 648.9023141080492
742.9111829041876 1599.0745420110272 660.5807008398904
412.28009546898846 662.7800382981393 1291.9510585716919
387.87987825439683 525.7876143370304 331.7246675466254
1758.167610317083 1905.3913005095078 1034.1040815124156
280.43632191930845 1375.386881338031 634.988637056251
148.13703600107385 466.4603130815197 997.4990920156196
766.9786659936992 26.27285894082543 1237.9452413032348
822.6963375275866 1771.019899465298 1215.5909464448962
816.9534816547732 1963.1919727356606 1020.7806657438609
1872.4550250892196 430.69174995184324 867.2880466991531
1222.288431337771 750.9962682583149 1119.1948571422395
875.0967867275548 309.66916375462625 157.65890966539524
1129.213760644635 943.5834847846329 927.9161798801159
718.8784110005664 1644.2936883692773 17.062770275335648
1338.6089801029168 1833.1960557159134 1408.644162277326
1526.0319773957817 309.80483577194207 664.930621444157
1216.8372311984392 40.4590324207772 291.7183898309887
1492.2398593265643 1531.5375968324738 1025.980379786107
1643.4145198485191 1212.2338016286794 904.3180369178406
1941.1341242506276 935.3838077550682 70.01570284902104
1717.0125504558148 1922.391462531758 905.6548193555365
135.07289977939706 1942.0463804608469 647.895239173648
1731.1622524550567 1809.5542885689224 1257.8598416043183
1259.6976656583606 751.5934920416594 1362.308462107053
494.39267666556776 367.31539318412644 222.04697543986202
1087.476721322376 1671.109834434251 776.8702969313902
1313.5826435540353 845.2917577550098 430.5270112339704
55.10937803201976 204.69110892962928 768.4938732350776
357.5199765473811 585.4024484058968 986.534399186306
1184.2218390292958 1858.8909934779515 131.60547355960804
1158.8895079293309 1863.969931231091 288.69714781450756
1369.4638667133534 735.9906344042024 1111.745330964825
1364.5098489177317 176.24826235215417 903.2816617191779
1799.5469938458527 1957.554114246746 1477.3943128558856
314.32835388623135 747.2810710807088 610.62016687199
1321.5293832307016 798.6839692198375 1416.769629222159
28.124689267741143 1769.3412746762929 66.45432394546718
1960.9035061632821 1764.3907864283274 446.34301099808675
967.3062367635968 143.78248078914214 560.7033560418287
1783.1616940074764 382.76926502422515 570.8889411569303
955.9951452443105 583.5202138187199 1203.0810858625805
1567.875626631637 65.27978999551021 229.45875476269134
1591.7841340255145 1351.7415219583152 739.9587407634106
79.14432788291737 440.9295591399509 586.7317465269477
838.6462168315729 110.75773280390445 1236.3433223913864
210.43372233435753 1692.7385891247625 289.04048352622596
1836.8508732474288 538.3670403406464 1465.6854073878217
997.3011083794447 1196.5998481511078 519.758580508056
356.0537773209265 1902.71130958565 783.5921907196066
359.1810084781599 1981.79489436365 39.10343725578519
187.52193889713587 610.8255980914898 1191.9284927461047
1783.9431575307976 937.2490970173701 11.302295259048078
1009.7403378416685 451.74454957517816 1392.090511879346
544.0349340016029 1594.1498446574428 1062.23733177986
1242.1751660008701 1163.9040505380576 1431.850568105957
324.5722504616433 458.1142384661061 1257.1864188923482
1528.859009312333 509.6134075820149 1431.6824785995384
1277.2030323981253 564.6430344288787 1485.1014451965991
528.7678199383505 314.3044241469848 1437.8697424379154
333.3537515724243 633.3053662902036 659.1927135630975
1877.5926925825765 1640.7057309945342 1039.7648324153508
1621.1161952555137 1520.003072875339 428.9255632108042
424.85813339669966 1463.6877329559825 1334.8888474364937
753.3943601769301 987.9062257406313 119.55193128226111
1895.3822270578084 1896.801836746972 751.8442587614168
1913.4925327562003 1582.1290896234402 1087.4567661966005
634.9451114120666 860.4119002674382 495.07286557101685
202.1469808785519 273.46751161942586 881.6277006315372
860.0887398815131 792.7739662310609 747.0431729911014
1063.5977299213266 1037.7530345597324 1492.2363264321611
230.61780590588364 1066.8488090968856 280.6254612605327
1864.3990850787675 1807.463691766236 1374.3355425377758
1118.7524349321668 181.60814032990524 1145.571763020383
1294.1802593586192 258.26327100576265 124.48494510535735
1950.2523128933567 1825.162128023648 744.7871878463529
1467.7247773988327 885.988633317653 61.693646269650515
177.61221161421136 876.0866806929422 363.5172634158431
1061.6613244463153 1319.0123411704842 225.01680043858636
1045.1086566518006 49.99947438266483 199.7490080206613
740.3139151236518 924.3629057103188 328.52975194417945
1464.9957639729755 1143.8102793885569 1351.254559845617
14.362542694530633 331.9965648724845 1112.0251389281132
909.6637607978322 578.050532973933 1302.2111834734844
1955.1108528929442 168.13612004315016 977.285865052878
1730.4184323553106 779.9407770038223 1286.7529690150168
539.112437196742 1372.5027431378082 637.9602899668047
713.3901071238944 1548.3681509194723 992.0376999088975
1289.6644390935007 949.8164472523738 833.1967883528772
1122.669617283876 1328.9465778605647 95.25181634917091
186.95496580566396 124.23579251094318 1156.6874324098972
673.4977967122051 838.7108893698925 576.4627442724998
932.6486685998607 1498.4752841873687 666.252870944078
1282.0678183996804 1798.837432179294 656.3656287139132
515.0467863286749 1193.0910595325602 1266.0972710806
1459.8823644350957 1154.8588191222761 348.88641186725255
978.3909444873589 1880.355708998185 967.6406055162442
1802.4824449741777 712.9736707051653 380.1735979350313
995.4015190693557 1872.866389281639 1386.4098744836801
21.395177612755667 1484.897493233279 808.4157783738185
785.9544982828612 233.10676563109968 914.4891579369454
526.781313298788 1714.297035023545 389.9946302916682
1735.158067157909 654.4477834765765 1066.493500983291
605.9912666581115 345.1724489170811 953.5127903077291
1497.137661486447 1129.02724276915 603.2933636841868
1137.6777416873565 559.6869307174323 804.780573215364
1214.5543226634197 668.8283910323589 584.592833382126
1029.7964694429515 221.18515518944326 234.54393905787978
1585.8541428771796 1853.8544550357758 616.5278804043434
1174.583725871894 309.21255233538415 1147.1164243339654
637.8938359531552 305.7134068776859 1133.625867852096
1943.617081932059 340.5818007584189 1360.3902880503163
1992.5265883055251 1103.1625885369497 390.5227091573011
262.93972123663553 885.2350247970639 1011.0201746722253
605.9961317459893 1537.7402170706735 740.8268665609448
1305.0223827893885 270.0326009278746 868.8008605648276
377.24627088071384 1056.07241764472 893.3318793628656
1488.7516646088832 1173.6928217549537 1259.5406577431345
1761.3575044144854 1728.9262204547863 1414.7111114171782
1508.4827329044724 1402.743403614635 539.7827388226026
1932.5395806447866 1387.1601808730156 720.817853917057
1893.8264634764168 1672.2310101288663 341.96901246034923
531.5380011544138 81.22026382037295 174.9308177560528
1174.4279769270759 1520.404607542384 171.58241133554853
1913.7478567259184 1179.4915264307313 985.7769842245048
1964.6326033212235 716.6262676296626 1108.1480331163466
1739.6880883175832 838.1375691266717 816.4506748842367
73.29919186544754 1350.8357251129055 261.4416944571452
1344.876399797928 58.68062699329779 1221.8984496470077
272.0577354518019 1458.805576333435 1193.99771477618
846.5263759157275 737.9247488202187 1041.6988201174456
1953.2375421202205 1362.5559497832735 871.1132793773935
232.98050850644714 765.7194064753769 852.1734130677119
1487.5367043377883 1366.4732377592804 1248.0121584158796
661.7566792382498 1272.6893631931312 101.77432513227741
1326.3246276804075 632.0812598061236 1475.9404681337
272.14070727317363 915.4614942620958 421.0203842100079
35.08670430585248 430.8959053097614 315.44487015900006
147.87469875003302 422.7742542385904 88.91399830965263
1276.153943227712 466.02816795235833 1240.7101576246762
72.1028680616218 125.1443793637339 1226.617455000572
1127.3614807442825 1703.682763017105 47.92205562955159
1422.1781436908905 477.04785463663745 217.10505006880288
197.18541265053767 1999.364484502816 58.510799558912026
1260.7753975328271 730.6627687039767 1335.860163917571
1880.5078238727576 740.9709113406799 1301.0162862340799
1175.4491379873384 1432.4713997626557 1104.091356226306
104.0160274296098 1741.8011612756643 566.2103884882127
525.3495115187314 1616.122401585839 571.6237335676198
1841.5657568060803 661.834540114639 955.1676372988514
1429.7571617552303 1912.987590520641 943.7684471101804
1443.4384209097689 1068.8241105071415 521.0042646106685
739.8045677148499 1470.1122161227122 1190.8296805448254
280.8314543488133 630.6673444885312 1341.1242968355405
26.334683269232826 1895.473947501149 658.3191089312209
1193.9324840925246 1540.4087329127763 1128.7476344268712
287.90181825311413 1704.0892353807694 320.27757769105347
1008.3249345472851 1265.9933679182518 1117.7820342387095
723.5119792215577 1739.4957677911266 976.2574146874086
1702.5002921235234 8.88606240565859 83.66647588076282
1686.4070890249018 25.711296340870327 458.5859734271484
1895.1519423441705 401.31968639567805 1045.3470839012161
537.9914276631459 625.9624708480551 980.8457164985884
1339.3076162808632 68.39144307073796 710.7586863088806
1383.2341313843465 903.1596999729252 1353.166179733596
1130.2590488139142 645.801298771691 699.7480459608107
83.40791099791223 1939.3108279486848 312.160014424603
712.6116612509717 257.0137581714906 182.51456428080377
1708.2533532666512 17.923454523084416 455.3911191162699
1080.0389925420168 1593.5420395881904 1148.5089760071548
788.257911833975 1624.6834065543421 943.0155594061592
81.41292175722236 394.0875232420329 1162.2398108452537
1206.9945479508183 1447.695207682569 1329.7608459723233
1671.3912948265852 1696.584060019854 1445.6259739930401
1261.7342267383917 926.0415057359428 1346.1191619962308
579.8891306062826 1207.9410339385618 202.62111026967716
833.2212819044282 593.7077172032665 178.3243787330751
1981.6487465276562 552.8791598465604 1411.2662329622326
531.4483633347897 907.2515399931777 1019.1872122165366
714.9954479712833 551.4531441395467 372.1615582677267
922.2790159088498 258.34307549158143 1156.7157286728939
1811.4399096048805 468.36830350375334 171.5122023735109
1206.6832762790257 1568.5311731446282 725.7115789684265
1227.9302234199304 159.81583221838358 783.3026732849456
1384.9907382235465 1471.5609989225547 332.96659676684266
78.542128303158 1645.4966077772042 807.6625026152236
924.6505847915538 192.5600412258257 113.24864667060996
1271.940041692571 1676.6486819175993 637.0731686736892
888.1165392288543 96.44015274720186 373.01232064494616
1708.0820441517187 767.1838825977901 1050.9787230028253
1577.800292730083 1666.177845641267 764.8926646702183
1599.0438687395317 649.1222312053129 974.2201444770265
1790.5004509410835 1326.7803099603275 334.9438732410734
881.3176872835844 860.5064017044562 1477.7888109703947
780.6335501458761 294.5388633634185 524.1619847723163
1283.319318832031 373.39466601624684 716.0583496443735
208.98160878842708 1293.0979904943122 1385.3206333494672
1405.5579162194226 1343.5928277498845 541.4739918572424
1627.4533916791083 902.9740665372157 1101.8000162646058
236.9380837589601 1157.323479539705 562.6658408531808
1826.3633048609372 844.2807997143414 1145.1495730285278
93.01620810804212 521.1176128553121 677.5524606319241
561.3204844177218 1626.77682644202 419.55408707122007
162.03296450118242 866.8841569637875 1187.2732036142454
222.52367019889707 293.1604442057063 437.75503012763033
569.7802796649516 1975.1011154443606 470.06998062011695
1087.3147700788797 915.9249065274677 263.8187804006772
618.1299395125151 1019.4491306244795 1328.603087596737
1439.6265826311044 1676.8611351520383 1250.2416617538504
1070.7781324149753 1252.1325014059541 779.4829552071508
135.80832000891152 532.9393439973089 1371.7774545965717
1788.2910483650196 1745.6533504349945 983.9176270247091
1954.249769316747 1592.5361525726514 417.776701550646
544.4689542997303 109.12910006442233 417.62038914103135
514.8545933501514 1865.909510409353 517.0779049925216
746.3874875777392 477.5437098999846 1404.889933146646
11.552574411188843 1147.0276191939618 1090.1872847695836
1324.3675672575134 601.1765697521643 932.4154240199077
1199.994663924129 438.2391212064398 165.23936702127145
1480.2131305570692 1818.3919701522686 561.8292388922376
1185.84290630115 502.49146255452405 167.96030163056042
1793.5340184648203 1196.7318051235998 965.7212105121629
1833.4799826389353 1869.2819532121198 109.76074282838377
1575.3733805367676 954.2123835367977 472.2101175640257
1912.7017292219598 1695.4636024690988 102.85005127853259
949.3213671964453 13.201915380630647 939.4787028181084
60.29906420447784 488.0771471930212 878.0827971964084
1691.6403781759539 1556.470701470055 903.2264109108214
1288.3947124887584 1536.1771185269108 1431.0020719911245
270.59259853770845 1369.7323636168971 989.7672782975263
893.5597858036597 327.6453490496789 1338.208445425468
1623.392635638056 1675.9059349851502 1164.0455693450945
881.7254355291016 18.317276374056448 592.0413370395015
54.27974684614001 1911.5108785400603 58.417735375724256
798.3416218092136 1464.238537644604 1056.979130661361
577.5712903602788 1023.0359937917275 299.9605345974788
739.8787152343873 1276.2562731446287 1299.8439005448201
67.7411349472532 1673.467231655922 1046.423969581618
1221.5851632090883 1756.0347764985788 1392.6066907095712
277.35542112402743 341.7758946540728 768.749148156897
302.63724020363793 1121.7293133206342 514.6843859370784
299.2869828627713 185.7862334662166 1061.5166133457578
1973.0922654234446 482.47408479232035 1180.173748936563
324.7519343988063 1126.1754526997104 1108.5873937482822
98.10717273282954 1226.9844613404198 1420.9157428710748
1002.8687681993933 1830.9587195583024 843.2552204888495
910.0685688771919 26.26980338804419 972.2144818527427
1961.2379270637916 1273.1922676595907 376.2365095749901
1906.5075946335608 1874.7106865036617 365.2403056715892
1294.825830033448 787.7771291060287 1288.754767906728
855.9583779155296 53.84696085010488 1334.0627189309394
681.3912912726871 324.04810477979606 1179.97925464639
1241.5666683267443 899.5644489960835 873.8542811043687
891.9971962149887 241.24528720015738 1195.7608529780407
1811.5942231967208 454.1268137388099 924.7778865542907
243.38088439800364 463.73925912749 435.3989945232102
1320.6881490453468 1236.9180702041028 448.1546727824932
120.51379444699117 139.44492871179048 584.2628646761373
1258.1602598631014 44.33045131383739 1435.3340706779536
336.0340222531253 782.5373435974221 666.4208890414096
525.9270700170371 1162.3326348238445 811.0488983072768
1630.1455824938243 1938.8833736145457 273.39593653035826
1002.4695973018885 728.0598672447271 8.388258910395852
794.5903981950082 1556.6218135934657 93.03869202362114
1573.4183671262558 1023.1178908397483 1257.5458847984721
760.6519570713562 1007.8855126091602 1346.7701772603884
753.2235446694986 273.0277943420367 318.412310710225
654.3194896053943 413.9530081230898 1210.0583453390414
1990.0490615737494 219.68391202389293 546.448517355581
1854.4951577574702 649.0228227737649 1200.0986467204655
360.62421377854446 942.3810906326013 804.5589688119995
583.6919309392923 458.34548144169077 1393.3999768537071
1231.8805052788082 1576.2499047075373 72.78515667032742
399.0917970531527 1794.809347508864 881.3946781252558
1629.5105493329706 619.954601194509 1431.3511053628831
221.93550829824972 1665.1161385280132 228.9454493869747
539.9333104582653 1683.1934892235777 572.8489847711189
1087.4936154992488 869.4001502993929 838.2412377475762
87.06694310324336 101.20961698879304 359.74730184433645
1142.0388807826832 524.6840172080696 809.5205612590102
1284.9364650141256 1671.7622028928795 489.0486970047011
529.3514064475402 812.0211340214809 1315.7108005400669
1552.8123655013717 1942.3903703916685 311.78557198852377
1226.5445039650638 254.14991220619675 420.7267425604437
325.2049926066967 644.3745946710193 1144.4532787734136
1380.5577221153885 375.5351696264313 644.3909331128667
785.2251306428069 321.4771183268348 8.223935623238033
325.7716263537911 1435.3642838204105 1255.2850558573118
382.3997164349253 338.89338579020745 1451.292552067448
903.5314087664788 330.1859900098969 801.0704381012408
516.2230017722886 1320.4686734374418 1168.4686423562364
1340.2539897005513 1004.5641480812628 1418.984690172369
1179.6665702111798 1721.2846719269096 541.2968151513463
1901.2745726719622 62.56021278250357 566.9287178084869
127.7767113857422 420.77739033407056 87.6315305588009
1271.4746110616952 1406.698309350807 238.79539791612518
1705.586673359889 364.5932454071712 864.0797102110272
370.8973678251932 1290.8320522896822 1012.246341809948
1348.802185564206 219.9251642758171 1075.5735958678492
242.7707581048526 463.4748413406617 420.6410038780398
1333.6533025259723 1753.5211617134908 673.3223762396478
1825.1339560454905 1565.2214552272296 636.5192423616872
1210.5554193489309 1866.5677916695845 615.0749067496643
1934.4935870847864 1068.3310516144552 892.4037106602615
456.20843793306796 170.33137223142813 611.8740689853967
762.9435328954366 22.292000744405183 859.807391506041
1512.2216767378652 749.4363393414571 239.85478958854932
1420.7558807431744 1410.4912894374643 657.1973489783809
753.4536208124109 43.0236453316497 940.383738710738
497.70397171093236 1544.3936922972614 1369.1681604685698
75.31482012913071 354.70883833314025 54.54422947139437
1851.1260060021143 339.7302177092669 470.787587260532
1881.833395534325 481.6715162337422 1428.6298961097104
1513.430134633239 496.4023068805459 326.2348306761855
947.0829791472621 1507.848601908631 527.3010061733709
18.020172706288086 81.64301963206633 844.4692494705048
1903.1622720720393 53.1404647209055 1118.9461366126577
1725.7745301878874 1386.2106221088354 234.0908214030029
13.863223104482625 137.338968497553 991.770575321867
632.5908975602581 1984.494033709518 1401.0878779846614
1008.6474447780931 655.2775241149747 224.28473227472406
1481.731268653009 123.68250029682626 417.15269860805256
168.61617535688887 890.139740923245 307.0696053117447
1594.3429365837892 1926.756267592668 437.43807549957836
664.0984949084043 906.267375175956 1103.664743072058
298.6230512123995 92.63357688660756 1105.2515417929376
1933.6495586861927 1231.534554897849 1220.040319107722
1617.6319826436434 130.45145650090052 1273.5774365849907
812.0621170726403 929.6029961426158 1139.5616102691588
1733.5703709142008 269.5260686944578 0.32926814597161735
382.3951660245557 1747.7876342719383 386.5347599308018
1764.7576082599 150.2532365170315 703.5045937679338
1606.2533284562885 1141.5429545434579 154.45394520824956
1417.8049922475407 1106.3725711247405 1242.2561053202724
270.1520029550064 1157.0342618566028 66.02911898288916
146.40537577752698 1360.1947832134053 180.75936263919584
213.380934898733 1566.626413608342 525.1716219908842
904.3696540343753 1770.0672798026826 259.80357702306964
324.14620862644017 984.729591757338 522.8292642575558
1544.1709357125894 1632.6341287892296 365.0872654930933
1873.8256227541224 1553.63801421446 271.6187822617996
784.7744563885685 1776.9880740035474 1166.251816451283
711.8839859385769 255.48895287228524 1397.6461641322599
762.4473921405199 1030.5707937639788 1077.130278536267
310.2935712956709 1829.1303981838512 1185.336706794802
988.2002884005152 1635.4125317675355 331.24400757321837
1784.9691310477267 1558.2058927298158 1023.4748413115037
1037.1427058764748 202.48262900171477 746.4470938449756
1822.500420703182 1764.3773587005808 1170.9564254252173
627.4636671134424 156.50733797151184 1141.9079220983044
1912.1010228740815 541.5759976565839 324.1527208795952
1308.1517499103588 1740.3253923672253 296.96397783035076
1528.2405717419892 1166.7299133241527 888.0728128522601
686.2945945923465 1423.4798292099892 1464.4305165783776
53.70085518227219 1734.1684327665746 990.8364954169723
1726.1642247000211 996.920738150099 748.0670808717241
1078.3115901427398 1992.0068565207062 824.2523021446414
570.4924412743746 1717.8945793175442 676.7172276629336
617.0949630102467 954.618757430767 1230.4403456139046
1249.7951886373417 97.55241287363314 108.83239879438783
1899.4983153720102 1323.364105838716 1291.9202246405919
1922.4712093199387 312.108360380732 1088.22674380186
26.850451164533773 1210.0053213458839 18.568571582027182
562.322788511125 1660.9061588919092 106.4884794377281
364.50705159950417 930.3159901569345 1044.5750814506973
1378.9659164345362 349.0850565408594 859.7933629664034
472.1165846598994 1454.2961917974337 1073.3713501112952
772.2293611778091 1311.6273032025329 526.1281858527888
830.5682121105463 262.60122687295564 708.1336265221213
214.4357675077557 1156.1276170523545 457.97722872323817
910.0857987174986 1285.0248883758177 910.3201804271675
1014.0667564436741 542.2461598043682 91.77905043713174
1581.0080320459867 1496.651910861687 1323.6053825051188
1742.3502976113537 1415.464650678004 827.0721391307608
1485.938886401591 78.98489699336619 630.5675969029317
766.4679925558015 618.1280882440536 21.28213849184246
175.3163951436254 1649.6132548503049 1203.2326130267347
381.06698638205194 23.404661556040374 1260.4185079049635
417.9360982369882 617.5754330180434 810.2440713697448
962.9796821197353 283.91273029501616 1402.6798925773053
587.0422047918886 849.3113686664624 752.2326665010919
1853.658765586533 672.0323696361486 1038.9015847613723
82.92261856736127 1005.8953170525791 1248.473424872472
32.67441434685914 1706.1378957707207 348.3379559460614
240.73006634549898 1432.3394076799364 210.6964188253821
353.11539927321587 1175.243248258754 1222.357636703351
1172.1278535850095 1948.7840958425852 937.6157556201027
1883.138490672765 917.4316896614838 1126.669886303787
496.9086348634693 1583.3352458944062 434.1131651031123
1779.761130728602 159.49701874938137 935.772090196161
1414.080935785945 681.3312582084014 94.51379959042127
498.61624559433704 613.6203730937049 71.54649479227038
1320.7823124036665 1261.4805282800985 806.0102181983083
1592.2998754261218 1210.9907644461089 433.6320389747136
953.2233565094986 1321.7754688423927 1335.34660357512
817.6134311920645 467.00476619492923 725.6378871938152
517.0201752841983 763.3436286078801 25.410252454080904
859.4208800412264 1951.7122302755342 36.53875688991287
920.8940211961933 42.365881980453764 184.51414479053201
1866.2184036306894 82.97375405443996 411.5793760161471
1184.5043657683277 541.9169066460896 1024.360236690486
44.88205870283068 3.0188485847384428 728.18949786456
1047.0633636168934 1843.0782292626604 225.6276115519255
119.80146795606683 1550.7498813551153 421.0636891446444
1506.1755704306265 223.25735877437225 908.8012533156931
564.0306056915321 1662.4854198155665 1148.402613633386
452.54030065865857 601.5142436370606 865.3541881258114
88.34459022462605 62.85404449376109 303.06352098860134
682.9723371079394 1943.3308614453126 1314.5717555635508
1805.0732912116148 524.3805835807696 297.93173429282535
1848.6703343870927 1834.344497886963 31.37780097480697
1779.2828821243784 810.7541698904344 282.73186700634074
1742.781423217932 1419.496249322738 42.7048534397822
1949.9916335877085 647.6008040733241 988.5958601645881
808.7934580844201 1607.6109341976783 1336.911703178948
476.9983960474111 377.1536265924169 990.5365970844113
349.68538104494985 417.07226968945224 393.81902826785233
1531.3174509335981 1938.4243851748486 1118.3440343758157
63.47783067339164 788.45225617287 698.9495880619004
1664.286165488381 38.44848267336643 269.9058985376161
71.67394996076837 1636.6067947239478 942.6666286383805
977.7906881642235 583.1009218486247 260.1091977933721
1332.7284118208254 1744.2484030778076 63.6408709293374
412.228358881692 895.8246134175288 135.97765076544582
822.717187925718 265.04305629488135 195.06703418590865
1716.449055314702 156.3034032671904 510.40195350510777
1143.697198336948 67.64069655802096 757.6153144833625
423.9587758860199 685.7119133920966 204.12826012889136
1469.9419505874744 868.4954647707282 1316.4770646603238
1271.3306177160098 1564.4522520414073 620.3129707106264
511.57913737784156 1931.698034996698 1073.010472205311
1037.644793960194 119.28775712657291 1233.5766612894308
1235.2572174934965 1825.496463295828 1249.724031883974
990.6225901229398 535.2137271651558 1128.083367043968
1790.681109800961 440.57423442470724 799.7626432287848
1168.441433069738 153.8799522776315 430.1826930905888
1537.6793872731 1805.603181558503 705.2661601656862
300.87970693580934 1440.5283599825598 861.047578005525
1129.9948589209805 972.803936466079 290.0146508078469
1617.2811779026895 387.00856388238105 1162.3788161406378
1140.356821200481 1671.7853524482773 409.5372134423172
240.92445873364053 39.56720620039489 260.733572247015
1763.8994680280723 1172.1594910335775 425.5844700564315
297.15601907906495 554.1730392392664 913.1098463761971
428.1817232765519 1195.1437369879734 969.2166044002832
416.7424050894142 1917.016890709652 262.33987786258916
498.577398479938 384.47213403093497 79.3941825499544
374.3908666613274 952.5143733144099 106.82915426119227
1568.313440482135 675.1321695714876 1199.6731676867994
58.92629548059203 1124.7186319463117 1481.047235033401
961.954369193775 301.08255600072596 827.3155098906296
1535.5319424551171 376.911647928184 510.40435121800846
1186.6574609850086 1468.0680809973762 53.98797945101169
225.23113210222223 1318.8115177344866 678.4953638631298
76.37185493921783 76.04410407663087 415.4387467335087
196.11156462930347 1779.1164995101074 817.9337965600001
627.6891973047174 664.5538450047545 615.6745546067067
683.200343215492 1254.0736438715007 574.9212769246751
1408.6425733866713 1702.901172907727 211.6817020276077
1429.122040095248 596.6055053915811 514.4980466091577
587.4299497783788 709.4622653178948 536.3624255799565
1159.2117849960553 346.0783758337065 129.5623012492388
347.74274395467387 656.3086475564326 1460.1264080769079
1990.4902283277247 399.70323909894813 376.3838461495314
156.03841112818452 1852.2343091194737 510.07850580717417
1555.8480168478225 380.4047194171292 1366.9194097959728
419.5161838980603 1338.1218549860034 1343.0914437899858
180.98067645018466 401.15132325852 495.000975716363
1986.6923509400792 1343.1567627761394 1344.980418122865
849.2615948111209 1261.0515412481739 1313.7006713129208
753.8990694870591 1782.348491347057 956.7012218120476
639.595344868064 1314.1647069287778 273.8231498717844
1111.7772965223692 1063.660720699842 261.86481289944254
50.99633435453477 1253.2368511676666 1127.3291508461168
1764.2112561610809 1263.2166924242288 1327.0075127331072
341.2217423941759 1929.4760613843825 1335.2599383184263
240.49251177091912 962.4990832600826 624.3927586950956
1208.5526224950174 1963.1560090426126 67.49458638634503
333.83710841068614 1291.0714758471163 434.2905995237272
441.9280431194406 324.0173565932898 873.1102650887049
630.2750325683623 709.8731805116465 172.2081291910758
1363.7185721685676 1386.4380986263798 1346.8560656034708
1309.0414323377724 857.6643949089678 326.38479663885386
1381.5538720516204 859.105495885619 985.5168462711983
381.004391972968 1382.8999650421358 1333.9536068633709
175.05174596427554 1624.2256798431729 712.1723398612547
1493.2865532112842 149.46853129336634 690.484966528686
1518.777189763203 3.056739588275903 1355.5539935613742
1321.6965461677876 166.38608985890068 983.2247043712382
501.85466744371297 1242.330455892638 229.52122881757737
1896.8577908555947 573.5838824376565 1492.0727703536343
742.4842576896144 1492.5248843962888 1111.5761454010167
382.06140793642487 91.22544105186824 518.1215198492906
1432.4029456145631 575.4292789300848 1232.150701864418
314.76000273766067 408.684684684103 413.80158516935415
202.2010470894835 1197.0569394471847 59.84715074881508
155.3585254095544 1740.31072381211 1134.1077439188732
1309.657152342357 1401.0298680998408 1157.5637221357629
131.08589339881772 1518.65169025521 49.161991769592575
311.5321685637711 1403.7117203368916 874.932919380225
435.05713958312776 1959.863478196799 215.08719479748612
577.133315675671 1898.8644598501612 406.0760244717087
192.29813330695467 1664.1019130080858 1034.6782012032809
1677.6103221598664 539.1528623832804 730.5015868783204
210.77555063174947 456.04526128431377 232.45674239074876
1802.6205634505905 192.53039247890013 79.77116974740645
175.18494101921368 1631.713121156822 629.4876227312765
1612.9889366953178 1761.087534830068 387.3508262748853
1051.2247653565462 302.68321113576224 697.6048316557008
313.35446437081174 1502.7727720628718 1266.6566421554098
1629.0793030946231 1642.3396871322805 917.9816005082668
558.4276560522694 1758.5961333294774 234.86736481080007
1031.8630157454756 1854.7491771732132 1208.6582520323923
1939.5412534163409 1876.7485817131417 214.7506951965928
1232.8605436329897 1192.8954111157882 486.4746677570484
257.5635190602368 440.82436332757726 856.3607947566745
1540.8671448362504 322.57269668079823 1238.34275712377
588.1793212949198 240.48457516861242 1436.4572760741946
129.87300740817153 592.0132742343956 1325.5552148070667
391.3929573230177 994.0577106910278 888.4251434628738
1125.7531038533525 405.8647442444905 327.1238036229662
900.082763658516 1748.7683616197733 1121.4698650064431
903.2707651564547 300.54490400200365 276.1821510896147
321.38740680112534 699.2316323271659 553.8627099820227
958.5027940190578 1196.7356571808475 730.1041866415607
105.63561451517822 1989.069515267907 56.01483912224481
1482.1299076211906 1624.3498363036606 118.88736614488049
921.130103908336 957.6160683869122 65.79930667781275
738.6112612001909 865.5046180427712 185.62345192444647
450.5264332012273 1383.085063090582 1147.4111173849226
258.3799251105503 450.4251033833664 187.37252959446738
1119.817958881701 1119.068989482416 431.67899109348826
920.3779275594488 1733.723737474145 975.6803824484634
952.005800000513 1024.53672670057 436.8821446448664
798.0564150114607 876.3200818923007 1129.6132937780303
331.9589724833185 1367.9109730014509 446.97837997172957
1884.7822565005686 954.5153318854393 379.5156172814709
462.8822867292335 1012.3982291749769 278.0077860950797
1315.1772533864437 224.2339845931338 509.3052337025672
467.61043185160764 888.6980540977514 493.5368521779417
278.78259449637045 934.0418080104769 595.1570905853044
1271.2106074488408 95.09431862509277 798.8551669870783
1208.037202628769 1275.9296017667534 772.0690365436798
1207.653436008558 1957.514534014385 1225.0714269541218
1708.2372338050723 573.0499127504427 669.2461238721427
1540.718723914991 1311.7766800536103 23.73276511197131
235.68380187595173 1558.0482274793565 1017.686871792183
1040.2323533553797 517.4316748048111 1376.9362277210494
828.4101571096087 1441.443954473541 1216.7804970326158
1011.4163882421736 1333.598123686134 222.35871651419725
1697.88957599519 1817.8793871952507 852.6690627197116
906.1231163800117 1550.4476182525796 45.43383515881422
1035.8396282696453 1615.8480198482407 376.4229321060033
1844.0529775813818 1073.9756388257842 914.8460593228853
1221.6664935543126 1071.6023443526562 300.4305703139651
900.5609409449818 290.0248584291394 441.190200796971
28.277206020131285 1697.7128735344238 1178.6152255380705
1858.7907139911347 1604.5370176702468 1027.6056686064505
414.02092086144603 245.0022149781057 367.55738543381136
1926.0787833974684 1165.034122848331 1381.8162057642378
1318.0730502225442 682.7696592914152 809.8709600174949
1076.7780489013721 1865.8785890287113 1273.8121360310045
1458.5991635071753 164.45919203920445 1471.1141377004722
11.64734508666232 1180.8053556269424 1366.3052281706669
1453.1278468743285 1446.0873394690814 677.9984421655394
682.4412203922776 1196.6867852464559 1252.6359646843814
1782.65013896472 10.304228408245741 1138.0717818984747
1246.2837723005066 334.9080082589502 356.8180932426148
1080.9484104726348 592.0601421115215 278.0262083544918
92.43604784841742 1114.6982544802065 385.709103215183
804.1875734720645 314.6241644900163 1134.3856064906183
109.3276466581643 219.27472883686815 1103.3638434603738
102.47182979434544 1249.258965272464 1357.8127342899033
115.23423325937631 1069.2913867313712 271.22913892166065
1098.074482647192 1163.4371797192412 42.258133758468595
1917.7025826213662 629.6353756883466 563.2142811778849
1025.161720045952 1016.0984892538154 1315.449030364919
1707.5364876136343 1198.9158555035099 717.0532710738271
564.8840976312728 24.106442090052084 700.0960516047812
1322.8996070392764 153.9835008145214 791.0184249011519
1215.3246144613754 710.3413223863392 1247.864804371387
116.82722807053891 1583.7074691254445 62.992340873652076
1344.153014427731 1162.3513713432005 852.5189348431945
1060.0193276995915 1270.0520253846103 235.57821246888744
1479.8449215613398 1606.223949592339 1217.414001845457
389.3455650284028 1191.5426278293562 700.6104605464586
431.2271269208061 1845.1228222938257 1163.1780165175073
1712.8880739087183 313.7972364069361 1259.4755196057038
374.6497618955267 383.42558275914996 707.4157223801533
1728.5939208957243 1050.6102445793558 1371.2082288809984
1697.7648462582465 397.6306800761562 1369.756074947463
37.93519116214439 491.59425973538504 1123.6378916910114
1032.4051644387264 1886.1640760565854 1065.2044945422663
1526.1920312648037 1408.4992172297232 727.3627311015634
1147.904040098597 1797.2846654672 889.392341668708
813.5717976709786 1128.6855675644697 1460.359906291667
708.170743481469 451.50447433840026 401.5482006821685
1235.173830404574 3.7783108573525848 1428.5078910084578
1588.3565938638233 1701.192292983009 1246.9360575633366
1117.5310088340525 1770.4753764222157 367.78944621868345
1527.4796165153707 1826.724127733771 576.1563916524808
1904.3959993636943 1979.685493183452 404.1836938880551
1657.3973348359718 874.3068868987663 574.7034604001601
1683.5629096301236 1075.6155351060627 439.63613429925
1787.5120500657674 1926.746518416059 329.2961863512151
104.97214394379539 1434.2493820528473 281.0417401943266
1564.5433702246482 304.12623789736546 729.8309040271905
27.74002185344404 898.3105629815751 338.19662733942477
191.8471173293317 1888.414967009851 243.59079896647006
947.1909065219113 1889.6789910252553 386.002189661012
1976.7491668223986 336.0232474500724 261.84713891941834
1165.4905327496228 146.08695631559976 981.7322782877236
127.675935799068 627.2533413789531 1175.9552851599542
559.2648829292597 156.53588515905636 176.87920223800342
584.7147887414272 818.2765093819888 298.3443330221598
1498.887884327886 1977.1672421686771 1274.9720978777023
893.3457457182907 54.95378436377174 1365.9015858443381
653.1339727799179 1299.3361978063995 430.55202659209937
1614.0701542025179 791.0361679113191 963.0203644212042
283.56969733466843 1712.853939483182 857.571346659736
1497.4600918109288 878.8817164391734 1145.646124413906
1515.6839508354917 1293.6894604879221 1248.887464646793
1283.684700218297 1918.2763700192547 263.70557075151083
1589.4143207500126 545.4613557553727 62.817587296886416
1543.450316831578 984.5200270192937 599.507585553459
1321.6511368003019 567.8945776523893 994.3571582300233
1169.5666911886797 1251.8950034997877 1200.690177489466
1636.4127323301057 142.5734678142596 972.3019272260533
471.5268800110031 1059.8050037183095 650.042158187838
1146.584952362482 1578.7802346648489 1275.478240354298
1998.273164194677 1975.334984091018 1335.6121742183439
1519.6599986248514 534.0961938373465 978.8481928861084
1808.9710813100382 1706.9954316214137 683.7513164010883
1371.5011196649264 743.3550854017661 269.6873603793566
452.74242193033797 1255.1837196386534 481.0586828989851
249.19095467403585 1596.8388834813231 1.245535770901307
1992.285194644041 986.6742119018332 1056.0366939711273
1979.1532517442276 1779.505506161526 73.22027440152007
114.67290010070563 1154.2135438468583 1226.6285461853577
1379.1919655249812 745.5929717846524 1114.04568473553
519.3328579390479 75.44327209543277 121.1209720115144
1447.4485533492905 1923.9549611587365 641.6840050492116
281.58063748760685 675.6481525741378 1187.315999267158
1280.4987957348703 82.33382569528769 541.8052351198461
1277.6187730347722 1390.4925636597184 616.7495672998903
1082.791239755969 201.63804873591107 3.8603916506542157
878.0881460854242 295.9475651521297 1473.4636667533189
886.6944539124136 339.17429878034386 671.7922847764647
1983.6849943434806 409.7107172547523 859.3365047825782
1432.6857739173183 351.4666992408064 1079.324758447511
350.43089325833307 1811.1950492360834 68.81262147115063
993.1705630866443 971.1756045515314 1073.8335910834292
1256.9438815242393 743.4653403419982 813.7238311932172
1981.4898610068235 621.6117525110163 939.9430555587122
106.0851158251348 855.9121216469325 1477.4865685730585
799.2565561633098 1338.6340107588253 1422.8914493360214
292.5289590892499 1.542325005049916 281.1091246048071
1448.1616897469955 1514.9360223138344 1312.4650768649021
1196.5714901938843 1714.1484013123613 1413.7090292554462
1476.3151295956375 681.9126419369445 203.57727049020974
259.70293924752764 90.83960466516517 535.5327748634388
1107.3786647151994 128.01463449422747 760.1105173105076
427.6022263761636 1718.3824947511862 657.723106943275
797.0079392940544 1808.5261126293135 773.0076476183503
1918.7683626992884 671.7977475169428 1086.2471848926161
1510.1831899603903 1588.3842540258988 1076.64352314032
865.9820548430417 1728.1335632282376 378.0171096741979
1742.4419311462723 1133.5998275905386 126.73981308309068
1668.395071927748 1291.265555590363 818.1346881573678
1288.6706961485422 580.5447140211122 1396.2359559978668
1668.0854940157494 125.82072092353091 449.6346829610461
822.9748062044058 163.40406832352983 360.6442252071047
1404.6817912079873 953.7209354823011 519.8677831763787
1498.6799359170323 809.1039613785036 41.07999091791875
1988.8782297040502 1351.5874197764315 289.90085347384183
1175.0525155181044 1734.4665205381482 423.63709909703005
1254.7288953198208 1080.063139453517 701.3544763596028
182.83465802441955 883.9834468280867 100.28033417283989
961.7509328323479 259.0717767218638 82.2838190804197
803.9780886877062 1218.5186302268692 406.60725621293204
1227.9333890237442 1124.459720077511 1309.6986693089668
1502.0522430376452 1925.0163024883193 480.57663651638995
1709.259027176411 670.071925140529 1099.400649565846
394.89313781332913 1687.2158812681314 834.2465145538054
1730.958282152039 243.45245015470795 440.8532199393451
216.09792722894207 341.6990239432518 157.93152473325995
307.8585622823018 1839.636930320104 1354.8059393264832
1747.049377077375 1931.1370089987302 966.6353068298067
1903.7373668051002 1853.3089063583757 131.93063805488657
1543.8037790476408 176.08284827845887 659.8505671749474
85.18050468709038 259.29981712738925 1476.1828105739642
57.50131799060587 1363.4596381011559 619.4463348344791
768.1435472762798 792.6416177412576 328.8614664151265
351.8258619379324 841.8234721976368 1465.6119677058248
1381.1476064265698 235.17660014585795 1375.4534529778448
915.4167183231036 1080.8946509347732 813.6122262397731
1132.7362840764513 1244.549264491094 30.18817431617149
492.5340821876003 507.7129577265758 1369.1274138864576
82.60257824365613 1793.4563965156156 1119.5308205591668
849.4305530813062 1212.936910138782 781.267102652888
1252.522360486055 1848.6969318341678 438.4360592245235
77.10135763700809 1770.597313762623 137.75011172222878
441.0046629331359 646.0071023703393 69.05656498543999
1232.8937540667514 573.412694345475 398.6336975347713
460.65227429373243 258.83363195731613 420.97696992060224
1371.5515399569647 814.8023445294872 1161.998497292117
372.6725334965011 1293.7158710560263 152.58459393989753
585.6154410098 933.0497446875244 82.09638483273606
802.470360606308 970.3075147663159 1108.9716178147164
1555.0705176281165 1301.5518678905553 854.171567136902
1177.0887417848282 1043.9694278191832 1340.7766998931122
1520.2896957187204 975.1018202877051 435.8062108928065
1330.5765842835735 276.64333622043813 596.1638322913453
1058.706249807402 561.7406158003162 330.427924892865
1612.4017684004955 1188.9826576232435 1179.698883057982
1692.24495507656 1319.7175077197721 552.5272257438241
1023.5690476478314 1023.1431509481204 607.423149471299
543.4163865837907 182.47478213527924 299.6551312221613
124.0993097191998 906.1818265977853 1103.4967566768091
203.1193359365353 1360.767160760077 1397.2156883509538
1665.2359195401707 675.4289070710895 1459.0950776851648
470.2153966708109 1511.242522653071 957.3614148585073
278.76885706709186 596.5188094748721 582.3925763782374
837.8653965433656 1747.8651342553956 219.6813580167174
658.5440197117396 582.636256421278 419.09614662461684
1451.1071627725003 155.02018696665542 1015.6273816917302
668.6792916760305 526.1670027382677 604.4702728171759
1734.2795272295477 690.0646947322037 334.524649253223
1501.3161437294686 1519.7740483409357 288.81940429181003
384.0813972523385 1163.6539302923557 1188.1948370523987
1526.6462832888917 836.7544593632392 1159.2857243690482
394.67402954865594 1453.4420188644044 1285.3594085105767
601.736572434246 1107.5761372993827 226.53566498896217
1713.0897639052273 1779.7687626083878 1292.5322822826497
301.5103888154107 792.2235348572826 678.6797266245843
1837.0754761983287 64.84587147691157 627.1029463213032
63.073231333399036 760.2925595654506 527.4595761271756
1600.808874770057 1198.4377311089431 875.5644596972214
897.4584732513773 1880.3555806387637 291.5867129843048
499.0239612676719 1274.7788453194134 74.54027675164998
1093.9305762242388 1026.7647071152055 90.1016853274097
635.0124007936151 1681.637550577179 1095.8626934831425
774.1334917188296 657.3986662840314 367.5412381367789
1301.1382660268632 1769.8998228246066 1390.4746090205017
625.7981380498084 723.7601948117234 848.3226572818662
1753.6279621130675 1929.7848554498785 944.0848739897989
1818.4639276217056 1959.703674365245 266.8615827915721
1693.6254007656714 666.8059270707507 925.8906165530037
1074.6616630722851 809.1932406496345 1082.8784621236346
1300.5315276592976 442.3264122234452 525.0728847667141
447.01682832273514 1526.047153795949 1159.7854802766337
1642.633898049368 1478.539536180164 106.01135102557996
1394.6681920755768 1039.1755993924585 1317.165649369418
1520.26826792015 385.3371805169314 904.5399046081075
1304.0082016757733 1681.0983032682332 737.3620806780272
1078.625680208958 1478.7540939724834 1396.5715724013953
1873.8053833898825 1962.2703883040483 1232.040869124125
498.28341257918044 841.9864247106739 1167.450735024375
1236.7039790281206 743.2354174763942 499.24730787250087
793.5818503938483 1052.3017604507484 1419.7670670076145
187.2521373353717 390.7448238093114 727.6708322454865
592.7048249342388 1373.7723589849263 1118.2166969811424
1329.7727711580187 1502.121295063476 903.4396152593007
158.10105259952988 621.2068287975559 518.5316326462071
1785.5616498066586 1495.7147170736062 625.8615575719072
222.27994313233944 349.40966137047934 882.0457808674679
356.88622416531257 927.7720823666416 905.1685686091057
1295.4299899939099 1063.8416971379704 854.2864754664746
544.775897930679 1364.3387740332325 1067.1370829095995
1066.0775112588924 352.84506759701515 697.861240274459
522.6887580566835 1508.7602090318096 1.052975329645045
1574.7418652903507 1109.6787198729417 838.3093312504225
839.8003971310648 1277.902908444513 376.90670259741654
562.2612610519875 955.1873086565558 206.49199577436045
1782.616166283993 1162.1951808343094 727.1618151504515
1294.1155644168994 1002.0136997254081 1021.9174973657257
1510.701216812373 1495.5520272306348 478.415177998236
32.42565162405442 1477.4067863243067 874.283316806701
600.4638562332001 683.2402821247632 168.65822009396774
287.9793319367212 1234.520189594044 739.7352417427896
387.94752214547003 1753.1828295753837 377.08936283168146
1736.3809820621773 1834.9209962906502 763.2208032848612
937.9726745727961 1093.0936444247507 1297.2237414651772
965.7095890876379 1296.2460366113867 682.4873474921388
469.5789134556334 962.8801752534015 943.6390177892873
1237.4575361542795 408.7391233276125 143.30579009752714
1111.0897403924464 517.7596539932097 610.6917350101745
1530.3308790371082 1806.2376984579994 357.3711922033863
1401.7863528851642 1437.6952863462805 1313.9812457944113
1139.9778051582498 288.910557594493 1457.494410088695
751.2362539151303 419.20283483406416 53.11580731543908
144.54564387935042 1791.2769099773943 989.0767410354782
1062.947758201588 625.0925573817215 577.0111021434554
748.3096658674624 339.1312142851184 693.0356150206779
1101.526707671191 1220.4671303371936 1102.697430353698
1879.2632877055917 348.624483207669 1192.703353717611
865.9496607236003 1950.0366724487296 1373.1560803054922
1413.8485202176832 1610.6750131474737 1085.9150396417763
777.2910679167788 1408.9009280765974 652.4993192304598
1945.3469473428713 458.8333263932325 1194.5092631714735
241.38309721748064 333.01075258640054 978.08014821981
1880.985418843874 1680.5592595378844 1121.3456903996412
585.8304891828885 661.435767352097 1004.4160525288994
1159.4405818501484 1131.7028619713421 894.0792517934473
486.3659281379349 24.736751701612604 146.1722189228125
1024.9767431526789 547.2772403502844 713.8501004019722
206.8922155789805 1244.488491030629 492.92408605760374
842.5126876477381 1379.716001666072 1327.534077770519
1988.9399896744728 1814.8490030831465 839.8428491862586
1771.4196644797507 977.2791823498727 385.09613604442137
1200.6656471645483 1415.225634072521 638.2850943004448
1509.430333412152 1343.966911435269 379.9291527301897
932.6243796011369 1799.917330206437 951.298813495732
275.658800524557 454.42145004987356 262.38056347305735
909.023702192151 1955.5541305535032 327.97923190053416
928.4865766134824 235.40958774540942 1157.105307795195
1374.212616696676 628.232209158228 994.1328969208133
357.22385112391567 597.7776602272739 247.50361997741888
1853.7650003748638 213.21463530732322 640.067259726132
673.9898732446186 293.07589206065376 970.4053174174745
418.88480691781217 959.8154272306303 701.4026070910251
1448.1243492576248 1868.4849959956568 73.98983388406228
1717.1191260635082 1646.80017577487 1230.6077646708538
713.7007403518645 476.6440979167745 1296.3199396682137
428.57736573577523 900.5305613459544 1413.545250086289
1814.6742033441783 428.74232265288106 1426.9036786253232
1823.8433511445128 927.4343892273358 1263.2976693631074
372.26475512489367 1380.5231807638158 1111.170231654415
1435.5147511364094 1743.806774866211 330.3505046384591
1567.0314706572146 1066.1501461453947 563.61518245662
1562.270150485434 917.5576208868155 259.236828000066
551.6815845492753 89.82048937607279 264.22697461442766
1502.0777147322958 493.43860904564576 97.63938114907
1906.0179695903703 1066.0531063100882 630.057928338619
658.4324299824347 507.6698482643793 174.52164247860534
834.9783831513888 893.2968143158422 1016.4238760989283
189.98115109406365 842.1959054453856 523.3628674062685
1208.7432423665111 618.0499579234879 435.08189617884034
826.3185389572672 329.7421924832802 45.1854377505897
1547.7617754327475 535.9050612773184 908.249241738887
1529.4478187623504 1664.0128199855337 95.06353228260117
305.0807847867898 339.1540360002037 1031.240735646624
1532.1799097161063 1584.888449078856 113.98446173754489
1075.538055525586 1941.087682297981 719.8614946735123
1116.9113768362865 233.19767875860165 464.57085974539245
829.6931018903207 947.4509186794236 46.38404161437259
398.9763804488091 1956.702798760806 210.77864189458535
1678.3535842564768 1221.8786842789684 381.78098668406193
1380.5194887546736 1954.4173088768134 973.730519613145
1360.8544689670516 855.0317241025407 817.7065008541041
1650.4185523303972 383.84433799382276 1270.1685904756757
668.415688069129 1505.6836208282284 1317.6592105821196
324.8055483998074 430.20127479496864 1453.8531752063566
377.1456866290672 1145.038635905664 116.12223590064497
1015.7540790892972 587.5311537480596 1445.8042641047346
1361.942077240146 945.7803123724966 531.9978865858532
1543.6426043617917 180.4547738250013 323.0636080179019
1956.2563892540895 462.108277561845 900.6096380192081
1709.5460743507076 217.00033121478035 62.49299714462553
392.32729210693094 64.19048160079055 1127.700629361079
1863.1424468828652 1709.6770737436532 1112.2170108507455
1425.410889791133 971.7108632547422 276.5769056592739
1027.1513371421581 243.63740491958063 1241.1342113899507
428.18904713237947 1299.7327410704756 949.8612503777854
392.36913207521786 1724.6121748068617 977.6413912226756
185.5021690941856 1272.626463456264 1051.831260895104
1630.1660231729238 362.73523151874707 1034.0242582027308
145.96566126372923 1408.4747060228926 485.9080111698175
1733.0805731189414 1897.0937815460397 1075.8776787430947
1996.2301506315732 1880.9728243002128 249.36757094088912
1560.5759755253825 922.5228789807869 1159.823487601258
533.7536630239474 1004.8602507594609 449.9560071304641
1259.1721002817967 152.22336908249014 308.18890070535747
1072.6396525537568 523.4040161408167 707.4755738653878
1966.9363266841376 310.05122945125294 445.3204939649608
1537.240179772953 1547.0251077447804 722.2150990221115
572.2134832586144 1416.4763184249612 705.4951584326782
1742.280043289822 1731.105561888968 751.54458428611
1416.1648447486207 1048.7787108565285 1194.5977675055342
414.9495985035436 1902.237091932745 721.4207674673205
393.2535678289646 1091.712504433812 1341.9802841962812
1529.8740193165565 1175.9122650427864 575.5119937980725
1705.7530560105474 804.6346296531468 1392.1814112139868
608.4758434729575 709.1856619103654 150.348996913381
1390.556887704102 1729.8568353583194 1202.0637957159377
317.8068129743663 876.8630814214873 774.2753935622967
540.9531534320448 1751.9052511366397 1299.7041164442842
1431.4346973103561 673.3981011647967 1417.983388110097
227.13722525574886 1842.9210003198714 816.5502775239112
686.632716997168 424.74920249059346 31.313431482290767
542.8319585696721 1829.6938113192782 1251.198870669441
1883.70189037832 1923.7676405640436 569.5690001189188
513.0993460895397 1654.831916285943 408.8076350657509
1452.871042534032 1262.0969573889056 1427.801697753643
815.234009702309 150.12957085071355 1432.953557908693
334.20908863427854 1955.013126648413 802.5130409972933
1160.875301754505 1379.4577513747377 978.7306235478835
859.7876687078807 744.108283002153 284.041925335303
1735.8393199438415 1314.6364024909406 427.5342969658134
838.4437444641372 1933.4273490154344 1367.8562956128396
599.7034783689155 1663.1380053663418 446.01447143855466
812.3232325660834 91.79762782648027 400.42420521007415
625.7596856386607 395.8200678093808 168.83691565906366
1725.6852379907543 789.8468269738572 499.9748294130517
1919.397253758231 77.25652327840393 651.8577588999951
490.98540546494917 445.08082945768643 1350.965212182311
1914.301632971679 307.3039360427425 981.7356349846768
945.2385176523046 538.3533137596905 547.8600653127561
1234.291791182243 1258.1170663594044 218.71959738778196
612.6676857921835 1086.090655342632 59.34817131826442
1367.392608473446 1303.3164679767112 1096.5784972406138
452.43025573893544 805.7901050881271 743.7217643709204
1009.032490956862 478.2610525185669 1464.273312228606
595.82076514182 1299.4379881276843 747.4637485413648
1131.3940114259794 1212.2388931823332 901.1155933870982
784.2959450619504 797.4404008746951 31.169558530597662
1852.534011873301 1882.1930487065847 866.6585102705368
1140.9005217906438 480.96338332079335 517.430642815671
1709.8430529907505 1946.8654665588904 266.7329774757231
1495.247529305345 995.9263205435516 799.3727010564896
202.60367608676466 1776.5618348523071 651.1137559447941
876.7485325888713 1345.1643510332515 255.66445579935336
3.9820612833156854 1055.5151318909823 1040.6126508173381
1154.600045333 472.2061260389552 911.997154240576
1955.240659410186 1637.6599855172083 964.6704393681015
419.040731020051 1323.2014449564565 1034.2695768070726
1627.7484257731649 1303.9056940828546 958.3276490799605
483.2805546580499 740.4123792547795 1347.771880685161
623.2180655195658 685.1305388303113 365.61231281515114
803.4674693136949 663.3006600614976 689.6724511606769
1572.9184281689388 773.0335419316583 197.51697934033064
860.3835042329979 1429.8366987320646 665.0094748362231
1261.663062227172 86.73677529453671 601.5436571032541
