2000
1363.7426035900455 1032.8907452538945 1111.9349711776474
1676.214498844947 550.9876482435363 462.337466038297
1483.1941325422774 1405.406160019091 554.2535560863989
1385.2427268842498 683.6751611425511 41.69511153724981
1270.5329942241472 486.54211864061847 1393.4009174623268
1242.3182631883424 567.2986673974108 926.3269809108026
1044.499818750917 688.9030861001122 265.83651351522394
1918.3107653890456 1854.8820248069562 873.7932568485352
152.98376184356232 814.9692517638628 574.4013578805047
592.3587857619021 1103.5628397540995 862.6160523467883
1906.5696056046365 861.2558209337453 1155.5891666682628
751.8360202127662 1783.5958439944322 929.9561560903903
1709.0417706525898 1268.2896810967782 1057.626548403403
1340.168136326467 1863.2501673936972 1157.6115838864314
1619.259583139607 251.97881296936652 1119.863524199095
219.54812897214882 682.4356547883399 624.283412369426
1241.64546180374 1685.024896414965 645.1112524592507
30.584269763698213 1447.9674724668187 251.30700068500266
1887.571626565757 1108.1550383128722 521.2429418279299
912.0305827034987 1809.2003660202304 1086.9059300141512
1746.6559475026475 1160.3992480397478 1363.7112769626146
180.67089357373868 566.1959903034133 1448.6111594361682
803.1152493170306 747.07008669991 69.58645534277052
1785.4096813885117 336.4900453396575 852.2626842797878
72.4056556119006 1050.0322922249536 1113.7765045866736
1638.8710033524512 948.1036019302835 136.57630096050826
1196.1937626131312 113.51922050591922 351.75068892045977
89.42745918472016 1475.6010169389476 1449.6318109992121
1020.5207145588972 1452.5866007633188 141.1694818065511
1879.3234317735294 1718.7717262027797 866.8538628097249
1686.0117897022947 1810.0935819800768 1064.071910269403
1016.0313192658599 1779.8221778304314 80.6236877266746
1729.5888933901506 1366.085946714982 122.93615925154711
1227.5000258363264 153.3039922812307 1057.1202776814537
338.1080780160777 539.8306717343162 33.84193139423341
156.70874274970203 1960.4362367573303 849.9559276534942
389.70697300118707 386.1914641292399 725.4142459743119
705.6653588681678 1579.853809290182 991.1302572460938
1291.3491777604522 789.9620798825664 1095.466055800717
1223.7284314235305 1530.1595031172444 1026.5735197702154
1260.4923987405114 1503.063380796256 478.01372209446134
1402.8839947789047 1559.0433454239023 569.1998744416279
119.18148928942296 704.7509564565826 593.9570115756694
1693.4597781839273 1286.2408945800357 449.00420528019924
140.6609628805213 1976.8477563541892 1289.049627490587
785.8970378954331 558.8666158847626 1360.573785802755
1928.4053961287516 1708.9906710251287 188.97123569100765
1170.3966361917235 131.56055811266464 57.967804721087255
1669.1980203867768 666.4986840758266 1335.1316194161514
1491.7762884576962 590.9241470856467 97.97762737393361
1267.5737307280726 193.02277152880953 1061.5878435828129
1077.6654546426 1968.0142049455824 269.5293750996562
548.0103900670001 1071.1723559952188 658.9485002279988
461.3535479760509 1664.4324546505366 1277.5453960319362
1747.352024256351 1139.8591893230648 693.356526519469
1897.9368001100518 1992.7441283912574 961.1808708874959
1996.8963653128824 9.915633609066221 900.807079204282
1096.619340369539 1855.8071926163896 240.96336668546442
1386.047662064263 1835.7720152522297 283.77614036726936
124.25250121972753 47.94619575759174 581.5154038705347
1079.9848641383217 211.1858889846705 1122.8842780713424
324.33646025600217 278.4747842752075 555.9302224841094
615.2041579195642 1820.144579780767 953.4805837989417
1012.6039776927167 57.21202029636174 353.77717495328983
1600.3681078624975 1496.4232736151462 117.83197313105525
488.6538123765534 622.3671533985022 438.3749996347052
81.04738393257338 1291.2974586892465 282.61451644033764
1717.4920323911456 205.07584727705841 260.2871047317704
645.1348467663709 146.86738601244986 900.4276094567005
1001.8080539760459 1926.9340699921274 1384.3750727561273
484.85276919151653 1790.3212755847874 698.1975737185361
410.20268966548247 1060.0026387007129 1102.6144453477607
95.41924594502137 572.4409021895365 1479.8955185100788
281.0228347204886 358.0052679936412 1484.8682209346248
864.6882454660998 1771.6423903956413 586.8627666635267
765.1878446458819 1625.5381458917932 1403.4129761421934
835.0507716817017 1320.834843835262 1457.9500454999384
1804.4250977164857 181.35136233169558 78.5044768753123
516.7611180518687 820.4153585243288 989.9411573151658
1227.5737096313417 1499.867743796794 314.0575809690421
1164.7333775094494 1629.6267305986987 505.10799836563814
916.7929528839511 1418.730276876928 167.43399069184505
1794.4923241878162 429.28269214367765 1167.4340614334233
614.0268908908054 431.21799898574386 975.4616278529953
1856.611639265622 649.3406660131147 212.2402945355853
1199.418073534111 1650.3059786584022 267.04697929090355
1199.3446665189563 833.5888106481976 1117.1377082157417
690.8558451915094 1665.0241807727555 35.19159424427498
1287.8333957333998 331.26267877064583 1491.8849440581687
1582.836570887552 1205.6339035629217 820.8112778763865
209.40163879654517 11.98798232275533 686.4517283440027
1862.1212089292399 1142.6773328140814 402.744024607314
1913.2948574677337 566.366966624795 1011.37433004036
1599.2161024102256 772.9228035598621 149.72881024728335
1544.488247624707 1935.452433249059 178.822777303425
1611.9716053526029 1812.5467083881235 296.94952168154543
575.1340078995742 1039.9936645570776 186.70421862320168
110.09702399762689 649.852170331394 35.030195027740795
1564.178410509448 627.5039340667996 220.38686627586645
1723.599658828314 1684.2849753084133 1416.106143499764
1996.5880155973302 756.4232971830163 1329.15207539743
1617.053971101404 586.080433227984 146.0333783002863
930.277283480204 262.8640696913558 782.2616066016166
90.37539852494714 954.1915697786851 849.2010155407723
236.61006131782835 15.221663795330187 568.6893904447263
668.9320460795292 1568.072228056981 1459.769613101939
1544.8608165813216 1553.1627177063908 495.5501491734148
240.75565065840854 473.35900954149434 525.8642712646579
837.7818319955717 821.1168258533696 1244.5885912466952
36.80714119187378 179.929426222577 821.6749764111364
1199.745089124949 544.0549706731963 1148.1663545411357
235.86488526004268 1130.1331880411149 1044.2018819217526
1121.3337616457493 939.8375053250518 520.7923779312548
1641.09213080173 1921.0794790785005 436.49532189963014
1253.9105186922895 1006.655415218205 809.1755676068743
214.97338608477645 1206.3561741024753 1149.0018629268022
670.6248001103614 1506.9896566730451 283.70267563709245
902.3665213924612 1671.4710729075657 1290.7530400734338
1337.416271375495 891.0708119462174 34.3283504476054
1950.5331976603889 502.3265717471921 1128.6582741601164
1143.8900064669963 1083.2320405232665 570.7796701580271
1015.1897121868736 1370.340869054672 188.59494498512004
146.91304585158838 286.06363453784843 707.5868268561494
1987.1117936771898 936.0771099629866 350.66698722892954
1632.0235598272288 1223.736153199018 849.8950837177277
875.8617811484335 1319.6267772811677 348.43828847220186
78.44954200356713 1108.8303173173258 649.2582608071411
1824.9423423099713 1581.1103235304975 1087.9901415634815
269.73385504139304 756.7791649338602 1310.9956675877352
1813.1637088352543 1977.856924320584 545.6215845541127
394.91842953297663 1740.3583345000714 768.6984651231231
457.4899650102309 41.80016675770082 1472.4865342677367
589.1784451178808 1880.3944360273345 837.2303744160774
1535.7416546856725 1216.503604034062 351.56546378744844
300.9062445401283 2.059500658881497 874.2029606587334
1689.0569514227702 1778.727473068271 1499.349606258128
246.41788721921753 1014.3573413080283 99.81226805982601
1618.742365762634 353.35886892128366 1174.0036103870925
1229.1299090527689 282.1991530616039 164.49520907792265
1550.7523475213904 1180.9519808120735 233.18306326953436
741.3218249569469 1262.8748151658526 843.4699961978554
10.049346468873344 834.19679894986 1012.9865722242597
1440.5586160810822 1997.929335147395 99.23373992399925
983.2604488020713 857.3455753628074 165.18548216617768
1210.3297720653834 582.0547468905027 662.2277036647959
944.9610815667464 1713.710500925152 1072.5844033411593
1690.380417545042 966.2507647861496 712.3840793031596
833.926066777515 482.07973673839354 440.0192776708961
67.68394385912013 1480.8184920912734 558.6739813714295
1768.37778518261 440.68126503425174 692.1406740263326
1548.480558557294 960.5673900851581 411.73415141093784
1184.3903892042485 298.8185661853329 47.056266935640245
1610.3202328996606 163.07905892586726 642.8709122572903
1218.909313686757 1239.1452435191063 697.70879775877
408.3597085754105 1952.6286267168048 494.69516849075615
1941.162049927535 974.5256868379965 1019.385203676618
239.3226795819885 1027.75425032159 704.5813172474403
5.234601242616543 1596.0546029150426 1187.823946804892
1736.655469320186 1924.133324669363 806.824847610362
1986.741207454902 1989.6784524367256 513.729067324387
357.53394778367186 1050.5168593118317 1297.031723094719
87.7445599192459 1001.0571891624138 473.7198713675992
1777.6809944910628 1039.2541554161867 1266.1101186272892
1967.7738159159696 439.50864971446157 1005.449876108866
493.7883630558917 1594.487894416527 789.7866222548333
951.4092875029265 339.89683386590406 1339.6512124253718
1504.5206103199262 761.0031045614412 131.9174244305767
1445.2002121406726 1657.651565179935 684.0602000252577
863.6871705020561 32.498049091538974 348.7950866782831
490.51396415276 1741.2417222599124 167.37556406806064
253.33640210986653 208.42936868997919 1295.2182638641566
1351.2673785893019 717.6041283966858 934.3757195837281
772.4169516461286 686.3670796680527 817.1339480631248
251.57376232207352 1179.0559513095768 657.7659758357058
285.8114586861564 1709.9376146307936 819.4422237747566
521.2352836530509 1250.0532179124123 146.26120267158126
660.6148575149551 623.3970400349444 217.24228172109105
1795.634430218535 855.1328153065938 770.5000587460597
593.5212166582431 1298.4200850542722 1261.7663379723097
1779.6444749072216 794.0180808230681 175.3744018991325
804.4429071503621 1360.7896495629277 91.09852576467232
1978.8594251824297 1280.1825597320935 488.4564345755337
606.912303481632 1208.4471024848674 545.1776047391969
1860.1751812306454 1950.4311077855084 930.2156581472642
1083.7494974954382 590.0644578678402 513.5025747615733
1344.2091030649578 1234.2517472047537 398.80132120810015
767.6800123532001 1020.3669733272427 642.4947527627252
1709.0772063898994 1997.8677365578162 601.1379797662519
1182.7866731721113 605.7842986930552 625.1648643886947
1460.3192495966257 1711.7944183076502 1435.7146804878269
1913.8659941112996 81.76064764627844 156.44162475290656
1773.7601392854162 1699.0984702298983 967.7943369308338
1475.849384464442 364.93108941804644 530.9759144311881
287.8079942683283 837.6794938519246 209.72829793475967
1175.219391486319 1413.9265679932344 1352.6798419121617
1822.8121866151967 588.090642402624 1496.4389163058688
244.94614833415352 995.7286455212351 663.7257262197775
342.0764697506067 1915.1284462314363 341.8821670111026
47.97728091965969 1276.8244244030188 848.2372996458662
46.74474913557902 1467.2761408330755 508.82689509679255
1106.7470091175082 1655.2726424459436 778.2231295237776
981.7619326612395 408.73235893073166 312.31774509866506
1174.0301423458516 436.89261369371815 839.4007661168806
837.1394604206893 787.1520113757422 1043.0729007518005
1310.0329779215956 1760.1464895088723 370.27883214632146
1526.0007386088917 1476.3263063474335 312.19372422066124
1659.3589735958828 993.9867466034281 1406.536336662362
840.0920026901806 1367.7662548172 323.0996004369331
1881.772644468869 346.60493789681016 1167.943576963049
1981.0974050882126 136.59945314169786 420.1033675188966
680.530987901929 1853.7119335949387 668.4574393817519
801.867514076781 1151.3580934764527 1022.4457688947543
333.0010200171574 277.96584766073937 1484.4281064802924
1599.3553751504035 768.7303805893879 1330.9306900345039
1205.4384273121057 313.72345402514566 89.13212962719297
1538.8827722740295 971.484238976136 1455.669647936034
1305.5507946781195 1633.7508298044263 959.7571680576687
1515.6074926385554 1563.7364291588142 560.8810350210163
1044.6654219117179 1923.2983771807844 1096.562020778413
1771.1382337078242 1359.0991474420407 359.16209542346303
1063.3757679503844 1409.7159771781012 810.96574340644
1901.9467118235405 164.16920841271266 1424.8148934208773
1736.9546061335727 1346.1469447144707 248.2413149119722
917.2148213690183 114.51472510459281 1157.1727831419093
1788.8515656698316 1132.6716190972404 542.9904964824602
1113.9129261564283 897.4438646435417 1148.0306939466507
1672.078114325282 315.34575959390554 899.3824360062591
1173.8704389394013 644.014683481682 990.7124653527234
1265.3999079548646 1001.5371665853116 1040.473599362406
55.85972035230502 1223.506350453277 764.5000181115491
363.53765497856494 1683.773698740955 229.92547100326388
147.36312586571708 1255.1308505880806 1018.1910460707443
472.17906845613754 935.2204783181239 1161.8799530072652
395.7955388769314 1703.6829403958611 1162.103032465908
1601.3335508678156 37.74428141336106 1087.0114277930984
730.4140349556844 1078.2406587801922 1060.4920016126266
1094.4919700266576 1336.5579122045028 60.123071955345274
1825.716372844397 1195.3913157347351 681.3296597981767
1664.7343439187207 1709.2048749488818 110.42175114589176
1457.6095296972014 1449.0882081437142 1319.4549988446622
1681.2311002317758 370.93736887136333 1062.4760538411265
1209.3280952470109 387.2811203616762 471.79445876991304
1968.269168110112 108.28024225410272 1235.7929015157606
1533.151503203921 1340.0318934662705 370.2538767043362
943.6282804894452 1428.0035012752815 435.79659359354923
404.97668477498894 1606.5938918346512 365.0082299509357
1362.8295534710944 93.70919265825472 646.4401465471752
28.585179643100034 1715.9211614272363 1160.3183187941133
1821.3747654998328 1124.581334784424 557.8125146561762
1122.9307672918576 631.5568493820913 1303.8211493272802
546.1961463474028 256.44200798394536 242.59333382230324
1121.1645382221425 282.6673484800408 554.2511907212581
398.8848709580701 792.7070417197548 905.2571267507661
99.45271220623009 1708.5011638140252 1054.6016827188273
1104.9635098410963 515.9460110324902 453.96904811013053
647.7912568724093 453.12818249432405 1415.0113280356472
850.9079713196719 1136.1538009784817 1069.6600348378054
1800.6934898696961 1710.372452484762 849.0845237681697
1251.8797581271112 1835.8690042288654 245.81801342536076
293.05039935274533 1535.5309114610452 168.38749289231873
805.502285415121 1918.8026333795003 398.485291673092
1575.734572149896 740.199751154106 513.578428039057
357.7480241499378 324.72353481654847 31.757516728388225
1592.2076733545136 1580.7053398775977 877.4249184399024
1413.7048845029408 1234.2856336227176 933.423554524883
1335.4052960850686 879.8754737162959 708.856256054024
366.6459847039363 1032.8349708851977 1073.8263589433036
221.50342184697826 250.53676424276117 46.009239244470926
1270.5508555073293 577.2356035896387 23.69683132247452
191.8372591828128 986.9327582469696 543.3411280975087
543.07524575349 1427.097984680742 389.15137267832347
555.4875820454085 871.899823127597 1493.7857072165957
904.9831841546809 1698.9872137050206 44.26881755034523
1714.6252385459438 241.01204188815052 1123.3373027174723
855.7438654458188 320.5891733518185 1280.5822812557271
406.9712860464663 722.5000439461998 526.7700785080017
35.78567791030585 1423.7137276686558 1191.8974455650457
694.9291594490978 452.34834056314213 694.9027000914127
1837.324704171958 528.5330909765597 629.7629086883406
1543.344272881434 787.9358719709899 99.87828424186446
1137.069857767424 1227.8190209194545 1051.1762173001903
1214.3282478761253 1215.2076457020812 472.2963277566319
1340.9381777622355 1587.9169168384888 248.83618973045546
1436.6378930554856 1513.3626076391215 323.0093054528287
1304.5328880220393 54.892504418306174 814.5110761287236
1342.0946892018749 166.73917050449316 497.7206890772414
1760.8767174142533 1228.4749946661136 891.955892362836
444.0295270941772 933.2340293425907 1063.083733715314
599.0010162294659 1566.1320230868544 543.8089084132723
1526.0794648345357 1100.4402663767048 391.40542115483623
570.14335265011 1547.0334667031022 811.5776378482735
556.3236839286984 591.6346910143593 1364.3883259812815
492.47731967618404 416.66221716700136 789.254357695107
412.0764626238922 1362.5229579233994 130.26587162704527
134.50142219521877 463.83349497187254 568.9304669654742
1338.816978172224 985.5402918073183 762.4417622188988
197.10065516939545 1602.5073194746592 20.96672257561727
864.9800373411729 1294.9292120540717 786.2541077748015
1402.1890291888562 247.18153124020415 939.6078548750403
1667.542866750446 82.18682802400346 80.35090410401946
200.4675019613229 1505.1818444082671 887.060029182712
545.2543319893457 41.278960336877276 122.46703639313506
1686.1552578561896 862.9946415172562 279.026709154256
1535.0447008506583 1677.7051889661682 108.30172363741636
1175.3370411919914 987.3673063250224 1267.6728628186936
1666.3667420220415 1642.2842119125442 1069.8032025692903
1213.7954142555604 1097.6218892797267 1213.1040837232474
915.074023114935 1534.6634911731064 825.7069889149014
198.81703059400024 1797.6454195231508 101.90625930033498
954.8142472849365 785.7347273242359 1308.1948945862223
1122.5617620324945 1328.2310050923063 358.5247692374617
1027.4120230302124 1455.385174336796 91.48762308586184
315.3492746340594 297.0465705958445 1161.6948783049763
720.9795952265495 1304.5138504123556 126.50505729584665
1736.364041029617 1803.64069764461 1053.4841365030989
295.6780411465982 289.2804394259496 1444.502191431108
1030.9757662864845 157.85368873589255 660.4532375196914
1682.277862292797 794.2857738277587 551.2921572073461
1623.9137451862712 1.9976050201624407 428.4897070213094
1003.6988200050298 150.12635540709573 859.5843552805818
1884.7116347426427 591.1595729971461 172.97450546326004
507.3108870949383 479.84522899821604 664.0041105842015
598.5239491309409 1238.9155542115639 1421.0773744936866
275.25596581020716 589.4782386612585 384.33737961750325
596.4944498285018 593.9913925598917 1030.8683892529898
687.726468820155 502.8093866407528 856.7152020231579
475.2017707142515 822.6666058762255 196.41936910643375
632.1915049436118 1553.7283059835133 838.3241445903432
349.905013541113 1825.224198738025 1226.1202818965096
1493.2394518284445 1056.0801625047775 406.1301354346756
486.5609515984501 596.7866903336634 300.6804717775982
1801.030573465503 514.7726020133427 980.3571812891433
532.686862331943 1088.6586473157859 294.6845384758049
1463.4962628198894 401.8885200416458 1154.1135795834223
143.84954081716072 1341.9474354110937 779.0427148306908
406.38916407698076 1502.5977121026613 1309.2311798366645
1886.826579452398 227.31370753906253 979.0504400369033
116.33531191506275 265.75188024148713 818.0004251337049
1483.091341149142 563.1228122884639 1120.3648827182597
911.1877598510505 1637.8544159044907 830.9120078678684
1465.118165221553 75.66392245464782 1064.6058153802373
611.7640438662397 1844.0026163841562 142.0754283764055
652.1161736466239 1201.8900102038294 184.53914771737695
548.0501087059697 1268.7114234283056 1447.541544294281
683.5424872622451 1497.9051728037748 1186.736249073753
972.8453719038215 463.468269649038 493.1482464767199
1824.285425028507 1509.9064339416186 737.1066100903871
201.00232024447195 1055.491599846905 1404.3588662909413
1683.237769034335 1316.3037431035918 989.9332167550083
1219.7867832867053 148.95419647752962 857.7056006645038
719.4455627364889 1499.0416040795958 213.31196118202917
1470.0778341286077 1314.6227578010885 76.24355848839681
27.25404968952949 1699.8384818116904 203.3039263281099
1790.827854331294 547.9580222573377 938.9395511336394
642.5154250659302 772.1022987196113 619.8977470416002
1242.8539765576766 698.901985811736 237.85529602664485
636.8111853117371 912.3691493755164 1091.8091381059667
694.9247974099233 861.1271470126567 1247.2265752723515
473.22447436509 675.909630066705 310.6545724449499
1967.452252467113 626.976680746804 86.73883275444267
57.733666216441826 1439.3485489446741 1293.0280426558115
1738.64183897799 6.254726911220532 1232.6426860930726
1879.7185971001318 554.0612226646389 565.0988113073807
1857.2101851261027 461.3741505671909 735.6170747318852
891.1109713675356 1025.5290726140715 50.716470530476066
102.36772904275071 803.9525291555234 22.848600926557218
627.657539926437 1792.8979533408196 1012.7171874444998
1492.2324569353168 1582.7790415333511 138.61188265893253
778.15942051832 1913.6841104405194 1033.0989161544437
1531.7708197285467 1604.9737860714645 0.9788631597531516
1854.0610155784852 1350.9631069683355 808.8807922138742
1360.0961520223423 1948.0359226061596 1333.5735531813252
124.53605386077093 1213.3763006577592 152.63167328370997
1149.9059056446997 1369.5186598739274 986.8453614462553
1179.065894049225 684.3067273042105 1130.8781010966
359.6263967253572 112.30681762601691 222.17332336770352
162.21185200789924 1119.2373442792893 1471.5350603868178
1431.8115982949887 1720.4032379894074 1225.5410503743308
1495.8588215438344 1567.1715936518838 560.7479941497592
1662.8072580485468 1545.774697942923 36.94123804515359
228.7578783671187 219.57607193741669 1365.2512121624577
892.5312050561296 496.58515984099114 1400.497480487316
396.491940614619 1866.5302838503849 837.8598904932321
272.2190747700419 1643.078467354675 708.9053203235266
742.4735078107987 73.45730846695942 764.2974271009756
1897.496132919381 977.9274684318561 292.98192155385993
1776.528093171024 1444.1162963595684 266.60276329739787
1298.0744267723799 1665.1265075592498 414.33885759428426
1530.790131105017 338.66209834876736 9.79132554115203
1735.315138124317 710.3390707040962 1290.0497029471096
1349.9052057571157 379.3338153929615 186.5222367534875
778.1921038963877 1787.5284614267725 230.62496751843864
135.53820293262132 1971.0016986247892 1084.428716021653
1056.670715295167 1546.0315706339097 1346.573561267447
404.5156543522892 1321.0192985686633 867.8617590396557
605.9667329313095 506.0500897603124 237.4112063917957
391.12184174199683 712.7592842760928 76.53682455165473
1011.3896205866884 1840.671993305238 263.1702952350945
1763.811296130006 1313.355653701762 915.9648621753861
1304.693287425831 396.9139060320837 1334.9302973901104
1420.2897971544674 1191.7487735280176 492.456954926593
224.39889444338058 1207.9772459283765 1189.4522791242719
1443.2433710741852 1810.3192559009863 973.3081052262686
193.23268258339098 476.5714314553289 1045.1093885845196
385.78841941818354 57.40384371938379 833.2488232808697
193.6184186804857 775.6810197506372 1223.7241439109694
1100.5331707824805 813.9263662385346 991.3515008644746
1412.9339266526988 782.8873572484396 562.1848532490075
348.49307132542197 1472.4381753396647 590.0037916875997
691.2308720593925 1443.9828234099525 1303.4118214656062
360.3452412431949 1670.7396276154218 497.9636527408956
1572.1087070719434 808.2020049424963 181.21145948426653
457.3006145138481 1086.455415476629 693.4986091710789
1421.6416413342308 1896.4340942678648 955.3209856594532
931.5816720470094 1036.8894343909224 319.1653241926761
1191.4542354385073 467.3913928076965 896.147076033938
748.0078719599442 1126.5575630063915 1320.173893174722
1324.4738650110198 1796.0462045470035 1396.221887903255
1320.7206600837828 1884.5225200584096 146.69925164210667
563.4505086211143 1624.3444350866873 580.9928787487478
294.45644228950573 1164.0683590711512 115.55703575243892
880.3947675768886 937.9095733484337 961.3846804355262
13.389484869589907 269.3777260667654 1357.9472363022426
1358.3800032221486 429.7368859280244 232.26138632421555
1039.1344912554537 1914.9040397340561 604.9643261931649
1323.308539074111 1908.3443696263541 413.88997456726025
414.51393718117413 1708.2426152854523 1020.072269603171
1967.4340590003717 1464.4259967024263 1199.9723001978682
76.33247524964926 1408.8056535522214 750.9841367547546
811.7507739692753 520.8311234572101 824.2091998432469
164.26221001957452 1363.2639427023273 703.8730581161568
1306.0647994959509 1069.3309106944682 64.48180961818773
1622.815079310988 756.8913371160342 1362.0816930431183
1926.3871470382878 1564.7788515204838 1455.0312667357769
880.7980530756449 654.7573098611485 1086.7301952635203
1327.8723193264716 799.1979037306327 337.84552885608014
1674.9676360915034 1815.9394713296304 672.7440614373938
1459.5093212621894 1452.4100815735717 9.755181570417992
1644.9415267858585 1118.830399740197 1465.5130342996
882.0888361346634 1463.5205986142466 445.61880181905804
398.2463508809315 1696.6214453869222 385.12030633055576
755.1233730733726 1793.9968181884292 765.1401928998138
982.4347954690733 469.23453517196356 1351.2188387488955
884.9201192626373 1014.4579157751932 505.2776617942868
1874.720561149418 1686.4835030808636 726.3332381146064
1112.5908153902606 1503.8765797515937 47.24689740398069
1106.7312900834402 1805.5200554708908 921.514394421774
539.647914960147 612.9424955910716 13.382733784180589
326.8646935292383 1364.0354900050575 1245.7143709870948
95.58968845449934 365.3297019891626 1133.0482383246301
146.19786454340255 106.07242966332642 567.3904086832024
1268.6832358370593 1978.6796944812772 724.5011181669462
884.8158532431652 1174.37837843874 928.0834460056642
955.8836704873514 933.1084271488204 1032.4886089895
833.6290063493282 1463.03672408392 530.2737945073092
1606.795345321394 227.47493082090364 1304.0942130966312
492.6773289689763 1335.996073105843 738.6227798503998
1391.098534884177 174.65138408195634 1436.5073068282006
1345.4810962395295 242.58775146362743 1406.7622016022028
1065.215566412135 806.8384008848597 420.7348931468685
1975.2616948515704 464.2902115406933 1152.3358679227135
1189.6447379934511 679.5736833031236 182.9826226068469
1477.2467574413824 51.63887429114844 368.8148089643943
1538.781487669045 972.6131821404975 1208.4850164423278
1407.5279321356898 1152.1217490362967 986.711856755405
1269.122716505062 560.3872138596191 32.97915166766152
1937.8156124651994 947.3014547651424 1200.1042045192612
949.1455449455533 321.452242695399 440.7219657894606
595.3427146813017 830.9651923049513 1252.5503229186907
1113.1268877967752 1190.8279809635972 1086.4251663469377
1493.3196035213941 1283.7222303824115 272.8925540933943
1157.4293661042034 69.3808052498539 444.313071396785
1565.3705347167602 69.3383765044826 1201.6984793329389
130.52956925635772 690.3093219320582 1093.0263799342497
828.0142707302416 855.8806701716577 625.3585215095561
1542.4817118467613 1392.1561369409546 306.61347603741467
1348.7562551772587 1844.5430447367773 81.1865265844393
1443.6821409928302 1680.0325950879308 388.4262349686197
1239.0382509140609 816.5830500682237 1398.158302563152
130.9209801427902 1872.653064869316 1252.2174238581165
225.68561835406476 696.2666360481713 658.0952725550926
513.7336254045608 489.92857513834684 877.2476341405038
1112.8496827052209 1517.0751963939806 691.6949058283742
532.0369443551929 471.6118972432333 947.1800264638609
1665.82000587186 815.5012454767492 833.9225202653946
1401.0874415442895 1183.2283874843731 476.7290642235385
1006.5076864248097 1159.4194276347125 729.415752891236
1795.9911198144239 1356.5268206281007 816.9212680700459
229.48812713900102 24.658648132842576 837.9366111639241
1414.9669052686766 1539.2757153295124 919.7920625526746
1414.8544625754928 424.0004614650015 961.6789413297905
134.9661594680618 79.27484998657141 255.6863115540719
1967.9235180485207 1992.9632134290414 205.2559247853254
1141.929450286396 1733.5705519153798 851.1262377457606
247.35349192590706 1758.636981913586 1042.1160825316306
244.90118928310346 275.3069761868687 1154.064008516574
1363.2655275831219 1342.1230385357242 77.26828129857127
156.7436900691368 72.60382539398668 706.0750101336961
1500.5674285143696 1270.9893708808747 1355.8465410459098
1936.7247569719123 1856.6689798930024 206.4497577673363
523.5351959295689 545.8539283967654 1434.4217052928052
1439.8011874663098 1109.2781474957794 69.2725639116012
578.006885486473 721.0918092709202 587.2440334104143
1427.645266156204 1536.9239039816466 1141.0869801448255
1938.8665132765334 151.84048436925556 792.9930793724205
1490.253449522319 139.48584974617728 270.33662574743545
1516.8022628722147 977.362420155186 205.1754643927563
198.8259680416664 480.8090220259813 522.1454108293569
1587.816491988132 472.4627556816401 47.90129487408185
1362.451829933081 1075.9551966086651 954.8432088029452
1146.2362806671126 540.954427305054 362.9386936200109
1596.2977164160818 93.24154137719121 1289.4918627733484
1936.4908902173888 732.7028677755443 324.805933367732
1219.8056404268807 222.86794922413833 1159.5577683346523
1487.8357626972747 1751.1787807439111 985.8615221603097
1196.0678809509839 1818.5542431733381 1219.2646717939704
1604.4824650692485 648.9627401455156 493.57545515346317
1481.5076834419826 383.5724612721709 920.7231379267597
912.1611375409939 297.91308232761816 929.2370687450972
1143.9074589855516 719.1753242108434 1280.5327628490352
453.0783113620078 130.23948481592407 437.42408395441055
512.739574724558 488.0120005120183 343.0356422261089
1295.347019626329 1655.7571958288534 895.4750266728074
567.8477098533274 623.0773471060822 352.77915298000835
46.34089870613134 1592.7425107560484 1275.543846883911
1373.7392791564316 1595.997907447567 758.7691026981275
1581.8760400046167 398.36052735732494 248.67483006138875
1775.311929409668 1840.8855801602776 592.1670224393158
1541.8331844841086 905.1423658122882 1147.0277442795152
600.240795262718 1646.8859750642175 1387.085644198134
136.6298752191104 1282.3127972726165 7.392216453764644
1086.6025557401902 964.664476818198 233.89285104736683
131.60637414207787 1144.9232776871293 1268.3966579622586
717.2692167064787 1334.6089817259904 223.8482331835532
579.6824777627107 1143.6388923590612 355.89146017138717
1248.541693780168 1521.6595371212834 1077.2806320284676
1237.9923347041176 898.7853247314075 655.4023012907534
1514.2227102730812 697.9885317619314 142.12181987216925
740.5442495382562 991.4777567765926 182.9442990068779
1857.1378795777093 1745.2776559204804 528.4957670678746
1.474610711719171 448.85260167796923 0.3000983643216548
780.7119665406932 1073.1734258476138 521.5780388045032
260.1098009357561 519.6784971826014 537.2291661855362
276.3605440161481 310.02625871440495 201.19962836593015
1815.3153912247733 1707.1080459370585 524.3818979575507
702.7043455690239 1145.2427932066048 261.1771122043483
733.7713955178089 1837.3182317942558 996.0945245603589
1006.3709288857863 1885.1307297304224 319.2411947620742
1849.0885629468396 1946.533719056866 1287.616646914341
812.2642422853363 406.0663448132098 392.1419464707373
39.94177199241133 1465.5324302124154 179.56466511947784
1097.4556850253425 866.9864629521092 1418.6974925280695
1051.7556056849487 443.90324097438173 206.81754195703434
566.8065933842025 1082.7114758007485 1157.8302073134564
1368.6150285622027 1140.2288199555157 14.666482086953813
462.8416547712231 1059.9267986871102 169.94064275817473
853.8185695119366 1147.7761856002421 802.5931356406403
204.79166978692342 1145.0645513514687 300.4649839660846
1530.1329111184073 619.5419101091225 974.9967000289613
721.0764769723677 1133.0488506183206 289.03495672115787
1246.2669329801745 1253.72110961615 944.9711617185475
121.33694043506216 502.2703338764618 478.07668494430703
1021.9972847278917 452.2559765970837 219.05199605349534
1343.7818039532197 899.7024780654943 1425.383014610262
1065.766749985318 1316.112635372396 1157.8660954721129
293.47549512387207 1066.0963822393546 193.71845170037162
269.84915440883594 956.144639727543 1347.4616063813983
1040.9914918707202 679.511484686103 1020.4140881301771
369.3142038087447 1900.4206006588308 87.04288528753274
138.18981282222543 1200.878189450233 908.0887848064385
329.21518247813685 48.25362737909722 1292.7249057616823
149.87314860329028 674.1958330032452 1273.213379090509
1118.5478523061454 1338.2075161330629 1264.5672658609583
1398.5302419449856 769.2023597710604 1417.0200227412527
634.4947248306489 229.68750314148335 1440.5206550166106
22.402322383614504 1150.2409102936413 816.0243195713103
239.75141187853245 1209.2265689199173 881.8244712168024
1838.507187991962 957.8933490892057 616.7810472128612
969.2963636440601 858.7392919184789 710.3984689615309
1677.1235581065125 1326.122752436036 507.9697110472316
1459.8252163338384 23.427846170451794 696.323000719457
1457.8730793221353 169.38148468748636 648.8481363877288
1588.663460450581 684.6815193838738 389.6057775171761
813.5979338948423 505.74552687669484 369.12290909990173
1741.037422798117 1874.0144688554117 222.8056934535394
653.514111525443 1585.9637440263534 718.3719854477087
488.7208141714159 788.3566322659373 704.249696574461
21.230762791649703 1615.926740401854 1081.9667372331528
409.8028953527779 775.2795319320087 314.35648815774107
1224.5884368716315 279.2897927187061 492.02902178418026
858.6964864582642 59.354670361625224 454.3167833133925
912.8987008321138 476.3481712877264 1009.1215387450587
1628.7640701155863 801.3176845375476 383.277930166748
1840.5268447905319 1472.6548832391898 1441.1394501220636
1716.2247347693515 1511.5866468137292 184.0193693774953
583.1869837706669 1564.8690259174975 1025.3148802294168
990.7049799945213 1361.550667470602 355.08902010234493
1554.7286234751339 1290.6522600605279 1252.1348556538044
524.9144193743558 1003.1790064573049 1426.2802204319366
653.66410602265 136.64718644706775 548.5132509787883
640.5253649607041 1928.635834892778 1187.2278317795315
1699.3017152897892 550.9389901203758 901.6564412469814
906.7277574665411 185.79993219932555 517.9045239672672
753.5741213887044 1206.6234812389223 906.6765191092471
39.58287884688838 801.2600417088831 828.7993401960222
1662.8842055669402 66.50860154875149 411.7904696142547
1842.121017027713 235.95113000729384 428.0936638159727
314.9335078348987 367.1895681777868 1395.191642659017
662.451644138821 1371.6474539327967 1496.4086125646572
996.7641526340254 534.7338909682535 553.9407220309578
55.390276587551135 1549.6991851443508 1187.1599904910017
837.9148196918411 1295.2400598174827 114.82591102328848
1033.3359223011437 326.6740031599271 1401.4149618106685
912.9723908170802 994.6107647425102 1267.977489862528
1718.5422460366808 862.7569769001977 228.21959774599736
130.15062060102656 1710.7360334769953 1437.8518438386477
908.8800710377611 1230.8610895925403 1015.0778849747494
1494.2691381261059 931.1748864993208 1424.3621224613812
614.9895151090674 885.6884476289026 782.8008267585873
1591.1113502494195 688.8201162142682 1008.5488431372167
1421.3991005679065 1008.475936865297 189.4505297764783
614.2562380902527 227.96562218163442 493.7943458645659
573.5768781576569 1276.7076253315806 871.3737775223137
1767.0965621680155 1487.3655951690605 1067.7512960858737
1728.738276077665 1259.005734080148 418.51896873896095
917.3240391434693 1597.0059260392734 1368.547163190665
319.6681754972501 175.68241327596712 455.9622058765837
1750.0987086630957 1055.7912158037961 1159.6427128785506
1519.5693386518535 334.7047563354113 532.4011219998498
1141.3807938566742 564.1939106978144 583.7308201710392
87.45170873699016 278.1201175906118 1001.4742436613942
1937.6173971362948 883.1293974210523 1490.0840061691765
300.5481319461034 1765.5589670582733 1058.147895832953
1156.7022507012905 1038.2441962056973 1081.6218588062702
823.2821682738205 1931.3335244914226 687.0923095340171
1463.935031070137 1357.776833947406 280.1139173262757
1982.0108576253344 1489.9993956979956 550.6947584263171
438.9908148470998 131.4210597471155 867.0144641272269
77.9905904868885 196.6762868082743 1118.9026278320894
188.3165980330943 1833.959532483581 824.9785895562399
1367.6563101352065 1396.903707817359 998.8403991059259
305.06314515664855 1716.9425699823153 404.85349000348856
248.26629377813103 1508.2427665032128 212.49699747549306
1481.9361966697859 509.99505136478774 984.2105862051559
930.4039469801617 1221.005065714457 493.8268681579561
608.8857590095079 1430.855274328963 384.15857968273826
1854.2479063053172 874.7015001894811 387.3898360846919
972.1422283785136 198.49971642933406 239.41732502924802
846.7708558812166 1068.674415483957 116.19253164807265
110.96521816597993 1914.7585584521669 764.7613841063754
1503.1431362974422 1741.9780386203468 1400.2921415485873
1761.3264597304612 550.6712945244976 1253.9042609394473
398.18427184355573 609.2071356323388 922.5629280265889
383.2516447735339 139.58295985169354 75.28307989644311
142.96472895285618 926.8539341384758 1113.021719156919
305.10466457140996 1928.4683446009246 973.36337519127
1552.8481251706107 363.66294501801957 837.8226939517205
55.48294866675718 758.0032116249904 57.80091845256613
309.7631886393877 371.77605005507684 1125.2016512867194
199.14437348289593 1634.648053096621 1207.9556097492957
243.7686663592795 1276.627308539204 536.2304856921479
1073.846671493105 1933.1167769234266 319.3857844510761
1195.5964618369285 1585.9311076729687 305.8194829822793
1383.9803725409906 1721.8666479454978 296.87450728086077
1502.300059701142 1737.486629154362 239.61207450499327
16.181766166757818 1880.9286113784 832.5995956554965
509.71151006645886 1256.9967331834287 105.26134856783487
1746.409287796184 190.40094921320505 403.84478051948435
1589.3662547210852 1227.1460356460436 285.6809490810603
737.2392616044674 9.468239832327585 1131.1191594019576
137.2554946707467 460.71144654843255 430.07198779907975
832.661227495231 1400.558913582035 1260.8108356895264
262.6368589464674 1588.9551035016414 433.7026275591863
951.4420213994597 308.3822086203982 1318.4301564132431
734.4379850393805 1633.190952905124 1036.8015044582842
922.2613431473208 1229.2718332674842 1105.3925539410088
513.1502724958932 1023.6940526396002 1387.2827609624344
1551.8661075180298 1854.052034160152 1064.823352651218
604.6767769584968 1871.6380271503672 1190.466233657349
283.5020679878022 1774.803247552359 1315.2402646433175
798.2827005822656 1915.4590271171978 295.87753876282204
1833.0661748648295 294.49323814840136 183.03497517381894
914.0593007865763 757.8720972750388 550.368840957697
435.9821346056603 1216.2248756115077 224.74991711037674
712.3855281414799 1412.9729704761166 1475.9434853550115
1765.6134859925803 57.43097741670633 215.30273059997373
563.9988378368259 971.9743072629343 27.821161474263
610.3758043723228 392.1077432973033 275.8650250325442
1537.2190680319675 562.0049550570947 371.50656761595815
1556.8063691432662 562.114288836489 203.87510038950774
1425.6830623509522 741.1858679326077 1052.7135449079242
671.5614433538412 597.9215305095955 1018.2377865000839
625.0362069131932 938.1753031210176 663.1045516844897
663.0140024577107 1721.7758471149734 875.3825017492658
1354.8116299941437 703.7229579671911 622.5224949926011
1705.7194086414725 31.021093127480803 757.0787696283728
338.9285010276759 703.4364166079914 486.13014599081487
1544.7432583218229 1445.0465874761833 830.9532070051462
686.2624751269813 1748.777778734084 381.25944827226186
1030.9767964096725 905.2781072745942 1405.8997239951389
134.61235176323183 1001.7951742712938 34.051592549568966
1542.656374542979 195.96105686153265 883.0175032379292
391.82393068577426 1715.0663859646045 529.4014332144267
494.1944202808315 956.5895093730805 27.04352596934978
254.57455872593383 1395.7253595450313 1417.1469018953253
431.9305919153347 405.42414879197673 70.06031834593912
708.9259655714093 1986.9888915632803 787.5624345654774
662.9558041211739 1699.8579334728001 601.0520404576267
516.4948630051442 1737.190423565969 645.3012944109335
249.77028309764938 630.2824059899378 1436.9234400176756
462.0124804418666 156.81691446188205 70.05686573714992
1859.477857174875 434.11875087281817 576.2174158353539
92.4076085398302 1705.6829402069486 711.9405172767665
295.51113234203694 62.006255980124436 600.8545374233495
617.0162284712885 1323.4743508021181 369.6574332159242
1989.5152380318918 161.09840114282426 1085.6721702233742
1014.4439823452078 920.2986883746969 423.4301804807117
243.34038160245487 1558.748744281978 1084.8997497846835
43.42708808190609 1648.1640022855215 827.3235445069972
485.89572167863923 1827.4593697726434 1430.7851538388095
184.41194999485222 170.72556587287258 909.9187162779909
199.17468794752003 1904.240242487519 230.55922994709772
1298.8185061192526 667.2050875150358 1342.510350640204
1935.7639518405313 1647.5973227524169 1191.7167335617273
1923.4092103333933 545.6511373801942 103.03297042563847
791.3548395447467 855.2127136299506 377.60197666222746
386.31724053200656 1457.9481321367762 1320.4900540652816
1394.3682917843416 1093.9913629020525 606.5076508925064
1114.0503546714317 831.7363560282189 962.4486202273104
1560.582284723887 1905.0074325952658 1330.0414477792606
561.7774148010652 191.15297656195972 150.61995739662103
1641.225964668958 796.2818969933026 448.2093100287569
897.0334131018716 81.96862293457485 187.41806862201494
567.2843728352233 1363.0893939133168 1171.4829482394643
89.32525520851287 841.281127870231 800.7308541165995
1413.137069173805 1461.4380059142027 1159.6896686536022
1229.6870452323687 506.67121595874454 700.5578682678575
1012.5820533420072 1286.7399321984537 455.14107771903844
1101.9794556677919 1961.3789716696238 383.362252561078
738.8767001667327 1503.6067568400313 1498.2559514023003
1488.4969150466304 1578.2139142419142 370.0422631724328
375.6908997018469 1937.7924087828912 699.8838301531944
1081.7760927794768 1088.4793843980165 131.52061943750908
1946.130661044205 67.67923433977163 1032.0085204656398
375.7907351862644 1913.6133044286923 769.8373614023667
1398.3319531374236 931.8138167672365 619.9159191332466
910.054979337519 1334.1112295852065 554.4956719826598
632.2784387933134 1043.1969509437756 903.1030039947581
15.649253923395445 1937.8099343838342 1139.9785093465746
360.6403326631373 367.8814969440003 1440.9234417231896
1722.3682283582696 271.25799886444014 1443.2419834684395
1009.3350598078467 1252.0263177100887 1466.5273731681236
28.463475283994065 489.5579357631605 1126.0715342243482
795.36352311193 666.3339447114909 1340.0967619429184
800.4265479063101 746.6014984080633 1116.676293227671
879.7761899611736 669.9578498841682 1477.367241800741
334.3469398377921 215.07869469857232 315.12033238241315
34.21954409438288 1510.0299021806018 463.81986568238415
120.30924643852536 738.591240298923 448.8605214983957
748.5645825531011 1595.6106774311202 841.0487824707578
1866.2101745782516 177.9527770441056 601.7131400849869
791.9363767467127 624.2028446766361 151.97751629113222
379.4003642574708 1666.8123754031026 1116.7643279933081
1414.9400329056016 131.88465876444332 1168.081071950826
1327.764087570971 1393.5274696218432 281.30113344330834
208.29234794533934 48.62252679696111 1101.1177691774099
726.1956462085873 214.2776905861088 1102.5378900870162
878.8406681397189 6.075296620217996 352.16553193572025
1030.2035063223148 1930.5534359042633 439.76250656500446
1677.4421230936089 1443.9408594338176 898.8316329858495
193.5324342451652 499.46162255474457 1369.0995315615244
188.41330584774107 978.0517005186149 306.73206933551336
1147.5081652746928 1209.3224760829069 237.2974712421539
905.7553493371511 1387.4090570643025 999.4997957205621
301.3803163513955 250.19818550555527 1391.6030546702298
869.1220315360499 1142.2899563407996 383.2647674604827
1445.9056543563402 841.5094487619499 423.6140175967072
101.54241971905643 1937.449094201579 1064.1946521353252
125.85142497798162 1525.856020674632 543.0700593298579
816.9425443143376 1470.7948103554108 10.106473509021718
979.8053544931036 529.0563764182714 439.5124195138827
980.8410892595958 341.2192885265413 1001.6953381238162
462.7718413302353 1775.1970931869805 14.394946881951753
177.8135237950238 645.0954954784469 979.2239386637245
1042.2180814995397 210.0106335400953 416.01402761713337
1172.6890068819614 550.2061959463139 1201.5992744859584
1575.8023574179485 525.0448750740185 210.9060137818899
1096.393568925946 220.0222918119439 1443.4217896554935
1422.9950998190016 34.63820952848118 1326.5253011787786
1124.0072312392724 1012.3645594402631 1039.3998555137819
1680.4961091816415 1255.1847572659617 442.99331731665916
534.936325656396 99.55653139248555 286.3419306950569
167.93455072440432 797.9913720856326 1399.7420740643097
63.12923855266561 337.67991494042815 866.8377760680686
1236.8223271143465 1148.1951422589475 1329.411134131812
376.86073552551403 656.996314525185 1266.2348297682306
799.0601295597972 1158.2305394370903 1479.4395424859297
1475.5056947157975 120.24974039086112 371.1643166172192
1707.7524264230226 1483.8535436339912 553.7412260768276
948.4170398381027 947.9706786369788 1270.1467026209555
1995.7488412751436 1822.3120840107529 186.93363431943632
743.6504651621882 1371.7287689119316 302.34316908650896
103.29755450626487 1467.887057581593 758.5564185404397
110.4407963805183 1175.5516921465467 1067.61210195717
451.50793911589915 1480.8001576759264 16.193675129359487
888.9128773503965 1169.709499952297 490.30551347447425
1263.9728624091285 457.36595042552295 148.1860392969439
1475.5174562382977 536.6190160825332 1262.5788690775107
1687.8416341605289 378.16083055271844 1136.747881652747
949.8825445527343 792.4195348735664 437.0896759366503
1775.0447302981445 978.7673187014448 779.027026042013
1738.216117229606 1563.4544949807273 342.3058062300573
209.7521181159212 724.2100650556156 333.4865228719285
1513.3740606217896 854.7054567319345 917.583251560191
1135.720703254215 885.144530859725 998.5569709849009
1224.171692724511 1589.9652801390407 1054.6362809628242
1225.2552287263275 753.1473205503925 879.8159289890285
283.95488099962796 75.43932930246955 184.23948660602778
889.1374326832033 105.56303925535127 570.214061586321
1056.0465827150724 295.39934030796246 82.05833324653695
715.6646089849638 1740.3737850083994 175.65948427209116
499.3198808932391 698.5842088170317 1116.9448565502803
836.4305041392728 720.552948579761 956.7236487671156
724.2541219788612 1233.0583203096598 53.50732757227822
739.3172323621908 1304.4854792069852 1041.763523500499
652.3137301629791 1120.498016960998 137.1705689413792
500.244714991295 43.79323119954304 853.2452625695064
588.5630775228408 1269.9144476706977 713.4245849713359
981.8535028102629 483.42671649636304 744.8510279050435
1354.2548943052818 182.4905034816937 1209.5144780954918
662.7870919046366 706.6673660309142 766.1472621067718
325.31835602675363 743.0872105903843 980.6343511272278
1133.2866439452089 1210.7234333045637 424.29398535141604
1351.1741359670914 236.2813352656683 149.304348046353
1629.3984476518826 444.033079022472 1479.058061649438
1268.7739740850402 448.5599900410073 1474.897038796428
680.3853842411869 417.79396587924464 176.87056817565716
1642.2539072403965 1723.3929437532695 260.8058549777739
667.3632904761499 726.9669745299511 1391.2978031929108
1851.9252192536153 1179.725874710669 986.6800009936085
987.0919539041691 733.8309967878973 980.3831982780321
1151.2446726371252 1165.4268909197722 385.89255557731565
164.10154285682776 47.22634955716853 463.367074046978
886.5090843847389 1188.9175427889015 476.319860395288
989.8830185343588 495.4692566749761 644.4505055991089
15.06673817953863 1060.387486647273 496.2279788197653
846.8286655299839 887.780983167992 74.67856675072836
491.32041989463613 986.3351594680425 428.07187204879546
124.85767421034244 1402.8487977114262 1076.4235054484125
1055.579061637688 1111.0105900290284 260.0308676040761
495.9990351282877 1883.830827898471 1283.495456194173
600.7710269697943 91.19805677451498 1143.0347181575776
186.91030228932016 82.08657482012738 341.11119340436716
1689.943449944273 716.2372115907663 316.74464919007113
1009.3334800849052 1714.0088600524784 630.0859424006688
1845.7447235254415 1789.176810055956 202.232491071057
1412.986445718658 808.485068167462 335.04864822751426
1696.161473009399 1095.2399627777795 1307.9238832432688
544.8393623821344 1407.6744920578392 1033.1375622796354
324.23399370703777 1140.3677690457787 1010.0682328448005
1965.8387206349685 1720.7277940217396 150.8219757460859
1792.1129804274983 1855.443496497243 885.6602084197993
563.0553772241535 51.02434305564296 771.8211011682623
1670.1587823373256 511.7971586953636 79.72351611074707
1170.6415176813105 1048.2577433007245 1108.0494385787874
1009.0906033621674 1815.9429171149359 1184.9197844713062
529.0456701405075 1296.0200629500127 584.3905786131539
810.8930828851024 849.7302042702546 785.0057620737779
760.3283001669543 1040.8553766974696 224.28447398776925
430.18541247529043 920.9985061350541 728.4803549987636
1694.456958200309 680.6256554957059 1190.0213613604517
538.6469380042545 1812.6453955793884 1308.0638027753002
803.8924843885522 440.62507600095404 298.39702585759125
298.91988614628474 1488.912454706423 995.0800321090046
3.1622414263277054 166.01539569264756 1402.8629158800181
561.9128445975747 887.4347669171083 86.18749017590122
1095.049237955666 1667.0486560881286 198.2011910729591
234.30468661768634 499.41488673184665 412.5122104721649
1417.1229193637112 700.4818566874688 56.946993953340794
315.3441599290487 1386.2719912483976 966.411769864917
388.24065838166797 1582.8716015313987 18.96940523595153
296.2626214025266 570.6109522864622 277.5797897448698
551.5589867955064 405.3110205277364 778.4206876579656
832.8116762625808 1770.6210689044233 1206.3969590495085
1200.7647362729635 1764.5436623845453 1034.2603052319303
899.9596547981705 1346.0961101986763 881.7956514819656
711.573862420972 1657.1629039230747 1457.07697990353
252.6936240946982 183.7144175899188 327.0769430192451
1398.3221548647618 1390.9487350273682 1004.031993424179
1892.089415454776 1826.9946057200175 957.3929255570648
1503.598105638447 1133.4136373449335 562.9869786945
153.06380228071959 1476.3341107218139 289.4909939688451
24.008845635882015 1899.9819464899383 795.6041658248356
676.4623036910358 1011.4977470565241 1376.882660281576
1909.403305467681 827.262520484457 301.0830332185487
181.46783214351748 414.10075889757536 994.5178063993293
158.80586835820787 82.05883436198391 1303.3297999204115
165.76336058142505 974.2101936640106 964.4040578310827
631.0351271804078 756.3744516761426 69.94961408642186
342.36958364218805 1693.2344749876902 1238.4171316306472
823.2063665017608 1782.1733852696152 1221.4981300325949
1147.3375786576157 1894.9118709973864 1035.601740125496
1316.8056014881672 1534.4020749486597 1381.7923335025885
174.10765585590426 350.7962716218904 422.2498635774382
1266.3680955046643 758.0039161793624 1274.91615064908
105.41753507137975 1142.2226485526385 1251.634617764008
1661.4941760831282 444.2999272256043 782.0202440982812
298.3914649903121 1088.8209089040356 16.24069983240517
273.61984912625513 731.7768382141892 1413.653668575338
962.8873325141356 463.41039564616636 940.4336737615756
1619.0247512859648 1638.302436970223 549.4683489359543
639.1322345744175 1534.5697917714535 1330.2637962382437
180.82752819689142 499.69508862363796 384.6634394140269
1140.5959778371096 720.7310774198393 36.636338346287154
826.1547469508157 1338.7267501577037 732.4765390437749
545.9451765105688 121.92678718939698 583.241192926195
937.032338412623 199.02835442638423 969.4490904863121
1871.8076160086887 1446.8393614780325 658.327488486692
229.04588255746083 1058.8701585199542 1159.4641615073904
1704.9778805088752 1195.544179918714 1344.3042373106498
531.0038986758562 258.6957205476348 1202.224834858871
1433.2854737873356 1671.2367747080232 448.97875821117293
14.63167231114837 151.0072860221303 151.4863942806205
312.1889289623212 943.2936689495683 977.3348097515513
1086.6795633711063 1478.830639316481 1300.2850716750522
423.321470060011 1144.8658294454435 236.47978939248054
1616.8753167654158 1504.6323090214466 595.5259567995703
405.6360408806634 166.06841332589562 875.4076318284216
1548.6641323002345 1245.0851682691136 717.7296454208309
582.6716507631271 1299.4749889332952 1259.8945413882927
1512.431056790425 1211.5766846845574 1106.3886339433025
1247.0472792173698 1792.2271494956078 1189.4221983090815
1687.842782032657 1782.8133965042912 221.7111661670492
1781.1429486870595 549.9066532051329 1027.4339891751572
616.3880997584043 570.8803841527679 1355.3170640180401
460.13761129064255 1941.083213132048 310.9218809545347
1704.9504439181796 1841.1906913416913 1472.7167720466055
387.589891520729 242.39879379935502 1188.4135773680516
339.3950424774572 1003.802915704643 1430.5949802127952
1428.5386180047642 1582.6016505187288 1420.3941190046155
1739.0791559258737 291.01717340670507 1210.6261455449476
569.8123186159783 271.90272267935245 446.19054209483346
493.6146633980021 230.84681831533095 971.7299369359116
1998.7740700824456 1483.7813125870314 1445.7555039499002
1715.8453904284295 656.0007925443954 521.6346875958172
25.922137976503336 1689.008224423308 42.451387582535695
889.0609513432441 853.2405921265944 6.2390160507678205
910.1246891708947 1132.4032389564195 468.3010212281396
1084.9958106323688 1595.0104508560926 184.15710263352304
198.6826213840762 49.388131975226955 1176.1390474046568
553.5324408543578 1649.9122790791262 1310.6404345001954
33.69346363393766 1045.8670114083266 1086.05944572172
961.1348501489856 761.5737428199172 1466.5575429379292
334.65985539800914 881.775671751915 43.88407375230935
692.076221093046 983.2783606412154 574.5204612350791
1134.501622203732 411.17173837281837 337.8287420673781
1062.6687370579436 357.80644299658593 1393.8292957219617
169.38483003724468 1071.7292128459285 585.0644749404056
545.6344480172248 1662.387938213913 1276.3728512454331
1711.0567364540195 106.42546040872247 974.2438577680133
161.5245883073373 1689.2012747974225 1042.2677361384333
534.1605631367288 79.62676328102592 231.16602652193907
687.2310982043592 908.2122072451298 1169.2570155006101
1402.5975682477185 361.2435495439528 1182.5036480287715
334.51138242660636 1339.0044493634264 83.33181995727523
1855.1114112416672 107.99983708134842 170.24363057605797
1375.8964860471267 1102.8175675718646 970.106593191916
432.0985526762788 1261.7741190980846 426.86022754793737
1899.1569972528287 1813.5664908212352 1425.4905224290862
169.77933742798922 1765.9610470370503 729.101963954395
1714.988724644969 78.46205447984711 448.83473408355326
1375.244705636194 1405.6820698794331 774.5051533449409
265.91360469005633 114.09401207079561 1479.7978847390627
1904.452462162891 1322.184554416233 683.3540817370844
37.05313336643123 1231.6568182820615 808.7892379902412
365.11572070685384 1527.3683167660422 1471.3621159338325
1716.5393075331287 1252.5097817806432 993.3568765464694
1541.9754385360777 1185.5041575207358 775.5942578460497
348.0511666126347 1254.4331829588764 1183.4717427990429
1907.470267414304 1782.0372372432428 983.5496763828631
1675.2240674053323 57.186643763865284 46.58184870345039
628.9833997947774 423.25759255506614 677.4341235891882
1274.3222437322495 1403.4643176298907 1162.509973380478
1029.6181523903895 1550.8920879068028 321.1884152101535
1290.1107444589154 400.64000466426376 625.1667893609861
1905.9810354624587 180.43863280387052 17.776619895840007
484.82769341572606 1346.9261613728647 1130.8143550587579
1777.9630550838738 1826.7284225843769 743.6774138694285
774.7148508625048 1782.3548432194284 1307.146222640126
1472.3464006331378 1017.156504022418 1244.7511288347525
1499.178003168069 1941.4881881379288 79.05340308595216
110.06931432448575 42.60624266123392 918.5838360787885
1821.1245494866844 1521.3355371274213 1128.7319264691087
1553.7202137833542 210.05037849603414 1363.45930357093
331.9584611175079 1103.5377097755238 1217.2819770079975
1605.7883287418376 485.78539319678015 167.42236408590654
1970.0889068610993 493.7619437072149 304.52815935306995
76.10879020875628 264.66283156022575 588.5514917464725
396.85972223184064 533.4827496666999 1068.3532620476713
1590.5886110897993 337.3415219357929 61.375024857451
1748.0009930931683 392.89257370068697 899.3110110629528
423.5872146576687 135.7969795931917 732.9685041160728
1460.369062164779 1002.8828817288595 1313.0366726221891
291.47732651830836 1946.029991334349 215.462886484376
615.9045955585407 206.42744764131749 1327.5562806691971
1326.3211881458546 1982.8869920058173 1315.4061716246924
831.4562427778429 1876.3598626052296 631.3683502024904
1620.207456217522 906.2957072207698 856.945411779962
514.1509188202584 905.0963334794397 231.91985483199846
497.51096501802004 694.5989966956256 174.33865587633485
850.7729869112841 1741.8986949925086 736.3923462230749
874.8857797482177 1311.6986428264481 543.8220896766143
1366.9694823400725 1162.324770195718 732.0703898082212
1312.015413167173 1148.5505331482193 391.0259891911912
1741.8810100832188 1595.2348951436518 937.4587306534844
1016.8416511559402 694.2807728105831 1026.0700920280112
724.8287028508129 367.7204981372779 818.7400998841784
387.67937300263 1737.305464520252 983.2088507475685
1167.2296454582604 1403.816932723192 1236.3623087094095
455.1506618160306 830.0649172409622 1371.1751479430727
1569.4685664419762 601.3668416277371 918.5669310721916
957.1495225730811 1792.6846597726167 225.60773284936397
1052.629088202327 1348.3314394206504 216.7191124895273
255.61573654593883 123.88190717571557 781.4176446926144
1489.8236760421817 1708.2335784016338 1126.6914402013906
572.7147228890308 1583.5687592427062 674.1348240103983
1188.5639472804671 107.30463048031802 383.78721878184587
993.0184566617642 831.5599125673122 159.06818061468752
1845.0081249822958 1272.1060597254154 1482.584969779568
542.6346568291609 1346.2961844017586 624.1546358457239
518.0524316663062 1101.0726072874136 957.2597080696603
1004.327666175122 1485.3560543986825 1160.584641262739
849.4442938342602 458.70022195779893 149.41231453703546
1562.850877784488 465.29525804817774 395.9950568628536
1677.1587243589304 1674.1392861116294 419.56414455512794
1187.46986705664 1978.7580855518981 996.3488424327829
1465.1525053329935 845.7924983277508 753.0706863115695
969.35608135947 515.3080300089472 1082.7086862079693
1529.3559074397572 654.454859014698 1449.9855471987728
574.1258735138808 13.238663268439144 817.8239436621084
668.6136825490707 1797.0288316542744 1263.2511332870272
1705.9113920755663 1482.5194579821205 1132.2712337007079
1823.2393020852562 950.1788878326709 704.7618682887697
235.53913730860666 108.49068907948589 300.7078128227398
1800.281740678246 704.673125692826 1188.8047789812902
169.99704026464758 1519.6369725297575 1081.846691378586
1993.3603309782443 1662.7195054792053 396.9403713683426
827.8277881793481 1513.397716949412 5.817536006985369
719.3442097058995 921.9922907392292 756.7795132418075
1196.1331532988181 786.1946220900775 1369.2307041760334
1206.1389490442637 1703.5050883184936 825.5191548292514
867.6830474371791 1196.8972367423337 36.274998729307114
1257.0889370349018 1159.2526201888102 175.94135969058684
488.51855992145966 1242.454704286194 585.2970217830294
843.6150712941475 1462.7926253303747 819.1228499192318
1736.162990228002 644.070643006667 235.5217672999967
929.1313202103511 499.91720825869425 150.76125865611627
782.3070467032788 86.5599097353711 369.85904071895135
875.5349125260075 409.1812841687643 66.61486038463565
1408.3476235136318 343.0041147285334 405.25402276549306
692.2235006883544 169.68521590424967 725.9471981138239
1062.3249398216924 168.49795746228736 715.780529965661
668.5112437374638 378.1148557896268 105.59998721736558
1811.0438191769842 207.77652823110793 1476.0496317238367
1160.1482412701723 574.370169024629 1302.8858987729068
1615.5323088979146 1848.0260194970879 1190.5242532152056
897.7549377304462 342.2509566052212 295.81542331953375
1168.4830275063948 1777.6942494522248 556.8930810258853
839.8703511012651 1591.5566673467242 707.7318772820162
237.00527585882946 179.04081163032615 1257.846891979547
247.18283269123177 306.14114188780593 66.98747922932301
1605.5647240812484 1515.8989097347853 251.25758400452602
1857.2149276697987 791.140824546979 913.266377438296
1375.698689887369 1803.4648011970091 965.5749658970238
661.6854532587797 186.90244581926873 486.222219944392
580.069348001498 1096.5028789864798 423.6225623004599
1318.056834070672 333.3535817606914 1203.144876188559
386.36292879802636 1990.4443302548734 493.3044247582797
694.470028159224 1626.72518148653 1131.1128196341442
1668.8302888532176 1408.2440202334742 119.23222028590253
1596.5682424889612 1500.9876661203357 885.5895490690993
1539.0875185841278 519.6651011109203 26.134897871076536
185.83876907152774 1466.7143688258413 1354.220963937527
36.07710503945061 1473.5609695471262 1441.0205142096252
1322.5156640823143 1654.3028690928688 1267.203006650701
291.3401837763745 1965.8786965126326 818.7457460865024
510.9073117690732 230.6130880301094 1485.6776324656753
965.2408105921153 361.1442595528758 486.25417609124486
482.2246283419638 1603.0336873358547 966.3428904081788
1072.9913641731023 236.16895556429517 903.0455019416975
986.430649599534 790.4949611532146 1337.2064511946878
598.9016727021235 1640.9802429573601 666.3212639008715
599.9229749428174 533.1985995373481 344.6815129406723
415.1257594836852 791.4267113369575 171.94301333619654
302.6306754233188 183.30359967719656 1466.287752855712
577.855114980918 776.7094824427852 859.9614643138789
1501.5565767680707 265.9017219397746 938.5116194314296
856.047845521279 1968.8275359497175 522.5041357614327
1818.130400451823 435.80761858666216 1246.239719741837
39.02356049850986 1479.2556492338153 1394.4156647153718
287.3061338121028 473.34533972835777 1462.963718097765
865.9283763708432 936.3578606352529 181.63863516468797
1073.5995338910766 1872.0149182467678 430.3007861419921
1785.9631121130815 344.62202411719846 150.8897683819567
1727.7491559883122 1408.7569061301972 560.5830014755304
890.2632731847444 348.6297455999157 4.6114870214323815
1404.68617323874 26.334815215021344 992.7739781764171
830.4441972709577 1500.7757609742262 98.53313587155627
1575.586643013054 107.01521455661411 971.629137074645
142.80071780882997 896.9441356075114 634.4341957092828
767.6500007932774 1150.4269367658524 1395.5517444927927
1609.9556579025427 649.1477361848313 566.2815173477007
179.0067234791639 1673.259686743498 1120.3004821809006
839.348802221707 713.2729326675504 108.613368826746
377.4668163300483 776.2625015009619 372.82818465316177
941.5978090145874 1204.6556440456627 397.23717715700315
125.44615208542686 1868.883943825225 970.1302486730857
132.8508608010688 128.32663390692045 574.5177572179875
1201.7725000640353 1728.7156580936294 308.0802156123159
109.8077545140892 1882.8720135117678 253.92761077162606
155.9729250641728 1680.6022149348307 902.16225406498
1219.5135343928953 837.0754436657297 890.057075853496
1291.9972384178056 1061.018858653512 559.4422530658595
1598.131846425603 1247.7588553284775 345.04138738300924
27.774979864496842 87.99654270512858 807.4246847214037
401.17127092051373 1091.4293202146453 958.4553463807488
213.93762081375556 137.54956090317717 515.0716225872634
759.0613032097976 1895.8267781898928 434.8832612294717
1948.6180498861797 1401.0941193965348 483.41857546918357
1727.8613260860222 1829.8411482866618 775.8960042913699
1612.0708038345936 1909.8642201042633 425.1538209283272
1047.1636642857452 1062.6364657223812 1255.5351645075725
32.016016775736176 268.66276813503043 72.8582603087758
1376.9896021215657 1652.122291404357 936.7859039428216
161.23756302758085 1674.5187051479363 1319.4709867836013
1125.8242934719694 656.6253175789831 395.69072394385717
217.97552358637938 231.14143564867805 940.0805269992946
1377.1186636984514 1455.2836036450683 607.8718524912254
1909.2041559497434 931.5146978164337 547.1754822117822
715.968253462414 412.6918387485419 430.7504546343512
1829.9492375361724 729.5374671042367 1138.292792243
1191.8654135961854 489.2334561925671 1242.4906536764474
100.09064086325891 1702.767814095856 781.8119381712559
1347.1428970684685 1533.6345843890363 123.64666972763483
211.24347325259407 123.69220701966066 77.99356568198368
1267.96896811481 331.9897751176901 439.24514832180137
1827.7633433433562 1638.7783930610808 705.8107886960532
68.86745296684205 1923.2894700656495 1113.8752481437473
1559.4403077933996 699.0615907910758 444.2020201141678
1496.0809213401076 871.5865388866604 278.0104426117472
1741.853421131702 1413.5684237848548 1289.3141198080966
280.23324578518236 307.1087681003912 801.7260705090204
404.0274917180351 218.28922995330458 777.7389911526212
902.1243903545109 182.3715724456574 1036.5134035708127
1290.198632472473 1142.0278710394912 1392.1703535400334
576.928418651816 969.8444767518914 52.4801132255322
1893.610690593675 1872.7582088738386 1333.128278353119
98.45404277928927 1570.5631992333815 1360.684927506133
1339.8317763346622 472.6948347550557 1437.5382965453962
471.3178182290025 1118.4871539721948 1211.161219311973
973.0322816378346 1673.9126076138393 706.2925319665857
1189.412769268076 68.96130106277987 1188.6289562186246
507.9704740596005 784.2358344426079 1182.1561905800909
120.4370180267822 1169.396527991799 756.6170357333398
1440.5442829565047 956.1954645211723 564.983074671003
1056.9594774688496 1829.2104384928111 999.9151598876118
1833.7128598588388 1888.5991869022698 952.7952497926034
800.7845183281788 1222.6556139061975 337.8230583067829
874.2339461050464 295.7470204819279 920.5735267029817
1580.948973912082 1596.955261738539 869.1499658222774
1423.305031164001 1685.8890621714884 888.0969683188318
247.2121727514156 1833.7734601157792 307.9024818553966
1779.1788585046597 1764.8486121941746 635.9135135922085
955.5131612364813 1047.797261965321 732.5104062777046
1485.152807079091 1517.7680152442429 1365.1681787902494
1834.1755073865254 451.7184437976267 4.875648924814513
176.63337654123623 575.7236133114776 1385.542841299022
835.780372810829 1050.6100501409937 1077.7672172549499
630.8824973636 377.2615519148974 784.6521529280969
1817.3963939636128 954.232704534634 1397.1175355459136
1921.7564594974233 906.5615669969134 827.5689496130855
1687.6303020816065 59.08643234856381 844.0992419084223
1372.5328010926166 843.8302350202831 40.48883334704689
799.5511475019379 517.9986410654336 534.9894958387862
596.1283437270257 1147.7510561747588 988.5226017926545
330.90666717848706 708.3456679672217 1025.6197857973484
819.6734897203612 1529.1814992235234 111.18179635447295
1125.3376598847324 1400.0450281264427 713.2098740322509
1370.0776375180753 1653.4630656471502 121.32780181640452
1879.9420171790075 208.35226588405396 557.9903764499206
1269.8935818855207 349.8895011557395 829.2289902888884
585.6005981890486 461.9749012041934 141.6860231947189
283.03950609936777 137.13699984954485 765.9047670328006
405.4783052468385 1213.5932697281696 650.5600900968374
141.096139037574 1709.254112558347 547.4908021965938
1446.3234587250365 1376.6113782461898 37.44757477507649
1531.5994071423063 4.276822034682715 818.9658210205404
1629.6509232651242 499.6298077469343 1457.0331028606868
1356.674226528088 1198.1651600224009 28.497002183633047
83.95308129790125 1965.312218208722 827.7717274501042
1162.912287479022 254.7926086511152 158.45733471898603
1654.5274225236074 1621.6618324906499 1419.0346963446402
168.70981967487265 1492.9067313303121 343.3334287438915
1122.1913761525275 1362.3007263757536 197.27471578756484
1017.6925568745023 1663.0202637007499 1251.6044262601536
344.98168796393094 65.88264203439098 586.5812472558921
46.63907037707449 1966.6285184981975 96.86958246632116
821.8790499737892 1441.368628780994 1390.3235300463768
1606.7407940652072 843.1741165299637 1420.67511840865
822.446651282755 1217.7257884950875 1368.3896207544603
1607.4496318200966 932.0113743537648 282.0713506392388
1914.0408633243444 130.5326304035328 1303.8502407290334
172.33349679921716 1864.9080614490026 161.23429401707534
1590.5211172933912 1607.0262401976777 499.4808920398306
124.73172920050457 1427.2291159430595 1351.9094000415819
1149.6031522486874 691.6171608940421 342.4668152644944
647.9158924964057 1844.8678631289188 1338.3068712809575
1683.6133484965549 773.5801537158293 1214.9651902317578
101.10588441826884 65.56958308873995 1448.970138975862
1292.5041859426333 1638.6320639599792 258.40150146530345
588.749445182218 1013.1607636935231 1153.20619442595
1891.8436563115047 1228.4033141474056 1114.5471315017674
466.37626797363606 551.7812480876585 853.3913725010034
1375.3600771480105 273.96169510737025 535.0001180944109
1556.2800899617557 307.20930860101726 1092.2440541614562
237.9190408668701 834.104316572176 281.22287677251484
210.30420434042242 705.0859779854067 1203.1301506139343
594.1839680759182 129.4162039420146 250.70345751302492
753.923076203705 1335.1141926307168 753.9666914189124
566.9210982160166 228.53516541368134 883.3355391081138
269.04331596338847 1004.4996965372064 293.34186879016437
1587.155778979752 1479.1257705523374 65.4204892758784
765.7217482690679 1908.3935822800472 297.57172411050504
277.3234645451841 311.3327377738411 48.85623163327102
1202.498650802357 1836.2265690639676 997.7216677219951
798.9830829949893 491.01865782793277 1066.0047182074843
1720.032101693362 319.1797171920132 339.78210696155946
914.060222724367 1600.091558881148 995.1303262759003
493.90955197500983 867.7176563314341 178.83739526937387
13.564335609091316 1872.9594337805934 1114.5841270429116
993.8708321667463 30.679744929979158 222.15429676604813
1111.1426685998051 561.0751814524582 575.8357780448806
384.3980016956945 788.7019014101055 685.0902326025329
183.2640379880175 384.03743232741647 949.9530676284229
367.8271540543665 552.8291872546123 239.11482804260942
1797.4680001162872 257.89231744099703 1420.2724075657457
1560.0124864530646 365.78529011001535 715.805573249486
1622.684842160527 1372.8369040556295 811.5951274831622
1456.092987069162 953.4498361454354 1053.1245022209766
1600.2339467679708 1909.8916070074722 1087.1055105247976
920.4435834636635 1629.803569534738 551.0888751367656
1383.9728749062558 1076.795221311027 808.249776314042
813.3076704704381 1965.3534779454226 876.9878011740594
1689.9310705532146 1472.5775032389045 424.29021873027006
1259.1964608576923 69.08944703316244 1488.9041579265606
1811.123958399563 369.8828260438254 396.91522900677376
949.4969392085316 1886.0178043947778 879.511560418119
1289.1498707879978 412.95045664439135 838.2077723985893
1678.6841371332014 809.012431754117 1397.4174821559154
889.891519667948 1298.801236780236 900.5642093846155
178.82384055405853 134.0918199589658 683.2945618059405
1713.9167253954865 1767.8620222328086 273.00892231826094
1910.289216581336 448.24531711775495 1096.2751902658968
79.23638214442951 1331.481314479265 143.03920167294703
1114.6977449410122 1836.089419947409 21.840206208328272
1054.4871553776748 704.1466367861449 336.21075521230273
928.9461245388328 712.3629211470111 851.582230335445
1031.2867126772758 135.25879901181858 985.4039134076904
795.9719803669072 657.5717088730275 182.83461466687083
1653.398282801716 1380.1019628661934 46.15588571540097
1160.5472462074033 1298.1942351568568 680.6054409323996
1843.0737167205987 1707.3236883626432 361.4709082784419
71.17669623969003 1963.295876406081 362.58147485820064
1937.7260195378242 1825.3044789465694 305.7528418589197
1766.1856166682633 1854.1541725653674 223.72296208831028
1747.7065407037157 245.36198872115668 450.92051113600945
1748.1992926836356 1682.812959966773 172.4944709701139
114.88707860132541 513.7612145630095 321.90394378928534
1463.225569126141 1175.1327290933166 701.6510614238298
212.43320809949174 1521.9907749984882 356.90956830625896
137.8985282954599 1526.946434989427 1274.0561266569089
1932.696919644532 957.5734400408154 1399.9589934369974
911.2948643725097 1695.9119807220077 1279.3872050679433
814.2221325055443 596.6983674500119 1026.5455560932212
881.0170372237462 774.9436255505564 380.416398682243
1255.4178275860206 853.0000280217242 838.8152567116481
1929.0082308409096 573.0503058573515 422.66825712531016
1375.0456192321951 1298.5700761946061 846.8322482183823
1613.0301004490748 1697.6822139281453 420.41402167883683
322.9575762478003 222.0629409432915 987.9151920663666
1532.047298224268 1215.3619966026422 959.5924551818966
373.9244989142054 105.68584385927005 1153.9552409929668
655.2154155779442 1573.0028298421264 1304.0561503742513
601.0304235026694 1298.1730382758358 178.67143012490376
313.85477087805833 1048.7652588898297 1433.4014553135808
1607.1113741707773 97.27701158148005 394.70152645656316
837.6517411972251 500.0908658912111 425.9931125291169
1724.58404565568 1408.3293692885977 1190.2439472758256
714.3518174501675 1922.437627539976 891.9103077956752
322.39905786614355 1005.2768318713106 847.2568767939084
1362.380901106203 927.066918576472 733.3799273453669
124.5792859229653 1930.867924709362 262.19753512277924
173.69407287967366 616.255100536451 374.44822603237475
274.83337966085685 1033.1729402329956 1210.6628631459369
749.8623898801422 536.9025607444145 730.9728134370274
278.77831585935087 186.94545729559374 590.5507740397047
1654.3135432417598 1328.1768240041488 1130.5875438673356
361.50489773093585 712.5165563279356 999.2984961028358
1533.0978073470733 1923.5113033816535 1174.0168244615684
1222.2916046569774 206.58852362988966 343.6709858060487
124.5125274606187 509.70149945694067 733.9388657925573
1977.7499803710382 1031.270247917649 62.27528277086753
669.6759909257537 341.4386977199817 657.8220456532479
1881.1535239023651 476.2125394150236 93.2545936912308
277.71425550621086 296.20039154055024 786.1685977235215
203.9040807629191 1879.9696690904605 219.0026901396036
1497.6299687220214 13.199252622141167 716.9975874930236
1948.2335131235227 1412.8638776962594 1310.830190735445
1675.294286593645 474.85001621226263 1200.5279477995143
391.69179758734595 849.6465901863451 687.78427938948
1393.7757931096035 13.996644899232802 426.06223609823235
930.8602067777055 1922.2255025186057 30.53596961035171
447.5919116416018 866.1139520868384 447.7342698516305
1785.2358192379613 1817.7206821359384 395.4015646077186
1556.75146995436 699.9575885988564 1192.9537310523515
507.60570743785195 677.244656705541 1144.0339616398362
1351.0085651316076 1230.4254120043186 469.6192399548031
865.7056569218958 288.97135232766715 884.3574383798548
1620.974986171857 1433.0338984046678 178.3246573598306
1405.056895683901 632.782399476161 1186.7543573142536
702.7956835787572 774.8056264784668 18.280421866852304
671.1483986242748 1842.3801849732856 841.5789108842258
295.0582418716474 1970.1189133818136 866.9978997978351
1611.8108025423571 1127.3402460946259 1350.2208456473827
1035.5248772731861 692.3089023065792 340.7614006289823
960.6011799056196 1672.2046471192773 860.4472958278288
1841.0679628442185 1016.5191787898733 599.8209195898868
1815.6893385520018 1365.0132558796327 625.3898255444004
296.09763716589055 831.72049934022 1354.1341186201696
466.85869430315785 852.0166465295694 384.96264677792016
715.6657151106884 1485.774513244988 1280.8376830957377
799.3654097987568 478.9258186116361 364.68663346535334
1482.8932365522555 1121.83463876267 624.5749912880565
1859.6283432136975 901.3422494350081 1394.4219921790473
1724.2714205099185 1504.4901500036774 346.72708590740075
394.3770339556363 143.38961876173673 60.23626716717395
607.893107113941 1460.7291158372118 1336.3492390549357
28.75351789208258 1120.6663857304434 11.665499706847216
1816.5664984373057 431.15609525651075 425.1433822152158
1164.3629199705492 1054.067925474056 447.04690021173997
1439.1094752296642 1267.0680302574601 89.37225554033395
1560.3928710269215 431.658650117847 764.4859323391187
939.3498281914942 1271.8713467866362 933.365163060289
1553.3810243382866 1792.7530853903393 28.60504905285799
948.9090246001201 1195.2819424064064 701.7275652610539
317.04368246596147 1987.0619925250717 474.9258964001238
1346.911968473986 1130.0920433747287 401.8781917845389
1152.2428879680651 1903.3551847124747 924.8860545136927
729.6875381931562 894.9987202825813 494.0784334179533
1008.1168881205862 272.7548938662212 737.8563267723794
886.2584119168811 1475.1403643384322 1071.8680895943885
1641.3433186146615 332.5539720241577 174.60952542173348
1828.8162964953772 1220.3519543245548 54.57089898631501
1594.3569325533974 1190.133215815776 964.9817002320865
1438.4712605315576 1849.7106579474637 1180.4987133876655
1791.584931376293 1984.4718917845016 756.6954911184358
318.764284269335 1731.7859452570187 744.3471759627902
1775.193452159103 1876.6647615640459 881.9774889661331
1329.8141833796237 831.8238255190867 1053.102685564528
458.81958012922144 144.77430760601285 1255.1422194816548
1040.2860631138096 1411.3805965490726 56.94459746082453
353.3849804319091 1777.3174552868156 481.78623472386545
559.5580810511572 166.79297111870528 1097.8076534214842
1561.2591652967856 1663.1621287448168 1302.6940910707901
175.97703207969695 1671.5738348520663 1264.1758843100247
209.67759162550738 932.8759693685757 389.08100146873176
95.15350934384648 1544.5013865789076 1116.9368570336082
36.30150675814492 245.6178659885646 687.376742284832
261.51715538068964 1456.2037083608946 412.4759309001292
1148.7353730993755 830.2343154758331 1106.1116017112265
763.8023371755352 28.479401287540675 117.10357418354955
826.6771770449915 748.1517909039745 665.4883177954314
843.8745005581254 29.714760003567207 1406.0021049912232
673.7450360982382 746.5200251995296 1151.8106915699525
1390.6047700336694 649.0703949593435 542.3258737884325
867.0547003398863 1165.2681694207502 1186.9033395141919
1835.831583431369 1722.903267300133 280.38237564883394
564.4792360166211 192.90873793075346 773.4797301969805
1495.511936780815 793.4533483936837 509.88691284364086
1042.197603222652 1089.9623012948755 210.1121380192582
390.20073584572356 1657.253082530862 306.07563085349705
316.0127718379284 185.87641453466986 115.28391357356954
27.87017489183463 1780.0130907869652 1437.6046632419796
1036.68126266896 1719.142011668391 1012.1963100052421
1687.4419818736667 1717.1627037985893 642.7317196631872
821.8563644314969 1549.7974627259885 927.5852164140741
1784.1835759978983 707.9341955650777 1140.2987836995485
1447.9874094582337 86.24413245411367 302.0442716480441
1123.3586974394518 88.14758144319667 515.0871982432323
41.18388825606401 1156.9207922036082 359.73199233853205
1611.2731378154326 984.3277935517681 555.5882190576935
65.3753457564965 165.4104246960224 937.912656870827
1306.9348111515972 581.7329322484592 431.03321192537334
1416.497234383796 1053.9382739542775 1283.673424117832
862.9993273449612 916.771479754459 579.3007103819865
1531.4045130154786 710.5139620989107 711.504324240518
106.1883417500753 1669.6018571641519 1067.8876629017052
127.46831949147096 9.63461559468648 1323.5215732972397
930.175220908811 1423.6582532532584 539.2075835328233
425.9380040167917 1766.659632339779 1038.7314959766036
1392.3283478146172 793.2607822610289 519.186789261002
314.66208878153145 585.6377984970467 706.1649172213164
1445.593969541867 48.73797394866419 673.2254908773118
1818.2368518837393 782.1879482447272 549.7004929823491
564.720678279836 1590.2514983112221 106.52212140918671
1229.1916904891546 395.5648142793888 59.887772423577346
1757.9958335028598 1753.8815918809546 264.23685341824097
1345.7598467964767 1824.6671946039091 931.9395555684824
53.51106179416831 282.8565088530248 40.563381002147516
1364.6274866209817 73.14384731795775 1490.15620039187
1973.4853001424271 92.91062667830752 371.34180293250097
1654.1959406064007 905.026025546013 248.57508038276038
187.60251548524408 632.8551868301159 1400.8389661469942
350.2410374705225 798.2720026189098 901.8602379321052
1190.9964120183463 1167.214971265819 772.7843371999558
328.45846960887724 284.0723805929435 806.3259832994873
1251.1126649914986 1129.2191514691433 1422.6228079025714
1212.502703510521 602.1325539734721 1427.7166489268373
323.93959203948543 1097.8859750499062 290.1127114129574
856.5237994289714 1719.129999103972 305.18801338843457
774.807018626523 335.7614682560675 410.64370367962584
172.7192612569448 470.2679353361314 1343.6856821596082
1782.1648843296714 1650.4679499778372 342.05988170135066
1934.3438321065976 326.51467622896035 1234.5844036665237
1199.8410887540012 1966.1051638130518 791.3741302768593
1441.3044509483377 1885.765453064849 891.8201393980038
1235.462805076602 136.02503015391275 101.7327761970499
1276.7533307246445 1215.203408836371 804.433670894757
164.38382214941183 765.2248200532619 1278.4946331416706
1774.9917692216088 432.39678964259707 1020.4029938712811
115.75310134148009 704.3963924643957 50.40817175180534
1759.2649888362703 717.5835879584806 1187.488670616914
1688.451629989394 151.59186995931572 320.24930245156287
1777.692257366531 1256.5501524613173 539.5534002526498
1858.459418559113 1383.927342897998 122.8914619607998
81.68319447631146 1142.9892041327262 78.49345556460192
1786.9798285568195 323.8169415933636 151.43178458085094
898.4453716601515 1359.2392686863775 1431.3851684970969
708.0898956192327 556.5349826888972 1438.1310757482377
1499.5941493836574 1852.6305026556845 268.36408232720976
148.70055229992917 1166.9440743914158 446.54744181814027
867.3466706085535 1682.4069540898402 819.2409331187923
514.4884474419948 423.52663927940836 45.15436707283921
1995.3197721439485 1466.2460189053443 319.0725995698785
280.4141100566717 606.5300561060758 1095.4467799145796
1233.0058958254758 35.109810716977385 1117.8225336812313
325.41127552490724 1160.3480453838563 5.862153904431066
552.786857451289 790.121750456219 532.9137755207208
1664.3992504262783 69.1322787883013 729.4360006272126
686.5127139627549 1235.5678059301815 733.1542170782868
264.86388020535287 621.1173970967415 471.2859886268082
413.7993429138469 1553.0600015728025 1127.7183407436191
109.66519592452451 1044.6825311676425 873.8040362981792
1214.187733567337 144.00192335126061 881.3018556589226
418.5526241166298 1175.900067806427 739.1157030606302
1704.7150335859094 725.9617539370706 138.42208120199894
129.43328868274494 1257.8373888473861 106.74786000332487
497.093815719118 810.937897045112 955.7068749086725
1590.2798028183847 959.7775460069508 1278.9198708572537
972.2049037785083 1400.0593442353136 347.54499400156055
732.1016376963859 1437.560338270293 473.4375187386127
1127.3186243018138 1835.0303700442287 1032.987487474349
798.733334557835 836.1207863559227 494.6367645444661
1860.4346576953576 1606.5434768844561 875.4913846166085
1589.2455721660012 1980.1767778749643 296.69087583578863
340.30979039875484 526.444208658535 328.0636403266574
1108.3103034552366 885.9884552599184 1221.0132070369948
594.0292159784449 302.5603523411291 679.7247085339084
923.3914945013017 652.2656598429095 1460.7171993312952
1325.029733805307 1793.8527099424539 1470.5237966106934
4.343266644113664 80.90557091035144 976.2296635900657
1311.0690655824483 142.62961840156208 1423.4655641590725
677.9787617593028 543.6378694401704 611.7846499002894
585.3852464551461 1593.3850801587628 1356.6737872923172
1821.7510631308728 1444.4405899133897 415.56960150339063
883.9925484324467 314.6481355577535 1220.4205551004193
692.0692277203775 289.9378275297988 1054.519537136004
703.6149106316276 1185.7928659432885 270.3868381215599
115.69016352780625 1047.906522048825 577.0391325766185
1670.1475198094101 202.48489718092898 926.420974291869
1440.7638691879356 245.8374458576731 199.11126343129388
262.1680794566015 448.5558681962609 512.361670107536
1826.1619036952227 1454.0235725281052 773.0000286553983
1580.588400109335 768.0879750816155 1264.484010081839
151.12577820979502 1988.0056969577122 287.2460902539661
515.3021686481809 1736.1756966319995 203.9607310029168
1348.7368693810718 515.6008514053658 250.9458125316336
1620.3077587586529 1478.3366916905595 405.4839032429442
1430.1602522229994 367.22500998258425 465.42745368898886
837.7559548480938 1079.5732563048252 838.2924439028762
1400.5220353394911 1686.7061550662236 300.13905153544863
1348.5920941799259 1052.1370832497491 710.0098740542065
148.59253116824544 433.5166345926056 650.9992383785653
351.4110072891037 1819.208719914535 1266.4869316332858
146.30409664112975 1987.8908881292177 1134.496228447146
59.92249294967466 1331.3550190821295 1030.9634332854225
420.7593035620321 785.1353384860023 551.3048897099015
1597.5784234841553 85.94173169850517 1024.4177903265845
388.41830933028245 1695.9413104314478 1345.2253264933697
1298.3065567942128 1323.8140186541636 608.9400912173058
1847.7794160537317 129.80451837082984 954.7539083584371
135.23059456846465 1724.434158862799 446.08752396583424
1320.8140225246175 1238.961811998213 237.4943179247445
380.417225023195 1759.1175703415508 891.7308863641871
495.9654007809893 1174.8663039146306 192.0139313905475
754.4392825961972 1483.355894250768 1412.326022354208
1422.8951613317574 806.8305289517021 316.57599134075326
1037.2657928201475 832.9927068737786 83.88067594423171
1625.0099598527338 999.2208186482425 73.99722721524004
1946.3517933194119 471.22300130791393 385.8634873706525
132.6522826527654 507.0216172034239 90.17702997173777
1943.4762517566858 1975.6488828710296 651.8475200285307
884.3960731470218 1924.9437508456995 9.674856148774335
449.4954829014015 1446.6613718116855 617.1440723894677
840.0171612703513 1186.6886647380277 996.9541357069264
1382.1260657761632 264.4288911653494 162.5830417326347
1417.0695992767626 501.1704346867005 642.0276744086534
0.4187286898489351 355.6106333581566 154.2002122412311
456.24316605716285 1530.0678157307098 458.3775521214062
509.1871769924843 1864.6420741059962 35.09076668707056
1259.118740062961 160.257614748492 184.73952619929457
110.34906067831085 1117.3059469336083 1287.1461148007622
680.1499807097128 257.0262494969595 1296.1828615262295
80.01740722283989 42.477217080137294 422.9420489590724
993.8268444206158 693.2413416639083 332.3478305701984
72.80485858908659 1360.8480170876887 417.64815022255357
1258.99614884279 35.48549654398325 43.415695307914895
1525.7074308161975 1529.177431686237 1383.7886877548608
1577.9124627293213 759.1646617225582 1223.8275936608115
840.9628809548167 1371.8397155719913 506.25692167897853
273.33822620270996 141.300143016573 398.5776517644504
1889.468554064162 1090.5881109386899 1374.0835649347832
98.16743910751269 142.942634813624 308.3596483256393
1368.022703804929 9.716037012543977 36.08293228872539
271.79672145256274 580.84265208128 219.56310472530487
320.2577655848913 1939.718884990024 734.9153262958872
1.4264782203248227 1918.469426494762 146.08512598725844
578.0200998472533 185.92334715249171 478.85522261519617
667.1962781601237 4.270999036972478 1336.0655517084278
1571.9069025760477 1655.954474252187 1046.1210950258292
1784.543200256269 1054.6631246585912 14.2678378631515
367.3101636772571 787.5147189488139 605.8165955807116
1607.404608863514 920.8960452774013 1448.0765235297422
1786.71270713557 905.5188231521046 1279.7768009885626
1326.7168283320439 66.97710606727414 1451.2142183617648
637.5799080020985 635.0690137320181 813.7882950168372
892.174846769155 880.3746405409449 390.9304917771243
1636.8320442565148 1959.3067322937472 775.2884873924446
111.15762602621237 654.9985805585175 962.395165162632
1358.6543261639326 1868.1445965768312 651.7853105340912
1339.7377975786999 1732.268727062056 420.6194748612598
570.0408571952709 1566.0640281095468 195.27249668287573
163.05826801556722 222.52514117411005 1326.3439422968647
785.8032187081448 637.4846964623633 160.99650415850815
154.42815790915841 706.2578770128016 1471.2542130184045
1638.1668169508573 1072.9763852015521 1472.2480773776542
663.6075836470275 1698.5405317977493 1474.8162346430113
680.9837833503867 1831.7884714058757 435.07323838030726
1261.4804567708488 1522.4476744177211 792.6023391746762
488.81262262073835 1179.9873131888407 146.2702584594495
1416.2646051071704 923.2389324531878 407.8127997450674
1028.3307090906073 1748.1912165162746 132.88140507720465
382.1611299639984 1829.6709828537064 941.4828814497797
1075.339945971425 1424.6330174586847 804.2365675603306
68.64808936171384 1316.1749049875482 848.7767469643023
83.00566140454247 651.442641385789 61.70645128299185
677.347857954326 1364.9317266145245 1411.7660880415938
59.94252396408606 1653.867979675123 722.5629590789708
680.8452398557754 1479.1655413498772 1129.8928160968267
1517.1434192300535 1835.0909652585458 245.572539962986
1569.1525088515496 873.5491733005712 214.7163929299365
1809.1153758357837 815.0005143143204 585.8674165851021
443.7587061335453 1805.920726181803 1085.8920359396318
1377.1315653082381 1138.7232540662455 547.1387131694006
1020.8843374178822 242.7678489843017 1089.542976149535
33.35850946654273 214.92775825676213 205.42100786720536
1407.7139502656826 683.2240935711052 187.4329517821121
191.86107200349457 153.6542478764804 672.3426495471625
1921.3511034704381 610.4694467237222 1419.041265373043
1569.038916065394 1414.588312420435 1063.4753107165454
1265.8200879000358 1927.6667005180063 713.5949767235501
1633.2757983634576 1122.7569293957733 348.87016822732727
1192.2749611709612 1914.32124937553 1022.7658521844701
64.38156662089733 1026.5767683569995 119.28291729364886
1603.5855164614381 720.2515730992008 339.30022955690225
1621.6187518971024 43.794571370608715 647.1249855621559
1224.8086264794213 79.24499926707074 1322.654968851722
934.2451127947285 1284.840685657465 447.3071980454539
942.2226606719153 1814.6342811220647 859.4899419283081
70.34202960684644 1394.9855457348779 885.4254390971461
733.506407389452 960.6661087144823 813.4684975267706
851.0268517549163 1729.8368726586623 429.186698077524
263.7862177760768 229.6328786183648 558.107807700414
1868.4664044189692 396.7587832198736 448.19009602187964
1235.738722484817 1701.674754152051 1479.0198692442086
1994.1748605158266 1530.2854468845792 1347.1089092490784
1415.175225036353 95.18535171032516 427.66690317755433
1311.1746938655115 551.7910997870201 1174.5605435963346
1079.3413295900489 1276.8023344115725 1463.239391727273
1545.9094232590276 1643.5902178965212 816.878066458917
1664.1247733053917 412.3592489556258 822.7424508398738
486.2736754862229 610.8519241538183 1075.1421940563907
1763.3613029413495 710.4187611858157 1165.5679098979858
142.37620718225563 1864.2089590772266 895.5853440042451
108.96863571542093 1821.021634167774 1261.6804445987714
1107.3243061095263 1808.3020653503236 600.604950275146
1862.9606445238096 93.4025220436152 150.73960176857315
1705.185618075649 1661.362612207403 509.70058723302867
58.22932856631557 56.824810832488026 682.4519258634756
302.63334312015087 1079.1819004485158 1088.5360142446145
651.759742406677 1985.3162341338445 458.67494937518626
807.117710275384 393.21177444534203 688.7820212757239
498.51415547688373 822.7482162269622 1151.6342152185237
318.7172513100318 945.4624490375285 85.77114481650877
1062.295431882208 1523.1998013063624 802.8835660375249
92.65251221054771 1276.4626009002168 800.2082129336923
102.50796301516596 1753.1402236829276 598.5845072081729
896.856449651811 321.59308778974014 1456.2699089023597
880.6804414315941 169.84918117234193 436.1123852680862
36.71772924964989 708.540963873882 235.51108441441403
688.0231901519767 1621.284007459269 701.0335625022801
1429.243396378287 1796.761234879369 1225.80767166638
793.4755130383893 325.54193620369375 639.7580586973872
667.4422903812036 364.5413676997762 561.81192596953
1877.7772414320157 1044.2198945344644 358.2255875074364
1199.9351899724884 746.3699070425394 969.4037019503296
1002.0305713508393 776.9665590349193 1461.9336404680541
1681.8092058347997 1082.9862193117217 1221.1190366893443
1334.452679585492 152.97396079143067 661.1318458314018
326.833781655278 168.70845081233375 754.9289448017042
356.66046023353704 387.5522514237613 1420.7226423065108
733.6547714364583 1923.707383470265 1067.6410780253752
1553.0426143490595 1668.9705237099286 923.6466429949132
1986.62396809268 1039.7295745293452 376.8708066826303
1482.7748260546334 747.7264406349564 1442.8246476344634
63.20451642867475 1148.4558618710782 905.7275072878092
1137.3954456594058 719.9362429749858 156.8708247354406
988.0273011028844 1956.5303992973259 1065.1410236344968
1407.2439481250933 1602.2440837021625 912.5486844319214
1325.2861656070259 33.00595714866495 441.2138768384763
1965.4159415515758 1950.6958845586596 217.52906121891903
200.43373310612787 1731.5101565548462 986.9864134828282
362.7022657171306 531.1699590804786 616.4384354177229
1930.4099086596937 12.706620839977978 1054.504357211603
554.2399420421465 509.4823750826258 1237.365383568014
588.6111043385552 1684.7245945492298 1130.4019243240266
1403.6228935397198 1869.2329553877169 1395.691644455498
1516.470701167545 406.36438761534845 244.75945256426084
530.3226620059567 1503.117389234854 415.7735365668683
425.05890479453143 1461.9890732101858 211.8024494471143
1705.2456574889811 1104.36106805537 1413.9941159796053
1570.053107188025 1162.8746837299045 542.0415017360332
1475.9652273817937 42.87356431326894 1336.6493904078382
1851.2050529500211 1185.5817555236242 234.4940401007647
768.343838038715 1441.97415566239 1044.4735634441004
616.1416006755087 820.5285958329318 1057.765339970153
1814.8363626805838 1135.115320266498 1384.262376416249
1932.7205323157943 1356.2332126832873 412.7387044597993
1206.6970786234556 1158.8820949836609 847.9632370242495
1490.1559566210024 1032.8550927732556 895.8137279179948
750.3193493797497 283.98360312906436 85.42394434119838
653.9887595365739 166.5032163271214 1184.248475546157
1990.3102335351682 1903.4099976792525 119.82002364197997
1650.2729569108635 1455.6179406636309 906.4786737846957
526.5718446016215 454.9692188926122 125.34332585264974
11.4271366948282 366.8899268754162 442.4466595068663
1543.6433648093935 493.67944280586573 1006.8424097601684
582.6863340887343 826.5227924812133 547.831475406337
1473.2005661576256 923.6066233697516 298.7181638080532
944.7843346765436 149.94926976581002 404.60935529775304
607.4548975024887 438.6572659777452 361.7152675419352
6.249980672459188 809.9855015685738 980.260792582954
965.6777740303586 688.901618296238 1278.4889000768019
1478.244094593182 1287.6385312543457 666.8757651831315
1662.9728835755661 1602.2528211229162 603.8277537536723
1333.2351667957569 1850.5564393658735 115.38675175944718
1339.7079528789639 1012.8360257188851 232.69523468185727
1634.724721811676 290.2451502695278 612.3733030291983
78.57640860987414 199.4871052527103 1138.4307255252115
1019.5416146813135 794.7261012989608 794.0718074091013
55.89990315013815 1591.7878254817115 1395.857674570322
1870.2361531716792 1155.26872167897 1445.4956886714083
764.1858216554327 1097.6011693017942 1499.0245931023417
419.53780155815434 141.46655137436647 1161.405032882294
1705.4169261553618 92.4800412415252 1457.6758472072318
1820.7062460488626 897.5816200298474 1028.745045392932
1297.267946200149 1713.567023128767 888.4628987284226
857.8214261950014 1567.2029222938359 1355.8470001586306
1609.621357757409 1873.2274620482394 83.16023160466001
161.2157458763952 62.70244235977152 1315.4919272656969
500.3143366721383 704.2493252764963 257.7720688220935
1250.963376030143 234.065082359187 704.359208606259
1775.3481418028007 161.7120227652511 594.7367473210813
1863.3840630433158 1993.7325625344888 428.4132528283039
1659.886557988264 173.1558158069908 834.4817664968779
876.7546669397 1348.5105215697254 1217.4819129314112
1613.8118154781605 1280.526677666945 55.53118816069724
1022.2791320695084 1218.894274058958 1045.2913426553264
992.5282010187235 386.9749348164646 1237.6535060582262
290.8886630145402 1920.903981584815 45.91863729463036
1167.8821856071627 57.12871933070418 616.9458428689347
1047.096543736471 671.6446674130494 924.7366512119132
240.12468676401676 1153.9054963356548 256.1382565040571
1010.6493721197434 1611.649222809803 213.2184085519333
1945.1322278230834 1041.9335284268764 1406.4630533429524
887.2490943127756 1276.7497352308408 850.5729592114158
524.0608682413788 1416.4348590062584 477.7413041601235
385.94925802995573 224.45485686514854 321.4851624360356
565.0627177270686 1585.885589491225 1254.6369200073555
883.414457576555 1856.7476886605355 948.652859063153
34.655611369270865 1038.396407057531 83.00239504211515
698.6468014520939 1661.4166183666796 76.0170177257427
1291.7911784242278 968.6851433614128 340.1344154082266
1247.6112950773627 195.5719488454921 1357.7349830287035
658.0394670341034 303.25913835893357 1340.330670308887
741.8737147572831 1042.9119036334564 859.9641061868978
1248.2041726677494 1216.0634758374151 210.56150955717396
1517.0160800856681 924.9452066657509 545.8137239270596
349.6920642043364 1263.9168431042744 343.2128466061545
598.92488637767 98.14956616100167 86.9398678613042
876.2378137591019 561.6256588140152 6.4737307165336215
1316.828316495646 349.93698124649075 133.83015098265582
1414.9338389800125 1155.909133557496 163.81434623384283
1827.33703553738 1803.4293788870095 320.5240230495198
416.14755655109326 174.8889890950247 1038.68411284175
990.0353541213996 1963.803809809372 1335.980677613189
764.7561494029045 1432.6085048543503 195.79693008174047
524.5300543487485 421.80549363203124 1295.4954739060552
1987.61070232003 1047.721958888052 1381.9348108353322
1716.4478694107738 14.242598777730375 820.5398503095806
891.4309721395384 159.62323645933841 1038.6675497021313
1850.0687691116655 209.56250095807238 562.5826296194489
1563.199626136951 1153.9474003461066 1286.6216313506948
336.3334068888466 96.14577024907112 110.31171782397864
702.4078090397528 870.2260805220161 679.0083508123458
381.56611144709495 1778.60480763423 957.4040138063788
343.43096622003964 1180.998256909081 1274.9506240818614
1322.3601915313302 688.3621858548859 570.7724315138928
1955.5934119620101 601.7923892313038 374.1669727449829
1016.691063249279 215.1024200389935 57.03180989137019
823.8316303711888 1689.6096022694185 1412.3620655931445
1399.5542389649443 717.8977104839852 145.52268802323476
460.9117485751602 1830.289386800008 327.25490817963663
996.0052777052783 442.4726342390768 864.3297082085404
1412.257312963445 232.52413200570254 1159.360579778895
1818.4945780290543 724.2073303336416 661.7591829387038
1209.0657862292746 532.7725379415751 37.43386789324127
106.11253713888846 1309.1081282459377 375.66107636312563
687.9624817486709 637.8988223542832 542.9803295250316
1167.0856432488752 658.3425701072204 1030.7478758834816
1604.9629375522402 1785.88420006479 355.7742013133608
1205.4783122603908 1609.7008084301508 528.2499018867145
1890.8532034004095 19.566036220157955 473.5177871055238
1798.2367454252094 89.11325790816949 222.91306378029378
1670.194172896281 1384.0044527195523 633.4326800349963
458.67766824079735 544.3968300826767 175.61388454975906
723.2179947890498 1556.5821540410645 1283.0643250926332
998.824324176208 1822.909939964714 672.6771323223203
1724.3666809473998 1991.1172648085799 1013.9479423416212
343.1435633958342 1571.203255868825 1196.9684262667206
1219.7035069172985 623.7367650383061 168.9094661941193
510.2377951377746 748.7384107398581 1275.5729956826474
277.4715333444313 984.51165487271 351.9066075246814
966.6207375261862 795.8816192365839 1264.6866784441174
1672.4269510349613 1763.248025902785 790.3753203679514
1489.817580566295 742.7635676816349 1012.9542050405076
240.6505416312692 417.9982817989529 1062.8833829127866
1282.3965634855285 264.01617552655443 536.5784080309445
157.49594893881368 1339.6036847114283 704.7717302670505
340.72792756845985 1712.78109461263 242.12049677312726
708.3072552586418 1888.1248048282775 175.06787014902292
583.0843293671321 847.9178596276021 887.8303646597681
1315.7902184948275 1433.7980357506171 296.30521961181097
458.2983811135493 915.1826094319913 522.3177698883239
1792.4992455888303 1138.8911448225044 295.88222161515444
865.9557147129321 948.1558159865156 1215.4154327738988
1330.2028022500883 18.187772115741964 1276.5637438512888
684.01101584268 1361.4463288846594 267.0949643385161
1347.6244283137496 1693.4802149965408 69.37680032259236
815.1251259687468 1259.4054121919867 1047.8213638366528
913.1663236279284 526.9748881582718 262.0246995661473
59.830148468542845 1804.9303676930374 243.47658873074778
826.9969422650951 62.66761153039835 14.220530017393207
9.828499823284487 428.74472006819843 505.7856865841282
326.7146240481873 1312.92630090764 898.8810488447411
1590.9587224820946 1175.6002868304342 1250.7319233771077
1650.6676322849994 1574.819619357188 475.8628861706872
689.6635084576179 95.88951459810802 512.8571481989806
1300.4179436795234 167.98025040073193 681.291193656
184.2226251852759 1953.1044861954422 470.1624897084673
1273.5016927936158 1972.6532734249242 987.8238361331873
636.410788054663 1918.0789198940192 457.1629616897246
1735.5632097418793 561.3036548883448 183.62355602617242
964.4105964265764 910.4603244245546 208.72374228125483
581.0331754828605 1378.7293739363477 1091.1345318607873
194.61069165105505 550.1156391479551 963.1187779415638
1732.492837096324 1932.460154300525 1081.320787946796
282.23582634882337 1791.6452391923729 1454.171063864281
1332.5835040022957 1866.9472315791584 57.69572433466319
947.2778099685073 1545.7233867604632 10.05251079490721
1973.315755886992 891.0720822490252 1239.6277244886026
1162.9979159419252 1154.4371861478135 668.0424758976857
710.3686697081506 1675.7282224270755 601.8621125628009
193.61562361055863 1107.7675165989674 420.6789647614093
1777.9023731094217 672.2437513350752 132.4654801503215
849.8430610981593 1499.075565116324 890.8407497020024
560.1903141199447 1411.9996927404013 852.3460575167495
1417.0240782489514 710.9344794378891 1018.7675946421315
1896.5762440905303 323.05138020376023 498.85137874482
371.17768232896185 1749.5672167660125 658.5696013692035
1743.650150090622 1273.923430295169 195.27580450023459
1892.4867548748814 728.4101424442648 902.1724296291239
1273.971553565178 26.618414455015895 591.0366738861843
1944.7847814057238 1605.6802304165524 187.87927642989348
1516.5056254571537 469.6406307135721 795.4742418684391
1312.3056563053808 435.8599382280572 868.2168473009003
26.313926897864715 1248.0969903870487 1117.0905889481546
1798.7769012016297 1126.874207653929 1198.0873364604608
1054.1027638234616 794.7085566785308 1107.6229599185583
345.52121185106574 1914.8295369889522 1167.4244973984426
1234.9340177407082 1649.3245728193956 251.81966690124563
343.25893656336206 1489.6549257099712 596.8393054050296
232.59382002588657 306.6688657977101 156.37367348788044
656.4840745071187 121.4408490388006 481.18520600202595
1414.61150322359 1144.673967851043 1263.4128512259865
1615.3660477037254 1364.236789376703 1004.1155895785739
399.3627706281748 1663.4953403302698 441.71261233813186
1701.2831039770103 872.0688144442197 248.7831788270567
953.8936969216925 922.9108978075293 926.607406200882
1256.2833860098694 446.2783348897705 1060.1921723540893
567.4565421792894 863.7238446829363 961.9654422064747
1632.56669051096 750.979787081415 340.0382717640409
51.28708876388277 1089.8870247395141 116.08140919175803
1254.0442815711797 1699.3694016177776 396.3273312488656
574.4226178464704 1462.4313557160535 1093.0581691245459
1023.7710211284765 829.317125842803 45.78842581537673
901.4864977197406 64.72798739281593 377.65054261418265
1140.8110646471519 1822.8041377259722 1312.1230119595461
1796.8827564301007 736.9866194181369 1467.7694311690154
357.3422403319335 540.2774927238172 401.10252059845527
1086.0414522010358 1058.0508228385875 1112.798829070079
989.0015407428083 368.4832898783679 910.9948564266974
1984.0969433979387 371.33328167012405 767.0240864148333
1196.046083285422 1031.3008169046134 276.48969575449115
1116.1361278290747 3.4203324314578953 1210.1658719336563
1779.1977606798398 1836.0181206740303 1215.706286834295
179.88543522211353 1092.2092613212678 159.43185909972445
1376.6491221046522 1394.0208533620241 755.2980999318335
909.1263303752218 1314.3040413166068 1464.449124261679
1456.7132131525839 266.98845430826213 1252.441842602983
1703.8082497097494 1871.9290024205943 232.70644972161782
1787.590196339813 519.8915879836517 160.44367661500937
440.43317725118624 58.63384192348442 660.2047680608916
857.6560032063834 1188.4131446736037 1202.176073781407
38.376262641760526 1683.1141985266315 925.5194299348811
379.1346123257804 1342.4754264357755 1046.1842050784242
1855.9431246947158 760.2025055309596 828.414276941576
1124.2730431176824 1532.530421598569 104.20567108015383
239.38951748449844 91.02653201874422 1326.6867858909814
1735.3022670116131 1297.6725975814313 825.4485081349874
1263.231139446642 181.9313589791167 900.0799104613495
1738.4721903725065 1420.983894335146 208.37904092802174
23.243008480059668 1028.3813871043624 151.12560233541888
1707.8005448197132 833.1995418781612 888.4318783392805
932.796496461606 1860.752197837025 884.9300097757217
522.3809112636768 476.75431176612994 1037.2374843074374
1287.3679671220796 1789.4667912190105 1029.4826725945782
1176.9917747174945 1180.6370966167185 845.4361131272381
1658.5262989898958 11.143420088897793 310.58980790083626
517.052913009116 520.0337169627937 90.89740647979205
6.276531699265897 493.97472785279615 118.48816632848475
734.399900112589 1929.3191966696795 627.7222266316621
176.79989929521577 1914.7155358583263 108.0155628086174
1842.4492541715324 228.91761628942464 1048.9047455623677
1507.3251178643804 1692.4087294176402 1280.3957559218222
238.95931123286962 1225.8701239673132 196.94250675722753
1051.4646852036205 1098.1581374866134 800.2886508059182
407.6395389286114 1936.6213629489225 272.7312592316038
658.3026907326148 896.9307223357088 1349.8053920503057
1996.047182800957 1373.4438584647523 355.8288147760567
1897.50075390995 1660.0022039405542 996.8093556163717
1886.8554845413066 1586.9125350258132 908.2473855240502
401.9663275025067 579.7125965783565 1235.3444794171414
1194.5826114982249 495.0050835381441 790.1214476223817
1678.0663988485628 1812.3299851017618 33.32988052394714
203.14259436723825 1505.4350480911082 694.7760268658571
1091.7846591018194 1539.6497113722514 1332.0146234107524
360.44941785192685 1894.9095684533684 869.0365740746179
1215.4890324264964 1677.9815408493853 593.3977564729566
1132.4244572124837 1741.1522594005223 905.6549831984066
984.1197936278913 764.6461195127654 1173.265037126228
1939.4092276681365 1764.115134197046 1434.6124041921644
1519.1699469221278 846.3632581304885 1302.7702831788351
1391.0474716315528 1121.3922780726384 389.294965741317
657.8841080773523 636.6200303836165 896.7169930164195
1691.809871702708 201.13532533997258 206.16845722836962
1413.2228883885914 451.9556516008407 1453.4659538349592
1569.7849615884504 1798.9960704973532 343.6134171590298
917.0161772181733 1709.1738300008606 965.1079142447895
64.78561038412467 1542.061143072827 998.1887856159931
145.6677110204585 818.8745907664494 517.5068047519488
1686.4984993319197 1513.115181459587 370.20527554398086
1554.0093080320803 1615.3669299760197 1364.213688263469
1067.7847444041456 1988.1525354636399 650.0618923318648
1867.2501846655784 1386.2477324178956 1498.4717323596608
957.5435368885838 762.0995438058325 1226.3671931160275
520.7224421430725 629.2027253476233 887.8052808386094
310.28310285134086 1643.3342120761079 740.7325379423957
1340.2366442956786 1138.4471465425622 605.3002426058952
1539.9780073803959 1632.08394380528 393.0182780608782
1856.2465927917115 1477.1523268826006 1236.4083432993737
1288.6290884096036 1707.8022776493813 664.774983375392
381.8078497403536 115.90859042862745 846.4764332947859
1544.7547501791503 1551.4159547562972 513.5282564178806
1434.3811108429913 1376.3805303410163 1234.6890091907994
1321.8015296914655 890.9181998130689 1134.9689640677157
1623.7859926245605 1974.9534781355137 880.2056707762564
573.0698807538088 309.16840453575855 435.01259934989577
1688.8174377214696 1969.5527553448296 1295.4940854774486
477.4326894559322 793.2384941813042 2.5689243169800258
546.2008846108248 1068.0479783678786 971.1221124275082
1978.5995874064263 1335.4208309542116 1001.8431568563259
250.1295494340885 1191.7949512874814 55.96359889468816
521.9483949135688 1576.946532802417 475.85727832264115
466.57062419262553 21.906481392942155 1461.7591032644373
1423.5443218137902 186.82381311999086 315.32900596069874
349.9958912871335 1002.088646961603 355.12953744820004
948.1772742070409 188.65082272957557 510.5936959501824
1015.644458851944 1350.4676566207936 1002.3281876580261
1091.9194235229932 1551.7220816511938 1100.2376215563652
28.307487474802386 1319.0636187537466 640.4950073863471
1453.1273809850459 1594.9812785207973 1376.7021683199189
1625.2913632508796 1345.354454850029 1127.218271545555
1594.8899497184227 455.2681323762675 109.16928220251731
632.1384221302042 757.466000148818 173.52566193318196
1439.378057246841 1586.9968068113897 744.6596080364326
1870.0666196020345 887.628905793691 1102.4584341457771
970.429069677631 324.3803905382592 225.87712814880177
223.34487630115098 713.4347954320124 1029.8411207426986
607.580539875588 1243.2658290764066 366.7229928857519
497.48051410222405 132.87651483207586 1149.4501040245175
1473.0411286261005 591.667496415399 1017.2817184230058
1085.3965429497568 1007.3251274483295 808.1909258244451
1966.3855508627025 998.4420626731207 778.3237141942253
1276.43388938567 783.5996656717483 91.67887831686222
1959.2835254471104 553.7503593464446 374.3388403369939
1402.820001845098 1957.545665886164 814.5179509618499
621.553573877748 75.21804849023161 1372.582708877977
269.24376427563845 636.4544940485271 1462.0634087755811
1756.7250690661213 1970.272322876193 386.2945438991553
1176.167434382862 1967.7315642326614 64.0454581528857
1978.5002661001909 698.3884992691644 1490.1699959903458
1003.3159403388014 1490.1020276126587 669.1322171300603
1056.7735870636805 77.03965114346167 902.7910875030431
1733.121718969354 1334.3987981726505 753.9350550944245
873.008775334466 1718.685465706326 949.4729314977197
1120.5097082210395 1020.8683550286311 837.8443209134508
373.814597852965 926.8657033198813 1021.2618939465118
34.9108138462364 1883.1559841942965 876.5564874763442
1660.4479372881106 1226.8384026417586 545.1934781585628
1233.8856492346404 1187.761649090709 1309.4862327546289
720.0450565935288 448.2175967023252 787.7123668361055
1218.5582586632615 233.00783370972744 718.1709879174425
413.16854731064035 348.0693473770513 122.4593497033995
1991.7627498714694 1897.5358513180038 1400.8429436023757
524.243335724468 1730.5078034860426 641.4623447800074
1176.8085551545473 1410.854815669737 1026.1525775703585
1626.2371172031228 1417.5389373807398 1114.172664778471
552.1582844566608 1772.5098425038377 1104.1512024622225
216.00361588896487 897.1908454250286 919.8517883168225
75.72974079766759 1132.2678191068212 1356.4955184428086
16.275443519673694 966.5124876506741 365.25720100470795
1352.9691389823092 772.0218368483298 1031.323379180465
967.5602468035636 1793.0220157271247 986.990163605954
1707.7350859372564 1466.5652247584555 181.48620592993848
1413.8046739242438 1997.6052869506734 849.1857659134045
1496.3380602612156 1752.8285013090097 950.9251160945498
857.9940736120557 777.5896305704815 385.3356543699753
889.0452467886092 790.2446778339822 840.449506131134
1983.884318467687 715.4426258709809 1086.9060908125768
1799.2543532528516 1512.5511152524443 327.82599859134046
1522.3681216215418 1821.0469089100893 71.34121618445938
1730.2500854365012 914.7335552530957 187.8198218223688
1563.0294314849612 151.18622624690147 769.2453543889732
808.4554864428004 1308.8044086491184 1262.3808184005227
480.5053774587134 1313.2988332969408 1351.3094298397934
757.1414719234368 229.1985728000423 741.9413323621332
384.2970493017148 1650.4914527002397 1063.725022449839
374.7691072584547 670.911556354316 156.898856953997
201.75983763628213 1988.4094181460305 952.3106846049257
