2000
1082.609985001001 563.3788921671929 478.8078152373139
1197.7793556702456 1305.9087860992645 1407.1991170813674
1796.2018331846857 323.66105040825045 445.041798814979
1134.3010531848554 1326.7147411935337 497.7800145641742
1894.1740152184436 303.537927900819 668.9370100965375
1677.7252325246018 1986.3211229478095 320.963151221478
664.9125423113389 822.8189488760918 905.0706568581032
1807.6054534599748 780.267252882618 190.6200232151914
237.9431270664525 1567.3011559585502 956.3592541251501
562.0559516942785 1516.1713247526266 1196.3662170991252
971.2295542093487 1369.6753366053629 904.5352535344047
781.9793050685513 386.58852816851794 1025.9006316820482
1319.5274420396809 914.7057722889132 47.18234939086652
833.8910379719762 1312.34168183587 329.1100291210625
657.1752899447696 1102.8010709133519 613.2166554583581
457.94113225904744 1741.6402561279551 513.9243923380998
1560.6455334321374 1495.5631339555596 569.1584322354929
1711.0506157617633 942.8269185956952 1063.1743822700912
1368.0031196691934 338.7312826285076 1282.659464197068
852.7339291868752 1652.1714186616177 1214.211843225296
633.7171992897719 74.75879028217824 317.098149592053
981.5100492159656 63.33596142898901 302.6756277392189
1210.426737413448 1599.66571672597 784.8188402415767
1743.63294604907 1401.7211166470136 1317.5616682392254
987.7021282800888 361.53580408579325 420.0819043390795
1278.1646870294019 11.125381820588531 202.61851098502564
1115.904767523246 563.7174076293605 1060.2077529713697
536.9713644575882 942.4897696514382 503.8690127319461
1604.0817981873313 1708.704380296811 797.9475743948831
435.2244543588088 81.48083224187985 271.57972495506544
136.0326416472324 842.2071261557658 843.7346245187691
1993.0908545867778 562.8209585679105 621.844949017664
1781.2347368232377 1556.8396817386515 309.59307464987415
681.8924097842427 1206.1236591542065 1484.5613312224382
184.14972404775853 786.401117078833 1003.3926275878548
1527.2907374265128 1185.7715005261782 541.8200705918073
1629.9942971985397 746.816666591329 1325.019925089936
1967.4836581518232 925.4022726371927 160.69840284702676
1684.1821662755333 1693.5254931390982 1371.362026737567
1267.1742982046494 284.7855130165533 423.73525113618655
1738.624394860258 1868.4293944708666 297.8477966072306
44.287149341990514 1595.9491298297062 87.53072456649818
648.8147413820598 743.5730753275644 923.4331943931412
685.9096023359981 484.255382951867 99.5892223597356
323.1828126390559 102.01303564320652 149.48199192109578
780.3791531979966 160.43468786327165 1257.9660048914884
804.4161794865057 1425.7456130279943 638.588679400929
319.4072109604582 1756.1831179686237 1123.0739876498935
695.6102433955116 293.5015828392302 1495.556935771019
422.65445544418225 1854.798142184115 18.08130045372758
40.74075223369644 1535.4686158114314 1436.1523430824689
1060.6115220508243 529.7985114921686 1370.1311225550505
960.016853490852 832.0831426850137 502.6039068100521
1378.8298259486135 1145.5651321672412 417.73230279593196
1608.1620340910015 283.40111889537866 96.35207698854737
1232.1255484229378 134.11333334378693 1454.5300883356474
991.6906717809497 1147.7756920771883 417.37621407303294
490.6843078455052 1546.5733303240086 431.75762277971467
988.5382464664984 1150.158088542977 811.6211911707688
1912.7208154525922 601.2334995507857 39.34333465268308
224.29795555335707 858.5669076039484 667.1615899681442
24.978198628320847 898.5153730749669 684.4851230174147
1798.891899061775 1341.1002853350049 1339.9922008210654
1159.8068742595694 1286.8082869980926 65.5994977930191
1818.2548114041308 1333.8110512593994 491.08876480828724
1802.0758088118255 794.6163668750594 1441.876262712073
1583.3197020024606 697.1838964157718 554.0315583810913
1997.9592701259958 842.1862342425135 297.5810328309017
843.2007037181796 190.7895537655928 486.78634889265317
329.74691817041355 1109.0936969701 1422.779395423197
310.5343225417352 743.5283416469811 1126.2784791349168
382.8399119920396 1224.480368996631 912.6614975028335
368.32148064136106 860.9186074945967 192.26130181299894
826.9389296698811 196.03742635337906 1121.3421779583903
986.117877475771 1806.4379225767498 1141.9905977038604
1312.8756698044272 870.4160887093412 6.775374340431906
1930.247732735317 1132.6798453277772 1174.0723801971592
1518.3102108249393 1441.3812152456164 961.2526028779955
1343.8412310279923 414.4022899902662 536.8628679117436
1164.5131328147204 1628.0149948639928 817.0254069739096
659.1285355298371 1890.3975623630463 1141.0784918631175
1046.980669177434 406.6104162527957 497.6136897241431
552.0403869935358 1879.269617001296 675.7796822202102
1458.9411123455068 493.48044969294835 105.11712716762838
486.0168970799597 1992.8828514315821 993.2743855656026
165.96427574113082 1178.3866265442584 1310.1440958614662
1667.2348831182285 1073.5697418889872 745.62237931603
1179.2461197180517 1822.1431136054914 888.1512447344708
1532.4113673115505 1854.9888817614924 92.3798498691083
1296.9829475125061 1958.4478370362572 421.8204712724647
1834.4611076125059 1105.784719124412 434.01361378608425
881.7632554741086 1319.8048314058099 40.862471882997184
628.2463987765084 427.2756709318415 105.96146417726015
1395.120629783942 1044.8176137607968 685.3596835416242
503.2616793241329 922.7522404296085 480.3089497430346
1965.6797021757202 1794.4709276777112 1199.395589642755
1305.344872104836 1071.6786838620183 1446.0287617454205
1845.189103049359 827.7957565589534 1085.6095612629638
730.3639395891508 1175.6626015752045 72.56670685534982
798.9416319316931 1682.2393744045437 467.3131060412466
576.4031053290297 1811.9982462715727 933.4792938900599
542.1327620370769 1048.491453868001 11.04410690395663
1492.7987443020681 68.89885874727742 733.321084071018
690.5174724560994 1887.6213758169729 1386.9022074556397
264.09248997361766 125.52883518158487 421.9834910097416
1052.3010132172906 433.573508020475 545.5424508392236
487.5669455665645 859.0002469890725 825.1696442778939
463.28022487265554 1965.992634806071 353.3249841121585
186.1238675245316 1612.4148557408998 362.78614207177407
371.69586651129595 470.90984347236156 627.1395311344514
1706.8203986696521 421.9539361363096 678.9848640475735
261.6770407303597 1689.601728752276 1041.381711949068
894.9383164657256 544.0180672396324 984.6980623020863
1639.8616794958339 91.40137172749886 623.0023754220117
1649.1927252691976 225.7443212832888 1491.5923145025467
1641.2102580860985 138.30108036778265 48.09522101319508
929.0631876276914 1683.2248835839735 285.9821789561472
705.8035701335525 808.0752608028295 454.11616138237696
835.7738901345359 666.112163604901 382.98750048314406
1208.1837260952777 1345.5325613892658 292.9738210631932
835.0793634342673 540.3373650879753 1055.3528982821852
82.17074466544072 476.6125369718743 730.4434618632755
1742.137120807083 1415.3607774559562 514.6550515136705
959.7362778214696 443.6311641029056 501.995585110318
52.709658310791106 1674.8698945751025 820.3200955611487
826.0623678382959 919.1904164071518 1403.7813113132931
1297.3691567170063 935.4401963196026 175.37594297270908
854.500468466206 1412.0757860508968 1478.0417543462097
924.3719364555203 582.8190291208906 24.401896458408455
1261.1809302445465 1827.1787657469479 1056.0682685519507
227.32504836180544 1793.5924661060858 74.40319391860389
985.4054284409908 634.2270301381229 442.06221554902777
1659.2534920700161 283.31693115856814 1348.6225891826161
1784.1930223903464 1343.064220858908 1084.895573068849
490.8247964761354 186.9666207710834 1054.889055194848
500.41924030475604 1171.0853994055356 1273.1734268467305
1243.3622991319103 1411.2846672493215 397.00834030488414
1455.2037728514556 694.8516510391515 1440.7286378943538
1692.7349050768719 1147.3668936760257 182.28884946685707
1755.7350912903141 1058.0993609423592 250.75535712172675
1804.3254370338977 1482.4838348943008 38.70313636553935
682.3393397085156 197.2494094792081 971.6424635861987
1787.2543135711903 1338.2671476082583 770.9607473609731
933.9328478893602 439.94637692806714 1102.6422321107304
224.8436757261305 753.1402891490659 1077.2351904061434
51.80336421023291 124.8493065340277 1389.9342918737075
1227.013713011983 1368.5931397705904 1382.9231599630766
1925.2244637648917 730.061536763204 621.3697008999548
1474.5141510615765 532.7722418730174 632.2482677835541
610.650353000366 844.8363951410466 892.7940788086995
217.8999967613755 1377.4099289123612 293.9347476589536
428.2938817655286 1214.4985732712353 576.7753216216689
1569.1866250134706 1508.293255509337 1495.0090328504793
1318.0658560405643 359.93016967293465 1158.1133034674908
237.8572169797004 1090.2691177774677 692.0479577510374
1980.9789942887312 1528.353194405975 40.26870096458246
1223.5369111645969 448.8498366764269 1241.9606899887754
1986.3125976040712 907.2927595247744 50.956514017097945
502.6566296543322 1252.7654308745307 56.17058862989993
1615.9721867420083 992.0175165369756 640.9004779030323
1689.8273574900647 212.02808127170925 1250.8554191344183
408.07174108117647 1831.6404145038732 1427.4582721867382
1158.6035452812002 1867.6986198693612 1103.6383488030583
1678.515595682029 42.69294738543361 933.7471963725236
1010.202696759658 227.10312834194602 311.30150741716443
1796.6440216533188 1090.9510532935526 737.0829445716714
1003.7135543251941 1588.4081656045828 732.037693774013
361.54435108765125 1672.0623759975106 495.7595098016525
808.1815390840768 1829.960518774118 1245.4829250098912
1876.2340427787542 81.1801787332087 595.9400598899291
1543.3473308828281 1462.5377653156816 1064.3485987366787
234.625145855224 1796.307003994685 321.80579082368524
1729.1641947240937 1553.6885582802697 487.1591491198462
287.5607909740665 1300.911909133402 233.86456574753566
1274.0518076090855 539.3289520327695 629.13827081969
867.0211893750317 1218.73756254077 275.9255674345801
1974.0356093355117 368.32926185055715 1431.7224060855979
1262.3994953800448 700.8401580754506 955.326277891031
876.2379861472577 1938.6510413565052 525.3080626939064
812.9336494474899 205.99065733037403 1323.7008382209817
1659.539570320204 534.9869193288259 69.34999074445336
1689.4881694233634 1749.1379513831591 1355.0665500531913
407.81646093543867 88.57063332840399 57.94458579235656
227.98218412728465 1836.7682878095177 1268.8311247645115
413.10878424740883 1045.302045753899 135.7651378941281
1442.5094148756962 1355.851077739365 1369.1124185538968
386.83191946010777 714.9932081416819 523.8907672493331
1328.765870845694 1015.0399973269494 173.53077909385817
870.6240326920412 196.6826289242527 235.86810015301174
1585.5891442558348 1948.3838388066863 852.5788786738766
30.690776721920663 1823.2184386777928 618.9399992668925
15.29465555997489 471.2030803229361 45.85025791982728
915.6191207757121 1375.8060403350053 352.4435344130836
1343.4522769259054 1798.6438565785788 1.0679829397893248
1905.0205145518887 964.7071814904011 1117.4345210842478
1009.0462789268742 1639.832267565711 1424.2869755254844
1757.7455220056195 1372.790064107483 1272.7408374004685
1688.1588245178298 846.6524070756711 1209.2891426494168
999.2046135033927 127.67344028928385 1370.6827661691862
1373.0635880291918 1695.13219528016 551.7867176774677
1369.0963156238672 1791.0906827893136 1025.3900491269196
1635.912766639563 1392.527650994874 367.51908953443484
848.0033624177859 731.9609637449158 953.899875241944
1540.3162340601825 649.3163506050565 418.48930950921425
985.2874276440882 248.2827059522583 1428.5842552900458
192.45539683684453 1531.8926764788084 176.82900917902526
1334.3731123944447 1438.7409612560807 1306.602103452222
729.8940463792173 632.454419213851 687.1309242259642
1569.2433285819538 1176.0623820941892 243.87675762925525
392.8349349396998 1548.9059973885155 657.7084047475088
1478.8850702377192 1882.9052878477416 750.2260248179537
1848.8880625161555 1821.304471467283 123.23003218664846
1355.9003180703708 1132.6972087210631 1136.3804908690533
1530.8593381429582 1299.3660930814103 354.6421207653627
35.31810645433331 551.1864753088993 954.5186232939
972.0158735325901 1538.4009907847396 910.4009926439137
678.4642652305716 248.96455457934596 660.4769536894551
458.8948929425676 990.2816487227724 1303.8869606851563
1858.9929212170346 916.8022093641611 1415.7566353464858
1395.3065833748701 66.3227470181127 310.8832719535154
1657.105238328382 937.3695629383147 1289.4229670864202
1598.023364446578 1928.3135040978666 1109.9824514540926
1869.2928870183923 1325.9347432370184 196.69072846249725
1459.5213370222903 1332.4892036843107 833.9338783110206
453.07534607864386 1178.2179048452292 1046.3906757258237
1477.4787804461175 1511.68046183163 410.3922491190537
1387.5987522889804 210.60666084800016 688.5282433012865
1896.5451801974764 519.7327457905823 721.4205973128686
1043.2277880885758 503.3352568763207 43.145225866121514
27.44212272411395 901.9244470480954 208.21618952938465
68.49526115224714 723.9942842790688 357.8479145258129
1357.6946475828065 1306.7851539458109 246.20062797482817
1319.647054050107 1138.311747042949 840.9637371025086
356.255105068706 1643.3064768607203 1018.2555219907566
475.89325364965407 1194.7042423972914 1166.0665113770003
1388.4165232410373 861.3754358103212 1411.071355355485
1648.1997119357868 328.1305670865815 727.1566791836207
1088.730247489204 900.5275124599669 1157.4140027582205
1622.214463177441 200.8597106648635 408.1250455247673
772.3256079832262 273.9870452643176 1072.169463029777
1113.797486643199 1609.8271782046122 341.4538556882312
1237.549155369767 1103.1965808235357 80.92297622477068
1882.538290867979 1013.0072697194498 1012.2685721440209
1851.5288222173915 112.55013711973172 579.9695333832132
951.713090290804 1152.3116993710141 231.43697105712124
1267.0292549200008 1063.481502373978 1350.1834669475688
1044.0723297651746 3.4212940495941258 1046.8583038457896
1451.4025629657206 50.076617175964124 92.88432147319358
1923.1154115201184 807.201317757859 736.0053171620108
159.57468008057774 158.6040138594589 859.0619689680731
210.75258210637782 1996.9270121945774 359.32031934177786
678.2679446363062 1027.554484746911 926.2217520691087
1977.6896566995067 171.56632523744707 382.35114915920065
1498.7890641422516 245.74812445043338 1067.0180694815554
1029.5809056358664 275.5536384208077 713.2108740255004
149.14110608150932 330.12508944884945 82.43326574835253
422.949100117193 1835.9879105928067 295.3581032149585
912.3045243628492 1705.0321025543828 1181.3986679009315
490.192242311317 733.183160098094 13.54995167211015
146.8983885750157 1554.9745863155983 780.6686022563086
1059.2812581124483 319.89895646101775 641.2876873304466
62.52638355863782 1462.140288116161 1093.182492211607
1526.6835669241816 756.6996984014671 1377.5377756606415
618.8768449871689 560.1006219143059 536.3596547915761
175.53580862136496 485.78292141750865 1404.1648172629718
606.6070669248038 813.1095168488997 49.43658708873255
1071.0064317409435 1974.0998099554247 336.1809776096489
1285.273524155785 1513.578802617275 769.5236935834242
1309.9922100689157 1860.096277377046 363.780084746
1436.7635095008286 118.5478304861567 304.31114364496307
1032.009467620154 1633.4592117757531 382.55812018656115
45.79906465846584 221.98169939181534 1215.6459241988473
510.4642447405223 1963.6568790448105 662.8175296529832
1397.0211255647725 575.1098546299063 123.69273928750913
748.1563166098622 683.4530576543418 476.9664716964677
1528.2331297587086 343.51450970970143 1279.6119173971294
97.46297527138603 1793.027404649894 1427.4409034694083
375.6119369444635 613.5533510786411 486.59546174943637
1261.0296035385354 475.24548049975033 406.44974343830813
496.5721249589106 964.7268303785912 944.5783685305673
727.0744583018716 989.6463049836827 1217.126140470409
495.2640118538394 1556.6554140750043 1186.4547573040875
445.84708465559106 109.03004357480638 711.5641953927782
1703.9204388945022 262.76018488564443 107.53101520937291
1901.6829135023265 1451.8745100872236 1337.4808065524599
790.0375570169747 1479.412798917458 1290.172169889912
67.44087027969248 243.1628190600008 1076.4654492609316
971.8322883358724 877.3511642496771 853.0816896822105
1691.201486492608 199.34193533021838 534.7848018529795
737.2958200279367 1847.8969065083888 174.2332906250103
1750.5663230001267 796.5825922960635 671.0676797543607
1599.703293920089 1251.7818842911445 950.1833973060536
1492.645946501017 1055.9441639934291 202.14967524203703
1596.7375635732465 217.17942732587358 508.6256731354147
1347.0001275050358 1034.6567328780131 1034.7074904688768
208.39621222157655 1649.8530450274168 1374.378968009717
43.10373762070174 329.38496959706544 288.8611410280113
1466.398551059933 1741.4395113201153 750.0533901578381
797.3269869402604 1810.1543471081943 109.6543746437052
1903.4610387642856 801.9493457092792 489.4485452156244
790.7486304433434 957.1876050170818 499.9743324198056
1555.345577916368 1542.8729673538269 273.42237637711423
1736.5311396063237 178.8412506893422 243.19349431266502
1178.5346315294594 553.0552238387678 703.1592472035694
68.1139069171215 326.862911257447 881.6775110033728
1435.840644028496 1359.8143265690765 515.7248576440355
483.84126286688223 1087.6976781575863 1189.884398308207
1272.6319268624359 1878.6797755778048 67.6856684599953
639.8377574347207 1388.4078913640844 218.27672177746337
1250.8382616632791 1467.848211908886 713.1281693222697
677.2847606205155 809.388406243233 152.63955064256368
1097.2098914733563 1589.516021964177 1051.3599611668446
64.84746349939185 1372.5788419801208 892.0724927334586
392.50830213541497 1871.924380313741 415.481348260298
730.7585006229824 595.3759309432177 1332.5398330273968
1675.8525249688844 411.23827016483426 711.8673911884744
1051.4372136560685 448.7483216822701 1328.9097375713259
1877.928125437704 153.61079951854583 853.2436965427504
205.3581128170212 134.11823014456647 715.7116536658076
178.3364166524435 1222.2555379901787 854.7039398740822
1022.4441711545807 305.137064536088 269.4823247540839
131.6934462648456 1527.2977897673982 1493.3243679284597
687.5331792278579 616.5828377694156 177.39797123062579
56.695041075668804 1901.7669031992452 1014.5726443076813
1574.4962771197752 1372.4980128409443 930.0773803590149
131.82533533263285 296.783046441387 1132.7397798153233
613.0809321038586 1009.160249392857 1470.9869250824463
871.1183431364122 173.40960605465082 799.5016242681307
751.6111159812224 453.1855586082609 997.4533476869528
322.6633216713193 1034.4934771958433 1328.0307312324128
29.24986088221715 343.43309186954076 1115.3363014912209
1869.8221130827712 1095.5356026022996 281.1689547694582
1805.6329471899326 317.13820626384484 1363.2952348250137
1019.4831660631785 1053.8817649225764 954.2757166248696
1337.904368370832 966.2399309977753 1491.2147040471204
1562.1972132854667 480.4288575869007 1288.947020842076
1623.7780117754642 337.4061031523461 1366.6574453426695
685.8128185412949 523.1915821618098 278.8262800891561
1965.629293077142 551.8665300419669 403.31111939280487
408.96515263747915 749.132421190516 1405.5603050858426
1844.5727123117385 1581.6103640706194 654.5970021314195
1891.2103078781413 1336.4450483086607 267.44304085648525
87.2303533241734 1888.6243647693216 424.4448115463888
1682.5629489676753 831.3610897874189 810.6846638446594
1659.9902232928757 1001.093668280382 891.588451444397
1936.1973197207103 1825.3900514600173 500.1517660591143
809.2478983372366 303.8674400334875 275.1735377185949
1091.1006332362392 1839.044154606226 268.76304869002087
1994.571597482719 1487.7090188714217 466.62939757314456
1336.8228208544701 121.0045928299086 228.68614681069545
1590.510178308514 530.6201836834854 782.9620367040961
1607.6942263738235 1183.686035511596 1082.4503551640591
849.8291794500401 292.22808838528323 521.4915401880154
152.33316874931813 1021.1901982979821 323.7747173210226
1705.3655028230435 311.7435750724857 669.0617153205346
524.4542567879078 1402.407917560614 461.65442055194796
1699.369340019176 869.5871806280504 776.3348308723215
352.8714194617375 1738.780321762763 1053.427062749142
43.77061833309792 592.9908829961493 912.1286770841999
1877.9740249235388 684.6508864587142 289.5798518639167
1330.793417589757 754.5672701702632 1345.564240996843
1941.733581566661 774.7920753700455 1244.3466301139138
628.0984895203876 1216.6032094567322 1190.1799619738451
245.91239703862277 1882.7809082026145 90.678439225799
302.00779070629903 1575.4527181833687 768.1112215996222
838.8323775419726 282.26839766319614 1058.831721749728
1391.775164439726 1645.8394402724878 113.18047025369637
1028.7746625475077 422.5500286786747 1404.9053562901704
1695.1311992738483 1650.8031924121144 913.8228439232315
1173.2620519986401 818.4374574681057 1458.4258435493352
148.30629197795875 1826.0621407549575 887.6929954493531
1774.6310321535254 472.09086636741614 884.7714391950985
260.43557632177897 225.99768774605144 672.1001965196081
150.9708041517055 846.788307636456 349.8335242352201
1105.9070965100054 1158.2467647568217 1409.634071497253
936.9056717048876 295.3962814965203 1398.0041165030245
1754.9032829594385 780.1445612611473 1333.250052944625
1360.573156090721 1780.364051679508 131.53862202546446
78.5925734984374 1469.4129832987571 50.624438791922074
1278.0967512186137 648.5214467797529 453.3148355238303
1985.8794586937581 1225.7485804824325 1433.7800104161354
1159.5531843059277 1404.6560852442803 646.6904457316899
329.5955103192405 817.495540760501 580.7438601996519
574.3279611742322 586.8727627242869 1104.63741649321
794.1659208356489 678.6449565179764 1042.990479800087
640.2904419789032 88.94793462913397 1418.914252227849
1377.063583488503 1568.8331611963752 494.1950461400428
1354.2468787895955 1558.1668827538624 766.808671479282
555.0238930309222 1158.6639978571934 124.41385846549213
1762.1101643735967 323.42067648556025 1456.6631849619062
1903.485826701456 1229.1100461967528 1.0265722172396186
1640.3825551485747 266.0047585917522 835.5399282199866
718.5924993360173 1533.4432466641558 1209.6404463947354
196.41776249104615 1623.9874629287503 1350.7094202566018
1571.8563513484557 878.8343271873762 1359.964627302169
1019.6592011720924 99.60958553193677 767.6084437953511
1540.2597713620423 837.2297418918062 410.7567670628566
1283.2826332313527 81.9335013709872 868.5341955657067
569.2590233809977 1141.8289006491136 629.6501681194597
499.0676315099871 1841.0222964588595 27.33351680204693
802.0304865246386 1714.9708446554032 1149.4180358686365
1650.8685535337738 758.3918897955082 308.0587152870762
1672.7921049617041 438.0976464039088 320.0526903794456
960.0227378668889 38.75650833955824 991.5406756073684
1437.0089909725543 1510.88801709839 367.15961142561275
669.8881220650117 1587.4765921795386 1409.3325475808153
657.4248232263246 1568.522646101293 99.39438886128671
578.6884758693045 566.3846808723814 607.4338891094595
1579.4021071524276 180.87292773863985 793.9423218655759
565.581290096895 349.3297106850959 801.7598118784322
1693.7027112823964 29.47964317134355 1447.0088982515167
1684.653979446238 1306.0810491453224 546.6013601749064
693.0148517239368 613.6310785064769 73.65725334403712
663.7459874061994 603.1847062052484 982.1608936156105
460.13601987064544 1534.1049147546262 1001.4799811439358
639.5422899707894 1756.9534374825905 589.0709628287133
1561.5362101757078 1200.6146868229841 1150.6853048695802
1828.88409644296 235.22938401889704 804.8210755544236
67.22267931920211 1546.997203665895 1273.4578427941342
91.33748667954778 147.66669907815722 1320.1171534509976
902.4332341840284 1462.922222447596 714.2182291582792
1873.9195467722982 554.8115407219838 946.7435633964038
1382.8236038622877 1692.4670403421758 996.016837681299
1239.5029143243187 734.229018873134 1059.0522134286887
717.1280467602675 646.8274510044101 1435.5244175399391
1319.740396616196 1045.3684262354366 262.4690230138632
1082.3008666309404 142.47182561289117 1329.642404977788
297.22513560664953 1561.466001322628 497.29143717192926
1936.317052550459 897.4571387507251 203.61138573655379
1604.1535771504496 1327.2464802003415 842.1596182308606
596.6919438900005 1885.6156500909951 832.9994163389182
937.7510030273723 154.92771777464154 583.3627194091383
1010.7168793700964 1506.293309753723 1185.659757421947
228.3271836002676 1050.7876709368784 510.0328936679837
357.688736442872 530.4147460535494 267.3731665177357
867.814943740574 69.40221770949128 205.95043761535442
52.65645489920967 482.23535173365326 96.34902387696349
583.0508078253333 399.89932456843036 824.5630913898102
1811.8443573971772 1850.5974369210114 702.9065890300049
1191.324526563806 1423.8135485609762 669.1809612119926
1415.9585088945666 823.5229303782672 1180.6710576999094
253.0041804740435 697.189060963157 866.44747136263
1590.7318417031968 863.7604099115937 1373.3672619987192
957.6718889336 466.5640262725117 502.79926611806684
1026.2542401057735 39.78123844976533 637.8915492108052
1339.7188564576354 1406.238333029611 1071.3257469660714
1220.300683910926 427.48588279365583 1001.4547836782938
515.721057685359 603.8156917077408 497.288434196203
1679.4270289901972 622.8118955589327 257.8722790214115
364.6387081427771 209.83270626601814 798.7830521927532
1073.94187804191 1972.4027254449945 763.8600075821378
506.9968405534888 1838.3450422901244 850.0905386187627
1536.7386156272466 504.7329039436579 880.428956756735
170.09060002870234 212.5718592806949 1341.4933030263278
1862.1962077624753 1861.9325025050857 656.1444658875447
731.1153129969157 110.2055677737488 410.026143090523
802.7612718827733 48.9230391108082 1364.3250934443254
799.9154378818898 384.2140744983291 796.1650457605651
1237.885335081454 1759.792243207001 979.9103585912919
1494.6489633976112 1074.2896137456319 842.3409337406725
5.7059520421745 1034.5225755289732 197.83483040698763
267.5052988030644 1494.3300513747938 1011.9062554494925
165.2218210241798 216.67851905114532 1273.610569448021
742.0907001487873 1382.4395022672416 884.557446512886
1235.7633889107374 726.0879368620155 1135.2202377510926
392.4717780274962 962.7757851396666 1060.2046859993075
1365.1355832417996 462.6939861508468 1487.832167356592
1671.2522067251555 258.29540464374776 247.40827519273128
698.5670455629601 1291.5569231775266 595.8441376841506
1869.2512002595633 174.55251286612273 929.2557999970286
173.87692049605596 1018.3221488071546 566.2776793601606
1713.1635840067713 892.006872039806 678.3808091408987
164.5221603516076 807.1231572414353 746.9898304135486
613.7510098913103 1806.6000469118005 676.8461904277248
1229.581393032441 1683.3532582117762 562.7594971246999
1104.5825758973772 1156.5323394903196 1458.552467233094
523.4423211515009 1663.7337178230107 54.46715442773065
1790.00640385297 1377.3817885015992 328.21920287722384
1283.57404133271 1861.5471843512096 938.1642715066253
494.40937159204367 25.844812604112867 1455.9006219210678
990.3238173628017 442.00346770038766 72.31697489165717
497.5742648855133 1208.6601766894346 803.3635592499145
596.1125572278878 515.5695953059767 293.1569132081128
521.2884569428397 502.22503685751343 664.0048222649032
208.3500495091173 1380.9263398235764 1044.7491462085336
1138.002685052557 12.791192770304827 1178.8800646214272
1815.5287097031294 1320.7855377691276 883.2673315195744
329.5017577152315 1902.4059158137168 220.50540552917082
515.0686272220621 1205.6844454124848 1325.1513959931515
1426.0885569028544 6.350475711589976 772.9836273560297
1688.6897639646465 273.5902514147846 1340.1313676076359
1951.3044095048476 945.8372139995537 1013.1053528001253
1422.2701214861972 1218.8401679201195 406.4676266652951
591.190453429721 1768.6366133656652 1153.078745253844
1817.9131051715754 794.4819252545989 807.1359537212719
661.984400498272 1844.463932003383 314.5169434616717
803.540570928246 1726.9923523165266 547.6465326098363
1458.2458456358277 1462.2962218366258 1237.6143278963314
541.1429437278388 795.6493148964393 359.0626728992181
869.1759402477419 749.9548612548017 1192.9144409036298
327.9253560667388 730.443702359406 769.4204943074357
1896.7624845875791 1514.2623045087548 808.5765605695447
797.8433861027097 606.5385738458591 1446.1025944448243
6.719252903296891 1340.6504189328004 1365.3938057819923
993.7663145836552 56.93838780394622 943.3430825025873
591.9197493197754 1287.559769126001 749.1719256617365
1327.904404427078 617.2414914162961 482.1760279150536
671.2383127652623 1006.1796103081144 288.15349270882007
504.7021926473967 1957.6580147397926 712.393086828321
913.2137407251686 1437.4544170718254 308.1845347472766
924.1252169351761 1768.023260861893 899.0527608082788
1767.4096129116174 1403.134866452012 84.5443856462909
662.6530333114356 775.1498411098414 821.6963234264299
878.7885611071893 181.7732572075792 973.8266220448418
1503.5868566486938 60.34190010398155 683.0946398687362
1667.006181828784 1982.6233214849 389.46198761132234
1828.675810964355 1876.364119633146 882.444125095093
68.5025491116238 1524.7796250746164 463.57470000365333
268.9565454325293 1409.0081675495612 722.6308955445421
1723.5770235585817 904.8331954979357 586.5516230124165
1815.9437107790973 1867.8771847141409 543.776845440667
1988.8866688290673 1679.3369350897963 1107.2856929832626
1982.5030485041962 1239.7798654572077 1294.7226918582858
1076.953973860158 1855.9811591959224 496.95426629081567
948.6288045501748 1326.9058643269266 31.57644613212357
205.91503348381758 5.326380238044326 924.0803083797539
807.0357698376545 1840.789423547348 75.93651429692855
668.4871385625106 1480.6966453770576 392.42259117337176
1359.9880933980417 386.5832390102235 204.43202307672098
1936.00950056172 1220.3515675996862 768.3161900783105
1249.7876653702476 1792.4332140586175 1358.9170203465005
1471.055029275459 653.4818458894447 185.05410013923924
1299.6273707557557 533.2729784676567 914.5709972737254
86.3730284568347 1256.1709207284823 608.7854872729143
219.3214589169301 1871.0707077353704 1137.252962065932
1047.7603346008761 562.5974307045791 1341.8056415977692
358.4486481547404 76.47048639384923 569.27693081532
473.9488225883413 16.274578928037855 1448.9078532759013
1875.8876894055927 1491.5791870119385 1470.952147535729
1777.228260471252 1559.7520518140539 405.2553621601564
1333.4702556223344 739.0057801659349 395.3672566408352
543.3600678015191 665.4382677499365 651.2985481149008
357.54080269083045 888.7874864009137 1269.1799107596303
330.4800903529343 706.0016429323805 325.9106216210664
520.9758624530423 1879.9802160093875 328.17291446753444
629.7622443059123 657.0118764149091 1336.4418900716826
144.17936461001534 1728.470958069179 416.9538199783915
1623.8896517164276 996.1858988057409 226.72428718344506
1219.688224516711 233.65045357756165 721.8906299651526
1874.8648824246654 361.6473288358044 730.9990144995868
1813.113440322035 1611.9228095033911 903.114969454318
869.2314062376536 800.3107377176437 1073.311728649902
1258.685358824138 1840.9150862642464 1150.0669872588956
307.5250150541822 1371.5669786924936 356.9486750212436
1915.4801694382136 487.92541133885004 792.353722329949
957.1931707469008 1742.2714724957264 560.2679915930338
1796.5688612348902 971.3070798098804 889.1483182975619
662.5319256554387 906.0605809911522 270.5275585536568
1064.6845717759784 184.99492227436986 1152.511668739755
315.4030929056666 721.5487557945286 1187.9395320287013
27.22897047081552 1999.7183219190517 447.3211536786278
285.23700401986554 433.16249879666935 1449.1751342586567
1355.0660505904584 0.25356606258064573 522.4520114847534
530.8582692069559 1681.0610350376703 955.8744824753477
982.5755666925257 826.9178248253428 1140.9560418348678
829.5700487225453 156.94148365277917 240.43146189439324
1967.7333346392384 1766.2213908413728 437.15273213212083
1432.0870700157636 1003.0686066287582 190.28277105744806
844.2737650680721 520.9402879038165 1068.7216284461026
731.6381619583369 745.0781677375315 947.0514277869657
552.5726558592867 1481.4576905889796 1448.473028226566
858.6541819274671 1790.1277565794257 1056.3245639802838
1169.7497452711498 745.9345156414868 288.9011000759793
610.2586463115205 691.9361841011944 249.16356432599412
1500.6798760027095 611.4222181389364 884.7367774861063
1008.7723957434989 1624.296504874643 810.7364280289188
581.8799182697829 1572.33534809752 562.5545688913326
1450.1104203870086 69.66019060813377 307.3428003943185
829.8959136838935 361.05047640574026 92.2151236301294
1851.8743653252911 208.39300939916282 661.7548047453255
186.83779100446208 1016.0522189929416 725.1212189136685
781.2145784555524 814.6247244840763 773.4607519136315
1674.6883903902667 321.6680346515857 142.26860490383703
601.750924947833 1988.6474824078136 348.4754911544592
827.2247575459432 1979.7361235582935 650.4068329412916
1876.0509300583433 1664.7458533976712 19.25432658174525
1327.589541095849 895.0159970964106 621.0510436490744
5.645158116496463 1.471254163398772 1415.0880642436293
1106.762126675667 247.2979991466384 954.0160548281434
921.8576201911312 1591.6504356652054 1083.6587566739502
535.4672295286085 972.535363712388 891.0033869036893
1928.4353567727535 1068.0302253386772 1159.2123944917216
1739.121711437223 1428.716256392481 929.6454065633285
953.7022631899446 341.1177524760587 33.64570708857178
330.548713123318 1506.9627048244122 605.4812306061942
1486.4417796521204 159.81533415651472 415.3910966924776
325.7877252821837 834.3582622293216 1385.919274413515
1366.8744073493965 1266.431456966924 583.0548564190525
1777.543372741762 1891.8500418835897 1271.3223888941134
1667.9108393503077 1968.0402289819885 186.2832546833127
132.92263155326833 245.70889275952456 529.4092049742668
1752.18432536595 189.79654574570492 66.38151138986198
1468.0960966532534 1821.5153301258183 1103.1876224578903
158.16595390647902 1034.8221501333055 570.119968428334
1053.197141477988 4.31127492001937 782.1078119606174
171.9254809700519 816.3033507383661 351.4131686179642
479.378763187728 66.42091443510844 342.66420041482826
214.13394654820905 1458.7438021293106 641.3192661515279
1828.7732043332671 1767.701058193092 402.5629393778871
626.8917043483065 313.71743282666273 1300.0219758077985
981.7325704824162 1145.7369352927883 262.91583787482665
1690.7087330420322 1716.817739619913 6.926290426802984
616.6594684273015 1638.486198668775 698.4777461686168
900.1951964440977 926.7357859791691 364.09814875644145
1098.8348168543314 1000.9415587281618 1387.22726822904
584.6970441456612 284.10849897445354 816.788040394172
152.71772838852993 935.3484217353521 1066.602038221088
1324.6467488705093 1657.0739985523346 540.0905849028017
204.75699350186804 496.5616023523147 1338.1166014973653
521.0312774106592 585.4434648649723 1029.6027445638035
1702.6499016820783 1687.7562682493635 883.2394893717866
1830.3833190721132 1510.2404598091905 1215.6991232399546
1331.9773507311827 217.28142571826714 1053.2844026307716
1393.94533994291 761.2188965005695 795.7623854535924
1780.9069922091956 223.51722127835737 430.0017298185483
643.0681178357038 1717.9777057321035 1100.8174781871878
101.09898425028052 838.3738904058904 1143.3039587666954
1553.4844062353616 327.31576792818487 550.5661037147463
1329.0802370611934 380.7274409859409 1166.9069210269622
90.98576145888626 1382.8997284577279 644.1442051018357
1746.6131623436008 790.4196691547471 997.5621527234281
1853.6399118636214 1987.464001195861 1262.605331600716
235.33869269233952 155.30720799582687 629.3012420162478
1825.378685551355 1108.9222283772351 183.94296789971364
1324.9433863541733 370.78931670553317 133.79831748243282
875.0117104879524 1858.922679146982 650.1198756194193
541.7038769215008 969.0441689726513 723.4049340822588
1205.8941921583917 323.3687463221864 308.7096063685181
169.89570986188875 881.4472008181843 371.0326810398864
1924.9485524348133 1913.710489467537 1251.702348623287
1466.4940465071122 837.9389371338946 1306.0536783809584
751.7609093967519 31.74230553819557 364.82967793965923
1803.4867881716414 371.52924909533704 802.3172362665025
54.10476099244765 894.037248748148 392.8390572564587
1083.1795912346658 168.2121081941006 748.6466709009054
940.5475347594192 1865.1645103982983 94.05953456737443
407.37226502949954 1938.090366741765 530.437225947566
992.6118447991199 1852.7417445059154 222.92970775792892
1227.8350546627196 1173.324219294589 574.7138480807794
838.5196018918671 1543.5643282870187 838.8813703819228
1951.8149597898937 14.666773219748741 1194.9987510877895
851.2421833109194 1638.844842948174 221.54775636249445
1286.8545032191348 993.455554246066 1499.3709067913016
201.11461726800295 1899.432501063032 663.0865140983428
141.1155345448496 135.6338472541807 1045.5647778597418
836.0490523701818 345.0908741448435 85.38066168724812
640.6668649399936 1438.1878894669774 1006.7638906020085
1143.2807721355505 1266.933422687851 29.139721874782698
95.34741075334962 1602.8098993919662 419.3336837245857
1924.9458459592602 1793.183239952582 1051.541780716394
1209.3196964884767 215.22555291128674 201.45443164716437
1592.8588676674474 431.3688342613906 760.5156344511005
1900.975023185527 424.66427970013984 483.78594697720473
1936.3424068641148 442.87248722132165 1461.8190517345545
873.106538936868 1985.9400720067517 1458.7379404383996
806.568369331435 1226.169977946011 21.27792362087971
344.7339383554158 520.4178182612483 348.3219241889441
1245.7339529030687 506.56103877807345 499.8160846088694
1363.103743401378 138.14161793338386 351.7141075005322
3.9724824446270013 241.88894048447486 215.79771700139005
1606.429165535875 1234.8310415625235 355.516313380018
1438.4023771960638 145.71738240567967 367.4979700987006
1221.9147281833891 82.47100636577275 760.8681889602078
1745.0020118251787 423.7525991553224 735.5140731005747
1310.2658708639226 764.1756092218492 537.7149287429518
836.9118589768951 393.57073006478106 687.961077318064
866.579035513557 181.3821881065456 1295.1101221383315
854.8277936478353 1066.3928131667033 316.0479668440542
1031.7600297048775 270.97113204195966 1219.8890782086355
1328.0356966013123 1135.6871260579485 1397.9453993966633
40.67817824043662 671.115971079177 197.135150364118
452.6219951163837 337.946436816446 1068.823150995492
1302.3940739631576 525.2966885682135 648.361555027122
1657.517472105749 1782.2143140838816 453.3188255337111
1253.1146336832217 108.4230154897463 287.9015883541288
1609.8633575008619 1658.0355474302876 1085.1309371059667
237.44714939133416 1033.1986095586203 327.70644932146973
1618.4019184539022 1781.1574433861008 367.48746677797243
1718.7121569579533 1020.4140039210971 615.6386982380455
1916.6984586245287 1388.3003724575979 1251.3509180001504
964.1323756758866 1032.2395238237311 705.9500938781266
1206.0612181278364 1154.4869207540758 213.38323473400968
1488.7792505235682 1235.6155507824453 142.12394184429178
1037.845144467397 75.20910146212012 156.02800673948002
493.90166313189354 297.39257563079644 873.0995209684609
263.69746355894443 145.4442978276167 480.53096526175744
1155.9256411868903 1524.8867332235052 701.1030145930819
1302.9422980381073 277.66665484816053 139.47277771419525
1861.015845130153 1359.7069013330276 1388.7773123832226
3.7936361268751106 1483.5267002802652 120.47461732417436
1786.5270092175556 1700.555465058999 1188.2437582911914
1446.9224519562838 695.2402790391099 32.06280371455439
411.6203651831836 1168.8575994016217 1108.1865839342647
1323.9154193180957 1166.9071773299834 580.7811254647023
1637.414935113926 56.720302853091155 346.81991714853854
242.21826978389106 368.63313099765935 243.88436269822583
1473.7379472863313 643.8667296757716 956.6301323353234
670.6584087233931 738.7211336592161 596.582977104355
189.11309873424486 1210.3856227794977 76.72503143498349
868.928225499168 43.67875751946326 655.6352991778033
726.5173673813929 1935.9590027365057 946.3700971699269
116.45637872716974 918.5900700625449 679.9600956426087
1994.2779353945962 1862.4183628716603 1041.0390291277472
442.2459367163536 808.4125821510846 1044.7991080970464
1549.7314262257687 55.947033394057264 1149.218706772555
1102.6883416994813 359.33486551863814 312.2792259394493
1050.0975973604584 498.5814444624512 690.9138567813312
1189.2541076955654 1482.3138887850903 760.5975196746409
472.4166208939771 1155.9394407495063 1404.2782382585824
1588.2187800733589 1596.6405232047796 882.545546520822
307.61585094106516 434.5506175470477 974.9426567715573
1849.4544904307743 1797.667801017062 506.87470226678187
1034.5385571945278 615.0700128147324 539.925348060132
1575.8297642294217 1678.1599097150774 1121.2688132723783
668.4866838925986 979.860695271253 273.1238841223463
205.45373030298242 22.219443852649732 1119.879328100265
25.208648985022286 139.46925596087877 1113.2743004818703
701.4081659781186 1141.1542799321255 39.79418650821115
1988.8339143013009 464.0310179185365 837.3939304291068
460.6181275178618 1557.2161637242023 726.9500407940886
423.4153361148498 359.4312397344077 460.92409653830157
1998.8541889005112 1454.8942182195012 405.50329100053006
299.7494135878831 1843.6129241544083 428.08099911461005
1627.2798952861142 462.2987324324481 167.24153717232977
883.9828579818496 1516.5017340937636 1085.4386439540062
685.5361640647104 1159.0449264989309 340.25805734398887
978.2528017139955 1744.2515685669064 158.84398343244433
1621.2218139843544 266.0083678724956 1465.1920356449725
865.9250274057771 1306.7896953731708 1384.8814932455405
1713.7740718169366 1235.3216509433898 39.08703861384849
1919.2439810315313 470.44534104547455 20.488294789118676
1054.4651575779897 1287.6903027881285 472.3741579041079
1771.7027051982566 1420.9919765710074 860.959967817928
1687.6685967616659 478.77830027222456 1445.4978761483062
1858.3717343879869 1428.8466263272057 1462.110473970534
1782.4281759027333 951.1461621487871 508.23988940667357
1988.2108378985781 611.9868638791309 638.1042371034333
405.6697068416912 874.9488743964203 756.1026335910678
1008.5130835167326 958.9874403696277 51.24525013675863
1455.1008858967084 1191.9281334220957 267.9135072490599
1651.4755674850685 882.7394177157022 141.4006941024909
1101.545556976363 286.98550699604164 920.8707425643423
413.5071082979371 590.5764833936224 388.89176073733717
1659.5829190253469 1769.6448121539254 361.08474965496225
693.3300435854694 127.48976940939572 1224.7063537530316
1345.366417421101 279.913903893197 1306.7886751012845
1795.2673663782978 1213.9104904164653 39.028412744542166
904.4813956095248 1563.7349570143087 705.9841187538445
1372.3000236786418 72.57066528619593 49.937035612550915
1369.7330423248557 650.2116041126982 1474.6504515503764
1532.6685360264116 1288.3950910220176 240.25415665885396
710.7783860197094 1377.7848287688541 828.9313440454308
925.9490047676053 1353.2674584088686 644.4961915304243
938.7423356412321 675.8508221777315 907.6757191028801
1685.9756910254157 494.0322254225946 870.0724004160185
1045.9718583839801 1362.1825106953402 202.1281781389324
249.53903451031124 1017.861274384805 800.2493665499184
1345.253965492406 624.5246617779032 325.4515615579454
518.9196110611372 243.34780631234355 643.5489079064395
28.550011112810303 1462.4794028356516 418.8550829458987
1430.2322674665083 389.8236065264877 344.61065610211307
31.767492421596266 858.5918745516445 876.8542834462941
1903.9891925409402 1321.8233988149657 633.892134814785
351.26448065820284 1895.359290726764 1230.4338584560685
292.1578140060306 1575.2506887815646 330.823066597796
1829.2622353175705 1625.527322204825 1377.7636148054066
1432.482477743872 1305.7464588604835 295.99456239870847
750.4737150937943 1871.6878647716837 1024.5256055982063
722.2239025206165 1526.4915462812114 1039.8810274153632
1648.555359789834 447.8412721299707 77.92121661693174
1182.6873645713204 1287.90894673855 476.69566841096884
244.3390158496519 171.67648544578284 560.4872030041271
1989.0829722987555 1212.7897436818178 1049.9739534583402
81.19974030771782 454.4501453331762 369.03991202895014
650.1790553500715 1369.5383780930215 817.71934871653
163.92436789517384 683.9950960716177 682.3326880623372
781.908413182544 660.4932361430169 910.3369139549271
1342.1493631731305 1197.5397652673394 422.6200065289406
874.1965350764902 29.030130564405177 1438.1866520576114
658.5433733452752 1551.0386601955554 382.91654793409793
305.30567932383315 1080.5847319581167 546.4333525250611
250.87526772465574 770.084615291337 627.8238925716056
856.6583981784411 566.5460610985067 387.120418888153
712.8449810708146 228.2852512147311 503.75521882572735
1440.403949256088 1123.8875642340142 336.40724929123223
1827.9233047468783 236.07323946851633 1352.6595291661151
544.6624794026336 1283.0897216767937 588.7324493771972
1687.1323950832161 1597.66308308493 1142.665959306314
1850.7659759937526 819.674175781917 539.3618084428613
1912.3659680383591 1967.364363696464 1141.5880859881959
450.8285612978293 1176.2518165417014 1091.8832002404904
381.22358116351074 1589.288396347594 1039.4207743624872
824.2715643135408 332.4796060079087 225.73154442109882
1448.3844409559833 1870.0544789687233 560.3641150280803
406.70110095922144 1153.6073203934966 1493.4911090322287
617.0805211405084 1310.3880560402526 1227.8017753729296
1261.7841179249085 177.58721985306414 464.34443163904297
211.93690735829085 734.7831648677347 474.2895293859889
220.37259621869686 1791.614289605524 909.8535267958532
1517.5317125341983 1163.9650554691111 1260.9221921320216
234.14926242641167 977.9402272649291 685.5300997685472
1994.495096817961 939.6963244444629 1310.16025816255
144.43239225812277 844.2413504845591 133.8433259132763
1415.9025153573514 1204.6188590235458 1452.3310602970985
217.59110537836946 1039.7921663475408 1004.0771399813591
401.26437571784356 1744.4152822871552 166.58456034885972
1170.811908474391 1166.597378838584 430.1524539773105
1422.9344291269144 211.979996248705 1278.1386037714117
732.3458417139916 785.6978120628087 1213.1621496998414
1042.8123079887177 1849.806026333089 787.6786659281156
744.0386580021625 968.5006926096124 1252.4122289356733
993.5757240422754 1702.1334285692215 943.480988706744
27.7308757843322 407.6848309057373 1264.3332456258147
42.5532323917508 793.3840806347985 831.3388249960149
976.1841781205387 1889.4499447166959 533.5752478433786
753.2467988111582 891.9107442351337 1320.563977953971
42.10244555628706 144.67535419152156 615.8140158542105
1861.5480685119965 707.9575615608567 290.92039536186564
0.03414741591578618 647.3206024759164 87.2968494906533
2.0211357216106673 984.380466739014 326.47354881799777
12.641695189019808 337.97182375748844 777.7316230559846
336.6703227012877 1022.4361575998566 1424.9533225408381
1741.6829429455422 5.2771259216564115 537.3698324853291
1481.9141931880401 1878.518003245422 1432.2952818653782
1960.7899348387239 1023.1793324145328 499.74967466979996
1699.9699549784045 578.5437701746687 311.69388651653435
1466.082220901206 1699.6167875270953 1332.4344240897206
1159.2927109264044 562.5141178192519 1158.8868630021352
571.6062343830949 1958.0320950077762 243.12177095606629
1476.7299435388413 1262.4104319507526 1342.0589302948244
44.04333972026397 1085.7227134488437 853.6978987590295
994.8131842377375 619.6115651517368 1318.8274218618278
544.4910347484113 1432.9772111561088 436.69819598894964
224.73721630071418 75.61957775111993 1054.0633552827974
1950.9898555502627 1542.5028728683808 998.16015857206
466.29728251587335 493.77141305043335 607.6801038278576
475.8422948808274 1071.7417224757792 495.99855954300216
830.8416363821332 1365.2257917209256 539.0294709545132
1566.6797696268206 329.5359413993975 971.1258687142079
801.3869940226133 1324.7684807625308 676.0050404784959
761.21218034067 672.1832979758318 46.84288887557686
1551.9301400913225 686.1910357167833 689.715032001383
479.37453116908733 1062.796410302396 287.55414324208937
1317.7119658768866 1467.6297761945293 833.8455956418798
240.70725819841087 775.2600181929812 362.08560885850295
798.4291041904435 791.0778404210299 332.3595904872454
165.78872052910333 1369.0471591713488 820.8634280331163
1107.7084183015522 1622.1388712800633 989.1085257145184
1368.937836073068 962.9634450858398 602.1879448574438
906.8324089340994 937.3605048514376 464.84707778028456
354.3880388102052 220.4741094556335 983.3532930872997
545.7953193188425 1822.9408015088636 210.73977669252886
1666.0759200270486 1864.5440453669237 820.2187149947324
1599.4525738702123 1574.359921205831 1079.1003646951785
710.540668703888 882.3232024982037 1449.7208576069854
1080.22600294638 1659.156944845474 1067.0108929789662
1957.8983715889597 1862.7202271561941 1105.6062109230882
1861.97834823333 326.10068047055665 1327.6274056109698
1870.227601267568 480.1851187545758 1117.5334875649933
587.0552884589406 1973.8851777640734 390.0155338125153
1380.5925738667684 1529.2361606602847 1143.8711725261214
251.63260398041265 676.7755283976819 1003.0542376777641
1935.9221588980267 1517.9939711962145 546.8325785884059
378.8334810678722 1846.1983674092921 1433.6181512929472
814.5606962670506 1972.1749243679412 1299.9322047192325
693.1247931652218 336.35946158406995 1261.0521285917857
1378.19775710631 1432.2101847386796 983.7412407292478
345.8077763437215 1962.1344139306796 502.33027228194567
447.48692690242177 121.26717227469608 396.4617235817592
760.0232673038621 621.8763069335673 1329.3481671202228
14.732535647623335 1562.130355403524 695.9304063706762
216.7683925455841 352.7615423117501 1135.9137175825579
1020.8199660971698 635.0937197267154 733.8594162516307
1586.642648156726 621.0038398572684 342.17237035078324
883.4930432074163 1493.4041827059737 939.2910754065102
1812.0783964986197 1977.234340163188 947.2188244189842
1754.9526514260556 1937.1112971367627 1330.2115714910656
1347.0617685053237 449.4997522485349 1308.3229404728609
730.3801225041409 1340.7562876220393 1072.6018767132584
1546.7387160088558 1154.608793237278 1457.8480511110286
913.0628051785303 1608.8827000533245 1290.5990022967737
1332.6575787468043 671.6783000766106 907.4406256658011
136.6669886399232 443.2638539662268 1043.0139867724783
1062.8089912452238 399.7287262592819 272.21970214571655
1767.4173588739382 1463.7057767456736 1021.2974217691473
588.406750900791 1921.403722326056 395.85280347536104
1743.8309941819944 1518.5965071718567 761.741737544781
1371.4210636234013 232.15341457635463 193.0066576884113
596.2766820342107 1048.775275996349 656.6438852297318
328.7286667575675 20.98804065774562 591.4672414631212
961.3008226299063 1998.7297851029507 276.7117572789737
1449.037195886683 1392.0204056892778 943.1645234939054
318.7955020150732 138.1784074924881 1298.532565761609
750.2506836838039 1513.773478543472 541.9638374428803
954.1366461053642 410.3081454556972 1142.3259956748936
1673.956890275798 1882.3259823642345 876.0945660006724
1184.6812618533315 378.0306078800437 1195.163546668484
528.559110402625 35.06931377115574 350.6558363123924
803.0258164481379 65.11258730265301 87.06345220732398
1655.0193329899098 1510.5210270103921 905.3783049582097
708.0214732418677 1289.7576665938602 1363.3370457752444
1774.1854324475114 996.0676677668479 1234.6738965690427
267.28142045751247 1483.5388215486694 654.6889274140892
904.7066963180977 301.6729643589833 784.6090342750048
925.3914362396094 1561.2316959191653 576.2563987300404
705.2015891315366 81.2704214989346 1429.0796354361619
34.19954819455384 1602.543682826061 947.7300913861822
877.6533428650173 177.07839496266396 898.9427641704696
117.4573618028858 1976.54464695433 1077.9934045434436
923.3141280407892 946.6442713955156 273.443517790336
1198.0317894165516 562.036380991597 279.66773145589656
1908.113315140842 1991.9885760830703 154.8698551219823
1562.723807882187 1646.8100473826173 1424.1227008677388
1121.5236910225444 1537.896578317434 711.4895617801892
647.6856359367093 188.43998665657645 1396.8069519377248
1765.2698572246502 1034.866219315551 106.79953193787284
550.1917610709235 1037.3841823489456 1015.7740218075771
1033.1729383120735 1153.2039355712045 1120.788015984612
695.1296048747774 1109.0298297023912 1238.7534947209515
423.73905717859617 1544.660976985531 486.85064509604194
708.15424926803 1797.5879046593964 318.2550884355457
554.699792076831 1734.5657415996031 938.1361483671997
1230.8800842995145 134.56188322385665 204.986630812089
1806.4266561990623 994.0147426617991 1411.6134110523822
99.09690084745138 847.0092481892544 1412.636572109096
1741.4107412564015 786.1658394832295 413.5565896919948
1899.9190093116838 1825.4946432472004 1121.1395532115296
1952.802525151421 98.25126166388931 807.4813175745147
374.5549880362253 298.03013104913623 290.6893990406776
599.6072803153743 827.2806932303913 782.7593971391519
357.6456288487089 177.1772119431152 802.7564825005974
880.2719717545464 936.140912785536 1474.5936648223344
72.28426688430578 1720.0962139993624 1151.6064282214054
258.9123609139936 1204.0003574672055 831.0369467884085
806.0765692836884 495.0120134482117 1246.4739400414667
1911.5142789107654 1436.0086327576041 350.56337216592476
1872.7991190480695 1609.267832420064 1176.4567121519226
1986.013162143762 1523.63447580962 291.1504914007269
1351.8856276865504 807.7361534333312 1437.3841596182028
1989.6140337390427 1667.3493920839624 1027.957595128049
1877.5010174168726 1189.029538561422 214.9127751188421
222.52303718272603 1830.6285001587137 580.752680432512
293.3593923107427 339.0591853351013 593.4068475557178
577.8670317939896 1970.7653603806602 476.12314533288213
1276.130621530554 502.87620831996827 447.842106040795
481.78068337642554 1704.695306179701 365.2983856633534
1125.0358715381878 1818.916236299886 635.2367515695094
239.67835941839266 109.86754373209662 1072.4832840955037
1121.2186018756652 1097.430936585533 1117.3333725648495
1478.9444437877282 3.5826470788535847 1411.434556458792
249.1964856976523 919.1668159911728 542.2508325357343
510.61413407816644 1552.4300585970345 1348.4232781299977
1835.32597258045 468.5888684639223 1436.2882676396282
1556.0539616426208 1073.5281940157827 481.6771787976097
1189.2741386969826 830.5680197150276 1023.0811954140186
1197.9202856608422 635.9281519388616 1375.2181001949825
1763.1883358995085 293.70819170950926 88.0828580855812
1380.5063245445283 1562.3700256212712 1203.6990937427072
1395.3066434526174 808.332345148665 643.1562330306292
192.81061736750883 479.27971517775194 703.6296114655016
435.08736135672433 50.09762742093904 1193.8977062744302
1843.050382268582 835.453333667216 24.511717946118395
546.6668394001206 1904.4193783389728 537.7992549198032
714.9276735193993 744.6851403107768 299.0370462188801
680.2124746284514 218.99851606023302 422.9114209836114
12.877252297419428 1794.0576526957468 1031.7588361991359
1613.0716608954478 1648.0976319890742 727.9900419384321
1808.5257955574677 1383.4814416055851 1445.2289285477061
1986.3687367210637 1595.7658034120363 1235.7270955650622
1257.4866803169807 1148.6351826064981 749.7887253535694
326.65402343255545 1363.8299321736788 492.10278295401434
821.883351464284 689.1490720403011 1051.6584312795003
381.17154928565645 835.1874828800243 510.2925879006565
58.569987008110004 948.2648976390612 1065.5607083356504
518.2409927543767 1669.5837401539295 527.1867602843006
74.11136699386888 283.37608044088313 1442.807066215946
1007.6757625150594 632.2617621537137 1290.0381694900138
550.3499261160249 1571.6625138787645 1284.2270001596892
1341.705498518252 279.5792053071302 833.959469771039
1037.7909694902985 1373.8661755270398 325.3087480988463
1722.0771118098055 280.6711602273344 365.72872370406293
401.3912599955807 903.8381031538358 501.262322699775
739.244822759926 623.0748490698572 1065.629029158881
1193.2030847732337 684.8109958493485 1113.7465843460227
993.1364521072016 1317.6134137953986 629.2549960102928
1995.5116152080407 1788.619131536877 511.7711719219131
61.24150281176255 1017.2924193633866 714.171415469244
77.08029604575262 792.8771622696853 793.3971006368982
537.1222667241994 754.0965918077449 498.14492656977865
1543.444028274726 247.8771475976147 1366.8775946687513
1311.714204381794 1846.8420760335296 523.077178402124
708.4201517934088 513.4187112438291 328.2599565373507
1830.6349193206518 86.10594136688832 346.079798952151
1017.128367205935 198.8185576457817 724.9020828235106
243.34987537471875 776.1626798157429 308.93896751059907
300.34087623129113 509.39132211876495 519.9938192369082
83.7995859081806 1574.2226590852333 619.124589307355
469.6385497495017 713.1973183238143 1035.7669919294149
1319.5780721359242 799.8053316407181 1450.458603332147
1646.8347546736427 1107.6626908197084 336.6593095732968
959.8615281635108 1778.7731866926729 44.2898849221941
3.8878276289042724 1784.0524777328255 158.79272588075239
1065.7841665910391 259.4834345718773 967.0709362680894
1692.516987854756 1892.506416608158 135.2955399281241
1093.5951340117506 1488.3492836122641 854.0754405403212
290.78244333770374 1723.0180347841542 991.0810539908606
1971.709179644373 293.628543428055 712.5863028704825
1235.4882989540213 720.1308624828673 99.24652216326979
477.42443000505233 1422.7032629462678 893.045438953636
1702.5763216720966 758.1351107475039 1269.7184128809213
86.92502625262621 1308.561128726477 562.8731700579306
292.9836271034667 1475.9823435659798 377.49533907354277
1690.2168535484327 1225.4791491706135 1083.522211169106
177.03993892292957 303.26165565120243 1456.233204971816
1945.192145688727 444.36903760772697 1064.3303122839002
1638.8143290661642 1787.2024853662654 1413.94122296202
282.1901002638805 1065.0770616292164 1006.1117908630486
296.72725246205454 1265.445147488279 682.7816625629005
1505.3354072317793 707.8060111931408 925.8872408347668
262.5145060935967 952.627914716575 1322.5888001945896
1777.3743547580577 1669.8243391040821 1290.596775650813
655.866537692527 637.9400958002713 1036.1623292170102
1527.214031683259 908.7640163695105 466.5262079063462
1558.4294658590109 1945.7663556262903 496.2912224401119
1564.9913339603372 1856.8223447335865 598.019665120915
1313.797538882791 1514.2346222481726 9.95404528553745
543.292785537838 814.5471526789527 163.58984193860675
1300.179220337234 1482.4410272878654 922.4051217406029
590.3122360538636 828.9009227694146 1236.8317363122533
1987.4045556905437 1913.5323675616155 345.6995598395695
1348.3070799730722 1293.0387984174808 733.4884685072138
1179.2139848982217 1037.8683995042268 114.52272148476223
479.61757194997244 851.7519125613982 1105.4484421415718
1038.6005653323978 1688.3133300176617 534.6325113424036
1398.9744896560799 848.5371419126568 126.44526445994198
1909.5360531262825 1089.5333792651643 301.4195527599897
1905.0015169217027 1518.737370319593 956.0797096083381
1998.0832343037678 1551.2880970559431 563.6946305887351
74.80675560976647 424.67161715023315 104.09549316130511
1081.0214229403198 724.67654189612 302.22144787299146
387.1717087947251 1244.5615693457958 278.2619707376731
416.36464494573875 1815.980921012417 1386.03188377315
578.3108282490128 1620.5899599799905 474.1308892618208
29.30211240997549 1805.4553524695862 1266.003138625007
1633.4754071137063 84.50085159169163 477.71448734222656
0.539410777493865 47.94017937972139 777.0446485500198
830.1632841685536 134.81488596019543 1313.936078706136
1381.778946420107 608.3478927187742 669.1961970393827
1524.2469304848082 682.2725522417785 269.0392700303812
1066.4077921934638 1121.0893296172346 979.6044755601054
973.9431540163033 1749.2605260238777 486.1756025447708
164.69535073553442 1407.7491964763692 1023.2402073308042
1316.595949470309 1267.0621524665435 787.6766368669968
1374.9301953046336 1346.4950528017644 1314.9817617058166
33.88749747191988 214.35830112493727 453.72349729469016
218.4030691869574 321.4362620506459 568.5008211898642
1335.9671711486947 76.69243484933519 1285.5261281656528
1380.3437337345554 307.0350332210792 373.06416310704935
1181.5187866888439 1292.2370343806854 184.94181935888594
250.965265928629 827.3677442467575 1314.0736740353088
919.417722528562 1792.8409066465633 433.094291958275
643.5528885552084 297.1154030014425 1142.2307916211917
559.8051728141185 546.0257283940713 215.43278411041368
1205.3181278786124 1052.6218864883258 525.9302027059944
1220.745766956948 318.66337053547136 244.8398625211368
1749.363920563259 1129.1797645372633 1160.8654998252168
1752.0673254737167 1853.1571593502074 1102.3886076821834
1816.9037613944693 1660.768082067902 864.7947202767682
1897.3457241913254 1003.3667913055808 1108.0637220435815
1050.0240500774814 808.4457195243589 1277.1131831299278
776.2890528405575 409.0574323057086 992.3985180170721
1467.5471329621844 1100.600109914063 1241.9742853896516
1096.4860981833106 231.7206529261897 950.1743255699745
1118.029903249214 1625.4758583961516 1063.5061145672585
1920.6802120955697 1730.6401042954278 207.88869497309415
490.8165480517461 1056.709222268379 1348.0516199324193
1841.6119898174672 418.1864857695108 378.78154023918546
10.630688056687099 1093.2378213921372 86.43729845599007
928.374331639701 1084.367246634852 845.7457862558838
647.7443298652919 1876.6169565208504 1315.633523561275
925.6331223292516 512.2751639105662 58.1898754962627
1953.3571471246948 1517.8929580701079 1061.4487619200286
1024.4160362366674 1362.3809317875412 1027.3968906523514
1597.4529682659493 1924.908241196884 1199.226792804845
1728.2712910387565 866.8149920641723 627.6362507222221
1661.1022203393363 835.6888878026351 310.3067754756703
1365.0699979495407 1600.230490494578 602.8577960173676
1746.4129649230767 1944.5188568431138 299.44507169800033
1144.6193687188693 1548.5856560368786 1370.50767067806
370.4662064351827 984.7825780122992 436.521317467857
1952.8286620446074 1556.272587358854 1368.007493372589
1272.0414218880805 93.7194459243389 268.0258848954399
68.72353022161958 1871.1984298583834 15.049771285349788
1631.2911990549494 360.3036263680901 124.71229762779534
265.99875345506405 471.78806800796 1224.6612736847474
792.9533752598612 663.2018098925787 82.74765071992441
1439.9294425693176 1009.8423903960712 162.35869144146332
1016.6255088035134 1451.8481870221242 1140.526018122459
994.732059316588 1768.2744153841968 53.24818422394828
1581.7556603976477 877.3531762462201 747.2825484556773
1182.2200931510765 828.7436603395981 899.1624174959444
676.654101021217 884.3638413969055 991.0411349951995
1656.5709238563734 139.23478118947276 1291.896933030182
1145.6954216560641 1240.484517296108 757.7709872303465
805.4014186521323 1376.5903152210701 1201.3534162149556
691.3553950654269 396.2936844858236 509.7226356436633
14.122587829212385 1827.3106289811576 902.545757195253
697.3194141740038 371.0600284380732 370.9490916297912
1642.582003660137 41.2577914907577 1138.9476733073755
1713.360365228487 1547.29080802568 402.2759731137511
1725.0694453635683 1391.0660614530548 194.63240420647483
1436.287077457137 1612.6045685541046 1328.6259800242378
55.886275342567075 1417.5215087259583 1376.5157760529307
1200.2737849965004 220.5168185423343 236.26880284359842
1059.5099937611797 1810.0608977005077 464.5884127491843
1116.6288501844062 1365.3482125242406 1479.3173305886905
1414.2030883139548 545.5524048393619 309.5028590690263
987.3613086894309 804.1210387377271 1176.5596021300134
0.8965992608758189 1932.1605005772867 1092.0987567085613
1156.3321974651558 1955.6001390997762 133.78321967693336
1053.7319879465192 805.383136189266 1164.282898306827
1864.8744463150842 347.426977987062 580.56101434301
171.04148769023263 758.2739483099168 969.9484745670966
774.896755358166 1131.8142112041908 925.3852034346492
1859.7434211296465 1350.2888845210846 489.70296075384096
1431.910827246086 839.8669086923695 615.4046983531317
87.08454240949592 270.45085212736586 466.9811397429694
1399.9234953206392 1796.7655881012538 325.9102926739837
1489.4675632882054 712.0999157526973 614.2407709648731
1229.0475624030819 1367.5116151476668 466.7623381366526
1156.6204489679824 1242.6925819371454 353.1647231057833
1803.194439124035 319.6608330477646 794.3666897309604
1653.3077303868104 405.67087318355567 886.4969474299393
134.5193086656431 1616.2535286529107 485.0130392700594
1425.742887976113 41.776247562895776 53.42650520951564
1029.8621087859954 1972.214162961718 1191.2809010784974
688.3342056492572 1385.806979714815 610.2868895858945
137.34406542965826 976.5927232036073 669.1278297456837
774.7882718181496 515.9629312523706 839.989627296463
1675.9129142173724 1056.9070672244397 920.8500958489851
1052.653010000456 463.03334641654016 620.7348185243078
1304.8809089065048 108.80778795282242 687.5208755763657
1702.3677224612643 1455.1030446295806 1441.9230913836861
1041.3850590268771 943.8959129325326 841.4455768404348
316.9298180069853 407.4669939291773 475.0031358903024
956.2286663871997 54.48820942064159 180.61745175543155
336.7092848422066 1655.1606804198732 576.1022546609595
373.4802987980443 759.0130412737435 1372.1011527636622
92.96731316746798 323.3939999349198 63.63662259627506
510.2687076952361 1620.4238176111407 368.90239352317934
39.274118505100205 427.8952544455903 351.94319284183854
5.785344719664742 418.70709753073385 981.4262049904677
1492.119970870162 579.0188379820853 1000.1978662844009
1046.841624717187 767.9999442384518 930.4470163657606
1705.0559967330864 1584.483583385904 254.58414585037247
1665.5879449062215 742.6747697947108 618.3971968864216
912.0178849184963 397.87502707439273 1354.2674553461095
811.7885003303383 265.3718687732187 236.5044536160372
849.5967781919693 632.9447042706306 1126.7895160691244
1221.4184699635114 1073.749845327735 40.974997080081344
1025.0098988648667 1473.0748777962808 556.8221208250418
1613.8345765399663 542.9533147113161 607.5193006442354
402.0679101971263 896.9823165337754 1191.8904813121328
222.14883235687077 848.2797300015766 1123.1660884065752
461.49254924244866 569.4305119634151 85.49026735441129
707.104615318293 44.34074945601685 627.2426574573657
197.17410507703593 530.789057973879 539.9950972924847
766.3542524916895 174.75583048586384 625.976412142927
1208.223857160981 937.6241197908113 680.4149693528892
1383.6301229212006 722.5621693340329 1119.1143303009135
678.0879260689456 160.4324040764067 1125.519688459909
1309.6328299986526 1768.2919756599165 1207.141890914632
235.18243286644292 1354.2009829094895 1079.5426078109952
1613.734820081314 1017.2365787022211 1333.0501094134977
1187.9707208096459 1649.3410490570773 1238.4242014240374
963.0406836126164 153.57347503953434 1438.5506465045632
1311.7739866546744 1880.9045856989924 801.7375800600638
1025.984077091567 683.6387608530931 588.5313866194505
682.6403496367512 44.05134671387722 716.3801099769589
512.5825361557654 1044.1114147683504 1283.0319165167268
784.3133781855458 1214.9778508252218 18.523417927989726
1557.7395297994885 438.02826899914413 309.8935659667284
1827.5576457608065 595.7105233329614 31.387181129147734
1051.467816146718 1504.9437359460824 814.3060551795172
1438.9691058847961 1469.5313276362465 502.28036320793325
1733.9705824935925 1144.909309351928 1143.6259767925226
1169.7816327412422 57.14501023506546 345.0146368942273
962.852864310449 763.644719237075 849.0594813860823
1597.6492440217285 428.929055759121 17.820044051079954
1897.4301496152411 1229.3790488914465 1285.621760175354
1815.5268348436593 498.54087630099906 1297.16727482398
619.3969892526727 1754.4793606222356 66.10414155368672
125.01555064186532 1451.9479207517563 1421.0439421463211
1048.777447647737 1021.1753195562827 403.3948233901231
1550.3524367986522 1071.2171245644095 921.8330752562692
163.07400884158474 1731.7503915061143 782.3612570882422
1807.105500903305 1592.8962497559523 1477.8004521103765
750.340546666044 1093.309863686211 1348.3032726729614
1727.9629959533302 1707.8876147495237 1251.7685067976463
1031.0973741714265 901.4189264791798 573.0834603652877
1464.8325800896139 226.25452988333538 116.00296894514462
1216.1291431800832 1250.331277151781 1332.2123683620414
700.1937772436942 1673.5658790673447 161.6173136747559
448.67642853703546 550.4720288895695 1401.2300618472796
1115.34710629818 1274.0027767735305 1268.6436584463515
1909.8763840887207 451.07710913285007 412.8547663043788
1557.5674743769023 1659.388420997067 1429.3047337695343
1074.4372051936846 1259.7811029048792 117.41639434524342
1084.2536714739967 1448.1424585151287 1061.6463672679859
638.7977645941596 1265.8882050056898 1038.9758297906358
645.0052602349143 888.6056515124949 413.54283458359436
1046.7287113175048 451.6121412770278 65.03070080550133
964.2156753262645 589.860925585075 1044.777002964225
897.2279805827575 1362.2191599350754 1098.7881753462884
1369.5833487181044 632.3735230570821 516.9123902712237
266.62590685591294 1707.4526121595588 756.1638506388043
125.25899621587521 1063.0273795200708 1295.5974367246097
1741.8949318681969 1455.374861792214 1431.7506767193868
911.1882865349174 1138.1715996480316 1475.2134140073733
1209.1220789593563 414.4267971916884 1296.257466847832
1143.6985540079452 792.4590828515541 1310.3954625971555
1048.9735722594644 1852.6485855683911 1436.7976562682436
308.8751322954744 753.9297714356487 573.9973393428783
1204.1532358827587 384.18512519690995 367.427888066408
733.7923613668275 1325.6696416181594 281.15101627127666
1653.6811248610188 490.31068969995715 952.9817602465802
1380.0711643881716 16.74142131830103 269.96678588181646
1274.8917180437343 1819.9089638891833 112.7170486901104
1609.9580117964397 1819.0473702835086 672.2904904569968
70.9565552573519 1577.7200838805988 1495.2674706472696
1559.2369704915438 1574.186856593082 1467.3526472849449
1253.0729862199917 1115.34141093345 622.8438329644365
1736.6328558794478 247.3405981982535 64.65514498316239
1307.5566423662892 1111.0565120123229 320.1761370132921
1113.6011644023222 274.6662384271481 1102.36300348098
64.56524782235174 1083.2676004494215 656.7573936921622
1717.4984732639339 1422.7769286194423 579.9010440312576
822.793129074801 1363.6152009086227 727.2254024077033
1196.8276676649973 67.3280950769588 1481.1149722144075
1528.479862010232 1509.3248452563892 1220.605366645595
417.42721326335277 423.579571036852 94.11764612160938
390.7187318922365 776.8855161484701 729.0110502026887
1491.0788081092398 1467.9520102267138 394.16463182445545
478.70252337187935 352.7542825025771 392.8333988502958
804.5789999227684 595.504431418965 1339.7728600793353
1881.0268785173628 766.4778197861904 492.97217570644665
1306.5276131775113 277.079968453388 400.2293577936858
1404.1800734363073 1486.909780864152 272.63393658737306
1998.6726351854156 1877.8267787461868 546.8255351415696
601.2843396898278 925.5318870011744 1373.6495332006684
1145.4951658714176 214.2635548912304 448.4592421950695
1497.540729072533 752.2258698039157 75.87217199838308
1983.073392295477 1439.0039780913712 410.8063953678848
342.73101202314547 1049.723786662186 42.42818270610233
425.9753799644779 120.87019265250065 1373.7887075919325
1955.74698525789 388.3450217756292 505.64017646943745
737.477499337557 999.084456098692 1460.8446178666597
1835.809005700375 698.7229941549866 1293.2143331029922
1555.5487821750514 691.7498266714096 1386.4869240688918
1216.023766673154 166.68665104068504 111.74204941418381
284.9859454782588 205.53573092587786 741.2371643730248
939.6478361957099 1903.9784081769026 1167.1702853907366
461.42062169064536 1542.8569733378977 334.5557600575909
1595.3395544308853 1687.2848870013163 800.0147139582681
1301.7657664734747 906.4107927988474 874.6603606997905
1049.6895123340457 1219.509587229964 1380.2145820544172
1357.699176137257 0.8586927277922651 1473.4250731397544
1748.889796778218 514.1451625626523 1468.6194393637672
1094.0725441642467 213.82827372923785 613.1070024356064
1832.9055026055828 267.102978956012 819.128881098961
1574.0957406130763 140.2781333608858 830.5682143871546
1102.6650703855496 1654.5712743883175 196.62097562641895
1814.2302963226873 1107.5613739348419 1445.8938602922258
375.02658127272 640.3458464343659 1497.533927471847
1749.0329848764268 646.9783312191288 221.2377581929807
1985.0409780827881 337.5664926169766 1180.1089107960693
692.3366735238357 1437.700282333636 1038.477499032044
1413.9747070759938 1409.0370614887204 849.4330671146843
872.8923532497661 684.1593012737072 54.11566213564595
1239.346755068147 923.8199223504828 13.072955680354658
951.4065693374188 128.21736746496782 873.750215711245
12.202507724260903 1529.7279071757773 249.66003491561912
973.6128980536789 418.89269848601305 1352.3512840315896
1042.4220071637128 1186.157128586617 1227.0327808614525
479.6165824742564 927.5739367645149 1256.3221349759037
1609.2991210325476 837.0446378267693 549.3496608509101
1134.7372894649236 853.9166156596549 1253.1157669913864
1317.1214110937901 1133.322853525407 3.773909587764246
1629.8063044824537 203.91672043745567 1118.9756733506829
1117.8274640839345 1595.3239995246358 1191.7659155134113
1152.6604525460607 1067.7704651856868 1349.3556640959923
245.6188575898166 753.9277933440744 27.952978134549554
664.6201060951107 913.0484119292113 1257.707738095371
1267.6255818316886 1366.0673602777354 276.42986483212815
894.8731940665298 266.02075855181795 896.1024444283754
801.6824945448593 638.6436235137356 1404.472812922838
830.6581532527586 1127.1679842236442 405.4853524035957
762.9522168169032 1360.6952515188086 40.65934000118199
97.48478610918632 1557.0502065578814 1198.0453246708262
1819.302633157739 509.4430122504137 161.34695433295033
252.11830236015808 934.686364566554 374.9646663739566
605.1341134119189 1033.4966265666899 777.6078047993511
1637.4435903335725 781.6578905655617 1005.0181821178592
991.8015769033115 1730.9037540948636 719.3999032327537
152.46808247919907 342.27453655206386 1140.62385736682
823.4962831120232 360.87287422517255 220.71968853179308
1663.585585828344 647.0779714361128 381.80885779781346
774.6317004841475 1734.9427624714347 1406.8875876117536
98.18639475509539 563.9502080433954 882.3966765469019
1305.6173214988905 1673.4501449936972 903.9352006747336
15.10902590203278 849.9584126333773 56.544491123609205
1422.547170360085 1966.1171858517735 246.14043876158902
1407.3134251971103 696.6395293391297 409.63731541209864
101.50743849922961 1966.5171054989635 411.71752667555086
1726.9607009798829 1858.6741504935862 895.7292529538923
271.8811773229266 1531.5713137987984 640.5267754126392
1836.100368663888 245.57688432629666 27.925245828546608
1964.072865673045 835.3377533640319 1439.4415909641962
1480.2630185947178 128.6892356945484 580.2678066504609
1976.9466005484776 1250.823594160682 936.0756715847855
464.33229612931325 45.43416104017539 107.22402838760631
1394.2031199780283 732.8992988774437 829.1891239796786
546.3433203736341 184.72423741019296 708.2744213298523
149.11806188900866 131.27399309429742 1454.6120556173541
842.9385817943977 77.38262277878948 345.97991312082206
617.8056290150347 859.679603085022 909.9390979184155
1292.023251530107 1639.8126339471266 1112.8486935708584
1882.6449989035543 1641.8180353112552 1286.6910686755723
1748.420354036729 762.2195884187947 802.2190094849309
217.36086307999724 1248.7293220484892 296.00538280493083
1533.868041225541 679.601377200797 276.23097738643787
1353.6495049757318 902.8159243323281 818.7985911362115
544.1280431153049 1763.048684242791 495.0220420694721
1869.7237852129406 1392.2392334297638 1082.819384987908
1412.1779320309206 1475.6982815134413 543.3689442229678
1223.247435305052 1515.8807209173272 1002.5701823449996
1410.7604725936121 940.1335090080205 1098.78933764758
190.23980291621646 311.5103441387255 1444.1585239240803
533.0281448033365 1949.6245081586987 30.7030568040092
241.79796432613497 1853.7878703346664 1353.8694844574306
1417.4868870285652 1027.6047049291367 799.314912090044
286.5095063195371 1090.9149381293623 710.313466252638
188.8132314863331 609.8877012452098 195.86151112696055
1572.375029374353 176.5665435617949 760.1531254161456
951.5344319356902 1895.9684675438436 374.90857697133566
1745.8188160462541 1678.7946925557762 696.2491854486516
505.4145305003228 1501.899175912752 248.3372253434562
1309.7797077137334 464.4993103221216 994.4268443654156
1276.8308510619877 968.9545804518663 1149.6104309174643
1442.6935652477168 415.7324131575502 211.33622970510635
225.40605721420116 782.9714000230045 238.6070810962081
185.15923847059602 1609.632421584214 1288.5156106738814
1694.3188111214756 476.9203065923504 1226.163106004209
1853.5641572775196 1160.0728317179367 682.3931947769312
629.6784452516939 718.0358704293526 1445.9246428928172
1721.4687305269072 1686.87034915401 838.0625244146634
398.23934295930854 1031.247013559407 1497.6252184228272
536.1386305918112 724.8760381964535 130.56981409705188
1291.1055750034561 845.8174772551117 306.5087979654802
762.9642021801792 1407.8805133065182 713.9139869961487
1859.8268314076267 967.8312362010282 1451.1106278250898
774.4501844031495 1095.167827752057 1420.05173499848
631.7812124739512 308.82940932166036 532.9393833732881
1892.1614758136636 672.5810016538569 1455.013090301277
837.3576985302255 1756.7646564024224 1499.3716413319116
49.55577358757357 108.94490018080761 1282.6210510314254
1572.347747871199 1916.1590358510173 1193.5461358070454
123.78991032932296 1463.7280653743267 872.1445751201264
1602.465655312297 1127.3341156324816 1482.2226254694278
1354.2730365936509 917.2319349542844 72.81415298862737
808.3109078374445 1506.6910681375066 694.1196874798825
97.59047544070486 530.0242683061465 627.7617672213371
1663.5605058048245 76.30790588205305 556.4113438412662
670.5805864720586 1461.8187966879357 1370.146244345697
1468.5978938422988 855.0083184348656 401.01111224864553
1820.6033828190511 911.400551327527 760.2734993941176
30.136958468204522 1820.7072013884233 941.5481159625236
865.1290719013218 1493.6994064879111 1012.9945119428828
176.1949011809416 1992.2880444803202 591.6597372419463
941.2356835521905 121.56655755983236 212.4044731150771
1329.9190714409742 1719.1284433981039 292.07484342848437
61.99485931191373 1758.6033978488065 215.76455511899263
234.48561274447144 1230.3133465685007 28.435587438562393
738.9270632399057 1031.7189429970786 952.771885677638
1446.8979036384678 466.9040310835142 31.478681734750268
596.1130163991626 769.6516667327206 653.2565100368024
1728.8089609301271 122.7254376569018 988.3931782171647
1333.1368025404379 167.8819108642613 902.4870436886979
1411.8155857216661 743.9741869780177 1425.6439144067942
1556.1994890413523 161.62624697051186 1393.7016943420376
303.35060529024395 532.6145668398527 1333.8820455081677
462.5660322350156 1694.2463461063187 969.1388562727466
655.2864653182966 157.4059584670453 1063.144977395454
1554.6306585007771 1450.9234750799228 900.71410842558
1801.479853683486 1729.7933644520053 1445.2276691444704
1837.6298947612083 874.0785694016213 1261.0217009269309
1918.4337058741417 1892.866719097772 119.55424760227024
1845.1713089502334 344.99597214930657 561.8313781691674
1274.4116954452347 1928.3239291898385 733.1894353046714
403.99871821513347 738.4903329642966 1134.2797149797261
1036.2477417006505 867.6788905513897 735.0900840732302
1909.1332563477015 451.49455369816314 408.0757505392656
854.482509495053 165.78211602300752 428.04404011044045
1009.8925561621442 1690.0901044892323 1227.1136374122023
1272.0964524863327 1749.6234845499569 1216.655920701107
311.76372580357213 1481.493186703391 323.51521580937566
60.392936499758186 647.9677725400239 829.182445656876
1989.6759010730539 87.11198300087885 790.2424652630905
1118.6593406945385 1912.0999755015712 1088.064227556688
55.693506917724456 1602.5031835346967 436.92866046792426
173.44112812422452 164.45134071020306 1072.1799169445496
1371.661872089363 1381.5859870467089 366.26902759071464
71.31708679716465 1280.79052896319 305.91489363399637
464.79692238285986 34.980513484709434 870.0232550176933
817.5762922070702 1009.1191991792925 961.7687402422712
787.3069318542027 1069.8311575723471 167.77517055391732
274.11181806758145 1593.3610286119156 864.5640593835798
1803.801243415905 1594.9710910173535 946.0775499604349
885.6414818902933 1878.3131748285434 1402.6647026808514
1878.0443708504902 74.44624629099805 634.8251409543567
573.0996314780928 5.654708964084376 864.9147219822554
562.1296911522959 100.32475350770764 1424.1932578090787
307.2398797945735 165.87244415273705 1010.7738161193582
171.92236662134076 610.2304340813309 1402.27653967699
513.2971711216492 616.5740656493173 1412.708324984368
789.2767516171668 691.3495954332476 904.0974518384612
139.62098137489275 626.5145899432065 157.54948895319393
290.22901443389594 1238.7486824196883 1491.1781038180918
1419.9692286893571 1253.01045377014 1370.4225951561966
225.18968043754396 1400.7864607845922 292.33008396767764
358.2532500199624 894.411818776891 1429.124205397566
1379.4162117501423 1784.4121455514812 168.81020281593118
1489.9930905219799 412.65597190881385 278.8493437367217
550.9751632672985 1657.005632921793 544.2480961492412
1489.4021600598182 379.4568786768233 334.1326168407799
642.5856902318845 339.6462205386459 123.73779722152933
1707.8317595863884 1029.8041524130076 1401.805757124338
494.55888415627294 1112.8116549956073 1018.8059551685047
1872.8679088420704 63.95033974146735 577.4519394835045
800.4770767559222 1280.226005986637 585.7929972026549
613.3399527948069 312.3709187589123 597.7487087444829
1898.668212450437 1207.8681740566724 348.75312578430163
1765.2936909297653 83.37426222628208 979.5697271939008
1996.9899488385736 1710.6797385462983 237.9299647355641
1663.9962809786812 1800.601365696967 1200.007278085774
1398.3924032014243 1881.051395189491 319.88062410347436
1227.9540737858206 698.94227979089 400.7271726954409
960.4151836180916 1904.1034254401895 1190.5071742367945
720.316912744032 1200.715704713801 96.71058250139586
133.7035286862449 1146.2476221596319 340.66247454746764
1486.6985951490258 526.9906670612945 954.4263549476238
463.3358201768643 1146.591830492079 1282.1996144982752
1722.79750068656 637.9026177407599 157.73034204640234
1996.1601602124608 1682.5250531604224 521.4849588821435
496.58918335303224 390.3276208873918 316.3423915041268
528.4545481143201 1291.949541607974 1368.2701866474679
147.82463158429303 1806.4580256979054 421.4198225026572
1510.8220998805411 573.0376804868702 1368.4578173289874
447.87447592702125 630.5348918153651 713.7316348977733
1028.9600518359273 272.39987887961894 729.0540630640232
1596.5013591568725 895.3499162195897 1133.1864260017803
994.064219543181 862.9559554450317 144.98236663523383
1556.8290288778735 149.728637289567 314.5500185429695
1867.9296187972911 1356.7712601718977 1119.4713362208465
858.4896752858025 1971.9885367683955 157.40453506400115
158.02904731581745 1900.6659844498176 400.330099023216
276.80874438713965 635.3665717121222 11.996912387924164
508.99563487765965 1178.0042903349965 276.24871776560053
920.4036023529769 435.6373076536963 1493.1083906720778
444.34361194090275 1214.4936910923666 1295.609220703435
1599.65786214604 1949.3264709291896 125.24534884644589
1659.8216191130814 614.6941120157012 1294.463054863369
1903.8918168397363 1033.5568633277505 765.7597168471425
1885.6292275397082 1158.246087034002 1339.122736031165
507.3915538139095 878.4100952813596 1341.4916326960245
277.1292807878578 101.27186392222987 1135.5217933725496
1201.8592235283004 866.5018751669991 522.0327299456096
12.803291245739423 1810.017745384377 902.71980481076
1255.5641418906578 1310.437574923492 585.4520424384829
618.9048709365632 770.1092011913553 763.4158176857698
538.4639758991127 1951.8914037769787 697.1223399963145
448.2440528959508 1598.478017497961 435.108996143104
1605.9084449537938 827.0474070444964 539.5073343577285
1050.2662000905268 1497.3377336341955 204.5647221030188
628.3763583800626 1309.2037829376238 226.77965019513013
1973.6430241256355 867.1478067596346 1224.7474372366457
1962.783332200651 469.0514004512618 309.9132179160294
396.907393898007 952.5778048880707 135.73328573915734
1210.4386942067733 1758.595318535018 187.51222643508254
976.6066757617058 634.8257396928616 1480.7617729892825
470.77576034157386 155.7673076278019 591.194615806414
1917.397441218652 1961.157753386462 1367.8542469043648
1399.9445085137263 1673.1603364389273 29.57563446103778
377.01396848309486 1529.8186568819588 58.203737125963606
1587.892561577294 941.5110511635708 1112.1314003867762
380.44107412136 75.10617081713633 662.4609968024533
1141.2925569311194 291.04333330740985 651.2598909477839
498.0241790740927 759.0362948227527 1258.2047236077344
910.0461757540235 1766.7231983555225 761.8202620347644
33.07843680048528 156.56334507155688 1338.7313766697102
1548.186848002127 463.3186031988923 1484.9578122136584
1069.33720710773 1623.8590605935542 86.36523083764358
1270.6126599858642 986.6248566500279 957.1094202844985
1925.3501522274078 1586.1698504127942 309.6292676789313
1936.751058208507 1922.8149665340454 1124.4786143835343
860.6186775085769 300.14408226488445 454.0189765464041
615.3199129382845 760.9716932983071 1046.1055400574426
80.91364333412643 150.1532487493582 1482.7153041962265
1182.0032140439378 373.3521471872081 165.27595429515068
227.58566613734212 1031.8205401686444 319.16289577565016
1454.0698766562832 1792.0743965465147 1327.6657446002632
1901.5773551919476 475.5075307052108 838.6216265128775
1492.9331796023737 169.07721237968508 839.2723664286848
1919.487967709106 1731.9654330957264 905.8157072512223
1250.6142740871555 407.62344848893053 304.9991741733843
1094.2191018800297 698.1964597937626 216.6808490202646
834.9730948946899 380.91503565453297 897.3563289204847
1842.6845461249723 1931.3828054345913 345.06444075033767
1035.5958197029838 1987.8407412699241 1285.6128523916047
1321.470538511231 373.1331023716562 867.3358251659614
1573.6629587939758 1651.0653761902895 944.6146903201484
1087.9049990164226 742.6384051161131 156.0165283754671
805.5097627010583 1947.263475066049 683.5719343871223
1067.7888622410026 479.46110123556406 1409.1486195435757
1341.3552311308451 911.4494019089765 651.6219446722353
584.7260981710347 1245.9698750037708 288.6499860965375
1734.806873452602 373.42668688125167 751.0201513002755
1014.3421588160777 556.706953387794 118.00179062012234
248.8985737012561 625.5543314144236 30.10498540389406
1859.591027969786 1737.4346857388775 1025.2818185087037
101.93136186476926 105.25034301686165 527.8585394194487
850.6725134317552 1166.3161811150592 697.1200339322814
815.5611037942796 1469.9248930439524 1352.825355200173
1583.0636748211184 1672.4622413763777 904.0035675318668
1394.340434814875 1470.2712856685298 199.9626086710705
1309.4889274525433 1101.7962054491231 1419.0501739991603
1924.8469553933246 278.7282049469335 192.09409969312557
61.57154328579728 304.5667749696297 560.8380216194173
1559.7195253245413 729.6759120506636 826.5060559635427
738.7930705090362 301.6568591873654 7.950606597009246
966.7591253747592 974.1726820894394 5.358467969293179
1390.5991573332258 1912.4180221124036 75.57640309410706
520.578931721737 240.9953237173563 1187.9465610640955
203.68844392688425 16.03724396914963 609.2827204103542
1347.8940326475686 1618.538220132343 1242.6813733174483
761.4524221852998 590.8271208779645 1441.0652419640614
584.4933870796542 1746.6782928347836 624.9423704610572
213.8030740481771 760.7824392089829 393.50575198666576
556.0000517097126 740.2802592256393 402.3277461265375
313.09570254817953 964.228755841175 914.7960699320203
1502.4381968143728 1529.6852524431026 60.35228039364876
369.7823823389439 1416.4908078512676 554.0671514263855
1837.7193202696237 1991.3114360638835 620.0633901050003
1863.0764414461391 1238.7652274727625 1487.6186787813267
36.68534012305069 760.4847925742371 244.10720737935677
435.6012844816699 1952.5809894033969 1329.0024212887247
551.6680689765138 1208.9866998519133 1031.185873477249
1481.73620733713 1825.0001800857938 849.4713518763049
1728.9752501236428 1512.6171591053717 446.0274530996907
468.10557986231083 1369.8413520008112 1355.782344094428
1771.5773661528553 880.7996234604367 720.5032926661713
114.12774175853757 534.1313124802731 573.4995506396502
986.8033036166415 1949.3615732260885 774.5125147038084
601.0397124170353 1920.0148751103723 1018.6109165247041
1387.4768094842073 25.140375399395953 1306.185602295316
71.24552720382727 112.12827699834405 1217.8838210931885
831.7743770330968 67.59847488697113 623.4515727892065
1951.7819824158564 261.4397186542785 1343.3027067180656
736.7112921918937 1979.9338626317729 840.9814255720328
1926.6993501462293 1636.8560920023692 1420.0710522835518
1209.7155319488631 1050.750801706596 479.03294214031877
192.92655420600525 1308.3321956951017 587.5767127544094
1577.1631519831367 1451.6868631739599 1100.7158500379533
688.474356176024 311.44984401428144 1049.2900016923438
1197.4197040228887 559.9591231065355 683.2211014728263
884.6065233310974 799.694041699736 1049.7904329871965
1864.735554217107 1983.109977258743 67.11401429222514
381.702296763794 1804.0587097972723 80.91439383607096
50.75723155892842 1594.4215504012736 2.1825517368254665
1988.3096868602286 368.0694288769013 1368.7887395418252
968.8551925103985 1303.4093240598158 1357.058864159052
1705.3465227838878 1444.6005622061798 1392.1158822046561
1605.9122559974446 1597.3683859143061 562.9362208204329
1298.018704426418 259.61326244040794 351.4651424548176
1813.1722464723537 1948.4584470660802 467.7593773566766
1391.105832548627 642.6979097215706 157.886265994972
100.85623803071897 115.08699521998467 1072.0758410103188
922.9547480182869 1276.921197566389 985.3711202348455
1237.0803105071664 1123.1972506597772 517.4274038320825
242.33415441877116 629.6581519473601 1067.6422410431699
699.8873861901076 1094.251815015342 366.9880215488747
1663.4441908737451 299.28346019232 705.877614511533
1156.2275741899587 98.63732945300407 1120.3782569711132
971.4235835531553 924.2815723330752 1237.9382846978435
1160.5330142012613 1693.2261824601626 187.13970867995022
73.30529048399082 323.7383559737952 968.3554533032054
827.609324214361 1434.7786615785728 926.6629970908621
1673.7513257582752 1023.7645412619687 1290.9688019734228
1241.1966928584916 1110.7109988743944 521.4714931874275
907.576930451987 321.1836869955369 403.0419701672377
447.02774699763046 1524.1960061981933 1392.173386607784
1687.1146476165436 266.8122370914261 1480.7741748856085
1638.532176423273 280.89968936172124 11.83412344427609
1070.5318875501687 1198.8917756246697 209.40165337850036
1462.6032766775336 492.88355843408914 522.1490519451556
818.0115368375798 329.07103565953764 1282.1796864179596
137.6805819930531 1418.8837276799231 698.2618785205366
191.1044753114557 62.64243171599393 1089.2740121279933
269.7236677996435 1026.1981275858536 726.2110147261818
1442.9172906072608 79.12066823083185 496.7169538480256
496.80976647020225 223.40557646832693 174.40059292682358
836.0946450021559 644.9232361118283 133.73058411678974
1494.6983881555152 1663.4798023018502 1478.8696043721004
1716.4249379692517 727.6798712138062 999.4763026552881
577.2008416181147 597.0791818459434 1067.0079750415828
1434.192361297525 550.302659692175 479.23501663550906
766.5041168273865 780.1218434192914 118.45013639044255
1870.0702937683914 1331.4570945997225 181.43678228590775
1227.1486326853133 131.52359264284198 1369.7414246138937
1129.7462879568143 152.43102461715895 1415.5576242597738
770.7302414218165 1967.4742815666505 550.5421183041761
1395.378805764708 1328.3995563218703 1378.578334738718
1532.6016542643517 518.9801565909935 1498.0605975009937
1699.161582710468 1197.9521920480565 319.70407241417166
136.28694189216907 677.2440563259016 150.35197784646272
687.4400910828613 360.865927988276 1010.9275669635996
1408.8545245623877 1110.2108264476653 875.7135467754612
559.7434014541201 205.9067459072883 1367.0861382431217
778.2107508386242 186.58745489194882 1417.482114840733
1199.3506890909155 259.8820102199353 975.8322025190549
1258.7323646720733 1495.6589818469583 462.1107096134073
1598.660204707462 1401.4466136178135 172.33454179928802
196.31362349248093 1454.1851274877147 1121.7499815061817
730.4423176688247 127.54769557993461 715.1522819573777
69.80525889130473 1593.735039681381 450.39353185134115
1078.6962033501513 575.6005267768867 355.40451143481886
202.69490526924017 273.1136452533782 1491.7033711478853
1670.0965719433639 1479.9262520303712 908.1664101401038
23.46255566110189 408.1140500824605 726.5159336109715
560.4286006313488 702.6742904806445 1235.8436058620146
506.04984465293137 834.5619336654133 1461.1243454621588
610.8479201613128 805.6789083990097 96.48924234639445
516.8461174584492 1459.8129356900997 576.6055198768393
399.6097759530761 860.9537881225433 1163.52469612413
88.33928064739771 444.96258415663334 477.62663961682983
1267.0029973067628 923.3159581927168 727.5242712215712
1085.943759909298 1773.2830289964784 299.39171683158366
276.4309548327872 1778.3138255186136 1102.5027400881745
856.8850225322036 1463.2603250530403 984.5921407555982
1812.5879388347373 694.2859680031308 510.6155100081908
1049.121335871565 1225.3440235374837 579.4602697646618
1080.4236950724044 63.537188136533196 864.6258942332936
449.3907448466736 1885.0162418283874 13.320213202211884
921.4729853130752 1210.9108728579022 101.71195690406148
1077.7725399588749 664.0036792496956 158.84751701124472
1065.663542972458 979.3068988927789 164.11360717236627
443.7099740488748 1140.1845017464818 769.4920807338515
1291.783019355051 390.1502950882618 1371.7005198245918
1207.0038548551834 852.3984898534296 1215.106583543837
1664.6143815917442 23.564888442365152 1335.4104325532167
977.8748629654743 1273.4910195332302 1191.8347518527153
1842.3964373933134 704.8309516739914 1222.5433306211878
892.3476398461556 928.8898745619742 25.13031078294331
748.8446049423734 511.85779499900843 1260.5058063135452
1398.5331926038668 758.4747764703485 1200.7226788058651
1935.4109070225727 1371.8017711470932 787.7525223294386
1159.428676723185 432.0520568976074 826.0247227499941
363.6352991290912 1348.0236444764848 555.9582406840127
1370.0453280189295 1329.8019450265667 1052.3641495807874
1663.8324428306298 970.5654815953673 496.2141071027221
449.17421584187946 26.058822086222342 360.8805901212546
1826.396679200927 1259.7533785597016 350.0844935734786
277.158741316103 153.83074769787996 1359.1791341557357
302.46871925331175 1980.9690922346103 1052.9827987196454
413.0430392589004 1987.8084733260994 1170.7231204659868
1027.3837646144498 1338.0913150697224 1233.259602193405
577.6759549118158 1604.5262950333965 535.804092661804
769.8096139485207 507.8422304081998 1448.6466082137317
1012.812885614125 1273.5863017146871 444.1348874097705
213.69130317346307 1846.9007089333834 260.3254696051369
981.0559107293172 1720.506540797464 1120.8094103037363
890.8606392505986 267.1796078140649 235.8525093914055
644.6605414093171 95.74080652895356 1380.6637219213933
561.0937061960277 1757.505293926778 860.0301982624304
1762.7729865376268 1871.039426437324 530.6522717964824
745.6829299316845 479.33761551792475 1207.2261303560954
1584.3107816050356 259.9811296685153 1335.916336879358
462.32392291000804 727.981867926383 261.39325317567216
1483.6517752796083 1732.914129579791 566.6994947933357
108.46382232265661 704.6939371929333 409.19332916244304
1030.3345732126181 1982.4231166094783 865.6961938679642
1513.7190307977057 1997.2000624080877 1275.472941404799
209.4791310963202 475.44831622391604 989.8278406769825
679.7099084340581 916.443270524178 467.4822721485906
999.9611614361439 1235.8908986149283 868.2098143195059
1935.0790220910546 1198.332950689798 410.95564599989484
190.5801523611621 1073.6266826796648 1054.718617266787
1557.3659804826377 604.0332792740041 1292.1031677953522
474.5175816688238 1726.2102479859745 572.5087595262461
687.0984137999126 163.3228661148809 1212.7188925878206
287.4736607978583 1864.405735794169 763.2983663983517
980.3732103638409 1466.8316006988746 896.7315743848154
1160.8926404195934 1608.2651069967974 446.7803855060302
1336.7935709239753 810.3028999393216 745.7947782250782
436.36839166950534 918.7749358481565 944.1508568344834
1046.576516810061 1837.627733709841 277.4622245930073
1207.2518562936307 1894.5933533067912 1380.8804984396058
1618.722772770612 1571.1670110370085 433.07184553281064
864.151748445411 1590.1164699774804 853.5768914453411
2.7407112949251466 492.6268112696435 1150.848969748166
1.9226207397471384 1408.7495993778825 505.22084071086584
1812.7836201167931 1470.5595827979964 102.33827558684739
508.8128648389776 328.30769317597674 98.72695768109219
340.4025432736897 1396.909799991087 1480.9078800478426
506.23970270550166 882.5200361942472 437.4646219128939
1736.8333587668342 1662.6040060401115 1335.3697132132663
646.3144618445544 1821.1281196978646 218.40771997377135
238.03848705133058 440.046309156001 1069.3253312587722
1149.0267599930942 604.9240897107961 86.75367746843288
830.4482347248703 114.31782312990757 1212.8458439498258
275.65277377000007 1247.6473075176175 1175.6939585508849
1814.0346186026127 1212.899971960792 1201.8620286515973
590.70888729876 751.3163323494663 1305.0264832699465
1840.9566769021956 1888.990696193059 945.809860432689
1935.0167758249988 799.7208363612672 1091.7988558525974
513.5082999167015 824.5367731992053 130.5761913345528
1345.8623069408613 1334.5710899601356 1192.225713722103
557.0555136096668 1114.3803916075155 1414.9506106892677
774.749765112446 1027.2497981521667 568.006680256645
1991.8522153335878 538.6765420349309 789.1856110410998
43.309432025364636 985.8118120103084 776.1645720335711
1594.0776864123598 1672.0713455721534 1200.9868434694677
328.8798239610651 1063.0947900313936 1120.6448333453397
224.0312404140228 534.742877494647 518.307581189987
1560.174454026741 1212.3842841006413 618.9482993170375
1233.3311905382259 1792.2690499630248 761.3553823630443
915.4857442053992 1435.4936781104877 1047.7793391521159
1840.393519014212 1571.7688701800025 574.0853523975537
1484.1249827372524 956.8526598208114 898.1868831536939
1797.8761026625327 1507.5603381202238 1152.4987877614567
719.4286002399028 1881.9094032635048 970.3902042386794
261.94205359888946 776.8831709161082 1347.399330940354
1111.3645186384483 832.4855738633435 173.21876400719427
83.03371384717862 1655.588053723245 688.179992846084
1269.378274550193 1653.3901614767344 953.375129159701
952.1619090731571 1195.1219790997345 111.51437874324711
197.33107688276675 1523.4621872236344 63.87562422014154
557.8637377612865 1407.272636577301 577.3727459988866
428.80280828041515 870.4554053188458 749.9442656561403
1775.9213626552864 1342.2149071521276 648.554828530973
545.2655224907281 761.7367935148094 335.30478388461535
185.5273538809017 46.032115494606614 162.92738552724495
913.952067633782 1132.8270826687612 111.96930645663356
759.0626537587759 1452.1282093623317 1394.2894579357603
1698.8969028343538 644.7385958214462 1251.2049595219366
510.8190917702655 1368.4082693052064 469.5263217339935
571.7776850526741 230.58884356299504 159.66824309062423
1053.90887576635 68.48929961003347 475.6285723504119
497.54681545744404 612.5284173636629 840.5764107962997
1257.059478048744 940.3775166974549 900.3298353721294
748.368126925252 322.3646838232253 1243.5603625801623
1743.9406165812982 102.180460604949 1303.7488131352527
872.3830542420899 589.3902214820604 166.04838817630852
603.2657301888303 1519.5196143799203 491.16144442286605
927.826637224393 794.0870960535782 74.48963737524583
604.9665437769922 387.2856672507385 999.6829784088529
1988.4444039082532 749.340400921873 840.997322077753
1183.65265973552 1026.5064003612467 799.8743037936847
965.0557074755042 394.7449246323267 1170.7631255845888
1753.1409980856074 521.9496732945626 342.8596841753803
783.9573331768316 1074.137776902689 493.6053103596018
351.47866233358906 1403.8830746441943 981.021622359846
997.4610963967581 1626.4269199593768 1129.8456879156217
1299.9295225558083 1583.1774031043383 760.9215642995304
1711.6378808479617 1976.3942077014235 157.11512199543486
1094.8293052563647 1235.4532391731466 137.70368068892412
483.02131357736846 107.03017949826399 637.2589359290363
1838.923862450551 386.90328117463844 1342.925177318439
149.4757665560571 144.353417676625 941.9736153047702
505.2034000086472 862.2170460208202 1366.2091178129792
1379.2633820685487 1938.6685809427731 100.2955896267938
274.36449668374087 313.8611303182659 1479.0838354010518
975.3283030961002 1199.015462565012 466.1191988893228
6.392439789823845 938.0861707656895 1378.431232446948
888.770533685243 1895.792166862812 1229.1935630837816
645.9103295710408 1127.0777482998103 384.1738794267869
1496.1532440070093 1349.9335970444547 1139.0747260627384
1202.6100347864763 1616.0391998333328 433.76611232870624
1473.2913681657687 575.1510390476449 1273.357390244219
1654.8194650901796 405.0432154403467 1139.0965275288952
808.1839889270286 1239.071338585311 1396.192599176919
1802.1662818938112 1209.4345425264198 585.9826675682713
1997.420222539639 1261.9067442066143 454.97581731072694
613.0248519375301 1988.3817222480116 1169.5835617310968
1556.155322159919 704.0546003624199 75.1570835515324
1163.3771636664244 1996.1894792022435 938.4523598272872
27.455792567664616 751.8032441422755 524.9235987036733
1558.1885734717066 1490.3232418669209 321.6278323187634
1099.3135594040896 111.5873650772008 1428.7212030280969
545.6663206755715 1038.7979591096037 414.8257810323146
61.23708880505529 526.1386074591566 112.33742308326622
1823.970985351145 1936.9607966926585 404.8421224616116
1317.2922586433556 1609.875930457733 419.2214101567077
1159.2032585700924 1753.1036568289167 6.328708520067671
636.0376417607074 1361.3832996316664 451.62930132140445
1399.0960342279047 1812.518215913454 1171.2890126164293
1044.7782258676832 1668.7294110275006 290.34831873502725
637.3357936342823 1166.3725720902662 871.2750425057791
1609.9194717123185 93.51807710237514 933.8482778241495
1208.502499745238 1186.4476402559596 934.1839538895695
467.5882430838654 1209.2717587796203 754.6412610270602
1471.3597473561779 1707.6235582546092 898.2632055549309
492.9143995435095 1516.5765732071384 1259.5809586796825
486.875441234204 867.5961330627098 1136.3273204153509
617.2352722923333 1505.2885409381997 332.9244089859188
1954.539439491713 662.3093599223906 81.48152717528495
139.13180855296136 166.25663882128183 1224.4895701039727
1227.8287863335065 970.8486774788447 496.84150040405785
1773.1134311007754 959.9447656124506 419.25595263956205
1117.9403229681784 1822.6559298036393 798.0225334586634
698.1821900543856 808.9601562868611 786.5294612426414
1213.6911553716843 1218.8099293517917 179.79370774137837
202.09149254098136 770.981971933554 446.25627145573736
1227.11426118755 688.4095644222974 1454.9129015342314
0.19264678705654958 1150.5259043550634 1083.2387304720914
190.0288072953884 659.9059233447571 921.07581411736
152.82868313688326 1372.1687544707934 352.5292892411494
816.149693661466 1218.5429001750438 677.5870286035604
730.4863512044482 1834.3842743811958 379.057871933853
1958.4561435295534 1092.9252887452672 960.5422296167623
948.17156364838 1022.2751497082629 1463.7499762737698
1649.3694563808037 581.4039043489342 102.16639388771809
268.488392312453 228.56574441590394 1126.668767955589
2.202541154040505 1133.672399980861 1445.8636802603016
440.51644278534565 1263.8541771061416 464.79140725172203
1409.406711416262 209.70958454601174 437.02850561486304
189.57297581377253 888.8217067679669 1153.8207873903555
1274.939302664094 1917.0181982993854 30.296081902619456
1127.6056903761391 164.34938405942455 1448.2225921582433
965.4472469184294 275.98224845419696 1131.0676196509885
962.1742249309426 1248.234228332789 218.62861087902752
308.4813493150391 1158.9088016094174 113.97081362809696
728.6076414878431 560.5450379646702 1259.1326439822783
831.7164584568071 818.1324195201398 859.75813936843
1520.4670638279008 1010.7349338832792 1273.546459902661
1793.4593262300953 537.776771408166 175.37569430118887
765.2878402414807 1807.0812501653909 1415.1049558462785
611.3290669948555 295.22536692822297 1225.0930899525665
989.451680963161 1713.500000135079 1441.7622585565134
1058.9682663788144 1202.5616713012744 132.6261690501942
510.5908993352684 1998.237935385468 1414.3353452739423
1603.4208099824407 979.0577319143179 301.93120207668596
1458.0967273213614 1537.8578450936675 221.4523581200683
141.25873716186078 1252.9383297404695 1192.983245006017
400.65016246555143 368.38360290496786 1470.1649847646863
1003.7810831415326 825.0796898285508 548.923890180299
559.0185876850555 152.79278510928717 817.8620763605536
1072.4603090056214 605.5080610918584 723.5060279280113
1975.100813408013 1857.1993674241735 1024.6640170582018
731.9894721009723 310.0737623797425 671.4322370781887
692.754391100903 1032.6194975462508 866.1553036190058
643.8265762625434 1427.4017597979116 427.2842247536537
281.9418033144292 708.7278968000787 182.57066303173585
1191.680179740207 464.1906243788592 591.6296357899773
413.2825590907796 1003.9208754513019 1247.6489320915268
1476.4961749030763 1121.216343281487 45.22957875325723
6.356906185382316 896.3706480348673 950.8829534855805
463.881594513353 169.7720841349173 353.6990231396745
1730.4941269529324 761.4100191080865 517.9989329309948
1041.5086400602029 1587.1204631436979 792.483309135232
1029.095830174352 1777.6378240505355 1324.4716113481268
156.98823964635667 788.5639491557788 86.51034037286908
1605.0950602936118 458.68693159344633 479.83244715491287
342.74423595957825 1651.7291700573062 714.7501694313082
1018.6313408063678 1908.7573488457197 1431.2203268449903
99.25673524930878 429.9655191107656 375.83504689893607
299.30775401825383 478.97717752244876 696.8214163394399
1615.3566868564235 1894.5261886706467 956.2945232114665
181.73056008383614 1533.148872461659 653.5178726712406
1622.5461908950272 515.6515207466585 1191.9577910849769
448.3450292734288 1700.607838674146 1383.9922822428673
763.1279343402153 635.4649091006144 1450.296240263646
1931.00325368917 658.2533251519751 1247.726579261975
644.3537180148289 720.1927729936282 453.7860455808468
1716.4859082496243 1883.592407387716 683.7962320318735
1195.3489139187252 1515.8241233640917 403.7647757594065
91.67934174380777 1466.6039860808867 1192.7548431654432
774.0958825575627 1874.8122998690592 455.08102306345864
715.0086595767231 935.6379368305105 427.0033715176482
410.58457978224163 379.5373506138835 850.7187664825294
743.9997505945984 957.2354845109745 241.70026644367132
1908.76070169892 614.5829484559493 105.3692577201914
728.9865006281458 1193.5091206640213 662.5206619295976
680.9153105801067 399.71854843047373 632.2786907639576
1059.0826206442816 1057.3545832636798 50.15454437260419
1175.3369111622428 455.0895122539276 663.4952111332177
1379.0965499935974 490.95979101478895 469.070476306762
127.480907897207 322.6438364609039 1120.5732385498
1837.9566801513158 1019.3538121659462 956.856990950107
1863.692963016464 1127.9085115961545 1395.7603214623755
139.64146720904492 1516.2334262983861 1477.1701606284714
3.0856837711168428 347.5017864186403 1150.4154682814951
299.39657957443154 275.17186466444053 1323.4352303383753
875.464502988512 1786.2764599435302 1461.4974362081832
1997.5480257635515 527.6369577073776 1156.3993296564677
1599.9990854094042 389.00468774473194 18.879519303649396
1886.274395704172 850.9912526956283 400.40056202958823
131.39640925290453 1377.9855201967068 632.4664004196118
854.3424555691126 1300.8401162318594 1102.4137564503192
740.039814475471 355.10743688715183 1414.036348258556
1880.9597186913109 1012.907878973638 747.1358530784977
232.64649631112545 1582.1667712607784 301.8844058343594
273.024575031275 1578.4858469020455 511.95742402643253
906.2080623688349 1099.942180975096 356.31414649829003
1472.941656480388 437.01174778250686 721.2069241696187
1678.3390151385317 1688.1486206576324 1499.6397028732285
1018.2807336262476 937.1980071770845 1191.2281947097117
1154.7781128492038 266.2547992857369 1306.1628346061257
755.2957750446212 686.5513681690081 156.8387435675519
1068.4341415159547 481.73804170994816 377.138953930538
782.4040276840474 1302.8289460127546 1338.274389542353
1245.6379999406622 91.53612741642903 1067.7524921814131
1401.967627859232 674.0505532036725 942.3892728808659
1127.9308601380847 1399.6026269807892 958.6176565922021
582.1735487644679 1631.3572531825519 660.9290358353139
1243.0686054511968 185.12385425601076 1132.0950299690523
501.906478528942 1529.361196155468 1101.0696473967446
675.8866859957197 1356.1540002581705 644.3071314158084
197.3040150308878 1899.4417446600964 1114.6305729764167
731.1976660070645 499.60618790688585 476.1627364260635
1930.6660712230655 528.2823057936974 938.5106725250122
1929.3160567202794 1060.6447522842184 483.06741052200766
134.54388717534349 1344.222864991438 1165.1828057508696
714.4252006143361 1940.0603221722847 536.3829210574571
901.2682995025057 891.1802847523593 456.7724958963209
1321.6885659971151 1571.8576743308406 78.35164112527038
1129.908830461603 1591.4878043813123 382.992225759431
846.9819384934318 957.4832954026435 951.400883025275
373.2466367854614 1553.6652016444161 894.3568695653046
1062.4583570385128 1426.7165647752026 167.303162341762
417.4379073999064 15.368579464757781 347.5500102065613
532.94168808188 1535.1079125096348 258.6299947667629
1372.4193037600016 912.0043226907737 181.2697334902737
620.7232896828341 752.2606959923737 814.4162015135805
210.73129059202645 500.20564888016963 389.1011338133648
1038.7545816286804 723.7395078590969 964.6473218643338
1691.8693030553034 1151.849609896921 413.1502401912135
648.8072853143063 908.0882224446784 219.7310857967713
714.9676852798909 553.5233918876095 1295.905129250894
797.7985679721786 211.39013133151164 588.4070001085914
1642.8031701568032 1260.900265184815 1181.2299111868372
234.3299199553519 1406.747421994382 1025.0113588400286
1599.6931529920198 1158.9845417452327 1079.3635320934047
523.028443570745 252.70407521989546 860.0368634291816
1548.6463446148575 1215.9567261493187 1404.7992391695905
1139.3075177273358 1141.8703078522233 733.1041786834292
56.97472954378369 601.631298781614 218.94259188005154
1078.032449941791 1976.8989006718082 516.2993258577524
1049.5879844687463 461.75414966784547 1483.2297326253586
1291.8816472314609 1548.0440537456843 469.41264772963285
1411.9055707078087 1166.5702522331621 1345.8155980684232
403.9076553340935 1601.5909938707794 455.5072800954799
150.54821019041165 693.0926366793151 221.84181827921984
1135.2632229575079 1270.0577533729936 604.6819135215902
86.48797792016771 250.5723056846012 477.75132328504407
1926.6909851174305 1429.2178092879838 419.36440156415415
659.8339956988066 1778.166002676051 1227.0370285983463
1537.4027796695254 336.9436679991595 431.4311024665768
1574.8442227900164 1095.915957016266 906.3858058981269
1000.2923313692695 1529.1733944361788 749.9002790534327
843.186796690586 52.450674153246894 780.4826718146963
1303.4246781176748 1361.4186488284834 472.3664451168099
1274.24879377186 1218.6392355710755 751.2730730502735
1281.3632789440453 814.6299957115846 1382.7185984108419
1017.5673592477427 761.1756573152276 489.08330756266656
1019.0492056656324 636.9569197425991 199.49139937619353
186.68393015133634 916.5031161707149 1076.5531470210456
1799.174828430608 618.915739822796 1358.6925102378987
221.99370458846636 1639.5338686911027 770.485172655465
514.2855923252882 1130.8674053477173 600.6311660434678
1007.2250728203802 205.1868370884542 1494.657221191279
1702.857785685508 1044.658711491059 451.24476208029364
554.752180055395 525.1101023530875 162.003056056094
1048.0430155660617 746.7947955682599 40.77409341287031
1054.854287398727 946.002273664637 4.078477680302949
1142.3894518169038 311.94626034046945 221.38939230175748
1056.8586991585353 1776.808488702723 952.7207857882515
170.3906785942042 527.1449638405603 1444.4713732011946
1523.8144484924253 1124.222703175846 1379.7176327015795
609.9905224735187 352.1680086022281 277.5669822293871
