2000
264.3315326322994 96.96817603227284 219.22102782343867
224.48113219223757 28.119097440406883 928.9754973495658
245.82687831934672 390.20739108329843 894.132270069756
165.61173364677623 232.25727709686333 1422.368324493746
105.74004352082478 73.96051155943587 517.5787518740358
117.47568224463261 569.6901791917666 195.41413762781025
88.8219243098036 334.9461713269171 668.146526413232
54.15382685923795 109.24645028605593 1323.8237837135941
172.34528019675318 267.4162932964659 408.6757558993467
28.180324102359677 116.20776021893153 391.0328054711716
311.7477267369122 299.6244360773828 111.76391372309186
23.238099136425593 72.27738978741365 919.7029758325239
131.46907956730718 1.404615170816488 1220.7322079531439
209.04759619572113 198.21160700659286 655.5857958540241
301.1790876956632 8.642724877476612 133.70184207808683
56.693049605066015 28.251141210151264 1382.940612225001
37.094914951314536 367.63074814456786 754.8279254115988
322.9129219007188 54.208236551263276 158.73206389161632
103.84858004076804 371.33747091213297 67.61802223490999
94.72799501673319 185.4517365531113 1425.089082412438
2.64559780426739 571.3913567893607 956.1710463841529
86.00684664738255 1.0203678191977292 503.4773831709812
436.8796684820448 41.41993584018856 1205.515174488543
106.28099869936136 43.766189217036874 1309.3273403970131
154.4959939027451 232.66743891387648 1205.0251206534608
383.02483156424205 124.96666754334291 323.4968407860098
60.53515069811486 254.49666925768645 69.98661387162053
403.928201068544 135.6607624123182 482.4662163315349
215.31961385011277 118.37249549331975 1182.2149336663426
423.0370550013145 304.6593582322228 1492.6876332687946
65.75928346516366 103.99214970891238 1046.2950360848315
78.9868779565157 554.5471274769866 1218.4231453369741
401.37394734285346 116.78751793541574 1111.0519261694142
141.8921397225057 23.467372678487468 1420.9518630761004
890.5242798897702 753.0995583698141 329.9444914990554
104.13528227557644 74.40387645207983 557.0634233201386
7.804730631239599 224.2922177351984 342.5899921548523
124.65272088000974 350.08249238576394 422.79405328989924
139.25185203410166 4.448734727407236 268.8262374998866
67.56370592204792 314.55941868330876 860.6105404800376
258.6986048156134 350.27731444394857 1150.4763256038575
77.21898240147166 298.8116407409676 1207.8202164301392
121.4123816682196 18.147927842409654 596.7691659328343
36.42493462977339 122.92169956036896 1071.18369832576
160.51364364538964 36.09849931943107 1430.7447718356168
159.81546108700002 17.410904592165906 1394.8750685990847
61.840831722498024 67.61024127953135 473.2450088638638
25.27372915390856 105.12295918566836 827.8586268509487
97.32403002934491 42.30237150744854 1074.646572878245
51.243779247962685 258.2368242137485 1420.7615768281971
98.32733279475491 87.38352673351957 17.90442873660347
60.724500063763706 104.38262449231814 1320.6494492369784
451.43399749862067 218.05523153686016 618.6519748264496
39.77618005598958 112.64075669958366 1244.6800689500265
383.78001484518575 205.34425776621998 1217.9973001754709
96.15166312479415 295.0323649490196 726.0146432633062
53.16594408821182 589.1153803970085 787.5007123194528
20.48396028909418 310.37984890184845 1021.1252216335068
16.10111279567531 11.792239697797527 1007.5990230219219
30.89709479029012 47.98348426462001 1047.2195456797797
19.86139075166357 241.39019010661954 285.7866733926978
121.57078666787697 45.70333246490193 1212.396958171234
137.245181367786 7.874346527666481 1092.2860591183937
291.0999415611182 320.56387294487723 360.41087074195786
41.25340318874047 103.58716630392493 746.6339861267314
173.27148868425516 648.8573768929543 419.4571105338623
15.412405763211968 144.51621528483489 500.7769573593134
209.82961627950095 183.4775156299144 239.2611837310269
127.53949585940614 282.41077867677683 106.18784137401094
936.8760198324597 46.273040071349754 51.41569742525082
371.68934132350626 122.8191284521128 729.4718810658446
14.1790408048454 121.74642552098796 931.1283696975844
54.06854190757059 154.34202785057292 467.9435491054256
38.325422578979875 13.17254119760969 635.514649973211
62.318630397490935 28.361986383744213 1032.2037845326004
77.8790379487951 170.70258416613507 1105.1615662350584
600.8468741454915 85.12818410912563 504.8279472418729
116.10919727443081 19.02552742060713 671.1573704882951
206.53519358762006 136.16972667841 316.1285289210364
285.28467374811663 119.31668634440689 1447.9266959287786
195.55718027654956 30.380418685725125 1481.134054020574
386.9141258352734 28.320429811689085 139.11668540199523
160.18844615564453 5.491757718600683 823.050959413583
135.99051687544736 57.85113722040428 1157.6491142926968
106.70209335606013 127.87688445262195 1047.00626821952
211.01086271251478 0.642349992301696 266.2592439222788
6.017252122651364 162.29209620976198 596.8557121452303
415.6175329640648 288.4417429697299 808.2554010626316
20.782349660505492 746.6993996352024 1117.1957846971688
134.94350057581877 185.99832680770075 1484.0655729416226
151.8948356876297 1.519321694163971 880.7030629625943
454.777427974471 420.5821934046352 91.45807091984254
9.37758083067938 103.72911020565645 770.5834016584158
341.95221378774545 59.53729660408848 185.38448265028023
5.554919917817532 227.4628809845831 1463.0320293395723
197.13209721579383 380.84485674174977 1354.5450573821624
12.62562381264557 356.6214258599902 1173.8240428924319
307.3585873648102 83.8771573143893 699.5442281415641
395.31433074217347 44.892870015870216 272.30411321522905
63.04651328145994 84.39584630678388 357.14319576162757
315.09553238344205 54.8447716236648 1215.8643753503072
99.46227291983682 214.21565589389763 153.53317387225812
53.77463425306357 27.79597445090688 381.1893863409742
219.47084408125036 46.125731676106646 482.27545065833067
33.46370982276983 138.47671932646531 1139.303882751892
396.55269704426263 158.83071353855593 765.2015008114746
249.38333506369096 92.99525333101856 557.5814028785977
412.7867043532645 49.346216015295056 1004.5717343823804
38.075790777971356 100.76207959398222 820.7881436496532
50.96610604274313 174.32691609271416 592.5433854013489
39.84377499446084 758.3569819090601 1377.5622200163793
341.79191181728055 27.195044060727792 942.1402481219081
107.93879451275903 58.58870338520957 1381.7581570870125
60.1748168430528 207.79550794211957 642.271647937049
75.59873845878364 25.687206645308162 305.50080248051654
77.93895600990913 381.3571828407573 276.8872146583534
149.9847167603279 549.7911956206254 906.6513001779485
82.04984145948261 185.06886916772453 248.82503580432623
173.5205761898629 257.83027078139924 516.1143700559476
3.4366559320534553 233.9851776090979 540.3838583311674
291.3853783754832 58.80577140687125 32.360135886496224
261.8762206317678 105.76798855539397 1298.7405245458112
54.640017292929556 530.9744708769489 1069.065992167864
479.33323496544284 44.550622385133174 689.1938001548348
247.318714708291 5.163635061902299 396.8450322340966
235.88309025999848 35.16673566353361 356.01429999178447
42.658418523579385 51.512559899930096 176.12588691428977
11.26819661833396 1061.6345216536245 964.9890283184735
48.832752136810946 232.6391469288184 1229.5094985762744
283.96559996471944 49.8772371989595 63.08256733840911
162.25756138595932 603.4132168444835 310.1678747344804
89.0985867825478 370.93603460623996 1347.2192517037686
463.3277196249254 181.6555415520286 1374.8363742027004
45.84940542428285 17.918240198924394 1092.437132438371
243.76747747508466 197.37148693771184 55.77539603958631
173.87302951706914 57.442910158847106 1374.1223149186626
567.9389905022522 2.884216010506713 180.3696701193636
70.39275976056554 284.6217036293949 245.15684607444416
140.36296999145614 1079.5745371394173 871.5167729318202
96.54554187936768 688.1708702761648 349.60325078863724
13.519728992227028 56.729664199650365 622.0654865290942
1216.9384672560118 164.7183531023382 1340.857959031381
267.11901543265105 622.8114073012115 1115.2117947943016
49.57214535312502 93.66203090816478 940.6920709503955
136.77651513019816 8.180430909414566 754.8350889689491
58.30059789289531 276.595087253838 194.11917639644355
313.0906663034558 49.39247049837993 381.69448493188673
73.649879664879 54.09043421900518 299.5602464219727
432.62357594399276 134.99707290791912 1058.4207362231941
75.43942153213663 169.50410802059045 487.85744846935603
210.46846697047522 177.40589506307126 707.7600734831611
590.4786870178788 130.51720039921196 168.3132727866109
151.46149171367662 84.4525558720236 748.145464894079
81.07382550604976 166.40886233830008 105.78170109299067
92.71848204032985 112.55435861243481 664.2773358819657
71.73651610386473 411.019792707678 1233.6937224270805
43.21020498830175 118.38942653131622 1479.9768128246917
59.4027529023194 128.99957633196647 792.6005668530231
412.4013845884161 58.140809165595755 1481.0894336370827
230.5530399817919 74.15717550575155 1439.805988220238
830.4230181229595 0.5021318218948254 1090.6460961147195
198.51733802222685 94.98537232940019 1104.887482966409
0.40345475355722016 74.18893524057123 287.13679651242455
62.346718172508574 212.0561909708803 1079.872440052411
132.76788308395803 280.090838757702 1424.9679700003308
130.15555172167728 115.56086551492746 951.6630169700865
335.26205123874195 106.5380791644509 1173.165498510632
323.9026183997874 18.01023385145493 1232.0608256644698
20.70694538634235 327.4029409655336 768.3695330467145
327.38593863068974 2.309847340553405 793.812313367172
136.62097874847305 93.38521358127821 679.0267636128957
639.3677139484798 25.15856909027755 1302.269517947244
118.78620875620243 260.0821572219468 16.21568324858402
132.56076715936376 157.16484602542658 248.2076335445228
178.51737073445122 12.787091757588254 1489.762089206589
230.7334588713397 83.42827757107564 1411.0279818498213
84.82539490044884 190.39622213083328 810.1356501109184
329.7247636534999 860.143867895683 821.3399178895568
142.57754365220876 521.2520606848581 274.513322298463
498.07948009031486 206.94170236075604 1053.6316008637855
27.35525264620649 307.56652365774124 1018.2084678845666
78.92291084945253 32.085141827789066 929.3920974295422
162.2403370612843 79.61830459278708 1069.0487623405159
285.6672207921261 153.83411815670553 1279.9001128777118
72.04258727504185 150.36402985204407 104.51286184076109
876.8391502669967 641.392703759071 666.786793391121
201.52669442423613 220.5834759955971 400.11139196375825
335.0974754081986 74.98854787026733 592.2719697480101
292.1651356051883 60.99027221840332 1273.0358292862688
305.41710420261586 23.393731262444458 263.1632127382019
196.0036285996309 135.30515178305313 374.59592661107206
166.83434575159794 33.64356186143257 1008.2507120982058
258.17035696907 24.882180398660633 1139.9048716093641
46.45862861309517 401.1214579871874 1189.1335431006767
151.7530441905269 315.7709471265872 1486.037007958013
116.13058763189403 252.24137268957048 146.79690792269946
279.12703949599575 234.43121411830492 1041.4354391451448
297.07914428244504 102.68522600701573 1376.171644936088
287.5821961906994 506.12560730903067 1004.6438551782425
180.5348113338714 188.5456040318821 230.34694239960774
240.9970848277411 219.5435448108227 210.35129589079466
264.45584964708814 453.3850504922391 1321.8573242769316
0.7977764307158368 104.0595623302962 734.074613535958
34.89600082968739 149.06315759543853 987.9906189369717
52.767401774375024 460.28424082495656 1271.4519136533354
204.03572406559252 67.54980311945607 1406.5789725075563
1.94662948149509 230.1132565010264 473.8750992378032
206.8798362294257 80.60882263535584 994.2417215381555
242.06217666177196 16.175156108222822 716.2615612180999
51.12948504735084 228.16343254510883 584.535770237385
119.45328789896203 188.3035639657775 673.8655566740074
26.22102387444471 5.462306772010239 897.5684623851181
137.76372715751475 102.22137528320874 1311.9516085922394
253.11404556086677 63.43601740279286 89.55755656710535
112.77752356403063 41.56251817135367 776.9963143863255
135.0296159909948 358.6011958993514 15.87095049214321
93.24731272799114 80.24030676822458 1090.551343827876
19.604799806150087 119.09253268132514 27.65071090349236
10.378703487444659 615.0738991125646 99.7700406713924
0.498409270195028 163.08816676601396 490.1998360635482
108.30951772314504 209.34163544146668 575.2925481327972
112.74352334782756 88.78295203370557 986.2887053239132
353.657203089061 630.2924684007895 214.2674522304327
234.60416146957442 139.2430501709496 598.5963485340058
74.71576900541173 16.300747107750652 486.14604990631443
147.5531594127237 262.50831629650474 32.924639242606915
13.351636523099181 80.08602588253825 368.7117562208667
14.82266799475333 361.89909425622375 86.56319790439615
29.324409234941694 41.695542845561704 897.3879189630444
199.04578306671382 196.04999022670248 576.1090527240556
315.7554206226762 717.87139133603 393.47916653945373
164.70106142959492 72.67042101430641 63.99629768960568
51.9853609097902 153.5491543714992 713.7765059256969
313.07397439808443 45.1308678126617 664.2041013008128
105.90454476506113 369.20452308367896 1216.0714190350902
31.803320508586435 214.1491445605603 1087.1618441241606
56.93426919075385 427.8216260845413 998.9180976962557
159.13545120864882 51.81883655740855 934.9944033839275
108.42436054221132 141.33832813559158 463.6732617757007
37.471002057081016 301.17622579031297 230.86676317438798
93.72538041396072 96.26482267573545 675.5531319866399
55.466693328694895 446.0372269445008 189.93058707310072
226.28093283364223 86.06720254314402 109.07898580460268
129.4207947831488 488.4374135719434 978.463316209378
95.05421044149195 418.80804606814024 658.2527436729595
419.49729056115655 0.25077016644580596 829.7547612844565
49.526768718940325 375.7403120641733 685.087526622501
77.63523360122764 29.497889852351744 1439.13409352069
28.60333622256729 40.0671662458295 1010.0261024392365
92.99155341465442 63.68063847879954 503.0411909888067
85.42202150786785 82.77798856848196 673.0806046283802
342.82539035840665 202.38055046557065 124.58069268620103
152.47055014073058 366.62213763489626 664.2819217322178
139.92513832081772 48.643897752353084 2.947427260033608
101.86941517806511 131.4589596236427 199.09389987878873
64.6775706095214 892.1087362225055 341.7656235052725
327.6561322893273 39.813267527053334 123.34543405565529
51.62048499685824 244.78437925832714 1415.2765908182635
39.51153081601285 98.72549495562609 1420.2529004261132
52.575459214946854 630.344389411225 1407.8719356086156
222.02226337713046 325.6038317790905 1360.6050970344265
103.56254480649525 261.7346056579256 1055.4868440220557
169.6317557078449 27.072530201331762 236.3935709725377
240.66659733367953 77.0958614446947 1189.3305070608794
31.395596566549706 239.52333283684507 1024.677058762403
70.17063649913447 255.40829011665642 509.6262439446648
33.51861052588824 370.7302025851406 627.4452163742124
45.041177710081435 75.87936906600396 457.64009582246115
198.752514765337 492.3297404557812 541.1198181805806
241.9941565206533 90.38078698082205 553.4709055589776
179.4727116653963 70.03494671135108 1209.1997368697357
90.00804371618412 177.12219659827386 1187.7855983697139
165.41240556663425 10.074245231303388 347.71032654052084
1434.5527815066116 334.67820657321136 475.0313282653304
184.50864395404903 163.66870134243865 1357.0693040645572
39.30912562798373 102.85756869915816 1209.3250290451351
60.737780169720054 94.65569467023207 996.5312361305921
468.74871760086745 172.05727896502097 882.829121401573
336.96005123939494 76.37979888033264 60.66906064193744
41.32764842436655 72.35196367637334 322.1146553255368
487.5734861039853 274.4638871778101 891.3445994353388
95.50541626340716 141.68377344648226 1258.7557704447156
222.36704537051867 163.7717755708158 196.56870308925434
27.293907963232584 66.81487929834195 1414.2119861926956
13.538355053405729 64.03285480570662 215.1724465211346
572.4952328736571 202.4544453976863 206.57775003670142
71.12004683909447 1.9412408899885967 380.2924924643181
46.63427383409896 119.11356134754779 645.1673236230721
258.92900535205837 94.5288729666062 919.6547862183754
264.34137684871104 24.408327165691475 735.1061187758555
461.53749453547385 393.8034665228316 417.5297687212177
96.54995230294752 46.61264617753371 1419.6581931952549
230.41195801706783 1095.255870476751 382.06196951046053
79.9493213761335 278.20571932399685 353.00213066673246
463.35000465407916 303.46951311050645 1046.2485509649591
312.93976827545674 154.24624190269495 1315.817746386183
424.8922029012208 42.938371731616776 1081.163779506825
35.513315596310925 195.7120142586583 1076.3296713629438
19.60446696316843 314.9915271071896 761.6408972429341
169.3013658371415 337.5546218550009 1203.3818440902094
723.631615911168 87.09752848321534 305.90450646227146
64.208908619873 92.65420426892062 186.49035451782632
51.50827601676637 144.0398449470802 272.6087111619371
661.2443267506032 194.58785746643977 1100.040387522338
297.86740557846565 191.62506607658955 755.6315398566927
39.43636219184229 286.4557293847934 670.3439476610428
31.81640385945651 375.2123426053532 1489.9571987939628
7.030959867259893 219.91641307683255 219.35396064461145
20.14762243975532 3.5592589740808203 497.12991832291215
64.87777498846357 103.69305532613954 143.70809721528826
27.956710830866527 8.415246323926464 718.8006999739544
187.7205343173894 0.18550179762439162 1130.1840498186996
227.99034235601064 152.26837751002236 599.1924262331781
250.8521319172741 709.2706076599922 109.25830678010406
1.3474197594629442 55.7737094802573 542.5620749483334
298.30179243439477 706.8972184380233 461.311054729848
131.24298538510018 167.66888442568225 326.841415932461
302.45172863523703 88.95317223736474 95.37890446005277
79.99794408787292 275.2877954319255 1252.0487719498435
128.5632804734498 86.48375356101047 815.5943648660636
803.385071284503 5.957619731333774 312.41844534307586
45.462497720382714 6.206304383445204 282.57951950431595
14.039376441058543 11.988694326959491 1481.2201337579313
82.5674902298948 87.21196518247054 965.9342646433233
194.87850677777217 263.30844356761696 472.4615398044233
408.93742239138777 155.68472781390463 1240.2445438836853
136.3710968912366 198.69800618320014 636.165960904224
365.4784446844699 352.459754654874 1319.8155163167146
336.4281130082011 724.814411100097 560.1472193055572
290.87709452143866 505.99245570916986 984.5817295635567
9.097265338320817 595.0793318676134 865.7343711627043
251.05392268626528 291.6741524809807 939.8454107827321
160.22662656112988 519.7671205450082 915.6544312022355
96.11982269654249 328.85096972565066 418.3767229578799
10.2876403774001 185.69727264538105 353.1880060935209
60.113061225083655 283.8494148643797 1410.7197932172637
692.7735843677482 342.98836991553407 144.57731716183514
415.2311557349263 109.23719656347019 623.834165219088
213.21395003485307 55.5937382246375 476.14952793219567
29.900668157110367 163.64677750960308 1160.1889086626584
126.2794905260792 17.564483559234887 1176.833125636655
167.40126375607753 27.503504014659345 1365.5640254112348
138.51413683247804 181.5192098922915 1036.8807543551407
127.97720324428158 17.17770222912021 185.96284972321547
133.27025514192414 15.214824915751194 1386.3325546168592
9.28101601933511 286.78568454221534 653.005379923072
425.83033053809436 308.76419920732707 707.9596711225939
409.91528055220874 24.383279122398083 884.2170994696482
38.6670269534364 3.8348782425084127 935.6710655376155
64.1582433645531 350.5732853795823 509.7644704054923
101.41824814147145 253.17737667112877 832.6053730231878
71.50338635327827 422.2668564594043 568.0925551777675
56.96098030730027 176.8501830038338 861.5256463520827
47.4032752322579 135.98173556418382 660.1681398634628
425.40138670643256 16.193577982718825 64.03122958351348
84.85982039551457 14.818737439196736 828.2001830156107
381.0499642600994 18.262056141941024 301.00203457907804
23.9376792927456 403.13284549181645 226.57930425608092
481.4611192878464 44.386196333206094 1370.518623647569
47.82723804237214 259.50034321594467 187.2229483369131
3.075149966724888 159.14490119685487 39.080614736687444
95.19454298898236 132.04483168275922 1022.9566133063853
74.30896195983625 202.17106808271586 1035.4166514688484
338.626765661204 419.1388553562308 685.4398790809732
129.68820857295773 260.1702853076503 1322.1534691704435
46.57098322484037 28.62974074056416 1207.756016226347
133.1235796643172 18.593587271695785 692.7460671226252
360.14769726736404 875.9694956218318 963.7770221667986
207.0864130667696 30.126658465580963 967.1213081274516
35.62895155868963 141.48347264678816 1449.573069082615
129.33042037643722 44.89669384069765 1288.2046491973506
136.35951458560623 113.6514438765171 380.67432333622105
142.16423067095886 678.3438707478624 1200.4125017494086
53.507874717682554 2.8913012930054873 161.0760248896935
69.73317149253019 10.972002214487253 143.15118654774744
273.30200341729886 19.936720137726407 988.961244975866
445.0142574660525 353.69897813510704 214.22869167450597
689.6425511953481 240.05737975262016 1331.510944696845
114.548984672558 26.752355263668477 124.82019578924786
75.43145546922116 4.268182290921766 121.26176833015334
34.40152993686579 427.79180625287603 168.72347494241686
282.8673741801767 218.50685856590434 950.2905236392664
11.472107493016232 369.6259930773908 1116.2910129806594
114.67614150697717 187.03045978272655 499.9643143252793
103.50162434210797 16.970223432844524 1407.1480285831356
45.21624990467354 74.54761267154636 90.00849994934529
58.89162609100788 32.03452174560123 944.5925458367772
109.41948682096445 35.18490232816197 766.648365987208
244.96001586599468 105.48907021700045 964.5331648056592
36.69179885154616 257.16423796027186 752.8159586757295
674.503275096709 28.78589956189545 1052.0223525873641
139.34742670531904 106.49638790646519 540.1343824983701
53.65176139652612 1105.55433114564 1207.740681569694
123.61479714143289 68.94787895214195 264.4162757061528
56.820096109163146 126.83794691827279 1438.907621255275
23.46603193419471 105.77137155827943 399.0328012151464
190.7282824592061 530.250624066364 258.3842489592064
110.82223304399157 163.54972456881063 28.214018726921196
40.91522663922322 137.8303774108521 1198.3842315576105
699.8827206392006 124.35313223339497 479.929252207167
142.49829985135145 29.343303557724276 205.7780331801272
494.2576537433123 70.44394318442077 881.6659742219791
845.1262314150016 510.2522686491666 292.2365889287403
40.09169970611711 494.80673930031384 254.05493075361858
317.64246930544124 205.12499190248909 1001.4049871552318
88.66388020139789 25.4505134207259 534.8158151395191
254.4689691050713 27.0337500384964 775.0468436142539
180.66626324311767 307.3053263418327 847.8628975251285
53.08017265746082 40.56850030556192 1274.75701792261
37.20541837798482 291.82300708447946 1205.540047289771
198.6661190507542 59.80360928211274 305.51871578724916
38.68814224724207 32.5661490642731 1420.184881293811
98.67902628382969 151.79104758260672 395.52435870768
27.608194134735626 30.044423868291307 1123.7563971460988
293.18974351293383 62.82834066817795 1055.9810981192995
325.8332680951416 369.862022219715 1193.5479787745467
62.70715864414864 219.73410418371068 855.4667248009797
112.91275971834796 223.67369410357497 1185.6328813016091
0.7212215938984323 86.43485531161647 469.4838641937904
70.59573757405933 516.9847764710967 1043.8407995329958
81.98457190605033 101.53043524424541 875.667017550475
201.67535808962 250.73182527304576 1196.3216294675346
631.4114811118378 608.3349160680689 513.0554100751218
177.97086013772 113.6126545706048 20.920935437177214
102.4230056080363 113.04323491851711 1187.9094568550352
68.0281741405762 83.61232744703887 429.41186259299127
111.87047159866543 384.7045639719199 1155.9747679069094
106.56586511490782 522.8644942807888 127.08531129785405
90.17684315759313 226.86563478588639 1027.9356868006555
16.438902081324333 63.45525913420479 755.8181459496494
92.02215843003086 6.921816227966121 1099.9022050957483
115.14344346505099 52.5494633901928 830.0998317306224
63.69164370655852 77.58595213432568 982.6968965738962
6.054837273460882 374.32036288956306 156.66644106407458
71.74675748673496 306.5991555995596 1236.2421677130217
15.598373925516928 165.3293525448418 1492.8126408604912
59.19554325309182 128.10009802014966 8.887084226251673
499.8424519404015 153.09990109917172 817.8550278700933
355.27861544904124 107.76041250062138 1283.1241939442916
564.8421370078817 212.59968987711378 926.4397812150886
603.2214256968824 122.06156696240957 775.2012885486289
51.785823997586114 86.53418336129089 1292.407471364384
186.5610686144948 360.90332155625447 1276.5088818431539
129.1989885201314 294.82317723609384 562.4081981071989
99.9594370938918 157.28443127471027 1125.679827281433
373.67023671590056 92.39002431870313 253.26550762915906
21.65455983471307 34.55096666092364 863.129132753018
440.9073431176571 28.99705058092063 180.9429222905432
454.3490296484113 45.25804089007623 1490.5576574512243
412.3726598646904 134.84332769846725 1056.1493921346776
169.58827025914667 43.29601890661597 862.0220238741246
220.37587271806353 28.428550797794628 186.7242265060965
2.5651741880659653 129.31557659247784 1466.1390699738874
39.72173999024177 112.8958037218073 694.1410968936639
151.90820804415642 12.997626908449405 850.4331592990571
638.5197562157514 93.82096585029701 835.2703439539132
74.93206694039354 241.72233380398308 631.9658253774778
339.9922700283568 182.76437462366536 1459.0184544952822
496.44969498438843 207.79218726386554 597.0427883340752
127.91811383866423 65.32697962606817 293.014853182472
635.3633713968258 45.736869737724035 520.5581353946029
134.13786931511544 230.10538558520332 14.42471688136504
363.23652696157166 274.41503728865536 844.5220893012664
5.671567599211808 133.18020928972643 183.65556067200828
130.0011597214104 184.82958207203473 684.2479777558814
66.91353923536036 274.7697231313997 658.0295965034244
526.2457855252776 50.56053932467549 805.5954777643474
54.5639699287917 153.53772833519756 1426.0197602706821
28.3299622987899 20.126776410238957 380.7067891622196
99.57484336184817 68.09334249977039 370.71148154901334
364.46482349765074 208.3419160288714 250.7242856789907
40.71120054269241 24.278515090552723 466.80434013556965
310.09372472958444 293.7952688508908 1091.649831591268
168.21567914804027 686.4650835333547 569.7370407916208
133.57985567796703 383.4962386391379 583.7832620521856
154.46262456517388 16.598342965978752 325.3400402858569
19.91528875923489 78.80309200212807 514.8496225169316
15.766966207790336 241.4410480184036 14.329670908193648
442.3548828269574 53.283871542730786 1117.7482800160415
13.593888010994526 7.452459018516519 177.63586087062976
285.48682952579645 307.3908309577532 788.8661729316273
257.3932886497653 285.973895007127 717.293864594751
40.222423943990165 899.0817592488396 1119.8414132718458
178.74235087002612 5.7962300445655695 1459.8043912379567
396.7227568098403 587.5133102337765 1485.7056136368697
21.473691397764835 14.925332862121374 850.8740716385906
205.6280705837791 24.803902354906278 432.05312898423176
72.30182139253598 217.3964640176127 717.5003195500998
673.2460325996699 174.1019897841243 443.31047783772874
57.99685040688421 328.28368446498916 1014.5550809539754
16.082453355791554 108.3338065167067 1486.7270586836378
291.63288685441506 256.86356252276556 351.94924165835624
114.06706977530663 41.139015128154725 582.4844524395244
61.706044902535815 2.752810964792436 1163.1455123465032
42.997555389090145 26.82532062732067 1220.9541524916822
365.60589079098196 373.36291614524 246.50867884400645
179.43198979719295 40.93480438447149 65.87500086132076
92.83988618111768 195.82310206698054 415.54376828046946
12.445482151398886 133.57268528494828 212.5361062684783
120.48873324072945 121.62842496504089 1177.5457646438638
204.49419674373038 26.71775762432993 102.49481825605511
15.804535004124606 395.6706316813468 389.78661877686847
174.97862163897935 325.8558326420808 843.6204842824958
1.4405582555301175 574.296559346442 316.42802318051304
347.37487921027247 99.13301160523326 1169.9517447125095
153.45002681765655 340.7774782404389 1038.2855564048955
201.22867328949977 281.23012614566017 1085.1184232380867
7.275335118089045 10.440950329475362 353.4585039737183
141.48876409509162 100.23485101180849 289.472531605402
145.43853181713874 62.18867043839541 1192.273338862912
349.9669409236925 298.2570088498593 1285.3101285996859
110.91259807236062 206.13882681406946 48.49469502568648
6.614718717125456 202.27164840706598 92.57855499159572
198.72585095521487 299.9785047494769 652.9303736982897
104.79961951865289 390.5977335246358 832.4981775446449
34.966824327201 319.76824686255145 1340.7007113870468
13.390345258252168 39.942672839736 777.7974144782739
154.25397975175275 23.926540459431667 1275.0814869332733
6.136973925672074 526.867890231183 610.4885139166156
332.69189869665286 100.72989986143351 311.5099238782888
532.7781500204292 167.63855856434773 1023.2884200820903
4.222059098830986 10.111338435230326 458.00447032680626
457.95442397051625 105.04071478337005 938.3550089859068
572.2579477219901 281.0371322883832 998.843865099714
17.386563128846134 237.80664397118602 467.5505857509617
16.641180646833778 331.7844873190194 552.4832468553333
363.4811449332362 83.64023457328483 1293.6933205413022
82.07094383925698 164.4292349709357 254.92449992001514
193.64884689421174 178.61355349103377 206.46585048464837
219.92424602670945 24.898728789905046 1170.4282432298917
17.51629917266917 122.8366408146843 479.4431267403221
284.8489438806598 173.321929500851 1195.7638677597279
70.61616638928663 24.76561283317312 1402.7808309186175
485.1113617667145 235.74006805552958 624.8232176220332
102.7353983049687 313.657750408842 311.4702595506376
12.187063922705763 615.9730493177578 717.0967216987445
229.68522717401814 675.3945359798014 1370.9713236054124
102.41707648901215 592.5809210501941 630.2127434700773
1046.1884298769498 138.38178046845107 1429.3703900213202
56.959039782954626 601.491986026719 257.05472619476853
141.61916836163874 37.10062800692728 407.3960314515854
227.61841511509965 312.875577192094 874.5776883492242
14.76155429829926 325.23370259053445 707.5711602593284
20.412112597749115 156.7834640973633 148.10196740278235
353.20423935025167 1115.8222296190377 812.0211330181837
96.13291131533454 288.6807634125972 591.8793357260016
16.780872024722065 77.31591218656213 710.8321245259457
103.89769136984128 109.77879059864317 358.4516373051355
566.9777480423036 185.05484568296743 734.9852754881405
5.979508448686848 316.3423211685973 1224.5807755304447
448.2575264078052 29.69634829035114 161.35890313136352
259.8870072497797 31.707518043647713 1417.2541995086947
146.58588042128798 623.5796138306441 1460.4383605078372
215.68017781135413 37.92389901622577 891.1435810447523
135.85684316128496 662.0652177600658 108.25051919575313
968.2260621153363 347.25893087068425 1130.1367259082817
124.89364793041283 213.81711053475948 48.33533899899012
19.31859006533952 304.93030120449777 458.4515878331373
139.11633698287088 83.07401052278426 1272.7119386547158
19.264469009965023 267.3320406973539 701.1286114531958
189.9989471006433 573.9545257182465 339.7025793413621
308.5776564605779 96.25429074672785 996.8386457899901
38.39719651268729 1.4166803735757116 1237.6115225946794
34.34065910734242 44.476076837892755 916.1619822656161
8.780369262072202 129.4483990569102 831.5230301268822
26.522437634259916 195.11523627052463 1122.1926188733123
21.467593306060355 25.19143601093308 878.4865302457853
35.6874321663026 5.868723474936737 530.6236533748696
349.3868484529265 93.7734157824002 691.5995649678699
158.86799278030418 324.86072187513753 1188.65976343484
72.12100072633653 447.05298563075235 595.2153891361063
285.741616600516 47.965398510964015 1107.2557838677994
381.4264385476214 180.04672721564313 1172.1005267890573
573.7874664205852 141.65902693472742 1230.260363357411
163.76401666662466 73.11371997450973 1229.559369025214
652.668139718822 211.56324669895028 551.115524874655
285.53848851429154 94.52796245457816 676.3726574329772
233.9611860121068 447.09048006351406 1209.4867959406808
349.08918967598004 231.66733936116307 38.445791904596796
619.9190824201266 527.7697071868206 1284.4637007975214
196.29760632123148 97.83584859461622 1494.6328030601514
158.51414953462486 369.2058253804961 1457.2829670151664
119.64380278401401 59.286370651868914 1143.6683816843508
190.80713006862527 156.05661959112598 1400.2356544086483
36.062268076268225 20.768913682518285 1239.6865283449215
429.2437783800033 498.9475481084357 367.9679588728171
66.90389824835457 32.59998132390554 894.7836596470906
545.3213996387293 68.01585367628589 1439.0479170185934
619.5093085679965 13.06889697083619 213.12652035147323
11.001872987321585 53.87275269271442 351.62943914176157
211.2539859645698 219.42978861110615 332.72834021344136
258.71425036012806 204.82776586035794 1463.3038997925205
489.2162674927199 5.360762263147508 948.3563562715116
317.7111911614297 128.68421515297842 851.5065080966208
152.91292700132465 410.5496534681 371.62840641744816
628.9838524219189 47.02584239200085 88.27068807617478
111.47537174495714 345.11956897057246 93.81317054988003
165.53318510207689 299.8453868931783 825.8869736695884
26.61723073115158 18.04580696111353 1361.1480144195493
98.29477076502722 329.0532841875559 963.3361817003014
108.77922049705381 387.0068110363281 1333.3094470205413
207.8683111454627 35.13141287192006 1144.7016033565644
249.97849019633898 270.6255809970688 452.40527395849074
155.58532393044604 215.0111932970299 1044.3115427127746
77.98015982706663 89.61943065733841 636.4595828854905
124.76455290448631 268.0809875096617 183.49356864137363
159.5999187418244 116.4485643157689 109.04455742506059
108.78127709393812 433.32287855645177 211.65652965247557
453.1557176109253 466.5101190712261 1419.36107373044
286.3019063224454 808.8160179369229 367.5860571039269
3.7606523061287915 366.0284774400317 1412.3459795115018
138.17696051043774 5.975289267952954 302.81956661998487
48.86566135089773 24.206530391170766 1472.2389378981568
158.28827969503035 92.80895607152932 482.0357821932158
264.7891038540896 234.68898098649956 939.805375612705
281.89265179973415 17.34985978000835 248.32837772528944
61.868905717928726 14.197934855778211 81.63143941175515
359.2456213690419 146.22600158171312 20.801298688021497
80.98346570018506 110.75791811050064 587.1286285402176
140.33598697857371 794.9510602125066 890.1363510297514
113.76464779391873 5.849243388442568 250.37433488217542
129.679124034512 123.75694601298994 929.6458690711011
437.24443518359715 293.9248287445187 1223.780389124221
338.3393364037542 30.61136351946388 503.84459990136037
932.256485743248 98.51812089534548 1194.9243569949617
115.9168216831545 80.08539074310683 707.9338564816112
87.89302397611449 8.211170457365334 1300.6415620008868
44.754659211045194 177.97771879675204 1213.92868954696
16.038962324388756 1022.1994224892676 224.48507559953612
126.95502648579291 38.27181098118618 896.5563782564914
176.7401607573621 398.90599384929294 210.36633939794413
26.30439954017984 238.67437111950048 525.3977397513
262.35311582227786 500.7290522276965 874.4584112808698
30.852778211892335 157.22766297837939 863.3946554743983
141.00841727276588 200.91067156413635 1107.6597514242355
109.27155080363688 92.7175444551182 530.6584941320261
98.7972998038432 132.70657974477515 852.3622663922032
85.07749812133257 50.040907483925324 1400.933089031246
62.729539026752235 27.9586379027691 1094.0233144699964
150.00135266328698 141.24266975380232 622.4220845982193
76.51711565108647 214.62708614106373 418.66528872320515
60.44465431661887 48.691939786954656 1447.9155564960834
3.3062195120201228 208.2996215388407 1283.623919987886
12.93296850856413 149.6909364202564 1394.470814622152
13.40261927453256 134.49119059318423 636.091375960398
768.3996488379654 206.17480011866886 948.3286903230893
4.059746156353315 418.7296527273985 976.0024971295812
682.0033545628946 161.53946506990792 569.6453596121203
465.2741115517857 67.97852590694694 831.8020756140905
504.46930933851866 348.11464420963574 1051.1030854666874
294.1775583633862 7.505337570875262 662.1725316301361
23.982595951350948 13.70841375144584 981.467339080098
953.8212222994124 18.66559878136104 1363.4641591829468
329.7194929192717 865.0119072784033 110.11950666124048
435.4027061805765 41.107797443688234 1302.6685844187512
285.1230170949667 595.0537435045384 1405.4313070637934
78.77191823697953 0.29152978982814204 603.0911147726662
5.756840380584209 25.387759631277834 990.0654709202389
154.0753185192008 89.32561081128974 130.48799216664398
190.99706802865845 137.57995443534315 59.86059642592845
450.2029905407246 502.5120115418566 1257.7290781602835
47.690690110705056 200.4423498633345 1176.4325533552585
41.015312299494056 123.11257445040238 294.88059954214964
153.72936723122842 379.67674880653016 62.620164156787396
109.38021515641283 346.21695898475764 1451.7865300339283
370.23415818000774 79.11683720993766 454.5336628956835
479.66056095524686 408.86912177778106 541.1076282510239
1.3403369632151523 276.53682612710475 969.6888849480209
683.7068942558698 201.64499052488912 342.16090582453074
105.80603544460814 228.73888082497263 1471.9446528522485
68.36517845479645 38.810261254999546 604.2174084382629
106.24802585975776 6.647118059230267 839.212722130972
430.6957735214226 198.2373324504365 87.29524843082642
232.7675324696361 18.047360570404404 295.9320157194053
64.8831713939343 488.985139874028 695.4715542851168
31.003069936796162 56.03066560021289 812.9331259785648
138.24206858170908 96.579888645688 1307.75351894166
28.540058912427348 162.18817352720586 338.05026120989845
6.348037439730112 39.987895865753686 1119.1136694165702
366.2562566444866 149.62782480634044 1293.3588344548912
59.95200232442129 281.0887718348991 676.899876348879
59.075420796096125 349.1465607906888 1325.433056373193
164.5003680689642 10.712116313921399 249.10783071627364
26.723853624261025 514.3158817964204 1360.215483821846
184.95661034291936 183.55743427995057 962.9313558145487
186.97949188499123 108.50240944554672 715.6346995874416
413.2586536934457 367.49381658202 667.4209537220145
364.1032724297501 321.9827605365427 1131.449657938577
14.038185315439359 755.2335288004696 988.2027732887351
91.98485285509612 10.86976243961863 652.525643847783
500.056837674776 88.80512406034123 125.69594442932852
75.6515776216708 61.6290807204375 447.1289411497684
365.56698457816486 342.23814570788363 840.566140017264
294.11107587100685 12.665405811338564 277.5212485224536
2.7923533002861176 329.33686880590034 1452.0364816880901
8.62163468645184 755.7468988932964 941.351857446965
522.6180276030536 48.998109277993365 430.96843343155734
34.69976943984033 11.421904179071477 696.411129613479
219.81563620517187 199.0927738284788 94.13228969789778
248.71646582912348 27.510637007231388 193.96173642496782
75.85085171539649 44.96480436702199 219.40578048173526
332.83121701537823 116.69434556224746 1306.5854568111258
218.11028437352707 123.4406210133528 947.6308169869893
304.46578266545964 284.1804245701259 1237.5483610251788
588.362059447708 30.93401709614707 517.8620352066866
551.0852657713672 159.48930064904505 141.68173351301388
559.9473960118193 33.2856347703523 500.263036250001
70.0675075295419 207.86384852295203 1174.616900647441
245.77529924257325 570.4020270580398 543.0208030307966
377.3585000570113 302.01127189782676 1264.9729365150292
8.33260665420962 10.149581379212153 1102.625051431122
319.98150079315093 50.79097847294006 1314.3140569025327
56.71100918995419 12.703609065171442 284.9894973369044
138.28427833391592 41.33649272925672 307.537953571806
141.4404564794164 876.3234903466895 1156.2295993809078
345.7106758985521 17.91842893196371 242.2537706159859
379.7877107052889 15.112518971508365 23.7340543443873
18.03562770201445 198.96566608265894 696.9408308312785
507.22232325968184 245.21492211763487 1088.5025442222102
130.06421927665534 116.53824128906425 243.24554094605594
152.16956179455065 371.42259107098744 1403.0636527846452
25.215922749565784 159.3497189007102 432.14876694388596
91.98508508531037 0.3454991179919611 1139.5258528958711
322.9546147319359 157.81316915555809 1266.7516751575672
125.08144709400186 86.4830019352382 568.5820745358754
182.66465095620688 103.93373050103698 1373.5635415251515
63.936246111535354 54.75331143052319 947.4247713699375
1199.7517484300429 33.702545992253285 786.5547005782377
22.06785313882475 207.10775724616406 1331.5171836937488
324.5079377209268 257.77341231973156 565.0349269366802
249.502626509446 21.09410832216307 962.4773645446187
549.6265147575343 1.0328021066353967 1077.2405726586117
164.61404292901886 251.9995677479971 132.88532093312315
114.73165815920208 86.45162305553016 10.681128755792525
177.06754445257357 138.72496013565484 1096.9350787965902
153.15051444119553 16.158760128246406 1395.2339836485835
68.99914288998048 229.9214385230127 582.8504710626758
112.12741405118022 66.51105597731947 1010.3954129828612
83.33122813949232 16.986362518900492 1190.5513148147709
7.911869586662493 87.60993067931967 1204.541531367133
55.716754596823115 267.49272115455625 1029.985060372031
165.8954914844003 46.50617920958264 295.015096151902
128.33259406046108 884.6140367203923 965.8192426317006
257.06238916758844 175.02447608800628 87.06402351636422
238.02994933013304 375.4329420560538 1383.9178268932717
346.709257709633 60.25398491038708 1015.1633847782074
245.2662254330845 302.2402731417859 557.3644285160057
113.42816622938301 189.34738776339944 330.95505012466015
221.65038096250615 76.4803833382454 67.52968313028678
7.904570631889795 376.0369397748697 633.4128880566373
187.0731760941945 276.3628299022118 658.7894007891114
46.01181017601425 337.67097961422866 436.82812503032153
435.1467000300575 135.6580852111634 1175.5953912885868
115.49408610652667 56.63034988924874 1081.8752764730957
134.63620517988176 7.7933227060033206 892.0371852087478
35.78708581942818 46.12083614939939 301.4960526620854
350.2328433557039 235.42945476351798 1462.2743149881653
588.3414549308515 436.9548992577852 1003.165976316288
76.45669959043603 321.8552885468117 1436.7196308947018
242.87978454922734 94.52823822528347 55.505053574476435
171.50592459039092 456.7227166836302 412.81713519319135
815.9396102642833 45.881817642757845 1101.0694120725693
370.8476681054408 205.0799973757458 377.10665144168354
454.5989510525064 180.65398996268215 929.2232154651565
298.78094878846133 1036.3675680433475 635.8634579183541
39.97284534691938 374.8307985250624 1356.5992936660361
239.9311884556254 165.0006190820865 480.5204566280422
164.25737757560347 58.21484094477209 401.88152845660886
751.8513176590612 100.49789373763898 716.9649198701753
319.8275729817892 101.46981927065796 30.722770448509685
21.64496313675969 87.00546356616556 1119.0910416883662
206.63164742055758 7.018264859772522 749.6772596637991
136.56971908272905 218.88553799804873 696.2005889644541
44.58015897240445 151.86661988096674 1181.3925248781827
16.533026644740957 107.45217496821611 1423.6148060610885
192.74750600710533 274.27191762087205 29.557297255957238
99.62087773507753 100.52784492543393 1472.3751149153495
509.7156214001245 290.6993694279244 715.3818538882811
88.76139852970408 115.07806811391339 190.30111918148418
58.30695124726083 457.8712814651821 478.21154342488757
392.92428602394244 1.1396296457435136 576.254795489491
369.3616197878696 525.8268690261538 323.7972254834388
95.83199260260716 66.52670266830808 217.0556975276599
95.60904141285505 754.6821092006346 1438.3576356297278
39.34908194476616 197.05978585025085 436.82345149909236
51.983390554933706 210.82862968921097 112.16290857888012
144.23069754856925 83.17448532201631 859.2816286848145
0.3989384019682728 598.692956154776 558.3564497400341
138.23450785805016 18.993261155208188 185.31919631786252
14.120880770128263 347.9393052834439 1022.0075966233694
252.57402089398485 215.89282187994914 844.5130583999693
502.52638681345604 61.47492856325443 874.0839119011082
29.873177324994867 237.12534701261615 1233.4842582156925
538.0016921278832 14.181754527744205 8.308224546351383
19.438306939127038 130.64276523134913 883.5424951998363
28.183617710906862 127.73901801500476 905.7816655622229
432.74825705588125 355.6217866687079 523.3702320024819
457.90445707073104 75.84818798857393 573.0783807996107
160.40285830674338 271.729276820068 754.2471858672382
25.617796208261534 122.8526376891653 1082.6930504361223
102.36664824163324 45.36437144848414 1202.201584827525
234.1536852887236 28.22112095828863 69.47239103265468
476.9150671059875 1.3852254458406237 176.75247797446414
84.32379708199757 182.4195640699905 34.08022271693017
86.50518904682603 192.90642534744137 1418.334817062596
448.15391798878534 475.4299736050032 1189.4546650976033
315.5886444398459 0.5444356758488293 1365.3208752547876
319.3202555219866 93.20158661966002 187.0776852904652
265.322528193301 17.828744068294807 551.1855713112183
184.3055639478462 356.73501571049815 1273.9060203848994
176.33052699751315 57.847008183497195 804.1295822579774
104.10142048274243 173.9653360098044 816.5437920047619
60.907113986146676 2.0080392690562143 809.3336979106235
154.01706389074647 408.85252074391707 1280.3318770593346
163.47699420473202 143.9028375179399 1193.8397521595118
1.2011488031127346 48.488677591165214 1120.813327363026
118.28464836065164 208.81207501606798 197.48555262633866
109.07529424708771 176.83502230240532 635.5015890176486
206.45418150199038 267.16684784220115 705.4889536651532
265.0633467499595 180.8915867070099 1374.0604390290123
0.04805826076066932 173.98867401742072 390.6234290656395
170.97710209118776 13.846142645517093 58.8454240752479
875.5121042981838 28.22374607063351 95.08955466343183
635.3547039907392 1028.022247163225 1228.498847249288
113.18372968357404 219.94265379638537 1417.9477930566634
34.880916602172555 120.22414651219322 311.1494245187447
143.94071998664955 35.412547148928354 413.77995408071155
504.9544296982052 77.93809765119877 333.8012011693985
192.98122467804848 412.77567233493954 1138.0507382376506
6.750221304074573 159.02521317832176 391.45347163447576
193.6351262552452 22.83399938151402 132.03628015495354
82.95912047825593 226.62392966486965 791.1312658800784
16.30210414874606 477.85580973644375 1034.4269213935754
439.54946399556366 114.75460864880954 266.15731680850456
1.6527138427129247 25.644471208706303 444.3599936478683
4.955127449848209 13.234367803201726 855.6007059834928
51.191522945822776 4.162891940309536 53.85460790918778
9.280866146061035 478.8403706706984 1084.3791151202008
218.709764745127 282.4954108693572 758.0838921367117
165.27040282797404 110.59797606045794 1132.21633600316
281.292239806311 111.16422409652532 403.79435504054914
50.071102336011876 33.09782834595355 623.654335523294
173.32767969934557 206.2008823630704 236.55039217864066
220.7405814261679 167.9669590303501 253.93725719828836
335.47390201786385 468.4929183991903 824.2232142473955
414.8689868123033 294.13495999111285 443.3885283138866
352.35441507272475 33.82711828255051 1352.1223362552714
85.67804827148314 136.95628190626073 164.28778707455376
230.72261897640183 21.107711939188867 1379.6460651447392
109.31255490789502 140.75869523103594 214.68462922747074
17.559935053243372 33.367085430424126 915.3716555749838
92.95512181820153 46.612684221898164 222.18327436254182
0.3819398745947 189.9334651836921 170.84744339094522
99.32904735194953 136.94137841702897 1022.0049204055691
103.73381105026198 171.51326224506903 1297.6706142879973
205.33732091572 93.32892264876982 1222.2016984644354
140.9018772178909 47.99221827230929 988.6112177893924
32.114816569513756 504.2786466939985 648.9713743091769
124.88187499984153 589.853951844569 501.87812666278586
92.53647060257047 58.33168215088451 815.9917540766253
273.9799143518672 43.850789084942 1116.1938994508453
63.43735517922424 187.39344336112666 992.6230866996891
51.71663074042412 297.89242887842704 1065.988591642897
3.932394692711187 105.56882328666663 1224.1346296371796
306.6885308247052 101.21634577745911 37.74253927931043
86.89857742315927 102.04197831886195 1049.34876608621
172.56593244993172 222.75192173257133 877.3188312240351
20.42289312124935 35.71504685490782 750.384394121268
100.32863081009215 7.0173435624630995 226.0529299275748
70.49228740563468 129.9749103610615 92.87504840981725
167.01559302430078 626.1428784927949 253.932096379983
135.51203045302205 98.47373191510495 767.1707103126496
147.94300005908073 95.50720492644929 409.3213562940807
248.57755755762136 119.18572053823391 1382.935839611414
522.2724800529368 82.27903136845455 1337.1304094684465
626.0217089856258 84.38804101287671 57.24524237764078
244.34643975928867 232.9465896611581 443.5437979954032
366.9500648267426 405.9965110423543 362.5776112653073
17.52853925041995 142.39358244387373 207.99155678577563
8.394541429000062 2.8183681512227343 704.4392655859491
30.541834430968194 38.14693524519779 1042.8227596733454
51.470238711440516 103.34011280499904 553.1992005469431
25.12423889821372 179.01972825394745 521.4764604824674
94.59834227645662 300.39170733917433 466.65759448616734
629.8656393070725 279.3314323282458 1234.4934034408132
62.75449099215965 40.15537624531066 631.4181923754362
49.757358851861106 23.97127623403552 1187.9437369836387
61.208575630247395 179.01440748856484 127.09024602341023
594.2058454366585 33.55695725871659 144.90713778167674
273.6598885651233 572.6664290878402 602.9900304969543
181.1991283993185 173.28570505194403 1409.0093991087685
202.53400070152367 98.91316372467062 918.9306793117141
467.37900909969215 405.7243730099932 800.5108472724727
555.8244316638994 103.03219298631161 863.9876319447185
122.14316601849113 67.61920048328626 633.3520007712447
41.45710072790653 78.01892097484243 80.9642032049121
200.15432421750256 68.83310933387897 1393.819626659445
212.40428510299353 138.37890206767182 1232.161327529452
73.00415223816029 229.05168421129525 127.9138473966867
178.47256074551126 158.72530052374458 595.1441028734247
273.0884086706975 31.443599486196167 950.2790816178924
58.360045034215645 990.7051549014069 615.5598537636043
19.00785342608383 345.0076162555563 1325.6507050037162
2.8631055892027573 88.83087187509418 723.7202256334473
178.8471793292294 444.0767060277259 476.75357757561335
7.709549604356693 99.97472991457946 918.376844028245
217.34885196815995 256.0392393790113 658.4176244379581
279.6930532403733 129.17178256206893 12.55357182351241
10.318893449960125 83.28269875836192 1221.3687093244296
6.446433806108145 99.3171517671521 1436.4877535594985
281.71029082301595 80.83661966906863 279.71103289857655
14.720308256345804 44.320722852858914 1445.142349279781
194.1862205833028 79.59611338701058 74.98584403346509
97.44971766765389 122.91104664181658 309.03740250286097
208.149440625428 606.4397905233864 1161.2136239804977
196.85897296682577 115.56036050958592 808.1471349936454
101.86250789665327 162.12853146975192 1184.0715456024764
86.92322783461053 189.31042484335788 1109.5825064865428
46.591437888639746 609.6892629784829 1193.8024930252307
188.74177511250178 96.98550012953396 1164.2068266506499
11.647469836285861 66.72016968771185 1361.823320140163
172.31675278705606 112.46046150401843 639.1329813459658
189.5022467069737 20.220966126695615 460.54175172934106
13.51301651799231 229.17275025599068 1360.507285400576
146.79784986998237 433.40769320566335 1038.9561944339791
56.33092090236541 199.4990214186803 1001.31418358999
26.006323435800883 32.66339900946372 1439.3280839361346
349.9482993662284 389.6007166336653 697.2516743049043
349.6444926861142 222.57178468377074 1107.7823596398644
76.3336959399945 37.63095369751993 757.8368140896772
95.42993288698425 307.8133917487159 37.556194014079004
129.7954775333303 5.406669078138521 1169.7453411240344
17.310708471326837 476.65568846137927 150.22177304173033
46.44261434074598 405.6370192888176 1351.5180578098227
421.4340791564895 214.7188395788458 1414.8133259348554
50.13149432307975 140.31458209446092 360.9726251081437
159.88789035558247 385.80860393134293 49.21199682638222
331.3866967090698 94.7925847919093 923.6786266863966
301.50082883031064 45.9655715679912 389.0260170657166
664.2938674626348 55.120618999249814 800.0778155868632
17.10008506827206 14.536553767018201 727.4972647443601
806.6300895581169 2.021181878785099 889.528476268796
210.28092708684284 175.93175800590973 753.9445466036234
127.1865200507163 517.4891594843081 506.6607617764042
20.464519975236684 148.29083700898795 425.9606049965903
231.0178506072039 99.49776945342902 597.1876167338079
88.319681698106 70.40101996724295 923.2791085282778
49.56323878666633 417.51829937219276 264.9171778633807
60.161861755202715 143.5826743727926 1241.6965399204812
214.72958508831167 280.0894776413128 744.3346506627098
13.893485199978576 239.67451469374924 990.4949290677959
111.22846010930458 42.223504658708386 406.9890865147178
24.22572951455013 167.56004728852122 1113.201920334436
617.7093754349265 73.05009546927982 1080.0818862503102
291.15640646134136 259.07995797094435 1006.2403154000677
19.431047707187098 246.16581667073496 258.1105938479421
2.5917290273426663 60.76040156203517 955.9956863262961
98.12759426698173 377.9978290294698 261.84991735015734
325.1628096009252 11.45473610419996 1212.8311532162352
242.123046546941 213.54777887924482 500.854393957221
70.351816746393 286.5108595493762 183.57306116754103
224.12089296688856 137.45112940315934 485.8039150223501
236.35815369766675 74.46460109375796 1283.060122366247
97.76580660672522 231.92221748927625 223.40884513811466
76.2180161935684 38.92941254966061 309.7457281399803
64.91296600652036 166.353782190663 406.44525517824803
227.4226173653847 318.74316755248094 468.24173166034063
874.7533519173352 71.41554997575447 708.8709712008288
183.41475399835275 63.36665926805867 233.89240609179578
44.11138494659919 147.47151712448897 753.8617524243964
136.91017400814147 67.62369942478573 40.53207333475062
125.533470164391 89.50209315939898 274.62947872658714
288.9305729802193 67.923648516103 1352.9036330645206
570.9593987783029 6.964815354812519 1106.4653769503823
100.47408981103665 82.99652472183055 1445.7297113880543
294.0741289323659 141.75476683878833 1442.2567342688512
195.52139320144008 189.62906102104984 517.0610269828978
221.79993587644563 138.81331377571522 931.0644690534566
142.2102971211582 42.890524658483585 1002.9709910770995
32.01048980523537 77.55239969864746 899.3548722643767
19.40487074809741 120.42117966744503 721.4181614642185
461.1307962910825 68.44134883486637 593.1365132339895
417.19374093496435 562.773873852273 448.97024932282886
144.1999433924437 447.5469190931602 1293.7913209841604
340.1047427590635 376.838433192296 1151.8285702369842
445.00745442581933 464.1129883209216 1314.9448371301821
49.251904649289195 235.3511515608472 949.440965040834
93.73302693409288 83.41480247212131 721.5663582740082
14.374072211668091 16.840569400776488 980.5450542879903
51.31135809178878 342.240974368553 177.8966735268924
103.32251964693513 109.96698356107039 430.337515821841
231.9060477190405 20.31851895740585 623.352391658131
30.649642615889316 29.341261399592085 1334.3109362345547
255.31819801420338 2.1793520894222396 1024.216659591333
173.90839529536785 144.62020923857858 896.9745675997676
115.1286491029115 63.15235516927874 1380.9029731194628
341.7645067771316 104.99685151769576 13.820948061287918
334.9599503810444 1.6285401948776306 1434.6722429036895
38.91500037533764 148.6725764388089 774.9956926163521
27.844817840084918 177.84697407008096 429.58895795042963
39.1474566011772 508.76189589236657 90.23776276057627
429.48016102000616 116.10532663228055 1390.5423471441406
143.20762737426182 267.9754821454417 642.6710680747265
255.02045016556903 565.1250155116619 578.5952461916739
92.43881118342865 361.9426546072328 530.9928359032024
125.7092066847616 341.317120835662 1415.779762816046
45.042789856743944 265.44580794534755 1419.739244834655
42.255869808880355 66.89990829729878 348.59919642206603
136.9876256850143 279.4572867926179 1480.5307892601097
310.0464973861756 36.60327947138667 515.8867643916868
66.0635031849431 0.8319434632483564 1219.1773277033758
134.9619131342561 107.05321239034305 1334.92846005564
436.1541250738902 662.5204349315972 976.4096611425374
111.67771440007922 124.26550887228602 363.0447563425161
2.0410042132800266 65.20580845129828 1102.8831832678122
128.0349723286131 1248.1120374423822 480.5411317098998
30.297616541097554 92.16952465164442 1401.8540313613853
37.76191085902154 3.6247547595056524 1041.5630714124093
41.706328262221646 99.43575211006635 1029.35476985476
314.4819648109618 14.119909421399726 1008.6713350260184
240.7540560022391 65.15386712892177 510.7827209916066
46.864448992489 97.18612086954361 80.01267550765967
100.07213293554311 89.97160900706896 683.3988103287721
332.8430787582207 56.887970395720686 933.8522447116682
45.86905110952316 1395.0824487506163 811.4207705875426
831.1793377546173 105.06642258113314 210.6824003627817
411.38871044148726 23.034537012635624 1387.402634818794
141.37160422134275 41.704100279078766 1288.1714962132637
133.27404050771753 73.34965371500778 810.9104021124648
76.1006092690929 36.52317915836263 1233.2743452292762
370.10122129202523 69.40885375725885 36.828463968157585
35.0919242568608 7.783126804048609 353.8483686491801
104.53632074624961 23.217569991679866 890.7068418979338
191.62395670623653 98.68220062157263 275.44622828573773
42.1541895770108 361.1938501023707 1416.8305401608266
213.16292419574535 0.24279448165879103 1409.137795132549
483.82582242498034 196.04180942049456 743.4705403443381
205.28155533165045 11.530582176646984 1363.1319551082331
97.3830645688777 317.17705804183487 684.6810184555002
352.563919460953 42.88893789778597 1053.5948816774242
153.56377105942755 349.5375777435899 1057.9774530562697
371.74572607930537 105.5005910225741 1479.7819159540131
141.24038074802257 108.49166107289592 449.2151057463326
177.08549405244491 267.6003548343544 2.215093663467338
60.59830545532508 234.00592378789088 1477.7123980706133
181.6611208210058 431.13802179980746 826.1611648973038
30.42938160150701 84.48001024050359 626.3911219436992
117.82212379605717 252.00357701751503 1393.6231180709567
355.9513230070675 167.918108841717 889.8903476521162
295.8419352405518 318.3105128627119 866.356951693092
15.350250530900153 213.11956894169768 782.0278563514655
120.15151115280803 9.320223128986227 1266.9584366914467
171.0870179587136 258.11488555322705 374.49822216370956
23.410714514222366 104.65069708980235 1120.50253490401
288.48553971120515 125.97139075077017 918.7631398596739
375.15883008862806 258.17919059903016 125.91796287785911
288.16616709074526 213.9344872400458 332.17968410370065
396.92605634657997 166.7081473088638 49.86990814933673
240.4924486148634 315.83615278228245 1096.3234892083308
62.11949583174656 0.8095357639752431 1384.1787091765088
57.550670561660745 368.1041994834058 630.2523311695024
141.8563900093319 288.8985414826003 66.81346818601025
21.655305053871032 337.5808408370385 1130.141417198914
136.42915751621553 62.80587679687486 391.43589127732054
12.709139146216438 247.21893708278722 599.1836059523228
283.1821491428648 35.304354066177545 516.3644261936984
161.11103361630552 185.91688199912747 474.0795016804598
6.185987075443796 266.7664959058179 258.4542068970697
264.81046754833534 107.85758289846359 490.0808567736852
195.78142855409672 5.763240762015521 64.13895095122069
132.65730906896675 1017.7193271868978 1317.635328923821
842.8578257531223 61.29355184940193 55.661084791654936
130.3409131999535 75.35500591611725 589.0098428853955
46.937502025745246 523.9099161866702 655.7758269289538
273.40328760386086 90.56644527334137 1386.8893441034338
61.586874375148795 546.3870761678338 1298.4621117546221
5.442437082118537 86.28221382237118 508.85594666573223
913.0882599726277 147.02026084584006 1452.4134858060904
242.4266266895774 196.23343357177242 240.38258022089965
116.89366680020308 201.097634201628 1025.8429880907265
249.60676372530344 305.73365344017816 1153.737764348451
632.9957327739829 54.07014593334479 888.7030587231563
169.64900453424235 710.8860376643867 1363.9544727210236
336.3530540308495 16.610776668854374 880.0763837133226
15.981047921978186 123.04172274037286 970.1593292476737
82.6386320750204 86.13692137327732 771.9082135139782
260.8445373013335 186.44632322788453 271.11530193195415
159.07962233187348 29.43927454694424 757.649506980176
34.241055870267786 68.70001110998135 610.6755583295591
552.3695226232911 220.97804774647275 1465.0782329936253
6.495397479279898 12.258489195465486 56.806135817412894
417.3700736759022 234.02858399155426 62.82020442414499
229.6127443950386 414.05607545407764 1050.8889131746334
94.00245297772766 238.19065925562396 400.5736163135031
4.4694428565379445 404.07332663366606 45.712095981217615
143.34446532260748 21.85863127132325 699.1566465556516
396.08925482362645 173.8105943281104 401.7029961884069
76.0098379248655 25.10608473513944 1193.5802236231245
119.64774778212497 23.93577504104165 947.9292710284708
63.21953480900695 56.681572559714525 1224.8186535130872
434.3385284508577 218.32242452543298 624.3639132948713
240.8575408905416 57.75431356804154 133.3732270501149
103.18788343008445 502.44694815593556 536.0936856550097
444.6347092861762 4.977775733275572 814.3919830744377
107.40278287140896 259.55699595438733 336.43913963433664
78.64389463492567 50.811884385968945 1457.3606097451748
125.93146429572433 256.3628061750569 1384.645938869939
75.19914926129975 24.4443976903009 264.6826295392772
179.7053507440716 25.556792549580653 1111.2315437301345
23.882610376870243 17.593242092466 879.707027011501
8.472198765222196 47.56969590609374 208.6123810436853
83.05839078599627 61.88416494090808 1299.0719339272855
447.8370179839685 165.76835355806182 118.96803150722323
158.10599560830988 127.61530962517867 1045.5833737078706
236.0793362473491 18.13077716250199 108.7754910994756
347.66505349265105 41.465838048658185 1430.7305877634403
15.851099390038101 240.3118984664649 441.4869730507007
62.0814349151851 35.241735507300255 289.4367905695968
374.47165251555487 16.810779015095648 1045.456536824514
225.07229936906649 126.04868770349931 228.86797373025775
243.35439518434669 218.15886369099942 403.1926368027911
319.14159913830804 237.65442572259462 989.7181320797532
283.14652844322444 330.6811281111157 129.01149138468344
399.6615939942603 99.91214710771038 142.5348331411403
485.11136371481564 25.759576883330514 1215.4730320108279
7.3053487741616365 468.73491696384065 771.2050771696638
79.75598437442373 62.90226274001226 10.652866526996762
387.9571095488042 23.123544707388227 798.8807487749818
100.83934946899473 21.921274419484384 250.71677224367593
34.19272447393837 209.2412879893255 783.5094947236807
416.8889484903101 405.5141309573069 950.5749958251882
106.13841134542442 160.83268934754324 241.55960888752986
11.747472826627616 164.89304205050252 606.86580681374
83.31708352670273 353.99758049618464 472.0554374451904
353.74046715017454 204.1233200150046 676.0245446720338
146.87074906015192 116.92884087005389 58.97153557447204
66.96851785903817 50.783591041616624 459.7291335281584
241.73402110084078 9.235916865781146 910.0742556888921
351.7272792206156 35.58657476717188 306.58224524883593
92.29286673407469 17.657471371965137 554.0325998403735
160.05236533722177 568.2376151210864 272.1013300512653
94.39810542412243 58.619298772060645 1282.0985917600656
518.1745883216006 224.76874691855033 516.5959175382372
262.2274614205471 421.94077943270025 480.1414477058342
75.99379313404204 230.39659464227006 1341.8552478646122
22.309799069500603 141.41971783185818 1090.3700898523502
30.470464393378236 424.88036837401967 882.2394852740322
55.81856056033443 54.026066467638024 1111.4515536993488
511.6258975168834 79.96434700586784 1477.4581102869415
159.13444380117951 631.5358522377962 136.9883683597684
306.4676169596605 82.21676404896112 939.8493182642605
199.01519249455 125.47921376243355 844.3423389071083
104.7306997075314 337.15351500639923 664.2079728662636
500.16062047649 82.75086806679371 1344.594979308197
265.8339650493608 213.50345940546737 670.8670315560537
365.974749695393 179.34250027354884 468.88965831230325
312.4438085779066 378.66814518706997 1460.9560174349479
71.88677270501499 108.81689246912 58.53783158047138
30.44092306721362 202.05874005245897 954.56043980222
187.2674326340225 117.08684359345921 669.7995447121011
1.8414417076518075 150.31929858083922 976.0237305344721
13.132016081318731 19.393137050073197 283.85454318428947
439.7181929690761 174.09995082000336 237.20708974661613
144.294580323237 4.0328802911364425 641.7457109231271
435.3914489639082 146.13803233116772 1092.9719840402745
152.95418651072848 338.0463298201316 387.14292419043954
206.1466673253093 69.29260330825107 969.0143563731355
194.20702865122752 240.08422791689821 480.24508623117856
302.82289619625595 3.939300917800593 90.13116873350691
14.945644275688243 15.925410648934285 24.67967258527598
55.09406357065942 26.672526147452068 169.72456557958864
598.6887883471766 162.3764696137612 592.4605885479572
250.24054369003514 84.73053692604263 636.7859016165769
396.9554550123528 1352.9276699742911 51.545458700217765
109.62495241798294 48.27108408691787 204.20995846557764
374.6443177851904 516.2459756176121 292.1226205675471
27.717939425362452 324.524630837997 1383.2411376905732
73.83002458609383 418.4904351642482 521.6379566903305
54.76194574904925 48.28609395891686 991.8026365012133
146.4404902175329 196.6559297677552 645.673547120873
105.86818701470995 227.5690197609905 1127.2183546200217
60.112997565651504 146.39442748228987 531.6726274631932
39.25607236271907 140.3056416881886 77.950333517948
69.1691740530051 263.985768302111 837.6954142643195
26.832343684260962 62.649410961201404 1085.4851364942356
276.6988710935691 1.7985383875459844 427.4705441637476
18.956720557158576 6.713676648322596 1218.2310919856063
408.15864440128087 82.67456363324246 556.787101699247
106.56614811305607 696.6823991650288 663.1731511746176
295.1456138881261 116.90245069057588 260.0046741353188
191.79160650622944 65.74291314926447 1400.6839634199082
113.65757024462792 111.20980529430904 603.6870079252903
305.18264426416476 5.473612895540034 1478.6383301105966
214.1562298586657 409.85184312950594 306.1767610509855
11.806469785092819 223.28893812133907 248.3348801877504
422.1188783646618 232.1422062654291 1269.9919296969
68.71907614244549 97.10781475727795 1366.8215954998298
38.43339860121429 106.92433725352768 89.349051265108
380.809226426106 203.1370167217959 983.2715807671294
19.09547191961617 305.4865927865162 931.0801450768037
10.311860107924128 111.00125559713146 589.6374344995623
58.75291404812626 78.09472926690096 900.4649412751196
506.29810585309895 656.0251793800143 943.878394017274
183.02747344459524 260.4362732937518 996.7629458161309
72.41551626408562 218.78813924435931 501.76623618191496
32.42870234764237 656.9498006633942 444.1194988710317
199.71825612690694 139.98489469711245 1468.8733559287539
303.0830257538756 276.07572830250047 224.0933589516239
185.2003391110363 810.153560460509 419.0124432651871
161.44911938723214 38.64926271538422 58.74266223622343
106.07469799543168 133.33876816858677 16.63265111010581
26.23931638151602 239.9392552534428 155.01739961556393
58.03299100567253 20.40775129066283 830.6141338038617
28.256001308292372 146.36100244894774 1327.802448314644
35.05742464532126 413.45307111253175 853.4090976324059
651.8760556366843 151.18652843972748 5.261534715997773
228.4962844216909 3.118209638993816 557.5871123127644
161.8568822080015 536.9851227771111 1028.5361220448012
170.70479046837647 2.920391711673221 1367.8036559398959
33.88443880832977 625.0053681563674 1001.578645285379
93.72714293293892 26.767455107951037 1481.6538991736443
132.29091928219253 49.76841483788898 852.6204945273428
117.00864808003936 133.40322474016887 1355.5181651080616
0.9602777997396681 65.2916656176615 848.8988433258385
92.65883122888597 312.128103805415 1093.5727948755246
36.91762338003184 45.628644060976235 1268.8525761066753
52.162391929424764 85.74473051013322 1339.4955968335485
172.48027993503803 20.951379979485765 435.8043955267151
0.8765228387533824 202.20344897905096 1308.5477306399314
36.30520054289643 136.51087968071909 1476.0052166747134
14.676887124381166 114.52126238486358 293.9568109756992
60.48758111205845 58.63480223933731 509.5520056440492
599.3380736125051 73.20477100249335 129.81293871574334
59.76352931459857 353.05630909789727 1413.6507164648103
1104.5767937077183 63.96340663630611 63.73001582780608
336.5499546305367 39.35809449682266 987.166905487717
148.8751868549745 9.528216310776408 678.450306277284
2.4199326799291083 44.7728608672671 850.0911740609702
581.83387527184 161.04568598434278 1456.582877042009
495.8880474810182 23.053295832752553 137.24751428914854
307.62237846061834 59.9914692458392 852.5469473536626
3.8956787224889005 178.57037227503844 1424.2072838459658
113.14359850662431 535.8254622380206 635.4040921159202
55.06322727666281 596.0958795021548 1436.0901069501115
472.3613191071612 120.77438299716678 427.77650137213715
361.22654824841067 143.8036999631738 719.7287857351232
104.11477418133146 649.9755624082698 1225.560823803405
104.30817417005535 355.76919158745693 1306.6596882847045
110.27273248989864 77.40139187118025 608.8548003260297
158.63938083036527 112.61891498176956 541.5152860895154
66.73021245336686 402.53382366956123 202.54511197242215
79.56392761501633 126.544401719952 68.57078469986932
94.46081806422836 114.96347924356778 1446.3266244128567
170.28777280545077 765.1093972782987 153.3763765720163
231.63284518026504 745.5889423187245 1164.1872093907175
10.628857086574488 325.2266215380456 216.35756112908467
452.0673286264887 210.7743270658964 1315.90871678452
390.9931913135242 5.661869571890734 762.6396296090804
263.3032040923798 12.834223049850157 789.9260842175547
424.2062854319629 96.42641842817888 1277.8115503756765
16.27799968966779 634.1665672304107 640.7868997923607
25.864001968276103 1016.3870854743259 183.04558183684583
377.0710026318262 102.71151887691381 101.39196035933978
287.5247160087571 119.63565314579749 712.5505757876517
1074.9258570063448 146.98676774056042 863.4894915718993
111.90507755108155 0.5369510658765642 856.3356193023344
168.85417070737134 209.1893321455408 1366.3711313269719
0.7973105594231663 34.133589443907866 781.7963717225003
302.8347542287852 108.94653100082297 1341.6419305486072
9.329134967069518 554.50466963248 1414.2884728516647
83.72886297985642 313.7459121484992 911.0856529491541
59.98598236859649 374.39999802730307 1138.3329533522528
82.52532870457605 27.0766865284419 1190.9194713532786
160.6302536400009 103.78390488257745 1265.2148637664761
186.65209271211697 14.510294729303858 803.221495505289
28.190466770182336 587.5655594785828 540.7652220768158
297.5273219510306 93.95249629427333 1466.2007041739882
7.0378021482243796 178.14641195433273 1267.5085577887733
474.4019455067777 3.08090218344492 407.7056517616198
279.21176411279237 423.4275670042392 105.01002566772128
665.6855746251086 356.74446824724424 113.84165229071897
132.66549655549244 155.70503113082344 288.1464570049529
79.9030759254881 165.7654593082725 201.7780486211491
173.76160149800705 161.80519370239037 87.67966745851585
952.33198380217 27.38922378587217 511.23446276881583
113.3377793291977 1043.124923839071 227.63253562107656
224.47538558921573 337.14879779521846 1366.7878973989236
61.51631245712752 151.02725237279247 522.5835201852055
358.57313935557806 21.761470671388487 747.5993473993616
184.52700787448137 21.545854629745296 220.92314949637648
674.542686081185 51.684670848175394 445.9512600941019
204.17147851195892 5.951429390124988 580.8565790607358
58.86095555965806 445.65978087532756 838.0708357722295
208.16401811269753 760.2794493874997 1227.6713270457487
49.54047987425672 55.13475558355806 112.20594619705338
220.55530438697494 65.72854795658507 272.1967723436558
176.8190557519471 116.62301250014377 73.10360863355025
136.6795467367855 122.11104541706143 1496.9612347527557
171.74517904461752 810.3308638174221 1476.3571768204035
55.24964082604463 50.95035739670831 1198.1970168645012
168.9441068101691 15.66210287071128 1135.4693031941472
78.5844216183257 118.73283493676605 733.5140499194307
7.770305415421258 327.35862787242496 332.97917247198137
21.628230377793734 438.33847526736906 140.97860946240408
36.67260853971371 6.2750473185296824 77.56439086231043
51.27605343386248 95.0671008449087 846.0124285696659
76.68249712346096 133.8861923128516 173.2909323713656
386.2420230826924 164.74028692198027 148.495082071328
305.854173255741 821.7876022541059 1349.6470568625066
107.92437203046552 11.518283118183154 1225.2872030276149
234.60167125379164 199.24950897158092 1394.7476494535783
404.42470323230566 32.991459769078 1382.3841289702996
88.75739929460697 497.8664478281516 411.4249325972213
155.44078159185005 466.7601740161902 794.3509132112697
225.68348129917464 328.7925400332413 1456.0728965205005
56.58157951614149 50.006522011182 414.2256344148465
40.930374969924436 281.6000518654168 215.69941900576333
8.434934939483467 227.118380744296 566.2641501348404
61.53624780854875 947.9071323657481 1499.2609309253776
38.159417118000626 53.572213606531704 1403.2281578220295
162.18919022353353 307.2900769525868 634.5321074127648
127.85720019531475 17.640838174554148 1449.1814043544146
266.739907347928 141.42500697128898 1076.5321989467393
311.8199331557409 167.2155513784498 1439.8336418540482
277.9124396349373 440.97067630006495 679.5130911868165
70.88779615756626 155.90559272601746 547.9570674140361
334.48381834524 108.50535464474096 326.3460098702281
14.100562415818862 109.83571280178921 422.5569586611867
3.775394506335049 109.15776399396577 55.25682433009044
60.877684597817975 221.96217520566273 270.21629393455413
56.345778069747155 25.96146868594449 836.1557589112253
166.978049061924 142.65507759095402 792.9070621566666
145.6446126647242 110.83034593247245 889.6911049486272
342.67392305792066 234.94310822586863 202.21330958436516
45.851264069597725 102.40519901780065 629.6503879171212
154.45264349055356 3.5622573975227714 964.3741862031065
546.7187841576225 444.1950004550379 1140.0086604889216
447.1366293492012 44.37227236055703 1004.6594137337628
80.66397111909484 267.46859444981965 281.6008445824509
153.051720458075 411.56686682250967 458.9346402429455
92.1825160233275 43.14320231124528 502.62406574528285
380.0829521437735 289.5362318397149 1422.0665286873013
33.57532256397512 36.9035309343756 987.8412128460998
127.20886869596994 15.890102723194921 1316.3261929698617
23.711338862422977 30.845961210926575 370.2470806204484
441.0601520607064 194.21094599087888 100.82915863149655
9.579763272811215 128.3728868091664 61.64101838377179
362.1514778601168 27.089364015735356 1134.5366578015112
41.326021116918334 612.7948157630915 93.1148809636882
86.62331271267088 26.750105414263555 651.412602543776
56.647276973859775 457.4865295021867 790.6618623838256
336.72156645253574 18.36770772457659 563.4357429779282
331.91816879136115 564.0379833534344 1149.4655725979574
30.85097704276371 270.01719369215476 542.8115835453355
39.52395558760555 29.701279827750643 1458.6579506895146
437.03384191091857 70.49151452454558 1010.5477534063389
649.9281675366135 527.1011120646311 464.57190558362134
426.06943136381904 227.29624072192235 1382.1080459655022
404.77726702447274 62.10958145150638 426.9812119892266
122.52153759390032 514.9326437407656 826.7538465992122
94.23113717684181 166.4438581427903 474.5556409601029
305.7412108735677 185.4614290347546 612.9395754428158
375.90634784306405 72.91599333459904 614.3545662927479
76.64595597055683 170.8141058870792 566.9868151894264
577.5859541054951 229.61760854391179 775.1583964371986
718.0980495866125 25.28136111309434 889.2681134622056
108.69516885528807 15.161487348613012 172.66526992724795
162.78042606990945 25.42513837207418 1236.5567119633056
162.85116548182194 22.23966495567023 465.9207916250343
71.71120368798486 105.98765747606626 375.14484943768315
3.326850596181242 287.5323390312668 241.7975449978353
492.2045182765208 122.78084435489318 896.4419028140518
264.42690606090906 85.61825715030487 1185.5952297936337
160.52923800990314 157.2414058281351 917.9709458235025
64.63234083767409 23.08701266493354 767.3812826629345
231.71927214302644 24.905908197631152 1349.8730316276565
364.1635307861948 101.67273637291223 1086.0401545509042
93.07017756975422 0.5597905499302805 1183.9699182609606
8.907756845550288 22.14639366708708 997.047813949985
57.21535793528412 26.68300615260924 1132.452993655814
189.48153577768 26.38893294121148 279.107756410466
25.25294665684386 161.96109785452032 223.33107654175234
39.829247413937 131.2372575026854 568.1995937330591
159.32195599617086 74.6550239112326 691.6108584335359
59.36008146424694 192.44318845142564 267.6520953216995
97.08474288897138 236.9710930162629 685.9723741193046
188.20152321194647 37.4323799353138 447.933837608673
232.42267651869687 147.6971050969633 1488.611311018512
354.17053785986445 37.954538526136325 65.06912750451227
57.143462082991704 7.394732239707647 27.138025477056626
918.9719315223132 500.66121017771667 992.9751424641329
102.81945269179494 76.48740736925504 979.3402806903496
85.03735857477777 353.58812712805934 671.3033387226272
385.0148768901636 896.0182456516969 792.0524126906428
219.68266257834674 326.01039438961976 316.72382267393743
82.89455174893389 1155.6128432404823 401.1546582949362
193.46599963676397 340.2872356175289 116.21065168318867
470.4102393114753 23.38468521635447 416.4028941409555
38.164478034968745 304.84008326440846 778.9149748568274
25.81566672676237 5.886324885482019 1258.2077928639903
1.2817459135732256 30.897713972736042 1048.3353589829633
329.5354871288978 257.7371542063085 1137.9031928353913
252.18221557223427 137.24852757771836 40.674675307494965
795.6819650297408 154.58286766433525 1392.0146607795223
13.894530551741182 110.89837046163362 276.95756859086333
4.315735091218267 85.57025294166797 464.09888595974496
209.08754919338674 35.293191981787366 1101.5236761928186
63.00174446365309 406.855464338547 843.926806012859
250.7101228038036 332.55075814135057 810.3554867907844
124.73019446200372 465.3103328596525 308.4520058914176
179.76701445747216 56.6275604557289 1415.8876619415541
313.107991927902 124.20286448181679 885.7481497105866
13.36318084980054 211.36089854731011 148.92461504505283
125.8756398009035 315.738422285219 937.775519349111
264.89397260098195 80.98742569492087 150.25184700249656
532.3284658581744 40.59603448790826 170.90640821361976
135.4114499795586 353.58987749793937 450.1020118263972
538.4820910711534 76.29428428061708 1037.229909033796
201.03192301953405 86.91332869286433 646.5241285842012
75.73040986967095 352.4114645352227 37.57013188015878
9.946013505140874 248.62624776731792 926.677368107668
235.4492418636817 501.25461817877624 68.98762393489649
150.6599430812783 231.72007944252235 1141.6180792577538
228.18144092360257 28.66338491751428 361.6370511816764
81.63488086840258 185.27702691001366 607.2316442630613
305.41942710837566 45.57001929051492 1475.2482544680925
464.3798609587457 135.82278335833752 243.70447442191013
19.30491407277604 605.3262377133661 340.8084125638543
169.6923913192079 107.75015241410775 41.994126263760315
226.96374799548863 74.14645808034564 868.6842079177867
400.54157800913816 39.150727793820806 336.25007314122354
24.845216759441264 67.7895437461693 354.60160532783726
51.662681900668474 802.5540637213212 783.8818256692348
2.817997374690575 580.6760704682288 183.64105700043288
171.5900594981517 87.5924316288434 316.6390988136265
97.6411634634751 110.75498061599787 37.36037044174656
129.59259825341013 144.09668788164421 608.5986481153045
143.0839310770964 0.3514118708670397 163.3764774915909
256.9673718119319 133.48592571213123 410.1052696994243
123.79475533881373 559.3885038631438 306.94842949296776
107.1061551264869 402.9212940438832 262.67133298679045
536.8877284597501 21.794734700279832 587.9074359214607
55.6359644133697 107.89002043709237 665.5343026121501
345.5208625923648 12.230947183701376 378.785339860176
106.23351556298539 16.20985516662737 679.4385015189785
102.00757758729063 74.50205492658438 818.6639263536156
173.99591436025082 55.069048456156175 1394.4235930273228
73.8676835805284 50.08160851026202 1190.366985423309
586.6143735713525 57.70986388071526 1013.9827289198258
285.7458136431947 15.951697056292907 242.367313243274
79.14936125262953 86.01204279746494 526.2716069909426
734.8463889243795 419.55264164266754 404.12081982380624
41.86386066293028 116.82486778143479 536.9894079774247
145.37423665864532 267.0460660882836 304.9094916611899
29.84348910529027 43.79322655617198 978.3126207239827
24.016289142913415 562.9625137721799 982.0613881240862
66.24878981139022 545.2513503790387 696.6988786025645
7.698096662502047 551.8641200110533 1172.5156403457383
354.79838878745124 138.63035346863012 1263.5937384838917
155.69342329133625 47.13588567410139 57.66638175097971
90.97451904360405 18.30541308374895 185.34490338117644
399.77658850356954 460.06164227135196 748.8842499874826
143.89419843104662 228.51954002498172 1315.334765623049
1491.9303796593385 13.347522343564004 1054.4347631019166
491.939691557318 106.62748300194443 302.74343998021806
36.008495273064995 337.5076960240789 972.963822058174
479.1664227189524 598.2293076662534 611.6152509203304
30.476043418208604 806.2334267981772 1170.9954853872623
112.50084691231544 159.38854136117925 1430.9276858474698
61.42935302290915 131.69042663660343 450.51285813403837
427.58988274109646 361.73178145299676 173.03836210718416
69.9503422108725 44.356626008857226 53.06277029909584
19.05662474600602 174.82943323766258 1426.6139316627273
213.337229892901 378.4527246341176 688.5247817671017
151.76844433047876 117.96286383796091 1036.3655127346237
61.68217180860624 108.96116703104377 1014.8250516302735
441.59913875763704 309.9264145848595 77.27262962569247
290.45683388081983 91.45235094151491 175.3430151604902
43.47633307696492 970.4320493635543 873.9947890909266
143.2643106096375 196.75216146325042 437.0942808468749
1402.003422946346 312.826141626237 609.7196787168066
142.47583171631635 242.5780801540259 716.0416474130548
30.377025642961105 271.4520499896608 158.42335039700967
46.29244838244322 152.56961155945658 1406.4418357388138
634.7852784428432 540.5964796865292 157.1182580967437
158.6744678431356 61.37221566453316 374.5342276225821
31.180194615865453 95.43345609448312 497.1632096657488
271.24838613334583 76.3740779920824 504.4322314753273
124.3597211286563 98.02600822691271 139.91575117996675
131.44968983713133 77.2087114527235 1288.6201449532027
80.97201905313092 243.94289698204022 43.38293178806107
32.42736665628032 71.29548115499439 661.622662721325
47.857457420140484 89.02110274777635 1043.1790410194392
57.10055612977675 19.443910758835546 317.6813781221606
397.8417580897137 231.75889662187393 979.8242194631412
32.87609138362827 17.45601771595042 510.9318277983909
143.59679309146824 51.71808353026979 118.43753087703263
3.58793433481926 59.906627486977115 1405.4885963341385
27.542605849952217 110.14719555318706 247.5864953157295
100.53437521206567 25.756183401545403 1399.6341069979676
252.79992926677343 75.8169036293985 1026.8248746831862
609.7163778846348 199.025946994376 282.67360422301687
82.86733504469699 131.52620913063467 1065.514181115691
650.780332155835 687.0700675001935 27.941415484993072
3.473722518036351 70.24114201150299 500.87730239365936
201.2065819835956 1.264675329715312 84.10329481741114
80.74988168266707 96.42002333742205 1144.944282802356
135.61302717005125 129.35887849610245 1179.3710198803146
297.0904267401815 4.846264177920289 332.01081355465163
35.599623773553816 61.31884808383952 928.0639960711935
15.62165804878988 223.54611252463786 1472.8479414708313
720.4571042301184 81.44668306749169 1380.0401973471241
82.69955871537546 106.61284099446908 1463.029944053011
330.64465894433704 106.96571692825192 1203.4021497226206
146.81339180959182 131.60423831176337 1022.1456114232257
392.0815634691035 103.78444605394293 460.95174274626663
246.7628785686065 1248.9745641235056 1138.319458844531
45.743567656637246 39.41873671465269 722.748166113427
562.4703881415438 214.69695957382334 886.3546882420237
174.545083423961 23.291437867745177 1125.0489519979951
72.1615004211637 63.32973161893097 1476.960241819615
125.91049100247996 202.05620222736295 1345.0032394200912
81.34905670274097 12.639509916915204 368.09329021194327
241.83428074551742 354.3237734748921 1051.8410593802644
164.85536531580877 100.84348133246837 573.0418564052601
170.72650789629444 314.0765250008214 303.3057920671185
7.790951882110203 171.1387395893877 357.9362964997828
269.0786127615703 77.52178559535578 1342.9831033486216
94.84628694883544 179.04393803062393 1008.3637933385417
188.83920125487538 82.83661000333177 705.7379168520725
11.685989126995649 104.88488008075765 734.5755938216179
28.28601651882539 175.18450575695854 387.09392723305285
499.26633230971424 159.0249441499843 1164.3902933805507
182.65099178833347 337.0303550534334 545.9699990342376
603.5722268078466 330.86458995253895 86.35133525767225
67.70359191747313 8.25792183124533 1370.4767822080612
686.7021515424584 195.24779509126492 1345.0841735357044
298.6959358247563 147.06165946717036 5.888524812208695
149.73319342435363 75.44384871282965 633.9625468161603
145.65602765317215 25.270722573194416 392.7405511397353
11.31143515521182 84.62582144853435 534.9134169838001
174.4504344298631 1.0563305108011556 408.75795609129773
122.83732368061915 145.20423751831763 1424.1872808978405
42.27393136789283 88.13529037114772 1428.2613423659423
158.41399454594145 102.58388779920304 1203.2143243798123
988.2503093213681 175.96310513476155 760.8118129642202
398.9350065267401 533.7509581953904 694.9302087107824
293.9620287044001 182.59595409166198 834.8859908064368
55.169178807287935 222.35435569084942 840.5254961116686
395.41128512661135 271.99312365996684 835.6785433578181
395.0783859081918 57.58594049765794 614.9108434899437
89.71125212942454 332.3277010617316 245.6290249122336
132.27039345543247 365.7071247558235 856.5533823282148
11.137163203045674 7.993282631608585 1136.9138643457259
224.55050043803504 30.59107003777264 1277.00221044742
45.03629477627025 434.92131285298257 749.0836790609677
76.39872441073267 222.02723129899482 1441.9396185030464
461.13317386192875 93.092853936619 1338.912514004193
76.58440779806776 32.34869590734027 1467.466215114687
15.245312162573867 20.1469910320533 216.1411727341724
147.17529999562166 268.79579319393287 739.3766234153563
133.6789271466509 219.99239297313628 1400.2366239859016
567.0471515202936 174.34896175690514 1082.418005972574
687.2180462430849 32.13947650323152 846.6433956348601
294.01622035477095 23.48016373154871 100.25569043247084
208.24244314297354 126.80646055249896 457.87655754136875
100.6919522343577 175.2442480666439 684.3893510390577
114.71285942124234 168.81910388330905 1117.5872913217922
95.30752528182434 91.78001777405265 1308.8234437600263
133.05599313729863 30.55803331721666 121.75521367998398
129.68863057733319 341.3552785266671 1184.046923797705
20.285874635984076 83.21150267514948 100.87850120589242
19.328167072047496 157.04140415406525 13.039865719469468
312.4359887556288 317.26832614670496 1301.8254927593857
332.2542197069395 182.88911733775188 1105.7252156716934
77.15999565819412 327.9959903729407 1177.545613933967
180.60011730517314 118.05064255012674 910.6500939084551
99.13178448063894 52.91467955912601 738.6113793114482
58.38401366780575 311.5184634693726 492.97974808421196
262.3528494896794 339.1457747816303 728.1474726538555
257.09732738356314 411.3337675500249 347.6192003748049
333.2431937184128 364.7622182000202 658.4762127513719
50.44732748394729 244.89788218845655 338.0513265136751
14.99549428719455 123.45927854219327 316.5406719100796
77.72863815068047 107.84276052871944 1230.738801013568
936.2526941983667 603.8846035271274 384.30724037367344
215.4164462061287 188.85161796090537 1249.7454791912348
10.38387619037035 20.69633701136372 1351.9526356804931
71.46690542738988 76.19285850868297 1435.7330747622366
320.76598298907004 59.899400284075945 1452.1793789299718
123.98034065616828 147.37160613048286 628.3865908684224
53.62363314976317 35.005097605237964 441.8463001461883
76.63571820714947 33.015445691046736 125.2507627363133
46.78363882552088 72.69912723137571 982.8667992367425
429.26759165371146 208.83533212857805 818.359210749224
114.40788035669114 93.5570487548237 651.3758658782093
115.81922659098728 430.7276421149507 520.5223888313859
159.10013940349899 216.88881516996062 857.5381809468832
451.0412891771595 60.75374235447585 20.556572925592377
296.80476042328746 132.12533064517407 341.2070854410658
73.22102345585739 292.16554457922723 761.4145721314555
190.4224902865229 339.1569458780362 1110.0172561743373
234.80448167671315 195.68761690411196 668.7487246951767
73.85944879895432 217.60352824543406 1464.0740552231186
90.82344209843967 30.339125399109264 930.0138594110985
169.7637416037522 424.8353790306693 538.1498787978114
310.2754861459648 51.093617046056515 1023.6588588263395
264.27748306021044 248.15611762333876 1354.626283494622
46.65125355367128 172.18650050765268 383.6459520174637
263.3724538212873 220.9246076589737 1491.9311958628155
53.24130833247091 381.95778992777156 608.8017060837661
233.36369493046712 13.783265639977948 1362.3732544879435
316.7274439750512 200.86985295346943 1343.6130093989682
56.48061012341302 51.23672263336172 1029.0540811818269
240.33223285417452 44.90242763875114 196.3452202529995
73.44666981550687 46.68395474334999 557.5272829581455
383.3818783653945 0.4708480837514804 500.3418946511406
72.11123462745027 33.71949734456683 1337.7951674113835
107.26081685356729 13.944196418381106 1144.3876921320232
13.50226200486046 122.90206741712 765.8375459429774
68.1715209893515 75.69436039413503 1093.909737934209
8.462080350772863 12.776804788464835 927.0293852942108
225.26308236390267 36.4758706047212 811.6648818903461
243.95791762135852 59.528219237214294 366.99794294062906
548.9115281593276 248.04125222562124 769.8516730956101
297.23199774269983 400.9649558194531 370.0497615170685
422.29505098711275 150.60936544423524 973.2397156052541
158.1724873766357 46.35835984230041 596.316578833041
369.63325475059975 405.82463763949033 134.51558949291527
292.4271034567689 158.89462037839664 741.8160403844149
123.90477791379342 63.281031391376175 1407.0523619925125
57.65652436541341 70.1975577087136 1450.4958509198138
331.79983985005833 339.6735453039551 523.7010546967173
165.8812467034993 86.70099874000728 866.6526290327014
22.289462686321627 6.988754504309067 1304.8966850333954
302.32220225870964 88.79227060735722 505.27223245882305
68.84886206375666 10.042998113948444 464.17305597207405
39.171974858788836 19.06415768144288 753.5877829821735
17.19673391632492 25.96867461051647 658.6047513380664
305.5543957182817 9.860277414369936 151.21575906741052
34.033656594197694 22.44877625980167 1.6610968670740522
77.89131415165278 449.8403248495698 657.0115447128081
10.931787000229361 146.1472220613701 334.7658470033906
165.12503379132295 283.77466353809615 805.1486933702698
300.6264953277582 71.04060588354214 581.9890696908097
50.09938777436099 80.7727274170737 497.5655243475253
226.26614907812558 470.70866781156894 135.95109477631345
345.3064741343999 233.6453866972076 1043.1016886269495
118.49307867299395 47.63797401313622 270.6013283939617
9.875537464428948 178.77619402628005 1393.6792035690835
218.973416112562 81.97713525145036 1160.6766875680437
23.222276363692572 178.2993864440235 197.73734472565707
53.243276009788 97.34395216931804 874.2678908341925
694.6844576580627 65.32488969722358 968.3870540444227
269.7294727801726 300.8218368575132 1359.71079693876
51.04805135932079 831.9210458859317 891.6068600218824
269.6329615202976 102.12037895965962 1133.6556310537128
932.0485085097258 134.98895306077742 553.6290127052031
291.87990551139677 109.22780322018168 101.8265039419331
1.0752642694585983 93.30308066691603 1084.4768501616493
735.3885824515287 557.80915706846 1310.6598795229415
32.307347014125185 423.1219237520204 27.365588732230716
94.53029911743118 175.62814306736635 69.94994320260916
186.4632482959008 698.2169873645329 978.4978864718613
412.60621254330425 397.9689860146822 740.0692917141646
342.7251813651579 204.67406820707686 1011.1105401339863
130.1208263935757 55.83733841816396 925.586321146734
421.9487684022572 558.8945655794175 582.7126322161253
48.45808604695356 151.8876895152851 566.3482479850653
22.019781251949208 17.248026612170225 1431.6399848053254
16.662638658766767 39.21622478329922 904.4574818419933
78.36215428692132 173.14781013036148 1028.679380777856
17.730005274534864 318.94986394440184 438.05318988871056
341.31929274220727 148.45962935804425 140.43385777325574
569.7903443049081 48.57197505734753 213.16308354217267
520.1421458336845 12.909151445735745 624.1391856526028
11.81151484603241 282.94417582051943 824.6454185380264
33.36837746986056 112.13548341268005 1203.049853107434
52.43344481843363 21.94454144603708 578.5034654600898
89.35044062090897 312.0690151461457 365.38923889758775
812.1687131663322 61.31924300515615 651.5694450389478
107.99942801514824 15.075716025132536 607.2464188578857
145.33308801353223 597.1237650950557 1315.6489945218104
160.42616159982825 51.705455406865575 1107.7436000151022
235.22772543995197 35.732211372689335 1060.2785199539017
47.23516685419616 137.17271239989185 1399.86980767413
79.09605371210198 37.92527890161704 553.4863074287168
323.1671254578917 704.2153524643902 142.91230902502434
143.91119541198873 9.503401833940735 1141.9658422747348
192.4090034999076 1284.1045580706345 1253.7018817878563
105.18997836537294 167.17988060334972 1143.4849006028803
89.96318283714572 130.32421998865607 1468.809073017512
110.53078008845108 82.03306660001525 693.9060478475654
1088.0337262824555 194.0358927638905 1444.6753170400657
73.05670463497195 257.2001221392322 1092.745755357968
51.71665071806475 213.58231494122526 1069.0309306978622
252.57016825191937 314.3131687172183 1138.6753637436454
97.82775402585614 250.07498631900722 967.814847208471
114.51885879937996 54.831800790642305 438.2079047358702
202.06459012694987 45.4262913096858 123.27038364576603
62.461688165242045 89.2882223712184 490.801446972366
59.85582197589242 285.8290529015979 166.2293928484282
37.45209684015371 220.9694771335436 578.2426712009292
143.1279047886161 29.8783584788779 1398.0463804378662
73.3889647637271 384.9879944687688 556.6353748565227
509.4739034184329 108.2859552074789 502.00554261419296
68.42322431701649 184.1029703041761 189.9376076986718
156.8172598337166 193.69527618716177 868.2677336800507
44.70204412404169 30.448188641962314 79.87687121889653
63.36109563099941 561.8870357991549 1355.9738020134948
92.0754212210878 433.55307960448295 241.07863455370043
31.82100046469684 3.406731368117754 757.1182630067866
230.60517276611665 112.2632271247545 85.57681302861813
142.41270149515577 72.85492779501487 530.5852888616425
124.93824682866868 554.9358599021289 860.5613122613145
34.09972726943953 108.92786543301673 371.64815402621207
9.64618439050646 40.82264945633617 47.38525761965329
23.397049466347074 35.463599948507344 772.0378130362604
169.0211158227365 140.25768786119502 1107.3538152992746
397.09376292693395 290.27774457035645 868.8208017807798
113.78965718359866 82.94389639750136 799.722453469937
149.40663780751782 357.6560937653593 474.40960439560905
530.9855089979671 86.87746604691905 15.747526759054553
793.5310863849435 123.04731297056337 524.158747054036
304.1636240282003 159.39825956466288 510.90569478929467
175.4018374270907 751.468598203583 1276.675751514106
238.4948795148665 142.89981139861715 479.2127319122605
20.94257823936236 227.44381000088336 724.1476847070192
219.83698884254 359.337397015412 812.9470107008686
454.56527108254676 243.85705974432005 741.2819005839284
86.2262307720479 54.00649938869721 549.0199202321961
5.827686629320398 15.877886705364544 863.9137297518679
220.07693965930045 23.795762337558106 558.0482629161844
164.74577306407213 318.3964052391422 226.4001487359406
529.2195504194109 548.3846024546407 1054.142741172372
606.8579228330128 186.01470335583824 1490.4291523228167
65.28084471238698 33.5342092085208 198.0773364902223
53.779174038590824 394.47843305286614 1129.4528463555919
215.54743342736828 33.600846902627204 704.885131814323
6.069749744064517 379.7777025819157 82.22417686853395
101.6165351443521 2.3135581617868177 445.32241501387176
208.21531802084166 317.71873476535075 683.530650929941
249.385126379513 229.51087068276505 878.8742636446486
261.1696284713627 46.18467305781539 1388.4541985638957
253.02965157813117 41.07423541695784 998.9206350423937
78.43407845289276 164.09139489604513 477.32621985796305
158.01562636142427 469.99748445891714 1258.2852138003882
261.08173999973985 443.09562580470623 1117.7648848057074
0.27225384279206427 97.4389522215588 709.6192387147504
332.05435060159914 197.66996108081455 1298.6833048018188
17.714838075098495 73.39026616042574 662.0106862816126
14.410836580729782 187.71511994352633 316.219723609477
14.982909647444545 198.53603333445722 236.4529406530753
511.04693681500527 111.78895609289927 27.7650511031754
142.34284883873508 304.3021051620036 799.0524562277699
194.25767873841244 49.447853100128505 931.897065656201
3.283782005848008 44.975434780626614 1060.0357066096753
233.3901046084069 311.95503176605797 568.0587235243706
88.19280700840017 446.03912915877794 1057.0495588407753
93.66041537215635 100.04201071788043 85.15284377788795
133.51562312916212 38.797024902116554 908.3753508955215
171.74233912943416 49.88112111066257 494.4895667285619
48.9386476118035 247.91730283442072 824.6845300842446
247.70008447471815 51.6033313284744 470.8179139669626
91.65030193677403 703.4124224144585 1211.129758494849
60.31968333375235 113.67530592814946 1031.017738994128
411.5632762238791 14.886892107468586 118.95026370814105
179.43761478320107 204.71743172283325 107.1879044932012
144.67851750939832 89.12800058602545 321.69771128359764
465.94269153343396 225.6380065153436 1433.8882316528168
856.2801110244563 482.480677119603 1162.0806099359718
15.467304884405817 6.028258338043575 1368.9535413336343
30.804080286028213 18.46791110741718 580.6468542426078
61.843722156384175 216.10162939132928 648.2429247371996
67.30784345647068 314.4015774702471 294.12141194035587
151.87028982844095 41.294556809456274 1126.1774454152019
53.03649034591034 10.590289868792505 667.2924648369176
15.740083355052414 162.88654882188516 765.1148821585745
49.87136767285295 20.762166611229 560.3071889321075
27.49236345582469 758.0913961805419 58.81910286094843
65.6031784712399 0.4923706264678344 516.793192667771
94.87498779011345 71.80329146292921 830.8491149459122
83.32939776045939 126.44843320186408 135.41124854192915
4.903194551349625 32.06349901863089 778.6474960343132
3.501398056499398 217.65150269528638 63.213072586764454
166.29605722663217 416.41946717434166 609.8300577553745
76.46705071592234 487.61090359780263 577.6385171615386
41.409805667539004 450.05707573855966 932.9287982136581
9.282411879915372 91.74335520529485 662.2295334391299
39.53278921319887 43.50415582413241 1085.5259615509945
257.96318599728716 0.827630984281476 1222.3167970326558
14.10098980917003 332.07176294267254 145.8325348895051
12.141265493365673 280.08053893159 196.31115065466747
69.80206893844321 110.04778779787688 1466.3725791424963
4.548610565689927 461.6609352420004 530.6575255185513
122.74498388052073 585.8237452490636 290.14662325529997
154.4741831240833 124.22762310379305 523.0635562551538
354.6275947635175 330.9949755643339 565.6884903162039
18.31896102737554 82.65696294594534 333.1190876212284
128.58199437901007 40.63925847785746 704.8166929754261
52.518020576863066 230.7893216487213 20.849032195212224
216.21555579944157 122.35142157021734 1469.515624415646
35.46533490001604 38.747878494728894 1363.1003716195585
185.383231829624 94.58990050376468 7.856597773309993
346.35236662878566 253.08056646017772 551.1621697369386
62.02256093407138 191.38464941136303 722.8544099338733
321.6154297963577 120.93898416301671 946.2878349297869
173.52804748852589 36.488042565252286 708.8641326058907
32.98330114239316 529.0848531104866 1346.1470898501368
146.70306783172418 282.61157778287213 172.25763189149396
15.61506214663748 95.04260826888775 960.5183679161461
150.92171662886594 168.43653523173614 978.8307504758478
79.32379922219937 36.85512005945193 429.6644434620067
378.07235431752633 370.67109694220756 414.8014029292725
23.816083394070116 109.20642546978188 337.8543139643672
90.86355609020747 353.4877853906994 1290.37064031479
243.16986185023507 215.8845329606129 43.22593209894426
265.1832008096969 190.37289779973852 539.3480820420029
382.50846701743245 208.61779084904043 1172.292380698615
166.9072518784203 3.327950201491802 1322.254146610469
253.0998038367949 193.44842764959944 924.6328961802687
135.28357727720848 438.26259356036854 49.23746567612908
77.8611854944962 116.83807957897822 733.8346458202074
229.5100089851536 534.1019021991423 455.08471891251963
4.410447955823377 30.897323851709164 1242.9628286659593
352.9328746883458 188.96710279214798 819.5566985629943
297.3481629786662 61.05736421114114 1164.8081848053914
85.15225601830197 212.09573712598217 588.0771467782777
462.636789319623 151.2854238235886 1124.6692300927364
144.0388101426554 7.901344129927394 977.2089275839361
287.1085148114235 71.94657666462243 67.61706499637322
18.00611350570054 156.53497384995993 882.2404950220382
0.2923794577173098 57.48966305205398 1449.6437960828546
78.14529036141073 163.90075827344498 837.8827894051359
11.476864350157602 87.00710505044118 291.80507641808754
158.13957097148992 92.07727382324941 537.9589008133657
0.8375548229178452 363.6683961793814 844.644745771112
25.963396482053714 267.0550614503001 304.27319563297215
130.9090641475286 327.795231979252 1046.8042330691085
29.5491170743659 40.532402180428775 761.7991499621037
18.588450574162614 123.08065031366453 1426.875681400831
174.57291785722015 349.606856245117 1115.8111499342372
133.65117844265893 19.78110862237224 1163.9316731914523
182.03279144274282 239.7328362221173 725.9665799764198
58.78307326242881 59.79196587243081 913.7024844038666
159.00063079685017 279.2020055550331 228.79670447039257
533.9772737080058 179.52529512326058 725.6189701797649
1110.2425779527448 22.85114060682786 1019.1393318680196
135.03713304532866 116.74224519854096 289.9047870119059
25.936777509068765 221.65334747686626 422.8659062738483
738.4765650557723 341.2955581948437 1268.5228079101075
18.364196916128364 6.369728994536909 826.3454407336909
188.63184795516608 105.91159326092787 1497.584548174111
28.75977685850596 79.67732076083944 298.6523397942243
283.95475683100995 52.90418657451909 205.10529722604605
116.28382997215552 11.244610734925223 1017.0183246948956
21.99790065190533 242.82313115992355 212.93165940234627
370.7827562890075 83.12402904263809 1169.2310660663309
118.35878057177507 282.2550838458976 1135.9482044806832
96.55751805411683 106.32220750466756 1166.172859186511
320.10314148032563 12.389991677941813 594.4367058790743
253.86155732832023 58.547007807940446 1207.5527584422466
48.35086170156537 16.299859016336665 883.6645346928575
163.63396557430377 557.800552244883 1420.1160272794561
27.731410236188147 7.216081129944343 17.10422491457464
146.3240821716163 452.38145143597836 873.4943836716402
0.4645060227455461 519.1207249897665 1485.1293218958642
158.27865673304493 58.47090914840296 1097.523932335148
108.81385376739445 50.83063150545608 1268.9799726343294
603.6606993742637 132.7570727866692 1230.2359375104572
526.2432508861284 51.24839235491708 374.9106951367161
4.573178360524292 102.5753827100135 1494.8171094041397
304.0095485876072 196.70407890552377 501.2534131378133
22.417587293832288 560.4471041060335 681.7964896262588
31.985209202168562 581.6576266953047 1497.0597199322733
312.7623195727144 202.00402710178932 1396.3099306916272
28.009429540890864 343.72916048370024 1370.406260023974
249.64466128915467 298.80228982983454 1264.1772115528718
214.43958180966573 36.70325926086546 1130.6543123966662
0.1892180802475526 48.79050820831066 361.970889758461
408.77606642661976 357.52220701712 349.1068600451969
477.90425620251324 118.09720466850591 1317.2756322284579
16.538067734671305 469.77576655472024 929.9201875440344
364.104522370917 176.96474165114662 1270.6064772805955
49.3004600854431 370.36939773678336 1493.9655293229287
271.08726101380245 290.06864034568014 759.6551408689951
225.26939520367472 375.9578223646721 1184.7611089823301
169.54628533430693 107.98657350365536 1451.909662171108
121.437708932781 114.25229014712899 244.85014947421584
1011.4922654833789 352.05675119632616 858.4550750252927
326.17387616461315 82.35177869878912 25.032108856362477
166.16305805312786 97.40777242213768 639.3790804372425
40.558524926741164 99.18596475786099 1262.2900436329116
136.6296630152764 113.9540720633956 316.018430070743
56.631278300545205 548.1369782728975 601.370048783007
324.10541084026255 16.398199588495743 196.54831853694753
289.3071914825246 92.96802732150799 183.59406476548824
317.4260586957449 177.89851777379644 548.1996895246813
74.62116379718731 12.914347803444167 1280.9724389418038
63.261788079353586 455.5780357223622 695.3827864810031
64.6951799658948 205.70219097057264 390.8922257134129
201.48008243634493 518.1563982857041 598.3877310489833
540.6307017181927 63.20975266809267 106.43214718940958
126.21902662332273 440.8552411419598 1070.5597558100426
152.67438648835346 19.093295186837242 1130.5661920511584
152.78111341928607 33.28122137521774 1295.3604977863663
97.86966101732779 284.63479110078276 1483.4940749765553
77.6341089956668 37.62132417438308 124.91981247425792
308.7604606688324 190.9818029165425 904.954736763084
178.3368846676765 842.3675824612628 1367.8175555943228
172.61443745639195 119.44066161456853 202.55579743676682
22.438394048365524 137.04830779711256 1451.377249725951
24.083961089096395 388.11524462315504 566.3805151025061
495.14775650012473 146.40121622167774 985.1064034167367
13.707506505750306 84.69833895689294 297.5646734524178
2.0782510705923074 159.54220271684144 894.120834220695
409.32775430810295 20.761545843088197 492.52226299454344
241.50508496970465 110.25389083770793 974.7546712189907
11.359454339295345 581.0441855488891 1154.0801863100353
39.22414673821549 89.86733947635159 13.321858375752448
27.592845647811448 86.59367464587751 317.7210254477397
78.60916255517488 87.78094067423304 504.8069702870406
202.42325134086587 59.633890253433485 179.29302964679079
220.20569685274532 90.98739582528646 243.50049100594956
320.7181719065573 62.08995111700367 883.7310673162619
36.088698272413154 794.0372648368462 1095.3479087264009
217.55203654120993 235.32444863033467 596.0971125674492
178.70421819993868 161.88746904811399 1194.874821794913
106.42377368979903 35.46377665674439 20.66377452618423
37.50527629611569 146.30289326166906 700.9734774881251
73.70240438751499 7.253192371132331 81.12955051012494
426.14881913783466 1.4162245589964384 78.51176001970921
587.7495871091571 108.81207704858504 1216.9899312963894
294.29366126086023 123.25775050377676 993.6426314115382
20.775671365939242 113.0322180813104 81.7508941834984
477.42026829029527 221.48753508569615 1359.0216747049426
202.2091729353045 151.01960285272642 1399.4326933369196
266.95726400395273 1.5260035012914492 1268.8020976797584
36.3363825369685 57.38200994281938 1106.2529981945543
112.75179148916132 537.274250367933 1474.4006140024799
258.53746527003733 87.54114251055286 158.42656256835525
37.95801793770328 126.17511547851201 423.2936286891599
585.48124489967 528.5361684762289 804.254860903425
47.63228074795058 22.703839401673694 241.1951251671665
80.63723247828538 8.580643172961455 28.856935242805026
158.58189108303037 110.80452243018651 38.53299473118332
92.03185400128008 77.16264446427894 1284.4658527385893
493.26544410137564 256.4375361024936 437.79535806575376
251.7396525372824 62.07278074163387 85.36022585891773
736.1973006979986 40.20360421847638 1118.1118393896575
206.79139337264886 31.00020704124527 747.6168274514152
92.78256508437359 114.32839608521465 1479.2105676377919
165.6220641019108 117.19577813072956 1142.729637571119
378.12087858167433 104.83836642554745 1411.7693997326303
187.95254577027973 375.7981745980145 692.906800693292
1.6633152553537156 168.57333519450825 413.2478531455399
65.45172380976746 28.03971792995722 115.49803131325415
41.96617208595879 131.03968150146727 731.7913233626234
469.7807306166897 47.96040781709958 121.80457691494829
533.9500624557035 111.67525307122996 936.7245319287548
444.7372041944804 28.481773662108385 55.22428284255132
108.70151752851318 220.74304185855823 427.35629552735065
494.4272767645523 288.9378662207223 789.2366229450112
363.91126215702906 482.8441124875547 860.7686106425087
317.23041101630787 43.02493154891684 136.59786262579348
898.7106459587466 228.4081648505002 849.5339170675616
3.2447740257500066 275.87884123905076 399.6763776160485
38.84611183173598 436.75216975332125 760.7668126509842
70.52744367815005 213.71466010962678 454.61694331183827
559.1412181599493 6.720152260096136 293.0485039783338
89.25689482294048 30.25144187270316 804.4707884134693
395.851764530914 17.653844273638526 875.6724367203366
382.07477340962475 324.06849085208694 1393.325930968714
393.5044035811612 293.7261082300564 435.48304154699963
110.92241536943345 211.14419438964882 122.35126824965981
61.43796969985845 126.16859604712533 664.6658008301257
128.74024996038537 370.77156052246494 1249.2728855271932
376.8605755453762 67.11718984421778 73.49622950314799
49.48559285410604 19.277018006001647 113.08109838605485
206.12120709863424 181.286432675614 1368.6454800367499
106.53769446464929 524.9443688997717 195.86191840633327
7.925288903982739 329.67947715905 1180.8104939769373
671.7369364280358 140.8606071707813 771.7159659366196
623.5028332858188 187.287862741048 435.09075619520195
78.73286355085072 89.88766237012472 1348.4318142069824
71.073382538523 24.322697514233926 1428.1326986646393
516.4898522500616 58.823771156272876 167.66959274243015
29.738601518898598 96.49253949739527 1273.1971237717491
336.4947600784721 122.33088654783508 284.1422542173689
534.5389147586136 144.37821580017308 231.26058038303321
361.1416010741866 209.7339575442475 101.25569365829018
187.75697780578577 177.81837802714873 1464.9012894964537
240.43948289702817 39.5638459218521 609.0209006603345
191.3312051355645 7.124511232296664 83.8257105475464
225.4886632522353 34.65600402993091 327.95057338957037
329.06606698651404 203.71395591581097 1114.1589533649123
66.70677517807651 78.8128992016245 807.6362152499468
147.60595161726684 8.703707158528944 1180.478884948394
143.26539305665116 506.1695749578492 172.57745013106668
157.84986647742303 346.5074927340033 551.1935293481309
