2000
566.1838108496249 212.12841603713724 232.87601133019058
194.60298899719655 33.33754341033663 755.5479389252027
175.60947331042956 44.807899439743956 1354.115988546521
132.51292840065616 32.71781568493194 1119.1822764740116
13.575076343288211 21.50367124002956 218.6464484572382
3.0080222934973646 304.71967519358765 606.0848862896538
338.380055219328 74.77895672243226 18.652035737124983
376.7955745995199 66.56339455770656 458.2957528408168
124.68360496974253 151.412452552727 1427.8780763195275
245.1527290781042 502.29366453836974 1305.2985051974601
596.1876466518696 14.924336690551716 77.94863740949116
90.37439960358644 157.87840008476422 968.7294190793725
168.92175465335336 166.46344485657204 889.2096034238218
5.510745783365042 132.9528269926759 622.7548302944792
217.7560990429742 717.186005454611 1359.1243081848465
123.67474311429032 114.87354297711813 528.042326956754
63.20770239024009 90.37771176829395 33.473960990426434
355.68253344905696 283.1669479163047 353.7700578304517
153.17759345043817 740.7816124829945 1358.748492445695
214.14223538118446 89.08925301052918 1187.280549631691
534.9381406886304 96.4442665456861 25.84120190596517
113.93412474960331 393.74371903669754 1247.2460598803575
88.51659238328772 724.0300911851832 936.4716408261795
127.38633245033604 133.14674520036382 1362.3451447047253
55.18159645323052 9.462927385879052 408.5028087665212
278.44524246545774 113.26881319396121 179.50661167937736
817.9258394830896 639.659782270715 309.7966513731076
78.24416079742986 51.55901404852782 1053.2063652413174
281.5703880935354 82.9162154291639 1313.7042913875534
183.01896417686467 199.59800668044954 954.6750550134336
68.21764243678972 331.18064766344804 1440.9081951471255
75.1590583704903 221.8642247646618 1395.75301111914
275.0512859256313 389.7438271678606 1003.3504634483725
58.84437981135533 243.74073162751762 572.4356783830059
150.36509143490755 90.56420643733817 802.7255696030511
651.1473044096132 117.11129733762975 1299.8090164269506
300.40480809634505 284.75532450493796 1485.88734611832
187.05736343834857 335.95824486639174 183.00302154642256
12.574108464611458 162.70399094955096 1282.7811634036916
16.105675688222394 64.4812904677253 1256.270450591333
191.51040460825962 28.37283150043688 873.2291416929119
35.64449115943014 394.2515787412968 694.772443972804
199.09406443959944 189.42366532900016 15.418738540934395
3.6129283062300837 165.76641313946072 496.8204663204421
163.3163136715889 599.3362573471566 1190.3376449755128
215.2892995336193 5.0091463917026955 645.3805377666893
156.87372639930476 243.64841500702505 618.9807761254269
36.1529021731575 13.36285558502554 346.83968253358756
23.643299509662036 128.92610157449116 28.159484518849197
86.17249447142049 54.22827267169823 723.4350574629123
503.1802936564178 408.0027979345608 593.099781978607
43.27194739181772 120.35331313654439 217.6413579804352
346.09921175609986 863.7603959628999 1033.6878362420841
20.727212981629375 181.2117416145337 1097.8908244546817
6.448072425999217 64.42066172806118 663.8664111658641
420.35089271793373 416.1677783657322 35.787401907787284
162.1444625527354 70.7457316237014 220.908231389294
190.38956704413687 675.5517258560703 1106.2222436791415
124.89251521069957 200.7142941158611 1125.5660991809577
138.72202836518574 21.760243064309254 660.2527769060713
194.22296533032812 348.87072626759755 258.87044125946056
701.3752501540666 28.495991264131405 1167.9525173969473
485.5273376068703 389.4741457171158 1225.2816879737663
409.26441848992397 438.6070754676379 391.7604204636806
140.66352047058427 317.5504092620077 651.046018249668
274.37175985774564 149.5689948746637 178.54585948967022
216.08976411294321 23.306911284858945 576.6991972457998
51.994283312186006 106.66058934829886 1135.2979236979788
288.8268578540072 54.6626476367856 1377.6092493193894
243.98843224201258 140.36421068780388 1381.0501156333867
46.77288204807904 436.12613512531755 1083.061584407318
143.51234539269362 624.0587931276114 1102.9681629726047
100.66556510987309 84.77644555515285 1125.168901341965
54.32007754896144 201.00486588561432 1292.0942717756307
129.8288161965902 262.7466133545663 1317.3915650311606
637.8602374320287 98.85383002170161 397.0796020928852
122.99905487757063 274.551997018652 1160.2481818833278
48.309766167231444 73.85807750391197 257.3036783110054
492.35705948686075 26.08002521019084 1222.880649594106
219.15927490762837 363.59174323135585 1210.584378966272
121.0207989490879 25.169724088862893 877.080878615028
186.08461431529682 384.43588228860796 1279.089625375194
32.30039702071284 160.89329211840672 105.19953580502079
30.481958863044724 299.80772782910446 1041.1072260485337
3.5062875657929045 344.6351424965064 597.1306098433729
64.10042413220464 9.892071789524511 706.1271563130048
503.4924585653032 243.01221099709895 1429.6237861895581
413.67006505340925 78.61184526171255 1450.4293195887747
515.3722188712791 43.57198099532641 797.0543283188279
58.37452842995654 205.26786947286539 1275.5017487489192
67.59713671241356 181.6091578453249 1335.8118637919024
328.0668684181627 189.98456234756873 451.01763353480777
799.8489599579719 781.5494331161129 776.7193578951681
42.84638825091859 280.18524407945165 395.11262731409863
184.94610514059153 164.6811229361484 416.47619913200015
53.67581291576724 61.528906722480016 619.3479653614709
31.523869443817464 67.93942401460646 239.00324072159574
345.6169596188205 450.9119744805121 867.3665381747113
11.77950829206734 347.7559056151846 573.7269382549405
120.63967256179014 53.68275700987096 677.7926205334119
702.3827915911772 13.631314694815435 1028.3380792713106
37.56510507281221 309.4344583235322 131.67255308722693
53.008976493556105 359.94133815458537 902.0297701405498
308.17018627640454 526.6818879420566 1442.0660263315765
308.3459675821163 192.208774812488 1128.5955704285757
113.37125365216669 266.5863813754236 324.44566708776506
151.29558238300055 250.39265562315106 557.8511110055213
204.54754763870935 242.9453269615339 242.98528779067257
32.48889164570522 55.752856798909654 1044.7805266401715
17.568931795910682 8.92393554926051 617.8856872633762
1286.59515310091 88.67227426836162 803.287414982354
45.478260693659365 431.2642329022567 568.8084316515717
358.28053385256237 147.87613891635624 1213.5534290402356
88.7695990273201 174.3199264176439 743.483580851476
2.8505521501079234 207.46158694509856 974.0461431640795
93.56316742401442 116.64831313518636 1352.911665587681
766.1868359113636 133.05952275156943 346.24659064991675
268.3356771038098 246.22600121495975 283.82368680796844
108.06352113887063 428.1971727004766 1489.0326680202932
125.3439890474007 99.69077291653294 312.9574255101686
127.61882767934321 214.40653655755355 592.8347997731502
202.43776941725596 302.1112936425974 1189.3436777831748
56.7253971390022 35.26175681099884 368.0545642342473
66.74842315089357 441.09288817887756 233.38092918364467
5.678063813677153 412.4417728219677 894.3774402412179
197.41368584365046 390.20253155478775 1440.1817007207974
102.38699749521739 112.21128917544112 665.4669573586073
45.50053319126563 186.9271599493872 1041.0396205195198
979.3136945668566 243.8492278461734 1134.54318120692
68.75309873019542 78.71252738067837 439.97127119434276
144.67362039518196 401.99541248930785 388.95059049039753
94.34905414549671 3.9701706651713873 717.9141153908317
66.39739089171789 228.09840534965824 1044.4357584962943
30.7138472866122 374.27832990497416 909.3992921240871
281.76810144329426 107.1282583389196 844.0630138415047
239.3675716549025 101.84763431707032 751.0350658745222
156.41587871146322 13.704989092365382 1248.630139456069
5.505120783142817 180.52743801408963 1211.668462654035
234.6157884423672 143.49665061258943 145.36816297161153
232.56420021729204 118.3094781067179 735.0578915187971
181.98005536422096 2.3754576279700466 124.91835703703602
620.6884961141914 104.56834323289495 1231.1259075072153
78.12685091876185 63.399420172424534 1238.2780214120162
454.9755203257698 251.3881539868087 1010.9312112796007
108.67741246577137 82.66405213563306 288.3149430963392
156.8704727113905 204.75687301050957 1434.4583955625592
152.49117109764128 474.9244432876465 657.1876521231129
233.74733620271763 10.368921067279544 313.0239808554466
12.920945208358223 474.3981161384447 74.0829137475133
172.27489066538467 230.62704777421942 136.6856935249808
158.12389360471468 38.76309398907641 500.23103854468764
359.2599862135502 539.7976160501503 1132.427924315103
35.879485613253344 223.751895383429 586.7954489311146
44.71639183369634 201.17301285779098 4.328310320798834
124.6657525332773 37.30076384384186 479.8924023841557
79.2004890949576 422.0281499657392 1478.1422394732494
388.6306404211619 0.43716799811692003 26.11453725575513
443.006427184333 197.13152955763562 1161.4073394600125
49.3833935908575 94.15990657597986 197.672918785457
217.00300605418437 346.34478857671405 1201.8135045471126
261.4558691220646 57.13943922086161 1365.6575129345792
1132.9012758767456 245.11468968663684 1366.1519566969475
159.9814601002746 316.37000981579774 1381.706734794752
591.7309963742755 155.75247732386183 758.1655068736468
126.47269271432083 35.1661748985182 821.3352527167614
305.4882386992379 105.96046064289774 899.5003595334458
173.44689108516312 170.09040230226927 515.0281213452411
7.106159534434512 149.5783191552224 307.5017941148158
109.44765611308847 5.323436211331519 777.9618203669202
256.8412316548636 532.7145773737243 100.81407331488984
60.414477052271174 39.35060338304465 111.134769200462
72.13185195818572 253.9538145249145 975.9626388733728
35.02988661119872 325.31104563672824 699.0461869776373
125.61772390846464 243.69050617786644 127.74701552104445
140.5775495821476 93.14963204714826 600.7884804288661
168.56172749941786 539.7227549321328 561.852004608419
51.6880343712428 10.249732355667746 1152.607460669694
51.65005486853571 15.235691271332378 668.6286820975909
329.55635601019526 28.158742952074196 1096.14026726804
221.2727994546825 204.67310280748475 607.474432663399
160.03606220074528 12.418904504815895 464.3483320019391
69.72027764349237 518.5945228081122 1107.1209546623195
425.9272321529126 70.23062474447181 369.5947423194412
94.99415136001062 89.73213997565243 210.45850634671982
103.20573928522003 259.7546541482643 1443.5236406724885
216.069437674761 44.29735256051561 889.7932346392213
556.7390816291112 334.0666411855074 1055.487600995405
57.869301316719344 32.810552709228716 171.6450176021806
172.55259682213452 116.40730435023387 776.9150055466068
761.4951780903882 81.235391359959 431.5548117535132
971.4860421592887 96.44532187476055 131.51918492897764
84.00371904437847 37.12984307460066 937.078462629401
123.63926721525618 127.6629972870927 744.3861284544031
226.53935751817872 320.38318942656514 1085.3753451510945
90.55384743507172 26.10210512857582 1053.6756584168284
7.372597715332252 0.9519391121787903 1118.1357593582832
4.999591055702219 1226.7682132443356 159.29701727500245
87.50191574395794 305.2830739162179 90.70122661948449
57.599401357360215 391.27887213447167 933.2668149227253
49.33411479475225 85.23528127530848 241.19792009997303
3.2355539035545653 219.678405240522 1426.7089199900547
110.5305587784416 173.2702936369127 1258.494757002636
671.1255771237771 149.96841964923507 900.8156738687113
294.84672084417866 69.93071237465881 1183.5939519334595
357.91208333323584 244.58783128110423 46.74009856773076
483.32152227390947 254.93197897249323 1210.361601937803
150.90336074228688 93.29351618536617 461.1437897479887
17.870442100001164 90.29082256046803 1177.3288773346349
141.85912254976213 62.901617240032046 578.9916266097177
207.1184848156022 119.13619611490383 1365.2149610702816
174.05829016088492 57.1675897330179 905.609764777203
909.7874154395944 282.60755379658764 874.264034360544
272.6549805224523 51.36136413119594 1128.6430347072708
251.74854014869456 47.79869880799295 1227.6995649111025
217.71493686873401 80.66087049486953 1064.337339742537
14.384860508936198 58.90081298568737 510.3742923207692
244.8731499144679 4.589936848197134 376.4250971343609
236.04068866515397 7.401554331846738 88.68281519890542
465.61310963183615 76.63547560405925 798.2191645203742
83.67445177787941 220.97031480124855 1405.3890076073149
77.2431519136083 988.6183396952096 1077.8582425325158
30.027930493323456 690.0499326768046 1364.1199066751117
19.59513253493774 219.17545015979044 571.3927435557439
125.84226013977202 7.864631550603543 278.0756908138983
823.9364693770736 224.16540523174686 807.3868165895104
93.04490912885667 115.42522116575572 487.0295385434717
89.68770325338883 342.487837472383 1447.201614832369
88.4885415796482 317.64939609276377 818.085581498694
107.41732057471958 113.09003286157271 790.7968568336421
3.0201923980233265 164.93625099437074 423.52786683546316
84.94645848585064 154.81522860730024 653.2783246607179
139.85225127499515 109.35621588431303 607.7906166088574
11.349376923547506 495.5240443785567 1051.7815831020816
81.89969423544507 304.5450319301732 456.08749223687715
226.28358004724763 235.47074917987482 985.7309379393307
26.21014307585183 128.74264893642987 248.0474303038766
61.89538644094773 63.02137125093821 1112.1841037613565
2.702060946303 170.6372908474751 661.7430211846753
9.080496502709835 41.48660532405367 1030.5653925748811
494.15465869781565 157.8869818945094 1089.0797371238978
491.327118526227 132.08386163708266 639.6028994554615
102.0458852749945 30.46180722543416 210.61649587693054
291.93001700788767 133.61337384337858 457.62580045167033
195.90458222240522 62.250684598770434 1205.7992835767088
27.00268896688008 175.1673876334449 1340.6497605856277
138.46940727294634 189.60923499555807 773.9662895860646
34.42566957127396 58.83638875894792 1306.674339770486
15.334645024872659 216.810171715708 1090.7992040548293
422.6016586631559 4.391905961147496 457.22862109127743
226.4617922903902 60.279676728766276 1418.9748420470596
150.3199337458523 215.85240640899107 578.1827394778074
275.4177235507914 155.62557903121728 158.3606047118279
82.77306179383058 137.51695392330566 594.8698160582601
121.8444635146253 388.08914219781815 1411.5528317704404
44.09465123712661 83.89081450581723 1150.4268051296622
420.28260530251595 82.84235184017498 453.2756546035727
62.32098773495881 318.12818526348417 465.59276579156756
102.92429594713866 25.756158054989786 1.6574863305949261
326.82286928497547 363.76539925673165 896.5646465363805
287.71988244332647 426.04390149211866 89.58237703306871
392.13488423983637 42.3939233999814 122.6263520931401
32.13448953247044 26.971489558475376 1498.206552567419
75.54149337808225 313.2389500298001 1222.7018113862161
4.3500852685263345 302.54032460606555 663.9548884144012
63.32368386941132 367.6888641163896 1089.0994398666728
455.82981075569745 57.12934015447385 187.7389392614849
32.73564491852458 179.90759956341057 7.58305677963328
28.897525060242472 203.72384223074945 655.396036761165
25.974550792423145 111.42341748509821 854.331373300879
57.823682923392894 14.584998413331807 759.1998117883401
189.9869022164042 266.381937717819 349.3665219287456
33.099484746260174 183.54009814792425 1246.2646047761107
333.5650808384363 232.58692423136722 18.690703275296205
22.047660678903537 170.33457495953965 583.6750280163669
0.3794026288044726 9.87728045615574 1477.8462129752118
74.57127843671473 495.6453854200014 232.66675958137324
215.4434250068001 414.7786238212257 1146.6908291531138
84.06443223916541 45.25377933206663 753.8422088703718
83.29251339857056 69.5346822892331 1371.5814679749624
354.5688792388799 43.6014383970864 1373.7800700353605
86.13427762564223 53.80691586254589 1053.3003091844294
47.458355071304375 28.40911423441566 1067.3007936540657
44.73015955351116 177.95845693105713 964.3088219361092
213.36415758732502 254.05125271184903 1079.8176534820586
230.9212542463416 41.84765009970196 410.29509626776553
194.86130933823225 68.25300214122633 1419.885237024364
32.094618956874164 156.40513742921817 340.3729252940458
11.378778683628813 694.0454821735132 622.3884094648417
25.54163211191389 136.68635985806193 266.3016886119003
514.3923652087585 47.414787015776135 33.784205965929345
238.88591977409087 181.60346691888728 924.4230244295068
230.01286437006368 46.654159511775774 1435.0877123122893
753.6523944611794 470.4323958003344 83.59431039281806
87.27192582530915 310.3095948773034 1425.851900198725
414.7959956620433 160.56217715290205 306.25785021054287
376.8936405545349 317.0731065243694 447.0918336935258
94.96100832614276 402.64980264269104 1438.8946139580805
112.20019552080964 210.400937011843 329.9714018804996
379.78630238083036 120.29684879589972 499.7563987070611
260.7423503368054 206.35704014631514 868.633802900462
48.65683762332161 62.61540163398448 394.04146193095244
509.54359273516053 40.57997259192629 1039.9828199286003
11.920757794728063 14.790224085036968 1345.5570831562661
271.32455128151037 163.14714361923214 1228.4040301515904
12.683666829365503 37.93423959391546 380.64762357941487
90.21351059700949 92.35714406479069 1392.7444840121273
235.48432304034242 122.48873571543011 1202.1643243238866
79.80358910858448 28.76245547431116 963.6922018921075
384.4821783919116 47.748853210790735 631.444875506432
196.5789269855503 148.6646300374066 305.7346290229589
137.05050985927954 492.98642517284037 1332.3209084721293
87.31777358636383 44.303728194387965 156.48106188097594
236.00312747202636 148.53139092406818 1236.7465966073612
216.20780975984442 4.119695323910987 408.9948720135416
311.29590345168685 266.68682282388016 116.33485146845102
458.4646273507347 182.88201225729756 456.0505380417124
156.21738907138493 63.21626256045986 1256.150938673333
10.580043112546404 134.14536606240904 545.9367334891251
780.6763690912518 105.89352416369451 1235.481263002596
141.44291239775103 12.387208815048208 384.93840059064405
99.51960176692953 217.47552621375067 1011.0130361598701
319.97673745996536 117.52459098662396 288.83020957962555
121.14882961728071 25.774192766673377 304.144575742038
50.219714543979286 23.03704817431991 578.469450892985
180.26742447152688 120.0226465921606 134.62628022555472
354.035382796512 219.1555811396213 536.2378790436844
151.48267469762408 108.46011780363534 1303.555142230978
157.57087803579327 72.2006254976414 387.1484035966528
20.974951962513384 52.321519603344946 1302.3912251947163
7.63231792248601 477.63354311705984 218.7789742188424
371.64469834377053 499.8357498064701 8.447462411267425
7.722818958805357 13.42052933366776 1027.360008435798
156.57822636368667 241.9562587815144 727.6807266459871
66.0206179950358 179.3613123357428 978.783258884735
414.1621043727385 26.354464603390817 93.0635279761557
14.744469171922175 19.509854228814465 43.204080001265076
29.052582541352507 16.1818140301816 77.24365451709053
185.4171061374327 392.8279155289345 493.1956985420936
38.81522683166127 372.2157898548052 769.5737805689129
239.8539239435584 398.44785014469426 883.8566969689616
134.44740943972374 246.0794830487755 263.9901139489779
26.831964007746002 27.39598276906036 1440.2009256536649
81.80114150449396 295.40201404956235 576.4353786701301
13.602993755053564 273.2508348896439 538.5495891662969
37.8155770780551 123.42317062921744 1448.0249832476743
163.72561337241075 373.8417669412348 1235.4863802748023
199.75118984721465 121.03808914986045 1078.2448349965425
100.98684011415315 426.4329247595785 1031.1954594084418
471.81717166557746 180.15055827256498 1145.394891661997
189.1263225292628 15.950130292671885 1357.713198917855
481.5792220196375 292.4359284569457 343.9155166086011
88.70851663905633 151.66222316982137 484.5166601242894
140.67781136075084 103.64810783445554 198.28574298113983
76.37477663522853 122.68041137435348 1207.9316622144781
62.20086538968241 45.41054028816645 106.58785222482997
485.21985044250346 440.6876015944828 1202.43003116278
113.61040497849928 107.37219091684803 1066.8134736328607
50.26279140322543 160.82659216864516 1229.8785267286062
233.69359675548912 92.15352429345359 1189.8475726391569
67.5232170161599 38.7042401134835 1064.779842849448
25.99381957790546 48.93616214370436 799.265331340978
74.87794201625869 70.32378483914043 560.8650128956016
1151.545158307864 405.11927452469376 12.97589854441561
428.9604391235467 400.2594259886007 1099.2688042833709
36.579253886903224 24.140183351072547 1462.1682046615354
626.3465448297119 168.35080389113864 1252.7976009883107
115.69929091737741 269.5941068400683 1479.7625421361174
327.0831838633566 143.02122939966324 893.7864176786385
26.511188020292707 145.03386326720087 890.216765412502
52.824501787748176 92.27291668308109 269.38481615038137
163.5647628647013 172.81924030826565 72.01248738263382
73.14994860412264 242.51863795748724 1334.4335023967856
42.55130443269077 459.2647675962275 97.27182793344986
111.11722943738933 75.28753505816269 877.1855918764762
429.5892100050869 235.56127026577082 1194.3111391957248
155.08580987539818 32.266877945048385 636.030482050165
30.823416872407165 473.0394978890997 1255.9370385780956
103.95790573436491 401.73273737960517 1247.4841680087936
131.5158820090769 72.66585112965478 101.1358521424765
16.176404606474197 183.86871915532026 1455.628626470958
192.2665554834524 586.7637810263088 1277.5123834322585
14.591898414272503 148.10148154944656 674.8266271114143
195.98061681196975 470.51345567598884 986.6861159793629
88.79790324524257 5.617416511611115 1131.9145898539396
43.675853385759886 256.61545119154647 820.9389459456822
197.02517294879164 151.2469106489016 484.91438651119705
9.118686866518464 251.27551762903178 69.15651275400015
254.2838020096008 18.381427036433085 1163.5947613873618
1007.3865034400856 222.58770830547553 0.679357817710613
234.33685246784592 14.03771931235541 173.31715169382312
49.39145200728985 257.909723362894 934.9117512025347
215.60807356647317 99.05003423666771 115.97398934106484
13.920078303263017 457.0007064345935 853.1356628163112
57.04586092317094 23.533024612359192 381.58306956499683
706.0408389979102 307.8707046482172 853.5118405399995
104.83506520885655 12.503515032582973 338.64378955367397
2.0417631274810915 168.89603199924485 558.5276147229273
52.242913436078034 221.6455893833785 404.037460675311
183.8015384441131 116.47490761575936 270.65629984940995
197.6470595499042 427.7024090806822 374.2208508253902
336.8869144306482 722.2829011133517 537.9364598969128
231.19024854826958 0.7941729687603722 699.3081037771984
335.8032690326557 442.4082853146582 447.48010173827987
20.730867379347544 143.9869865633914 94.75160411220446
322.66350282511127 473.919871221747 1071.141284455354
352.22211357567244 453.44005244684206 1052.5393852177194
73.21690668099036 0.08801080570823676 1469.2909298867746
193.66711582930762 47.00885839041412 797.3174650601891
135.23900320759313 33.2810268347686 753.892261495394
573.7378836994842 357.0716206169989 1217.3143336936823
107.07387880820282 78.20810367679536 100.93064695074038
65.25247268515602 28.894857517229696 973.1595851360821
75.03158812229536 146.55720881352389 913.396554698392
222.2934367217134 249.66973934362065 133.95919421156432
74.45123230476919 170.1987828561581 1113.4801084324113
236.55042158670022 81.25815869481605 861.2909087419179
47.818642197867106 156.30991045696604 1453.0402248513788
50.66196564657876 289.2192027954975 95.98704280903442
61.564147136224 174.7036041856313 1394.4206694087584
110.88103714688185 565.7269082856594 52.77950954048705
226.27621839673867 375.58294315843585 1409.0821126961237
330.15218294773433 33.139112422803954 435.62765146681477
284.2404345705992 134.48641046659554 1143.6921686524486
134.51874253607428 362.34908210963596 250.56479213370363
4.618571551398645 184.13303418444718 1450.3861145533924
115.2101504021556 487.5115232893181 1167.4044812630714
90.26064227400164 122.20321157136584 1379.5383287090956
243.84013283481215 238.08905809409882 1443.0592172957909
502.6351066044672 122.38102710546208 745.6266217093278
498.5564129505876 1.0793440276029682 1398.9182795602876
10.284733138029962 70.94932833003301 429.29824903054475
0.16324267478020127 118.9280790548469 213.77904164378907
60.26286414684685 276.1253099627383 1328.4305341728984
210.9648291008182 174.73110498821438 215.47967281502466
300.7846312211014 499.3659904317195 57.66319408794585
339.2773459672079 21.101948882781844 341.5196005471026
26.702674964495998 3.2995888004590475 874.1098776777667
228.98987363012714 13.263049983063224 751.7013788048766
82.34463596944542 312.46593926951624 469.775109552463
340.3057136373706 121.23673620138608 205.50820995439366
68.262815267476 120.90631189702957 433.7066612297923
30.13818156096246 54.292403768678575 431.8074037225629
429.3718618533411 649.3300379549481 1035.1609618274063
189.58930674412613 71.08968438033611 697.2539794205737
55.59049393241676 208.1200608995596 1193.421464752948
148.67025063521905 32.920828460855525 23.200390162320893
485.1682305480899 509.40765950992716 1192.7653038087901
696.8641304285771 12.879286423641664 690.3941248406047
392.006704265494 407.1760955472114 153.8679114684245
251.20883526508942 189.47471280161074 37.99412548199144
220.25296128514663 108.58174037119063 1102.1890994272771
14.066471511144787 187.5459947839181 399.32545501808534
335.6185754972581 167.67947695808226 146.09503137094572
219.99000405716438 181.32862599697947 1305.2662580537453
87.33707550511176 496.58278073895 298.8611745872361
113.33282543846701 288.7108289719876 392.3575004063769
490.3213554308287 875.8966470432039 299.36707762684335
241.97685288737523 31.10191756696504 76.96411554954774
55.138757676842474 47.6338682802473 215.4673155634062
216.24965042098813 40.86827398447353 110.98887710447764
402.93999137143743 336.70900128600647 1095.8863837807908
428.4676389865679 677.9372759989684 1034.9301258437063
81.85544829105848 166.87072080213628 151.92504835066606
42.48646504837608 197.44795731401763 1024.5041047299087
81.69216920743854 16.161159529063784 497.13613827629763
231.83976848299946 297.441959341115 1064.7878354888633
129.58603504768269 166.37258923397334 1133.5649121392905
12.343258430507898 171.57005475319437 457.83246553872493
16.492107424059625 295.5671838185564 794.2532642265322
73.8014735100776 16.164806188054364 514.1683090387243
76.51696532642154 21.696903339257236 287.04873044952944
677.3258629596967 98.79502862704949 539.2067549251183
77.21716548967028 409.320804782391 990.3362473461896
40.72804489217655 67.62105391850956 1331.727218784801
115.00631899744872 125.78183446222113 219.2535697602366
310.0987439996545 443.32803931020777 633.1618397197743
30.275672097808787 491.2404297333358 517.291555066825
367.80396776819777 164.0087545012181 1335.6163081728132
21.620605160060776 30.951909712875448 1017.5186318780189
405.0396684180347 276.29630655778624 958.8836996989194
233.6585897066636 312.01135911747184 387.6276645524135
244.5062996300277 33.50603876028719 1135.3916964390496
400.46743187021275 14.617135785919883 1029.86129335729
6.925913984835725 10.971874643468539 22.18512293354363
156.27406521046066 29.297278057349736 1199.7865659832628
164.24394527074074 115.69552041608078 328.51411094702684
66.49118881043464 42.25204988381696 755.1890027507474
13.536143843208018 33.42130879017099 284.15380255521404
247.2146864732517 115.10133308596203 433.45368624622415
959.518628142444 106.68641098027976 658.3018804170229
274.7015014786853 673.4882678069499 432.44228298057504
272.19683786324026 91.7482625505403 312.0752065789609
121.01720441735483 172.2628183806987 533.5385104989483
84.74863002141716 127.81321924494753 734.4009077314414
57.26837072049512 21.42648119094954 536.5564318908316
242.57489927121924 62.98019167264787 439.6499664315144
844.7660057928362 124.56907959664463 123.65133038526066
429.95565845312706 198.0131101181148 833.9581714955652
368.2672306069485 647.4086358060237 497.9924438191907
155.54346404122674 16.599564553335895 228.70877516238303
80.99961404204478 79.305711515483 841.7232532744755
447.68551262567405 55.83902335024518 594.0914321694892
64.75750574270123 247.49066166134875 1149.7026707213854
43.76310460912516 107.52859146932884 57.655664434556385
64.57717357115376 392.7990083563278 636.0808489671709
61.28274866131215 55.34305367008787 1060.0173630615418
188.53529094841838 211.45361267311546 80.96791109440854
725.404491451752 296.3899110000849 1228.4966235692445
160.78611988020967 201.08339390676443 1224.748641257056
401.87682570980223 3.21437793595026 534.7262963905921
204.56629148165172 27.005920134000196 989.3161596783735
492.30439319840247 69.75736912626964 955.9209014968036
374.811867737112 6.948120983271948 816.7241678214548
68.04039362480461 2.5323035859408756 1013.9937842000628
116.92223225082606 37.820562986472495 1104.2194605082852
792.0277588041431 257.78494717473893 384.95629723151495
19.946919872556197 168.59756161144327 102.30253697164748
518.1837777885673 126.59550135664162 890.2535984085317
252.19559437393525 104.9338534853136 726.1862139735213
868.9356901906132 219.6772678455901 475.21902775981204
92.18847770331104 134.22771166011754 1143.2859205273007
564.9685330773939 451.40760541679407 15.720514322746293
79.18112915706679 270.66134017436565 1169.7939146621266
35.21534207562078 261.6596561249989 1333.0638138715417
141.2221077597026 136.91876827379838 1057.5364695717885
37.619194473957855 8.418675345484855 498.3407581210696
107.61856073176148 30.90666735087811 750.9077391292509
576.9775486094671 610.6221015862561 920.3753265862573
768.8877906550347 48.804584624446896 1086.2941086528122
30.27036005666473 16.616257941447053 162.14563257835962
287.30785195743164 391.68717149446485 407.19504607356373
36.067293960028415 449.34874343700574 1088.7478207563986
319.70086304376196 173.19694422764223 1124.7677686124493
531.9772541385478 259.0828792497888 667.6434706992518
87.92206236381574 157.39749634143118 1058.8694491246686
290.2130635781622 101.62530852788159 878.3505348803632
62.691933149684196 118.52118796126238 514.5367665646311
9.173964932181988 102.26792288764803 1457.8766633985344
168.33644510477978 400.95799234178315 826.9493528905102
264.81838610088914 28.698788156499216 1061.688240773877
130.687932200615 6.150638689131283 434.550222648388
105.21447988647348 3.7932366913307987 574.3732051792016
743.5232068582424 28.451684094245973 984.8465592851699
69.02455284311623 181.68861758854496 209.3573682406827
199.75054669089954 301.02056087706006 1315.4634148115706
30.107836599427095 57.49682974447431 469.18199527653246
231.87251122374582 98.2487659886619 1305.853766457702
135.30831816023422 24.30736462818516 548.3275807967525
133.9504942592596 309.23448298141625 704.3181102288249
589.8088947351454 204.8969011295431 1108.7767912677627
437.3823442981499 53.03608770961298 192.82370093065916
16.9182817473446 74.01270192322666 694.3498067391623
383.9789597303186 476.479709652377 1138.945688078762
182.1856323687049 112.90549448584089 1006.6447903101945
17.368500782701123 1.593979630081858 1290.7185478895638
401.60384707693186 182.17433538121287 560.5989607015804
75.41156819425237 63.12691351405265 731.8723918691587
98.82773819737297 371.8973587893719 344.71631939941415
525.2616125247278 367.21323072975497 1038.8945703430159
26.37393486677243 49.300649101917955 906.2919394809912
215.60297987888396 21.80672303538481 784.2194799152173
7.45116119543425 415.0812726445955 906.2816147240603
513.7638286735412 47.38283193293687 1219.449620999583
64.15336121004648 205.71921573503312 337.1929256297026
2.4191898757907477 5.902236767570191 969.2453589487775
133.1501121286462 285.0581018804138 1095.699005678828
40.03650821138129 7.386121647481375 19.888691128454095
63.45378983931131 431.2858789752167 672.7369754139695
55.14773944967478 56.63299408551592 1391.128456852999
422.71024760282734 257.5574743284578 639.704061058727
170.2577632937323 118.29358243400165 941.5547431175887
316.3336471183753 421.4862453478234 245.8790648165188
68.05318739820063 307.56665276282126 1236.803608344886
558.1251872027048 0.6033719311353948 208.5291718718032
80.58445630290126 65.8446062902026 1070.7919515192398
290.18509140730004 320.6830554691558 357.884955765328
352.9345008506912 177.4189775180495 1005.6150057286568
1.482369123244592 330.68491845116745 1354.3584051709938
62.763475782318814 140.51539518829495 679.0986474937032
239.49682830544728 45.475164947728416 909.0420624591137
7.601551432988477 298.5468694199122 1380.4549572365481
203.26626016782922 8.255473278048761 280.2891276188006
15.672651777533837 172.8984694929644 1274.3594504527878
340.2201714951895 226.85971037861557 732.3526167032824
25.349284548193584 137.97816318613104 1178.239383629527
85.61812691888736 180.7170022576129 1187.1788055249756
27.70580490967136 138.65915593593465 1071.3525801789851
54.58758958872505 89.58752243830901 815.6323967799776
335.77282464456346 337.7413657393501 1149.4097924337339
563.9408539496391 6.54146535955263 321.45317306353815
401.66223531313585 131.57187044106664 452.41824511517314
8.946881927569226 228.93891432763226 1124.6746612315392
288.46114899260965 104.66556859407845 1207.9719716468599
46.74968378550243 40.08657863918996 501.42539653780034
145.884359904942 385.77191575442157 24.95863929568293
113.74483796220845 86.6848970481164 1131.7418147714664
294.8083917122435 624.8083366352741 466.48359443872096
295.21422640167765 1134.1732718322323 1405.3099173438775
81.57503987819635 75.23680903198489 726.7394693634205
385.27895958866765 515.6086262017784 986.3629972276594
4.191818891603197 330.3479788154656 1145.5474858871619
586.3775156813504 152.13731357750092 1094.7323951000121
338.20918434584735 139.09235862980657 69.5688962974691
29.906385991347882 680.9000769295122 1381.5043203233722
85.9714006536323 450.7886503757989 1122.7196566825157
76.91908525054116 235.09416678646642 514.252508359498
2.1086143551406358 22.925104215477784 19.512173510089493
8.909257981372013 46.73616537570037 268.6781646365907
122.90713433437807 19.75409067335121 349.443330246914
175.62287401817548 176.45000513501589 1453.2328137400646
268.5767211360467 217.3659864519856 220.07656310946493
10.325249482600814 79.11784104076146 147.15281795785833
378.6666085631732 173.07919220544687 880.6066385088542
97.20645318139844 70.27010136579439 1499.260829212068
973.3263573160438 552.4388836251658 783.5833795431785
357.99931313549257 372.5793432697279 94.34165765328068
144.4831826806902 28.230404771281 161.15311915393022
132.19296774196948 497.4275572710062 277.46894243940926
74.51630628818417 146.0446990740437 760.2586793083904
387.8863560594704 28.63046135626755 18.757554804269937
147.04757094765765 99.55390925338841 504.42995167299637
259.5127572526985 151.25805565564735 520.4468797330793
747.4327199227206 129.3498677659263 977.4936167549578
137.4643075842882 168.98833399695033 128.62331931152926
227.3734924331071 92.94357363736896 812.1771147436102
18.587137888318104 39.2106468615454 818.5746333836875
692.2758867954917 100.64074625141994 1377.1339900403777
13.677887170163118 77.71207272352902 1255.9326315734104
857.6656428113884 483.2992832423261 836.6919326830223
81.90236767402406 202.45523370473143 320.2724679229127
112.68612006862801 652.4782856654723 965.6213082001261
1.4656875422447329 271.0131121778899 1258.4746682675577
77.9595038151429 477.5112884374649 1017.0159851427698
406.6500668012626 0.14207047453516342 139.27553513632674
179.81010324987818 310.37670169104945 562.8634116533837
83.64217059091578 215.50750724870187 517.7604950812458
198.4520150045105 118.61997007495776 836.5220865370953
848.1663448413491 279.79449813427345 1335.9333524556362
67.92807313675088 160.57352549644804 596.8329150066742
142.21474921716145 9.172200478494382 1447.6350758295846
18.403742447380463 254.48670387640792 108.88471626410728
40.593051337917146 8.085052567667361 1421.7635428421677
753.6775904301571 2.3696334687238583 181.98941936866186
85.01823363967607 49.577392196992996 395.0640491919479
390.4870821436423 6.6680668883460195 504.0891342213341
127.95491359938222 126.75228799942202 796.1341903800364
121.07566861942836 89.41948098445586 166.7838541390434
61.32305857899575 1.25871084062922 668.1840521714657
201.6848343634811 47.321428860662074 190.42742533328106
52.020222827012 78.89141092997791 1005.0650429933538
277.6202396318305 335.3563948017167 519.9923759133923
418.5383904704625 147.56548473407176 205.8016979400507
6.296754612542145 220.49829894144617 783.1426604110636
65.77964144237 133.34773479253377 798.8288344607303
35.831560044017294 121.98996313761157 1496.11559126067
98.90077825528283 99.07163826967479 1105.5795006068154
365.5286320004463 344.6167629878525 1096.935698370799
453.940684510206 209.4302497112832 1398.5321784720902
261.5620596421765 25.063072455353698 1214.7878720512692
127.27804016059952 112.80316470368525 776.6694075868921
242.65759524990048 320.6035182955634 722.7730090445834
66.32460167596054 11.62578189431856 232.57307395620225
519.1010653337473 616.7475442202028 391.9316778234921
52.660758550868955 159.7712809301572 1090.4359719095744
99.13158971181029 159.05133470184373 1392.958407241998
892.5557737650214 787.8139578292296 375.261756657683
190.45691709983836 325.7688986854774 21.057798016410445
189.97425553912447 13.750653918482566 1101.9220200916131
30.60539661884703 552.4071945389642 1269.7614295653823
323.203764725482 4.182963429801809 1212.7799220475313
335.6956603188779 696.0684696193541 370.4120758979256
651.5356485890389 109.61803666504295 923.9958283311577
24.17282310454077 15.45451023250993 141.1142232431522
6.816368607608621 62.40696742843919 896.4725051742143
116.17042145456399 229.31152279806537 371.1548410097255
26.590433471013064 49.02259299631235 780.1595459904514
48.69641790465554 16.916833492203136 43.83860340901774
732.8266140241994 3.9897386673565767 272.99368802277354
836.5472848751197 21.431905949525667 1096.739485685329
153.78060806255814 20.909607091819264 1007.6411467180607
25.59491546734664 63.60372391965187 1116.6029992730366
33.72066140161375 126.76034247370632 943.7569667676323
62.26903217010378 42.64160620695323 737.0898367417099
37.43510951771962 249.23667069976787 1290.8170336432268
156.61320561460707 647.4214225538648 1196.2648459499424
454.06368527052666 93.61744521800588 370.12237924350006
397.00393936522744 25.093783140200937 203.48963485888981
156.21164499541416 454.13163927350996 1167.3444684654971
123.44114768912115 444.52067234352455 1395.3215956079814
115.92968342350022 379.9310712745642 1157.2150502498378
326.0199272052852 14.838040717719448 552.2241456059801
354.83939324918873 58.83054846499639 706.9725804795669
291.89859587609635 55.2444120922209 513.536913050677
187.08280195110004 32.775612450843674 179.01884623355969
59.73891880092464 170.57075858431696 2.9538225641090876
125.69652767203141 39.67432695200915 583.5848152576203
47.37706037840493 447.9643755675789 152.08371658978155
82.32663656760224 380.47659809353905 302.5358531782431
608.3729080546266 105.2840973554495 1380.5287777608444
120.03020052287616 36.06337041457658 201.84693501834226
41.21603095394381 41.14707054258823 813.8682676056895
259.48181086203164 87.88380741985121 1159.608707324294
21.322938873237966 70.76618134349727 699.39746973775
1.397335236837621 407.5498058743874 567.3281934987492
94.22795692550797 167.97045738593928 1059.6253168009523
98.45075816399246 90.24220685737782 207.27220863592945
415.98128515717957 207.1540132045445 1341.4869710540556
109.37051211830907 29.693507435472878 843.7094640659095
116.51256546941909 104.91682952392436 581.1907535301317
337.2620912248797 248.81676577346582 1275.9507966125975
71.5498493676041 113.96319493538023 1129.5648502880133
347.53876596821544 135.28757904763395 30.674786333160064
20.407971775790163 180.37428845301963 738.0740125778142
160.9651726205209 36.961526776849375 464.30684033286195
257.03571140753957 235.62438981083744 1483.4907868964615
887.5386669206289 150.8855727705045 493.753599658942
102.62334287604969 294.6407798453137 1077.078059181385
120.51190317962607 121.97097545509921 663.3237842717806
296.0596051378325 726.8532805737893 1474.1895837241177
22.15681133156588 10.355388662996683 1402.1832745255033
444.28729148124893 94.63877712519381 1380.2784153815069
86.96384916407119 209.75968796953066 904.5630410694073
24.13171884522003 165.68681896874523 20.72399170718714
765.9048002120632 227.96278381227197 160.01010664072
83.64110627532438 83.78204215122497 330.7143927402801
25.456643139562807 84.40434552147316 953.0215745657861
487.75929871244585 607.8197562107036 272.55280508722745
42.301303172636146 519.0344525290946 1079.2827167145601
222.89156511192036 201.7754689911166 220.91681464724488
251.870293805652 241.30885835106116 1024.6425737104114
406.9280327360433 9.693624450110045 863.8360805861446
181.71990832673123 101.84245778573163 1219.975430909126
87.40550759417002 396.8818706812857 26.94450764884232
155.8580743115738 114.38509225126606 19.247411398171486
80.99821661868108 483.9459640553658 1126.5754026025982
205.09058087988566 200.48698955685947 7.09442759737422
3.625162477240154 168.2055890674656 1312.312301535957
126.16935154093667 97.88620867776976 1137.8581033104017
58.90109855337009 240.97137773768455 714.1026068740606
356.5292939572664 244.46381005209042 847.7597460113969
109.29208689258047 33.629510601903284 1269.1336195995598
515.6193128506422 156.2700470126938 1195.7095481161164
98.10065227449762 103.99323300896735 833.4536475104263
198.13526222989464 52.69335981317307 1386.7257776088272
207.36485210731166 174.9686558972675 1093.6835140929516
8.42248618383395 255.7994658386453 1465.1185610480256
24.90883612823247 136.59299187753064 129.34216732482128
50.69918228279412 76.0748884122815 1327.2028656718144
429.17795319555745 232.20606738635544 88.01416101545672
151.45849551135944 427.5838432815985 728.2526692625399
0.9166255617388538 64.36307727816248 84.03875364458096
76.11926859364969 47.12273077955624 1351.525445167382
79.69235961210393 137.241711559992 163.68783238561656
49.626610110550004 165.35672823097732 1021.1101074114306
439.37785793530884 17.862074674666566 1385.1292365680438
40.62711623122791 354.0168316459035 380.9392414187266
213.56960757685792 157.04609989493017 619.2904974996292
526.2032736266165 190.96115002703417 374.74883826713545
951.8855574441769 561.6468836385899 1086.556319919846
101.30964347932205 78.81680880319132 16.618215362581125
240.94937136266012 774.1957579476829 1463.8959760549342
121.04311216479793 280.08547454609044 1104.1800258776339
97.77766627521393 293.8026766503786 1065.4749721684966
132.67484526516134 265.55883191649536 358.0012533300518
82.92483580129922 15.991408277142686 412.6679060560411
142.46606520963238 4.072324824195488 242.54692074069888
3.2754388679516544 136.32152708755527 431.0028622084742
96.90233079493822 137.07504688720996 415.0451281745062
165.89727696151334 271.07978458182254 999.8209846714967
81.81583677374884 186.76354336837875 1001.071723638535
5.634091419271383 180.02599292005618 1308.919631430601
728.2318702147261 77.52054289597723 1423.6781855664815
172.33122625180053 208.9887552702208 987.4566798616453
430.3273568166892 127.61349506401436 289.1943110252858
217.33391850248753 229.4003970684886 859.870402351491
30.178768579355026 8.432688102616286 657.8568488004348
111.82937194318335 324.0634863907629 1164.8695092867845
19.97460486889132 55.380239845559174 108.25751313422049
116.6515187504904 70.11990824708663 281.48812799032015
35.800236535518806 15.656884853106803 658.6753022665362
71.61031724154267 63.21069483501515 1005.1229303582156
91.75729553317676 117.59095324043143 953.0657318605897
58.071431237797924 33.671366034896295 92.94016078843026
355.4443148158197 143.12087602545878 798.1799060850022
211.6985434060437 307.073526595504 1079.722046093838
751.2438603465621 158.9638439405928 1290.2782449133736
239.37018829579208 42.69282001821828 74.66637586106279
42.23484771073156 81.2451086016961 627.6658960228077
547.761515688039 33.505676626124156 806.1869927119798
386.57554709006905 9.105995253705249 47.47932895171536
315.59253992532416 185.57139610784103 377.30972886156997
336.5403760532369 275.77983321962677 186.40170659532802
56.18295149914098 441.3047703882925 313.1555166183548
159.08970140814944 119.63650492945432 644.2202283014985
78.88308364070208 48.98036030727857 303.2060474747201
484.2727368435508 73.57095102662836 1278.1979431258533
39.09495237356476 377.3173465778142 1341.978055113586
434.9994053967879 120.3523331413721 778.929845494413
62.43574357523289 61.00518944570174 729.3717607516526
22.86381536698798 215.2120785491542 140.51390600273018
317.6184810335569 17.034250948299594 1353.4805095367017
45.69935805894876 208.56227377130998 159.15002169990333
78.92437091609781 537.061241428005 232.00870462638812
393.97647049560044 22.491150109737664 1450.6781539598983
164.30493724061753 96.13072554996252 1497.3850810429328
138.45921653908806 111.97785245583931 827.8782421585887
156.7544666343738 32.8108460803916 307.2968526296964
40.61586831739299 327.5782143656165 380.8379688464098
141.48765282329916 146.55561986262126 57.47705626858091
64.2835768430433 4.8035058076544646 1254.0117232765392
169.04205059629734 10.502849886099362 115.9316281970153
57.908430840107336 28.066981326697526 1095.7057383638426
223.43356444969388 170.26310675394564 1242.5265584272572
271.8580862354995 3.6455191744851354 925.6671984039494
387.24649586775706 134.88239320138388 249.92155915063103
313.5296316175064 52.939706246374044 669.7873496424878
48.31598381249531 186.0701883700394 1323.8071586262959
413.77151094735314 26.28933283879398 711.7099145341964
181.8673000452707 117.14395528825574 1072.6652528244745
21.859215705972503 14.99629674983694 697.9106507010257
140.81458340062161 129.164526725806 1268.3486132367511
75.1930314265734 30.428140696921314 1141.0884812104791
296.8810527948267 226.78753802856818 504.07507370436457
21.574939645932 169.86395641260503 586.1747116969792
501.63591143490703 532.7120390564484 1365.1645530271276
103.95431364934025 15.038619950342532 166.8396023331997
123.53689899757524 725.3995991729265 137.09050681174406
108.5057232561734 93.22001214070087 868.8894035444547
368.705121850801 98.53189574809485 950.8528613145406
325.0952340419427 558.8286412818645 498.6026453807182
437.5193233723673 158.8887063658392 868.0157115620334
191.02041343222606 13.325082830583678 284.5430705863797
14.367213932554677 162.6556233595261 1220.4953435387613
4.3147342967776545 733.0548081218135 1224.0143129255023
2.9132115916672747 367.49001875197257 432.4553195939736
194.78785819760057 49.63570316953737 175.79286348482947
430.80471988604125 65.01612482073749 1193.1546603709749
45.99437771872005 94.4273696858729 323.00028924128264
100.08103111248859 142.78115690223456 1350.2423265012467
64.4354893783501 165.78812948520655 341.7364383907824
452.466824375951 62.12936502561932 658.6091265159515
14.9189833838868 225.2876910634041 737.3996944250263
2.833317558424919 151.6647940656331 182.83735569308652
294.1346752973653 16.647177156964695 810.7678527231883
808.3830607254188 462.899358213414 899.2918075583859
112.14787683588345 371.1875870720121 258.63897326818955
42.66539471919372 5.4717686868313224 448.40673451121245
160.60467168373967 333.10457107152774 247.78713469341628
229.50980872666182 95.25380669843862 977.2891071816143
162.97214541882772 140.0019941858272 1124.0622924447323
216.7017496762691 23.47061092677031 286.8818918831196
184.80147421381815 86.32885748805843 142.38053228012532
119.85312342472571 24.564722784702607 7.020049955141716
126.2028256580565 62.8958369628711 1084.2277356604343
149.0953533815254 781.9773980807156 1214.2200462889502
226.6926302447596 28.160675568059908 950.103026216285
43.82518149090104 74.92168721107161 1117.7127322116883
48.05219847876493 52.29103699628508 216.29789994425818
59.919290728041915 27.988431396002376 763.2145729334422
30.850373289753875 331.81351602008664 777.1564611104156
5.8987445255766024 32.66217569687402 613.0613849091424
155.54196132234586 28.40499533816369 867.1762670050766
5.872554465658379 20.987772186176816 1131.7660663288668
389.4711230415579 205.16364632335447 959.5298876276971
167.31151633367458 84.90433721448014 1196.3753055084514
60.0338203816601 110.6677528811356 760.4939526372774
1002.4178624141314 157.22924489370612 644.5863973524018
41.78853835308143 1356.5466559005795 232.72555761243075
565.2115936798582 98.44122606055501 1169.7611771296392
121.03114416225691 83.18260749714463 799.9675054699145
78.38913349838941 261.1757016253777 1379.0479499319617
124.58952364589169 47.92146787987856 142.21263434086669
78.11139766045565 266.3049773385127 826.1846077890444
243.15977252991803 7.033960145645522 1274.2824707587693
282.558897918789 161.49831707029935 1112.904019821524
415.74138850762716 18.125102110416496 1063.1294609991314
380.2560623252917 97.73761969598704 337.5763493692573
91.03695135099844 240.81483168661612 204.0154424751643
183.94915839394025 16.815230916887867 1460.3784834363348
756.9330394772081 20.68477482582419 1280.3283733006988
134.07016106986197 379.01128357048293 779.0805488302744
118.04419984470435 94.07998552258492 854.443939767326
3.3801655659377414 58.35031133659321 907.1044201705473
113.37284664134708 170.73965418646907 367.4685026786472
79.9185085855035 88.18623493001493 872.5335768913213
103.42980858324577 59.071096296349445 1058.0444946516723
266.2006392214658 290.93735834686976 909.7434689073009
83.36455397118156 2.7775249996046445 1478.5080947784077
8.3976181124974 93.9115686967156 1461.4286907468888
322.92166726905816 55.85353984433317 408.17789216371955
31.44228369513468 78.56390722827082 147.47044857165352
164.4111670497191 19.265090020756183 228.25518137620327
321.1819046330627 17.145869968463476 1181.2490416621508
0.5439729023481925 78.63696940166044 198.14239300146775
60.28643766168271 96.07932190090672 1340.29416845538
30.347001924002086 46.86511871168933 1085.5404478352768
135.07850215418364 306.3440426405412 790.6457725805302
204.151908696452 128.3952532117726 30.44332576278824
8.703486304369596 126.15833260451524 692.7344044955894
107.69482401697354 69.91985476064268 165.11361928265245
215.73926854718718 17.462370474095962 226.39543251092942
52.440881268187 533.5809970680656 1316.589860060703
379.44128854049677 88.43725216659351 1266.415164979314
345.4539070538653 633.5369447478939 1341.8744898933862
3.9595996320693794 106.85212746569148 398.44524494180223
134.25197311612737 244.5905284935004 1205.1584546881872
127.09963673086213 23.39367291351816 370.84830530479394
97.56260461085645 345.22157879153997 889.9091596700104
158.35533478540725 181.3423969163506 53.871041428316616
1024.237548929748 17.806822180936884 542.206326867475
81.80510756845497 19.957759445674274 901.2974433807707
267.7561945566919 310.63310813223285 730.3606952727201
210.77930595264704 41.039882021972254 1283.002932336606
650.7970520579443 674.5397641259527 1089.8785042225436
18.372964938867643 225.52627290372286 1303.0377763872002
207.08774857654447 104.70167065756904 822.5075058530427
89.20060369345528 198.97097781622858 65.59052557494893
17.915548755396664 82.79688613816504 1050.0828613020408
177.22989633178085 184.77672090323642 1458.7048312900897
437.7174729696149 185.67624562773466 795.2940696416041
176.98051587495317 49.500896498672184 1072.9050011105094
837.623479236706 230.24497400974587 1257.4919103907048
65.34885111126523 112.43511953284937 1347.4655357176773
307.43836576134277 228.0445178606828 1303.7996679162638
466.0680835342853 111.544291800232 1412.3781038543375
409.90378429432906 160.53599973768894 1495.5200466609128
76.57918250774975 145.6479853786456 326.6546827329156
454.985762242372 34.8968039137445 241.27371762249737
143.74980048464266 526.3296366512238 1161.6785394128535
15.120654630730765 236.0132031027596 749.9944489622359
60.99467552361726 41.555598426582094 957.1956327908217
49.96844880120993 32.16048312861884 606.8053183335711
84.50806043194221 50.47515226431734 725.6631309384711
487.72872522816596 490.2330947889466 88.15481337917785
463.031274184941 29.27572578510423 1027.3352275744007
614.3363893248222 117.2943343273645 1214.7452459820108
382.5724722178426 114.47468761251005 135.747340204111
14.879808503740636 13.366203818977137 993.0978277770239
337.3294902005614 290.18180190465847 165.3574382100127
286.1490841817078 139.29975785225412 868.634687033144
103.53013779096132 95.49983122810647 798.7604181731954
47.81121557318789 90.2694759670788 914.3442798106681
1013.5567156694827 81.6841776029173 544.9501421713117
43.329868657061425 348.67284729457106 786.3129461199419
143.0029001220987 81.16676623644996 448.6482501749069
46.070190955406545 67.8851154361588 278.8570697757239
8.32610158421483 290.3813101190859 526.0508365838772
775.0043606043838 82.71869930488965 300.0111170827268
18.951329171824913 128.96051531144843 856.3128831394589
152.08096376069932 311.6307958164722 872.7888968516729
213.2033247141932 108.10679178658842 231.2499057970386
299.4200829434912 338.1295740235671 1329.4824071195108
2.946458669618208 234.5054568052259 975.213886401388
214.05001160919466 47.40354334677007 1140.6744255974772
0.6421537361511712 131.4378172196641 720.6820033835797
197.64177841968532 72.49608461801627 831.8644176740876
124.20717680192912 90.30207031655269 611.7057725622188
136.99509590175109 209.64745337585703 59.18696846796334
218.12220717132195 401.651096320189 817.6610263484838
58.99376271351138 571.8813079531523 827.731334203162
116.83214065216076 90.12189032249876 220.7530923625282
17.85356598002414 17.69179078132756 1408.3196952858866
101.301469140291 33.55872534284914 681.7272086095138
162.8785484396407 91.36167907143896 323.77291630691224
424.3450072676197 297.5316529052065 707.5676552825457
371.2225294734221 95.1883986314413 1489.7311842717036
587.9724832831595 220.1624196234512 382.1924729598314
171.03814308804056 109.77423206242491 893.8669133783181
51.67350267608437 215.11352448052347 62.102574487481185
93.14217211598638 64.88054760122736 992.8398790144488
131.47208661804805 22.13896332631515 854.539304676483
243.28440189717267 294.8356925481758 144.0399084752924
222.3177687480165 160.4139803172864 1232.0665289696146
12.828469429094715 44.57782231368099 1250.2050154377034
142.28323098931688 568.2888879283755 1179.266904541401
125.63767486296851 619.7958301127247 1030.9109471257843
78.76746124988661 130.6274753599616 409.35219363076425
598.096564290153 194.27396419147996 656.181987666644
146.02167983752187 167.47935087999446 571.6524374675689
102.57185122610193 30.169844094655616 14.907415048378503
90.64748305235703 75.45601174572573 566.5134665634245
297.74265995025877 10.709030745618412 1156.8386156893346
252.76338279908796 367.51347286469894 33.19012496795876
50.536212173491215 465.9323010674822 1090.988516853345
152.36182389502883 3.7865805931772205 916.9090771744534
268.57635201489376 19.039657691829248 876.059528962046
152.29301929746825 58.67486051076391 164.64993544216478
6.8356410392348925 247.63446135881625 560.6744923545322
113.30272003617358 115.88912965777223 183.25656861494295
283.6790151777305 39.2208656919225 727.4596876589252
23.660302659649183 340.4740339496203 315.4562213784751
25.68898287153145 268.76534443727695 989.6883288518461
116.26006602412306 622.2694153945549 222.4233379819746
136.44424484756695 11.455318920365636 70.22478881836908
57.664731539980906 66.6911991241299 1473.192174604928
74.33586263584414 66.68422288581583 1205.3945809813058
174.79100062275305 138.26801126002545 165.35747308068022
86.84566170081605 90.02019137199272 495.5197396940874
61.11578228538153 164.278317519108 3.9425474756963896
143.8266832661756 32.921133843553854 307.18229333533463
315.84140924379176 380.49837612136696 1260.3893112591243
85.55956908325051 99.31585129050589 189.58179278153688
254.85072854974868 93.17737701575979 1185.3460192182304
7.009570925278348 326.83521665298184 1400.3461009552686
46.43208273968614 3.9278849217811955 244.88631857735805
559.6141686631618 42.738868175754796 236.29904145144576
214.98312807825445 86.18433541329597 1324.354982374556
27.60012419930293 563.1007276502454 32.31294915563837
85.37277428421609 113.20288365175848 692.1785082772348
18.199695681128468 343.8453786408514 864.8832857717646
394.8992377448738 110.63288094784048 317.45864799649394
1.4242271790840229 442.26915672349054 61.47139888221326
85.36071880639466 284.78688789809365 231.65373912685712
492.29917149931765 177.3925866791098 1064.7622144117606
235.7679788819237 198.78028340043224 1149.8680056324267
675.2468048485414 249.82746871852558 280.07555700941737
439.8782053354163 175.51391979237573 1342.118660738761
42.90054042982168 104.19947175698357 1127.8742436685732
258.4011546221588 201.3147028185099 909.9627910921025
16.50495426748902 36.86501272649523 410.8697442984852
588.8439517223126 24.34610577830237 475.22435514864696
94.45012074329698 440.96417179714285 236.30224493101954
442.05583231466204 26.466183178752555 1073.5158001859306
245.61799976863105 132.60797067439404 588.7804715141932
292.25934722686384 320.835576246399 971.4507371306696
62.735434381521735 44.568342708149885 627.0642246790975
245.02539397501764 110.56891076974324 154.77139623458086
276.3056012533322 275.76868576905224 768.8718473047337
529.5595567029607 26.961824992924317 699.070087974331
66.10818697514343 245.63139963720585 1070.7365493241907
264.8385779097883 522.7236935283422 800.6769250808373
6.092795767234879 544.1426451554971 696.9809389242092
132.42610286980755 49.278894086616766 653.3436123683317
57.34997576552834 61.40216933356455 829.4405779130935
124.14877873061381 26.15300450493917 1157.9525675386328
21.55336230143409 293.8185825087498 1460.2472169939363
434.37690044159217 89.42605595610182 1213.0741374118475
96.18377435231434 78.31653008928953 327.6640788843081
98.60539960704439 230.78074917937315 12.07004084257962
357.41983071917673 63.4619842142869 870.8172445148867
179.002178422629 157.77386377161528 1092.280722860214
84.61636143584336 83.20556508379681 1066.3449514379472
323.93751776636134 64.12125004341019 1456.6660937219904
70.69514780710993 14.453205232979654 308.64105207849457
851.9269780115861 24.248443478752627 1004.0671154132207
142.55259387793998 66.19664004283882 723.0698733202854
108.56974744439152 84.34115062921042 450.2033508775273
112.96622840148683 114.59508607817281 1090.5674315730835
32.03227088451055 127.47595164201124 1050.9940676329154
272.684234065404 378.63100142031357 675.0405856579698
33.859650245651956 57.27841098657424 1198.8628582974272
35.394891084949 672.7231858448735 946.5924483607718
667.4976062756659 167.0543470657844 558.1389060318721
41.66255229680687 344.24732953840123 444.86706779843223
76.17630895610557 48.30645916111021 819.9305858718618
258.326878638904 283.95940994147014 670.9905057805263
402.2842317086452 156.17474773769672 1015.9484151212331
81.63049455460464 73.9598649242177 1386.6177279354074
108.10417466279185 73.85113143597594 1081.387596517046
115.51025655839744 11.614010061863084 1117.8420874223227
439.4347523444528 34.558602729859814 631.9128045865692
21.230492944006922 605.2843414635441 1107.9961003526234
237.7349707096171 146.68926230662714 677.9528766706227
671.0218688630687 166.45233314416217 100.74906327530175
175.63795460511398 359.7260645222174 391.59805096614986
94.4116732057049 72.06815723315873 1370.614842946786
195.05932625906527 156.27215888289103 1316.0258431622274
247.566122012714 341.5473704265735 593.1662863995841
39.80331417003201 15.130317086641185 400.1945847730182
81.49258253857506 68.18510777030271 368.4371672522243
295.713721962966 109.31428254052386 1012.024694864196
109.14380178871022 407.81069648445526 859.2920242599329
227.16627058218646 40.766151035584215 28.430588690746884
68.4708850407537 93.12034697108403 1462.9464445492238
211.52909307637066 121.16702143466576 493.4172451627221
117.57861316248324 525.5337615360099 453.4263516333579
566.1169822733233 221.5037877670226 842.4671454525126
1545.1214225211681 65.6293706266886 848.0913099020075
28.34622824600277 705.297903961747 1328.9880795451022
294.9905645401952 572.9762623991763 1177.7157637690939
74.20265728247993 40.12168994072162 589.9917930980193
86.75694889924864 629.7565387746431 292.25323781338653
339.6099961578426 297.77732660804384 266.77958505186575
437.4783135917508 0.1884139607004049 125.52453245663531
379.40252808159715 64.92013582425321 1340.5388611201333
262.11752220121303 60.435487036782746 374.0824445180929
27.10171135514885 118.84832736385937 1306.28327378143
479.8251874075351 58.86317421923493 477.6403355994507
41.86528147255239 458.46457524999107 448.0264671193368
136.57457432305353 343.7997079641498 638.8071284442494
129.8594577346373 153.67945590594252 534.0572447902439
145.13288150966832 20.3004494469229 1090.058730775034
389.35105222661497 243.55486583643858 681.1043963030183
487.86704719855874 42.40873079606609 240.8312386076088
633.6258053494479 288.3095976218833 1297.6157317867508
365.97739315816494 178.79145832063472 1029.448548249414
35.83837396419752 5.394121465824716 1410.6164240231467
17.918243059043302 38.133481363001906 756.445093395393
173.78553504403115 27.594084235897338 726.449286863633
2.896241352286074 82.18864726462844 1329.9801342765752
64.65852575827333 19.89456225839687 459.651665031281
18.00251430618959 912.1180672405105 590.5915019957648
49.516596460572934 43.59429365779121 1226.644733794546
587.558963207468 336.40888747836004 381.33345738766934
151.8576978390413 592.5629115771231 212.4302719946201
192.04427075061378 154.15829616250292 317.0094806619929
545.7230305006561 280.55132971223793 155.48630224717203
40.24673841179204 433.79348197218866 83.65006614692572
170.42104344647785 327.59372569469326 490.42061151088416
628.6586622105166 48.01531836397401 1080.2151561566673
118.36877551446538 132.17428604132363 1441.3512617638344
81.75749807975629 109.30591893412046 271.1062828627475
394.97463368996506 200.79506434796488 900.8330648590987
4.581442357933565 245.91979830829388 1064.6714660869247
284.3740064269674 152.61827537549365 601.8560846356578
305.961039218603 545.5020929310502 264.9781824465306
649.7881290100515 63.2032621699845 1480.3975418292423
77.2818920051892 223.27312754229814 671.8248414977248
201.31203122251108 12.898345659165086 553.886232006774
20.447915058299085 137.50391752245355 80.3577159469625
416.43756603724313 49.74325071957148 563.5804948084168
98.15978686209301 276.7061474125024 763.4757906585911
123.18155633807835 10.168572795090135 682.2847609041353
1.8654342674719968 410.1774446466037 693.6819170400536
32.75164476942147 67.8492337367411 763.7718827276487
4.692603982479971 719.7416299513587 1368.192593995924
350.25873646682595 480.17641816336203 1224.189913099542
49.8640077049875 126.65557637197541 795.4663238171313
482.69913996562684 160.4312129921217 1155.711198254099
117.25380536622427 83.59502612025021 1498.715687094719
116.25146073031158 87.83835705441372 45.223126866137
993.576487141575 943.859237315299 47.725351908440295
151.69383262542394 54.40630781775562 1211.8649086239836
616.092732377419 1230.588344471082 1470.2863749767769
385.68545998323214 212.21439184295346 669.7525359860565
445.2842569340659 23.447280388326174 437.7134815161447
6.867205553724761 111.57862401810208 739.3570683337208
602.4890880541731 242.53661203470554 777.2652013998944
235.00536529207227 40.303493933672115 1183.2375651003067
182.0161666507327 1.9710475488279315 859.7512887353475
18.05166885058082 223.3625874228255 1335.3648061203432
43.414709857349095 114.23270014520364 395.9334793273568
377.95135596982135 321.01785762769856 397.55422953570917
149.74628023098003 23.955567530406906 454.79575481039285
163.65897454336294 522.446732486238 151.26514522184996
52.124954284570805 156.9825597021025 1264.4703530975446
101.14025637463978 42.50426499941921 1249.2877345670279
33.48349478695385 105.69425424913659 1212.6418593810104
409.84850930066443 362.4955882678453 994.1430615067325
92.6199085993612 34.33505853843259 939.2565074752123
562.2818412890161 321.86155745615 654.3701711285698
180.42290719933297 15.205220064101471 1338.1798065841394
166.4304749508023 216.82037907015115 588.3078477263674
552.186888003443 67.0807590899591 273.51512944206786
267.6364119900958 510.04994495219825 1225.0704292703924
21.722945523160785 142.52195841075584 494.516939697566
137.9968804847078 77.46064072236474 33.22458889131041
163.68228690289547 284.84608299779524 369.1990723244443
328.4964625987714 14.948708085893331 271.58408706179046
50.15279830515734 51.049481727953705 113.82248374398773
101.18433941994816 273.1892985678285 935.4852756848919
10.141139435477239 48.39132518661185 855.3080360060073
1.8921306038506964 112.48994230289695 181.31449732070058
225.50101402875177 477.4774811072561 112.07655513212656
49.859804026362326 137.7444353013221 347.04837998589124
258.1920111483613 3.3290089768743725 1167.6525427258382
340.8998377744673 84.70512636928366 420.3005865860842
234.770501086959 63.705687510865786 670.8360703021056
300.0327631162073 236.24397509445467 1198.572423957717
10.413097558774746 570.5035985305566 1310.1791682159076
42.98033994756244 33.05090364936385 1492.3345345800105
567.8539985366901 335.20543820818 905.5269551264671
35.36684971915546 477.6289424497146 575.4100011046992
732.2063525828105 36.986969110939384 177.33020761122435
267.2182943142493 118.96404057100611 76.05268574148766
30.526160834403704 58.79151098725448 528.6579916027368
490.20424112728307 219.02489016242416 1302.8077351000288
476.3690192244353 69.5345538721776 80.97627837442955
23.88479211371097 357.76883131878657 298.664530318529
118.75415363010038 205.21988160262143 1021.0299412692552
136.81297681830108 484.96332933194924 794.6650553851784
131.43703185972905 180.2095646748895 621.8882844095424
128.57922465657302 130.42271544672857 326.2303512735087
226.0824394513251 271.8107352656203 1294.081809783043
125.89434288209411 8.417146817519978 1033.75093417705
313.39781413814757 352.6606503149577 223.76089322492194
80.93738586688269 217.86789333905875 95.80916499359398
271.7930756480181 206.55645534143008 17.597067506494867
150.47927725616316 603.6226520420267 1482.981891583608
19.178213268908276 9.521041975255615 1410.9907765806333
190.82010812901723 158.56880754909494 111.37158865086339
338.6736775087839 39.257511031959794 128.609982395132
127.46585617394935 443.4497376835226 131.63805460165068
138.95487729222538 52.11645322129965 33.53373954197292
2.4778054719716085 1.2428716497532406 971.1181802416256
37.79135740647232 329.5078138627743 1095.4315996488824
102.05590727423252 189.390137950868 687.0198006621573
107.91634445565452 92.46941730440324 1043.3724852499902
114.37926440552582 253.41581040548945 657.8488901009152
223.90231333316603 15.841636697232586 696.2907723885044
240.38038301100707 132.6520322837149 1384.4371460116013
174.7538936058359 167.94168782236227 1064.057698679393
244.8454943496952 377.7423352915826 1171.4575071620245
94.06502338325701 224.55211353730698 96.0886542510016
158.99606461056337 55.4931291926573 1076.757066071533
45.88413527742951 392.6428636765712 1159.241161315097
824.0130749082548 136.74681536384742 682.9210196311542
279.87813428633166 116.88691416357197 578.7181627705859
224.24743064358114 23.69822800300276 188.2281588008485
27.258793078401606 35.798356643737726 862.334175304199
418.50921311609784 440.3105437113177 1244.2656037455026
18.866039760709945 521.5633503403395 834.934228455516
152.96551121703683 89.75301879238796 579.8421494914865
781.3552153225746 809.2499794892171 1217.1912977578477
487.040980866057 232.83318676495824 385.862616245397
214.75242249014408 180.65934445831198 714.3652317469137
55.7358380641756 39.982511596820174 248.57056739304178
359.6731850059548 56.26010876824845 340.22585365999834
198.21801896140252 333.75510634151277 917.6027515075345
43.09782121656712 1100.6940669112907 320.64769611716713
188.99311777745174 238.27816487494223 841.1481342865945
21.696837962736307 1013.2978646940508 1344.1992873617137
24.629118762008808 43.0797523119269 1314.2314577555546
19.697832066659718 341.4487441815452 44.302698840671226
377.90443810638925 318.77211451771666 1056.2692237452775
190.74907281266894 522.6213777542141 714.7358915825776
163.53126705937558 421.3719816035373 1117.7988051006582
275.68539038379697 122.17759869650608 665.7842356481495
76.8664297596165 402.75183800538326 382.66636548131225
285.0876913426596 44.115030750664594 964.2405014379099
100.62778052593578 31.59565091558923 342.213930633975
25.455326816873626 179.13747569706743 831.2466775183302
303.7924703647384 176.8193925844608 705.7228758470468
104.64439404599368 73.51413550243836 307.365619847913
262.7059621848372 25.551537907280085 782.5055078468448
63.93424397227092 325.97942975631355 553.7662779029828
543.4162446397903 175.674636087069 917.8129800913414
62.233614294102736 168.08861788961244 159.13843248634268
125.66513235953252 317.14024868658413 1283.8179750355484
325.6381931825265 3.2412775468529422 936.0744154562426
234.21213314572717 449.5121303926649 525.3411647438797
17.641575561055806 7.013423269048066 484.94420756375723
197.92692415296085 1.0342435835373536 40.68112595029455
166.57830687013762 732.8130931318262 1373.5781152603847
155.88903483450557 168.38007345081294 617.7206374831719
22.344492653691464 76.62522581712481 804.5015084677799
492.8991970153608 132.6626552038513 994.4152650251117
597.1666732994328 308.6786976119383 778.7641545806619
12.28021542866184 102.32996020584785 465.1766847269523
280.5866645920659 143.0408573150085 560.9042213054144
119.33562988095514 12.221711963867111 531.1075542156105
20.595963340141058 25.857396125914466 358.79685523143326
130.14949271386973 3.6314419782119245 1462.4328747369873
169.09712657109927 500.34731215239276 809.5053957426476
159.0035640374423 40.00756785927482 150.506139130536
86.44552071895976 31.61978768925444 1000.757822589369
292.50236175947396 25.132997457606336 734.6267148436508
118.17679926809765 438.18314414895826 104.26518702529403
14.100459181447958 210.75457586813738 849.291681901216
631.5041386007869 167.98129966459038 1401.7092796694542
369.1854681604529 157.8804717603777 507.43425856196166
814.9946485113074 125.34263614978283 357.74771496897137
112.84230443497991 150.2252535338974 429.4832537407707
143.3415453841201 815.4131555216367 1145.291372193662
1336.0255364120276 269.6938616951985 1077.5214362245547
415.24466668763387 1.8395121431688337 562.6215928238094
428.42724239179273 88.81241365400675 810.1684722140429
94.25113444167201 384.0266159393892 448.00817906470263
192.01385776928112 22.039473839722497 864.8430762833539
2.439814562766023 165.00813655832295 1142.2424709850004
132.66772140484895 70.42630195719659 1205.685040959769
114.14623457488126 257.3877320177172 707.8254659656949
314.4276077778771 6.529433228833298 1444.4990343455706
91.8275655311176 160.88396482179695 33.010993271814726
215.77898541461244 143.12860866675362 1065.0237954453828
93.09854798199399 101.20928163841856 669.8381240160226
28.88004191938195 143.2978241277832 646.6012239570957
1.2649180825688566 870.3647494566409 1364.0299660099308
521.263048835854 288.3846086074337 952.604770236068
218.15405289026884 260.27337815736286 327.7359056723567
134.30138370799943 554.8053880492098 1379.2625127989195
156.69776415295593 64.0383369965704 116.3941647555835
35.00553711813836 29.551925917445892 1440.939605739587
169.79698298218233 156.97814238301447 162.92623146673296
697.112092122677 339.30210865836756 644.2794453265745
88.5951335560518 91.44097585677632 1122.8252555523277
150.40944430582599 3.2643677736368804 1452.6689451565874
86.2979565148297 21.954347655113004 1340.5409540889766
784.2241332263707 220.43185732516383 361.5949730351081
25.448706566868566 56.009982686868064 1005.984027757193
81.66350298508868 219.03377611143898 1432.6293786603042
123.76124594701814 418.9318287861508 195.2420141282048
30.76423813403708 80.86933879432267 1187.9145394146237
101.31226442846655 305.9262545660367 44.29661843352994
201.44035966950128 90.58538870246103 895.9131329967892
326.49381482925503 87.72841359351042 301.0165514647759
156.56510996065242 298.4709813683249 255.13295420265692
231.13552768273834 37.75309616877311 976.5569831018291
459.3000035339787 115.43951472259211 551.0252666557589
22.34155102250508 79.33610248280115 1131.404141688345
200.0605375290995 82.16034496576053 582.0403059137744
237.58384944467213 35.77644041570759 317.8665461377644
298.62740623300914 24.31760230728721 57.80102920871871
339.2440598611713 273.0784772696514 1145.7679740193928
306.89855978400533 55.21142457585794 681.1410939630405
99.80676096407514 460.3050199620283 1498.7542767098819
45.502774983804265 109.17919177692656 1496.2239265787236
17.183415056018855 566.9611860839157 1203.686981176848
125.94531590586995 317.26967523253967 1421.5317325100461
14.450237175549372 91.66270851575007 922.6868142755228
106.58529107131297 409.427686525002 682.2749200607666
29.881324890689896 113.70002744529357 787.643393296934
34.38270186057454 66.41488294622067 286.1745345373662
341.94901855458767 32.162620128732 286.29064899462975
59.67232502483017 661.7006726478169 668.8290492409993
227.288066594094 371.9842284502556 503.9702538727341
468.95642462710896 274.19820016973375 1342.5744675242638
72.18192446735966 120.64345958496156 455.46284241347297
270.58967837250833 110.08890717125546 1193.292986628486
23.070175882665005 407.40152458694513 450.07822890044224
654.8460984514908 255.59620397338193 784.1060690685136
362.3694816866623 114.99993953052254 160.94990981454947
328.63201739347267 200.08503881647255 545.8126813693248
211.6216506524487 162.07123928154948 1348.345368477151
233.95693968377316 58.07857437946689 648.6240475888131
50.42254813782758 188.59711627204013 775.3279505180157
125.87442578442017 32.78100095107128 806.7567276793362
137.65228098273948 155.52074284983144 847.8574389632716
86.12730016282659 14.235698420952007 1235.9221427018738
11.020785879737012 93.6897477040313 671.027682555136
778.6857611083361 96.84403044127957 1272.6912024407943
97.01461629142827 542.2351753189505 1181.3565591451181
403.6255875074131 110.01566462760017 681.0274334320701
2.210026549456191 329.25934992169465 738.746759557742
198.72243057289228 119.06644870865483 355.0628962337842
316.3091642841253 45.552909130366196 297.7171025407941
44.685691511018874 111.16991687045157 544.161845153351
78.4956747863382 23.383419773599773 446.00783907716874
68.1307179000753 105.14284046596742 1143.3224257843212
74.6376230929485 76.30678307780607 829.3343839634864
13.25593878928553 781.8938906684986 965.3509741188287
42.17743678816597 124.25211097890671 430.20910149497496
230.71414361243546 248.35176082940387 9.583275140206183
28.055199894084893 331.0796464850874 1498.3265735494263
52.69807864843099 257.5046126970393 574.360567971877
38.109857759652996 289.7155730762302 1494.701865696529
252.2843178936621 187.3443146581123 70.8358082016377
446.3816314819538 7.284676967110371 1017.2244568450097
117.62614153024296 23.617119375564343 886.2936947617874
78.51105055685194 122.94303914005395 1374.4208745782687
305.8650004201102 22.36247933321035 1244.0953667272045
30.781787552084566 301.6669189079839 212.00378992821672
55.144144313531804 65.57059978493139 1235.8743786971265
250.98589306615668 3.0013212743010405 1489.1924180431508
74.59560534295888 242.1602669711822 719.3790788796174
45.39398689947636 408.0366524887048 19.3874759254401
131.8833611764757 5.751058261203659 651.2879631996642
469.28029649398854 144.06965606783112 1256.7222582445752
19.963131791096053 171.88692639005217 530.5336871848209
1082.1100995668871 78.38112963063686 912.9353029220642
913.3760812670024 405.2947133366062 458.1004052270992
30.12035541509762 39.692404036038624 1014.7935486651668
113.91360607988996 487.2821290163219 313.79471176354036
332.08297751553897 143.65578661387516 524.9070281923485
431.36427634628404 91.59445411146446 521.2780177816338
16.768064983886262 235.42924018066708 479.6845282060609
161.56048326719366 73.1259959914402 983.0259887155016
20.96068134649546 839.6084215741572 1004.6746845412431
260.16181916380907 152.96133718386469 663.4772439337787
186.70456710289872 171.5261691632006 1226.0054758675615
7.668407001048322 38.583533829082874 1391.1569230011087
1122.4709107953906 148.15307542956486 489.6565151246566
60.47078703155224 22.39799183095384 1043.795945574817
158.20258056708937 141.62176453028533 589.5890705342629
35.81129669246569 51.93806118901205 371.2868999469764
13.711264335410739 52.46114678486597 86.70166715736194
177.88507707863928 118.5727241467502 91.81174279819754
265.05753427161164 85.19440407943324 1328.1380436699803
181.50675341634383 77.92193908904268 821.2477977893342
94.41742915876696 185.6406920495865 1414.7299796331708
723.4367643281298 21.62191002813585 574.9791350769183
654.7045910793668 220.020705848937 1395.1750831116149
31.084931994748434 236.10667198224067 1143.3927389070984
166.62766198960983 47.481773445742164 1255.5583630275928
318.85359725517486 187.5887798920674 968.470199123988
49.25464049282516 56.35497383297301 384.43374797932756
753.5039024158385 57.50067536402085 1097.912260512189
48.04720118183068 507.8838466096828 940.4979927095858
172.5733945623827 25.180610839338463 559.8822440650353
469.47941341190625 138.8565434182033 600.5781792192379
418.7047132100844 32.13025316794226 470.0767274020942
811.3232334568822 538.8724871401515 1204.0444269522761
44.67565458567779 1318.4657459969915 21.816686006833674
279.8346327828306 343.05442889098646 366.0188155478025
65.59585296852102 52.810861486615416 5.154145829580903
11.876863131507594 34.65860418444831 612.9184684080016
150.54726835652585 46.20922203146688 1028.7104351073008
77.69925677079402 106.6564206116503 293.8070264309938
171.874205343468 62.095792111215296 1310.0647127388715
295.25543792537655 511.7571652962097 1475.3667854015432
248.14942478152292 220.1376933096736 258.17088016945235
111.42896983118852 166.21514556632593 744.8927698907146
40.487360272039595 52.111035364971144 761.5589388263055
399.33124231186446 133.76255922933765 1497.9475015332828
61.44851070982897 119.91412787466875 550.0629202167427
190.05096997851737 300.8435640055453 1032.0805722307646
514.1296879092995 10.749775941799092 529.565548981414
51.95550095358787 154.71397277370653 1359.5888875243927
101.52718029827173 253.12068912227082 1327.632164397899
544.4835816220051 18.371689438582514 1355.8899810217379
287.51841766707724 181.99092518346532 935.6412039169759
10.564100137527161 163.99275491476067 880.5530067210884
249.61764964310177 655.6698671577568 67.9022012152406
20.42126692670891 186.2482217908931 557.2411114629783
120.54122544681253 94.55308185906392 12.66903515892437
81.59708724790342 274.7666075205965 697.7902397737125
108.53121489282938 28.221574245300634 415.8813482140576
202.58186214421247 360.1359726809959 976.1041776762255
184.10631177145456 174.97344398818458 267.9504114751807
118.54909548080505 69.99610495915812 686.8085521695994
90.58184352993294 329.16238006866126 192.24920381859684
84.77635002579561 320.22199949235153 139.3013902646051
40.92402480172813 661.6140066418935 95.92511029275403
287.1080511723689 370.5275985678802 493.1024947665655
39.46561574785011 37.156803007370925 1417.140872546729
8.321708643387906 740.0198137433451 1201.09673250347
86.76539788314132 116.93715158668638 314.7217419516009
105.84042924854526 87.09662977548668 1400.129979920406
128.43725405548432 236.4773803271219 1127.5064459453104
59.297124806727474 265.7425304223369 1326.583245169027
559.2882734652113 186.14207918399745 185.57824430562735
203.05812241631452 337.9952579834682 270.07998176764846
175.98382524058528 340.0727015682808 181.25142718010946
131.04255595021897 107.18555374352887 279.66258742121886
158.28232887714842 307.9121642826361 667.6964879304373
42.31476900223371 360.5547195470412 708.8565121097831
538.0430504793806 550.1897504417769 558.5439461189095
56.78850151663695 44.643749540826796 1488.7597035027475
371.1993584573536 69.09133764295132 1471.9844564009359
111.22306410483414 510.9899009088101 397.21757133748577
38.735355854018714 37.52334585908095 88.32336425687498
190.31033333867748 725.8416173709564 7.149082758973746
100.9270963673485 1230.5987779467025 206.03891205784902
108.4310005567666 32.27451513120893 1155.218550358869
250.6072516955912 440.5891879112785 1195.8051653285909
108.35418250426152 277.5350024644841 705.8035573596605
396.8051977828758 6.4586747249543786 89.83732112345028
107.31788243909702 80.64950090160255 695.6958484545899
261.2943494100384 243.63135413296314 331.3421110646525
122.58918840145402 27.57832977618868 309.03777849531514
143.2732562549107 334.0387976581143 1059.0436762988227
78.90487960886026 121.32877104995698 1469.7602481829815
31.627053435450836 367.6693357596665 321.8791013669461
135.01240668764007 211.97338834804006 1325.6283841851364
156.56620120277245 391.303494152956 1294.579597952426
32.4853558134423 69.08864428076852 420.61698399296466
354.99277277668455 25.10862236816539 699.5316255411838
437.8605868066204 156.07175253398884 992.1614871392063
529.1389443858375 129.06492382826818 607.1658058794667
23.723424745335276 126.7506928809173 1215.7534055914473
176.31323634571476 247.77832358872033 898.4190117369757
444.1026082647908 78.93600930531596 594.0400938155441
260.0623715952415 46.846213037419844 1073.0459838565703
26.667879623819807 460.9105845365584 194.72684635195986
34.569114927339704 327.4726846595686 1040.4201289846062
10.538363956604375 145.72950371063376 968.8864832207895
52.3341451623674 104.08068178656858 835.2085163350459
157.43750062603308 568.6263290482788 1471.5186046910314
140.5332611482929 85.78289206066529 420.5307096944284
405.6463149620587 207.04131289265115 1473.5424514067104
301.6469549642066 39.36005813743205 1299.4535115424958
1049.846136426392 87.3896260222852 1301.84381065247
98.24209425924917 23.307021772076574 101.85268875821535
527.3749888990424 238.19178507484088 441.30027031270674
9.727346106634322 406.43925829772246 188.0783959006458
505.3338178831127 360.14735180597893 727.5796685552657
258.8838851006534 53.67712540557258 983.868604221147
65.07038685961793 414.64037135918403 160.96674155723196
26.54285030870768 485.43484319933316 1474.5656169060464
145.56603200331077 291.58885535791484 1374.9925347833916
253.53728795913102 44.12048854381445 37.33964323627925
317.01830431587706 37.919695073206206 405.77278690187717
108.80963049962844 348.3483617011274 1463.9537936170873
76.40305986604106 166.03620566717416 1403.4700769369695
15.360482829147019 12.042885799262155 1482.5095795412983
56.713742251000646 45.36952272059526 522.7483888746634
106.54151188604159 100.25528291434085 1262.9597471624447
390.4287024022926 26.78415423788079 1161.44117688794
10.826143065352536 145.9353423029614 1482.1477748096602
9.168249557286554 62.82602913776252 652.8157498530105
66.53492692339942 39.66382986909946 196.36500542699113
92.44010843806437 573.4406503232944 370.7272700769812
77.88630803664174 208.30836337600235 991.375677385828
419.5499527102546 72.47676994649278 313.45085963926107
162.22658094256158 386.2842855908032 1197.6126553394556
223.14241975768033 161.71350436446687 779.7596320517742
165.8083939319086 66.01921973025519 588.217399815929
241.14338727437777 228.63268453603703 338.23217303799464
689.4573080240424 180.82715783570288 330.04544521843235
8.64651652728939 26.397770301545346 284.69417045839936
22.318827777909203 133.07121612113895 1455.11787119157
301.52831405744575 221.95539918878495 635.3759658182304
446.97608937198083 469.22436159342845 1322.9684237504232
309.95362118385304 138.4741384993241 507.2861170250266
189.69873221656127 146.5461897080688 565.344492618924
263.6799977268038 107.48343770948784 427.1447533433135
306.2984184315721 114.72837717034716 389.6688034013039
257.0718240012725 149.09748598368617 583.4144518446649
1.1072362609186572 86.44985167648116 350.0576274087199
15.486948395816363 103.06700694556741 973.4077061968488
372.4981004009693 37.63104883059274 52.80903437962559
85.35830764146247 66.40422750153557 766.0552270602191
61.915564999911865 145.5184251610879 967.7378473013355
44.46639096948006 190.0118943249159 852.7756724758723
13.11695520291109 89.69455009934248 1335.291975090771
1048.396874923794 166.94242338016443 1457.0460913243871
503.0355552551149 34.12282524761804 489.6525238038646
27.317549754085185 60.79973812149034 1359.93980726842
187.6391543480926 28.91463268998944 1032.7564144951184
193.662670950169 185.16923646976755 636.6675791155435
270.91314006477774 267.5218854974749 1483.1485930021759
145.27454056719267 437.91839518811696 133.86032519114232
327.59321508126664 115.33424901931528 67.76592424722772
13.310997546746995 38.7185780870372 1247.5841333619317
106.49163859386854 13.654422639111575 1252.8018197855395
52.24253555364871 696.9658999119147 89.015112571403
88.0483802583361 155.33251046039544 1022.7235949233203
622.9518828948019 27.045404219423258 969.9190031989783
8.891844181412521 259.8951855579593 300.04803289061806
40.70320241327806 6.102357946620262 373.4314107045844
69.5346869522721 226.0231458135516 962.1000800345666
73.99853466517027 201.60351790049447 647.3806906894818
211.64561624189355 1.8369634038043676 151.40283196131693
119.31877920700842 6.148784729725586 936.2013426745673
137.54660931335334 81.66121953010398 615.6688302137844
228.3292566218278 219.60939592652375 1268.092731203977
232.4286377248813 581.4803117386643 1399.0440738783275
163.12729700725893 517.5459586844104 753.8457940379035
370.1048279909506 678.1177121139644 1180.2861824997583
132.2681877430566 36.48280699429995 810.9114634563662
247.1667665488284 84.35994843405348 17.957951063812374
487.6043537059982 363.5688167870243 1342.2260896367782
276.8062218900356 129.0482061417213 631.1509366851541
51.35230848923762 118.58449267703844 929.8878448345871
70.12571859260964 800.4353336346671 958.7471516312701
171.14235572050467 68.31848330070748 2.6395853145776416
45.63130358022603 50.68554288253768 559.0588983143998
4.67206314548632 65.4616274526175 184.09001695005668
284.8888747591436 50.04084573340385 301.9276509325197
14.209724588162743 205.78322363260625 1269.1495685140064
236.9813142427407 354.8533521268852 511.46487547562606
40.460864736999554 79.45715006840705 886.7958982691824
10.474924634102369 44.42130108185881 788.8346946472973
75.77871696405307 283.4315321192136 1388.254776318545
87.56191242393008 14.445220117329944 81.21679185803127
20.180835285123237 73.47867839671677 888.6903943889531
2.768878803981333 251.2481778580367 1016.028061455278
0.9610837646399748 157.5116266776989 1072.6547825686525
114.00438591755517 132.64775164136046 258.09291806189776
43.87722639118743 53.73899706982604 1200.731037175857
741.3012907389246 36.688836620803926 204.7646912068493
115.22091718463388 998.8727625594429 450.8136336465517
18.9323916175839 69.81118310026922 918.9818983934622
157.11801266978281 513.8338136385623 313.2658827404946
173.03315644793759 679.608094275103 1181.6944439545466
380.8322701500026 208.12375505932863 1169.751007374414
11.698254510775197 133.19911749911194 595.1995079169333
53.47062946286248 313.16996033610053 1276.5777954612086
0.5195617866111182 483.956531516111 1251.2617053109661
38.31768032375111 8.170655162689975 45.08038443557011
32.95498811431265 107.3384971571609 1425.6551830344802
533.425082030089 71.33791365477614 1091.4459539913032
43.33001158478942 59.10692180669423 228.5076438697185
62.31961016426016 567.66046886178 869.7954265528724
118.0656951815722 249.83482086699723 727.1194574748989
60.87067982118327 667.7731468645493 997.2320139310758
371.5594651043425 54.184370950729544 406.29703800829515
153.18345407634416 129.66479027013142 178.23560604968503
324.4785013936203 58.520625757513024 963.9129753707614
113.60057109879047 126.2817236436754 981.7065164405274
45.895687133388854 276.3866657634524 1334.2619564612253
169.3833398207922 378.84178965143803 858.4010078607353
105.08218991412781 66.20453043989201 1101.33876344179
117.10400855407228 142.55983545804563 698.9645013204444
83.91061206744307 97.37525588066185 369.5253913520404
288.3677760303776 229.34520823232702 1280.9129426474403
281.48046995027744 129.46826878259213 916.1347371898996
255.6653792959382 190.90037745519894 1016.8139703389263
414.5705808138135 85.73947347996848 1402.0876417207533
97.34977445186416 1034.2214045169374 190.31070112248548
188.67106752609828 275.64742792540756 741.321740223698
121.59179842751212 42.575310376461545 587.1835649352578
181.71415087633036 147.49801218943253 1075.719710531995
208.79800063143043 90.82344774818196 409.15501102605634
388.80620526504634 144.54445988079783 169.8678230705757
143.32514725472254 255.64785060174856 783.6710094086422
532.7996640561447 93.18998859634652 490.53457123889154
32.55656245804709 201.30659390049783 915.0081430651425
33.77421958718683 2.7728143748541942 264.37437551924626
38.730134483851955 415.97867292152716 817.2911934521974
177.75689426359338 106.37316397022212 1214.9059302176702
203.81683214883716 120.49979314984114 658.399247822852
38.420195578749585 223.82749173317245 787.4986970598391
225.32222581031434 177.42293173776255 466.1518585222146
177.25850172253507 54.9362641678567 1325.4311213013025
1.3091838830724094 237.8961052832349 802.0429255007897
152.52452116187735 41.46060216328193 1171.7542763981542
448.2774894771931 353.20209708618546 365.60458667625636
3.653496487920959 72.30972585257575 1274.4236478837981
54.808540338371515 185.4004587431338 229.57576882093213
67.23032016220493 137.6474659924218 523.7690442954804
157.92665032356624 262.09009174411193 970.1238158692403
1.6264337818198304 85.63984301806934 84.3426990377551
515.4257131395786 542.6147554468589 1299.5138634302648
139.902664216306 146.76527085423302 98.84377452462006
0.17844622459509263 232.2644986750484 853.5998125983652
5.123986689989309 92.22336495853078 1060.558781924467
98.96095329641156 534.561583654189 446.65749738579046
480.7693576560707 119.1441477621953 623.7669337857214
76.12738043478726 105.55471213984768 1032.470988455247
183.629194784534 420.75663556983136 1134.262470670544
155.90169713219083 319.43667948048164 1305.656105557778
109.3879078714592 168.60680135593887 985.823949064585
457.7428001325264 42.3821565771343 1075.5861037823797
187.938305921147 93.79779535729176 68.87191689590139
41.038934958146626 218.85080912423746 946.6557790709529
345.39715714046275 84.90212622388933 302.06489019095676
0.03495524038121553 132.2414818406927 1394.3333122206311
114.062992795118 31.076913091931623 688.9323346856197
105.42748538395672 37.40317238732842 1351.4463506158404
105.9075418140669 256.0246778127932 275.02953473115275
4.193692404935437 23.361631436869583 289.86844123966137
55.68152468727941 96.06296282732536 1253.8416943090317
31.564816350626433 468.24121334861513 982.1944354807089
88.36031848426855 66.96672443101647 195.20978024505848
233.60366409817567 72.22468812820274 694.1335584920913
277.33640183929475 72.7434036932872 1346.09693995988
166.23634190566023 9.295848627673987 229.41527173875764
120.9876313592814 113.09584208022667 1226.1665942935394
48.48643472326932 184.7182943019773 1121.4630839012789
21.009748216364045 225.58491609426179 59.438400313451154
527.7888951541913 144.3613657256355 600.5505725807604
253.43368049589742 175.25986113339033 161.83705895291357
60.92210467578481 455.44321838349254 500.84518090175965
204.01400178151033 161.94127046154694 132.17534684475453
176.48268597660353 128.68581276724987 1472.6231751045116
203.95976610809967 742.8891446019701 289.00737723423333
43.60999856544501 95.52786081271256 620.301265493543
66.4988823263543 9.332467878839786 1355.8415397025396
264.1110370137939 270.0112898715752 1286.376545834678
136.41102547131712 214.76818590579586 375.6737874843309
86.19447302677602 203.63089179448184 709.4491419575461
72.3847852248892 11.983941473061542 916.3780425516833
68.65479140383805 184.67781423674992 530.8977138023324
319.42036694881733 88.23832359476656 1360.5284196565233
347.64699288615475 41.20044547571667 1301.1892583819224
77.89024357277896 28.091711475704116 820.1582106950748
139.14538128387483 363.126756531227 557.7796071515235
312.31790641308226 139.39651749634086 998.5824759061952
118.79249447087548 506.4667158106377 554.8296679338494
87.662692518118 22.44384062166064 566.395530100992
73.50698802697269 463.14669156706543 1187.5825427652408
204.6215094753095 373.1401752558158 1315.2821996654975
88.55623230142925 67.0331621214338 569.6286090601973
3.0293690003730607 552.7618741872801 515.2804735512061
39.067387924890255 262.78375965075674 990.2778337646596
90.05262263895416 195.82622856278573 752.1066049608825
87.93660231624449 148.83952669418238 848.0673809969448
153.02491584737015 190.58145259162453 348.23004485003116
24.148404775342634 189.96148843334967 1008.0346428592836
263.9414307014423 308.1593551328456 918.618332586462
28.37019328104092 583.4090730122217 1434.278985923103
7.359974658892482 268.73975924418346 495.04114237413484
72.35524211238379 225.8073282543021 1388.8129243983158
611.2689954376709 20.289443153314597 160.82297292921038
203.58136542091952 136.0081334174971 0.6459618120528976
499.99322515013046 147.8283693373446 480.105434784732
160.19697451581501 880.1675903322196 478.3651469128854
10.693122632159167 896.2373014298679 1346.2297673741234
257.2917478847023 607.6482219647991 962.5075179384164
3.2537585652585044 755.4800836879714 714.8479443687409
263.2514324171019 115.41775834838714 627.3682145198261
182.66351345929442 64.2986975745367 955.0568483141533
302.610978428649 86.59368171574107 317.621942754733
14.933921327310443 187.16164807481937 1374.3996388512705
87.6447240946872 404.97362790380674 608.878381913908
89.43620078400323 131.87819828131703 457.39228389413415
52.46527558825144 225.2607719938096 1460.290978074047
145.6084509770041 164.6798009020892 517.9838418643977
182.73290889613384 126.49084665511093 62.41310791863497
39.50245828618779 109.54333744255436 805.1715219712571
238.67547769591266 54.32573781215524 1485.6408253116344
862.7207611645886 97.77923271077039 954.1389123482041
244.76302243658742 139.0870237397578 1174.3928514861448
257.99820792572586 129.7877698542412 120.42741708343712
115.70829834950251 50.503798244580736 108.13128800461841
228.88368293649566 40.196338063502566 517.7044010130791
310.47823243347693 320.3152203974255 514.1895535157124
94.97252040803777 95.56416621574641 430.31928614662263
40.35599888497515 83.36882042022206 1365.6572549493897
53.80367843666478 5.6780233397295605 487.43896147570365
224.13103329462052 9.48680641925477 678.145543507642
384.91632857463844 46.308562583908234 846.4625698312889
45.17094355084465 21.164885355318397 1472.9492860011082
159.89282549646833 147.3012622150616 200.24366917208454
31.696513177813856 135.0169612219383 881.4725862435123
275.95492254966365 892.5882009725857 1020.9216928504154
641.7979546492288 158.06656351965663 725.5221084251185
41.744190323167466 59.80480566341117 916.0114422825934
205.5284912533973 159.83902372146105 851.87646640123
46.72155969747174 8.340663063915196 1081.4569412428161
25.30604774395758 19.466882880581256 1300.6842671742004
265.94521951708793 438.5637614804658 1158.5916516952664
13.660553094215702 29.985561800762433 4.854230312871799
127.63122315872533 116.69489531263697 138.04297749587158
71.53589794147224 483.0012481305505 1020.5871578274459
177.6690428072877 30.66346252929492 6.8301611019457305
237.46190641259716 566.3802581983579 1230.6912737875523
107.62414457448163 474.245734779153 440.40483064026574
751.331859081622 706.8065945882321 852.9755718376011
26.464451296951808 33.168838524982526 218.5100230064016
229.40975258381792 221.2736778515139 50.19324863469981
208.50833834873862 46.4319698905651 1383.6378652623355
85.15667022968493 13.009286053459915 843.7323084198049
87.08417556666632 207.75217181629137 1327.9628723552626
230.2878276958487 85.66707753300393 650.0625730078815
583.2988677794043 955.2630444749576 413.4916796346092
225.51704495494903 54.71754452003663 446.98601211963825
129.43622682549815 99.55397052296829 810.0971958109504
197.63838476816542 143.78081622360003 692.016696296093
232.93672270091298 313.41050970743885 320.6293507738745
38.056452607441464 305.2338052529892 1114.4030539777943
295.4276176285712 347.7797862953841 903.5628431902971
94.36270814230126 124.5343854609312 66.27190453053028
121.21858445216857 505.58786489607365 1210.9969930812806
23.466459386646804 483.2241424672228 1137.7475476672303
547.846237728009 299.772388567747 1476.145757150307
118.54208745421255 238.98868496815277 734.7467925835202
152.04624941680055 194.50779303693574 1311.452282012121
64.61402841539356 49.25570703841964 651.0118629608572
214.09684313251444 196.31342350786204 831.6935066168764
509.86939753735084 33.61944718000462 690.934447876948
30.56885504182437 209.0992485039486 963.53725258648
105.69202520371135 42.23579289672653 63.4992654482634
42.5053858311696 113.50420023423867 1391.2974611022637
70.7670280544442 380.94625103782573 937.6107238268487
112.98004652094681 597.0262752869512 1102.1435800249162
177.9372998755046 150.35484152729973 765.0260286754349
64.19485099874002 155.80032555334637 438.2241141639192
737.8513789578943 93.03491899183096 997.394010729063
134.0603575122204 128.99576495359432 801.0938184790846
19.7642001022678 473.4043360303036 203.76782496903135
535.7072144887629 230.96032992706714 434.14648828674694
174.05578619006064 9.191089094561617 1058.322485498269
315.4789141028301 632.2511125298801 22.62995709758775
155.8208415875439 12.045129174309029 11.886990884748815
30.445548371789684 106.88575784914167 2.948786542463555
12.769921767874482 896.6652788118663 1146.4378211966489
21.28426864995034 198.41505480146685 203.979331219364
107.39728297376332 43.42756271886609 172.73753777468477
65.9818240078961 28.293121496654305 619.3913722245371
72.10388997292067 595.9618032077288 880.7880602918921
525.1707355142173 61.716060805634655 1292.385936671627
675.3093387287215 159.55280865032833 378.2911493432718
20.829050979702053 229.0718704275625 1318.7065446077197
125.73974026350436 107.06348040872906 929.9896867172557
286.7287885066516 39.358586918089216 191.79167127849988
107.72257010845354 33.371015402114566 307.3592491620182
133.7332959599831 2.6669206120518125 535.8257182909709
176.00981228654956 413.560664810787 942.5913119371847
81.78180612292631 428.2591193564218 1464.1251824495616
26.832992298869158 10.504349032762233 831.774240720113
95.07391104360596 177.76891198335662 1425.0581098762502
12.684743932718856 104.73835876300012 1271.3276436856122
288.1785111121732 135.56349739745258 1246.8351129522846
182.2425064485452 286.19355536340896 730.5414391235447
18.346213685248717 177.68018563617298 1147.2513071227384
393.64817303248276 42.195057769777534 1476.95775029895
45.97190446156104 44.4691948086897 498.01610161077116
70.16059602782379 165.34730840981246 907.9749723677343
239.03714991380878 247.0701560216019 829.6346022653929
12.250107746558655 479.10141444873557 37.08153789612756
149.5335528874631 19.100768779425643 1226.1593709325484
21.471310780937987 92.1690341801964 1043.5394103615556
403.8544669399253 287.6943394791653 868.0829615194601
25.543979955246428 62.58364127593462 408.3392887623633
166.99546805615978 219.09091213224903 295.50210773996366
11.235388726757577 100.49997278485627 1175.9313417537414
77.16820449246698 53.88521365592651 632.4807868347524
101.00626910251138 491.16196185566326 1461.7026723194588
43.27719792252341 104.99697898963021 912.178801005678
150.97240984689955 31.576809279503166 912.6208927017839
96.46930180507393 33.486777660799746 1243.0633241804917
389.7461656661819 392.76888898520934 197.67900810487922
4.036849393250794 1561.2627065870092 986.3363645439181
252.91329546525807 151.16189672385735 1238.0469039267903
57.43855529778368 96.62822920841252 21.072404237108046
343.7849621452797 165.72311502335643 791.4785543604147
89.43348380820679 291.0948818957384 36.83361933106533
139.25184280433248 329.68521935698647 1055.6718618349707
88.44119969508077 51.65063507779208 985.6321526374968
191.2585354607744 145.60464497838393 872.3197985209719
97.6343985345512 318.34271574708026 533.8375236648783
91.29024069232568 222.94411291105428 1157.6354544053927
518.7614209519348 76.73863328682758 1404.471238905142
36.70158218089149 19.572650064179136 864.5618498941623
639.1521139040879 17.69998322341266 103.90147258062315
175.3003895501721 92.90796282399293 162.45474696897833
494.5234792593017 170.86493149753704 123.69993405900054
269.3497278885136 282.51198703460574 1245.396011410417
131.7385956141011 740.220531621696 127.869438300859
125.74830458146549 28.75839137723018 468.49715804463233
75.53702799563303 188.97946211608834 102.48774965653523
76.78327738357507 7.581220508146077 1099.6249435872999
8.096632983236665 132.45376982791132 799.1633383332169
51.253395649893385 22.99955456037672 141.7262897425633
132.94121063803348 196.5565148762004 1035.5050188436924
228.69062156464878 142.70212780480185 621.6540204863012
127.09794129062158 586.2765205796848 331.69101052642327
934.7615931317783 42.47230775605217 423.92890337939883
227.58969627932083 262.9301833693747 1158.2111477623212
110.60849224293628 2.8987575518389113 116.5075130415254
1247.740562714456 96.368844694827 659.7338758831228
377.64328185469293 19.00818367916649 1458.04960835704
11.673887635047747 678.5389504863634 872.2971549072269
325.2034383285403 298.8957305399223 8.363069002176038
364.67803674589794 11.882732415775541 200.90092359170046
132.80175959702723 136.75245325635444 1413.4446050260503
61.723609621207146 114.00348503864753 108.55967249487058
79.00382655006567 157.50734621957895 1436.3855152864135
185.4153120992488 112.60581265025532 154.18019260287335
110.46599396876653 120.31881616774811 1390.5818145197754
153.83546965879128 268.3765645309069 765.3324594396743
72.03838094204727 273.07490186592474 836.930963932751
44.41078149879098 130.65569486035977 118.00361195669772
33.67562613214511 520.7297791888666 728.5884983094072
177.52276334393548 21.975751803100945 782.8577257363802
277.22042291318616 339.12395297537176 1337.1723083766276
3.4862309765875574 131.1744178112793 580.2087056609411
339.66719051624176 113.38710359217727 466.5920783935554
178.62158793316934 61.26780890528553 504.7652113853775
70.31496701900531 213.27470511885167 336.4179209787529
263.60391263884213 158.4846840723319 136.76158961458745
362.06148080254803 145.38332523759112 281.39261574355635
318.1692532800096 139.74249160503499 1298.737174083828
86.19097569965835 8.164660414236872 1043.452722155639
560.7248732341901 70.08942330773958 1489.072720287773
73.0619832620493 662.9998477694423 770.4051938267811
53.20302906985208 127.6243262709718 1385.0213648578053
730.6417827234383 512.9455429954637 399.6333290950538
18.60421086504704 13.255691279078613 1088.9030159696947
409.97895268437964 428.6764725881164 437.15996101318547
173.02114109807113 57.272059505456 575.7243152579833
116.01876844506455 195.65169443800642 957.2877355297296
83.28878601376611 246.24390424939904 1061.7612399886489
126.25712310572727 194.10377300353431 547.7412747830303
65.61622710035341 126.55400665275363 364.23694002141775
139.23579183101327 203.82084468806752 1391.214812900938
14.93597767202896 29.781074735933878 1167.9583596444907
146.69447880657088 316.24737447600967 1144.6510281631224
17.014175336888727 376.08984764789193 535.806461179633
69.58182849025812 321.86305365379735 548.5784238224009
180.12110795678495 133.82013598809547 902.9738130423292
299.5587644790731 759.1632862457944 835.8488288461598
118.68467345129676 51.60241715272353 647.9636024871046
305.9055539703326 16.617295331362634 1179.005566076107
5.725218832121957 211.8756232883843 1.3184413252746996
25.977654438280396 815.8260347469043 1230.1554261263393
51.53795018434476 41.10250267118406 294.95155499782584
274.19792733705606 241.18052306245818 580.9548265034935
164.46340403058417 11.595961606049638 921.7255834094082
345.5800529817523 520.2025275663776 1314.3845289958483
125.30457905485781 242.88310477151302 1068.0058162380467
81.87627718094527 733.8754227868379 1390.2391222583562
108.56422047026844 227.9885824596602 36.23723897346437
195.94627731766678 59.90437915303056 894.8364085938974
34.451748649560834 172.60117489422336 968.5803404900714
237.16549787724816 19.104246383423163 87.26945384486207
783.7817753228632 41.154247808632526 757.1177975006029
461.64683456378935 324.914912347829 514.3299765043761
356.89303532836635 93.61346499349303 229.71102262634702
47.80169950990837 30.845611570444433 209.3033762197547
253.0371108286335 910.6517255636737 100.45804294625394
323.29581214052666 233.26102345860738 1316.4862648814626
170.8025754511765 145.75225602943274 936.9771266984731
102.91116313130857 123.76622538413157 51.35299403257287
569.4865488534773 4.06176133240212 435.68529778316287
181.1370483715335 17.511895435501923 420.7508214955377
121.36150676174017 353.5595117753942 1052.645717090885
62.03238328045321 5.3736361151940955 1283.2788442830931
142.589915910751 48.66527667375039 528.5121062708228
617.8739597857513 141.76172665526028 343.09373769695054
323.92544609037884 19.203023846466678 955.5891589997227
515.52399168584 28.56919063247765 1430.0784038821205
111.61159489631551 5.04485136434356 448.32462548012745
393.3790393475965 161.7977972874063 695.1206403191209
26.690663116643158 114.8976288218518 1027.5074244772356
29.59478175964566 123.44601376530444 1499.8076171047687
390.430489882394 108.1068102329429 1378.814039391584
128.71904748682022 268.9654573245327 885.5171932912261
384.39525740848245 232.24009325256185 434.14635038148094
250.42081998755373 5.056705795256309 1204.2339019097933
559.7928122078476 174.00952203487773 1461.5349869940796
73.37234924900831 165.49481500335608 730.6422426926974
4.194865208191327 190.2293251752871 206.89459728963394
241.214946018868 111.79627477557365 252.7428645345315
89.21755989613337 112.98881999510311 911.6851543884414
135.56434543720633 11.165987621343286 252.2428182731906
37.68147478412679 349.097246193024 782.3601777685279
48.337643469884874 131.96414889495978 158.98448947904953
218.6268400768058 48.925403479706944 327.3353842788822
4.007131426205994 315.07926254231506 483.8368949931358
143.93785456982457 676.6309315239203 556.2569204266118
39.77333234957362 69.20805363882545 577.8022669029525
4.044637284450269 100.18176782535039 1166.675337948775
124.4121283239147 188.68542355295327 309.20414853540626
16.06733062380559 212.80588888413786 1444.419182640932
774.859422312585 2.137992869730265 1342.1718873368286
159.3369167781508 175.25020479455424 232.70145326104884
169.03421182045471 78.53223941003209 145.33271665700354
58.34626035051234 1094.5495942012403 386.515470397825
105.62588014663261 336.73548251549323 914.5746160517589
18.950494423508854 136.70833641753975 232.53327683872678
36.84728851269591 507.2339990116978 1040.7424019903026
164.56495287638282 14.850411525166699 363.4074059025312
120.4238485885339 130.28268162250285 1370.337646818601
190.31489070180731 62.3274839309683 728.5492327426184
169.42618084893192 98.93926603050838 1294.4138729249178
152.42041731203992 67.17851569999317 598.2816154945982
675.3283113016261 187.24026935102793 1398.8395609507195
25.28105633116527 749.5187389198356 1315.0769971573259
172.7275486827903 2.470926292675434 165.65233964280557
115.1277614970307 780.1027076318805 579.8656354391471
225.30355551840287 179.0105074251104 950.624523575186
108.9549293517053 119.08092212586669 260.8750838514742
19.84894023908044 232.10378369847805 1250.1096963603575
134.46838996939573 504.76597949692126 1385.8750912458313
502.91854274624075 47.727288552171785 952.3409915020193
75.89733766614427 3.697905601661766 554.0591670541065
177.29993805681076 358.0990054514575 1412.5116520631354
142.86848273937235 6.8524796652816065 1369.5633186550792
0.753228511048965 96.72997081299218 1138.9890405655885
260.50519725041164 273.01885931141715 1243.5417751630746
46.030584073733884 112.56596100220155 1445.332216802983
2.112176711890253 982.5765781761457 1161.7464686738106
126.80404242553142 44.90167626309765 975.3055353519688
29.129914125628204 60.644464344373795 1344.8341361520177
80.02526862989104 185.16091147413422 517.9643935767564
313.89267899193936 28.309367013670126 310.92142947927266
166.81322179079604 41.65212118575277 1440.5791799125484
363.24948065147737 5.517005564217987 714.0738510865623
35.86529116881729 33.31106381202247 1395.2019497719346
134.8985672366143 851.9760600610678 866.7163961327275
38.548960685047426 239.99609263470614 650.1253010198451
172.13267716653556 112.23947277016495 931.3979448848407
224.05250926506716 191.43377437752562 465.5097215403891
3.7527050352676934 430.0707727609751 169.37748980815564
49.200247569935925 101.98230463244377 899.4745878100565
69.85656288896143 15.777381522443351 1063.8859692010133
238.5458685460618 88.46113086855902 757.7326090272584
662.7343959783965 190.35305629818004 1013.1783069625404
222.78856662850228 52.71558988310253 21.533616084952467
142.76720687510192 326.94315269420906 4.225727889414943
153.9219366492788 106.54261794351085 100.53715349484193
65.4512938718634 108.68355058163553 734.5081390933952
275.0123710674112 135.55566579834223 434.0396121700704
98.35314613067379 70.487517578526 59.05156042624421
462.6961437119945 40.94611492704263 1065.7587361730373
271.8685815182093 79.87983468193164 1042.8624862769832
81.46522746011763 28.483853589080976 1301.1473096239138
214.617467399481 24.53424582686803 377.659016806283
96.45225361224125 122.22889403150265 1184.063853176384
180.41183074887314 183.90675160236475 990.6897266782354
80.64954327154375 353.4349085334519 638.1045962782565
270.34616942743975 372.7145076105369 769.60835922969
231.2951021542637 100.982864058013 1011.2973133327364
90.26359624533312 275.9525582089818 687.2385724591285
24.704677190531164 40.8769105252336 442.1449453595501
391.74082731990586 182.7988780163586 1288.5889106276927
820.3976763548004 9.36213432881334 1200.089346515052
236.57366426562368 339.9614926860038 390.2058043099715
26.03901375811698 167.12935511545305 1270.3126948502927
256.9552429265815 40.3962319092077 1142.3004236135628
104.21403153106166 696.1910049334158 630.3245337210835
141.7237975301777 35.11594205844915 214.496728765392
902.6747961010758 30.662379936997297 287.65359618826795
153.02966602198117 199.54774251113352 1256.0393911984995
548.3883798704484 23.63544552461687 1093.3170053559227
17.53482185339496 91.25197992168465 640.1936215294728
105.57014829260616 66.09344343531983 638.3670030457024
405.3667039904323 174.22469709995698 1223.7716120889265
72.39073958785555 14.050213032893799 1489.6835135049625
201.47926764682765 25.798341580114258 502.33163655114544
33.743676292281286 208.10476479175492 666.8061963855791
131.92087251094551 335.04180329880154 910.8871488615614
184.79759502683285 45.25897951119397 1069.4703251038152
181.72657040252614 58.75422768768808 1357.9672245898985
12.79870194660797 30.631052254659863 125.16245627613159
71.26282049770788 103.95718083973644 254.79472751843056
49.41424019685892 277.93109682940275 1333.3996205086846
