2000
17.20696188160285 90.53286723215597 1192.4725394547304
340.6121434578125 95.10818555690342 1439.820145919747
8.527164106074911 177.30472734892456 1300.082257654017
90.35890414767196 352.75990412952495 767.5479818975739
782.7919218089214 235.89675486654 46.758231090906044
341.111236561891 34.40043738465598 1296.765012500567
12.503392435416426 240.6315492077471 40.0612725356137
54.014081394461854 27.24572162107274 1417.9583499043754
745.4597269329568 186.86282905713313 802.1746747854353
242.91512259821454 37.56863213707263 418.99678916494514
171.28496387278804 46.69693305659143 634.4488779143853
163.30928137466415 27.31128412213662 335.52229352476445
122.56427486714514 494.82602725008655 57.47436623840946
27.409352350727744 33.50281683795892 20.948995457667372
21.616261748261127 453.93723422752413 1395.1412706450506
32.94800725606026 114.86389554685366 1426.1190196957323
274.66122971121433 465.90695466243284 736.5528105246977
452.183816599357 60.50664766614127 710.9551831421701
118.76661659703261 4.346044383252921 585.8041845998209
290.6790353831676 908.9179046931871 999.0276186649858
65.86017578731115 568.0858962017571 398.5132118180786
20.5845772259516 597.4235922119526 195.43204829572852
17.418450517963286 49.338612749561086 390.1649430177057
15.146371471938943 486.7199494397784 1430.3654000145793
202.2121512907801 235.96822485067142 717.4168442311861
134.1498267649343 601.3825318133452 921.1691438256282
134.9683521583367 189.28546358906024 860.9877298439803
32.784177211843115 173.49751167085984 349.6948179912497
313.8108398001827 90.21124547754941 342.01009712013064
424.1956641555843 268.4136608418581 293.76584939871725
159.289520859887 143.52417103838403 446.8541565384742
40.31761237070761 30.09119504080507 115.47696099467608
102.01979286033449 56.894979171887904 251.59000293598817
3.538683741668219 96.58354175095182 714.1526528643974
120.71817464870978 95.9140843112127 550.9226392712042
268.8879084110731 53.73031662636883 933.499093102921
205.78245380125057 498.07173145503964 307.6347341395672
42.205831670109674 114.16886356420916 930.7556564741558
482.6733952356125 21.97523929677603 1208.2793448441073
890.0292085870585 10.44617409861336 149.7500988512505
124.31862252531216 42.48134184457966 892.416831916368
267.5195072821918 5.194390941220433 738.6618328647309
49.9093687061409 35.78406285538112 79.77069770609107
673.2678741198554 328.35570086274527 462.88795450531563
614.4470554552618 42.26138088153748 511.42332421802314
79.66237561712549 34.81212856114456 569.9633446146573
30.356403232341435 196.05005531369937 614.0026068355272
134.22317235980813 314.56960911535936 393.31725238364936
41.91458906029841 80.30778432924771 1070.6198163240674
700.0346505208265 185.748852150062 873.0211183074562
160.39691241442193 97.98087986946403 1473.514968419886
0.20331126507786196 294.82872646203737 959.8934028870834
534.3768959897806 33.71998059088417 601.3792815501752
4.390866832527675 61.622902116344335 864.1914829628402
63.89572630362349 207.44422399896948 527.4359665423107
150.58979167569382 75.73669130589124 1186.9970527098865
260.23832471009376 214.53948459174813 1114.438320242018
24.637080753323087 341.964094693887 371.40014816177774
296.91867087416443 379.40388545468494 1183.5102447484646
273.3657051308538 91.96463324479274 350.69361792826476
312.45842797716 346.6729468323109 782.274767495049
426.47112946345686 13.455828186427091 751.3649763763682
44.45344752151198 217.5728413946016 1102.2246293187122
109.88795427340801 76.72945655688727 1310.6767483700817
83.6394647432446 241.7529666124314 1102.6434013853402
171.79147897570132 451.79242270531716 788.9877358771613
60.73008537368118 191.4826434560943 1497.7403267316067
47.34019270905535 354.3790295560582 506.6391130472748
103.86620015075295 128.12029252523928 727.1683799494365
53.45998483031899 204.84150679149656 248.15322418126428
215.6054401486243 659.9407812614282 460.6054712494071
325.26758939450724 174.22470992272952 1320.8148274333735
295.10103044803907 20.486581465569778 869.8922511226375
1.3863927781607357 27.128941407087666 370.44774733356877
303.7070011041621 48.79922756803357 553.9770400341106
999.7291085564462 221.0121512024708 456.19768731010265
142.28745117141835 90.08714422960095 262.1757600555934
69.51383491085433 190.2946108523821 1171.1064907510322
90.11058077086619 13.063904683460024 1166.914055512378
4.266529633230853 88.67650745869517 1363.8552163149325
51.182252637480794 33.74700956846664 1303.1326627451658
48.759949970489025 303.4364343574974 1194.172161563637
162.0184563776515 254.41947981364424 268.01129188671797
139.68322242624816 17.52408748133494 464.9376622675326
67.21494569318409 109.24226894743508 1326.1206906049806
64.33518407431468 193.674898149647 928.3332370652436
252.32606749362657 226.98881839007493 1203.0553082510671
85.78159015574066 48.74750719089591 694.8530295220005
119.39105808638682 140.44573139467386 376.69441670018864
229.3435250674088 105.97786610937689 1143.0306926445253
244.8325898654965 876.562808216796 247.0806871742528
293.76282166992013 258.1431915982068 145.3384733455086
580.9010831721098 415.79060731485174 401.2677714128574
43.78314646847058 97.11516614531574 747.2214831285647
23.093520488671867 248.43459357395568 321.9844295722104
388.03921921059083 40.1605221073672 1111.6959215903316
164.1241131219752 80.24902516210706 1489.5061454722468
38.14949259247745 297.58136160645535 955.4799680810537
103.07301083138422 57.37642260291547 1118.5484074450505
269.66736814890265 9.993760229298317 830.3278110536413
62.10427254058367 119.67142412749831 862.082143889231
135.50984355936023 256.06423599020667 933.8926748497784
24.1721597617104 154.96753627490048 1352.8530443524537
27.908112931302465 115.18919877925566 1431.418108934613
3.1546914961494337 264.63496530204026 311.2179671405021
111.54640970548783 51.5379482678588 1083.9466127132341
48.24479141668301 223.18726473583962 1140.3227284194634
44.499616661084616 195.65804708768306 889.5584819008533
348.2553253172005 87.33156572682782 1286.6627216433974
34.256160347809875 20.325616247862925 963.6617568598613
41.90974048732994 274.53648832371084 1340.0483856555322
32.54003180640682 46.12683131167311 419.45059323553244
377.2293544973849 171.96615712619877 1100.112725952509
75.16759400953276 323.76194282862303 253.8764166489803
209.7448056627778 103.7252607332489 1435.3470915462783
3.399164237063563 84.94308523288053 465.9517349567124
42.83407959722083 24.712803452430634 942.5068357624916
22.10599506183899 67.79446564651684 397.6555496488578
238.4442368491306 35.38760896251482 68.36134747072737
178.9601836530512 910.5413040661649 202.23423431142723
147.2174539731524 383.44613685299754 636.709292014387
142.7014367865456 230.18456828070262 1014.39544857957
31.866861811147167 40.86004631635524 360.6315338355365
165.4456145694398 482.399331091911 423.45472120603097
80.58135255351475 25.963916306604133 1034.219779617125
224.04812784954595 79.11540840511601 237.42967108967557
66.83856281116569 310.7702315844851 1110.8207188988417
332.7947840717473 8.963203820149628 391.4921709064855
20.460233917184016 274.6084249856641 1289.9604006416191
194.597234345293 37.21028656997484 94.2894168958714
184.74974411424722 58.44916941884819 599.4796399677481
215.9228315544365 99.16652438380402 333.1960701341106
338.84485300201544 15.152315133426553 799.7441394143106
308.7161504723899 96.68742645545152 797.1198096823049
5.44168236491179 252.90657357479418 539.9083131158865
311.9179250017068 222.98814480231184 447.9825582586905
169.38159577254936 168.0093475123212 238.2269576164502
175.77017678722643 257.58462092716275 563.2136278934488
459.55884979352544 42.538111996146526 1451.9183781773338
20.0362498121897 25.89086921918996 652.932112923339
160.9738782699084 60.378009999328754 195.0403067444338
17.726318416973186 1136.9515233453767 1330.6595864958042
217.29763887180204 194.22675629886768 642.5956184518697
108.40763463636955 21.471479087030012 805.2847891790273
430.4282117640352 95.695099260145 333.28839727033386
408.5381145907554 44.58547246963626 891.5315502263272
45.97810690449695 197.26294712814328 871.9991068775332
273.1464356212151 690.9013819596668 902.4461095329497
421.02697950881225 9.907449758200288 1166.6731238228626
208.41944587305608 10.446680720055125 1225.462944950703
411.8811233760341 66.97498051267274 118.38461873281354
283.85993959688693 245.53126994196614 416.04947110766074
381.67077896490224 160.26007524918666 613.4610073535729
45.940443534239996 71.38470509666726 1010.6255166449595
63.59500642968155 720.4163213366974 938.4989217511655
5.19451882418188 17.6454928050925 46.37356561552019
136.68049584416997 11.960263382888925 392.51163006694287
87.13974646575302 127.21848976470598 434.7179036612122
144.3480699783604 398.8573716147375 1352.323437776833
33.2167290803575 31.956688422038244 657.005574823151
137.11590673636275 188.9103519745589 1100.5499187791734
247.1602562428084 258.48969295396466 601.8875586406094
29.539491277628038 36.82891339773259 1140.457757696207
255.33004269800128 666.4321328631086 48.726128787462464
136.6646675358473 930.1337521217013 53.645903676023565
125.44975607295916 55.442710520310925 428.14357544272946
184.69571744922405 58.26198368566633 872.6040579640868
58.30430514195339 341.7058282977697 229.9434972813428
11.419689513220051 27.31827251306062 1048.2153260004238
549.2692551355884 223.19436293554986 343.4391250565494
373.7946476250722 184.9986940297069 11.40544450229708
41.2993357249696 65.83051596936545 357.84785976643434
229.09944100286603 195.05356446313834 1301.317447228691
366.7117029066496 348.9907596665047 1436.009618606366
243.10386236542237 809.5325725059666 218.0869517023601
90.64538120346946 61.069816579444606 707.2617616418945
24.489051405173452 36.17170183633514 407.4448572086152
615.6305217813804 213.82085848713953 1251.8506628629175
191.43862492916102 113.66001386145739 1119.1832811114773
330.9084518308921 13.466638917962742 1139.0130580861792
38.006951463912344 138.90408812946544 343.8633488165592
96.70668763450459 254.6991956231239 815.5374795629403
377.2541961777734 24.06895952705628 440.90276019580665
75.41925479605848 11.266051203549097 1326.1328543915874
238.2347703237164 673.8767131101101 1119.3148404552064
579.3692098078945 6.743390597809788 1478.1319710893476
44.62679708323283 374.5211916330451 723.1278835872546
565.0113622247426 38.24012570825825 205.3072260995711
94.46366211716199 306.01908088302815 1082.8821187866758
262.7305964598615 501.8056134513827 1229.2957270556938
476.1224054991296 262.8178904743729 1159.0675638755606
343.3960024286992 384.512315272066 404.76329499239154
93.47186714139188 88.02643959654911 1066.4570388068432
110.16783640255814 521.5826543338314 1213.90831840357
31.77806159012916 52.84906362043308 1118.5363702321538
145.18184750352125 50.53633710090447 713.3117693070575
154.90736996208915 165.6193904040483 479.2862726228229
485.0103173696547 362.60978804785475 997.31170295096
203.4902482220049 0.502170681639027 788.3541125980813
1487.0493453327238 115.49247008622822 1217.38834544562
204.4887404610717 151.48252687192726 387.9560749805863
40.785180916398424 876.8437478520875 960.0267691684472
46.88740424999536 221.23082724599197 1319.7873487211416
384.0704228213907 143.95874088649424 786.486205197928
7.645722202009359 132.66359625386661 714.1247001730407
1006.6382713467483 114.52222069645251 829.1213836398441
208.25271473327012 809.0699213536728 300.253032229997
186.6747569842009 17.096859233720245 201.8647948606092
544.7240075921937 112.57682965416956 237.82906558046724
201.91100488715654 275.5766408056209 971.1886163326438
94.71533115689353 136.51168825429326 1308.1347256586096
4.2233180939766815 33.09678309073948 344.1400542406653
0.8276033635717192 302.5164989841497 275.4432351359667
50.087929276149204 71.02128922910258 426.0341437507141
273.9495001852648 348.52092553263276 85.44522115486214
183.31927948155538 207.4360380492197 1442.4956590648283
137.32783819000696 66.5567482340484 1033.6546722069147
26.756462485585935 85.50713267466908 970.3664785886773
138.53060910674307 20.403719826872706 237.97561797936396
8.368362353177266 391.5018493075731 923.2447644233068
111.88947882133758 52.40888752088837 1118.158649903121
11.458312385238765 11.807825092120254 71.8259446708318
125.51073549748617 19.50945814680557 385.4957793492373
243.1770089785292 72.11695710947184 583.507295830571
118.66527543562313 257.7956396399213 616.4022095351472
1067.2641271025677 229.03964427888965 1488.6213934451066
372.37493691143305 83.9734889088997 175.06692089382364
184.24184001673146 471.27264650313424 192.54620544916656
223.2327772506459 260.3732740301845 532.1448389852939
674.8144562535439 423.7054690417589 88.10585452717234
27.28417704681577 122.39463406686113 60.161869957401194
185.45448995080505 288.0232030318076 610.462181355546
123.91195403452704 148.73911759205834 560.9051984424543
74.54944767230923 273.3295306792088 776.6478422041581
35.418492382732545 89.96994197226756 125.09095610915882
160.66382094422536 98.39446989513289 796.7332065406757
82.8147036166984 374.7069703147974 702.6822113926855
327.2829638193272 32.28571018914043 614.1615538650667
86.79076152103798 133.04193244884632 492.6561135019684
294.00220221442436 36.265028481392534 1400.6093590000087
272.23967477844667 149.0537664364759 627.5876576113108
521.9415295723514 100.12017690928982 993.9658044375063
69.01076833760008 113.16708194643219 1055.5651019335037
37.02115543831514 207.3541054292878 1277.692664812105
8.684919727653693 566.7392382998761 1071.9280375317337
220.65739769594387 286.56226096776214 1400.8911177795496
22.79502355022643 61.87872316208214 919.0932376270144
27.966592348969034 6.82822264961467 644.1483667199676
103.7196031771196 207.4822576980174 116.66237566324783
590.868040555374 366.56643611608774 1083.6350069731939
323.07939131621566 4.10294333103073 1409.9891080862867
82.55134973201363 32.487437663953386 92.03583187060482
76.32183140967011 567.7627892254094 1027.7203813660292
161.81167914129526 58.30523121311572 160.51509696255638
421.58377376275917 41.47766192918709 683.6113023952304
574.3054811226681 215.7407089778518 522.0309519987492
56.83291336923886 262.85480621294937 1234.1202209003582
117.2403799636613 124.40565379536392 186.0497611070291
7.231559836415569 138.11722797463634 856.2041057742642
112.52948756944186 408.7165296296627 1149.9074988279929
43.753331933582054 42.6277092947273 390.8876237601801
146.46800697036 58.558928850539424 1403.521630012338
358.63049143645196 234.73858877362107 1281.091939276572
337.23288455702 175.01334275921715 358.01740355690146
626.8088644002751 3.9793432728562714 1029.16069571072
41.860600591025715 62.62160984640508 198.58035677761026
467.5310685573382 178.7179813339261 460.17135688163927
134.6758217375881 99.13273852653401 179.273009986209
230.22351188632877 24.67296637944935 551.3334307916765
105.93274556678847 34.13966028044986 971.416103476793
187.78826644459014 228.27538214675832 354.83853722734614
223.82988755704832 120.95032703362212 695.4916035937434
13.928622638367186 226.92358680729546 692.1926418921344
24.10425981991791 461.49789408696665 1331.3771787551602
183.19710165929135 47.33568918450691 1318.2168253519524
356.4802439870128 94.27154094487709 176.77373398854502
813.6006276259044 144.01594932114358 414.9985721346758
279.67840762570546 522.2269846113345 865.7419025259052
29.211251473773103 157.74500329917473 732.3984691290326
161.63536020128853 636.949829083366 363.17996628239797
2.505027470124839 210.69885560129615 1337.509949245281
1272.5314170055913 199.12190396540632 1426.34438033655
417.5157224361982 254.15131540906327 76.49262546685526
185.24245707735244 102.42218504133656 1341.9174438748498
81.0282414512714 114.22754342937836 1284.9072944147488
124.8888900663408 43.52491050178194 1344.6511678437168
1260.8338898849934 88.64405745335416 1303.7701971575643
164.19359903537762 180.10970414398554 327.38639709047214
132.0940213711393 127.85749143036698 969.6252234363019
42.11783912120756 225.1202249878407 115.50711554841459
249.44191961565286 565.7476192200747 905.3205153827408
406.56765470108684 17.475924076899467 1477.4783523024812
78.35397947781027 866.5331864325714 1139.1043581654008
1033.2613277623202 927.1833993703261 1469.1654855029644
495.98913414847647 50.06390729668615 958.0157749360969
36.21261779318704 54.70583209645338 20.36562639825895
449.72883152633887 32.078889240959 272.1755462377017
38.85591748460167 147.1270900233088 818.5475429716022
64.79600973558647 544.4483671733258 1367.743754435939
20.24438597384485 128.00925632099654 351.51386362914326
363.43300755308394 44.94249096477868 815.8842383495373
91.18378803574242 40.42429900110063 1068.9382176065326
177.7471839164797 232.2452146047931 811.1832049290874
222.86404892076015 24.214354278662586 332.63146525888226
131.49033882299054 112.52554418424798 1206.6676424644033
24.268269942516667 236.22055666084526 168.6620557657198
474.5644419986342 22.832780987618513 1348.2274481420868
477.08097722593135 83.63342411558055 287.60412840927506
22.96657609626261 140.2612498947822 1347.2645946467742
75.29773373335775 261.7508010571629 1123.6327464227454
320.975537132008 257.7378940651805 866.2409245476933
35.012706507685735 61.8999353409153 940.001183156619
369.0761443021048 79.17553149593732 931.6109588587523
486.84700559654146 295.5352389017462 208.91205676745156
89.22306174766864 24.404342866512753 1367.0216400123923
95.12081503274487 254.1811107547418 409.6990731602965
188.46225722535212 536.4068454813431 996.6016155098483
46.34917081437433 25.144232315581167 554.7847769644345
353.29054818139474 36.00136431530097 922.1112801139981
284.19340593978853 40.97963220183472 1036.1326597240686
218.30673103928495 328.9081329482813 625.3986848966916
170.8554675604226 810.1843070067767 853.9622222189588
125.78981090580103 196.3352217834711 280.39124032547386
298.3913419418049 25.931552621361675 859.887516337457
39.556844523499024 86.50736941327274 126.77024243440837
200.72671393740876 80.7083671240841 999.3519742589647
729.6925809081965 306.98326657860963 52.91184476996419
38.67071737875993 48.73911647729835 1269.405116606827
63.26884029650457 20.735301651275957 961.4704413125475
57.25323399367201 183.6839074412517 1398.55465429786
249.0974273668447 37.49155695901766 1150.9822752510115
18.999314892828465 8.736657530419768 205.08514511980596
31.45385241008113 31.37550953664619 1180.1833050668602
43.770232859232735 5.165497398310281 116.07583644015568
345.4222520120899 17.430314612836504 151.71367713134808
453.07359886850816 355.8494275512345 1327.4511471457292
28.5661174444783 238.2935508703519 573.6351885705127
8.528975165639384 172.30491077545332 969.2827993420786
20.363659773102484 61.527241538522226 484.8999552766657
35.27794816803168 333.4138594827631 14.585699127712681
416.26171238528747 531.1339648784148 24.76222920218435
118.79995471840621 48.42071167689606 811.3534597825545
267.6291117968397 377.8908835886628 947.103360574597
63.55519101486712 401.9339848922339 1071.2420197587817
129.64227650677088 167.52641409968015 970.3419720201454
433.05362687231667 32.67563737225815 613.7450525329881
275.7989925039905 205.6063540047966 19.627291916246126
108.4073500283012 204.20916006349978 1303.985962661657
92.33778452062683 52.03242924788887 577.4210404046796
23.210196993851593 66.43359963616187 79.30039127416765
358.37543565325564 420.7268086703647 156.35294259250858
27.684841366040523 305.0196466409119 1215.1703228777267
225.10781881791294 50.973906510052444 622.9294257017939
111.84170318420612 464.58700825222616 1036.2779517330132
1.604963304010092 56.44761608884398 1376.807266610694
101.14748829981978 415.52215820391456 761.7118358747834
98.68416376665438 19.853511840625927 354.4905590353445
121.48492701702844 225.43135358987496 900.790614217277
477.74164917564593 258.44218609480157 171.791131131046
430.48956453513745 27.1695784163141 281.58018715530807
237.32303862357503 6.429909719596045 832.7928706758212
324.3186277805558 230.7229142091523 900.158516114121
43.141804977162394 357.3845647167003 960.2994128952444
12.737178830393733 112.66330735395222 327.9273271604529
653.3842709878537 2.8503504651800022 936.3667226831885
350.82284747494975 25.72632414276371 608.4708626397486
457.10992076754894 9.259938591870617 1065.5367098405404
246.14720094891297 10.919675215795955 566.9703849850891
36.471821235189495 68.28773812777305 522.7138994918809
41.51553796879247 437.10277183078813 266.28918077657517
110.50094841370057 40.790134257618504 1073.8801267325232
237.79209805556434 70.45248159404079 395.1398603008508
80.65140718384454 66.13732089124568 368.61844914806545
179.22008795287252 457.50724406382614 776.8501942278368
201.42026957906518 63.16885572456329 1233.2844717078603
653.4704099190939 326.23075689518555 530.1854390226368
111.32371133104444 341.4645796692931 346.53560093915667
99.67689962132218 1067.2672611846617 1335.6687236370256
107.1709345733085 237.72075574442795 806.6817575396203
92.53943230460742 84.97188129868992 402.6756455659814
31.676629625820112 509.7250154861912 556.8619524553559
35.79535224386418 233.94592817019654 598.5632611948298
85.02632811016923 172.43164997955216 1047.0890599716186
42.95074973468603 259.917712821331 13.071271718380295
107.13184413242675 142.64323870496617 924.1330170330298
191.31833503305697 742.6467234020904 385.61460492201144
4.33488155051049 293.67155377957425 1267.8056241673357
207.52053703170589 187.96841677372345 1152.0671792710368
58.80414100680201 876.8976476047183 1062.7521213523328
14.4796593476508 590.455608489348 704.1670867264268
713.096972591957 120.15924568934354 968.3761381383905
235.3599996801905 32.350320718794464 991.2249288491279
101.09538739630277 58.13807006208589 986.9468554742323
267.2900497471678 179.69889725326317 437.23174926823026
3.3208103160071856 47.58985455944483 597.4192525677747
463.7409625143409 12.047564791505234 16.438708887385967
101.81156371399742 259.09683079199283 879.3663954672594
343.87511242514137 116.91060542024879 662.8320229235225
168.0679339013786 21.733813439496533 726.3950003525873
31.901950626124354 183.06152067914294 771.4798827223069
141.89752861835308 22.31920341562303 986.7997525137582
179.12653303153522 104.9229084277404 538.5717598111157
275.8616876866075 113.12356933983814 1062.0056609433857
688.4968851336239 294.5119694802509 996.8069297233756
11.822930489957464 18.477615643996483 27.78981451251533
116.86565334060491 284.9375193773245 1058.6884556148639
1406.1818026674923 34.85500915523529 476.98155134459324
186.10817181076763 3.4543517682311684 1492.8408189753288
47.43096130540577 301.2958865316042 855.0722295491519
145.11150907012188 360.0744047403146 516.8836126318475
198.27119969184736 187.47162127906057 1466.118100947623
72.52440533189572 47.676405523294584 1478.8161636466875
25.568372416982772 155.9863631023584 399.64225994030477
249.05974449480067 165.3721822742746 922.7522027300523
288.0590976222543 261.22195758185904 949.9086976160316
11.374805894658817 30.3480458026357 856.8900752961923
344.4725707694828 50.61349089083056 114.25141827049545
26.77559121083961 54.35183366014515 915.8716488562461
0.5241049616128766 172.18111275857 1381.509547420418
71.99286805351854 462.5903375041794 1325.0458054864139
77.58999162406455 168.94226813485912 662.6199973793755
917.1384212268613 159.74694166187192 944.3098327915822
30.097513117861762 28.56377897856065 535.2460282638658
308.14115028009337 289.47660107797986 281.31579942008256
443.27384076893424 389.7401331090711 1282.2344245669701
100.35243889082625 188.66201956394133 1478.7359688617757
801.9126958039745 946.7886793427301 260.04106889819803
256.5776908888557 18.18063087044838 801.910211263009
27.35732134714245 81.39607007397748 117.6302920340575
11.612439241242175 172.55665403293494 1032.5091268639549
667.0228044035547 183.68567227022132 1479.89069495281
331.6390420739715 208.59471484577477 167.65698106419308
106.09853955202414 146.7433350256142 744.4622744181581
181.45337297011775 244.16087422113907 887.4279424344281
82.12692743250682 213.04908719105907 258.54432235964015
59.08078587628588 173.9341664306937 1487.3446332553863
396.8283827363477 359.46492156780334 662.3353460316281
124.03917427399571 169.35368332974608 384.38238038548536
74.80389049537034 129.82509831431338 1014.418176803457
279.50757357294935 112.80632659251391 1332.3417844915214
10.67554377374101 5.524753970789759 1004.4611883840927
20.83256366920146 178.85636767267073 1226.9614723752416
370.90722869600955 33.82781572458197 672.0495536117729
279.8988665345171 82.65579093357907 1196.7930914968385
32.45343671537464 138.9988484198873 457.615327669316
23.933370021659275 87.2980504738401 859.0139423500118
67.87753778386231 198.62268367976026 1246.0495014021817
16.17306666807953 69.26528060754237 192.91688176519216
78.56909509451611 550.9577216602571 896.6020565768385
441.37845764509575 37.70431316629494 16.57824120648954
6.635783298669409 39.09360039301848 566.1875889087344
52.25090938960955 18.412908237477176 1003.0288588698526
370.7893416175014 537.8445632415314 1028.9832886450215
169.7787691078829 68.78348268395209 823.9363015463804
405.86116550538287 10.325730618544748 1202.8797329212034
35.093151289727395 46.55004432115599 60.428522984518615
82.9866461299948 143.67939313709257 362.8417690410188
306.5476888243758 376.9931856317675 152.34509079191116
141.08198038844574 12.361383085814936 550.9769801400132
145.77097707307155 184.56379885273319 1277.477726532658
310.904245416492 244.49742071368016 106.68613365438983
29.628708708233304 314.96804631081756 1483.632448932448
310.89163992563965 347.6821662743265 565.875266229258
63.17109563676284 222.36259081321003 283.8077345714282
242.37397622327018 146.2601850052773 926.8797251807828
60.81065124211077 425.0811733451716 671.55154186854
2.4058389907802256 273.3031036587334 1058.3529350862675
281.4151808254566 398.1001939645868 349.1208520234025
44.83864444135831 392.8118256485598 256.84644911008144
260.64751126869896 74.80158649749015 340.83036014380826
210.25928778780943 35.19524739144521 945.5567439867425
214.61214808338332 324.1784293205544 217.4966371984956
290.8921039400139 96.90032943437585 644.736931941165
256.2100039597122 864.6510475989647 1226.722478970032
20.85837512711603 856.8226521657522 74.53283753221169
185.14451349660385 676.2867564822693 1062.8147068191777
9.223193994223108 52.27219324413838 736.0179725025802
137.2363894011508 386.6633972174765 270.268254715586
100.59874734839225 29.184924854548644 181.99788632420854
421.18417241352336 32.12061894086945 364.58438164657326
69.3133776827183 89.35841407379378 62.884278258609484
109.65857990081656 36.080752003364644 985.2156118351422
607.3005940748095 139.39002399023968 968.1050405615727
118.92186089690992 38.45414624228433 599.059983439574
190.3600197185565 239.7426520412757 496.55404130744444
202.8355334041923 160.6881960554797 1082.8837268638993
45.33432713199377 25.063124331318633 489.3658376787585
104.2128963551779 90.68786654887002 1328.0416309823543
312.42176573587244 34.0901712254316 1345.9913914297592
24.74684109010939 344.8716363625609 950.2836466341993
289.5093001048553 479.20149938725405 346.5513596974318
458.1301826747689 217.28693827804534 1291.727666407149
183.85797338202127 172.5775057673137 541.1541382926871
265.814499571838 268.39655335785085 47.185060462190286
25.242344728681037 125.88673698292581 1014.6607999696589
99.93499745973044 81.58182317049467 1016.3980448952993
108.0967905748377 274.8507966129346 1482.868601743118
129.4677450260059 407.85472016203056 365.6089223245694
14.508911435517469 250.76068098445302 1472.2016411410882
51.36085142427799 5.799569361412804 143.05797070022157
540.7247665717673 2.4819482280474348 843.1970786531638
276.6605238649636 174.8282322589505 609.1356397170352
4.433425915671759 169.04512623903202 1252.5207368465174
610.6978984330414 373.7127931518701 228.03168570464194
191.67925723934061 30.916222646960723 390.83086756902173
629.0637246977127 524.235345773603 221.49708153706842
97.59478851933886 125.74872028924926 1433.440604611591
142.52095798152615 220.81174158383826 659.1433154140663
74.64101240398453 68.51085865778607 1199.0535537072567
160.04235693990861 19.884419508889902 1360.3355883464155
247.7173213682321 274.5198406690436 783.2850942633809
29.707953323060238 21.221892563968623 34.746668440819306
851.1792046622888 191.4165755184161 391.50839901122004
78.27513976345564 333.8722787881864 1142.9126839316032
55.567377571549024 241.07169909669972 1288.1176385969156
128.2871012764595 141.34930565209984 60.19249307823865
76.44723649964722 96.24238491684734 669.6342049374405
24.027934209593603 182.92209968938636 1237.1126485726659
33.41425177665333 6.143420333681014 813.6042134917418
427.2510874287185 127.79272024738981 469.48023273699914
47.60163826925973 1025.4012052996438 861.9567552268131
204.3517914431731 37.673720866521904 106.79584640292494
174.72809885283647 269.32791611275786 433.89370590305936
60.075605320021694 155.9293512797991 633.4492710579271
751.8690883460172 704.6665156396132 929.9533297336621
67.3837175003611 30.490244771245518 260.72987983630117
203.74842052952945 249.69557798240993 491.0415276635821
289.6946106492596 62.95799151078227 110.98688114285731
69.8304319984591 597.6529621062016 703.9559975019988
605.1724899654299 54.13307798874087 703.1570294425039
166.07117732084797 241.00414034841623 531.6299989768964
86.44501057693483 167.00152637378287 192.77472047273875
219.07483783325424 212.93931881141992 1488.3986424887278
110.50094377661266 192.49412366734887 472.3641216715502
63.52352250903298 147.59396838817617 135.79885995291997
6.165378810967368 196.3518900875729 323.38738088149006
65.09100899356709 31.335855453158818 78.33144477349124
199.8963742884285 42.45304458136407 1306.4487717310958
7.220788483625909 382.31267285058647 1148.2457119021203
165.45542344129797 377.85763494922503 530.3868492719125
177.48005282243682 54.72020614482107 7.549564289472177
126.48053305920557 103.88609103558366 1200.974081432272
3.6632652057128756 431.44941687858307 64.17141202107545
467.0699927090726 297.3036462647201 372.254399207011
220.8294240079258 45.04398906613051 692.8764996367245
115.87413842825205 516.2016962178425 807.0191095854266
185.28288423592198 359.83439129490887 1399.1474017719806
332.3029598002646 209.23828608360964 970.013010231254
253.79230197626032 293.49100455469255 1138.5348209393867
233.47533239901298 125.76975060825492 514.7419171878569
170.5954292405701 6.013269634365582 996.894668794135
80.18457114142505 228.63978132181933 861.6424879197292
134.96511136239306 658.6990573627381 1233.9414268468486
229.34757856889533 15.029109275263346 448.75300470002117
207.5597416888453 11.571651000802134 20.5492308865991
515.6587821717605 131.3207981544401 1105.7516281012172
25.514570015395837 335.83889573877883 332.68000704277705
132.75868156827005 151.46396355364357 1441.935782969103
150.32063279020593 23.09017860034207 519.7473688535317
85.75763427219735 349.8959065369281 1012.6661255213264
108.65149403258492 546.7578255483363 130.3552453756981
150.68261647284095 6.954418920887612 572.1969739803623
129.59302742788856 148.34442271782203 750.3603832040925
214.68480199619177 389.31064411293323 267.42453209249277
651.2256138397402 200.4762517164531 3.038106410561181
491.9528291100238 39.46596221726749 457.33730295316667
204.2579575513992 468.1028561672905 1026.845290368638
505.51003550096016 207.29050513702668 450.2405490948807
162.33700809764431 75.27160019158109 1235.8127878227333
363.12645386804195 377.27710846449247 193.1423854356991
362.46580975035425 27.490268602860564 1023.7577819281349
120.06981459580106 119.8030024473496 218.42768963250597
43.83757216895782 522.1663594304654 1136.5673549786582
36.61609263950433 326.9749612945723 1097.430604373627
77.95201281546832 267.27343514018 35.60845819732861
237.89569968262944 285.6921456734557 1215.883013897736
238.77063390660084 487.8117019554119 1263.6994414269695
20.643964055542437 599.9427703457625 588.4029825371351
243.83111038152893 280.37773454364867 1475.4006975950006
1247.2364677265414 233.0632193239393 355.853690318726
2.0730505010126774 548.2625007476419 687.4439557607342
162.59741770746282 86.26818949338417 923.9618359460483
188.04989707135306 119.11781333857041 5.45665883095503
344.93602947775213 255.17896405315233 1398.3940962912131
51.1371325523529 147.0859694730996 114.00990911239273
33.00543827255834 146.85855115066295 592.8707854214439
392.5266939665415 137.97031838281262 533.238036735604
61.961011930655715 56.100559871815534 1372.8578186475836
19.4663933657157 199.22320210207474 1470.3113527805153
21.85157485143772 94.57696025249092 819.9812566253464
91.4827643057134 283.1541005158049 653.4905113896988
300.89590273771705 20.797661196427438 765.7033157223294
7.024374017279313 8.054759922436618 820.1359718051107
46.18547947107652 331.1451261317905 183.82601464286046
15.41065747598513 42.27034480603379 162.8331711903544
598.5275994768741 462.22030327529023 457.3451233070673
60.79901611892912 248.3242508668539 85.09592424425455
90.46583667073968 207.20470122354797 43.07457663037489
92.59783249556827 83.83361251883399 836.5420022089423
164.51205845982696 307.2484490576501 12.545300276772863
165.81133514979666 401.18044186288745 334.92939185815123
77.49342516948188 234.97234028279053 1452.9024150331795
175.56155046054715 1052.961487704597 1147.9551507048147
390.0337517124903 135.54419282075983 498.64983982008505
64.99774060671673 16.74903714974795 313.11078273063634
83.88327861351226 100.08126930307037 1062.8503794464787
26.97288116101655 336.2920506471254 1255.9008351147304
273.59036037085957 395.6161517907235 1169.581330507983
108.13083573277811 77.69264757918168 166.420221015333
134.99379470421755 325.8424716836274 1292.3276344376895
49.29794008323499 23.755780941113617 1296.7402265200546
238.61822806619165 4.370542847999957 750.3939704501222
230.3300299755186 125.45653110183336 367.77594064665135
153.42265449776653 4.501623139857493 536.9600542247131
166.33089127924416 167.02328534295413 1244.8336436822665
439.64098943344203 33.325285367870144 1057.6975987721435
239.80099363647622 426.5820845608396 531.2286573158999
75.16446881608694 85.08087445367198 914.3501582497813
76.6532151439922 0.8704101809112279 655.8827359471949
93.16170047445442 112.58511044475111 544.2921279820052
122.069187255595 46.14915022263428 296.6532728462543
320.5197711296755 34.540784004685904 491.23462409599836
209.51439212382135 137.56491699831525 329.7012630970438
72.19752364204741 279.234054418208 403.49323675150276
152.08844629416475 116.49937722779475 1297.6431047844505
71.81192214981263 130.30589161193282 465.71100109521996
135.04342272743023 68.22044872907395 402.20260068946277
288.17753706524314 90.93409570129327 238.9827974332364
663.0670969961488 209.435398456222 740.9946167276561
87.6848631343173 377.85184655294125 828.3108153774128
116.18493768712948 300.96662790994355 1399.5841086645742
1058.0684535387024 53.853659611338635 111.4849439490952
83.30651205334358 188.80816304481507 1062.0757548876966
85.65060036083494 296.1676610180254 852.1914833066544
28.62310114459699 114.9129153685349 1423.964427885156
66.88031270475561 50.47967004942278 566.903326805049
458.5981682046186 6.495838025999776 534.9519780410993
53.90867742626325 100.81811818608435 290.61730928506375
83.28331232474473 171.68461110811975 1300.4554788856178
177.9112809786706 121.5792738959631 1295.0977103186208
661.5738130485925 129.90903078316185 916.6766856866143
148.21074249735162 390.3486776266577 233.26057163685354
15.12169291231841 125.87235219632495 1127.0077270974034
397.2657623464273 32.45323728445311 308.8135283607273
201.7753644529757 163.1832631233799 1122.6884816116374
1440.8832821971778 473.4334333386177 755.5563057365805
300.64647048274406 14.544161999134076 14.115519372588981
5.05789247793614 51.6719218597614 51.99524232391634
174.27240399626228 194.76778526703703 318.8549303408689
251.42625739538985 331.3797795352862 1139.8100150068658
50.25154292784417 17.882122541030128 341.45041368184746
12.128927205685896 237.04125269943597 66.80099023117886
18.90861748236204 90.54953187346241 834.9403131972558
3.571006044845083 165.59196597005564 111.16082797842647
4.1477241082930325 920.0878158391871 1292.5931370437195
822.93973135048 45.885229739502996 1072.3204265624854
147.40534787757525 154.75814501733353 1275.980206139009
39.29273306609225 114.99795467659588 1074.9973207789724
250.91789228732875 130.45042962169916 20.828432699709353
743.1529592882665 204.70652864314238 1016.8751079729101
43.06329995611083 180.01952797930778 1088.6740059895035
210.5551754148574 84.97283142073194 1267.250121810815
72.05295921283536 56.55709964299508 980.2718085056297
840.537639040722 43.78368939835012 1450.6659210475818
151.07252583850857 19.526076329427656 1341.2193017191196
651.0264599514778 490.6712288438497 892.7452250875041
321.35376877022594 415.24043854258144 240.74133076378322
499.05150064572246 1296.3326749278438 519.977498129646
290.8042518404346 409.46480011182496 964.4208957266516
372.86102896243165 90.90266633859484 1024.7966899002465
117.36571696365897 38.520550689375156 763.4299255153609
176.6349226677276 457.44440456440685 1386.3450517694453
229.52559907401118 205.40285121636734 1087.8982520951572
71.48552110669672 86.30887477318018 1428.3630998231731
4.5412202320285004 16.08527028977257 1442.6836696662047
104.43354190449357 63.475303395188476 1169.5310353672505
326.683575315728 303.27641323363974 1306.5299571138255
300.5511506857243 92.28523276154021 1094.773314915766
507.38260781338784 18.67718050400163 50.737858647893376
111.8187277138177 308.3703311695918 902.2564040441601
98.4466544155079 40.20538562831184 1050.4511617734233
297.2827814600976 28.87727649689613 1443.6351353430946
729.5405955391315 40.338325397954954 838.3437747422315
34.37174876282421 4.747785569879307 130.81798299113163
0.7750538974722557 134.9121223189415 706.6497830333923
134.56985090182476 192.26319408133364 853.0757623266461
111.42282410594851 46.02471399149276 1035.046382802418
380.3112489456156 112.65012690279228 1251.9982791533578
160.25411297100393 79.96833699396171 1140.6118395605283
86.92947214083463 795.6041434676448 677.1864723583475
34.341863666502945 18.77150281532196 1173.1602642859189
347.65106103131626 118.66879401561323 579.7860024284525
257.68205153182333 37.38786935919396 839.1034045713535
74.45056264040407 81.4994195389406 877.2815512163844
137.34969711665704 216.26185394193948 1247.0704755028069
252.33210221727472 401.9748730221285 542.9529852414867
98.99735820588593 147.39936712077818 1157.4109538437392
26.819053577594133 74.79426808498776 205.68047993526255
109.99704355593913 166.7892615454481 590.3004342990531
180.94286529291995 743.4734243293294 611.2499463160844
418.308219894534 128.32846491822244 1250.838383198585
350.56942792879306 1186.2358546819667 631.6014148353651
225.9077762301605 71.31279536704895 1495.8156212560832
29.806845510705553 1197.05246191638 264.2198834436398
59.57813374959811 115.69209305219196 767.4515599044763
162.73944217060924 41.42812308891564 695.8777128561933
96.12992929671807 86.24291956641706 912.2161178607604
100.13789712613107 128.8435937585644 60.603976447152206
235.02321852151496 101.04256973442811 854.9742314958567
408.06861078613485 217.45379668335363 964.1509094604082
59.99277169142292 186.95651711477393 698.9960683933965
16.518284236937397 216.25516035226323 1136.276161503296
60.31697597665636 70.0596710473356 403.211476468833
661.6371086935887 211.70710879028806 487.26422657870705
232.22741336287837 170.00523629837704 1329.1812218378618
66.57760728343005 194.83951973778983 921.9867998187715
426.87893394777035 255.7897087633966 574.9218198745215
204.04395535006486 162.53453096544078 1011.831541331913
250.95942931001508 174.61543784055402 1308.6548549312263
82.15951107485584 40.347444395709665 1344.7210121550993
54.84429422291108 248.60036996871347 1234.0076047184723
215.06534068354202 39.76307237962731 1383.51707180884
12.261483200825872 13.255586291906186 779.7857888242569
607.2909170096498 371.60431326965755 1003.0919941013527
195.1429683791868 85.01551534729562 867.5071068379056
8.588131313180645 19.47311199294907 729.3141782234724
658.814828180506 228.1374395778712 454.36161507921435
2.604386908838231 108.98550498872717 679.2180966358125
267.5222488271211 359.82242654817503 387.2335132716967
38.10915179942258 884.351577448808 189.1179026257665
110.69796534118001 166.32595513679726 847.4500523949696
350.30461870884363 121.40672548384401 1216.438419807473
68.0862273289403 124.64077846627464 580.7372172965955
176.26211838234607 91.35689627711675 159.37377603341284
506.1106773753478 95.4434796452726 880.3531659019467
115.44839406010267 615.4166506104058 1141.818901192362
38.43970176315012 333.5533333944925 1374.1436579728265
81.13793012179441 65.69932191526232 1124.8975543708696
173.1046472873398 97.8117936319548 1250.1418659487222
150.2046365308535 231.91635978885995 271.44955069323896
95.04933402648649 34.127150273552836 1005.3489285042161
10.581175900373163 291.11957171206575 1067.795732109532
146.96247884174656 96.70539723928663 367.7749324479315
432.59003323910343 96.67352199391073 1031.8812394986826
275.79737854515196 55.246903822076 300.85650765194447
392.72423076236544 175.06189895569239 738.0077085104498
180.53370220498257 133.72390450699402 93.54057518945436
244.59615889557625 6.531784210056416 1398.1538717066433
65.7848545356645 260.05613318766467 1179.1268336674968
227.14577764623348 224.55689197153467 1332.1644741945554
16.23339285476201 189.3277520483164 227.06580717149038
157.69346686340347 345.032003761694 1175.256949381204
538.1711966764914 344.1876946860271 183.93034947375637
233.78832877523018 306.9052810571967 360.1200168667553
643.2443583474401 165.24574021795266 786.5719163973223
39.6251896643964 464.8262185751032 270.4388694530256
59.763180515253744 465.49465474037135 1052.6767147399416
92.0243272375992 45.07002369929483 316.4465823893613
24.052627554544387 256.16072605783995 904.6954430439786
181.2349622086327 229.67690094717105 217.77883482594763
259.49829806242303 11.206502163607922 262.8160375728742
182.45780933295507 39.85596052914285 654.3152813406875
218.19164210276227 215.7792646353291 104.9886218977502
4.816732404688664 9.199717076487927 886.4304115858945
229.65185537243076 457.94480451229305 652.6760155088176
67.77621520111262 19.792109431733863 1453.4454931241573
392.2932129027438 578.3260484010004 1035.4440534388866
275.0757323063434 328.40619881198813 275.9465037868599
44.3171082849726 719.4578474775983 499.853436936058
956.4012666555334 294.92976146919744 986.2664878319536
28.123673049272092 34.70935151524313 563.1323333055241
59.034654510387575 80.86637793578949 1362.9421578746947
32.48084619208566 7.460243631728429 86.01140798619605
203.55880161285097 200.55682410687274 431.95337043777994
9.40060183425605 146.44972844033487 1475.7837461565791
282.4212343970271 193.70779430867947 195.6795909086162
224.27308380633292 115.54997902320477 854.8095597397776
281.2330028799722 296.95074745061845 773.9999063496635
150.94894424199384 96.56918081344935 1423.118085314255
203.02689601876506 53.699368490792224 1226.3574452498974
443.824439968448 0.07044876654378307 596.9973221330946
50.7868208024434 1088.5599411536832 1411.8845322391228
16.59446609934919 118.49316376793053 405.2024849956807
320.0856498964205 122.91046875222587 869.7398878468662
231.45116604024193 571.1986601125897 709.6300969425325
90.92306116882497 178.8866157048722 162.99159365479227
64.07397080872802 248.83033277143886 625.7177412139476
88.87554904290515 170.9520881500042 865.913849472624
320.58041273242736 14.734839419828369 1301.3513331707138
9.775045873163444 50.99422937650948 303.5205395146874
74.91769047408727 64.25141227822098 880.4282714208393
275.3700379041185 174.60133242486717 219.09730226475864
33.6849426852467 542.6472634618892 665.895833450421
105.75171323425995 196.7525625790625 654.6007165070021
97.35217458786762 108.53802805883184 773.3639987588294
596.470720612374 177.79438801861428 2.0515572318322572
7.0971836005994575 71.23474401059191 207.03302289391024
328.0466028808244 65.52578520675738 1187.7964619911968
11.137027628440158 41.1551116204257 808.1640766125264
136.24306014094506 390.06222611237564 82.05276190168132
158.79824704536554 189.44584919265964 1076.187230654533
955.7918914571487 402.1690459506399 522.0875966343762
8.96847454961836 451.6758704241779 1430.9321432509964
68.85352755632152 23.14529406528473 363.5976976677341
1390.725447077997 283.5832750208504 294.24174451310665
144.38842069164335 221.36362881982527 35.359371213690984
155.69769064967358 17.251635747574483 726.8638391400435
159.50016181027718 175.01821095795046 57.11178622037172
32.67625894272527 634.2723639512642 301.65205461291424
51.55446232617703 63.30813741086996 1146.591983915543
128.4289664020781 511.5875069360717 530.0536272343908
399.7604506169463 91.67284854920418 327.9019726374411
20.943590875418323 13.64635151935012 744.9667951143581
24.268558542085888 56.91936340038786 1070.506224119958
252.35914451594925 182.37457942791562 1167.0406874404414
18.522515717808076 32.50859683407571 961.7261130903229
243.83711968779141 86.11801723505732 1155.558285150155
74.50067573428116 349.1642100565337 695.8138561525905
292.0431447259592 67.96606734058417 1472.0440790599057
129.92786551049542 49.326902345985346 945.0375222962772
135.05030009057742 375.01347367071014 1394.9629483612857
106.46335499494835 140.2944915520754 293.19022539229627
117.0186402638856 61.01055260870396 655.7256121298715
289.73823068585347 700.5324841742064 1231.6486641440297
125.48178430400165 332.11942599748033 1443.3199728487
424.8916796769726 507.6215922906832 257.36623766264694
54.70300672313433 238.23660596500838 856.1236681659265
443.2790355825108 346.2805141259946 39.06533927751554
133.5748144212928 159.74033348265613 1429.6108667146523
211.82990753712804 278.5632351322995 780.9842841466507
27.82543680149881 234.33546676177227 587.878438664223
327.2226037020212 232.3736653219544 1307.8192878268974
69.64404425215739 39.92752973607038 84.36410636482611
144.5395130666692 3.0954853515321195 488.6475601956236
110.97118958199168 226.21457788759844 381.9964033039269
6.90306209192602 182.90731365027113 795.5494208348946
314.26615232416776 361.3992942850674 1346.988359334379
22.530244293076887 17.29627891944514 1065.825164886967
62.43746674966872 11.07449533291551 362.3970177600178
23.040944194225037 39.4751049432854 568.997350472541
49.33677768261457 41.01457583787093 784.6674759173455
144.2356131581298 29.02078352223339 1468.0206746310598
116.63311525009736 375.5699819274465 1288.6189368706684
296.3972562534895 8.402407985140787 1067.6093823185477
262.439974491374 245.23367095222332 1382.3381919957405
207.35163512468006 243.18950797274326 164.26630555829314
52.811099546514775 240.90178669837238 1229.0607146875861
295.6044930196319 34.42247965100662 238.29830094467496
74.82756770256468 28.678376596231093 652.8056675836363
95.67157927192108 317.8973247081668 157.82002706413235
421.0553023852277 74.65429042606686 1371.741019468596
33.85317247894603 182.17447288242442 880.0904905569142
270.08364309987064 17.414006104967765 396.7779462439769
173.7264560283694 315.9543733322406 59.1416223214769
398.5063366943108 15.64998235274668 1030.7740722205083
5.769969879189076 40.77527913252584 1272.0067954171282
126.26882067949663 363.102049298415 287.2211230687385
207.03920931411898 307.77751455800114 105.9918155826951
329.3077059213503 80.95906299333181 927.9382107016681
136.90829011563866 268.4603435760771 211.64844672797767
517.2399525934912 20.30986359043176 398.11503688056
439.7951183251897 121.96101211793405 284.2243021343316
62.975401454028614 29.172582324598267 1133.6258603690394
231.92917385835278 327.8144763114894 1009.1725752207434
13.87721569568251 100.36216828603763 985.4581953499774
52.405770772496496 42.081813993278374 982.804044907366
196.75099885727337 115.95135020955318 945.0762899111928
426.6221995237951 128.022118685135 765.3638025428098
179.09126338257352 260.1884596608107 1169.0812738734696
95.41803541373604 32.422392227072315 1269.6669344328282
234.08436214359364 143.67274461476785 1298.7942176182892
42.11530004316793 185.4622928414685 170.22312504744053
2.955060064395981 262.41714141623385 125.77788582495297
276.9514019612184 172.02179501933543 1104.9497790652938
21.84975264726166 21.725931763202798 1453.1795875150292
23.212849518197636 18.061344166921586 1246.264478443426
124.02791175367113 325.7974675859109 1025.3114348383745
150.53206211566052 136.51064672145873 1162.2538016065246
60.06441934479605 158.16958912548117 20.56344776869534
17.313476169994974 116.84148196559802 1357.3107569006665
103.60293015239267 21.63017870911942 1251.7324508118606
107.2278380291999 59.73480849913606 719.9089741761484
80.1905967988906 240.3681947476833 304.88466798149125
416.20187392376147 9.883478056873903 891.4801293627551
251.00042601501934 5.90037657626337 709.7612008058387
92.49110155784201 0.47878758498927987 655.8889898119704
46.02395858140657 78.82362531718046 395.29554723496955
249.1040724916786 59.04475813754833 688.2801785597828
462.1047734073411 171.72559125728353 1267.9214490785878
47.63488313367612 286.2170043391875 1053.6100579845242
333.13463526679215 41.65036684819309 868.6482053294914
13.269840258143507 97.63164604446534 1223.0360904791762
84.08802072305662 34.409712747560704 1151.9349707917727
313.2217537802449 482.5111123714035 954.2972366649807
142.81768803855613 355.9788825621463 943.2936406388227
71.94950664288714 6.090934997727611 940.0059911579125
309.708697339815 105.19947582833926 879.4533301380494
299.0663786219448 3.712482604119765 4.071283749790822
19.077600082033616 45.650206486688596 1117.8550327897838
28.664479317218294 314.94154174764145 1327.8157815034788
160.72718903968317 178.22253579933687 572.8002826063783
151.2922161624276 369.16381254284425 1360.684860842183
250.01895286166743 701.0516799050823 1427.6838451079598
208.5638707050582 25.900092110065202 149.7670943505096
178.75301512761666 32.91663724517789 367.43409623148705
72.37058726667075 348.60751783870694 821.5793637388472
142.47382888801673 270.19028144595165 930.9496131990994
52.719939299507026 248.4877124010919 699.6956524308569
109.6613560862994 36.30943456708721 1081.7947897138158
83.63969528757822 299.8537992054065 107.90065197515814
282.7787369741372 20.931628182528204 1288.2694960181511
155.7063753266256 275.45609721529434 1304.7219824445929
33.07805147017605 71.35975186280855 194.65866260178726
471.4894868124506 688.8282657284173 689.8886736666554
208.2050544267422 68.33769393251873 1278.108648254292
64.52691627922295 230.25257440018584 1169.7632650029277
463.81269480161603 221.05236285964205 756.1875737162288
356.3998401098746 30.23952612647732 1476.6991026530409
40.43896971101638 68.57897139726936 376.29456503726647
303.58334685713675 7.185780743915744 235.48289420390245
241.3230117973438 206.73875024467327 1462.6004241442274
32.99700641442088 244.10461134057456 1307.092315473024
19.00299844279711 358.4337687835808 138.12765641552232
117.20135979911257 6.364699085911029 1162.5780490618076
48.910228169843364 116.86404131688597 1421.990747848456
94.26195343038917 275.2889628121478 578.7005406122765
89.14951280966896 5.451433603758535 635.8817544432859
105.50816667330271 403.4141493841891 312.9527930031959
96.84510973631107 6.979543241681112 122.39426337220438
15.015147607917228 99.68057266616239 76.01821613856252
212.28419723703874 85.92657773605661 1279.6528349541206
632.290257012834 44.892390920542944 1259.4675175462075
713.7885052720923 32.638904858701814 1471.6952482317572
73.4376566806982 138.18765585280627 867.4162077251187
213.01450127251198 271.69359235254694 449.23535913329584
167.9587504340527 165.63576661582766 596.75300547852
5.967181037658827 274.684592735886 391.86775051918363
578.8155923406886 55.09715988044776 1144.0068359435222
462.97905662987046 56.01551932583161 1209.8684593218966
116.01583075472324 263.54261633266873 534.4046657740962
114.76277923636815 112.13633533000345 1196.3520933079046
244.81543260772466 111.67531977946578 886.1230744889023
11.375875186332749 121.66017796884256 224.00412205663133
188.6595463647334 114.90513895829679 44.82711535950662
235.4620924293312 344.38678533909035 224.31504134397545
42.54496185349462 28.25410662843136 1387.2873648219052
153.8517488719412 135.1482830734696 108.12960195331934
200.86219299082777 18.100887555313133 59.42243442589545
605.4115385046985 157.0284796843304 688.2169638945297
130.51306591473312 113.17599564265409 463.4336387246454
218.54699623023396 145.6696170819091 868.9210643257318
405.19729292428394 120.77928738198338 1142.3990794618474
89.67232720553469 26.51745332461043 572.9031714941722
46.2640563028807 70.93322277481114 1242.2902725660304
168.35130840969893 107.06920799864183 14.909218700308314
81.46918685023164 310.06013565834604 694.6544892106027
499.0088381142444 155.04028853023107 648.5241368492811
211.6872469112152 243.07626605904332 786.0289759826686
17.23501860915605 653.1853006633237 1205.2191540197064
222.23897756444532 71.86324083309069 439.70237974050286
25.95815452799666 13.208184026862027 1407.217095252856
128.4278738798002 80.81133802213922 792.6158004602114
134.86287798090456 75.17568724571207 306.22478436151266
97.98457736624054 167.37043031886526 1011.5646604797187
62.76145691744254 504.7333862212382 250.45041827192233
336.1315134601071 142.84891606910503 1254.9709622825033
214.2164392793155 34.49152641946296 704.2728621639752
41.20509018495726 224.54059285177385 560.2257689467117
75.51084487838769 239.08296681580495 728.3659156459661
394.579002656141 285.2304219863603 239.03883444391977
711.1196971784921 27.91937074941955 1177.4934291180123
143.6273149815781 274.8299887382362 1358.4855313391347
891.9039722486319 46.690462434738336 1267.874306402807
185.56332610318847 105.56855593795402 1242.9608488617362
112.24188827562304 143.01257143506334 486.3107718615981
35.786124968082106 28.654301750010358 1010.6488424972548
341.9387198009487 265.4943691389547 998.8389097033036
104.25610477338118 282.3690042310898 1010.92015744052
509.70664709089937 578.8723065002478 1091.888327438931
129.79312095433494 49.82123754337782 171.44481305165527
249.84541228503807 13.76928095235766 831.441486263249
524.0959733990169 453.9257100920273 1429.0135103508785
652.0239886583015 61.75586561314375 653.8683651323385
182.9260713694575 33.00171183953722 1197.9002365018775
42.30664087986045 69.80985851552207 1102.6057195817723
290.86351686746474 500.04210570761904 1202.663983146018
188.52752714151845 32.19941710228173 563.2273983687975
366.46526482564184 200.10034604108156 1399.2124278267306
33.059617853590616 539.15362362156 1304.5552208931495
378.19592999646625 182.800202837089 247.623836049577
455.18800764169197 1.3325317961252456 1479.5587272736373
0.025469412818340382 364.6991188328076 663.805223735844
108.49752915493866 201.0801434793487 832.4504030960743
189.92885968221464 589.8721839395437 1243.802222557315
519.4187164340432 354.1716299559344 593.3948729826898
418.0813926100993 722.4155428019004 661.6704499778772
249.130274633675 276.7447519630088 1419.660440284318
179.93051989630163 425.39783010282963 438.86105170125677
57.27834600869208 56.94887406274554 1441.8999340132261
14.859471885553141 271.90405862217443 1045.6871827741495
21.030416944479427 39.50339935815766 1286.0430719107533
58.561757205356415 78.17170120347474 1067.7238548147727
221.11031801240438 686.201062314276 849.2797482698746
20.095324612969687 114.99950408269348 897.1624849334333
195.4801966381611 247.77173349712552 149.07790295546675
132.34475657242194 134.72184380931458 595.7851406785184
47.31810523335611 296.3984079487591 741.2628077683372
364.26167339260917 73.40838000214983 23.84890258969574
994.101934243159 766.2998949227688 1347.6884278223554
506.988822665372 72.48397771302267 286.595957544178
123.69551113645257 603.9691964664989 1072.6447662099552
649.3603077875681 15.981754981451985 1051.746851903862
14.241402960076261 36.69644476885811 573.8581974306329
994.004343484875 15.316996966837626 962.877791183744
59.353759494204795 99.53955070664661 1483.7862784589233
564.7172499541107 141.87528682101188 1118.7843085035856
187.55553376968825 38.27923762272339 428.1947242721346
782.5290453774214 92.50965624695078 301.8152304455991
98.66480728453611 962.563477541819 862.9132243763552
42.79862143846046 59.83034598593257 618.214260716736
36.07595882497218 45.04299180206853 329.5531754680267
44.12713634176046 100.41457315167852 991.4769946840323
36.31089601997401 99.48124810056302 537.7238361442678
357.8222550819697 120.60042644119395 370.4377923224973
459.40584971311847 194.09940820338232 237.01493688016328
104.49121383109674 432.6597084574355 747.9365759185123
236.1871471690129 221.1110191628223 1385.067933277059
317.0828599126524 51.572739668661235 1076.462526029892
210.6964852769929 539.9752401223218 87.7969939900472
139.50731803082223 16.553662669467585 484.6873905967151
260.653905437457 162.02944621401733 1476.982568361342
231.013963993723 10.278916615889559 252.584606602469
47.41908061677958 181.5397495193096 942.5552211181011
159.33752587699533 91.68616337400792 349.6782528947582
103.44116346766205 23.921106357310016 1439.6628476395767
240.1968609477616 216.51043442648782 764.6979732639397
142.7455857987807 20.03707174962818 1480.1243966737325
35.75432888838439 187.74436163346567 268.3631550732655
594.8651998210246 238.00432475391813 208.33875196071205
321.88742479857694 167.11297625845444 362.7867407558381
89.37631539328692 99.54914445992485 829.400816229385
165.87797943031137 20.758059739745107 1290.9328680291264
223.3578476882633 163.10702516140225 700.5648490058289
745.8048882021677 21.062240900098956 681.1651840781112
91.4883398585064 1097.2991942125298 627.8640569314343
392.8033690381579 229.99886746333368 703.7504657608558
172.30730912366917 119.92899253276892 774.4384112313413
39.6559180602364 229.69611015063384 225.63542472301495
252.1942991261123 75.6458330178233 763.8850541760391
234.42232829902477 7.674299320367253 1138.8885001703413
149.32639051553224 7.077500329637579 1438.5414409338093
378.10383601971904 148.76221737057602 1305.921880042432
119.37518251114277 605.8029188695 17.07834466692154
77.53759443231671 242.82075200380447 1116.2551019433636
545.3078127003371 127.42363015777309 547.5440708338549
82.28526742164205 45.21822230051493 1363.0821103838866
214.43372087401875 229.51060280661028 452.03287614681375
270.2267137200798 69.60386094377931 172.31864145617155
52.593793948236154 302.17378188120574 525.0959265998646
347.03583892034914 57.82904418925664 1483.2258647897038
70.36496852466085 112.00113405267548 235.240778841882
17.13745265688934 79.39116430038806 705.3396728495323
174.22903559689757 98.92663340425986 756.8184531330265
113.97083343993259 95.71986685813907 1386.6218674268443
113.65048753558933 100.91309849037384 840.8221817301235
305.1951218579328 116.98068140706283 237.52987082051857
217.42517682332584 144.9775509751974 500.0707807498953
148.97299983520804 19.546911376454847 1347.722109345682
208.23832281679674 226.98683220165336 1374.2904757557105
131.46745000904207 71.30884201901779 575.6835444964447
506.60991668815996 211.64877901341126 1464.083262689833
718.8167340462935 44.55499177010145 1469.5822384814473
363.01897413840044 177.49319868522784 916.4916647550499
10.166508851259222 257.094595714928 621.6029906696892
168.55538368778107 376.1901930100395 734.4057556328512
542.0822170829582 938.4629367076279 1357.6546914780952
146.63183707693426 147.5003454158129 482.8047099285686
49.83976342077921 471.90639930078663 957.5544744330557
201.10084114215647 160.28732736691782 649.6775191360261
211.88381808192904 1007.144965138057 472.93156414022843
187.19606932266927 94.67351007208326 1445.890776222909
72.6593690468714 133.0891052172745 59.720532222046316
314.64814811740524 478.2084712720602 898.8178773045581
45.84204740309928 215.01242541897943 1486.2594955318043
6.182884598021378 1066.004033548095 290.04066331502054
163.1551402907027 80.04360581446838 1241.2368826691977
142.22928129545457 117.48358210505982 132.15129900642935
494.3061982191362 341.7248486310902 381.8110577822832
528.4110333093407 557.6331649684564 756.9898517159395
16.85417207236885 247.01525821314414 1318.0646314134121
85.73562727136232 389.70683253474965 1050.9798966359942
118.06147842858388 431.7320638692785 538.7006127614083
54.5157308039652 330.7291723617865 847.7947687048804
272.4066300915044 13.513454619313602 248.93339133637681
163.56749005366217 158.5227159229201 472.69341314831917
59.46944363530997 404.19701602401165 1026.6188888915751
524.645062424251 486.30732438800146 33.41890361371419
69.75005363992052 39.43117401718633 642.5844476702929
148.74195863482984 279.94721246116615 1284.693070098625
25.385683799256174 72.48213911413546 40.641388807945766
240.71772254896223 401.5547713054319 276.2155444056367
801.1601994470325 15.533045379100535 1087.6190902096137
346.90954226986094 346.0953066672424 327.78385218961154
647.0203493655912 254.6950885264683 1222.120729205273
0.04622469259803479 7.04323811209796 1131.0471923504144
2.822710159365065 151.5244166987598 869.4921717691669
11.218519914323684 164.0121723133845 311.75499692133087
24.658775910241282 39.39116459095129 1025.2547580558917
502.00871504041044 151.9204291594307 409.60502885100965
50.381954915528915 12.368489292084163 438.2488636701603
293.81458746397595 194.06949988784808 502.0052389929087
327.36926243868345 60.322872775809365 1354.2243282296802
114.88048896782045 73.42842939093316 456.3356348514334
67.37768561055346 145.16263877460233 1092.0003419722736
42.281978148753964 410.9628640022148 1126.4749805854074
474.0662558033171 456.5651063249719 1220.5628617814004
114.93534172937021 107.70408221379387 1494.8713368323608
47.76705192702245 2.7773059306928483 1120.3683364741364
128.66503486157058 6.572636736203787 1239.3362880224952
349.76176684317244 166.50226004393602 567.3748542677937
12.487818016176155 16.918116445327843 47.75087484012075
389.7237678529563 308.64917693478344 208.25139906633981
58.55446753488064 329.57424235181566 1089.2642791933592
178.16159937513717 29.99344010850043 225.76035524141648
572.8219600293719 158.12981672148186 885.2569749407882
236.474984063384 274.79253949878256 728.8036954873993
568.5828070786936 297.57747133501954 859.2870549095065
55.08385261746208 163.459814816001 296.82173529479576
157.232318304246 172.27419922230263 905.5514121507097
527.6303963057761 303.4853121375817 921.1851837913139
208.6261542691812 57.935106306571925 191.9406828479696
255.70119804562958 215.02501631668932 1253.9449642830707
134.95409123678144 365.8801786861863 471.4683100558642
273.8685124641842 5.066354585885167 1175.9902049729617
252.2783973164405 528.6592587970842 944.9869391915404
234.94196506398177 109.51286806243078 866.4702478599246
463.98936454515126 227.15100506756295 1210.4270894057506
34.62135549519797 184.33216156635157 724.035745327923
20.633127756885287 233.31067581877542 637.223251370397
149.48540617415264 159.28168886965136 1231.8169595436548
302.06106942688797 331.0235536121989 1049.0400947092462
123.63736437294821 370.3786530038809 691.414196686559
37.34699567387689 378.43303748755443 858.2813066374821
426.90509541759025 9.002228463177024 1402.183559526415
190.7885131770532 109.65373514363388 1390.4521015398027
247.3698939399545 100.65537392867296 1151.376189495707
190.62129076812144 168.04098463751873 1202.022190129785
219.6001263148412 666.3638050485121 1408.0348858595182
1059.6497115935722 53.84675324803445 515.9157357218895
0.8383713213885431 5.488264406661172 541.7490703092461
45.160511012840345 33.47717811435822 145.6548506137804
200.9446224694323 125.55052702824216 1313.2120125289932
6.953198730650617 30.534182801081112 1434.4758672951193
114.64258145802621 310.34406586032117 168.594875731381
249.28582577161492 19.84736219790696 278.6243516134483
166.49387046482596 213.9332095158962 533.3303532125902
313.08865123499396 94.3990049356241 1021.753208946964
57.95758991027742 175.25236361298963 25.24458107780242
676.4045588622632 38.074646632575856 14.454873340377317
197.4753314758098 123.16261956690784 980.7433293665578
41.964389623581106 464.91065100590276 315.1148315557408
300.12307143753605 60.27524581162841 1279.9766021975402
291.0303516574665 745.1550690638858 721.0545064286003
223.38636820311345 38.193069133984714 1428.5637002941644
180.96733985413843 109.0291460175212 96.74767786946848
475.71769837644206 476.8514662036499 724.8804277861357
34.8990252894959 222.9713170063766 1094.279844985515
117.4234082566802 83.27202527576958 833.1917004912057
119.20008959742007 196.14949165163583 1490.9751849746608
70.6162219725479 7.328380311357197 1393.4484725201423
85.43256081832993 194.17173603456405 383.83338384121527
375.5097686776712 414.3510279134265 1361.1524113436103
24.714275049944014 463.46022707575605 1237.9615405643588
47.96504940513229 50.55451725906972 648.2079574662347
512.1119414261291 247.64890548664528 702.6595025419206
371.0838646765744 187.9015217359329 962.7634724646734
58.30375610507441 41.5333930560126 1460.1791381105256
715.6629501272881 99.37518170948682 262.83733855926835
49.875799683298915 114.4653617091534 31.63376284516367
288.01922907833057 129.93692849681952 1009.3387761978647
48.74401823036971 141.6625976859069 359.1082439531216
127.39177586584564 729.4357151644864 756.496939680261
21.76504393183915 535.5903709470076 311.7934492409271
159.13467087476397 11.082926231779743 1176.1435283376168
309.08417938739177 23.313993549519093 1246.7711346790782
578.3908020598432 299.57669372063236 636.9390441375471
175.5836173577633 180.43943574024317 1111.4685119269866
5.408965963410457 343.18002500255176 1172.7078985775236
413.6429864787562 205.4174834612385 965.2803030240314
64.1924524112675 3.5133849710800256 420.23244358176714
259.6592254633351 103.730494098977 726.4367048677034
1.6651183745978737 84.14766146572028 1369.3009079633532
15.646246923638909 72.88688598493019 1332.5399569216925
63.160488721678476 24.77926742650736 375.8083931112086
132.0039087038598 59.315965399921325 630.7296088735586
288.7533862089254 73.61962010190622 47.636846108899064
61.192318420278 159.4106411526671 234.65390271859775
14.866536797406072 206.46194896475077 702.6685142965258
34.969785653009986 15.460279477086535 134.45006101475977
191.98311831921868 637.8324540847564 651.4294591026292
117.75709977294713 228.4265236472342 247.2712202325677
67.96479527070096 423.8379976343916 692.9985479257481
53.49792441607038 350.8201848750686 983.9666760216581
154.519201160802 75.60079784522617 452.64766224967764
176.13073897192947 59.78800777802565 468.8252185320366
62.29632268934529 838.0601180449856 274.10293556971044
519.3073698489968 79.91390569687769 897.9027691920529
94.01747800895345 201.9201123046348 623.3617724737173
120.80031714212387 291.6884351751132 448.4547607830537
1060.7752334841236 291.7471244426545 647.1186477262876
87.07694459013192 772.0990220352967 595.5475403281731
256.5926230562638 68.35755540773935 206.47371537626253
123.45507633991272 836.7265087785007 58.02029336315867
184.97671398900724 814.649039572747 446.84518544295605
490.57082972994317 95.79181600266283 639.1950505635607
99.16448369621963 30.741005818356953 1213.2632050828436
26.915275095051694 232.8240863567533 569.5555232430206
94.5805149573067 9.527861909074504 1202.8638316850188
665.2563454829174 64.05615769332253 921.2537604489806
25.7135170940471 184.19195238276956 191.1381091971404
272.0991351330891 55.583578016175096 955.7570350496306
4.6965614632317125 415.41895020786825 1016.9359937618839
21.985032206721726 284.1303455034932 559.1023394367675
330.72696765947524 68.92879003772187 942.0200797140797
99.77807785340224 146.3179109066014 92.8051164339661
64.9978362544349 51.13993881098984 150.80323551362773
131.88535627445833 214.09196053048083 154.65905341793794
158.36488691566504 53.22587541669559 802.7466787479743
32.53184723564878 449.38156317338127 516.4353108287094
344.45681407720645 80.28784876317644 648.4048694463761
448.1450757420172 38.33804075118062 1496.8318116608316
1.491801869649677 249.31142619768724 1087.7866941422471
116.6349081766364 766.4008815592043 716.5241560227521
14.753500752895125 70.3185940356647 103.71943119724664
395.5786724655305 144.24226442457976 199.51135032035944
164.88196063119943 64.25290841664854 1426.9860836217379
170.14188214247042 654.5723403090401 413.82184148617256
18.16628433659759 21.390728411456386 1292.1194722696564
168.77933988016449 14.942263355639435 616.0118394257797
114.1131837983217 223.27571448356161 1494.6203293112808
17.019922468830305 173.98412726915626 1140.0168244808863
11.067163076717366 223.78350379509112 105.28779300019659
199.53771688552106 578.2540640318306 1490.7994079489454
67.82759405927912 7.83433511226823 1270.0320973497483
37.82684673934831 6.105407820647775 868.8818917665378
301.3777594324142 335.2034727721325 736.3031831733149
32.02361703133902 25.527118135655254 1200.4334643373452
32.912979301690584 147.4333489183522 1251.5636542293425
407.5565383720393 146.4310719142227 492.55928805939965
29.389255621491824 243.45996360286918 1282.534811974533
267.95412394066125 115.7045113157528 994.2890268161565
220.97526658438343 251.62881896742104 936.094144976864
111.83451324713596 170.03344247585434 1085.9161616030917
397.91710812478215 152.24097488193544 705.3234730061858
88.2731486560322 326.96475847141187 379.6487541953369
57.17823278021268 229.4230566942186 1482.0588167664216
286.0456944012701 152.45513301773198 216.02742196744111
68.37046021966546 210.71185988718062 1345.888364918587
50.305781155261705 383.2089168488658 374.2044647066067
184.88414310398227 954.0364382042353 729.9615534547087
223.1534685491164 417.48437697552856 1070.994069464033
547.460583338552 30.146487507054964 1314.1786121060388
388.8885959280201 176.43574628604682 1316.5525414509486
287.848161759073 128.09582554550855 950.7024936931189
380.1892623014945 124.43257509840251 354.63446078952205
33.977373682885734 91.381629898129 804.5532166524339
35.05128866928359 188.63922501818033 1024.184591221969
157.3535871901317 268.4930328030903 114.3074958681779
89.31915227314336 281.4735880395023 937.133539131085
16.31628109922057 234.45054882520537 1218.7594292909255
314.33993341045624 42.573196821519375 962.7122426294565
119.90905851945799 101.81935680634618 1060.7325157354203
6.638934102820279 155.149093892191 511.86989412628924
62.18558146419569 491.25589043356285 1216.9176284405867
589.3955842126246 325.75046636765654 857.7505690604138
270.0025779102797 477.5512799009535 1163.760350607218
137.59688112098115 156.0383429328597 1305.142695310535
274.21934263918524 187.00994014830988 425.7059672565711
123.26632273829838 6.581147129632494 554.2576128113427
223.1672784972839 223.46224718049658 1393.0628436384898
324.9376216137108 511.92703873445254 1293.293785651694
230.27722171942892 298.4450051932166 406.1340716100714
30.28318653162565 4.833151898053746 361.11767785500086
362.74788432752325 27.157220506266572 74.09385519196127
109.76810028762077 18.04416116653354 19.569008706690372
144.21762160175945 319.27808262004174 1087.165451375139
878.8893645979092 36.8060409217191 530.6923917687958
393.0323441016168 565.1546688587924 396.3535768332872
62.91826434182294 305.687450634183 1005.3534990448268
441.0385841674407 369.2737635665918 152.82521892851497
25.758652323632358 17.369185444530334 1394.471825245463
28.8423539451751 37.262893759523394 239.03603002235795
213.4034664489917 58.23978742561757 1489.226786646747
426.274999333783 124.04421598464657 196.30805974040294
75.77323156911393 342.9986422269606 243.5858429213053
93.04275366193825 1212.5675955031986 281.6799076557726
42.8246823400983 22.64965352683695 818.2744398172703
135.86939175703665 195.10338380963984 754.3059287847209
157.43624541586973 279.6336358865067 1048.3890053453254
94.00303495388043 3.459503592140414 1213.834302944418
107.43036707465548 156.30806178111638 555.4933187716067
194.72660680605176 466.9585309129519 187.7449075520853
103.82825198604937 783.1449365258765 644.6634857720677
193.54380429453278 107.8560993556272 351.6638277436735
144.73504888248556 25.167736057632005 603.0576078090285
117.44955599418208 231.28444557736637 876.0356079121117
59.976645118237556 197.56090055326993 533.1182667869036
102.53466272325427 668.73201815257 314.3784562662081
282.57283663567233 23.14718980493284 956.5470553026361
180.64234496390864 419.13851780712827 1366.6293511789484
498.47418411642536 14.757337520866127 714.1160509984948
92.70231781890675 33.549921831998155 1297.5941887350089
36.72322448229873 131.8764573980797 1132.2056351921917
129.0765991119406 27.476250588860424 1126.0785036168636
89.91150738658689 229.15671599145347 492.10235327233295
1.580740849516105 71.9023378760209 1388.297213008411
166.38007492431365 135.14896455055197 779.6042509874967
176.94220620350964 973.8101548700226 400.5508069169909
517.4402476100981 727.2615711150726 638.1328281921452
360.4203241306821 188.41178674297407 1166.431039425095
476.9587132352478 5.567678844384836 720.4204841780484
215.9577493260229 63.62317457439759 750.705811484781
96.01648800579288 452.9778365905787 748.4129414463497
60.36160462235212 141.74471078709098 103.50253934134996
457.2291725095762 349.004840790153 1355.16465184239
48.36150589701422 5.074864946639253 1177.308201508867
125.52643640165002 441.8616453545804 1263.5984529320212
360.09298062843226 83.37997070025484 641.7555775722482
393.31520300461017 263.65940108118104 692.4581251042351
185.77427867202925 60.961146411131814 1274.0721285649352
246.23836783805766 13.820857814525578 205.07582906357035
49.43429017566614 3.7174540071397733 614.7620384466987
238.89802254294597 189.8403266893005 73.9872553980146
215.82034594036682 183.24948242796836 357.85016004640767
283.29439575396407 6.151533426866748 217.65635398450956
15.003104536286044 276.238423332543 1145.0244846044288
226.42349933001987 4.790299576709672 533.7271484167496
57.76647150793786 346.7213326146103 619.0343696085122
684.9984111715812 313.9595439192477 579.8173501763833
10.338264308797994 244.0163503654691 568.8409381290192
48.23018118678395 8.506805121716198 1222.4697213209813
293.44036757813814 62.35422447403967 927.0542820596945
169.80236947633952 151.85985540656483 606.2383276259052
40.40214602715229 578.392335470625 432.21876227461996
184.9036949384402 87.91901581256217 1481.7468805261685
103.37245046003135 82.444836613738 1080.3110963019371
83.67816347314458 72.03927037331569 171.39632287652623
27.498402305678525 37.314528408983236 286.45768606045505
40.94901958746276 137.4245628917262 638.7835902857945
11.899832546287245 150.10778136191948 655.7019483942154
91.55732488432193 402.14506412520956 170.53623732814387
12.903225765364223 17.018715265761937 647.9567992377654
17.146936006270636 65.6358626531743 1423.1475612007382
399.33891133442154 9.536035467039031 1128.1662458267176
223.01278784021784 237.3811686036945 1417.1099918127436
45.99007132964625 577.297027242951 146.6045581290254
40.21369195267413 183.54684498167947 487.5549088170896
504.3690540844339 62.656509127708624 840.5294623157159
81.44097041727287 71.61978174719424 847.3789639120647
511.5062964201736 42.66407787743455 1491.2458307069703
8.667812235076147 5.483513499048267 1055.3882013210764
40.48461607926013 545.8440595694353 28.970917876415815
127.98994879129262 8.915789076163003 177.30224853809966
265.69155133461805 191.43217843553884 487.6919309247761
39.166596458230345 12.196815269021574 945.7078910727555
115.75358396455357 173.86896296194826 1100.0013527521387
64.82547376925845 540.4889282104962 593.9175551404417
93.01709703789827 536.3509504551101 69.84487219516272
65.72039330721843 123.7760917639835 1352.433408382154
166.8484692955321 44.57957196753834 184.91964952742612
595.7840569487256 132.371026530815 1483.3585230177262
66.53484671334355 405.2350813389574 22.479032114112286
252.04555640956997 37.37204938004544 105.42628943353249
257.61751176412895 12.481468044949679 456.29908635576925
137.9085365684043 313.1099717152586 1049.2217626266608
174.28244233902632 223.5992777873106 46.3653033512233
115.30430008047585 367.1492185408769 751.9148775916644
52.56849037442611 247.04794843409425 1440.7300761217316
211.29264042685452 134.99996571599632 1017.70427779329
71.11870535301578 58.085885482728386 1475.9692885175189
240.72926877648402 5.781601874758194 1118.8651402440557
224.9857541280964 375.69784694767395 471.958094780396
40.611747582341394 377.17786697044005 1144.3679666415412
229.2724747465607 58.39991067179985 919.916564985745
153.85238764399685 218.7547947863309 1246.9363279493764
118.88751133121198 22.5262139303923 1128.6596746796727
211.65547657195143 190.0357258088241 1223.3414445386597
19.358541864941696 220.30071536465147 263.2588990363165
64.07269218821828 61.800282403945175 199.93123314683598
117.0609793245448 211.70128286996413 305.7196826905093
71.98545320174867 192.19948497102405 1482.1595855427388
446.80384064505716 63.71339616318272 1161.4955711013858
67.55431661125803 106.34837595500576 149.08800919468905
40.50315698957376 237.45493102105226 730.9061157669066
511.6957397807515 266.1203431622065 546.1107191004863
151.17980269448827 48.18901147658954 1447.1616390898241
104.98130756594828 14.26075028375494 956.3418781499457
443.80328067711145 138.0655382414737 1361.298543507481
463.92965867721915 344.8072806214476 882.3058093017397
237.6621964430166 20.787126095083895 317.0955176435877
260.6176144729772 426.1753245691712 790.961568852257
164.12276239194983 58.41334387040855 211.27783685373046
116.81700135711004 121.7345066346146 249.20550051933787
42.73968875719484 259.38800833799746 442.60842455929753
174.05404337702498 47.99870763409341 1318.204750596374
435.46474534075463 3.8294512004492103 976.2421499926412
111.36236822703054 91.85155724184477 283.14470123946194
63.7945432374186 410.90846208085725 280.2684940088361
41.69703596055258 14.308571570008773 1181.22514903942
27.14827412627573 2.147901626014722 340.05487853681007
199.65798167691003 59.06339442774908 962.0086116544255
229.28779344213623 510.9053472329145 4.599939946341946
380.8507812245639 57.4894284541721 1093.0097423776706
248.76883995540874 133.6071657843774 555.2184377646992
10.579190165152871 223.82143362509618 687.9396111633611
148.43626021687106 16.413525995379484 660.8193712005565
232.80773266899305 205.77624293330538 1169.115036043259
0.963846896733251 244.76201372746712 760.7968125573447
355.9518479026292 80.12503767126438 1112.1505236226858
77.99680935007758 8.0282716962157 1209.547034171057
320.13463424855 14.11109771361402 799.9258223841302
292.831341559493 163.28623421370494 353.33689877482266
606.8312382362346 24.23573545218489 1481.05537910736
252.52250721117443 15.22204201003394 652.5498814192805
548.6674496371143 131.82188392009425 874.6154128904212
53.47692690704831 69.23745487624429 1052.5488913289023
405.7286977200317 275.9170069617402 213.2467267235293
341.1753296630182 150.20128039262164 468.1020412008959
441.71401490957925 17.321692720073887 131.92141999074124
209.0205332160516 84.08170254542945 450.0135467673493
157.86347868850774 0.06616757920701073 1476.8303506271502
30.269110578333613 81.88873816952538 553.4646302324892
472.89088396456503 147.81263584542904 540.5136217592583
29.215648160125728 252.44153830106035 1044.9310111000066
31.459042784507396 158.79484195043193 1076.3427311398812
406.28991338418905 219.46661431648272 983.4305139651169
78.93064847528166 676.6878637686028 995.395058380976
26.076258081590137 541.7022013952742 472.56462769815516
576.7542864619232 20.002382702265294 203.16379509245897
365.54617626352035 78.97647861854469 107.80075274287249
241.2800412682645 112.70885271408359 205.60019596917505
231.2632874358548 85.26744046481892 122.94519244483065
20.11375271958521 85.68014939333445 1355.2617876298075
27.30180933042424 556.7428959405237 144.47168068489114
25.27559173475524 124.4307112739158 469.3088419740457
653.6010306579643 92.01086978634787 139.60179883110618
55.6040541296306 11.968969681510583 1273.7140135545833
4.804019589841775 61.280106657143776 1162.4904880311096
315.5716447238522 26.5256216823464 406.47983498471194
408.2341272442897 125.51197831675313 200.0156901061884
363.34612332007526 125.11260603207832 517.5812428406227
147.56886476358065 246.6412360489361 925.400677695388
32.49133574870724 70.76365872297518 489.0642874898022
406.0892162337927 64.36128007784112 1469.7576895086058
87.10441677106286 237.478932153291 881.6713457076368
234.24296070116068 41.75847184954098 197.1715033929014
282.5802305727686 101.71404777081739 129.70037202345725
19.308194908456976 44.69205881137966 302.5052798955346
4.46342550695938 78.61690169240873 652.2267662012827
42.17922193830642 590.6450248618102 1084.3819430352833
422.64879872756325 259.1123116458803 1443.4817710012478
243.39715822278393 503.5146668041322 1128.269384908682
70.64493710958398 476.39444961250393 78.00756672660137
59.78460405151379 530.6403564915375 1467.517304856512
33.331345747500016 267.309898446661 917.5974414474399
535.6410523470448 34.84235028000554 644.3333145630065
117.59465728297765 332.8536348976863 1194.6407703917407
702.2815661669104 110.94647185507603 839.7896874044194
152.66323160454124 78.76174245335847 107.71945366667501
68.94905821299837 101.41224411164309 287.8095140093561
201.27903309830776 271.1473835852878 659.4268778850883
106.51681399953033 63.396139343609306 1239.653372283994
216.32791128626664 438.4840568650189 861.1787641969994
48.2371212614743 72.61941514707914 738.095791367714
155.96077849254397 228.52104306954018 596.6575658766225
62.017594763108576 345.32939748872496 910.2882197648341
336.2215216800885 28.23621230608891 1149.4357515264467
178.98946598042406 22.356901137045195 643.0592544041724
201.46997742926965 332.58567117337634 505.113840882263
138.8559237824451 119.87643163665538 1393.7108871265757
87.75667338094217 342.08394221415557 1102.6330932786723
62.188901624752305 256.99826764623 1214.214592302981
139.14667973555242 50.02336341149041 153.96330640396354
228.42398326102526 262.83102781811334 23.821953880954872
398.4423669176736 23.803337993961073 1439.463944764719
740.473024466852 162.76866355341397 276.4089295232039
37.53991271649244 18.5239830174063 149.1796682852829
21.673236731261696 37.8381752375549 257.5850409770223
375.258280035506 21.427300170924205 1325.6914249798967
249.61434975614037 191.57522697929474 241.79678781541637
577.678719525735 366.6784567092331 1356.3367150586178
79.78472207155119 114.34683680401572 182.35663425323784
14.318380967085348 14.724090784637367 1143.7517047791555
63.303429252900536 591.150445515827 595.7023468968708
79.7613409847929 160.92230789172407 585.3642165121229
5.2346654321771275 617.5865866461188 611.5103425497139
236.09587187226987 55.979443678975386 256.4200510149739
181.77949763688775 101.42983156199166 113.75211668691304
251.75852317783898 256.7532471769659 1124.7309168505587
148.19552848195653 419.0198978757574 1278.50319614807
143.07105694793748 121.00837141335322 1189.6112534845224
17.697381556537017 1019.2446296155465 417.069819284793
78.26409882295202 1137.6378075468947 1462.419477694393
347.7274639569904 577.7783347415123 1039.0892965487587
84.08141837643677 564.2174377550874 764.7991158598854
112.49094603910044 120.30931047631262 642.2837881658465
37.29944645449312 201.77192714931675 1400.7932322067654
216.40539944348336 266.1690672059632 849.4442695318365
552.9904406794852 30.13808220280033 751.0927396047095
61.329037766952474 277.08295355312515 553.1596693522617
79.39995383448114 175.6929255544229 501.4879337305403
91.15713968993721 66.45155023914768 263.766768678297
115.4093219025227 13.451034507567522 624.4069305355424
259.3755577568159 92.39011028790726 1359.8513973087613
215.93107459704092 235.784530053266 398.7131039633491
131.94935459871962 32.883932143355366 1272.111250874641
45.8741822007321 309.83624364356814 85.50779949116166
387.06239932044264 328.6192206330477 455.05956868990893
545.2774163147898 595.2104396492329 413.12547410295355
155.7883967179842 14.117189176488253 980.9455245498875
176.3664998697251 39.75094251425635 797.161867916908
552.6475232296779 107.63640758140853 1122.2723452403932
327.3394270369557 134.80037487463665 787.2610788711561
23.555172189026234 47.10523861647434 418.10887596902353
359.2711511426516 161.63818599311662 976.1368919728111
187.22051076457137 0.806622839307526 91.16866182456678
85.3317669365465 102.92347324435865 898.2301607241425
208.31466368777055 153.71884499048915 968.0382093934842
593.8269031388766 90.41929311462536 1015.0347855746323
509.1974280682134 78.97275914292207 289.3222395117398
92.13937114004612 24.256568739939656 746.9062949140157
44.88867503024002 359.9715338933759 1157.1925898847687
437.73272482891497 86.81314779816871 649.1577363685037
219.30403557801674 45.04873852821695 1011.5051786189601
54.286335407387256 32.61450165967869 1302.957748620144
248.3014887465621 290.5085577025894 115.50442073897766
13.142221734634857 238.4928292590162 390.17734182003903
40.4322681741115 51.99738631562656 504.2078235554942
21.36791285804995 4.80436867296338 121.49843942282662
290.64553946599176 35.54549394036245 898.0214958512368
18.409814942807117 0.5974453616227502 1317.1033562968416
555.3413912503694 96.50992718717643 831.0484654176312
150.04423762996058 604.5029570598496 239.13757061745326
24.050024200145305 81.02255449428705 863.1568146957662
1336.6598881525326 503.37816162137113 478.8270653622235
42.829046017925485 1085.2860431647307 322.1652123491895
121.02550213251418 56.675197693569956 581.1046937823014
142.52530933606846 171.10513367047233 967.4608365051041
160.9011046318735 86.25899337917146 705.6821639987995
98.7742920877676 149.88855013114565 470.0190470751851
222.87144803903684 16.209449245500213 719.4859855360272
161.5704274026906 123.49198501189571 1294.535119412487
142.1718399536655 32.55274016706393 36.47518401774469
182.53218402778734 652.6560923295893 490.14028048771115
376.0228175293765 97.89383839583604 278.33423211123
107.15242851705409 55.72442247892272 1442.4712622302427
40.910276361611785 88.11292723735508 1415.3470382184416
47.464417620467806 172.986065729223 1356.9516957475776
273.1872435459602 5.199126640012191 145.81820869622857
31.34454875634186 145.6750850066669 900.5789184778183
446.2441816395642 269.2542487592157 243.9703894489022
482.18350852468114 43.57584521501491 479.8478061501943
89.6834748714241 248.412355252206 946.3353971956175
185.01246545993988 44.33192754337741 54.59880646863208
110.97164248239902 701.3147350305883 365.69549379212935
442.3845033878656 70.07902386945317 1432.4099572523348
115.40585566935269 14.119337975315501 595.4876756834999
128.36183170159995 876.8276706212883 426.8966568861988
13.648458895844682 266.90448688086803 1181.2139774871623
53.69439549237149 279.6247660559549 1384.9330665051932
72.28486451753945 75.36851595852453 1031.5223395476312
411.5383605729027 138.8423536049234 1423.4040618625932
190.75651436356017 53.63527241794247 31.9673481231495
203.292095166488 451.44292974777545 354.4640538426825
51.172726194684536 133.50985068941017 426.358098167027
30.78195281810719 61.76024979474656 333.94903381872007
415.1060085738542 23.251699365346514 1294.6156732729085
13.68006562479914 86.45570955426672 519.3851238187999
137.77044217717 183.65043217207798 51.19099736822413
79.39768470538067 1033.535926578826 469.7315938259415
6.786513662178102 304.3290003305786 690.1765726437545
37.16817335318636 31.834209021584638 1091.7828257602716
0.8870482253592981 25.7129296452206 490.9337686599665
59.86275648089986 11.278009460601588 1287.3490031205938
64.62482495349734 30.017996083853294 1302.8307647393328
328.7211528441356 186.00424979584037 1314.6630205873244
497.85600755883166 57.682228670122186 60.68645514066551
380.85266763336887 48.28298564122675 144.08903948875135
351.6891087441117 56.28089135031453 300.6055155250379
30.319486682764847 355.87222213309235 254.73423208979156
142.0404388248023 56.19409506568016 698.1757558258539
18.81022713706517 7.13230844175268 443.87317928189515
4.805698474790373 95.62289148770392 553.470886697523
15.44991817104184 6.88649959221443 1142.2621572747153
16.879960064633394 92.99656803244208 1492.1277028531242
589.3620959164062 298.4682181440246 391.36841606555157
419.5624858930187 90.0889238823353 633.8679325728671
673.479688188764 80.72325020645297 1434.502970990195
56.12731226046622 837.8900304119024 1001.3915734866987
413.09917582291007 743.198926517543 945.8234321928452
182.7065311609188 166.18597700991162 982.0257609726071
0.14751549722453844 230.08441003344103 232.18033601773274
120.77607305741356 57.43612447261395 213.95355322204918
8.429338442659478 306.98915870335367 1137.7647027118699
441.9701457855781 201.9395548073648 582.4213849814922
174.35843468741123 28.24821429881793 1206.8704887032955
272.4412453760308 311.6227719507584 834.8308223048818
311.97724883182747 395.78024317005804 178.78333924269918
454.07064595787847 176.56275014212332 402.9445199503242
12.342758043958048 47.434438302698766 4.295149782806817
14.026048751550347 91.06257556535773 438.22766178771246
140.48466614459852 102.8896438000105 393.4772972879778
95.54596198207778 7.043303455950642 5.606453064638028
143.07090281140626 97.76811450460013 305.360713409549
278.00151991122954 424.6745623879785 324.8065055868256
220.5359047639313 314.9244647458257 694.8214292635278
91.33717191608143 250.29392891224398 283.5058670018636
154.15677199053593 51.421259607654605 1216.262075567246
123.62889935021157 138.76905017985507 108.58638933912434
235.10287286359653 47.15448328341702 1342.4064395995356
420.3409629495525 153.9555493561393 1361.2245671038656
222.41334727425874 276.2798186630309 838.2409048258492
22.933891302964607 118.71624405963301 71.21738158320606
56.050117230610056 152.94170219583782 997.9066840758159
531.9992076559603 277.5613481171984 879.2719539142068
638.6213401591596 275.4776280957692 812.2245680511794
340.2616185290429 210.58199626475692 1314.998429759882
159.38014173537334 65.99015755033261 1420.87182581988
232.92401130991277 128.40629353653776 335.85363581002736
38.58034395124908 8.093664487471493 1389.6282932787826
260.1303780434781 297.95843884473203 177.0334435085115
285.47116238955664 512.4451922782379 256.57815590471114
861.8929654653314 130.14320985225402 74.56067877343963
26.788785153516688 181.11908302556373 326.52579121365727
18.874864942795348 24.81400070314887 1043.8271653954666
146.88821719377478 104.87835665073743 574.1935766654373
44.55097439723071 331.2244286774769 1288.9079815006394
103.8509215553623 168.53603032621106 419.63400008325374
462.8387625140932 440.6845712638246 1192.4071149080332
269.17047747670057 428.95330104537146 1115.3827593659685
357.5120182748194 44.54398252931597 242.35628350542842
665.2696824543857 250.40515623012567 851.9009911737071
31.103306749594452 140.32221552526156 1062.5885685713604
279.34157760387615 119.60695739307208 119.6003095596937
17.923072661922408 115.73538067563919 29.03841364909343
489.00937640466464 280.50777817701504 189.72576517022577
133.1567925483217 177.9067663033712 354.77203453358595
71.6546773198026 369.08054658775876 772.3399975757459
61.84041621629673 433.4326115758551 1474.282781130655
202.45069608606246 116.72883005903279 1147.3460609931271
92.78560962938033 207.72802841799717 991.3248132557578
21.568862565913683 313.0310216730585 1115.2128354262165
422.03246642769443 149.27837083917572 100.85302655015904
28.51591619023766 135.2320491764259 1196.1630200803997
2.1445468882742613 47.76353972667822 782.2691261702447
369.1810362079423 59.26335167037371 1242.120138786732
240.4140421374033 2.7666255418353582 1066.2680146903522
389.7950688075449 676.7061751202409 1119.5475169184415
16.919413555814565 164.15548184863107 80.59959209185119
179.52575752596246 184.16639079648934 982.8372661798505
85.87730739830658 34.75193668091022 734.0359200785399
120.88881727700628 152.31915399390763 663.3652341443186
36.4507190262596 5.257549199426783 1237.5542095110902
1206.1975093767562 215.6590760102064 1291.946419580265
31.109805895910085 146.6171040336953 610.6390999233607
501.38603560991487 174.14560291632966 175.7058230911494
183.05855448456373 672.2476655047044 1251.221769264015
536.9512420213761 228.2495861996447 223.42729074812573
393.205840081839 407.5157961044921 1165.9288195253212
117.4247322286596 204.3663265580518 1093.5979674377384
145.88853727296123 56.91559312583707 1254.7450799945682
30.25078298284075 205.3981555538762 769.1934289109903
68.4260255883981 76.78950391403815 376.2418563878136
66.21208414834123 187.45324928728132 865.2412557617574
94.31563126715406 218.50810591787982 519.7927311661839
26.593469375652873 171.01773610216395 5.185288767833807
384.97507301132816 281.98995511168226 1319.7317278835953
6.564222965928357 555.3780045877854 1108.3412803276942
51.116762799079694 499.3730217519822 1242.0022075810682
26.240557523200387 347.1869993585032 561.3104413093027
73.0849253793217 758.9745855701226 463.3088340256566
538.5401051100123 228.73803061952057 1070.3154766503906
26.086596787763238 26.262749349747367 143.544775465504
94.82949229812479 164.01649529577634 72.2770093228125
126.36456598234909 3.8510008016514905 1261.426869458294
84.32548743707731 10.28745585141803 758.1227313988808
70.76346660431979 397.2561838623691 348.40113300294706
501.2080713678646 71.70718970798407 936.2073797126508
123.67489139866647 123.46081118405611 1163.2498613733294
183.93901117660073 38.2370001932577 613.132085061636
12.964552920605243 194.5714867091745 521.2232711798455
93.53741195754161 39.887112568244795 950.2302280791965
35.32891435340222 163.78759498185693 496.72704638123673
89.40594620948895 57.4698288794383 1413.444047925574
154.497263978255 166.25274398158388 719.4143116609418
134.0214383246244 1242.1430469151344 878.8196990168618
19.755384941027373 160.96889140393262 507.8467605201586
815.0291610687301 23.471993586597094 507.43601897287056
460.83144928703285 9.689935435365795 507.14877857827037
63.345932713030116 6.584091919994947 455.5164366407093
501.7409627072662 475.14019121170827 531.9859826273466
72.77492840637763 272.300794922456 1065.8249519688172
79.13358609321367 262.58619552274035 1406.4743187025085
330.0644379295556 171.07682897295462 652.9564866145304
71.3679840134421 752.5855669017506 12.341949921187423
73.59742241169108 187.5284276324825 1190.1753813882228
96.49929777736952 523.1306320718718 382.8981260645763
639.3597791178246 461.81434912541243 972.606624027309
10.654169312863356 40.43782016825034 167.7719573963553
72.70174862243466 10.256054536875325 549.9385022108479
620.065815998267 47.603298677719486 286.57564311906475
95.82310083470858 256.00141420508817 196.75476459384595
83.99828404518999 463.73580569768905 708.7306437577068
58.937622833064026 210.30789562125057 1336.8934944425673
181.26958755417436 11.404850425554129 1258.0800153199787
67.73501186038573 184.20156533456213 168.68168972016656
170.38419125958748 65.92571425578993 299.88378321085725
419.4712128037745 741.046345530896 810.8808235626086
9.613431157703863 208.75621341121172 748.2972439832705
192.04422197401118 58.922535879751294 1338.884636073245
140.5382295202208 93.05454673826623 94.56387973568204
67.54237943636961 239.14300423962578 473.1282210152189
189.9224063661164 16.780163293317397 186.88787927664308
468.20388431801706 429.44837603884736 573.7865866107988
51.082391053584985 107.36536722401446 1091.632287958422
76.99560240593537 638.0702348886276 280.8894795133127
889.4288938478287 0.655350896928854 1316.705920210251
252.67983052877332 56.167306396645 1263.1964320210395
245.8526740259404 237.24694838579362 1270.0447608255836
429.8213413752593 142.24485714162262 1385.0810196225584
700.2389452391352 96.56377142898384 459.3127141180686
207.65610002561644 65.73818834340955 1152.208756186261
86.89295652296677 362.82619853683633 1053.1457164537908
90.94353569991722 334.03343658319426 393.51579952981876
263.3328047943433 64.91738320516338 427.12142939543355
14.693267468997714 29.997660426956667 1274.75824013433
6.161431190051125 598.3635640031989 726.825727912723
270.69502027357083 450.80563811621926 866.1764526004104
425.49635681524336 26.351879464359225 798.8910526266989
53.949355800174246 21.39267443683267 663.9733128161848
479.68787168884484 223.85410312987523 1261.2539711045195
506.07023625463177 167.79231828307468 1206.3066737964116
22.702986502305063 49.13303354714461 737.9510827757528
81.2141082336553 594.9860224242367 278.53793965098265
93.46369209426044 577.0206661580394 207.04216728403185
30.93354090586256 98.83278726002486 475.23942985231963
239.50968996481103 195.62286475167986 839.277592915335
67.50063247352503 71.93175806480599 1340.9905362075506
294.31266830520116 835.0061410753291 1044.4629347648315
1262.0079076774239 149.7400703496995 716.9394820137481
371.7420320708178 18.140983533508194 1192.029700161318
9.766106612250589 105.88833927456456 465.61797555672297
34.16106523692071 85.60408665804727 209.69693667445048
312.9229012349369 114.69545308325515 1441.2642970827333
158.71497897328243 9.084239704073408 1496.7194125190697
707.8996939413207 57.729066190976255 413.8227667343425
181.29865201335986 300.72496924893204 431.3385545292844
221.40268325997127 4.449446680030359 516.7862080531385
383.5566671929662 77.21769013575901 512.070082215808
614.7853828102604 79.40394056160824 235.79809936070356
105.96332557798272 396.4184294192058 526.5333255968043
191.11933494652178 134.55281322543172 900.2209333868767
357.6616449330991 70.23506121911434 279.1907959324906
227.33015166109868 178.1017075026882 1337.885117099055
85.54097563385254 89.09213988563988 1423.6827441268836
305.7928915113431 133.98792506206533 723.5387748175647
194.85556766488781 191.99642410909183 339.81300750799875
203.24270520485564 228.80330929959075 598.3780988827282
251.39378520100303 64.92534281699676 1175.9418958335334
102.4786465817653 136.7452513119122 66.06404852027464
152.8307478303537 54.29501758492257 174.56611062319527
782.8432463469743 323.2109050097702 60.197388209658534
65.51624704508758 31.191424612345024 717.4339134179704
201.02563345519889 22.603009303870916 679.1168809290501
163.07553678106538 127.2799340642234 1452.5680972939276
195.57936027161514 816.9513845799308 1186.5771287304758
312.19848299390134 237.931648989047 244.25909965255454
202.77723960517739 87.57348679682717 1355.045908562416
307.2097945784235 19.22575786402864 775.8226637688939
94.66491107931141 46.270501103317144 1294.7616089522903
42.14237192991453 4.693530296011216 165.04348092320993
40.43041841888117 193.61391511580197 195.59623637379826
403.6662341741244 39.42780304164648 1176.3830931041205
149.45030708045115 129.24604527569417 567.311771246466
221.83768812059088 3.323835217145704 961.6620297436126
270.38523728314294 391.444076559915 65.56181571746872
146.74277722130105 79.0267807078748 594.38556172237
161.87337719261652 480.0630542461 894.2591825839435
141.00111321548093 106.63455475868528 1291.8887455253237
336.1251347537044 298.18854889825815 764.0573192354432
205.86790130413527 29.283420358292584 371.47603512981243
377.9357964066709 50.90767480467173 41.93494385272595
291.779352738357 68.17033361039056 1423.0475552239302
155.69096309545913 27.294521502796194 1341.332733159902
262.2404795680502 152.36536032621376 362.058253164795
0.04872842416304502 102.14260187496144 390.04331189482565
285.1381852840663 13.592420409385433 314.79229189308603
101.08527870588892 111.10263511538194 605.2331647208528
21.04449796371937 528.0533906931191 836.4600046226423
211.208951649055 488.1356464653445 643.681118081196
108.14808887962184 138.75157568418877 445.130391535735
15.945369847094696 165.02803147545907 1394.8777013975257
555.3208689312872 76.82155142969282 353.04507590861294
316.0451862278708 243.39473314962606 50.18833524676497
135.4042103762613 31.030984824484225 498.622462654473
319.6865095646486 138.2250885394761 922.1091894630267
28.835397942916703 759.0403055299299 356.2635166117842
30.0106580788928 36.586578192678346 1095.588947182832
276.7871372446808 229.7522638345263 1160.5792982697599
309.5848182937811 83.33065609031229 654.5136818759111
291.4866655112668 325.52325517126735 1496.7179472574999
281.7997255665382 3.1343024713571235 766.0783171679652
386.41640028580593 70.57469405327743 474.0559370403483
176.05745984247784 742.6384432241134 1200.4763469392904
17.056732251355815 329.6227681703437 354.7966441734366
94.82582721777707 253.84351944211065 480.4317741388604
4.535398539054975 4.268126824802114 565.7085489170798
47.759846591545696 73.26679608052305 1047.6293008166192
30.676603974204188 109.35480071154626 590.6177723697961
531.0685278889223 90.50494601748676 862.5799794128638
164.66962536920497 180.20518414990318 85.4400919675754
26.23652869824693 47.89941102127048 424.3462339989532
227.7744786721929 2.2309290619560707 499.4204545509017
73.19135079295525 248.70973958716536 765.7708698530441
69.39006900212999 180.13015756086023 12.23472681814808
154.31188379645457 38.96700286635682 797.7176793461508
24.301840012605368 152.56089199559983 1047.3429982447524
866.2874595300341 177.02842142663997 181.99182734967428
278.8106161352401 104.82661607531779 683.1371044374982
370.6098112667938 242.4808412193996 267.24262451504177
5.7440334293352295 42.735813231907635 938.1780946600439
177.6109456165197 200.83091301778276 1341.596350713567
71.46285188840349 3.391204191121575 41.09715507805994
3.130085337689243 121.32336514325912 907.5717711841006
17.13710175051787 133.0644885792555 389.64978621026813
96.53146429979829 297.7185220307599 831.204998750003
168.92974037724008 190.02578746636271 784.4452901557016
61.08498232692477 126.0102992150205 973.151246820997
292.20614602936126 387.0052386159687 410.40755207960876
25.40536985837984 1151.8461262245048 1127.618746030258
12.349324604522142 71.58289115098812 532.4417886770976
621.278635315883 151.98897398853293 427.512458248095
117.77448027023438 134.62213554596795 8.70782594725561
377.0507065179097 109.58449862139193 1253.6361098644688
550.2197403601571 496.3697653246369 1166.582199600951
528.7485318414076 202.7392913839074 955.0968687811771
28.927649482440955 76.44458111811142 497.4343712671928
52.75734250416346 80.565612156471 1324.383392904861
38.283227143668945 1029.1946418723614 331.3912954746671
618.2528330920529 155.74106383453588 133.85974839397065
35.41987469556704 202.5068115555512 1481.383895954796
226.6266097563251 1.0476435366325454 460.7332199287932
27.64195709610019 303.77487097677067 905.8759283335137
47.251748420635195 120.8674388634404 1365.1142305205158
69.92700819012092 40.02013848454659 518.2708037898083
42.924017687725126 181.02803782182806 292.3356550270691
96.20259397699277 411.85708906474065 495.0778068969785
49.733381023789306 265.41359941043925 1466.8194436387785
119.5018736124538 170.61016796594973 509.6700405017882
102.67467191466015 104.01229173143469 1036.8486363886882
170.25590040566397 182.9120930040811 183.78642905330034
181.20000630325112 421.77367890240305 955.6416849833315
393.2960626446403 219.13217792343022 1263.891803953088
52.70766131227429 16.175440522961566 503.84405891748634
241.41714488672523 10.847102207484562 1128.6332124878925
199.61994709639075 177.0310574069248 529.239675294289
188.25619613678305 100.66450551923766 1355.1706062400206
358.94038700664896 254.45658293806756 55.13093268946445
67.4123131185486 345.1304189542513 757.1896043879522
404.2387697178003 150.04396128307584 41.92181587675697
66.68754083361362 109.14330416976907 27.570160390390065
17.81439582627727 43.3014510035631 620.2120649509407
87.00322492367323 130.7451783164295 829.5490778782452
290.2469982295972 31.147062468631663 554.1486755822191
16.992854555700127 150.4503537238613 1192.069210570171
119.4126816712914 498.1827087191956 609.2335372974813
156.65675594339996 241.99115457685156 710.2929267136215
104.60472411288515 254.37870712476095 280.59954674320215
49.900899326587194 58.185048403897596 665.3757738479965
108.40572171008114 41.584713671821156 1163.790620276697
44.481858633825006 424.3170285707671 714.4973327994219
167.41641056473523 14.71938790143199 329.4111754476395
218.16768617297816 77.92687263785207 38.20869215638495
218.2340660166138 83.54173357711973 168.31653795800432
224.86192504979238 231.58089799000732 660.3201951764999
329.5217767395677 388.9713566831233 1364.6093539219555
322.285267336033 17.55046907486379 284.5432359350047
21.908771634579644 195.69994424986464 647.0530286015384
15.59015334030831 22.603852928615858 550.5843278293555
187.66213500857393 796.4050696695675 274.30888952081574
29.323642719821297 13.502592349694234 765.8681753518574
343.2704343727916 503.83629732398674 21.293765573695445
361.5305527183887 373.6600661568761 160.18599490199537
248.1461750340097 383.25641365611983 1238.7826720208686
109.0699227592528 168.21032021278072 1419.5737555348044
58.65787728771538 194.09775792460377 289.3813921792354
70.4441161371586 90.13173419722197 1476.210946057205
710.4291600378199 97.3806616413849 1203.6086816495028
121.74994077043262 234.99613485142189 547.6050994903665
495.74507338988576 214.04405111935114 888.4587196361364
845.3072453552016 29.74009492863217 630.1625336931572
319.8497517703498 34.40510741470662 186.80597863253595
181.01575236693938 0.42773806691516325 968.4361361083536
83.71923628108527 10.450578158346884 241.8251559131389
70.30814509155893 77.01424079689649 1169.1298745061158
33.11963247838459 40.31851324948559 1131.8548673304672
250.993750746206 91.07261467136594 571.4071251833481
713.3049069762243 36.93086501515199 378.1987010389041
305.4880534186474 42.494260142056675 1010.1052934707336
445.27713561954425 12.33877924416394 642.3204097655813
27.183188064249176 379.20546345669794 485.1081281201118
12.506931552632325 171.61321166505837 1363.3673918441245
90.71547085393833 165.87654074805926 686.3090735247744
465.56499482662446 11.808504081326273 808.352471224099
1009.4586783179029 178.48543876897483 50.44110055226136
282.20730842994334 99.74612902855918 486.43214107997204
153.78582863961648 199.9354259914088 165.45564103755035
103.7247498904153 8.761884588622475 1162.8295897872788
282.47448474827934 197.76065402142672 81.27086250063259
792.7981158005268 211.91465709241172 472.85017313421235
301.2207954283241 78.72634499957297 1422.2880750730612
82.36978892923409 607.0950529732295 180.50312483461482
140.56871991872205 699.4070818235932 1147.7124544414758
977.8244695744339 167.44709047527698 366.1061878073182
219.9193375234694 110.38769615201926 80.23757012742561
459.99863682750856 52.014490423283874 1005.2430929521129
301.04513647711764 80.50399402529088 1253.6003048195048
90.17118725017308 216.69918955949257 935.9513101430747
337.7904521901471 129.80780798513513 121.56201810642031
879.3623817652815 70.84020819100365 1488.3038341162348
84.5604363686139 144.379949320948 927.0507634215461
286.84676111644916 11.480796484273247 1353.3828999509544
80.37964346324483 264.36266887934386 131.9889397658917
27.926389325843253 41.62509744156952 752.067609125938
197.25800808276765 251.67378669630992 438.9223585842317
204.09769038850322 66.21556342081003 538.9817344007288
155.10023124819133 69.88101377322981 443.614879287987
108.56074761211214 82.97095122240032 419.2236273479501
46.067687752196655 710.7423921211193 362.2533617540164
130.58629703371955 182.11899024777514 565.8216720674025
462.91205910174193 15.24525966582268 444.4638315491069
20.660790790180915 109.34104983840558 672.4440400230421
429.2722839516684 158.9404760556428 1444.912970185711
309.6872106359164 110.9926504218622 1398.5101387209502
225.32668678281743 92.7185159415001 558.1869994375776
22.14006111354746 433.99372571000265 911.3263591034007
195.20862869113233 1.75730677844892 15.681959577184823
27.999556227445844 133.12826434185925 1447.5051669755403
0.7687385847996753 130.8845651307825 269.01206210808454
157.15912602695755 55.29265695354443 504.30894976636245
648.9832726252918 52.41569886114675 583.4653964254121
149.7635671235829 230.9244947788844 601.2658269843574
425.3453303360631 6.86092385022246 555.0940281619565
45.13087433274317 6.3054247022595655 503.33826233555743
107.7650870421067 80.43585532405724 224.2654257898356
161.78439335641303 339.77116627953984 656.0021975768798
460.67408513075605 165.671853332703 1228.794393096229
1383.3563450376432 39.73625268427174 1174.8188113757549
22.405424239696664 329.9755825804371 966.0468316180222
295.07030875165077 115.08950285961157 1030.550496253177
387.89921543116105 36.87238635987783 980.1636026033275
539.1470016743862 166.72706151977857 1487.74762420901
47.883825272013105 183.15573418704466 288.8014922667973
144.48346973913334 212.41122166397525 775.3493916720677
195.5569148083968 128.27281067184103 1210.9526768160151
384.75253953542585 311.22738021950704 103.55162253415511
963.7046329325746 453.5973578674166 904.2304160626834
115.76254226079573 28.482780179460732 970.191537281771
555.2375988020157 145.2513160483246 119.31169994170283
103.60023053726464 158.7047143130402 744.7910014357359
123.54312489838726 337.30255840878937 1094.6608216045418
622.4234210064177 316.15167895427373 61.95204025142298
171.09632749515026 60.27722393862227 774.1032101186674
103.42755309240479 281.7594726310427 614.8311356027101
53.81209396216129 103.0336151500876 570.80049677565
769.8046762706844 289.22990060263334 570.5638367915128
179.55998348438428 81.06912630645627 1392.7947224550876
102.56300556975053 272.25393935757245 626.8880853655302
129.86092655403098 675.4437320810018 467.37718851317584
99.37405514268278 17.183619470876916 1128.5128167220203
15.22682753741938 31.082665189614563 690.1443786014866
82.92178711744398 174.84200910985652 135.07512822894958
347.2890144684549 135.3908215458113 1168.1095537272706
7.723762012397163 21.07095260599809 984.3904534348935
138.28403809520222 416.8800586213013 205.9636797543684
100.25826335721844 123.73912816665411 93.59872245943335
149.15820097588025 325.4603626165949 597.2357021767192
151.72781574271275 332.90816802864276 1315.1034049570208
55.400811044952746 38.307700571120044 539.1796133487132
61.959761973507355 233.73478727106715 545.4785136808715
147.77331276082367 227.3356375106478 1069.261676376293
193.19028402851478 459.1809170814058 614.673673460744
50.966856199724454 551.8621610917888 151.5145928374301
160.03028347159304 330.2306226632211 598.69552774612
99.42382151368702 324.2949997982648 1066.1190037072208
274.589476204565 304.43288138565316 1060.4152410140298
101.13473312751218 72.84041979239706 40.547518740789265
555.3414929594123 51.55821775577849 552.2165428526548
88.91324992846918 49.32699893268766 1470.4487011868664
1.7240604278190141 298.7886394813382 133.7080327800434
