2000
82.14860158085531 107.33754870219904 272.03150008793875
583.8096291953606 35.73617608769786 166.22046193734653
30.222198079718577 755.5793927200923 304.8693164047253
210.84598176212398 483.8247127996194 786.3662797607085
412.07172452385413 52.7487660194548 596.6009713781087
135.56927212150643 124.44679717707618 277.2190993477861
130.01252298741613 281.86465624329503 1415.0808689354412
696.6383532576923 454.00313395370165 900.6449108272182
216.67346518154412 903.0938989862219 643.7542049437305
360.2980331568471 2.5237601694072693 24.28575971668545
58.897104414775434 75.73371074019654 1482.2714851060643
462.57550886085255 27.264922374493068 622.739590701711
12.91170518734501 139.02572994550627 1370.2330000493384
288.7394988492657 594.3964546449126 880.8858162527536
1183.1525167856346 80.46048423860331 840.7605435639005
41.276702646340226 99.58994654592045 1133.4443328478162
47.077722822589934 21.486265996279325 618.2226191176487
6.1535843306492515 184.97438194625911 122.4200364382882
10.509419829364468 25.251031796034546 1006.1829104397805
407.10976095231894 27.728222343859077 52.7675843630615
170.7822961488155 158.4990601821658 1283.3940146738253
90.33644593974806 224.71120953919876 1183.0719415292097
71.24997208116125 38.81503748756058 1180.749527619003
11.624902385120683 392.14560377197176 1241.4248287179537
11.91354428820196 39.08571993454404 1421.2137475438817
92.2672761461468 270.95175749807834 1361.7284832017722
437.0877604768097 77.1016428194841 1160.0585368039885
163.32423310123912 122.47714317423255 125.86709397169477
19.272089527870033 140.2054036242263 55.250274495959374
70.34081896134865 150.05620643764343 1136.3303316887987
459.4059166563052 71.01416486441359 1031.479608953244
40.857506294489056 411.1179506927693 396.092910298042
64.59321691136986 132.37795445100426 838.2319957537346
393.8947809205691 359.52425586493916 817.1639142787919
91.27258098762867 9.2944048240023 1171.041221617944
27.72036009174502 452.2625740380742 101.6998823721853
63.830589842208276 498.75193657420726 522.7527745198918
170.09806731301686 150.36032465327622 246.90905614374253
659.9854607426507 396.7279142014531 803.8620084988522
271.3668018010302 197.54982466412977 1087.4272416795184
78.32583868386415 56.45169220033076 1104.7534337020716
70.58997054237483 199.18753113113848 1432.341747358493
21.53677478793748 142.18772655965537 267.97653366243253
70.79458377304249 34.21916685503118 25.76207346926268
25.319320050627002 74.45592395020583 1420.8811535364282
1120.767595763405 264.91861039313443 335.9545015686856
36.882782740150724 96.55988445883763 1261.346614580087
735.5073815199423 258.6517679314938 59.70515668800602
150.84409351883056 70.79915752409066 711.6974389028552
245.36795054285432 275.4638717317037 591.6104739506734
12.89895102112079 215.1669108762785 1246.2709121555945
171.67939620703135 256.3228077650043 533.2390187037665
34.971484747593024 121.94820324043238 365.1397171228385
63.00738967618209 411.04512457952325 1292.9662623833583
171.53290866391586 5.638241858065662 237.63345145886404
262.163631825786 140.33477952548841 910.6463824319613
1.7393205356588974 53.796777746777444 947.0656283642134
34.278956463663526 313.2370994863356 904.9188690354123
211.5998228565112 274.99425340564574 550.5218514496407
65.17366228891343 24.831272537083855 213.45714208076194
278.4591967879396 42.71373221463482 474.4824317875759
402.14156297555246 162.43647235237452 266.05424887158256
35.70074762993251 28.375522691076384 1450.255012544816
184.08493519948004 23.11481806166547 118.86719447236366
50.67400305533519 749.8634286379774 501.82687329147893
111.26528761241758 453.45475812087955 728.100959793038
193.45133914028926 254.95201602198233 1378.1541299183139
0.777067653053581 68.82766758629397 236.69687776477022
65.43131064870748 413.9730878223735 250.25093873269165
208.84479398389698 22.210498699872467 366.4680300308453
200.9809431718391 8.303016778869592 1415.092159654049
173.70286879870028 3.057498616613891 373.0219085215
404.252320657503 94.67003525115018 270.6182828911648
54.13346938741611 93.34013438746528 92.14203346930339
81.25283487542814 265.31152809891086 1400.2619224425914
25.27556672822496 68.38931822579103 1468.2359172582433
357.23115370510567 71.70355302176209 890.803185661601
175.8811751076849 134.7453075392764 1453.9477813083063
419.11666264770975 7.901649323943347 63.46348990159145
245.37554870330908 10.829586856008655 782.6152552664829
26.644078410635526 268.5936715806011 1089.9100857832595
85.70179837641679 52.121253210506936 1008.5762040946485
338.4835101655892 37.26832065919052 731.1905407649887
577.6511645002201 300.8631321596501 1359.1810977234165
144.26859480581874 18.36890899035272 1494.034203072541
86.06622606318646 112.30595520099476 259.2922265870894
392.07454256097753 18.232701205414212 179.9717154972572
139.03098739361656 136.2425512238457 1388.4106684146193
139.22946871158882 7.093606877193806 191.5157463239488
694.660670161385 6.939649484614127 901.6419681636239
173.264380870857 269.59059777432617 712.4806830997892
20.858043598621656 42.49142972582056 1414.3091903553232
13.236010150268651 581.2510858392682 1237.5116249420994
470.46276644151703 465.7006392336328 1268.1298464751424
370.0667149408278 63.802015908238566 81.77083087004955
36.2331467000402 7.359950565639009 407.7016442232768
41.874897986419626 328.46285452727784 894.664941814832
382.2721743446591 55.61819417359325 1338.4678990065336
3.0182004352229446 615.5097205353898 454.7306339466709
111.64470172254568 71.21914262962738 241.39606077950776
141.93688508361052 441.77378494168494 510.2944052746684
360.0424121458409 153.57759737967268 924.2071383445146
6.700231596317349 115.03655324446171 37.389274195003544
219.36942682065296 158.0571561953062 547.633047258519
125.4072620112054 73.12243668353602 1084.173767212858
202.20304723091016 74.87957993601128 1020.8055227069
18.14410771304568 15.122426043588241 957.1518323204475
162.23812924892835 41.94500218194732 1145.7395592653324
339.7243447254479 288.7553794505263 1028.884294763241
51.2519690069698 215.08998794127848 448.228527844924
89.2006482540757 95.72295269049711 1160.8234506791957
155.8792073007224 179.69570188343428 707.0759472624485
122.58904976485827 277.7184478768764 433.3845724532305
30.393979519774973 15.190533940537442 628.5151187332604
959.2074244334046 528.8758275501117 568.5658622962442
220.59310873801942 120.39577622674271 170.08429735720887
71.25742078676332 18.589397083538298 870.6050616363054
162.88083155009824 8.336787245721835 1352.502381399943
658.4319899945851 237.64683801066693 905.8187672796886
148.31541087657985 93.56660186763322 625.2175543931099
543.2118354697833 142.80341361225953 978.7355619428778
769.1712590500154 523.2151644481804 592.1594618241759
27.643176682264908 118.52054325782014 606.8827325239338
130.10645709544954 42.875782493777706 71.28232469436568
15.05220304125027 9.896544040425761 473.7149308183095
43.25094496496024 157.2149412372374 1305.1090544075062
172.57638475122158 53.207952044350435 1136.0141763650065
83.0405848945233 207.03943106361518 257.17618720721634
66.06876376756969 359.6649110731496 1082.340285283168
125.10253686045733 14.005984750062678 1145.2586076845407
635.7794104452096 18.821505549680744 867.8252318108421
86.204583207804 374.83843059787097 1460.5269695143038
439.6857511760217 139.70221015039292 832.9773769676323
47.77237702932099 37.263541349953194 322.7418964829214
131.0940334287582 91.41743843083859 1205.8765203996995
25.95818085139166 147.48741573824827 248.5142017713367
358.6546222770279 181.91279678147524 729.8433425704466
32.07623191038524 73.23757557228109 894.0258886647631
8.314169719407067 128.836133508496 783.2399819849971
445.6175753552852 27.657033479401754 447.9595093695484
10.423787635402574 46.168029912637756 1.5520700769282025
729.4621474808876 373.6702247456585 1095.6037854150452
114.37974526687462 119.19192048461495 194.3406198449662
135.25940287361692 298.00002550938467 635.2717170568958
456.76102676208006 80.36597363028223 1416.2830825591345
41.87287069667526 920.2107671038794 423.49540498054057
795.1799724569847 97.12493133394857 875.4544114960087
65.454144319901 37.32405969545416 502.84681998281
97.20649947411245 141.77385076076584 1468.139109144213
57.620220530890265 92.25805909619422 667.4283684863556
29.672352520359667 414.0392660741311 549.2302949924649
99.64877936433791 126.53848325127646 1232.4200291426903
282.76469958424155 574.1188719827458 246.48363474137125
59.74836897902583 102.29246432082766 748.3802053241112
73.42512964854541 183.79573559584864 1361.2442609477666
798.5475012293749 183.79803091139985 977.8256919102724
281.0109836428606 231.70114693291723 1092.9641590595108
126.91227089269321 41.15157315735309 289.93286381689103
168.12781329389978 630.0408744848692 810.8379996739453
85.0810037516726 346.74938298479117 180.90042826461217
29.797118505039034 95.90851074139846 271.7645215640238
93.37897372784786 136.7986860128912 629.601655599471
123.64810623419655 39.511490219317544 905.0408579647287
167.68386316364655 149.9797038158767 125.59430899497126
259.5767514679634 285.69226959051366 581.8565455169556
51.91275053355341 141.61651322996838 600.7874931855215
135.1951399952995 46.42025305433321 1016.0191481953002
200.92612388728202 127.34590443167654 1256.611704979478
147.33229674855244 203.7695712428813 1201.2893897864049
45.7777485347456 84.2583550737901 1363.0421909526538
152.9288266188406 50.32494367532405 1228.6741088174008
189.04611819218476 29.9675738235806 935.4550373878265
1440.311873201145 99.92084008111152 362.9836084906771
57.501149135950726 80.14879212480683 877.8441939558213
341.8167798880263 303.72556057200546 191.46421882937432
262.5926545513558 425.8928253895609 1277.3761946552602
109.63337690254295 34.81951500400953 265.7152020650845
188.50047763128998 24.07654207836176 37.12483739932099
7.176788646786325 600.5743578878896 1326.7915848870432
23.377475157973095 126.35394181068129 98.27458158467294
343.13280850184043 373.09976389982074 763.1430648869257
32.077504795063604 198.83552495555 279.77792627073757
669.4284795095969 940.9961201190318 236.01571721404457
76.49015569466673 120.4736229048137 789.4515878218107
38.192224654446214 559.9878459754192 811.9016977498852
324.77668749053447 130.34230816035145 350.9300329009122
480.877524213044 59.071946980736314 27.53894854391037
138.6258146643669 210.22186784016264 31.182046645250207
261.596169599019 216.8027579046235 263.77323870054147
262.3026244391489 230.52789793584427 1401.5570038875287
246.17223009947273 85.69018148135515 345.66008405235686
1.9687238487951877 71.17404198428645 871.164914858527
39.670332420204126 513.5443706939394 182.9845682186126
175.17761655351646 258.5010212087406 1269.1730739559014
78.17352865630825 299.57002059146527 1375.6907233141303
61.09626436181881 39.12724937643925 1366.4580305540226
194.94034643777164 13.810565340137357 251.66293424104546
134.9598584137867 160.72283234561138 1220.4150639270363
29.077765919142117 50.645175303897396 1351.9968717220709
1.4790071382925811 117.87108066867258 561.9931285703017
200.35318977420147 313.81104746176055 201.67296456474293
336.36834826422523 790.7059107375752 741.6768616937526
76.38213045816137 52.83357904823346 196.13520839544168
318.57196830890115 231.65694246300217 1091.5109685614123
272.7641053660807 59.29707036646429 1187.1908398900052
92.62034415612119 150.23369082883843 1369.9230375191319
89.60807264069676 514.182926041467 1352.05059735793
174.27959012182902 1420.1487500168141 510.27694160225457
223.83991083442035 203.95318460265705 50.02347003654756
194.76707683216824 12.330041709352853 328.9680199212592
97.65111402871278 181.0506443311588 299.8884236117086
76.29467145146597 21.138579609181928 998.8692351174524
275.6264963067374 214.00398348297398 505.80648705231357
8.616592269057529 64.521419624724 629.5741764878625
22.38026311000913 62.53754516475271 941.1578799412438
190.29023770480842 130.18464615694725 152.0287663107377
497.7655506507729 181.165970140288 465.56090265952304
24.22845407238054 177.39243608459992 178.84449655870728
504.78571803370926 344.19466045061483 1314.5690309539636
442.2698489901629 144.23055328538402 1201.1138506715497
151.05401439315293 213.33596840467638 782.6252806543799
152.69373699972311 247.19800827884134 205.6964772528878
61.85512128280962 497.4308549348658 1082.4091981654435
108.80324337104167 88.93414627191257 1003.594870332046
124.62581964132826 160.6127540777803 880.3653910687315
54.79524958924341 91.96889929046243 1124.6544085044081
393.58229115364287 111.18580347509919 356.2675791957438
19.188448367182747 444.0868564652039 544.9990324837883
122.41585728911038 93.15540966535836 1419.8922665850314
24.873371767202624 67.26941286284087 708.4113395466945
82.15956263133909 400.4945389647112 774.7087400277109
207.12442382338327 6.418454207695952 1333.5549096816071
29.99575692042568 149.70948664465814 1288.5143403560603
258.2958737290836 373.5297916225254 211.42202646789866
32.29916314660275 580.9279765021031 553.4285220717964
441.3920834904462 89.46484065242731 995.2018046595165
245.339460497027 118.3200593828696 405.50136716542136
193.03201032446646 195.84892850689891 1075.1487877878935
6.600733415767383 248.4871347160437 960.5986481253933
151.646703079217 121.24421483529093 1147.2956244433165
16.797207974115814 11.002246274425703 989.7492014784712
82.92256489048297 86.91259826987056 818.2312612824094
91.48020495504433 246.78841796058134 1196.354412319352
100.33989107025944 275.7230991186776 956.993165212031
245.6851595568553 70.08003033674451 1001.4578565676852
227.49521901765317 244.34894326187342 694.8862646837845
712.6612593164019 81.25619938672854 235.50686079612993
33.44852585126412 137.83030852646277 467.558542511946
0.9621422107662184 230.56357461478504 90.51621651881547
593.9852446093136 120.22801859837722 590.6945421852522
47.309511666879644 273.0435782389226 888.1383582375124
674.687907640992 69.54089398221328 1135.7842299041538
220.87561281479884 58.83879944180917 1448.5526209909144
215.82449849039241 237.71570498143123 823.9563092612045
208.73708268741754 7.493664159587999 52.17233119593651
46.835068793363924 141.65482862636898 255.21481706340276
138.56249781621392 308.73500831471074 656.7362205011707
70.6315473957817 30.162926631958875 1430.3052958981739
44.71389420124156 26.082807888866615 1488.3123156781817
93.16538589994855 181.6716531043078 1226.4003179808685
36.82481228453261 275.1100508524706 372.42832587703225
115.83373579750082 115.94125319400406 1484.0491437874236
778.7972664318215 46.439138792462856 29.96801006196964
218.36265966854475 85.17207415867041 1397.691490655536
649.1384001579781 210.79701746497736 426.0649142792631
13.6363009555236 262.7786551817723 722.6821116147238
59.19997683879134 780.1773120375508 1116.936689993464
197.65750784042854 6.140178714968637 1170.2572922423897
172.9712903217129 80.44363564833039 523.6449369471056
110.05307220390188 80.93688045572118 500.2560365039151
75.90301983110983 179.48188852759202 85.6307718001782
381.8596627266793 53.38898206970283 32.560662934593864
281.2495074199049 366.3854648030757 980.95349795455
107.57365836369577 143.76926923322515 44.30319757095147
952.7333712300924 472.5051215406735 1367.2998309176226
57.69207532146733 290.32900964914114 553.255673136452
274.48819123356725 82.69361896193924 1143.005696438424
151.34083280507642 58.044704439266994 400.29524461713305
94.11436814173332 166.5615629961765 670.5186968319396
538.8179766504783 209.4578062750722 184.92884773350477
33.15392801739998 398.78031719845086 1260.5104560177717
40.48658661861816 199.53601308789172 397.7712111828423
151.37824687882033 147.9097387235035 835.4503622536888
91.53923297277711 57.599988391136414 934.0711948168556
158.2658172541317 79.50537553732981 343.15866771990414
322.0802363720164 53.350723681694745 1047.1394436179578
54.63284245800855 86.57877398850043 199.27568100963788
793.6721568053619 305.6563439922782 8.377461665992293
105.78285327554168 258.1190621169456 1075.717458351945
309.35692143021976 225.38439775739843 1013.3784034516931
394.1422773465741 559.4409670470552 1259.0342883805129
210.57470752480216 469.13138255390174 452.1250790660334
33.370374281798284 492.07760137982683 16.260384061452584
71.45295132206164 50.95121041262358 119.60447474952524
38.60225711064216 115.22899908620275 686.0580561787532
17.628985279468864 34.9260235424191 962.2070734970285
556.4909632982267 253.1112875816584 715.171157740528
41.591541230124264 246.1836162417805 88.05063984395129
485.43348424061196 61.71675226769268 1474.6900241027913
276.8020454296753 66.9616519428081 1011.7694667790081
5.296103308445593 79.0721052224167 1149.737517075419
329.7358182463736 58.11930541465967 162.3785190675293
35.517391641375184 123.32021987102794 1031.9287255617396
294.71228766961025 257.25866821467525 1007.5853634227641
104.56100651856734 235.30812985925036 498.87603123035365
164.93909376915067 47.892615073537534 308.94599412478027
169.77861473322938 553.2171688929079 1055.6595581161175
54.670363040956815 114.49009601864103 1438.729465667364
149.82134699125552 155.20705887689272 1456.1203119708127
171.99677490044752 90.77574215973011 93.48028595367747
598.5355703347069 33.66195750012373 1214.911685728384
107.06316716476306 431.65495009605894 1048.0245438068655
152.18243508354166 115.8064637497956 1058.03634884593
241.61188344227332 223.73999014892175 1197.5363170817016
441.3080507347219 726.7837315004441 466.40864510100084
152.19178342768922 237.0840032561598 333.42012174166194
114.47346316409121 28.62446486925716 132.50515386203986
318.8631430930442 10.12965402309749 510.7681898717855
247.89198265119902 46.83994411598809 760.1255398798197
365.6689198787793 236.4863421624031 1152.6670614255179
5.397331153850236 475.9608407365374 584.0096874911619
165.63109779501013 21.929950131158833 729.5661115412661
12.897945270119296 72.0223165466123 1145.2322620735952
127.68447295329584 243.07948010392946 1470.2435505989415
131.5849798716025 26.871931683130658 94.91357585778798
38.639701989563804 200.36029752610983 894.3849243914112
165.59769783865664 167.70858299626167 40.154439910067005
158.81978754463967 29.323667126018293 100.68788999439244
437.9361556366981 222.2092047137557 804.2697888634211
8.089966369128192 283.04289010413856 972.0569317971576
402.2335464162273 31.129157114526368 1245.1877027081985
264.1512102528429 324.85642587829705 507.8322203454924
627.3137382063898 368.71629260126406 473.44252386472976
25.492343492739728 73.4233572125568 1374.5537118731886
339.1382436780935 6.143999133221639 896.2744442495156
67.49239473547976 189.85536833615697 1030.0682269207098
539.5854592835165 227.6135043293525 1250.1197270482346
462.80692473610816 464.8729240696939 720.5977121405024
17.334266160939443 17.180711894524624 878.4662157495754
398.11548502710707 93.05642754467044 1154.0352325192628
26.930037238174737 18.762512786495332 1124.953556563603
89.24059733891043 83.92445038708858 1067.3731046551968
267.7033200941767 85.1159673700541 1046.2708878682595
181.65559448667824 183.5145606172522 775.5522475929488
70.56282814366573 88.02129171407127 1064.739320918611
31.303749900355516 332.64233738242064 47.069707827983365
68.928597078757 471.8078048542836 343.6148679030227
128.24525738286343 20.17587670146287 947.1910261054481
59.463246413854186 705.9708690053452 858.3627520713031
397.5428293148074 202.69978005774817 1114.9117625172507
129.68503186084283 100.31975393739137 328.92507211108466
188.702863355674 62.32355274996294 1469.5701404101349
54.88124444311392 684.7972077727619 1422.2013037094234
42.50491104316515 112.04061841897888 23.03732745566023
269.3019207159709 351.8047258422632 314.4670582679437
376.4039870455151 12.290276588884057 635.384566969553
114.95362611588058 143.34544727828643 1066.3396724321346
1205.242850008557 138.4796559651442 92.58623175916902
190.7392487624179 38.13345701727304 1262.8340173860165
365.43271325477144 52.07394218151163 280.22260606481234
166.53462845654835 217.12851830784797 1421.0099509247932
9.938985057257135 114.99211617184353 411.0091394312177
109.87329966244958 18.819590051620562 954.6805994860458
1.5119691566938498 126.09248070461958 615.4517850645527
49.08346900401956 166.07027009424607 402.0846316500079
127.40657726222283 117.61219206302435 1344.2585293050204
271.9648784429695 34.64870399496988 1122.583153558882
192.58090861853015 71.18249012661082 950.1806294924667
182.54819292655822 199.31120223953636 878.0567597948368
326.6999764035078 105.43691011200305 1196.7010471222059
54.05041024314626 125.34169154709782 1026.311588302506
196.4030379949253 168.65685819649502 826.9809513910956
218.8942673436058 254.74132343455014 1102.2329584607548
128.16830418384927 221.67809050654498 305.4583225896433
2.286868548039697 282.1215645610089 42.21000281152193
314.18843286544933 116.2509180902787 544.2274913265798
126.781515004548 65.89952059397322 191.17770484961306
78.7004392147504 1.636281348377275 776.8331375915669
309.2859708431267 172.29745990073596 901.1288491676338
65.91741339377427 56.04667093527852 503.5455877717677
136.21747326599126 44.779931124859445 302.6782382031471
144.20286907311396 22.3011406931533 550.1112750007443
50.13626423443511 135.01913665011085 121.3903123758877
152.79525176516586 91.34865429088818 173.52702206819777
93.21910377306938 19.584398783522044 1195.0726406433344
363.86981528220286 289.39758578543365 1243.9499282528523
90.90200206222593 255.90924679032256 94.57463408358957
799.1673174612076 177.42685479381416 303.75789449630236
40.75947122427907 83.04633401522038 1222.7795464794715
8.785539181924367 153.81262020497317 1305.6443753342814
136.68748060475087 15.69930566200323 542.8581331146722
168.20821613807766 74.66877002186276 593.8745660244257
134.0552443287282 7.685997265852665 449.11479163463514
73.80470098913993 80.40309947401792 1002.0229127488426
76.01849293667425 137.4840528352838 623.2067146243057
205.7154743555854 334.5288832751017 828.868068262569
52.86159623004628 56.649751877444565 799.0890308164597
403.86373327729024 229.42791817218807 85.94339549571956
9.207582746518588 10.499030314817338 66.84230021108034
176.53137568223158 33.838404753721036 223.3962283240483
46.238964646770214 282.32860580122707 219.77810144216053
64.34163894569824 165.69204193849097 781.5606537581302
3.2264866386539035 128.12316534023554 94.18610126646936
69.21126696122823 241.2272748861253 1420.083818021182
56.74701092929158 330.14230088990274 1193.5544747412919
75.90613581898144 299.9891088206793 957.9648385561792
282.23948514605166 191.58377539270631 1384.2934945922282
173.18485127349717 1.7061176127212745 284.89652982229273
6.551998328834771 0.6667463304384963 263.7897224585818
82.22295286447698 115.53084511226055 83.46896006655207
14.939640380995803 40.943477119743385 1083.217566227724
670.6098516292209 19.589055871525062 1410.2228824910567
230.3428314745886 495.73620373840413 671.30203020116
13.0734853167992 355.0305851618205 1397.8452978664377
578.1076850689723 359.62540630827783 740.1097601135509
406.94164213444776 149.44392077030798 595.0980044931275
277.0436992563293 109.73784140712459 899.0069235772277
230.50979921644387 285.2038622804901 1041.4494544684155
930.8935028323955 97.6639679551507 191.58195100661052
487.251825013023 104.13366254499014 1071.9798763857184
186.1861075359796 81.51123407860787 95.67528729152453
22.6179812616736 104.12150535212842 542.7280537458138
38.859734604694204 29.649532272784608 1123.7553977668238
154.49165093249783 548.3623013485866 1381.3165433429485
16.806812841779394 108.9836310600838 1417.1566890600523
168.6039078695214 133.09979793088223 1473.5947271868852
493.2764762634333 213.81087648003012 235.3190925500645
455.9123293662678 123.72524292522414 1114.1760405232958
320.7430066530532 83.33682704332041 705.915751579747
426.37122694916013 292.11234457471926 788.8165635745646
139.76746539634328 8.919482680899895 767.9125199473481
6.886989643795811 101.31948436273504 283.70102790558457
111.48083529575405 101.28536939928321 518.2466483147306
303.04536876223864 131.44078744088165 285.7239126242326
21.354919596132994 36.22527901925473 502.09153522485735
268.74471767492884 145.64647016702628 439.55818528124234
249.42505503281387 179.5573997007746 392.42172092201974
116.72703387975622 6.313214340200064 1408.6602688791193
327.63837094603565 217.28057597451453 320.7231535920228
239.2034910447261 327.4589308020129 525.5416951746425
27.84047587961702 116.58858694537568 280.87890789936114
131.37079110205337 17.10910553616486 1487.966662607189
47.70232420699427 292.686752372643 394.9760390554025
85.74713563239412 235.77016259425926 870.6511583552402
221.62090278922207 288.378957971883 694.1062863939667
271.11372207663686 259.7062827659294 1332.6267015797418
342.9343767932357 641.3007141095941 160.02254355206196
326.5871490421185 44.29604644226654 812.783791378386
139.620494633062 318.3808169909993 1368.507973351093
105.99820479927651 251.34111300657628 1206.1862136078337
93.71193717533545 250.88355856163895 1280.686878342678
17.014229845063088 109.75823151929478 643.2302382098022
633.2394133477866 47.98510092928466 507.3008434442795
131.46742838903805 465.5847022813878 886.0547908702064
898.8853662983585 170.13596756339922 584.4051214561571
605.4126141235045 116.11505852289415 1488.7993527747699
320.5549542034838 101.22436149212577 1472.3901773472933
99.7258340123445 155.43663007130831 923.4327959824658
522.7549591820156 17.418825270903792 699.0149269653858
528.9039649864538 354.51430600176263 1484.1484942426564
77.28268370506294 22.87358824507571 1499.654212110788
56.51039277475187 56.562908369326756 807.6221889422852
470.07758306525506 239.9795886205138 502.6783994908414
107.25811260928882 91.60088578083835 627.2001714340494
3.0443174966649984 117.2437544241195 443.2996023959639
153.4218632564893 727.2436059015698 251.01260921987907
352.1373979219875 549.4378632058551 619.7861686329703
185.56230559978846 9.609921974402248 987.2599911139916
261.76155311015384 52.879912623518976 310.9301956350614
24.342311564643353 200.16980187480203 866.769545621461
52.64445343399916 112.81416122561613 94.53302115020395
54.47363968684906 10.53798614445235 1038.2441329604007
37.71599562713235 429.3357046887193 827.6553992048462
169.06390588795952 4.653909356064051 1425.6670729550783
81.07066599907094 336.09743718719216 1413.6892772593103
298.9277382350724 190.45375105318158 451.9161259629865
209.31487065607874 44.94894491782151 1405.7978794275512
74.67348989520013 177.16615606128633 73.97976313943705
96.70376505382055 821.581809427812 365.74158761520295
120.07480773939581 626.8523480385389 1232.777190553171
121.3032584497226 43.89360225622273 1065.8676441645468
163.27066984479174 483.33145588253564 1045.1726425284442
279.3124666220435 262.8090935054606 207.544846042703
23.920501294469425 42.79871295897875 412.54577262439864
49.32282828246208 53.85766656476242 989.4831124076637
26.780076375874717 480.6665389052938 702.3201567509357
14.538379525581258 241.51316041594515 608.4650405056344
106.6380664098928 35.932661301152244 519.3275751374447
356.55123030668807 61.194154246809376 1087.3795295506004
104.15265472152366 59.93874072136356 549.2687664500028
143.3232861143275 67.34186812583705 127.19320573430359
159.40128849441732 101.90207774356705 188.80331010884672
230.65308898954555 14.166983562336194 223.86467833236458
273.3185538235476 459.3500003869871 1393.3727563536456
690.6751460576245 324.50089534419317 1236.0174913538597
257.8275993709875 136.16178176078176 1333.5006313504289
71.50574161834888 835.2356314297494 1337.7353806737926
988.1780607105393 28.185192924158237 1158.6984396744763
162.93979827825135 156.89492779980733 337.29931392479085
212.42175842932886 159.53367683450713 568.9416072281683
34.66506363889682 68.8528301479972 1453.9858927354874
188.96997669896354 144.07055952590002 666.7039720638223
127.30325075464297 71.23730206358748 1334.4956606789044
155.24045532758416 3.0758171920212836 475.6091231305191
421.5137252578044 84.07976612279596 879.6024453433931
108.22902141748922 123.50940777942587 770.694127574589
114.44922325192579 125.40299048499155 975.7944469554419
213.877785934489 158.5399435710321 1492.023152595321
325.3081674122959 8.234976227102491 495.7703537473407
179.0256874944267 205.52478099642894 1009.2385238756463
194.8312243714931 0.33471095048290134 265.7456516814363
104.49690782437078 36.14629494471947 1456.4661135756828
654.131311781752 27.911285720219546 462.1294828581071
452.68421973385864 277.93545081843143 240.45973135696607
86.50497953301733 75.2663287415195 651.7784866819097
116.95897187794155 170.0463949215524 227.262678807112
1034.4421017869106 7.738177261539872 759.3398781526358
545.3959952154871 7.154384412452579 1201.8907833613437
622.6837952529643 323.50597762434745 835.6559367369772
790.3867188157722 27.65638471814913 1496.879210093913
297.53550135252954 433.2090055675935 79.644313006421
222.5333127686997 261.4611018671073 508.79334788000176
104.92876319693814 344.13097250725923 351.4773350787243
101.67015492556793 37.060189287958984 1199.956019087091
326.9810329175729 154.50356905818876 1011.3518349035423
489.6230947805277 130.37625992097205 297.68828614075477
423.33170315862816 349.4042980886044 113.6300013537866
282.63984886289575 148.95753024024273 338.57952202925105
169.73553768021006 411.85227439974847 318.6784138798462
423.08500719819995 96.0484743262531 1193.3590122087523
95.11974742707308 292.61384366678743 524.1053847985439
50.70723156608759 103.6007792069547 961.5316639821024
235.97528215956766 655.9462303291288 1212.5151792421264
55.98745478878651 166.94944665941267 1382.5801623262994
139.7243274957138 7.130616223787981 138.60944795918707
22.448855752116888 315.14907551347056 1088.534415160759
70.69614972869869 280.50772267610233 410.0858972886431
109.06791597236011 328.15177591702343 222.35711590416872
6.339704164812729 154.82181660991898 1209.8053192987948
25.589465944966292 595.9292250116335 426.70165548698594
294.9919929110187 354.8047602680321 623.5595676365373
5.498438852637292 131.74481190734485 692.7079947657644
77.67145157825053 103.93033853758489 1293.7202758425142
33.35522870665082 284.2400865531272 60.31123919056608
11.778460324381888 316.1405194874128 885.1891599422004
259.3466305228435 222.91528508493633 198.64919674905752
290.3496224920257 119.49004481298225 1495.6094257974644
83.8832755377866 439.53964283263025 1274.4898931741145
22.85037304706214 21.181177386618547 1106.6961413393637
32.83583712753079 182.80230391323192 759.6934764570117
56.44909823600413 198.76457713090218 945.9381784512045
627.4580043492886 288.00610414320806 1280.2874389492847
24.217537685421735 303.0913731945199 956.7561860260593
485.1397577894084 300.24639439000964 1141.3132613851647
468.43104171986465 14.938077407622055 666.9778130906346
201.40109671714956 311.93146152583415 705.3211225212393
39.45010691763327 293.11679154199635 402.3641269170928
187.49715913453088 92.8054448278498 899.6847623195389
30.293584039211268 122.67376001670829 1256.9903733382553
397.5701005042432 318.3929319176712 315.6902739620029
135.6617991775397 783.4402759821154 509.1408234953692
113.3868711972413 47.836522953306044 1040.7740093123243
332.92894004743613 380.07576558652823 1075.6636395025632
86.16219872468758 1.994635010958353 1051.9083554553622
84.57728910528259 42.31322521143758 432.4448439640528
124.96243581295042 46.30743597913213 1046.500929146106
1235.403570182565 372.81056159574143 344.4568168503312
183.01993683809602 409.6397201394192 1203.1803235874893
506.33931381385014 64.72463526440862 1407.849234165434
106.62808926882012 174.63735646416137 943.2910410396706
36.869502115555086 132.61965244506558 733.0863117830678
49.60336711455417 30.432454821255035 64.05042186840947
127.71146315352217 479.6919052751486 532.1350364054994
123.0215855487681 63.30527219641008 405.84576935158066
8.369222876926234 398.7129313490926 1012.5033931537124
126.68025577580757 96.4022188464394 894.118259453541
10.297796579425992 81.28531562481022 274.56188708367443
113.90450999926107 19.161139695820133 834.6810901374262
321.73310679474093 151.09844402534912 1196.2639837233821
303.0749435423429 161.09680785728816 1277.3491406203725
36.27799756404738 150.18385067604402 1371.3461743666562
781.7296891607308 126.10541975547451 1083.9927284084808
188.56810181106704 112.76370502824602 1242.622877057642
64.99933537807162 86.9827512429903 324.6558999778976
158.43686456739186 182.96435731128543 1473.4505189647423
17.24075639735075 7.72071228344217 362.93906765709556
141.19321707943138 273.58261704741324 776.8365922724302
55.24816945629577 98.16277719179341 27.527241869454045
699.1582222455794 83.73494782272283 305.6482524413104
31.984661050099096 211.57455672039572 292.24508907827885
77.03840537103326 27.51387962465141 1142.4253566467476
448.9353095473711 57.82737736735453 622.7419381397585
146.02652398722122 99.97168590290595 688.4437066866224
100.26123969199041 455.0105784390775 459.5532179516906
364.23952379670044 280.1495758140729 330.5912027930893
160.67956012148065 686.5359549899983 1116.3515646462943
524.9003310857496 118.09022156998479 679.0588041448658
54.77943122283321 159.64480350433675 1379.8816302869898
81.07995479838313 344.4441665180605 210.25290764807414
14.013389790582458 125.83711678485061 1443.5318823013504
151.45714811410917 191.47063332273615 392.08457286717976
270.5515795168252 90.78760386775679 1320.5603166039716
90.44175992271185 22.95663644033678 1481.6807573097872
116.95190482182207 69.48900205820078 1428.128567141454
96.83083273724135 533.3229225506759 701.9674972081522
114.95621432276204 211.24305504160753 441.4772060010107
590.3529671565782 0.43385136516063527 94.63912143710424
129.06329405302344 28.737888543477574 1118.8100464289757
178.4337957113454 398.441000112353 764.3849802342196
115.80708539073838 94.17718199284403 906.1617877983468
228.65801819972057 38.18771873596981 1023.9337238121816
96.05957739211173 17.053513589815655 383.5185657816901
39.08412805657162 25.74483827446351 1299.8613895604847
577.2838113934991 28.178027380606963 1114.0218273466726
234.5454638901784 163.56021102997383 670.4966032119597
133.87411655665375 237.27628547780446 623.9156571231805
78.36865694936667 232.16733304332755 404.85051362348065
378.16469448390603 345.46463950857833 716.0028036639111
80.8876741529161 256.77540671194225 50.41610828584031
694.1471165892017 42.78496477583083 265.864895328876
154.83790921768886 25.913872980278473 77.76235858368568
55.89941185410758 480.05337675878366 1260.4097782096412
14.912184498352332 5.5869251309358114 1165.8002038465968
485.33037206972693 13.12591938470972 1496.890016038032
317.55092189052766 33.98217132041344 1150.6134413086904
630.4925110805752 180.6925457443288 1111.962831907049
2.5557767743482245 20.39005056226686 1065.3361197400093
12.67418399620939 96.54150590006624 903.6228293638258
17.242047043912862 74.05055485709681 743.3582355761141
261.8311334548875 20.1811704168713 1183.8877231194597
322.22470415364666 282.14148108173015 1351.28185662192
108.70596442144893 120.13500780207127 1280.2294202517644
112.72322462424982 371.54876211627743 1356.4555198635776
61.08924142782479 140.82551240696435 828.9732292514708
147.2462551584387 44.382149986056554 319.53727781208596
552.7875731357099 103.74839674649972 314.55977879173037
485.5662401332591 216.51185376500254 917.6850842115375
72.15101165823936 43.605584042567905 1092.8982229512048
106.71219557919545 16.770120930868952 149.31913016561066
237.26608494165143 350.91972538107416 903.4577731952527
22.04809385279682 78.02023812180381 432.2466750430038
253.82313654819774 31.614812765458787 1397.98792352497
211.12424108767436 109.30762042681033 527.4110707130976
263.62863294320863 34.52432112392884 1247.3295591868805
2.792316169436818 408.80931234474997 1375.45700087394
81.71539874801574 70.02442748208078 36.04723763168477
259.4039079199132 222.90798315778676 142.29993548580515
166.7330874502911 167.71522975942923 1441.3964285159066
77.89651559490005 41.09986915609557 590.3675056623053
260.48875240242404 88.2112285269705 1223.6661010090822
201.12142413452457 19.023712490828267 481.3678998640364
506.20543806304215 199.60796664629282 952.7733752656959
298.66490190284264 51.906495107566386 1130.2541067168563
31.08316846347421 60.12959379282666 859.6890564115721
28.73889216149398 308.20701598506713 1031.2455102123922
146.13231224284567 175.31978680808024 185.8325167281198
327.62183221495656 18.406210312582655 238.8105374892605
38.30310976323728 196.41456702783339 738.330590398687
395.2237564846426 732.1391540670016 467.06486590558006
111.76627101605851 382.86015617392053 645.5702786202124
129.50175656996333 91.47850854968954 57.91866519183392
90.9293537253721 120.18456851821828 565.2871470443151
192.47820624351345 245.22852354505142 19.21968982546163
220.2231638380789 151.13380005724088 1063.8412813885834
3.0659544760616404 76.18345592236268 1328.1295343370084
125.76475929298331 2.1613345567631157 206.56499194133227
20.935746724862206 106.36703321283518 1255.6219551551865
283.6354654096704 166.49117139877526 160.8987862348517
25.868444597953662 133.76650538284565 695.7152874332191
50.26492917851139 38.71123485199548 1295.5847568621236
535.7913358734809 35.1416896987717 194.0586861707468
94.74424203765814 351.16633557596634 401.72804728842397
58.94156522430814 283.65218817133 774.3388433404169
30.130850263026645 108.44267561544818 916.2931613972321
41.21579342317819 286.4422034650727 1152.830773626263
118.46955556296366 15.00915183900385 248.03785686071973
21.553315916894864 265.17300793231493 668.0329022819104
2.2988260890359933 354.6315371126825 19.37230953541491
406.6557305186362 57.72464389641446 137.87035543452325
432.85315715015236 361.6053267061491 888.5452839286228
19.140003608654713 222.7716004836588 693.3888022226078
91.73801163782841 236.07302736489055 700.7794521123935
260.3547422212091 38.231472269182454 1049.5755693344267
86.32830705019524 125.61371823352405 474.1748036142079
4.7219621251656285 347.1682130537383 1009.0998948951117
172.8851344168355 57.61239041263858 1262.983812401636
72.16583869507012 327.4148332072262 1360.3302236336456
466.1234156703863 228.76037256482377 1066.2565291731944
80.27017332162295 51.79171020992091 886.0578056622709
241.54823799060847 37.790720304691256 144.74135414866552
181.77567168124767 215.70463535928997 369.9127233872445
273.26258114482494 39.691273237099814 767.0630123089187
29.800491925335976 147.06820803083315 1380.7552854296248
255.70089494442217 34.3703542653418 189.82550387965608
571.7272171179972 124.66031221449056 1097.0736716257243
219.0789311440605 172.19583951513036 1055.7090862210607
25.67876789734282 45.53957334415691 1243.1022213564777
300.82977632676665 148.5442550679193 552.0087493804846
221.3867639569079 286.803554799229 473.59407125655594
21.14730451439079 316.6294213743115 1127.9550287744821
52.681911796015825 24.241798240665066 1030.1005221077542
45.787190263794415 69.44544678967029 177.3282602148444
381.51358143226173 109.13842278767842 1074.8598467270099
80.06322592021775 520.3548928523811 80.99085123236077
1318.6187999957438 270.87204482071706 569.5238333257472
207.91548334001052 139.38222369043015 1374.8932481121585
479.47957365409763 85.3802103371073 52.88856272129805
17.432020258544277 971.0246283156758 739.7126562284802
51.527381444523776 31.673523588120368 857.6689170143131
240.34649679388002 296.43264934931784 409.8650070948345
37.96913038520689 73.12523727932616 1199.388799493492
10.654518359612752 77.66358016175636 750.875423164154
95.19801170275495 168.28353482501024 673.9061764851086
231.48411425488015 95.40740522657988 1111.886614535314
140.4904130731392 50.391644816373656 463.4571881058468
279.83087974992145 104.95322139510958 962.5366826511166
39.05211786526345 10.469392572331188 420.23811431971853
207.3531640117397 233.77872352154617 280.9903206000172
224.96780881026973 48.287265861369356 290.6532241202011
248.18560452656664 108.6523708786447 1090.1110904864254
3.7083387193782853 97.65280268868256 30.84725761077589
165.41438561827883 73.99330072831404 549.4082030902147
4.631218591644293 276.4547342746741 1205.812414839507
270.8775094040138 740.6651446084095 273.71352881979027
96.19035976190827 448.19478752569484 1286.5511098638026
235.96032822550558 134.63621426359114 789.050543572178
53.702606123196986 495.16668398433177 1052.5918942296623
245.85770788022145 154.20098381059898 1499.372487002471
311.5562624586625 33.45905951721741 108.41557576242656
283.3664756690982 139.1403052825296 1171.8851937111797
55.37123331970329 30.043787961962487 959.0035743501097
60.98306170230193 90.69137066639172 385.49360725645664
173.6526072176646 183.7081599221108 97.90680170469417
184.76936053510042 366.9957238372912 837.1540578682236
696.6905348860605 1282.9324595983078 49.61029349947782
451.28726185128085 115.48575632205014 1467.9908883835776
70.57498212349407 154.17449637439572 6.079198107287464
155.57118721654695 689.401081089258 531.1143040192595
110.0832551189209 817.2554687365565 1022.408805325717
80.19469053843747 3.1015257984117954 1128.6093467993348
154.64689745825234 70.66464227169315 796.466202523382
101.71542516332701 9.407792028404025 361.00203761434796
66.41014008445374 218.70117896093853 881.4231570584632
45.92976780941099 70.4829316218321 367.01865557674165
70.44014876804803 526.0989181340487 1089.0583471139994
144.13225307506187 74.01062562750877 1485.4571660182173
485.70717917302665 314.69557332997107 709.3223279220955
258.40485975432074 48.421936162803384 821.28342439715
57.52997505013495 594.1199397315553 1461.8895873400832
125.23413383300237 67.22574107648424 1434.7680850959491
151.19524918155193 36.898119743427166 629.9828429779268
275.9280414795867 8.262961284092619 1117.884691046176
425.1733914776948 79.31175445822963 427.1804973540582
2.1108561450166015 112.37383899639322 1252.0208863082505
214.54096911966926 210.34938389549183 803.5775678415058
189.04506454173315 174.05489495076708 1010.8584164547729
569.7572575046354 4.858433527952847 134.3377837866075
138.11942327435366 8.902509137238091 277.0213311338827
2.175695557486667 361.34421074250326 466.0229382201338
16.587296149773813 29.12008809678646 198.3152297959207
44.318694397244464 346.3740959115554 1402.7166446399515
402.587149124348 108.70322552974825 70.84027656730102
42.27054961117392 151.88749359938737 778.5675382890098
46.51032217275967 4.584725556743296 133.84529076379076
539.6411275828708 101.63674524518618 1208.087332090938
6.526113741881158 435.68663763350276 764.3584728811425
318.7803179359131 24.27457402799519 914.0242456205832
240.0238640258654 45.86946645349252 421.48798949786556
54.22418231569108 473.4780674937224 612.3870288382669
425.89346511154076 459.1413073932607 149.5798019209827
43.939081837057515 150.3959471798896 148.75160303184987
432.21978425256935 48.196292937049364 90.54688437314034
87.91799126908421 77.27439780200326 939.0966977731493
224.56573010405725 295.45197535137055 1452.027996177729
98.86149277886636 282.48941040680927 1419.4319083792006
79.49474790415086 183.05653534071317 469.73698556007946
148.7145491828714 51.44956889276971 1482.4663232955643
29.33921683727423 115.29688406205901 686.1105683551499
445.6500491669928 24.77704114953792 882.6971472172096
108.50795542498106 257.7517449628298 252.66475464409598
34.8609299418549 284.667482110112 982.4396297746912
511.2492235540366 43.802864470376136 1434.902906391639
702.3914329687657 510.6092897715964 854.3077913854825
17.90794382927402 232.24032870480244 637.5034483669144
357.7619145141017 183.61839523509968 1006.4524820138529
276.0917413132742 463.09574734360075 1107.0219650344793
53.95423006478892 405.74773344682296 21.79913151674112
68.03902203971967 279.24286593850746 208.1233890556698
218.11944245049668 246.45235066528582 544.5618724530102
87.77121650341513 32.13717108850025 1353.0570916149195
129.7942031647621 13.74442092171928 117.03148031081973
278.0196569320593 68.2779445143022 61.774510297329776
187.04649414796634 341.1958703677477 363.3030789893736
33.59138103742873 143.75960410314704 735.4737456320851
4.700698443639226 65.88443945220199 1167.738675175245
45.47223261944918 147.53796290771277 1273.6387979169303
57.66788495508458 43.157317430472794 1013.8657170788341
430.5061971874161 162.59501507358308 861.9464845018224
403.34351853287 96.50337068581636 548.3062080059743
0.8172401831329593 148.4305022483141 526.1373695334497
88.64085814730076 1205.5306495781172 873.0849620064557
80.72758790128637 29.55356054915312 472.93022904920304
432.5339144840544 52.313202763601694 1321.0260621974542
115.72770591727584 70.27580038528363 735.6389638898668
822.3355644665128 156.0039054597238 691.8489127777048
60.75836487497547 111.0656698737607 907.5927761560791
126.1131301943107 37.720814331637484 1406.009912904635
211.0255619463409 249.42152312639254 595.700568850061
199.10114540604317 111.5151096082326 515.4670982795019
20.403596826981207 233.75450263337063 609.7182181283443
36.534699727443446 146.98055960678352 832.5397887341746
47.30873975808094 12.69254196510126 1414.7983532522371
172.58328670691483 390.4041490794755 508.41704896220915
442.092497012867 190.38684766249102 975.3747742311367
29.643774976486803 242.2993529463954 1263.7640019884045
60.29593649057875 47.05308313569107 1012.9078595702221
419.2407024854121 340.81718649617375 190.19274804216647
212.49396316693247 66.66396758830015 836.518153441405
54.60971083900361 12.63315715713943 266.63988107777
132.49270508363543 10.120528844346527 825.6320385643652
130.0928221303986 38.146814527345974 283.650279694609
38.15260677690191 135.67665994539547 127.00794018227785
742.7005404261229 182.9515385048727 120.45117372435277
24.412287848329825 36.6093549731002 301.3687048352245
261.0054661189979 383.25650846480744 1297.0945428889158
248.23414412215956 370.93344400065286 182.79269237205608
286.9414352443564 399.0355608442242 1182.1978220690398
37.30338477929884 588.9192179249366 53.615683823004076
125.27034509131454 128.55181393213576 1453.6100779228368
133.16078148749529 67.6428588746366 298.06849683863226
204.2769686793455 468.17182565517993 1012.0746482454659
228.56637722395575 17.482492015110335 852.736238104586
481.000035823709 169.63601609184133 811.1655203346402
142.30290711958483 329.47527426791714 976.3220259389976
15.188539828914033 59.022503319147226 546.1196159747553
143.55162839422528 5.521108107311723 1280.238038808265
211.58672493726058 227.59004444632006 864.4341921109465
293.2486272688356 50.107574002310784 952.207916443847
114.83658598885305 76.03167967229324 1195.2362861545441
281.86862089813394 96.5129638829742 1460.414172028998
158.54263356326354 31.797547830699468 274.38826226195323
294.88282190922513 671.4521285255454 1194.430142247264
21.742566929591973 179.18678285977285 130.98809979515352
132.57548581161797 125.7623331634687 1095.6318832810455
259.56207639328653 563.4364612940217 922.0341995288726
103.32356985374224 479.38863380166526 118.93368604572358
346.88699345935476 205.2075255224974 629.4692091953171
287.253949207596 240.08433556104487 1490.7041034756307
158.27127295710238 52.26567107258918 86.67115368463624
50.12110711342138 395.59947670029925 270.12620935505197
477.7878158653468 233.49494827495275 410.51918569166895
51.28875552115639 13.058039683616975 205.42679616995463
420.8319462587519 153.52973720284004 116.79123090358395
409.4242481456929 52.184117018623255 1449.3458092075064
130.44100195332794 405.84108187984896 72.39073303028742
98.75190588205595 482.06724058008757 537.2438970250963
780.2272300298085 108.9455669168515 1463.019698497978
170.9227227611619 478.29835010604074 413.617492048148
95.30902846421223 63.36174306813969 1120.8471331793346
5.535482946063678 89.20836216982258 1488.6118029585052
254.60720008656423 225.0247585981838 1360.6823664998817
7.882416607509306 110.78543953440195 481.2024644803411
355.70993718372955 380.5474761462584 1049.130581216422
50.72830863704619 118.81743058550633 93.95997787138477
203.74205283584166 223.0142302333497 409.41886757348595
70.64828202779312 284.37430448861767 588.3443052716807
43.823550890798806 228.92708229096436 915.4043754364901
169.5377582829368 210.56441489813972 82.68676247062373
69.8275618702872 62.52705178077759 1354.1717199041177
0.1029093502807146 871.0468510644369 1313.1530115061546
31.253902005191403 449.21715498940824 1049.302355418782
360.11444991581834 326.71695234091914 522.0322096785329
196.35395847063077 323.08585472879196 173.72450043866206
133.17805923581253 218.3815748250034 238.77574908753618
158.92360369011703 313.94817470225126 1310.2055817216462
59.975136094324085 111.12027168617608 1487.6710465402061
214.2928174893503 196.59069837451253 32.836693150191664
292.9807978333479 263.3057634485181 769.5933791426195
254.02830756343 464.7132358119827 160.9034066649842
246.98037131351666 202.71739934698192 821.1025044507535
54.83799147307936 39.02063668151378 411.15190504608506
223.56241603376517 96.98508085362118 110.76646893671682
66.90348944377862 230.64502697750612 67.02836575350585
274.9942938246064 133.64698586035763 1251.1211182874486
178.99962829281296 632.3921909291091 133.3628065396284
193.12584700281667 311.91776664520637 945.6938785999937
209.78769337533163 230.91961260173392 664.3021428154833
315.6950745485494 558.6485579781487 964.4908508837151
266.19587303442097 34.46395276405265 496.06552914069937
8.449448909680168 313.02138833671785 1380.7965844445534
84.39703552628264 437.8186157163089 99.62169363284795
73.69544126016842 219.2985092728694 154.3604382536386
688.002131803556 44.20560159930054 528.5309280250159
4.19004491815066 620.0370712653396 1413.2644461822467
309.10830266813093 95.93901970359806 1335.9829505698558
50.369152324435504 145.41084297648158 1077.95184657355
76.6395230988201 463.46340566628766 13.02190628287475
138.27141276283618 54.93178657759628 345.9201297227727
73.5248413888129 108.79698656733545 1192.1052079916183
249.89579085131373 505.7631181188307 833.1006136099014
672.6529213879452 138.50314655737193 893.034619941718
96.78503984454576 162.74609244185964 536.8735310888686
8.057804345259276 610.9633715900073 1247.4669684321273
291.84339871259505 425.5377432515562 224.4379576601801
165.31631975135156 453.93930621555415 826.0315373983223
33.57027507619508 138.51313071094683 268.559395313181
95.02465594878569 365.3821665134112 800.9946813969814
317.7116187497559 62.18966570000871 548.5306946252466
78.40244103367812 99.66551221342623 1308.0949774000248
91.93601914404601 165.33578410380574 618.525014343926
495.66144908276397 131.19399376675403 224.10472451529762
60.05147172108239 39.238571639066116 704.3004256026638
303.4988738599857 258.3383827476672 862.6765072506297
62.59952062390492 307.60918563091093 760.960165706491
0.5757705561926855 45.83116996255639 367.7188145157475
57.362261314795134 321.25517494029464 900.6686352328193
242.8101099566775 81.63690886698231 297.0893009821323
85.16599196435688 371.58175918975377 1425.1056867742643
290.0432155488538 174.59969099275943 106.24823179484932
430.2925313798006 219.2017683322523 1042.7610958710743
81.37207030496697 389.8897373945931 1362.6246734324052
13.004391734633675 127.49828144518882 210.06901220717344
163.0250416083522 3.7366547928790657 1433.9669426528546
71.28375122827697 39.108761228694036 1366.8778008842714
46.76791493480232 47.69794207864406 375.7172795298457
124.65997831491049 16.450612772126153 707.1817415303536
27.641428384252276 133.2423477507263 890.1854973787409
217.38674774140904 335.6457421146382 1243.9646058312837
86.85521489781415 170.58951658483585 294.78930435881364
124.6020615851845 187.75705499529053 377.0107873085357
311.7242900425473 274.92287842788994 563.2312767731197
80.13897183095519 119.20710726539568 37.78245021838439
146.60965843850184 431.5388504374984 803.4039626315465
401.9311165181637 743.8058394586035 1222.2202789519606
46.2492567807324 52.99335977145301 1367.343391323758
34.87384957379779 129.580982454017 534.5811504734828
25.550740970444657 287.3181913670256 1264.6160461323752
34.129118787977845 275.91658812759096 252.85258387261317
20.59068099285954 300.6940399252126 256.04288978285854
199.1175304096189 66.52539504345796 628.5556281469305
119.26030220846621 324.7298836071842 546.4996772006436
188.78807849657622 110.36925060497443 87.13579879752825
263.54489819869696 50.21929069839437 976.3617104060324
367.3336549110137 50.12835349174072 1253.4739730727165
245.7955702161944 92.02626362309549 736.7982646551046
10.883078247117682 78.03766910725794 973.7932287952226
182.59749291000858 72.39446290749815 614.6733158245095
205.4160582798301 71.50427447249764 1113.315260513887
3.7477187096126423 92.1448649122804 559.6829281280102
530.6553128359723 222.2560447457631 83.46510441312121
83.87158691724963 115.32277078673607 495.97914655265976
330.34725248224765 277.0887085970854 1242.313151597645
614.7613351344345 546.5953964502932 123.71626600890801
180.66090112208312 210.0086845507206 1446.4243427228205
195.63166403485633 239.8556989922635 1239.0951800209673
301.75995166265676 203.23316104716974 732.2815410130444
127.9335881281361 61.17844951093648 294.5352077416655
388.9805086763883 206.47289284387634 552.4899899036636
172.27191322107691 27.341228703413 1474.9447586012661
389.1781942617032 125.73465728277473 611.7987732864259
149.27783653512117 196.17546771297535 2.665382776438352
179.7037705409509 252.3535925248074 326.22980046643573
27.549896144680698 244.19401972565257 490.7606690849068
134.4064715282445 151.67181342684134 516.6349531727976
124.67049942187755 133.97769273589603 701.4387170726139
189.89483544974686 277.38305614895444 764.4899403544271
339.48686773745806 58.616483533838384 921.654851403148
120.67969902240759 191.83971927636244 589.408519507725
217.18587990391356 446.861336532995 356.68469401484157
209.92794828273063 76.74624845371139 453.33511046943084
614.3511476055143 978.1409650250298 9.989267239513044
74.47580163522946 262.9491080436812 1477.9779558088132
0.7784812379203305 249.11988720897406 225.38866572053635
525.770351416678 108.25144072035764 364.08678751523126
307.1602907009042 1228.7986241073295 957.5517422641326
119.57689854525957 548.7174985313253 1497.3392775417783
94.63020872830737 75.67692659301377 112.2429463648405
179.26915766761974 35.88810892389881 1244.8673182098328
200.21844123210934 591.059186509274 1265.3323559501075
204.33214050335474 47.0692061026026 1430.45417614249
234.2614182573291 233.85165976025127 1388.8338664867229
5.234646964762646 582.8466619235479 1397.9889402347567
718.8186711655711 423.75644969986183 1369.5718617538273
103.9481161277409 400.05333992261666 543.9519627873357
98.3047494946642 116.45448891946954 492.7715860557492
153.86715787144615 95.74289556123786 1443.0135262180322
47.73361952487941 26.646097366547988 953.3648357889206
420.4154192431638 213.57649450708593 685.0309181177093
231.4275453593928 65.41578959377128 951.345234083725
160.66547262057088 560.8799086008295 1455.2297565979322
94.39359025920106 491.3890102202119 1382.6408444787876
177.81864472351808 41.95482353806385 15.973648239033245
43.59254171753652 89.17037895447565 1463.193536030165
31.63998767114323 165.86227959821588 1464.5918770175128
344.8198012212462 201.53686744968203 872.8792750676895
287.4039572408501 18.21109132394258 1477.6993714507332
79.24631661322407 99.30760545962201 574.6110642117023
42.03496033735215 198.08600778177734 123.58135172484896
65.50099652577538 247.17658535731562 821.1641976211729
23.798028934525185 28.943064452422256 909.4756897634059
206.30017053987345 50.81918413964458 1234.3246180422536
84.4133424943435 563.4551186646886 408.85740260360154
222.00479418951312 41.48710918704885 411.62892885913396
18.037697467257985 199.94064860269302 1327.6581848168348
172.78636507607465 83.76101803002413 645.6804130910494
323.79517490546823 245.7294258331318 665.4296662175932
252.30052416560392 36.23535863182445 1130.295103995407
486.732836746831 971.6199272382541 567.0850393991764
94.45552739758281 47.30869299216252 898.8397548858866
94.78399760824962 72.46168435176152 615.028550939686
113.90643286902132 549.9356062955391 277.19009608301593
62.73857478781347 302.0751481847089 862.5178433640417
145.01031568500093 391.53476462911067 127.82747699924529
21.74930067814502 227.10837895241997 843.5033961010521
395.0444161220177 114.43947855460476 1375.585085071819
158.33773422401995 258.8128134506696 1257.7270582885048
323.90391192648195 105.08950923824281 236.57363353010354
68.51516896975231 225.60467958530327 367.9307656654732
196.6877591868422 98.47312800738023 727.877857442586
200.57215288372072 52.791560944443226 1072.8474451051607
709.619786138264 44.82320779067118 804.0892094284939
79.62835250478646 153.59697124512232 903.695388057369
0.36439411404225314 17.420345481487086 1117.679524865304
603.6097653245135 61.63789080874695 40.9777108099057
327.15558645337165 227.9912307305195 141.53895843072917
232.65296294562998 373.7210209434747 251.164480244223
67.51827470669195 102.44461120171233 403.0586228440895
86.58625663394854 260.98908786085104 964.2925982989547
19.567919656510583 10.400181800233312 354.4903646053056
31.17378971952161 644.891993281959 1200.5618690561676
721.3536542952988 25.95924161170694 1002.6537643257583
277.44513988975655 98.19952395474313 731.8677608954592
385.00410447594004 200.98396187669044 1470.3850654102328
239.9246402421027 208.4149185827949 8.588476904704601
50.6266701350073 191.22943850482685 1297.5083188796027
28.847510569599738 114.78564565992467 972.3076917063988
207.558147765526 130.89362225078983 111.85702164803818
327.58300863532554 129.87821941556396 411.7295246131416
130.5180819692919 494.83549745612027 331.4777929070661
70.11256433570587 124.62951199393831 785.3383376467002
284.5335807472598 63.87810489620115 1128.1630124556114
61.74900006086127 250.062863825593 462.35168234159556
362.17181748004174 316.5589778334613 253.05015737872566
1.8506636612007497 121.15642655446561 522.4345801509162
162.62522036869441 85.41536668715128 909.3151237420336
479.50765039516926 898.7398938686486 505.16999903660525
126.20888609570822 177.76329306335936 828.1109272330239
449.9716524188191 1.326496382694194 218.00623883310277
139.8648060244949 85.13360137043557 251.45178920976946
177.77744796147385 82.09987063963898 243.31713943451498
24.115650362525365 73.65925326277356 1107.9131096675421
124.3643151140964 183.06028488181315 1388.8278893819881
174.37558146964483 365.3097246389327 271.92452300009063
173.86339457794 51.55260057357377 175.58582121694232
134.955532038714 59.160269012945434 140.40237222223084
105.12532845939826 31.0683130550917 1197.9277324260595
24.215454306628505 793.0761255081148 1203.9911205951905
10.449794346669568 4.921670283358911 798.3698035532358
74.31353873413312 92.12272932703468 757.9545908292652
64.19700380399249 23.089443225779966 35.87953186661469
47.220348877333315 326.1911606848419 864.9142928712577
158.19228753857135 172.37321425421445 1306.276270186558
317.09812790001746 2.915446380386063 1367.8010308394596
197.25003887905586 1.7964015892081218 25.049192611559633
117.32500848623712 174.9720392276318 154.2457237464401
261.60711621680514 513.0457131524713 659.2311821008229
107.61453987840288 370.51758525599627 505.55993450590785
29.270121651551122 164.60013139483445 1378.0442623152715
98.991583835685 310.8228534976284 839.3963048367369
761.1325373460268 100.2426823917568 912.1887506413789
480.60112947851195 5.487703570095148 1362.5170756646462
47.01054985406536 41.58355408888817 550.9856750851152
28.732497395798557 184.15884641978136 499.0108807593563
492.7324179274642 480.6482168555508 684.3288895208003
113.81547208307742 52.04094345398707 1443.8947879293357
272.11264523134986 167.62266589094253 728.3251503926839
299.6359842079357 63.570054134882284 488.4473650682472
132.98381476607918 123.74743297805104 1307.0301301492002
79.62470132760306 162.92150136376492 63.08441411728244
24.447412740116313 362.0923878190399 828.9905158848372
521.8979476290687 234.55623532923232 1295.5517223285258
483.96164175940885 25.12565731369702 709.788238554899
134.8331317430864 29.318276785497282 571.18628051163
18.235174967511227 146.72403810733385 648.1085148702025
283.45297435919997 115.86762840804903 315.90731137445556
71.35137078822302 76.39234983021107 1357.4302796261604
48.303406923880196 86.83569325106866 1016.6396207203793
10.512450001730626 157.98609583339228 1080.3315377052256
166.174021795222 180.06215477153566 37.61453941080883
46.417133965417236 65.57267390580435 1345.0486328999405
118.09413489936016 180.89538190893438 245.97845566719644
551.9146673616406 174.54943052188267 1390.6060002305662
364.67663452451563 63.74536372324019 155.46271721261184
27.220520365674293 20.069041089793885 1212.9331017905727
524.3107455363897 103.03380049766243 169.328168639631
19.628380855057202 22.27842724679143 1290.2957293838597
62.35410332919204 511.00292326822847 466.0657769958825
78.7233889409263 348.7384679798927 1107.6999215800208
305.12105909938424 325.16363456031775 1494.9773056245283
110.78516796454687 403.2800818435911 717.5354090168368
136.1897928095578 339.3707647771484 771.3863234334516
379.6170835464328 787.9522454999401 168.25365162022248
161.0808810076547 961.9460945833831 197.0136843762566
113.83456868896151 62.20539891376432 165.8918416898306
57.27743209794275 193.26119802805138 600.9269909610169
22.069150170634693 27.628076706522105 1222.885616465827
198.00031003284678 52.49891362283281 1415.5403226377666
26.843815255354954 27.461664023870664 1157.3654620886134
252.62535967029143 56.88638418142135 1261.3141422361975
112.53065629818049 397.34378026956614 374.5139180343706
52.309016293220665 34.532537385198935 876.8644294457517
69.45883932703173 39.563999933798 381.30910066798367
480.94856033328773 9.010291978313575 778.5014295685697
17.229453598029238 342.6065848408541 604.8069648093917
42.07632744970979 99.72277766652935 491.7654655314356
89.54543792415225 93.46640509975693 1411.6809144020756
54.02507357368413 579.7390406859106 1124.208152679731
198.12746796229968 261.1179782681527 1079.734800506545
209.75919709537098 340.16209290760435 1343.0983819834348
3.6938371664985015 319.11316862516475 809.7645185680753
140.7465578087833 116.82125506441892 617.815464729372
160.52313697076605 15.082028079522642 606.5703761928416
507.3332501060389 23.42863113257512 1070.728809346821
14.576308680478958 0.8536659893169873 996.9358608349954
116.36987315011919 199.41379412237782 314.458429916479
35.64554085650254 185.0005320416246 671.9412280737389
129.21970459662444 247.89476240920928 163.67887178269675
63.193091345841715 264.3791624585003 1126.1797585642585
53.13015056535145 50.58331161780507 594.1445862220389
226.95158619330252 429.6125421533129 1316.799701572924
105.22772725236777 341.8987614302692 684.7017730323399
69.99623991118953 448.49768628974755 930.1941270267944
414.8737577903091 70.96051308784868 434.2868515653857
146.3612920220158 148.3019778215884 1361.7030138448167
216.72372733646364 504.0718802341705 1212.313945799564
39.51922120936304 83.1431996472218 545.0865615375526
165.76931250786743 33.68664588362789 1278.0126084599092
191.31381078853923 227.99135297278545 966.4897538048712
7.52745557001111 34.330039952286434 1365.0129066701327
20.88392585759186 0.5923698294875541 1329.7810465709958
47.62142050402362 113.6214880359098 1218.227909816412
201.9650818219474 20.00262097487892 937.4418143293274
981.8802257453335 76.62497299466551 1296.3219394887262
206.25381232658998 764.4110775845542 395.3275031553556
84.45780307576473 892.3642132437803 128.4509302193359
669.0538236335226 33.17510450735956 1359.7702809247116
45.072496724341065 428.8798739872824 254.02413696350123
270.2154134923359 380.00867890043327 191.5900214156226
47.83491134049922 1.1228006690308359 692.2245971177072
111.13635613710483 758.3674577153487 821.9646780113605
6.545773431543727 115.36952907685504 137.7204942459028
21.447967181060317 79.6240665164092 205.0351101132175
141.18003310484582 86.8664375669612 1415.384647903021
80.08290239758722 499.28255082230646 1125.416536159388
38.711065419737025 30.680443801861855 145.22810198122787
316.52033383130464 93.84956041005714 840.2030874947092
258.9331364762463 36.14304688999728 1345.3212185700618
197.65329310005703 138.77177678273617 965.719236200234
264.2160085201018 104.6088617120606 1164.1610964579065
75.82777795686525 22.713786900320486 419.21559187453244
64.57406873769173 66.83403116286668 321.73896189316196
312.22430124438125 694.4513406611478 1033.5104415937185
228.7703053297503 2.753044561558844 927.0549929460158
416.830613420271 91.03424204590506 876.8071050605977
131.55455848133798 266.2689769335129 1438.6331227409873
118.53969484694026 77.13966349472052 142.07089112552984
625.65279266015 580.681403807365 725.1678540347124
49.3277345767173 56.91815434772789 1070.2988960921714
271.76036602361364 66.77593544752052 1004.3532984417699
177.2204020447828 182.80632628384282 687.0307943618086
187.19279038447138 201.33470460537632 77.72788931058788
310.14672354426153 235.56549077782464 1178.2237673824259
85.80971025882232 325.59119127498315 605.7311111107902
30.992193905591964 175.2996829586668 8.790975261656397
185.36972039822416 63.07347219888763 107.24730052935733
111.69516077980876 55.08767229048408 1457.3197076815911
401.5580273291126 88.03699741687949 496.6201218042694
178.69962727906105 499.5579226791212 1316.5332343150683
210.836339763598 152.5981150454434 376.05676117059147
181.47565210188404 378.7751316923317 980.4728364006602
41.83222375430747 769.7021037901326 149.55234395436213
340.8801262548617 23.1606571265128 1100.6961900711328
83.04235076788665 339.062133549268 888.0780985333548
26.83768710769534 437.2983633165385 184.31041280727928
71.50356900179384 537.8403305717015 1020.5831848633509
11.422023754430434 259.3894292845963 1180.484416401612
3.201518324986531 162.12558776687632 555.3301301698269
178.9584582086565 132.8407657690765 1065.1159249867367
307.39387623065124 119.68596853860166 1033.5867808928163
74.75182038466028 74.94591239932431 197.786720817626
32.90131474084787 171.8984717432369 556.3202803736506
345.7077886783221 206.1432845770891 404.7481587258967
302.15210757108855 141.43872798204788 929.9919050205642
59.5651853064561 263.90842515884117 172.90324620974346
98.46974543204281 211.8823551120111 545.827455792539
63.964795571304 79.65821783517254 694.4841769063854
625.0516414124224 111.63957738959044 445.5174379491227
576.7342696120619 67.19741699578674 1012.4340782448529
183.93128365664944 40.78193946489895 418.1852191211089
414.9852491095615 139.3339357210438 1070.0001995968298
585.0291177515059 63.7374590549253 388.9198496221952
318.1550428152639 353.78882516114044 599.9065451873026
317.82953917881144 232.8838020649211 341.6059828990101
92.75291932180275 147.91290208662312 1335.2373839086888
61.725381877010335 73.44098568770092 4.129183842706663
442.8425836023245 48.12389258188202 1080.0754745198221
143.1083279761833 258.69789909912157 620.0799524751847
93.96851306459024 249.8939569866335 884.5949579139836
89.27008652469503 38.0689202830848 417.27670397581795
77.89747325627174 96.82357560415922 522.1975815981426
78.29592193154275 106.2842637891156 94.18478688231686
18.409825595023673 16.81924430531887 239.05280235446398
88.54238332680677 72.70108086657349 343.8168699592383
19.01691044333184 141.78236987333275 221.86664668172244
17.160713817325732 106.33088545711324 801.6880339498352
15.392508898655565 222.17457505407685 607.9559320898638
8.208687264213966 74.09015620272199 1199.3564672592017
92.85259183038404 98.23495036195841 564.353065268359
308.7144416946092 184.55760396421698 1242.774017564624
116.608403283467 232.1354549809716 866.1905248091978
297.33755345728207 81.36150699722735 703.4528157993575
198.74221372259186 222.15837955128262 594.0045857520953
385.77550898410976 172.50442781364305 1169.8762984428129
43.05763615607118 132.92731292968713 809.4817494266554
20.567660409687768 25.279992482163127 91.1438540286153
115.39448171298929 208.57052720666113 52.04726849799018
1040.155916944837 192.38092745699558 929.8733528871222
39.82849796868472 486.9318273568559 873.2929631447848
183.3504003053184 104.69402769028444 260.79626513827304
260.87491331986416 557.4777823226484 752.5757481006415
28.656047816893214 112.47398831447093 176.25101223644273
257.27513428107943 157.75470431836317 1393.0663343198185
460.09795089725134 310.80322950329014 686.5575761280007
246.73426610888959 301.022559778207 1388.8447053576924
213.36019311338578 331.9996659904809 1382.0548018814695
125.94252458313836 98.525395224614 872.5265832731196
1232.5939073141103 13.072201759617574 1418.194130697994
156.29577743539366 52.98008286009433 284.7255584542823
168.3778680195136 188.01533811279475 1028.2689797455837
209.79262949391207 78.95079521794518 1345.251338896901
201.48200760778985 498.12625284651 1143.5844576500904
428.5664274641307 79.42951332272267 850.9405457367913
50.15415937051591 95.36671465223515 336.68719021070575
358.678850825895 123.37595478482415 512.3466908030642
654.1537353977585 191.10992354088603 1183.9554025540012
116.46473023255524 78.2784741757953 803.826096819027
201.80622517579047 168.10555372298597 1365.1461955440589
156.24018262996964 72.52398218462987 243.40165203673973
51.34550967036101 3.5961854473256887 680.0679428116027
402.2943909110211 82.95294394657866 292.71460760580055
97.45260855031226 280.72985837707034 508.79502685216386
3.6825426636958687 134.48900532000383 798.7419689148634
30.164394906056614 192.02778117575104 39.798075563938276
300.3541137293072 61.44954365831992 44.5409515586892
358.283697234355 72.95594849579389 227.1302512865424
549.3119612723087 819.3220668238831 238.28969722525238
437.0190111724148 120.96812666813518 419.34162398160925
252.3613726583215 541.1122749250002 1270.3448597803858
243.01519763685798 339.80023372433703 216.73875966154844
313.7617612059242 240.5829358486405 226.65571110257437
156.07849691505984 444.59286102614726 993.0932132968175
8.026564151746 195.53722323443424 932.03831174345
113.50790835922488 145.89171533245272 293.00458196665994
22.540866260911038 73.79301010278583 886.3614683323519
130.60498259691872 232.73778411433787 1046.6997589730495
95.29095614830389 272.47388110199046 642.6712908136203
49.07478604895644 306.0590102140402 1043.8072807904214
20.958747445494 119.27996830276197 1213.2947941578725
34.386447953939545 182.01991504993552 1117.0631875687127
34.39664255978725 99.68901913352374 601.6223617234954
151.9234393339926 46.083140623737755 1278.6251028989166
355.00286268412736 79.99813989291061 553.2429163683188
273.3950430096439 469.0727560238113 384.916627397203
201.24198711405487 19.86433484829224 16.498843734734482
679.443679172547 892.9252142881223 736.2446896377381
10.533407097708611 109.38121207346865 1394.5827552019791
544.0956677654898 6.833403732705177 292.11895774669347
70.1157770642679 257.5464174672497 1403.11706373279
24.297504365701823 7.627174072225075 417.2586021922489
46.10487341401478 29.89648337900458 837.637951749509
196.92410647001887 131.61858166330796 545.0536855214401
202.018146028175 153.2885354847422 252.50243268954998
368.1687516271292 223.2840059323857 331.8870145637851
382.4323734044503 211.67577116977583 1299.4339591389041
841.7376161168237 13.398825551137902 1469.819587308634
27.52392126995821 378.2156305720176 958.0175320553569
53.69382138382355 10.877464441165172 670.3040411012252
58.90245302944045 347.0844374023752 944.0538671534141
227.3820847271736 20.347402105432007 1170.597582889998
53.366478729668465 8.43828696281188 1080.416557703661
150.26748034582425 81.40571227665887 1391.0079668907197
65.93501525754164 21.33519280112461 726.823428811145
242.5890073269212 53.96885195284482 1345.0685581773953
16.653728066783096 127.16764890759984 1224.5181271121785
217.6957018345072 18.859448064848515 26.083389794209488
126.1249482954509 319.70105673646583 1322.5615891951447
479.46656906217527 167.30839208151974 225.78063852681356
42.88755585835684 402.5673397582219 520.7095320165154
59.83199500946379 401.65135080645393 722.8239849830344
287.1138334257145 81.9049541728657 1282.5589184914684
52.455376209036174 141.15579120157824 163.96371165925194
62.55013352088016 188.34678917373338 127.35620574794649
24.474120846980206 15.003585095443123 110.67926378902531
410.15376718061685 70.29899033062875 470.89546978018
55.3757892630506 71.8548498397201 1357.0632652583772
271.1839931414769 91.36045669063368 699.8283033943148
480.33344489703154 253.58651195922187 18.332980824378343
47.74488606268791 847.6765021552536 243.58744584294956
187.12755080072398 563.0776493584827 487.44280178408377
293.8242480993163 84.28874628389813 599.4292762428066
3.20658681655813 15.104443136262061 456.8378918082992
89.09053827954028 44.09017394029864 864.1833277392677
227.77225688990828 26.52190033311716 1227.611960125104
218.30186643162298 182.67924081855028 1056.9829414230956
617.0348955437095 167.35219118511705 1451.6830407332002
216.5814632231551 344.9125530457172 1157.6478730216343
84.1184365230627 222.4590863227519 180.01110379483976
484.8824999790755 95.10687556518117 1412.2166652651965
354.09529746651765 186.42041439572142 135.65452759700653
197.29240755941376 37.65183433024113 1441.9592726632382
145.1602434093322 541.5010309618087 588.0472396295283
27.716827582630533 137.1837871815415 295.7481025660706
462.1448706040444 52.99796174893506 291.3675443111469
98.80758788170681 69.73863865054103 1358.3224484634443
94.60469562125866 119.15202800134077 948.8623862648835
148.22514664306223 24.558581892112507 1046.6918391155268
85.79974967189433 127.38915537965683 389.72097425353337
14.101742478486903 35.2384017295983 52.305156067758986
86.95411662463721 117.27372339885905 795.9064919316816
195.96561432764193 1004.607219270906 767.8132238521677
196.19146217855052 31.998065290649507 895.4464290738446
435.9116086753052 214.5651086001334 1328.7001304363623
151.03388131728897 27.097274359699984 1344.5982405870775
22.883915041847878 2.678836803937156 1383.8830670056022
221.14073402729133 201.1247216636865 54.343508522152085
413.99004688808674 74.47435708304411 598.2813580357448
8.013342146784659 12.306327049705217 1269.4054502518647
169.14660738596103 37.257106951204804 321.5160434301904
93.40526932625708 89.3866012935633 422.94733015486025
95.33796129381231 36.494725119600915 387.1277510773011
781.7764504848923 116.19580207321401 1361.3028134410874
4.0542724633106495 121.49012838568515 567.6653233661542
41.298935406017684 118.808325520647 77.63902369262094
9.515917505313757 237.51342820166536 1066.4458678369688
963.2947056424294 82.73249633219896 70.7625370890293
792.0004676481295 2.2416565453313506 743.1306080499284
674.8961471989633 70.60493702835467 181.24112915538015
19.987960374427985 199.369264464062 321.6687171594922
228.1898795411596 22.77813464011586 577.6432408021594
17.239269203299706 77.4738328614359 901.2308952766825
292.09851747968094 489.10839645373756 413.2556426092045
376.3884312622372 126.23851577656326 676.6380505647943
443.23942156703 242.40593122955033 992.7712253171442
210.92155152205004 700.9683802369847 1259.3145088624449
256.5684052510051 224.86298618260682 316.64852150813397
87.95503364827013 414.64945421621195 95.49821565228822
318.95558827700256 211.4423128381587 1058.2725582137948
26.976120781487573 185.51200636875487 1491.630824069984
93.31320659857289 321.2795552076306 1050.2898315927428
119.84885030674623 561.3411031781901 608.0184595727696
440.68479277522783 20.451360384354917 1376.8300765315084
381.06305549282604 209.93600191221105 706.0532574852786
450.1023645449709 130.32238617383118 482.98812977991923
255.2167978956596 322.81314637296254 1250.8302493986382
10.921523564763328 200.64100560948611 686.8499550984377
304.7709276648639 394.2280756736708 95.22160614530239
1.7917197260037976 46.13584447467661 99.84954200706426
135.4117222225929 87.27927892871365 1320.1231454255606
33.478500537254334 18.706252789345932 704.7264511043512
273.933717821892 178.03511360956475 443.8287832371042
20.836358974838173 386.97358886913935 1161.9041548144612
74.33364325731037 537.0234279622124 16.5008234829202
64.07286825690477 199.55409723800716 762.3159368851074
111.33324730620731 200.5021818314007 62.2510728180517
339.1520273364177 88.96677961901088 783.7975686931308
255.56369393815424 11.129893802706096 1056.8956568924625
47.85425410157285 14.450318520708159 1139.1363267544843
369.1894882957016 164.84296634312432 783.3092338914932
173.06608835000904 51.855574872519085 875.5289255553954
63.60507189564408 266.6976221105327 434.32785654827387
82.90293831147947 30.25273661382749 489.5369653661226
0.22587970732093768 83.85700825497825 552.9043887603099
197.91334327806481 187.4234672259862 78.03156292997288
457.48381705877665 76.63260999515387 887.6708242179327
233.06847036567947 205.14686650012695 616.8738786054738
67.51994855426683 129.50542581927445 450.8703219196793
5.637538178014742 196.2837516668991 335.5306598234678
395.52060737935744 38.76653359261196 350.7471564216194
227.68610039658154 567.6422113728911 719.2448379034282
17.707509910763832 160.54404183232705 1296.0795163559717
104.79223253913659 6.054473520389952 1035.4168340310393
124.85920073372559 9.546593982038159 137.01569094143608
0.4484578071743523 271.2706930803371 1128.0130215532088
379.6292208088611 57.8320727572339 971.3910202696533
172.38057474102084 173.77446389100547 334.58609849969656
46.42417984240021 1102.9675679869868 802.2333597532657
29.66126558388707 146.6215052928513 925.4166512091937
111.97177384049877 110.88612711716365 604.3203838576112
387.37981711475237 109.12689369940558 940.4960965988042
27.247758951997707 241.2018028707452 236.15065559868998
188.67640754316395 67.5544325528502 91.58002228447954
95.72168017321731 36.86352267331077 1063.6536005139633
20.030670752555974 19.98245179947148 844.068314808213
10.388770719570653 3.0565061987102187 1082.429707903837
99.58848952816534 155.417966286178 730.9556970024204
499.65145129637165 88.78172857625485 889.2886471414947
236.2554804970859 157.79003041771446 1200.2076685221878
13.12257574585135 267.52159289366995 232.3500520039627
323.07198293266754 128.54874422017684 534.1757454826658
237.08121281811563 117.05991643035438 554.5327022050393
12.87292478957178 524.9233120372531 1467.415480857716
50.81794824702851 30.925705419413557 151.69894990242838
64.11697935516327 232.89396086314102 798.1244991528838
1.5724185369691173 40.75040954307172 1273.2493819930808
96.70685039119007 339.5942032954541 899.6438700353525
415.32011612517704 137.7505352342927 307.77479873103425
63.03835865287956 227.89341133633178 935.0841343327103
362.41765064048093 62.19710183033463 1157.0650128656666
23.65182907797352 37.40500513258681 1399.1629779114312
155.7285910198591 391.91824690812894 830.9211811557574
326.71957683975654 180.204264194382 22.042757975534457
11.162678672696217 66.51785979367418 415.85718123565994
27.73751840855755 220.04377595280843 159.6369086358575
28.234987376632688 97.73665199948356 217.58275512580656
87.73318087027904 82.27685522866715 716.806471059878
155.2745641728689 272.6169002985222 1231.0173297111278
470.89282655072236 11.424216128936916 1451.1554127742997
276.28837206997264 13.816561258900112 1332.203887209316
37.96490191463294 31.91858525709731 385.50888486667407
392.04448256965895 145.10884175034568 846.460346754102
18.432136456267624 311.0796439381665 908.5150171185433
4.5605550842571665 11.613145879687565 1413.3977360408003
53.77809513247254 153.86448713458563 286.20600704671034
12.506263612876579 134.4783105936799 37.18216700823396
141.722851174902 388.91923907669707 516.7135827367679
68.6585115895636 298.74238485638284 761.6276125789209
383.30756960697954 82.75410583985673 944.2428200434628
156.2113023753798 153.14132966669106 775.4425993865748
145.08985285538108 1105.3659595668498 761.0966280223479
437.77804487452687 9.864631459872028 1349.8380786133123
20.27820999874051 74.35974492143772 149.63567592886028
451.8192895896885 131.9917968167092 882.3727796321032
158.54967454795553 97.38915070319645 442.9458857575345
88.58789938136178 290.7353315989536 632.6923616897934
335.0919063703894 508.60979971049164 951.3315447636556
91.26369492712118 235.63602655956356 1179.6581519080305
18.89830681347913 680.6242014758072 157.52825585184178
134.2482041184839 326.94596791168306 466.10194340783744
552.87188077699 370.4885186259212 1260.523044562657
77.385675966782 1166.5500629602714 1233.132864998837
95.33105717772364 259.35029695735705 40.10928088005389
121.04769250249122 327.4299619227217 1329.365717644578
330.67739002606135 144.04949176707456 222.21541675195556
106.5267325449563 95.58668399015188 782.9821752537234
97.63239846447388 38.08009020823543 153.1550017825351
34.685522030941264 95.92693371693515 928.4463443234933
115.95280901392952 301.19390120127065 146.86272028026593
42.7895275021831 83.76511027976487 165.9635510835728
129.634740926135 561.5399778283771 707.1876984900384
86.41220028335742 7.079384042925094 869.8987003857039
244.41277664440358 22.77101213181393 556.4210462168762
306.7751208974336 188.71100184547169 1303.7529114013012
393.62489871821765 461.72641428413567 1486.9285919612284
272.7187222878595 114.04318206313361 756.567237797294
85.74087996429087 363.07940742909676 997.2956341486334
37.08071601035546 88.68463761120975 249.70635499662424
212.78519763226709 163.06333365010735 1005.4093623581416
1.4807756195113753 248.46324274687186 705.5557836638194
177.062275454187 125.36278142863979 167.28415628431713
87.02398232647948 151.3935408499303 1027.66354553279
148.740475180062 141.7156420099517 1107.3336604211079
206.6561242335339 254.75674256543158 480.22833488841934
10.950195270065107 22.006201168707282 760.1466614819985
195.4268399624794 137.93048140353037 1067.1352753795743
46.75089156639965 85.59059377274359 14.548050371321231
266.11442135945595 5.541655712652958 1106.2402793441838
170.2371431874604 250.7653889503132 1119.8674067463596
177.98731372153404 101.63037355921833 1242.0122535334465
81.56719581266375 100.6740456057635 305.58938169671984
63.12390441582713 51.87118877178947 426.43036436485517
679.2326397095846 54.154204442263996 241.02037876126442
207.04537291400652 166.52095746598698 253.01578620955118
278.3838439525185 135.2021216723313 1024.3003643448017
204.22544682015754 292.6556389049589 396.8581072643055
64.50880253398222 172.2475641716362 934.5431342216021
367.36683669447547 26.544691421933365 1252.5035920237215
72.50538004152058 13.272365039510598 391.0762466843533
69.49174440004828 8.590822650853976 1068.0930012293313
7.149578312088428 130.21438658504175 302.88596440490414
70.85640669133099 246.68322298770056 1322.8600821550856
198.9376559581054 104.36585753350695 783.4450600173052
228.28070200434462 911.341899198645 1088.143741012616
168.59028905906922 166.62817701322425 590.5893443507726
40.41241680935679 213.3437118682397 45.43630093084627
110.35176306100949 156.93822803625994 1248.3819256450802
544.5042857402294 192.680822916717 431.2030351766818
240.8170814551879 237.72612589871272 467.80723776147676
180.26920335373237 37.78315927095339 340.2373339187132
291.395806106688 574.1415797983626 295.6728031511806
159.4482980289079 108.3249706533178 83.31808344616614
112.40773134954034 298.64281525306365 505.7317145068524
141.28583060359335 18.91621580854529 852.0352095379611
10.723262482248105 146.4355665525223 254.23258502342716
127.1443349931842 69.71611674575759 1371.474509855482
207.69881083125412 310.48017558837074 246.9302866146385
50.8965838514258 295.222681309823 194.1505864607026
128.81890799152066 397.21567218596647 492.3214058465294
291.4983536186748 173.8991508354323 658.2134538881133
6.656362771132024 87.14532487666312 102.28070590493776
228.82810891933664 72.70207049790064 831.400970495301
142.11240603267657 577.2355812940749 340.07044980109504
139.2426808761371 102.73526221515668 164.19093454256785
42.1234491220453 95.55871469008447 1185.4534736615253
283.2125023514989 153.94832517791122 169.10581316065137
243.7727528180313 221.6823647501935 709.591695322125
132.3648942201655 330.4262550868299 1461.428290061217
354.4049162640678 150.05483927129828 807.770856704675
157.90309175129656 125.82975388102342 835.7935835277453
599.5450006868474 83.84495320330099 904.2217034593543
89.55986698384979 75.42941463984663 216.94656676355396
71.2674050200947 304.12733142999036 207.31348801718678
20.917418433261815 133.4286116103818 1451.6780473614242
13.19489523588826 221.37221194292343 363.8176572398074
122.54895125097136 403.29045972164295 421.3431763259058
174.5775764162064 174.5408090539035 71.31879876713143
115.93416310334186 199.59308728033028 665.9038301716581
486.41435515396586 176.2768552706645 399.90764780800714
118.3318633452038 161.8681558567808 61.60619585483323
201.87137998482586 158.39045625892578 729.5201282515973
314.11928549972987 1.820915753528253 367.1546738204662
264.6066493622731 67.4860755823058 1066.683502339727
44.362229443563514 155.8254806549021 1001.5418227663397
59.24599768492869 166.83040718199297 259.1916610573357
534.1759521262782 303.93462760702295 1173.099002423472
26.42669559278467 91.64201475890731 126.14228444622688
429.77902434785034 271.4914868318609 823.5677464927487
39.32156678872204 441.8549813944739 856.9134295351906
80.48733937240293 163.19013511779667 1049.5364821453866
313.32748937602304 378.3275150067428 944.1051455582859
0.00198417364219194 238.47477432912868 1295.0634760588089
224.04348022281994 423.73987872201087 118.21386726827282
375.01972018908157 570.3963901509474 113.44121438921395
102.43563404235918 203.1601945615622 565.5728569412303
122.30173856643421 284.5596601430816 1463.0449182355928
101.79600093500439 858.97479860646 1183.979386302119
40.01616622854705 27.841231114784527 697.5553508109248
372.5927147767774 863.9310032105302 1263.3524779115
72.78401512723333 686.8027785919194 374.03787026109916
26.545708480169523 247.55601031396614 572.5133751684212
59.2397438358784 77.53489038535676 1431.906016192805
155.43424253199174 206.75365577002168 479.0273315614321
0.9239235046407841 120.00082968553293 601.3263778710414
279.23151358108237 60.08485951091974 940.5028574837386
113.86935368115962 115.14885443874807 1330.9993025136323
51.84111364921693 100.40476364973463 356.3963749596005
137.11280141517094 154.2362951531773 1404.8639604470634
194.532203254391 259.5378206678958 1076.5334837299595
341.2386963047075 151.2678422345812 444.89798380979136
162.42944790873375 657.309777432804 874.6293813893877
81.73103171984268 45.189855937256226 596.385981793672
390.4549381229908 323.29530582893057 187.3841963899494
7.200014802068357 390.2159008349124 1216.7440411548323
176.5592314510892 95.16668894353013 1144.4621023532088
38.95916447799069 359.2449189981773 297.5559009546456
147.34127113387868 47.54055102300081 773.2786784129469
81.9426486306459 233.1211798158637 680.9074270966577
229.4396149762949 93.53235652794393 1049.4259878739924
133.5117845000761 26.19933784822169 499.2865895450739
9.423493836607463 87.61241984195888 929.2296392588438
134.23207085000678 212.38611518531542 1003.1262224834576
104.94097524023115 9.687005974019513 1307.0787854420196
66.95780523664602 630.1519024900348 602.6794160164362
47.98877455118994 378.4038996941499 144.46740730546747
134.36448637447214 12.65212420820688 658.412130244577
55.66261996836743 603.3769085082421 637.7710340859622
63.45961812147999 162.6925042722317 1018.9368331683642
62.134131188639465 47.58290214566506 669.6770159558918
225.91151404013132 81.73457501579972 1002.4027734374766
301.35934871392976 111.7147969290925 985.382663733105
179.39737638903134 418.5946335547836 751.7912532111346
527.6684889873294 8.292654633665107 212.65521724813308
14.19705643356226 484.7083703013624 249.70264542453657
127.89407013213277 126.84048992579848 1353.5066039770231
437.191272800968 267.2644351400451 721.3642392871702
12.296495871240582 68.26775655748526 832.0179204642636
407.56553259122086 200.79005026637998 380.1106922030144
321.66083333791227 154.10428113099994 51.03450164200674
85.10353267687668 123.50430433881114 379.79231048554345
276.4768573524097 722.7249191746215 508.56082475939144
164.41074250937234 260.63046784200907 123.88894364810116
362.77735729821507 26.592399605857675 180.02703043799673
7.230046421526266 96.44043133347986 792.0634168829862
75.11667721563327 6.687245581873958 859.5941563334178
21.006686197733565 483.4204693766341 956.2650215023085
85.77560723974341 293.3953230916475 749.4499025257527
112.33838961354203 624.1409852728918 1327.5661146396433
33.65430679098741 86.53385467743558 1482.5875957032883
438.8329106610946 59.03845447538747 862.8665359239312
184.9919403113883 80.68289206145114 737.6819941401349
267.00985797791094 452.8330397992311 1267.0707246117204
146.94496460109042 285.99433236763684 1396.8703339643844
181.50444118460092 71.60405542584381 89.62309374811511
308.94217015323824 217.65406725910418 980.8345482355389
134.73650729057766 535.2491163490017 772.7824615250595
18.184446621306243 17.20128807185112 570.1655942645087
250.72709200339114 156.28111126607178 317.29889187951983
41.96517155772605 124.10359194449434 232.75619897953652
232.69260086782322 203.3884197155961 1090.340060832412
230.53342325250466 171.24833927595137 1181.9989979328138
42.65504178531132 334.434680377879 663.5450516988983
60.35299846104273 205.3494916662288 95.30346718555116
162.89707739378534 198.0681320979826 1422.2617967753722
158.03898758522422 327.59320767305604 21.41780946830124
3.795989512830253 171.6840504177011 1215.5578985951322
6.465709625318751 229.1583202281815 673.291067469726
60.89218418523584 850.8771462167058 43.950113831202955
47.89683424658082 64.03045918319742 280.8252325361049
31.02741392843805 125.52820076690206 1041.987597565121
111.53190108631898 20.060861389078138 488.14282691026983
196.41219724370862 321.9611058451755 773.3817921120352
156.51067426318247 12.384688681347834 819.0960573673755
250.5394126945541 5.559544615704448 1137.7727123477769
322.4908933882711 389.8236798625062 817.7924550628567
722.7837745890778 164.93076547124252 1013.4757811624008
249.52566935322028 0.768057006026756 733.6586914770862
10.082701914088476 383.83587355906195 971.3494358303454
383.49770167301995 96.81111253476512 13.992221760692146
128.8188674741702 127.74459709969166 486.47897422470237
21.3699468146555 37.71308204521189 774.7734912101109
161.74405759286444 482.59689452066505 1371.8541222744543
42.72009816583958 43.86395801883868 804.1619587012226
1.6361247785029984 232.7658943373953 861.5026479155571
70.28112345032567 67.63493573780801 5.478483931042555
56.86993001071404 23.64360054057867 1380.6299182228238
711.482086215053 103.74936487633882 828.6103541786276
11.758639846321515 113.7464368341893 886.2643208177675
62.973804518199984 123.08813605625137 823.4603599654438
68.64654099649438 309.8874680260154 820.429119096663
146.24136785005027 467.0399689811508 534.8510384152497
441.16931020700554 111.68445155760156 95.32264577384164
176.13304737086457 91.59367229184957 810.683818966084
441.82885020474095 181.13321638357604 490.95592967202697
13.345850481286806 226.84934010080693 683.968858117348
232.4288582034524 302.4747809896329 604.150268544409
32.01064932883415 19.31620802216868 592.3723561467317
38.932651692186006 105.23898301295667 1257.3678737316495
164.5083777706214 37.45947972644683 1063.3586449895304
33.29339455905872 2.8712559175532557 1276.681577010322
121.73718071756684 38.67047714779493 683.0842754814613
123.20988766792871 296.40565115295027 104.02282875368229
61.62729463669271 217.50104300300893 339.9659202762988
94.39561172227046 231.60636021470887 815.4997548599287
430.8012130587329 7.477220474121969 581.9973251170054
210.61950292400752 182.51449041182056 412.3894911061364
321.0613667794047 154.71641728213007 602.9000007516554
104.71346667168876 127.19063281732758 783.3771975552486
130.97809786698951 231.67221130936483 578.9335747772003
121.04926050547779 129.77368746710545 852.2082498846513
96.94175755596976 49.24110975530098 929.2459410500057
610.9114885613953 0.07118116974267022 787.0759235392896
103.42250076644581 586.6142403064352 629.8527740322019
66.17103694579856 329.3355257057955 984.2604994303276
217.19667811394334 22.38569874691961 769.7332288496196
11.109873697086345 149.9825437612435 1046.3787712412527
169.18377531417056 272.82978136509155 1114.8137277483947
20.625258470294895 62.988757339561005 1297.4086912921346
12.021151260732795 218.50740222074947 588.9430090490717
276.2531084980558 181.512530184567 321.4409034997562
26.421932440800198 200.596567801577 10.712586575104988
155.17959308449127 103.70179255572063 175.97368957122762
110.73465992326072 46.070614380340544 504.2524350533131
15.021567495596667 56.89322519932303 166.72923152886142
298.2381200527818 423.3064984941451 1304.9360416648947
337.45899432253566 345.82943869338 595.2542859510149
57.2820889594492 24.140202544308877 1143.786748455543
69.52282908585553 7.399184369999889 484.8168297422545
105.50292291662254 28.1157138120807 999.6437990800408
363.8003518461296 76.97086537872721 410.6916406748958
10.93936887849069 222.97463086270284 432.9248468362108
14.299893629703345 23.449676526122364 1028.4719073195458
57.02840668140896 67.50106928647683 556.5469184313375
61.44363258086756 246.11536335356067 1484.4437022137597
378.56509951921396 53.17818900404233 794.6754516707948
188.70404341287485 54.96857746203718 175.27469728480327
220.02252304199072 198.7618948705352 1246.1213076347728
71.08172602668401 314.0737575596186 519.9666784872754
247.73949101135204 393.89874317638186 989.8639726028368
162.30558686149064 317.3541481456093 71.18506647837769
178.86599558070768 735.6897615973842 783.1777474641801
27.793864383937546 80.66244862835494 955.4572971953767
269.3259272238343 90.74765509956208 1433.4374242675171
85.51645383838385 9.166384784501357 863.658892556498
42.05246526259454 244.82975960516123 658.6663509257633
107.45113522411694 92.01929964146882 697.2562216650493
127.28380341152183 206.88001521509486 702.3053948128853
25.35651506907438 584.9937212984861 1320.0543967049348
577.4798751361816 23.776208397810134 973.0813616411735
271.51221512777346 332.75414252517595 469.36144165732435
16.496501568495127 194.34240526911933 1396.8770187703885
58.21742839809956 936.7013964037063 693.5923988303197
117.64941178110497 244.51356007815517 139.59763157338529
320.4647223695485 95.58912648299442 220.42344024434658
236.31721305021225 286.9644197028725 1024.7899349916895
43.107745395691396 209.706601004715 954.8467244650593
220.54653503431018 117.60661225621523 373.2074795103706
6.000267101502681 237.1782146410076 1350.5579981904266
271.9272870331498 253.87151955307382 1005.667261183838
197.13183677877356 149.1085617984362 909.675996850583
530.5518916297889 52.114099766933066 717.0108429207817
9.628563317112642 1595.8880789363943 1013.5833560252075
169.5110037921006 98.65196350577531 939.5624571745636
331.18858076882276 185.13626788736832 9.449206207586657
113.49211802869625 664.5514314471575 947.4779395346895
120.70240152171463 19.171968904682373 675.933570238725
151.51379547978826 67.82515336814076 240.8045903501323
25.417392588114847 135.76374796700313 1183.4127819423468
234.231851443677 114.47599053135411 1439.1149525373903
226.20668678712155 50.8408368174562 881.187799998346
85.26342149081403 186.1512864487858 556.0937893638342
366.552086256242 363.2886072450172 1204.0409002293898
718.4589635696613 190.29603081570684 43.756048346295486
187.44136544832924 35.647829201476966 716.2152683794955
42.84422892301789 327.5423891866321 1401.4279451163727
75.68825716659752 171.32501875714325 1431.5909152131687
33.35696411459364 159.9140302662942 1126.3404986475996
61.40452718704137 479.3362285677999 622.9030933167106
257.5468564327619 126.12618876951662 1265.824835044558
15.651318525303049 86.13838736197253 119.44139128796877
129.30646634554805 259.52197989355255 878.7920991250908
418.7299309951273 113.71562951844658 858.6687705526357
13.575549575956336 175.6352848475133 590.3094765260026
236.88243895501512 142.95745895865963 614.0196742586752
17.99540378816133 41.944589593531305 274.5169464654182
150.03837472974467 242.39323447322408 658.7490596056165
32.01451062428858 98.77860843224076 1266.3923180292554
231.71500007593565 80.21035089933785 167.42843929543633
53.45080745190711 470.24548919645355 926.9694669799308
135.34329073854315 65.69883541741504 24.763688098573045
36.97947559644689 54.54021995481948 1396.283085794707
97.42720878889827 11.833384349007439 165.51085967016056
610.7129124286577 198.33173725333103 429.49667741902095
291.91308995508246 45.24727637255175 1430.3116173660276
136.13189833418426 695.5765933379457 575.3049461804803
136.1609741992696 454.4739791059383 597.8103513126214
239.9919285381521 317.05050197963544 210.92010234054027
181.85289000307813 276.04651996685175 194.82484114026448
38.17374324916394 196.41419494708515 788.2627024966863
196.22264768555587 5.472776406663609 1384.0942129459852
172.32767335926988 2.1858830731409506 748.3081839859577
81.30262090662643 123.16103660074391 359.36836925607315
260.467290544462 100.6883804332059 669.4753211799558
383.0245875648135 62.180739123227966 268.8163371557091
173.8649461192284 120.20168398827234 1301.234042006878
83.17564504531019 205.0466681336656 957.9828247734231
106.35398618317258 375.69499489844003 370.29836117724
96.96298576127379 1.285443834180523 1336.506957514224
168.85772313153745 15.845477461046132 337.7567105883982
290.1448640856759 355.59902522151606 945.2240226388112
519.6652610995073 40.696944565958574 1114.6854329413516
218.62758662490086 545.2504540263418 548.8622085361294
0.9507978111030232 153.44430256108666 731.0957468728697
0.20596107960615223 84.69735805823451 708.6887493490016
327.5088794438888 8.24001257048499 780.8914717802538
73.11082140703652 149.47235075981945 408.6315284659891
16.717696605656723 38.68104656413894 769.7168249075563
274.3169995446202 19.550998253763783 1316.820214110099
88.72099043312912 608.4476698343617 482.7717899304581
309.4021059300273 110.44525211873903 1369.515761374813
195.9446685449231 216.91944171919081 1287.02483694738
39.63388627651237 156.48047914646918 183.1684426862695
56.13890409688934 126.59337374484704 1142.3637213574814
93.49193540169351 60.6226945335038 514.1103516744856
272.6992196206427 252.66140002499844 1043.4059193662754
191.15684339424925 104.87524224371533 1215.9517424011012
835.4949115374014 145.39509400179455 1189.6880927012603
384.93047912834624 35.06604875626429 558.3634044478835
190.8581881408829 111.99700569463214 216.85798922960313
14.978296875006155 43.87019563515148 589.0764306674384
22.71051853609744 314.1243451835445 887.9981161104664
184.81907932875075 151.72056306143767 595.7656971182236
31.43114030813738 109.067501866258 25.727959611261397
184.91153247070395 56.060723777974175 1280.9322465348364
94.68949094689219 115.10844385906753 470.81725195865226
147.8474754960404 99.4387690208238 1159.0194753761161
355.5716065971609 31.650024152439222 129.69615671862456
188.2990184483898 322.4040827999053 1087.9592200941638
178.1920295984155 148.8744662242809 570.3088376369569
211.31346702944765 271.1781454064314 338.7003311949698
300.03538349924145 35.95118218995093 1120.9412796639158
611.500121428881 94.23338340739052 1333.7621224601503
166.9988616680503 47.96108936921972 849.9035959976325
172.2473804945453 15.380731489867882 787.4266496494158
5.88626763215996 358.37590401953634 1266.3954208816801
18.469594375341487 1.9829691758911447 418.9636429437009
34.54336948644446 69.07055115409841 595.8156889752411
130.35674190401107 348.97455224528886 846.6015552256849
780.9918967045743 261.88469205589286 1328.830598944199
634.6366390388606 411.77353609476165 1039.2709449237207
86.5792593141145 524.3125589672788 679.0324081814011
183.0841008988176 78.02043633197968 1237.727512746024
33.35314097665799 28.60549259870242 259.15613636410427
26.411369086190085 67.12065778933749 1432.833783706473
85.96004531267705 127.96983290327337 133.00674132530133
100.44370227482831 107.96457642741566 1123.9988235256292
69.55434681106614 64.98735428376193 866.0746554185635
96.76031576683651 197.5588239666493 821.6636950639534
287.58286054217854 237.69995611459703 100.89144122719257
67.40512555883154 302.14709083755815 1032.0652445875535
347.74083805066726 59.608262943958515 922.2015022217339
530.7083781017802 201.47210938800652 335.0254661299027
87.54766024106418 227.05452108490906 467.206246761785
74.62451504995911 543.3798006888946 1163.6531432319534
104.43979487670711 100.30634188005882 160.27618003820766
540.3530745330145 173.40715368142463 344.5002593023095
79.37304230017652 477.4475203099323 1299.2119678218578
95.09738731128509 129.17998924080885 1316.666370748452
57.95509486351149 375.34898547635305 537.7399194126006
194.1063539986797 694.9510392269922 827.0707711356379
393.88638859906695 232.2951891668709 880.7997550995733
82.5334106125068 24.301370967794945 828.1655294255987
231.5383443492516 8.481995970013157 125.91126474663761
15.026619777309985 150.09437237634137 1455.7281837546482
621.0748805886327 343.04885141653966 961.9394585482527
154.32631681010847 53.91786334795011 456.8669821978709
335.53201072012945 52.026514555166855 80.18054395128487
188.48109755308477 106.62774025777708 807.0004671591206
388.77647014822566 307.4503031097652 524.8095950688
78.81961716438624 212.0212168300156 822.4637133321173
122.1469473052102 209.93904316471017 1131.8103323204186
249.69663845834194 205.45339235973597 1099.245080476075
31.659600684469424 359.4021274913488 970.7000197977768
738.5422302924221 15.958511330868353 107.85044276653404
314.5404229609291 44.59648800912513 150.17983691183602
56.42694440691294 369.5202651811456 644.1883132046647
25.56111191927387 196.6903721220949 61.7790798799126
150.46873624173992 131.56284048275373 1423.7871096270756
3.9481361157996138 20.55286525579999 187.4123161418161
86.12041290976458 84.69690936952784 458.86162918832025
105.32477674983711 176.1133708109444 89.51421711273721
110.8196446675155 90.90718223025152 1218.5644450847715
268.48294733884404 29.23450445839018 615.1364295606525
173.96593611020762 10.691159085509296 1494.9747676055617
270.84116115627495 27.17751190163525 1046.3000994196
179.05109212479874 75.09397034467696 1200.4968455962933
26.81168819462947 78.90508575187407 43.09161340345102
12.53793577983085 514.1796805346962 354.73643772704605
69.83348066720255 64.22651827156255 415.68506246372476
375.6702319927132 82.0228768564778 327.2820091197958
38.589463556317035 20.02550859643684 512.5680353635122
51.120104544853916 55.98818982567981 1059.9585493602297
524.2903805981138 329.0446338740177 476.3918079875431
35.06034495911255 106.40458093981331 1483.8842300369583
29.052342132706542 202.11918940806743 446.52518817108466
23.190299232101395 188.49888877777593 1383.309246049318
32.04700412618909 138.77910227483883 1085.8843999903675
124.57835780372561 7.012014003149698 1094.8824742315226
579.1151351445129 61.98425559456972 398.1507646831168
125.62816593750952 634.5915851786377 547.5728087464605
153.27187975986686 10.60020486562247 94.96581704845403
5.90865022162003 261.0565646490044 1369.5847652619238
15.075866762391183 129.88274954054302 1499.928305575023
467.9882832521345 158.85100226727283 1153.5160690540888
21.727203320354008 127.03051315575287 3.511783914731781
16.70275438948807 103.52843503783286 635.2204968092012
204.34780070439112 256.33574119123665 939.7917614449484
4.896630661401836 101.0341091089359 262.2462222352352
191.67315551074708 87.79305116149423 900.9404048400193
74.80010978026448 242.98657693371317 156.98554618156223
390.11918552308816 76.22292750923368 1372.7311034869986
785.3685729769894 105.58164075292815 795.9234573193296
495.6507493563316 97.30960633839449 1328.0150640256998
96.23328231170902 227.56912199331794 1131.8591106347021
75.00484883731757 14.977732240678886 162.54655184330457
622.9588600184369 21.209776618720415 708.6717220290304
733.5392387399961 14.254958717781314 1136.1998526827706
153.0383060240137 11.85171825935999 1384.5490611392067
20.21728710448368 109.8818244136243 164.16340277931096
45.52403633882848 359.8702042314 316.44762100037383
98.70035611663003 52.83494527458201 651.3252841974701
365.12763577239167 130.40135563075629 1423.1592572043633
88.80598545716018 112.24940994376522 196.04289207440095
20.606107169981097 595.2678734315756 1353.7002966626953
39.92210683683268 52.43413005628897 929.1577006212126
149.8086081431185 116.99588683189828 1161.4640520115288
761.4278853559758 57.66821541740803 6.824781220487408
111.37897721787628 513.9636447723908 721.5975558903556
93.54440064854512 37.19353067704848 1474.3604347164135
187.6878631289648 83.86441592828223 1093.1802880438936
70.90708164869204 23.240824299500133 740.4196735700874
575.4278621884305 188.98284779218415 1277.6249942180455
3.232306879472788 712.7661289265678 1450.8750473483587
1.9744662976715683 198.2426934051275 1382.9439447662837
74.76817386928076 484.292088150064 542.1135365555936
80.18682907631558 337.17152622792275 744.0470167918402
184.65740008753207 140.85591633326237 497.4085196820127
12.737974268416712 70.39297436751932 953.4668314876269
470.6924270617967 153.4633611713576 859.6900259678532
182.96401472015114 149.56821388749523 851.7602883942428
603.0954909344404 83.61496410682797 915.7377096164716
32.29861299887295 476.5449942992832 257.98028138401367
118.64581219461824 79.28247340980762 1215.0994114261969
154.345907734905 230.4577003782142 29.019334230480254
23.762505274643562 354.81545849402477 496.140757915151
238.34075924316886 302.9968869137496 1274.60257378972
0.9090755587141317 46.73145640410105 1081.0843809335402
22.09231974787822 113.15091506938369 955.6617915675082
481.73057005028585 143.12521028778312 652.4030215808999
444.96489954588145 166.37458574015906 1208.4262688858628
183.798878365311 42.217996892904004 1398.4898985876519
60.79029577424203 142.50510394236144 337.0836129079807
32.64468970947215 208.01931177161163 1426.9715817307392
230.6483094435958 417.4572544188563 1164.3380116828473
48.64321012936039 102.89568343038269 1421.8700647160501
189.68378297516358 216.01778858829493 1123.960321005607
476.6352899962616 186.4168616866624 118.05043359089251
422.19622309854196 42.53898468243579 777.1892357268849
31.717761731655518 72.12337372278316 581.1962314216471
563.8022661887204 54.91008783273289 664.2212604737355
96.02806515535617 157.15465993855025 1063.4774904735693
64.35341641149331 37.99297438529195 58.34171186667092
80.4580753224541 103.48753107399362 1071.0919282128355
28.33987348659088 188.92712039192548 1058.3821739552948
140.30824692554796 60.837758612324265 1209.7797747586724
93.92709404167005 191.8449448475288 510.70213127109184
57.361858974430376 23.239468561081082 625.7560082444252
175.92703483523337 133.9131186388781 1374.1287409251627
85.11376957110068 63.81135699813307 923.6086706938345
216.11338346268218 227.3766482821332 1460.084587902547
141.14623574183207 206.67589579800048 470.15076067345143
226.23238667521056 45.163332819226774 651.4458385955933
83.30268040753035 200.07163760567286 192.91210979845374
62.02261236904438 33.985661983438845 655.9414733468293
158.5869045670411 228.01961045797293 2.335785077181407
166.14698713887228 363.06901783154933 506.910752823622
423.51260074077953 148.5533624441388 260.182368630568
146.65015151359296 195.27162934256995 28.872990404721133
10.696192365781915 87.04283230616014 582.3488373298366
50.44367090539132 8.628146171709457 67.76127408487321
142.5746342602527 129.46451922836172 733.4574595028511
301.9686591551867 431.7121256537238 245.47574711580233
417.9532229321283 133.11818446250544 1336.3440679341454
21.446953044226337 130.02496052893505 1161.5030791818792
85.90406953665664 63.728595420407 960.9811570244973
59.38386060835238 39.899737447000646 686.8328649735765
353.8133221813496 57.77164947257387 344.28187986681064
220.81301952315212 68.38537214416338 146.4521326839268
44.28122733888062 208.96404359193932 1068.2530162933579
253.41692566284695 349.49859550045403 45.850702393564426
4.174083426839393 418.2608619709117 95.22828358995645
268.39784809379864 388.212605338807 785.1417398719607
126.78686210023989 289.20550413650943 741.8530550264326
358.9607803912127 92.89929656994276 390.0939574348949
452.02642137962545 110.07375556674258 860.4334712967143
123.71853187779071 59.46330786352598 955.9756344482241
87.94097575789372 212.42624775620982 624.2285157354362
40.799704836699284 476.5909285000843 107.46861238621891
227.9641281930374 3.281250015162999 25.071045955496587
129.2210078984657 286.37468078147106 37.818243260732075
155.22644332564178 86.95879868450342 590.9051857774461
664.4819688711988 513.2013924750981 90.59661159496663
172.81028156154224 149.75735402299532 842.7214512920043
150.7396971550288 34.67073614408593 701.1313290225071
519.5920008506395 618.0166247891652 850.3022705912318
23.811567601248836 13.502688000835786 157.54660040746683
4.562379676955616 61.45126817767883 901.8018655307338
332.60062050850104 26.583269595111215 900.5934543824719
579.092658989009 51.98972943747494 1194.0309904223711
278.462002016214 469.1953780233479 988.7436257084569
427.7775919415284 214.36409468413714 605.9398837943384
125.72417310493368 73.30478079146087 1110.1585515252111
34.619159045625 79.27408475771762 180.45751292953878
269.4161001357072 330.8874773381124 358.7625447998062
180.55068708258824 24.489448098887305 1219.290722337178
0.4628438918823126 2.798057994005759 899.7063681641816
800.9630961069939 514.1652539689985 136.98364378130645
121.69413786892873 136.06777862683893 720.6816414001935
52.946785678910004 24.96665267006105 1087.340938365284
6.10658024869079 150.67532836980905 1093.9549146394468
93.63046834653194 135.67023873116943 430.5605331073865
62.26151627385583 21.784224244789275 1023.4306529454396
81.65362465463541 2.0620318661882804 352.50856272860466
63.7107600439071 110.8204785815452 975.4096173040948
311.8746164914842 165.78299929524502 1154.0628708353265
24.70603459004785 277.2153826515974 1270.1212053222305
413.9622908662263 138.14309114590137 457.38768693705066
315.34718021608006 136.8701172108208 1.814771797672532
133.52300822857168 242.27410820122256 645.9727852816169
120.95628828684252 111.79356332666227 761.3945213966576
186.46772647176 233.3363778184639 1424.638533685903
716.8449395236133 222.26998104480668 722.8387379037949
77.34273320875485 72.21469431711851 1024.7271509556458
530.0996219207648 71.53586783825432 1127.4755970997383
0.3253437214424215 393.1440425202185 1256.751319795068
288.63410025287993 32.38719694260599 199.04210168355684
318.0904625093084 440.58390006212613 1011.0058102772086
32.263274854682976 75.15404755632541 573.653700768201
103.40552229632169 198.50583734277652 660.156858924875
143.73008946207193 119.98776707091292 1416.182612410765
149.64936227634192 7.349439441233134 384.8657487577823
139.9127648379214 0.12048384852971065 191.20600160380903
