2000
74.34701794935587 321.674938792616 1246.6955525575918
12.254210941099576 139.1625729666623 664.2590558194058
1.153576206782685 691.5148301942428 550.0184328457224
180.6958659307075 643.1055142681432 340.11939273579503
535.6409620688249 264.3698390689008 593.3867805613971
70.94002275631883 678.2692888430721 657.0213337951363
16.648240407872112 752.3606522781014 698.7132114694477
288.24825607228235 34.04959882570704 643.8968453816088
52.92626599906163 77.57375627775139 1357.0687642939351
89.31873970164335 158.08567109939486 225.13874737894375
50.40367397660337 205.61046488499227 1313.1963354414268
28.08385211697612 368.7709660164439 4.468577678156671
287.00057729602395 381.4510208949977 383.7772842740939
169.67049491765323 236.44066498966927 617.4519797788666
27.529111183654383 117.09660943689542 254.91353299202675
328.6768887294007 0.13813735553417064 437.2401376933946
395.5790396825225 34.66148052929889 240.1265894712375
527.2685731040592 586.1605034194042 1213.6747993517406
75.38858148079312 53.088834845097345 354.74897642415215
100.6937925315726 75.6921002818766 1436.3450520823005
192.45852501096067 57.243889058883155 1163.7867272367025
11.632857728440008 210.42469124476096 6.268694545075782
97.29584417079782 19.938191817006587 202.59718713254537
245.31989005425166 173.91794316595767 1370.3828994023102
85.91117679874698 58.23442069335501 1195.9534539562046
371.815466573885 251.1244258314215 425.45234872774654
12.56752735273846 132.701356519656 360.9571422136384
31.413177710013347 570.7443553782509 1022.393529943921
808.241959254886 7.980827885268931 87.81195205717496
99.45109883757917 128.89116183354244 461.98625806467277
245.22872495896357 219.74518324954963 1138.4970469695884
89.40858466655438 67.83636178170667 771.0111855676176
260.92564822925453 377.44633836097086 868.4841730145306
88.1095258106339 129.48450143107127 706.6846543813531
49.91364683405441 499.45099300008053 1427.8447528624952
156.7343574381187 581.7865638676973 685.2103269842502
63.389524862622515 242.58519558479605 651.991584080704
84.81924070766418 326.07504668425946 1180.7976679770404
138.86850789238662 144.67631828973734 1470.8070273365663
162.22968940218877 109.7263199061471 1454.063052170722
114.33795386817818 36.86687075723556 534.8823323162036
191.6466642204336 257.3085675692051 768.5427213086045
580.5939343564211 940.1758768430647 1068.2605778286945
117.27053402210248 235.79940320770748 930.3957646863114
66.06480802767074 62.87217617042099 107.63320223142503
80.80464496654643 18.824637170604902 390.9573327277066
43.2780593373065 68.77272606520435 1027.5703961450565
280.415546435138 16.306539442245597 582.8509047711524
185.29781794910556 295.4760129309512 1123.4320336931087
46.80839969116026 486.41070089267157 1473.4047914362316
349.02233536396926 431.64721336655595 312.6629427812093
363.68099065319615 354.53070462397625 1219.5954820735897
378.7786422929929 2.0382352728308817 636.047489786652
271.1867470852414 331.7255681001205 535.394364736412
3.3728598998925943 143.404235728636 909.7345590403811
57.801250075097464 53.150530465579116 13.119125588740621
461.6597311083308 544.8772224702716 273.1870405344837
59.32347144934621 115.09010235520654 1265.3474003404917
89.78285327595498 347.3866232107844 696.1502815031232
27.56028673692001 96.88908514563018 223.10579843017976
38.38305193719949 106.09024684861974 773.0026008708438
310.8710910577288 14.178426905296796 610.5480531790024
1408.129612699216 94.35842341585168 891.042233331302
225.90690299025775 187.15771031343408 569.7644580193944
289.3224604779504 524.5697293572974 1403.0335408261626
127.86030660291412 406.42180421745104 404.8216159313426
430.76904825310305 42.79696701673909 65.58855918608702
368.5318030392993 202.76355595397186 341.59882417746087
167.1492484918172 44.335066631089894 327.7690632273837
44.03493646608368 66.27690466260745 1040.7820756640824
43.456195903824124 136.7866817920253 376.2483965314381
53.087193850727644 128.38262180322897 1073.966150713684
118.44567655040656 329.3581557394124 270.51819525472473
117.74071968672561 140.78428944838092 1268.7243848090495
103.28296686070769 249.44893208387322 727.2345349606592
169.1844004379118 410.9115140559644 1140.9989917874175
301.41955757579046 14.902811715007822 1393.436041779325
30.5663358207875 31.069703204689876 389.27439443953733
364.43843461905203 260.5634285848217 286.41945923998014
48.9284367273078 13.240104719742535 1153.8696157765492
90.94051935104413 61.46876905598159 599.2170830918774
257.8783342130536 131.58960874784128 818.7001598135155
212.01855842106818 239.10906276880587 1460.375064169329
149.14973481052115 636.185911486081 1436.3963364900378
68.1360843972663 207.95630786236154 207.2295813234794
122.13084286536184 81.28080633495871 650.4050088391168
796.0034015197041 246.12214599900705 893.7008669866124
656.9349795990346 24.277563017568994 1358.5329361459974
343.6713916633549 86.17541352032025 1359.1035865229235
116.29797431007123 67.32085970430477 1489.8207838809856
685.4255752464601 65.12570465670885 610.8590901132751
873.9425954326645 187.17042895119224 212.04153274877646
311.54372209347986 432.0819050485123 831.0703716626604
134.8733163009009 171.52038247769397 527.2338882668635
126.28586579172854 25.152652603952223 411.04902890554234
306.1313071322843 120.81586025279907 1305.455443272764
417.6005347791099 463.9972326592232 113.59663896654426
10.001227333316434 39.67307053583425 756.5673406168135
123.47614877496831 191.6308274074195 751.3180283656127
269.9352460155339 76.27578319551665 813.3486995165
403.5985109850734 141.89253873953868 1131.3335316679838
97.69830790182415 199.95418407095107 569.4290786875005
541.4318185611431 100.70675414355985 356.67154863375924
87.38150068442908 206.11341307756513 977.946150762177
65.05762116511919 403.860249561266 553.9261464188406
174.33831323702375 60.65258846366579 184.8215361040174
64.36076879613964 32.600655006107814 1136.2240141763716
522.9035243700113 111.95056503592494 824.6229679647157
318.83523226225765 359.45663317177406 1289.0297040950782
25.678006306313844 43.723066134387764 779.0366133238998
390.47332550687173 180.37045787554032 573.0665353887932
302.0170528702075 416.6977622385382 297.9627403164417
153.82425971296468 23.908511309547396 1188.5227238603336
86.93538226628428 34.42771845421112 669.4647535052652
116.4427110926524 390.625771888311 545.0554753352354
708.6250965960546 306.21570134994477 245.20971723112055
415.2631293963814 287.62913925584496 83.678046235458
40.64649169858151 1066.515048489816 926.9196133471064
259.2946868155601 68.1259068513555 1091.547373900856
265.22515414621074 15.547086758637777 877.283365191854
332.8219905112662 11.823646182207831 870.0101380032415
222.3213182142373 53.77828507844823 277.0996407806011
324.3292953706765 90.91733383615153 645.4959299991968
133.7716015448876 104.25881263473448 970.0766915018484
72.80243812794016 6.612175306856816 451.08534106557664
38.13366469580535 153.83450164814755 1151.9551996075877
132.9816741433578 317.02128717669933 602.7004673596468
165.30432981604508 247.8883092979152 451.05559412449344
218.18120777590678 41.85938161312771 156.04984507780506
64.44733309794202 53.552183940177045 1059.2903380178618
314.66385996176666 37.37724758521359 508.4516087723063
256.6469262100699 339.2469294850714 222.4149196813144
90.75162545311989 147.03327802120864 205.18204643454442
130.49765695922383 40.012335027115896 1078.6655547336838
35.967020090915334 23.026640164178332 1182.1623312883119
137.4840189049308 33.99654778857641 918.8469618236057
114.24142425282685 171.50587831427055 989.9324129151543
2.157317299793734 279.02756211186596 1072.300006810708
29.841716891981974 15.27694213922679 28.043333148463745
47.947446823331354 416.8562330503379 219.4574437727555
113.51178516832302 674.6252176746564 427.8374149181675
295.3070963245336 114.34544053716994 1347.7927557663443
668.1230988729742 121.53123234980548 1227.3910917715418
283.7544287203117 298.69766620573205 1387.0273403450167
165.80525981802623 587.4673380042251 689.1418924235638
260.1191525815993 44.26076849485365 576.8322688372314
112.98156994833607 53.259554968325375 1063.9320784216693
82.39169945460094 92.79941834340973 491.2493500355539
271.9427209406623 95.25981170384378 1394.8873664335706
141.2952233269411 211.3789910868541 1287.6863908302087
33.945652558519456 24.304838641590916 833.4877251180859
508.224379995611 127.63813485318292 1327.8388839946
138.77414908588713 207.17638771761372 661.635242263138
627.7534882917425 155.39920515553572 1355.5628961092143
328.20358928262857 93.88251045031087 103.78688640410871
228.15055272615297 16.240293134825492 1117.425770640113
6.744137800355323 398.00753100656044 56.81037655015903
10.392233982099283 19.60837506706864 486.89641723320625
98.96820062958486 56.32100460914437 621.8833195178876
107.4678065166369 160.30283049515884 727.8730375520115
98.81736775616858 220.55666826950159 360.40714022880564
290.2017037330453 110.55237079694386 699.5140391786562
268.449234073164 95.24468584343337 1454.676584058073
95.81012756406894 151.75088367454424 588.6958202225148
43.47366690099667 707.5691784124408 770.2476863172336
323.94900716378083 170.68414468259024 550.547715043851
270.03219307122674 168.3672456742741 484.3426426500422
122.69375908163411 238.59441134279953 1009.6342718904067
47.1160032185681 51.91973075637836 1453.5244407771431
50.371377245639174 79.82957363395052 962.1201927141716
82.58875552271547 278.8156145596648 738.381952898767
167.30718696274946 560.5307376416292 260.17108708744587
27.654487841459165 4.865005211088147 1310.5717064505657
338.9052027240364 279.9499915162147 878.2362840808927
115.5469501024961 434.3400744640849 1478.2196844423963
179.96433409678485 52.20287925441349 1226.254929381209
232.11127189840903 128.1810346348075 951.8350541513016
24.384306439954393 246.3730125541688 1491.7443532259576
181.8980555952491 183.61771137201305 657.2423118934846
51.953740106381495 61.69996737500192 474.723024289729
83.52815687712072 10.096792205381405 369.3016474197321
98.88008469328454 128.96698698473256 1032.2913650609898
84.15813843801496 11.305512902933494 550.6234872779
4.8291380387910685 102.39805146662502 1404.3530981578504
273.0765989453051 122.7497404505321 1469.6548177435195
486.5287456593124 40.735978054923656 324.72647854852585
0.30959253961341127 28.85439649301057 94.22260657696351
119.76109549545775 160.1731328625084 1307.4023424709148
110.16899983684552 330.93649840533595 493.51742372830444
238.08871208876093 108.74201944181716 577.60813184413
97.95711552050817 253.97970495102146 1497.9655762921536
218.16686706688793 3.2910616497367213 248.43372964286536
96.64970614452363 71.93372639609545 1163.4565201095957
800.3687376536701 53.33017671283899 765.9133636722128
1032.3457805676335 163.36288021790693 604.4873676497014
11.71428890944455 102.6200039398917 870.535920332402
174.840548433941 1106.253797523987 644.6407027298093
158.0295165593397 337.243096995829 1241.5366345029406
483.5067443823148 461.14263254914187 81.5654799147334
213.50642730794735 41.76629468980324 1004.0121665389729
43.835663064898036 269.001585800743 672.847932643125
113.85446585685479 65.07816460363429 704.2902922864276
95.14136732379723 113.29983473818781 520.5026932148908
306.2086938354523 836.5044674784087 408.5507552386279
24.234224412941913 356.47951400863616 1143.2099756303203
137.78750367620984 75.66359304568999 335.0397842505877
135.4646906830037 41.90236294427464 1223.1724412937374
190.42015644624192 22.10067586563504 159.22998082356503
218.95478124752805 224.6123802160017 1454.554750449096
286.8007333496766 191.08558984917136 65.54753215530285
248.86774819167576 387.15904974132576 696.3995015980491
166.94763082758263 358.3015877689576 682.657517847806
15.20081786587725 136.17849557078944 215.79782034244343
83.83523580652151 45.60312691210242 1122.8385754326391
382.78829171132526 506.52162625605956 1495.2052760358558
273.0317720465415 309.75206043102247 1249.8926399906952
116.43024558278015 77.00147741693183 929.3153419258801
126.7880136925472 52.809085250240194 1188.9512220387562
78.53345272741532 615.1219467808039 150.30211217207267
27.060346607668702 328.58108613464293 466.934946526046
202.87117298094915 80.20678317128773 222.31659763539773
1129.2997364584294 564.4761771523331 720.0306432849586
153.22319960470097 58.480036552113 219.66628816186255
148.4299151389799 99.305131402727 116.2616293489332
148.224252660337 446.60450566550855 375.7723020129183
82.0043024184603 29.170972313696623 1018.0709319987645
53.39927924143467 408.3873184600789 1085.7048533839206
43.199200539913654 318.12820157811495 957.9086858262515
58.81642687358231 207.16651877427768 393.58059921201516
67.79757175140209 313.1986178292054 867.9393718830512
205.0954420605009 135.06920316057324 443.26277121468775
473.32701425158115 392.67660200633554 1387.851650326715
707.4777665232597 456.69553678350997 217.7547687485179
21.535109486565332 166.15167916311933 36.811044183621576
33.35106270261647 38.034113540917986 1120.3895368943158
159.34379300210375 25.82103991938547 1303.8550864066187
59.700694905448216 15.311720000070558 704.0365706764004
120.09543603441286 508.22047962866577 1405.0473423289588
308.8387512202539 63.4677340799787 1089.9408775784402
137.347187932392 331.3360198855969 306.75811602301235
18.601527700184025 75.89837655611184 1054.7860788636358
30.925695116836877 209.0633741982106 232.2529180774629
732.7008484816147 472.9419903066142 396.5050922806288
79.13745955458016 128.33941070640566 234.4619406247986
36.05041475562757 20.456404508043143 745.4512118118045
83.27626475022991 72.42166713985456 787.8214162100675
119.58159693221226 150.97302163122964 7.1014427478427455
63.811286745590515 456.89125472239135 74.28687619994328
225.3408929995428 108.59492581184618 1122.200791831032
331.097408486272 68.49231205115582 122.41513989654112
235.17253298604493 922.8711083956931 1104.0335078080918
60.32245921712591 457.7581489743229 332.7613749809022
773.5111816433695 149.64304514758956 321.3845444656028
207.37345336565411 82.95173346058854 1301.9797615971968
39.19423445983289 49.21782941102644 262.9013031695103
752.521331794815 453.31492669055405 1113.7235953213049
58.898947497685306 583.5214284216529 151.55399539868836
25.915423933448906 109.1503578774902 995.0773718481074
25.53765925164152 39.38008557032574 1262.5438185067949
86.82161020271482 30.141432068208175 244.2531290672942
87.0725434418555 159.06978708292127 669.7876357669616
48.70659812634244 184.70092082402104 869.4845459734505
126.16211188586044 69.24052124525078 765.1225937767458
269.38674609763933 400.2292868659061 1499.6906569694734
209.61597274720347 646.4678845451492 1280.1812544620516
20.23236328512116 166.40276463626634 815.8996440528529
84.77953963043046 239.9991046685193 1376.6617909109104
76.17020440083778 307.5287896187871 776.5127473444066
166.65988278088608 195.22059295178445 1457.9554378997582
396.1648030582609 137.20120321264287 386.97174693463927
153.1582870952892 45.45614514035691 622.0143319642618
43.778465812763706 72.53271817325901 702.8170236004262
105.78317313150798 220.12574315934202 665.6479668186357
90.95486167966695 69.7099213897273 102.05226039883453
112.97811222994424 216.54147925951 870.1068687631329
14.478741738591145 40.123999490041136 958.1428825619505
39.450648676227004 39.71332119581546 1415.6468912922878
44.05981169749868 23.09839706143556 1283.3172141976954
204.08337021419553 167.39796007231416 1471.674957163098
58.80412348975212 181.99055463881865 561.1399814171324
9.254615563238923 142.45460499691953 695.7268710817615
59.923330548419564 138.50652439189278 222.37966315301256
82.25242852520063 37.4853203605406 1091.066382125793
56.4308451336446 216.51261964659926 699.4646031743687
52.12839911646595 67.59712225090986 406.67643874839496
40.152874402607324 157.29819735844762 551.8071553845733
139.24186987676316 144.418492860897 211.44960197019975
78.90794098584722 204.14124194338365 876.3559356992992
415.301228092482 11.416176100872628 1354.884996995163
221.62411482263238 39.31580171574762 1278.395978294877
63.25853873104157 282.4232337519706 587.0519133587351
50.17613186958263 249.27968387250442 1124.4026642511142
55.49663917742477 298.18444498557915 712.0475687274688
42.48733032029691 69.73912833832966 1359.3450196911215
219.18397627942886 149.19234935374493 188.02424471529184
50.95260264051742 35.306774619367474 1291.8456800712358
88.37210905064723 282.5623383693548 1445.5430649565246
414.72071395432926 22.825878718541233 334.39662090011643
181.25141524256964 109.70083419592744 937.7386409568608
60.007369549971955 39.00786945119453 400.3032874617117
90.96703082804225 58.22712489734096 1135.3961124601835
43.45101606852089 243.4781382330333 576.8921222627279
14.790348029679476 514.202097384129 1273.9544239559912
167.7650754518572 71.03664021429607 626.8834491351774
31.77002874670196 339.1054490310601 182.7746429315289
61.62043202402829 50.566357493753664 1136.726734099462
55.66015198726537 30.75002140353486 1324.4604706978544
210.44966914691733 385.2066394676702 1213.7808048395111
10.803192377994165 170.99574792362716 755.9302580262349
642.3442772062451 164.3032946274553 572.2306061064835
101.57929315746559 3.141763530024333 562.5239175864396
62.5780530184868 138.35309127312996 692.667704761754
162.49536391193996 39.284295262912245 760.1788651713551
664.5915762264565 67.41583250727868 859.1991240755908
85.2196936053947 124.95433563706304 1242.3223154636962
217.52131595472594 106.41289082354066 1218.185927270835
118.8616855994257 234.23815598997342 1499.027203668968
93.84169919553513 520.0147133122854 754.2028396349307
206.00046055560574 147.51859700973424 1329.63307271532
77.73123580214323 277.1904376850272 1220.4772038205108
7.870480871275127 471.4163912604535 1365.0191551410544
39.09033872550184 242.5854784857715 1491.1788148944352
225.2644285080461 14.778210490189803 769.6071545340584
269.9429632867022 85.12082196243166 3.654525118957974
279.54460590930654 170.25994151270118 358.2385047737298
139.2019663682666 148.290022020269 5.123854493945757
122.3289772551016 129.83127950176726 1001.9800092113591
177.33671199122608 138.97245407203425 465.8790507158163
209.83785780436227 92.34517403437846 691.6487749305096
123.50451343228632 30.754483657071074 568.9876515154349
50.273171617428666 474.9652121053796 371.954117068639
7.829740153984129 170.70329008186525 1011.4541456613126
214.5907420766071 95.7684746327449 849.2838327251708
402.44760471754626 65.95391772474602 1243.8253637326027
99.68860552281862 51.95616856329076 60.161358476213124
86.57930470424714 46.585711511667846 644.7436014882231
36.380423707232396 278.52174910449725 344.3587445953467
99.84063845530575 586.1118520976282 1165.3884013027955
32.87550829632633 155.60861460163 1254.6861345432492
417.1752497781559 9.11357058958615 115.42678293461456
13.661811828613835 331.77509077917546 586.7951347805971
753.9558200670836 171.1982383008741 1431.5587728811993
141.06304594129287 86.12784108320517 882.575649522473
58.16875831258164 89.62980546019993 601.4005333016432
609.9080376113371 68.97078579768262 413.4875466132621
79.8804644001167 17.53770209043529 69.11717870534828
266.53749294054825 118.31991783430533 1229.3456030864545
9.94969525223167 84.98733400351756 1038.035307121458
15.068745619898685 152.63100679009085 1041.3818657508311
866.7019865816767 7.907422714128291 422.73519546253544
116.66930403674255 10.449168035978229 1362.1372521618919
3.0147439036386814 799.9234667675834 566.2483612271099
278.38020538854147 72.06274167489707 619.4396571173957
162.00458598477766 20.733819497796873 750.2601124982667
30.59811229774227 160.45372321850505 1012.342027115363
98.7657866866215 16.45988876012043 1228.1199955107998
328.7008897539596 75.0092383608425 846.7494445326967
514.6976874282612 249.22931445584683 509.7903516474955
196.90301077149724 18.198365612118927 1283.7048558876832
207.42051178480213 399.53980114666734 1436.2935529996398
164.58146914266408 178.19879333333682 985.2091793291622
146.36036695330262 40.298895539151225 357.1369140009806
205.3464315980181 41.17134273230988 69.24186628172279
252.39503210465043 34.394069851655 973.3237741989058
280.16402721872436 64.78129041621368 732.2118709206211
78.07863404274674 317.01445096642215 821.8355326512891
106.27686455894236 84.47262022658377 605.2188679032847
71.09448277707071 71.41000249026584 981.6215206766324
337.6268321405911 39.94350262424034 1422.1467668036812
398.0201942989589 165.03691617002397 358.66828630781976
267.93774764824707 719.6276983015915 327.99735954468576
1305.4818397575182 58.67319287417631 32.24032804265142
95.69223664520317 47.58306876116706 241.42419073828177
236.48118764724404 105.33844872277412 294.24110633344105
121.84970557526628 1.5026554542921693 1288.906538486788
145.98238601945366 2.065655427184599 1153.1598153121247
110.28003825322261 281.11649918197605 80.45914731854259
175.82110945355382 125.11141497075013 870.6817420902538
0.18094549797865522 56.31052046758378 1042.9265728653506
92.21835632607961 182.36509267054234 1385.4184439883297
222.21318827845528 166.23817682106002 1278.668112622104
72.81918164674734 370.17815657865486 1357.5965186196147
430.56865755280904 166.57331555021952 949.9371002295493
937.2491755899697 35.06052670704313 122.82151112434492
18.07506185020734 149.42178299686483 404.3377221702642
31.380840024896056 245.7049919656551 149.5772800907622
354.40518284873787 156.68041219552978 425.72320882578697
106.55253967968346 471.9736161452766 650.433394824116
83.74932165904123 212.2555840755097 1284.2152507214682
127.95538435132426 40.74351525479979 518.237805086139
35.278620078110364 134.87638830588966 1032.9184615969493
175.28552535517025 184.9319512008542 896.3994643064557
159.40624574133633 4.717815251889277 140.42648348209886
4.01135967462508 44.48251775899221 239.12605612639663
493.0839931586863 47.163681173015725 1296.0606051734073
34.05155618673132 97.33410613924059 1495.5873552405765
334.9303929977089 103.99086893057472 841.128599493766
24.075753702462684 139.90833302772512 1193.1248029051424
259.98419984138394 1.1931232908246576 704.7475600770391
350.1083618724576 41.12893506933963 670.2724857051635
109.44034707695538 497.01535356178204 351.53142146423795
29.26336264020013 21.011761928150776 309.66552864667557
310.7546550995732 5.77415585338866 1036.5043426289078
10.11442975054393 181.45163595886734 1145.2063195301862
2.5617288111439063 410.49477844883813 435.8560952864592
286.0285481412066 46.24541963178073 462.8388383255926
110.41777386685322 391.5070033207545 314.70133891958466
12.683895564586509 347.0772159814515 594.3824733381917
42.72103920609979 482.98748597967 1130.8988788938218
343.9712376667235 51.694112537012074 1216.197923482846
59.70670318563581 151.2598149482193 1147.2771932080102
179.96202849207143 88.46858943943474 250.12695245568156
785.3709907250328 427.1174506496383 974.8579267350134
147.75521806713323 755.1970628082571 228.47822532687272
0.3913605289474641 25.476221574531415 1424.5123595570878
237.5777926582479 33.372149002423114 1404.801078042217
219.59531086902678 120.11063703431365 871.586191818596
133.29068871377834 149.63339173202505 128.65931587186424
261.3439003103175 62.62041816796795 1488.551865897919
146.28079219687746 208.4172224933907 1379.471888427979
482.56077947673884 180.36736539238976 911.030933304267
73.2191366452318 42.62348315820216 1378.8148152698511
20.189496332529526 31.4074047246755 507.68965600127996
278.8774999145772 254.00929088214164 1225.5070077266223
246.76894878897468 182.59975032905166 503.2175054745055
18.829882949154108 560.6029787611468 552.7706476806953
284.02230492374764 54.79144617545927 909.4520516189849
66.91139746467184 184.74195609388713 557.3374878029194
80.28934384712208 22.959862539256108 425.5930688013159
105.66067210952524 62.2634638713451 88.06058674632938
150.99338354788935 19.99072839867039 1063.5372732341725
145.2577960318318 368.06758713686236 348.1083130884922
1110.8015325595463 36.28291525919557 873.2028635815286
37.45077796938953 436.0122059208087 1088.175644874876
20.51672603825999 34.829952539488595 53.56173304281692
103.55801698859872 787.6789059519514 828.204822060788
112.62693693622438 197.16217945310453 1445.0148577657797
187.22240971318755 205.32256685079685 938.6401517021395
80.8715689067715 280.45865531980274 446.3351482251087
35.934737965356256 245.9418384256494 1282.8236142231176
81.93361951664318 253.53789717510688 1322.4706173851098
141.15959475233095 332.9123989134877 35.183117136795836
189.78240359671517 580.5812247887837 110.85976520724728
514.7662263948223 33.68347922177926 420.57876134533836
137.05554434377694 831.1285067486624 474.63377101721005
34.011681113474644 580.7562738689364 941.328302202783
292.79717959401313 247.2591955792625 1316.2241482851703
9.003880518886989 90.17937116690766 17.977372863084707
118.17467659919667 53.70933254751505 410.70897762027477
101.76690551993104 63.1160983432242 914.9050155471714
574.1869018020548 32.29941234711556 691.3309057601388
281.0854671961472 140.77552540765333 800.3017285702634
236.05293749115447 135.9291628611365 1164.3905781516632
72.95980402917226 216.7537586678721 1112.4470293900124
100.19828419466211 49.230480528083056 394.2747085275264
96.2156188016484 123.60792169555626 1189.0558429791154
167.27273462641747 400.36257943303184 807.7103064633924
115.26888797851981 343.2233152155929 1179.3536691533566
266.5861138382764 380.1056272611935 339.41998485931816
55.53707136634124 206.91711443468083 0.1706088968012609
21.77332839820247 114.11691364391648 378.63815913722465
343.8262863290428 404.1226066963911 332.4061399283378
205.59293891755175 144.8046542822361 111.1746034791416
133.71546923317476 438.42874435752765 762.9375468494528
487.9187991933642 236.64667836750195 1242.5534103690204
13.893327655984075 134.21233429303982 660.4343858914928
163.8046752404946 17.685354835679558 165.20485174820067
156.88623425706203 2.509942160132009 304.4660030080425
79.62180480004561 160.65892046298094 693.1300239014234
99.92278363770984 9.020074129288554 58.1087031412123
228.90078816611 2.7928344897471966 61.01111210781834
89.93542982936188 303.0730681728598 290.0264297381043
201.65195733320172 301.2506726235241 649.0243532552873
117.33444837821334 123.89924580924925 758.073569280134
182.39756172715346 62.05036055194583 757.3660658704924
145.99822648988356 83.35488331083056 1193.3991976514264
45.72386027922062 54.9841554703412 322.2080262313612
478.2811278108718 156.90875671007603 873.0761705445091
209.84786004188987 79.63507091366573 943.7299380357331
70.50219532931249 50.95951912813038 633.5965579609962
17.80789494280284 109.34989224065608 1329.00557034843
39.180878584764265 85.84651343484315 156.05317606164283
341.67913431731665 478.07044651862236 266.59076392916865
48.88412108905765 217.2296371926037 1051.164156702011
106.58087086103177 63.57821624733515 921.4257835271125
28.69990187485022 781.8804601633549 911.6233965680457
200.0533547559443 78.88551311313033 752.2661748087801
29.121270291973357 152.5480975971413 155.95932192421603
64.14993827644966 557.3468433703254 1091.390353591326
30.81080624117979 157.6239677311565 51.222009836774326
229.57416540393675 91.77492843569796 389.0798369398413
251.40737166149432 483.693625286029 948.9608396555105
240.46567101017064 63.496875752552064 1097.620737707896
205.4851194337325 188.34869604253424 48.02031915784449
485.30795111486384 61.01284690455082 198.65877388313413
46.787303326675314 78.03320930951134 145.6344845317784
369.39697982655446 66.63877418419892 288.2180337508544
80.08811255232592 18.523903993089476 1446.810578440234
76.0115439211426 93.29473164453415 196.18548204969542
637.9432980344154 210.71006284245456 947.0853557603467
44.052573407384585 193.44759707112098 71.87297730338422
583.9854712708773 860.872188558228 260.2682098656407
440.8363460683401 465.2597194628611 0.767339233240627
363.19059154892636 489.27868897417983 1303.5326937083387
617.7322727569255 1302.0781856139981 240.44995365586348
214.52785659410503 155.469088396703 127.74281398460919
393.2067664726996 124.12631335366993 1437.9049362697535
35.11823944917785 4.415126953474621 278.6467258139938
434.9432239942228 80.29262887596349 1388.867995308767
232.48803549469724 289.6977903842097 1102.9036935331585
294.43225005819613 351.3557266785234 723.993774900406
426.8370921949545 59.74514758616505 928.3367092327991
98.73300672952215 53.68565161229413 525.8630115659579
601.8153859570424 111.3065804151049 653.3740269598297
30.96654596145002 117.24691176101214 181.19820141426302
169.4907222004533 93.71488441377285 22.945924812560637
382.2555015951391 66.65418369815917 968.3444825184088
170.26439977990822 50.645527497834905 531.3897353359941
229.94073249582283 345.9251885776152 1462.3864582135034
132.31178585651568 220.84044655176353 279.7262986950752
65.87653675223373 87.68752186993761 23.063790020347753
76.44407244569791 327.94986607247836 664.5786199911962
301.09193673774246 119.82117160572345 12.78937349547693
14.917789771337803 150.60581778152516 523.3768513762403
77.26155534745843 352.4155946060431 709.2828977869732
268.986047691403 254.05132067149663 1256.9771419514739
576.532320988266 309.19017835300957 925.8271767175993
92.72953986361821 41.93406423482303 1141.0158621022433
78.27979527164692 99.39049450195624 1374.253826756585
38.422543748774416 38.57319481263781 1441.3104940648127
146.50226938807157 229.46002781569626 182.38771864679265
141.98023767071464 133.1256291321337 321.3255386629393
10.142458326483757 31.969605947644137 1494.1376554600854
333.4209165630687 169.06744025240377 5.0359258088419345
5.1417666782030285 238.1049968322045 1006.9183931719593
339.7540058276464 189.18774835400757 182.9558383582209
68.70474560356614 97.05392008469322 1487.249044783445
187.40283261021494 177.02048080960554 1079.0088513654005
190.05716637626008 94.98201561163593 230.2760193564024
20.196699106878935 425.6399326052832 659.2898111642194
213.78072268748838 227.62097664234022 198.53177335658705
446.1720035437793 429.612791302516 636.9283225156503
183.18106556851916 107.51454071442568 596.1158485696408
207.19509420652295 100.0989498073579 966.0944375346803
52.98898010701879 210.17801384595634 897.9968861568782
231.92926366642465 88.78369237484551 538.4406680577952
63.76045342311034 74.14355829349267 1334.3339566149118
70.72477097250056 432.88290792618733 1354.9781207004069
90.47202766787696 24.460722449610177 911.7108887171312
172.79185256160218 16.86811320387612 268.34047673395185
56.43530397764137 80.43635837538056 1221.1614204075706
260.3088000008199 277.4239639828505 1359.8638009335054
224.47826942864944 100.48566159511631 1042.3686250068854
394.65462743937275 391.5821327836244 1412.4099980132655
189.74066610841706 31.168494021764655 534.8860128736728
72.62280153423089 145.39041564734453 310.8068290439476
181.998602812834 1.7000580335035402 791.8472976481121
384.72210863081233 516.5233525255192 972.9930583735614
180.18821097744265 19.719758519012252 1424.7789237547086
427.8463411012348 151.0489234064246 1083.3097166756515
26.812672949310368 246.22717994140854 667.775726112907
498.7401036755526 17.15670602022879 619.2669575235574
141.87951079423934 221.12553060607024 673.8707381982232
32.276096555589994 207.8150053720132 54.52962732114924
72.40356164371678 233.53363579542895 666.4110980392549
133.69298539037072 48.142119604581445 672.3713530655637
42.51881963963505 349.56441136015246 1374.3836547546207
740.5560841258329 217.2645345591872 901.0949890603832
441.00364220879965 168.7040069005165 1052.9294824887263
104.39513161019485 13.295336466549843 1385.5446616568277
340.5938798056524 131.83262735314955 532.7461179661677
57.841132028978095 337.26791539431093 1033.542002606599
0.8721456685425902 63.27604318122905 235.45379464232659
6.067733051519838 173.11941101923705 1432.005964985499
501.6533282298924 77.87057107485865 1178.0613111902258
597.3439975249916 3.1466995720663644 254.34102995976653
136.87426125952535 283.3302638084715 770.1618550638431
206.26511771787824 150.1872106062808 1195.55689706039
218.3395866151166 39.62258208974268 746.8423973113307
139.2917745368528 673.3819273092348 1190.6157522738263
51.40176271786922 118.94353637164023 1422.4766582742234
5.502287040252809 83.6437866123914 1241.7556486811059
33.34600074043981 348.3249671651424 423.3038454029153
1036.0748764363593 104.60080173745976 1264.5394658757432
59.76455293516669 84.09113248594781 136.5570361198024
147.49154896025013 46.18116953698446 724.1274936133598
201.29548183269574 590.5151624372173 255.78726621904514
34.11384830668084 211.66900527564826 962.0336907510044
77.05154243666837 299.6491388926295 835.9250951367341
109.13381212683359 5.387439498924105 28.615434962334263
36.25867595106734 45.71407620115746 1259.6911838266376
921.1144940699803 150.92538295911757 1419.8352077180382
227.18062722360713 50.237375617677394 958.2832648675226
281.3140556694634 14.269822130903384 851.5217744276144
2.5257243363308546 222.13533425338255 1281.651665732956
904.0707916192936 86.36683325041253 668.6140079139767
85.48590841633599 3.0535266582630243 877.5697678014395
128.38454141091148 36.87124858898003 1139.0869790615013
120.68045872991146 303.91454694360385 277.39349665434327
68.53044390355988 130.72615230923802 805.3419475058678
242.37712312448548 133.10240336058817 384.4745956855987
52.988492384686936 252.3074947787029 1432.5756440197765
117.69071190824272 621.8742539777843 1067.001513815602
738.8957259147625 225.51178235755017 891.7314343421563
92.6146613956632 1115.63369660489 1131.748082561025
455.97942868212107 8.406775200549314 126.02839315759017
9.250088113677913 50.87107467954215 1126.4779988653627
170.32915575870956 19.19970453786521 1109.5158324611941
49.023169443339384 124.60954796034298 538.9036341708402
93.59745970785609 188.46418706288614 1361.6691628202016
210.23673268281536 142.4984879356419 81.25650193829348
522.7058354158626 57.22352353702814 737.860601577454
23.384470377192905 84.52497406810261 1477.8081347044154
422.4823165977523 13.289011143469226 543.4289150850767
428.1441853040511 342.55161289726937 778.8374737997013
346.7398118108202 67.72689945293455 1110.6156330907902
36.792076346273625 180.5761703628147 764.2944845836695
192.6837019893281 479.6225674287729 442.45290793358515
173.36165668915172 194.98347493800736 1233.505954529967
40.43987021065718 66.02270053211375 1090.8463808488914
75.39352399540387 16.390519614466317 1316.291385514416
217.52678301092732 515.6117661823148 1197.9723818848304
120.11844490450918 112.77040262717077 1122.5491710503472
127.55023945831654 172.4649737232487 352.15263302566484
143.3165874491811 26.01505985209696 128.4814976118156
47.969679729783266 133.85866270728332 173.83118889626797
178.1225436936448 12.306588684589594 930.1593329698662
70.08050207693601 9.106728516478436 959.485970254373
33.73085760776344 38.1316491347487 944.6314695015133
24.968096800779627 3.636605013795907 1127.2151440233874
31.49297665299848 228.9863441586829 263.5450148128134
179.1954199396144 268.8285601390397 744.9413415682325
33.41335115470973 149.7253538865206 580.2398507584252
370.04998249801184 848.4251126809384 989.6321096182722
646.5346636421556 195.8628260298221 349.6789688906108
194.39718923608774 333.3407068999493 856.853794407947
324.07554040123523 167.97861144233605 779.2408961233908
334.0227274115803 62.737181476765954 642.425622372055
60.02243910215124 384.48628690048116 200.716220943635
183.06136427771386 382.01989675974414 815.8818546649651
30.135610782792483 134.97695478409517 1398.7828484441102
102.75113192026619 286.0062274723815 561.4327104265334
210.10086737289237 81.80617763016032 150.24558639307452
43.526183616945204 173.9979665791195 5.725951041606336
174.10744810130842 217.87362012851307 714.8305627229743
386.5396025381291 322.8273570459936 396.12394614490796
36.65647072268203 689.3594664177501 692.8625436250901
400.6820893487876 702.7440587275267 1082.5823339881872
418.7286368475819 375.45636371776 560.8773833064038
15.121063048668413 417.53993435837043 1089.854381543074
316.9262527381403 60.49200630639654 374.9193471953513
631.8779207424715 101.7619359969274 404.66743508502344
321.3193416287488 0.7515451962129586 1267.0795992121853
10.637823149304737 265.46646962307057 617.2775592404629
109.34078539175671 137.55317033518838 1303.5447521126039
218.98935616247263 60.30879501580142 879.0214910263751
3.944354862789791 61.240125505630246 1411.6988953842535
301.2005529656467 802.5076735280015 365.44024400613927
21.125165526416055 195.77115346106154 407.00148130694674
7.903178467068167 182.86631829446534 1145.491380050585
240.6619285578536 7.515707437224887 153.63805209535425
335.1755710034651 443.9558380731542 1495.8839110409256
144.7026333302866 64.27555917020156 104.10131561633473
290.9052088343171 7.109292626792624 467.37629216969106
7.542641917002042 455.2125890483907 1115.2046200406169
128.9013495958209 452.12215021824454 853.945277438077
38.84897308921738 1303.436058018019 707.0630790554732
2.539927021709689 37.77324389772573 325.89824289577047
152.87073508202414 219.29926511577506 473.16780675814204
64.61932588946205 621.5234752320985 206.71649849038874
267.598517070963 55.96802840560681 356.8078882763611
155.65077600965296 434.3677757308146 1338.3712410062917
23.30338007720409 179.45168584574017 155.55747601549368
294.1780382054458 1210.4487272022973 627.8869128126184
346.44514920819626 191.95508227192727 904.6037850655179
238.72900375503426 130.2606495597942 789.6084072881265
113.89026719945952 250.6609314153743 1185.3016054517332
251.538970071981 176.99375107106735 1131.8606203773481
419.69702318065174 268.1687608067574 1168.798739128287
447.4408956400366 223.24713318669197 649.5388154120118
111.84907396514615 35.194100809571204 256.82465968219975
5.693343583353828 63.88717972956387 273.91218865360673
57.352291245241446 298.86047720846227 397.1233966099878
6.731055697299762 18.935144603016166 417.25642776335326
1025.4017058669274 171.21232510637475 620.9590600335896
201.22975134878624 93.69387729753137 880.8935760330074
254.41880466823704 635.2238962400859 367.34694083411256
27.47827669543912 227.8741482914922 1247.3363239445125
163.59743579709632 114.41904268253826 1349.7312191368042
57.18576845761518 324.40808661975507 141.0232274683908
94.177919192946 244.76435558946105 1299.55193886779
56.8544631813584 70.26269371542018 176.88271655788034
318.630195577271 31.28132166638573 499.38863679425145
186.51512833263396 54.49596888267321 886.8796501360957
208.40921306454808 15.129603468489147 140.5184518094677
5.639334285375022 142.1756636231426 11.964304821965477
22.096816465972786 62.62883030777785 586.3439546524953
22.383666083943794 49.16798021829366 814.3633920091459
153.5688482010646 70.28467975476971 1123.8145294152284
367.4495241264663 613.7895256293591 130.41794605469025
394.2251807606532 124.77731555807556 261.96838523066333
890.2463537789193 191.07149768228982 257.2069878430668
117.69134498104184 47.835983641820306 301.3260817492628
180.17722212821286 16.521724910855095 1094.338273569024
6.523558930715391 46.94108936204412 34.39520707059784
110.99577175881687 212.4019984680053 240.11903735950386
70.4951473020726 1034.300945406 244.39148609068334
9.816412981345575 224.92061159609977 388.6781821439127
308.27361242312173 281.75116811080215 315.34469157180325
69.77039255054176 106.36624551481152 1155.4654199165414
147.32127063477122 378.4756832330815 235.18830948993025
142.42517506989628 82.84523568194658 1213.6425592764708
163.68686886672486 26.21229078079282 18.114762889871905
362.38833584950686 540.0467691596883 198.37598598112206
386.0405205312932 716.7913035870051 596.0677604550258
68.36854118599841 86.79387847371078 305.96068923985905
227.5196145706885 111.15788803455675 37.37042058776413
107.25094899155461 3.7129785000618307 223.19250939064844
27.1308155533379 206.4506696040047 41.24945084399961
158.32872689970176 49.889458814592956 1308.9225285824589
127.26403725890476 381.5094814759346 1307.0013319539128
12.453682477724321 20.763315465976188 1180.815250299323
202.0913544897815 150.45047480002103 422.97459251208295
182.96106722061035 31.075729173127364 188.63570552917503
123.47219128159894 144.57386610231157 1036.4153467965668
360.6686963736279 3.2240041408188715 867.322404204962
529.8445340530875 418.7280236824438 1422.0234602510593
240.05015714847212 60.044927765267566 1315.9304573748634
9.752501282187804 104.15340105769981 796.7414111479226
675.6634810024673 321.8682595968428 293.1864129497308
325.073838262799 221.3784075009989 1418.03492374298
89.66111501979714 78.13047904772593 124.2600753630918
94.83376316279006 63.988978507286895 659.2218008677247
68.81406831398422 106.326192619991 1476.327781310955
512.9306579234894 719.9941089080306 345.82376981293714
46.310011053059426 133.32101919982887 1336.1424488812356
255.83363133563574 42.33063469973422 168.12149617247434
112.61867744281334 235.5518121520909 1472.3968234291954
762.1440547426454 388.85729468115056 692.7442834983824
203.56620470911452 184.91895367359828 731.4866492904777
232.30123207633534 185.33172092188917 687.9337689517324
263.5109390539371 9.842435214068892 626.042020713634
511.56575511902736 38.1467865003705 1245.7589081376893
235.75762668675094 578.8414730195376 69.58435300263305
426.18341176498546 129.36774575059042 285.73415090721596
23.257650698291187 26.295090172208024 677.8423870272579
33.14081317782609 325.58928059829753 296.2394878480989
95.11753227386107 759.6940779447687 1434.841923871333
46.02103987858312 290.31266740816426 451.12955226195635
0.01587380032801393 76.704966371727 326.64664214712593
56.16652104936976 183.71414028430877 1359.6432038288274
3.2622625541867407 590.0229428650664 711.8188120884281
742.8561909065936 165.99329668466922 671.2453855254296
128.25125608769414 1229.1704141638777 1141.6649092677435
37.30587244573895 300.6089676946262 1082.433026007552
8.870402470042034 184.28680006400415 110.5237878865134
178.7084162068785 75.84459018667708 1310.157917986389
70.69746792303042 226.8168643748265 445.39272801352706
35.59483147337048 642.055952582922 537.8521705089831
22.784436217612157 355.7085954328399 1023.943616851904
110.71780099005846 121.40985872953016 1410.7455381085608
619.4957094130592 41.40538338607637 281.8089042511582
945.8244422058956 81.19460562403196 120.61412336875038
488.04078100416166 246.18350656113418 1411.1889202035832
774.4528141970337 184.79421141133767 710.0379907638583
189.6027882827173 154.3117319968732 882.8300006602822
32.6639603862066 36.49685539310259 1137.4430870122703
4.365801387535121 2.3336383479603713 436.5399507230861
21.584743697148443 78.66974443054578 525.813809216884
337.29349290115704 103.02159359268678 443.3535699890647
30.168029598701462 94.487045331458 356.42436983683524
73.8949084331437 244.97178798763488 1340.1759704299693
569.1807461815185 65.83475021966152 1213.114907132511
343.228370519671 60.100715432345275 1211.492540714528
68.61604204254932 57.4915598910498 1298.292315460483
23.562844151861146 31.027987373026143 879.3002588385303
4.196062973767916 241.21933991565672 481.4851479394039
38.80163803147249 23.568672591887083 1292.7881223239597
9.250256860626816 76.40216737962537 1112.806679552536
96.06767468450168 1.977103411650472 1240.9516698419748
166.55464851170095 569.7101065141353 1426.7004113577734
144.13890443884932 11.366410030164106 673.1629964890474
180.12688294031568 344.6167183318644 541.9140671157255
590.9533514318688 7.133397192302628 1171.618068739873
38.8787246192246 247.10762111137345 585.2285179851963
12.95390942319835 338.23268789850437 1418.3084642475258
14.611254641950525 6.511634636473729 360.29753502962046
155.22393586840556 259.43107060309615 646.2013213728131
162.7572331631461 1.492773905050985 671.9610854937985
272.7015637506244 128.0508774161247 46.94479618583175
274.6470020296716 272.7018115955719 487.60077262799615
198.00283253195593 798.8318740501011 538.4931838877237
74.6548923311829 94.38630024559068 187.87059583705445
35.08699495364042 91.95711015043855 507.88449162964145
121.95999392776147 1332.273145173433 1488.0443380783042
34.0585336664356 145.2156607028595 830.5670445662299
178.53252705700297 523.3435508044716 938.0968669968024
99.8973994666533 3.4363502372639103 498.76249766592167
272.20339045306287 31.46886786175211 204.95621471295965
88.64630946570392 7.655699901341613 69.04446253430541
9.043818941106409 112.00039635531363 60.32140678799342
139.20247119512322 124.5235052567117 472.17834844717265
195.6034808510547 41.44460084086447 558.8435315816506
165.42364866439166 435.72973884383657 159.97513190556234
315.7499260980262 188.0604267812287 1232.4799955651288
233.72193300850506 21.18639907234682 13.81417962548409
72.07144434766062 55.34460794251649 1031.2698040501105
267.5021908517294 50.00575098175811 1244.3658388860777
2.6831393450092595 94.01856941888288 846.9257884012422
77.78225366818086 530.0405265091389 1373.7374279217543
186.47612461129364 221.91631782914268 446.22117443456136
0.5980516958994374 174.25961022600697 1050.8691414256928
22.03997909226405 403.4444919583322 1201.9302910815793
738.0302344114456 2.430315568716429 884.9902987819888
165.13362073335637 80.68153034558303 446.1513952833164
26.474255563487947 0.34498671879409193 215.70624039950985
14.394810652578377 0.19790150572571286 390.6458298765379
363.6472145541317 57.99359948339189 26.549211848250042
101.36525388190553 222.0467607214569 899.9677975927926
26.111204475787197 134.71635331706037 1132.9402115829355
13.396781832589138 103.85373546153242 106.03100322003972
51.031017089846266 41.002189404943834 874.5118594086049
319.74219666026016 68.07912585239751 63.396537345444095
169.3113708348663 151.7493178144651 994.4630592419121
96.05904443533217 12.469644366157755 864.5923428059807
104.02402407983264 133.4895992452987 226.80590184557974
325.62654271483694 63.98464324396592 1358.5741352422974
117.33034017674132 41.33258419681225 495.1124172230246
270.08897772117086 169.5435495037238 519.8906984833569
119.44524995898192 314.5515028562065 1191.558905485917
228.95503837737587 114.39128613669243 1150.6152217102247
201.15155535194128 15.959690615235356 919.4581709201868
758.401215241849 741.1136955654739 601.9922226266573
225.44946849534733 516.7973024898038 378.2870748354017
18.001605875063113 365.0797450990515 54.010225100883716
198.02201796319582 16.48622209049643 170.8767431994125
149.3605002416529 231.22468411867453 1456.9353481938765
264.3672833445871 293.3416188635599 74.7869439005322
71.3010072819292 130.70145340938384 782.3826519141985
8.355018560452011 279.2980503130407 1462.3513293530887
50.25915615779405 55.97829940053717 806.6038793791312
388.8468060809086 19.021134579882563 228.52634111796365
63.540539987540434 120.95496020776105 1369.4312246354443
433.47414037435044 4.401708696635755 945.9052708785424
245.0316444336672 283.24964667629547 1005.7028337942717
114.8985212491314 1.6161446275978049 595.4043034250844
60.44425485705484 3.137013486614909 979.4460417432099
283.22828962865503 34.8281824822245 1079.8393535276189
148.5538579362426 21.81190567286054 79.50147637227784
12.848180421811575 474.7770275057241 903.8095542504132
151.3936254270509 46.68560405862089 15.976398343398646
386.12896850643654 329.3627516966631 595.9219851906483
17.66577335550534 51.41253134842061 716.3580318121946
518.800894290288 159.65797335819792 607.1347050171437
129.5218200845605 228.83280746750256 115.04332307006354
382.4242583423454 219.16482679203025 184.73569517252508
205.58174339323335 87.60294635612036 728.776910918064
503.14195408519157 1.9293922321712316 1196.086306726718
134.11065983804264 366.8215963976136 1048.7209566942308
284.3369925467163 250.0932521503156 454.536934136363
694.3186458062345 68.03651858605214 1488.8706090635044
309.8054818623027 108.8127406268016 1213.1397588723476
24.49119053593666 259.1901015411069 900.4352713388705
426.9184276503059 31.298686223284694 1283.3690770502303
78.73492224625487 25.847514829168944 1469.5979063705581
138.19871603000925 111.37733833650663 203.2590864028619
445.1048642192085 117.44154854482038 1070.3595865195136
413.90792712639967 43.5586835195908 851.9724454721102
306.0205092942309 222.42065549092783 416.97761068614
507.974983543732 270.3713042350724 196.03187915949562
199.45870039186292 256.0185961821179 1434.1629253772824
114.6840976810325 184.31209027717298 102.73973841732459
484.0381608035881 338.10815764585766 1078.2568766287443
87.54324870154947 212.13663295571834 26.019422640012777
221.7942977679758 194.06947511939637 156.36317633977504
331.88109222026566 746.468231440773 1171.253940488321
67.35854481456917 441.26050880753735 1494.337457803543
28.229141045915952 22.812701321940114 869.2879385898901
115.8436956377552 37.1073863031941 796.2535281790684
101.11108741982524 319.721434125565 973.7258044983249
669.3682768805645 276.9330722635476 220.79111998793366
473.16599143279143 274.0572040476483 1287.3415111871402
17.222821916106284 181.09843641489942 812.6906837525041
12.565734708583415 10.643380201575606 590.733346628979
381.5633713015245 325.95500252692904 1042.3221969326585
30.25546328665999 103.93589427500484 120.81136172499818
48.31264313991724 67.01899827032463 1154.9474198742107
337.1762081645124 348.51371036068946 1177.0032139193065
170.44280851635094 156.51939947678633 293.2400912559008
300.23608353784863 315.98382853999095 378.7201039575195
266.7248951449371 50.31079578468973 1096.189175897852
4.426894556575192 162.24780323621175 879.4615906675728
85.70027734904248 418.1523563927859 1233.408914660707
72.84771266501474 277.70420477100976 921.645012455719
552.4656105212287 41.72858864468586 527.6727376646143
162.0470213782527 186.75730392613147 1444.2222660926923
506.9720840603459 226.09045119758275 80.46384880852308
104.3991377837607 12.893596298898178 1052.27697602765
32.57396067798394 537.5081020703827 102.685183213231
223.48537183924248 83.56458787511856 384.6954165556697
2.3526333835962427 244.9316425395293 491.96980655804276
372.97294645937245 60.647930545959326 1364.097480841368
17.312981021091677 87.28711323201964 704.6422343600126
703.6724339749491 15.587969850195767 1127.7162016722093
122.43597954173421 376.4588221152927 1397.5869521960874
245.95493446863784 195.5774833483735 423.5589698368356
76.29380132550679 270.2769303628104 84.30035798400066
308.5894955962917 6.59197083791343 474.69256878694677
154.08242955332258 361.5428596614656 1298.9378733491494
174.2084257326812 3.7998394749901974 1044.3066015243546
190.22193606235186 11.385641383779102 1339.8144184360287
161.92376541764162 257.5320561725437 1182.7814523404002
94.07547164610662 27.124987631549846 404.05578106576576
150.724796347553 233.36807220713425 1219.9922069961517
9.951014261318274 63.30558218619705 969.1869263500927
226.60293245096713 468.5894035135441 995.4087073557707
17.99350402472665 66.56102035977504 609.8857146899236
46.76907880557685 209.16978221215246 1077.7514886093838
44.944241627071726 96.00186515322669 158.34006883473222
176.75149211531195 208.07636538229644 257.68125720350776
113.50731289583962 27.81917688893249 206.83429028755594
35.42949234085278 357.64526600049066 998.8921896526564
382.13233980361707 5.037987393021199 141.06936665842306
24.737783607302173 10.497019263212046 324.6428143014124
70.3195588896311 203.8976157207767 95.46105604501682
126.07480777680287 43.156988945750165 818.2947739579032
15.289512665222526 46.22326312202317 1002.493312518439
293.137205483381 25.158025988466225 1236.9782070085685
40.69578547005972 22.653916504576518 368.27864854508044
99.68936606237956 101.08115522768819 898.4633585496999
44.686092377508565 123.11882263707349 1318.9042834260563
431.63879632279156 307.8878881896705 526.7665482831694
150.65760803532245 592.6586689941342 296.6748321008732
154.34947153496924 4.028436912120646 1449.3495372379093
139.67882528046974 264.229597069658 953.1692280238119
38.11385779107789 65.05793628269303 777.4771863305638
368.73337894235823 92.71586889352643 734.111976745845
19.00509034717815 152.27273783441132 1314.653255137045
81.24820596817631 55.19322397073321 1423.6880653857997
362.47303034386664 143.346231757372 161.26965488819306
261.15833868233057 39.20144697585614 137.96787228065287
0.5802708270725091 18.750409856367504 1395.7130232284164
85.86067011364801 28.491398948782255 562.3366080462472
277.2705635487376 10.14592999108866 1124.3827175615802
45.8381440107561 77.95917728723956 685.6959797310446
209.13602477604326 39.23577292685022 943.5057165455643
188.9686458705588 342.18250129187203 418.8935318328866
92.05103546683242 90.31352924806573 752.7416059367044
126.61685472380483 340.13256762969456 217.4317170334042
17.845334433166382 189.2178944009822 1141.479043981577
436.22022205044794 338.46460689005846 230.93479156502517
179.55930224323694 249.73010268816523 1025.4876476707627
48.535886495475076 3.8626344278582287 697.7078033482985
189.17817934504703 440.07245495396967 507.230378822058
49.9673175900519 112.51902818583149 523.3915681265212
98.09145232450909 393.05879448538775 54.598283571447695
11.990189400290935 167.16267122562283 1497.9802265205346
5.151935567453872 36.33372886367944 270.6614196373181
151.71122410197114 142.13933055683702 422.4949478304742
165.58954716035709 38.25308361387373 474.88284329696654
1077.7806743754504 467.97659815954773 250.28809591204137
154.90543987870558 39.865500702534874 285.0131225056069
405.31913673209743 101.9765545974151 989.8256275217385
39.81961477900934 71.89398139749812 1240.618692901461
28.052998058424794 405.21662746646444 185.64235826060528
154.68661655341572 376.9475546863559 1305.640447481729
118.60545347367899 545.2348864226936 1401.2975566864936
19.54593160117072 55.29396296822211 1179.3346766838815
193.0598739576507 165.1539125773905 870.1707273267989
1.0559659560661523 200.65817343266997 302.8730628896958
276.4899004858735 19.468267842104684 315.06613100221443
248.6315475385184 79.16015499239546 1265.591824891388
225.826631398232 597.0788572582563 617.2574483364871
709.1565165542097 204.87703905295695 1294.737368802158
383.51818910479835 284.43813986147666 1064.656558595316
407.16025659799266 82.02603951256229 495.7409302952478
171.45885923394547 317.51835288221105 1461.883349903825
275.1369641207932 28.229087483033666 940.7416578198628
13.025455821987364 305.5829406659058 1223.5621254494718
862.4014637953018 292.4701507096172 970.7771194727604
10.115689536100147 5.106271215711841 252.3253654147488
123.83674436374889 97.61185244254295 1473.0639704723537
289.99884788523286 24.100442856051536 375.4161041192662
189.38345940753976 470.3820042695224 290.501325485722
39.862399287449044 88.94012931439724 414.09459860641897
75.04923952514748 353.2314723644671 1386.4094655154736
24.400966701612568 467.94150070387764 160.6925353275113
221.0472130428719 2.1783099896991436 745.4397605589811
45.790992067598864 182.73069468633133 1496.9205885831186
175.04447821687165 296.1668250800612 1031.962491742836
23.074455835360205 51.20226512908144 1160.1993446162962
619.0365028235974 109.10994645832896 1141.0934479090322
78.49286867059386 1325.4456275124364 567.1477509110406
155.8976732600775 232.4621749628192 519.8202319037907
68.37735348674097 64.17983382889697 1047.263408417037
301.1462218484792 130.64229539129266 146.14432468800388
328.2593613974817 59.35824219659995 157.21568620332627
1.0656481148877608 94.04935337684755 1308.3662694087516
94.66932428838568 159.76142736843153 591.8475707365767
8.598388502752167 341.19450015479316 696.260458628896
1068.8938673104942 80.20345048232885 511.5744606475011
166.05548896597037 192.42438186388367 1317.8800959071152
362.1670028244612 16.663506725472633 986.8266369546935
247.17024787319045 6.653484522780749 1132.9315106285044
343.5780238383292 323.7184896660088 841.4596131728908
302.1095745508462 139.02925504090368 957.7657606427133
56.92807164267818 336.57296211236905 628.8859418582688
173.77505771447213 168.66129661083087 1077.8798284818047
9.026552608826096 665.0871045475699 826.3177110793657
54.017817609199895 544.5835565199757 332.959189168816
157.89989921025494 76.08370822740825 1329.312848508631
78.59331222316601 765.5780028580945 130.2255941274409
210.24099052665565 233.8650640188945 858.5970096991061
303.610678934097 52.55649118092575 1334.1661833900341
77.02288572705251 226.11739867466386 671.0943880906113
95.43293747943063 157.24669519485352 295.7366523069139
312.2939606023012 31.811648376115166 1498.660517199708
345.7709360396744 83.00087612589945 734.4882209710391
99.24313586376344 269.57849256732635 581.6281872247067
231.11776686653997 162.35418635505243 772.3388329582542
167.15148283731148 274.44931354113965 1425.0548423300088
499.65553508428957 195.51870800232945 657.920584911654
385.8014957511178 435.4471909517307 1185.3595246510738
316.99959959049625 18.433303496913275 281.2513175645313
57.342455609607356 448.698761525101 597.3578023353978
109.5235975907659 109.00491445486524 1214.3153138618968
70.43898295968222 189.70067741731876 356.93409843159696
124.11807680019045 102.60317966620698 601.5073126632888
484.3897044064464 88.06881858342705 744.5054804907188
9.844772484071713 252.85311324387644 1196.7377454464147
440.72792302153533 209.9661127832499 1097.3827622278754
211.4759092547174 231.73072257997225 1133.173847655249
134.48286492875633 116.58545469570399 789.2249583000648
191.7110214670346 303.3560713160056 897.178282367629
20.027353123207472 49.121269099925726 613.8955349869799
473.28329157095584 209.91848472192677 431.59495216904503
32.129633830265995 416.9153246184397 1283.8731914048647
96.02285617850391 151.91375873334653 1484.258534664691
248.46514815039748 79.2167347209115 414.2703020997032
66.49601122392646 45.848237188287186 997.8310669885084
47.874166946013844 60.061076540563064 998.5116255395694
150.6125883379202 62.608199995494076 878.450920981465
163.69311718034092 25.169083746934913 211.9355275064802
193.21373173546078 540.9885337071989 4.6819296357552
62.95563674081374 91.53757861385037 273.09648121173245
4.56529401982193 95.40533970656351 874.9908933379486
110.05208436558974 438.43007990816903 262.90789338786936
50.733534218803236 214.97652440734268 140.84918749987563
219.48815501558522 24.791901552246934 136.50899708218338
66.91494762666223 157.3411259346925 255.72063391063378
123.88700680340803 12.571741598791277 1010.7798684579982
775.4599751736478 100.67858955709445 734.0334994924556
565.5005356452895 64.10841622651161 95.74573000665487
173.67266253242946 167.92705568486585 859.9380461995514
254.395752400915 298.3704116382305 332.49496643291985
580.5407568406051 91.55451368958546 732.7090382180253
63.86035948895283 375.3824556298086 197.14975532841544
105.34025090769839 246.47126611956836 196.0915771747473
30.582872053868186 160.98076597059787 585.5335314176547
273.60246869046483 128.71625392376532 643.9737264070744
203.68672651401943 332.749966592358 1011.1890846192616
197.67550253656293 172.314470318122 514.507528103798
259.25734646312424 59.31155769302913 1143.4732756761186
209.58604718801257 160.26092458595627 191.56482698235743
290.7583170527681 81.08313039167896 1428.6301180803653
36.41179811159325 333.8778368049804 1332.4017368110674
326.56840720471394 111.6759953394201 866.7074988704401
491.6442113121589 17.85736523412226 1316.9633701822509
778.9220460804975 309.4636009332696 1012.834574234329
3.4817269994413405 246.59830911348132 71.15414233195693
144.12646606007127 75.17042337047238 386.2286734390927
81.8864091661627 209.98544083327434 1300.8618214383164
154.07602317937585 32.10664301031399 387.53911098857077
45.1342013565946 84.53071918752525 163.59275615609076
113.2077530183096 129.48268157974664 1499.3286442547085
4.842160453082671 25.043582384178624 787.2669302597046
277.27003027544356 143.63808308565683 829.3296393514503
59.64154650718692 303.45954383061377 613.8524778214122
33.65945176749876 426.5876688670217 520.7153466243591
6.886353241190299 34.57931580435989 84.99429883826176
49.116069381768376 100.176292050142 1375.0921885897935
103.92208474148758 689.4571778118254 1088.198317580105
188.7050753232341 368.1917460313864 603.5257530044424
245.258091080038 45.76902140189806 1433.849604068222
221.15539927150797 201.8165685837258 117.13412776522509
183.65491878290104 254.66639288869732 82.01272398150189
206.22891223461343 135.54390288998925 83.68895816574184
81.12162878773667 422.4248617174883 1483.208430018742
286.5259766201913 132.86247371163066 1498.804477491144
383.8356598487813 219.45256332929705 366.44092880238037
195.29834806107894 12.572350137497567 430.4210619050389
315.5244989128214 285.2741819442166 245.37317845621948
37.44254686339079 131.46928638526862 239.140792796938
143.65603404045967 1276.054537937568 1327.7162113288557
44.0050077979421 791.0976400379661 1498.6270838389016
23.33388426552714 34.20091912264521 1424.1099828742285
427.4990330421739 117.72433789790297 482.7537971297699
646.734653626542 237.8329805685673 1415.8799083296908
288.93669044423007 173.12696971073623 885.9709590543011
110.74475609602258 414.24002723157923 141.78361692909263
10.935350561532246 134.08238588577794 497.5379285507515
19.389309309734244 149.2609697507479 1304.7133554117581
61.070782826301716 387.78842871747395 813.7634008099222
483.4654430562441 145.72852170960914 488.76817588371557
66.28891443096109 84.42669148018962 248.680432808294
2.3569726244334444 378.395778331599 949.9779043596579
152.4164685826936 613.8134884447401 166.87290166574792
49.34338340374611 207.96675716272458 730.192998182369
179.9830040432511 40.94802595172028 875.4147286438074
33.1398377680194 1092.2330385789899 468.3175168477993
23.107083824216215 180.77530711393356 727.1163165680579
74.30237426596506 64.27015709455618 947.8713173231848
672.4179623399752 170.98591075712574 519.87517482665
156.3434328058159 88.57659521038597 664.8446734659955
547.879436796616 10.843667745809778 401.3071437927894
61.0578701871095 2.444019176187061 135.89980746925983
45.42977192157002 270.0647498196975 534.2685738767261
32.486286905345395 68.79713850602859 469.0609757851321
87.86005741929219 39.64503444651319 1313.3502696448118
392.1784014424874 12.553786036224338 955.4967709457242
202.24824730791352 140.24707809964227 1275.0378314866857
3.4859787652198597 27.246962784675198 268.76202304155953
30.79793497406993 376.5219966122791 196.6901024247566
506.65094339331375 82.47914592604504 636.8604053925529
213.85185321042522 13.821810152751734 618.0368622312915
122.32521908622529 70.66855446425821 708.8158400685653
46.24733326932392 120.8854895899049 1003.2356215626423
257.57908518507884 138.63019024481645 1251.7148450653976
154.43143566433216 598.3374703804523 278.0167183258093
27.011947385279456 199.8214256971534 1160.373581029405
870.4007664650785 267.5972425523232 872.9212923392107
6.89802622412002 47.304466791362934 1024.0042649363077
122.59899554984395 3.164806596216927 925.221219686603
15.236475330601337 115.21790953339787 1368.546897962877
147.0691587790407 73.27831642491164 1177.6239158212902
30.096641706802064 143.91124073657033 898.0027418107098
143.72085428381013 364.33216904240356 365.34794688118893
126.83475978163258 225.83098085631966 1285.5591970991513
15.782884353132062 25.857985206234712 1343.62220602945
82.4707328365585 283.1210117013108 487.87195644095794
18.318564702683222 623.5007944830498 575.2767740870598
286.7548484780147 35.27330466501185 508.5674171216211
79.12757878130621 297.6889141504112 543.6010971544882
6.212239832966517 310.6437708130711 1181.4920797741993
59.04827832392042 493.4570209473359 1213.5830733028263
554.3307635431125 151.20657097386703 380.53079216021166
363.4203076267025 41.85555913239277 1046.1883579975708
419.1433801968432 24.50386649744751 87.64534762766729
75.95913053011968 19.18901050824771 808.5962626353177
224.31869927857008 106.4043351970831 281.9738391247973
123.65107662077716 25.38782434293896 455.67628777252855
451.2986737752664 109.17536821147671 1223.6136632537018
77.99062825120608 10.598241107352292 55.20026038661419
72.52013001552478 7.51335441610302 209.64792620230116
191.97027763628714 180.5234578734679 384.94978455827925
1.6431839340204428 11.487026432058252 877.6801458753188
42.55336132895777 583.8954810269682 155.4182291987044
212.36067341190807 25.70099254617763 805.7173629583651
66.41713069954366 304.8700827790814 2.414414428916045
114.5046260098659 120.22482180300132 732.1819505687174
195.88172032667396 77.42274872962776 10.01173062182964
117.4936957642991 113.85432159554074 718.2605215860906
196.18140563001128 41.719495601763725 302.7078538606137
137.42070840670777 27.663013234799767 959.7555584535901
519.2849746634975 681.7988120026597 871.1812040418694
191.52450296624107 50.49925896310876 1415.9284265263495
222.22280317241658 27.734222637316407 858.3417924843583
219.46582224667796 62.541308748166344 846.4331697730025
87.58094119161711 117.49575560861962 1212.6221049605658
134.9820221031139 212.80268898161418 58.2947356885225
194.10965807308648 161.10149938601649 592.9595596554341
24.136394887620057 118.78802779459896 1042.2345187134956
53.749754473595026 979.6048955323995 331.4908737633058
320.1912272987686 121.30137963926005 1033.3111897254466
319.9716149379084 472.67993565610675 1015.076082031928
132.17475448134903 210.30454293742324 369.7704335595413
379.64516170641275 60.8631335015925 1428.3722058437022
205.44363379740562 87.47185612526697 1356.4730171327612
116.2428418205614 59.03492209073802 584.6297529342598
8.902215497471413 104.11003927228633 162.74056648374207
220.18117061624838 180.6698692853015 1086.57087556868
701.9808236981893 122.50343312944266 1455.4519077722798
66.88402228597852 144.93582129869714 285.5485723387781
100.89369676819399 69.59319974956422 990.0485828757589
349.1498231296828 336.2796636560569 499.57045349905735
311.66545377748713 588.7051768269467 395.9755814033082
126.38310041128567 99.62162871755196 692.863651951405
97.44781199013909 270.390322967451 1345.7129722788957
331.2696263095857 158.79341055715088 239.08604049515608
386.51219878709986 106.88673198754006 1095.355171319436
147.4032294247656 652.8233082027638 404.7273190281852
32.379650121520406 522.3554022565444 1170.3371130835785
182.63252663032122 264.803157609823 958.0204100138889
49.116248433670016 89.55484606726789 1287.6456351003844
33.404865119745295 330.1318585642701 552.4635269709405
46.2801450293064 193.05259765458663 1429.3942855485357
156.34975508509362 56.1556736718701 735.1815637589303
116.07455140892841 599.5486344625263 255.49936225215896
106.05364560481728 747.0853375823976 831.1893937806623
326.3104881246774 60.421916689494694 685.6373848356526
263.97424119093625 6.8880676971346855 323.0549980066376
241.8679674489508 69.55063840893047 1090.9055769428103
100.63590281420205 59.21594817527583 917.0473644392337
65.6117826296843 147.30878003070796 505.54393938320703
13.229018848619093 72.61857372058832 370.93447736498877
210.23062349397685 336.07636321914777 475.8359976545158
36.03518770533505 511.79596733518446 1403.3568727937202
438.30651167123744 88.72084238941748 719.1611900138355
213.42115354926653 123.8934386369297 1499.7267343216554
267.8251810381123 65.7261026302829 1057.8762950483717
342.07298230385004 93.24181414050791 822.1036193921911
416.61050019138435 322.30898543756575 384.2795061378435
135.36754183092563 85.12687577908672 785.9249837227513
604.7896321149881 204.43970011688455 425.89636605742703
413.82457933631434 96.77397450377258 1316.290593270416
114.91876383639061 414.6257423396043 712.5301083726436
141.9529083241065 26.930240713632227 1158.8811772373415
262.87561393564374 34.25300914263616 241.33728442554337
35.27250549584982 8.541520252410958 626.5638999552348
107.58737534323235 243.471038617681 297.5001199404005
79.29213629957115 236.16121411944255 677.633179219327
292.1698995090993 481.75564597680204 1038.6752605799109
97.16476815548343 93.74313659316253 661.2865192597359
173.97591972164756 234.08592568216906 1229.3151241634364
47.12369192777048 499.7412043060226 271.39145272423394
79.84727532694595 528.0890803918787 1377.0213456178553
451.0285087402293 114.99488597319085 927.7766107607903
23.583181962935253 248.73801973112765 772.0238449313712
84.19469716444102 183.24704560786412 743.7078107601799
378.7567259688291 112.17157568886431 647.9856555586088
153.46294744876644 81.823601545139 1306.7600594259402
40.491550199820544 155.57273269228435 831.0748657492082
51.17091811030181 55.79711955969411 42.109832872739894
425.22116008560215 513.7564781790841 1200.2355138960816
123.21930209754063 322.29871976349455 669.2862349053511
388.256127740365 127.28333376559667 62.296242757003405
347.42440231417856 27.53389357523005 275.49709509985286
323.69527311810384 233.07890239777325 900.3886847350813
92.55345124200453 98.41572005816647 726.0024463163853
58.1916140422852 47.526820805840764 1060.7201815939115
249.5521329552389 118.42514799144655 417.7534979833356
75.84769502538565 291.98521728191093 570.5925884324629
275.4931876838513 36.1594481110277 839.1664157780255
71.65433560914309 415.34623320369144 612.9848009605599
47.88554052072289 785.9876055281416 1029.5416612575727
86.60403401108542 101.59644725297173 651.6400178042757
110.18548984795011 735.5591891631511 801.8026031188316
279.127708247307 35.33876067992321 574.7758216953982
61.50971034439877 170.07387150774812 224.89694091547452
67.77486629015046 45.157760416622175 533.3457136474002
527.718808777504 178.68958231749815 1136.533275744366
58.53950673980545 15.757253331803087 882.2036168378227
68.99227808052993 64.660879547312 7.735089714696053
109.10610403034491 54.41617681330321 1068.0434889973094
131.24476183550593 717.5555405123393 1154.5993382921247
101.77429249251637 60.502436257437274 1248.52034962395
386.3561152708428 729.0754992566654 1468.289349212205
378.1171542163299 72.64773130608671 486.3659328629316
38.208334202911374 1286.380986185789 1074.9480836823975
7.673618556395541 14.744958330863112 1176.6855795495346
94.8902260862333 143.0646640829843 773.5363785365286
71.6334644682691 345.8249406950981 961.5062238166213
49.132477599703364 621.3297314377431 1244.5427035261123
50.518259708402816 210.9438734416818 794.3365882223105
252.84286487035465 309.2423232740585 1239.3734564110946
833.240170689368 362.66458978909526 1065.1769238914062
85.91822907134672 115.98110666861191 179.77470818481402
368.5775915243018 198.30516750577402 1136.8541370312173
129.13540115987405 453.3894021245893 1186.4192913214529
332.4436142394925 99.65839915149218 1016.1560084750126
111.06193786194483 181.93287312928737 184.13973764663228
92.72481172656883 49.46963991912402 1080.2517011583302
36.01334957145894 214.79751572698564 257.5660045574543
463.96636714654267 67.03194147829821 118.79146178188788
7.957497051643717 45.29002300233159 203.9084795868502
275.30391216660496 7.77076695893357 824.8462433048091
45.116840819321204 93.23523458059493 358.9615981418652
11.98484211303612 59.57687698850821 952.6378997307236
195.24991287342758 47.699080928655476 549.5292835588954
102.73006814776137 97.78944631912884 276.59477939274683
120.15746413585498 108.12240391226165 1034.1693794316986
9.372744528738998 375.1675737006591 983.5519779918054
24.96146199123902 117.05662407561243 129.15788063104466
83.68937823882949 334.71164166811354 717.5255640370415
246.10469987851263 278.5561518618253 1300.182878161414
416.58568242680235 57.63719270535004 404.455748838446
16.601196288458823 160.8053952104919 201.92328145314642
370.0964140329824 55.88295536831642 581.6099632714664
38.92222446540957 38.344282042690345 168.71851951365002
20.55870966627809 327.45408658596966 834.9935093963436
89.52800909125916 114.28466980563374 29.42990790269634
19.195936511641413 250.19188937911161 880.4369254048127
77.3293826950556 82.03340060355734 1443.1627269898077
130.0090592988522 305.5761209986837 163.17491210585172
59.34515469921086 251.1778447667494 1151.0734387866935
3.8793378793201985 72.29134313364837 489.49854249192265
449.5491109906703 144.55244704145105 188.2151958442152
159.91427685797186 104.59652542800286 761.01089811987
157.30894804981784 322.73386539386667 699.4432120055802
29.623370907433085 100.28370196527393 249.02169428427771
110.61314205664195 30.82295159043207 615.8593335411753
79.48128989003469 5.7770392559353585 1254.5063811850016
204.08306952621183 139.1835235267864 1108.7954789129983
114.8582486493644 99.79572138243394 24.29537661931519
250.54399514914033 747.687906742024 717.9574119189431
255.6298406121761 26.03963414726906 1447.8018349966899
480.9491710925861 140.5712082821743 477.0049023660572
299.9626535976439 360.965096726482 607.1472143476183
547.5996316748234 7.238385024452278 1156.9663793428026
99.52128484638963 263.4912365153883 67.62381925699151
71.70726784731083 603.2576557814218 309.34584172092514
27.567718051406143 106.6543591798874 1262.0229533014221
162.396387538231 757.3754364764058 1456.3425830028152
32.059028320774274 549.4726368623011 470.2812736863901
197.76800919690257 358.8643274158592 1060.4345902443627
18.785805168670084 204.11363248904885 702.8522656928352
631.5639808456057 189.13754728745232 1228.7220806695805
73.83356561614015 22.282019291971363 1416.4482690537302
469.3220597606872 693.3912837441272 1012.5907298063498
809.7525981471584 686.7817990987552 83.8478132199329
233.94292206399035 41.28406581943791 694.607500672888
0.08864187675172944 507.52465725574655 1380.6349009696125
93.23235596741338 97.65931176019708 1093.1064403752707
12.65726644004721 121.16747256844972 1208.6761766402856
11.10606423720917 21.60347121133886 1014.4873540610139
160.14847258497053 194.89967732505852 659.3088593695055
120.07946853676752 32.40920111386656 1170.0781316718321
93.77118556577268 247.02003733999888 976.6901728763037
33.28197154181715 111.17191143767697 199.71574900029538
283.5195737613584 120.4526395165 501.8673150692674
5.1429657330144085 70.87266375398075 1340.3341386651916
228.9744153226419 521.1696666616357 532.3153068116555
59.163267945363295 194.1744534911316 1127.8112162175921
200.71696747395515 244.84535706232643 994.5904467492925
1035.0545288474373 321.17350728070727 1388.4964739346683
561.8503747835927 145.1879936674098 795.2030773092075
322.31461995591883 67.20590133101481 1433.3189998514097
554.8869022563875 86.8379746534414 310.34837686977954
59.06717672230651 1.4185432970641538 1037.523893813337
70.93150059416044 555.0716442502851 1211.3729697385313
164.88578148328736 515.6726522237063 476.6814768130548
106.02796000602585 575.4073318397766 900.9318689335505
202.88034828814298 99.67726824222144 192.87452729679666
672.4442903475893 63.52547481779677 39.19611529763656
28.900200732420966 80.04971199809677 1271.8959073843537
143.20552433512364 115.58756353605668 1496.0844388331452
114.25469091253828 34.42181013862027 1280.2717550648674
69.14578848840473 188.6547184182885 1295.6758276185205
27.522378620507904 937.7026298530985 597.6380584207219
902.6904931861783 70.24840375358046 1073.335985773541
77.96837790672227 169.23465088083742 1352.7859280344273
118.70010415548458 147.54423695825642 1395.4114804793219
169.9218254995534 127.06558958911447 14.014331273479064
152.1648092784344 317.0777867934186 576.0942363577362
346.6863724144455 13.790687125794115 49.61068835412996
48.42493604232797 878.3386386319146 133.71118345513105
57.18279035356536 410.0006819383119 607.6380322905724
131.3293052246762 132.81766702005265 201.49528149918888
58.47126152318941 241.71957039722417 385.65670857349556
580.7751739169114 31.703154442465 388.62829048775995
104.71747244937704 5.207907686637326 1130.7615190928439
240.55851172271213 177.2073040928547 1019.9785921110654
298.5154557101708 80.09386038878418 180.64993413746916
11.91152325533839 340.2025401246985 1116.1203633576022
168.80713470070768 322.4178483948194 1470.4214501227482
110.70844710843511 33.600675804929004 946.1684486422669
141.71809697566985 137.25486905389957 308.13044741647894
729.6004509023776 172.59316527908373 645.5041185139795
70.53352460605386 233.63329460819529 385.8127664898787
300.80920907448774 50.41052266551135 115.82944118375266
590.9715118906711 52.86774138254968 884.4406943013931
273.7251947408662 115.91484823518694 264.17263452839114
428.21514298998824 111.9758990344087 160.5384087637495
389.35592087323533 526.9303084844756 30.37263793281747
79.41375274912184 87.85255004160439 1466.2288662344185
58.540636841033944 216.0788308158113 1306.0578458825703
420.9787332641888 333.6383238172489 442.8899066424919
74.01235447015858 33.38567382757854 707.1412446330262
104.19632834606634 380.89998962542614 1368.0324990382771
484.790420142228 31.753691968965512 802.4228865305618
64.07375691191821 232.74670699155186 1238.727949785768
14.944724806628834 12.475512975064206 1002.781218598015
443.4976971626745 40.859435234305835 407.5784473512627
682.6160256165502 872.018541273358 1468.8561088557888
288.6650612317109 230.10322723668085 1248.9693236752112
228.54477150298237 255.99661696214565 709.6905803267816
202.97757682105618 739.4944980128906 836.55388526358
489.515309637438 187.42657865897007 65.42059393291494
31.46831023957545 56.96808040575577 1484.055178905936
84.84532522555831 326.20081542343917 958.2098433868751
285.55986233765947 524.8347085862277 803.1840141269221
474.7752179993032 74.2182549860772 1206.3453483096357
184.99202589796246 27.919997584593336 1062.6100069510494
105.76680678548675 133.8185492000729 75.74738134890701
121.6539059967146 308.63898816132297 1204.6447377050215
27.05011982199149 207.45855488100466 716.125910329208
28.09353033676584 340.3736714443743 1413.3816208495489
161.92724635900115 51.222385386897464 31.421364605420997
803.869661880635 160.28335268479614 415.0021686603589
169.96329704375242 354.23903554802416 576.4966887794161
340.9005872941564 58.72059602986634 1148.6866311141484
215.64666144011957 26.131405887650466 790.101845909579
185.01947711228993 127.12917772197711 130.75337253533874
235.49036561161972 34.763593448514065 519.5247437741492
441.12309587651674 57.83778816274444 33.7914034909087
175.6938804964254 72.17490478290289 751.7974541943119
106.23229544517882 174.98009795564008 1379.4454318419455
31.607659982912782 189.10533233344907 1324.0844726077678
128.57023409377098 135.51789578475325 83.61091863616798
32.67915819443995 81.85471368678319 665.2431008869406
471.83269555957315 186.4818711593124 628.5792662265543
223.39156753316396 889.8643559848404 1107.4488871516232
310.81423081818764 10.832911686843394 857.5217347767195
169.33221105842443 80.83027716767374 1383.3216146329496
59.49231202414352 404.96022560207575 231.10382050102007
260.66751796352776 24.4243698996231 1293.0481538467257
239.16134252066962 616.9448460389772 437.32979512651565
603.4215469595355 8.257295736764803 431.87298208233744
145.8985328743843 16.482063789700586 1368.2975153231184
165.36343513730594 706.4857883231941 853.5666567394219
173.05154051770447 74.60821170405657 947.7020655853381
505.9161326999723 511.984041527255 842.5946657740144
486.7205199271564 82.99102928877964 69.61687157154816
145.06094615691026 409.7106451901387 391.97332569504647
22.275584340514847 354.2235532417192 418.64960370494674
17.1887362773424 400.21881906345004 398.2518011064256
183.68797349068834 107.28150251422856 521.3019994770295
506.9793444939366 165.3416989554501 1402.305631561763
49.95711081630995 11.9978336511743 1309.607457037442
492.5731920161818 32.50293285089897 755.6230149591497
91.47965122349846 928.8180789622951 1134.0527500210303
90.20101418337869 460.87535590074646 916.7515726404836
48.93230959397321 92.3873838062944 742.5516214501438
20.137430087730028 123.02545145966697 1036.2082140301854
11.89440651997506 126.49304709634328 1380.8386329077814
320.3209432976227 52.16754264452214 907.8783477876464
257.662454306551 115.00132230352456 313.4347887771816
29.223874525584897 50.53604025238584 751.1157316135054
299.339818001947 6.52604349050596 771.3388728626956
830.4074693039051 203.06686720940772 891.5358880939027
133.22092409447632 56.56898058280845 1142.2880921333403
208.56970674261083 631.2680776499793 1395.0165651401956
22.467559874408984 314.50176774646326 970.5479157420126
84.7858562228647 182.43576050113563 1359.9894594183745
323.69955010696106 73.92077865331696 737.1750428178769
449.08635168227073 373.1273457827319 94.06388747259354
308.6201471895648 75.83784469661776 1186.4456940092803
182.9446659345569 30.714616347783195 776.1633355786036
270.2794334881977 250.1669578742578 939.7510569036415
100.97073659527204 137.34235064825074 444.20290914841985
3.1675183093155033 931.7925648811253 831.4072688800135
332.6291037991874 12.386079320250806 82.89984154104391
210.06563797669 89.37540961297799 1075.1443068870701
58.473333604962285 10.405070446858536 568.7191023497375
411.8374692865901 637.3048057478522 806.9954988694953
643.667628938372 523.1149033563913 766.9748424410984
295.825185010028 28.94664494512469 26.4685061338108
117.97415950593731 203.28926715568784 242.47981164640976
49.90325198246883 397.845467103683 764.3153664038699
39.70621012467947 42.47170555484696 1340.4969150793866
428.23885008613854 310.6316376880834 680.2599391263598
20.376251685304833 647.8394775574255 760.566326479757
117.91949986063348 285.97665515137834 1076.5969534016863
29.90051194317181 139.5323229578861 989.1952679839184
34.69752574996533 10.907909683862812 209.88267182797176
158.31927584023984 90.8810502745257 63.36116114052398
858.6538264843849 101.08548891868804 187.02667886207374
66.96381436264062 123.50059239151186 391.08299339893347
41.08803370471741 54.07740398439644 132.5501478740827
1.5253306660008736 37.82165692317807 51.34742175991908
163.67888974889124 190.45073124206846 286.21573148233756
255.52461599656104 8.35333121294717 346.7529858508059
48.188744324042204 488.6326061538175 844.1479322836313
644.4578755110768 30.348208933779226 776.2320172691288
19.52003684891241 363.69544690539675 1297.0043707648751
181.35065650466368 17.868244986472504 412.69607948193016
142.92943010675722 52.61402191767475 874.9363625752364
39.735569078207234 305.1537423960222 1036.2201746575558
106.1197097950992 145.34966765928016 638.5639233061466
11.707390280644386 208.60495641353393 703.010136525586
126.57383957340573 621.9414649023456 1011.7256467557045
72.83393734096968 151.34255566877053 67.30765219436773
76.06251579548729 415.85984918458144 960.1621291890709
22.993578611086896 140.18409541042163 221.98335370471116
141.0161482533241 62.47681396315985 1321.6606765952151
173.89307303534162 505.55628919179554 541.6509645644186
5.124261987188518 98.8407439338815 779.8986071509323
98.3274349564064 189.95048116154794 192.94261832067377
495.53096144015757 9.69197072087249 1034.729543789385
220.05644696112148 218.22636993923226 450.45403163203775
63.4788612221272 70.34178382450307 1193.068126954417
65.18836777912631 393.49470211674316 967.6701718443026
420.0542358327544 499.15677795605563 381.6064834019619
1.0182944175667494 156.31579584228353 1331.3618764162989
205.30844110906114 93.66745327688986 1396.3956085074626
514.6456553452036 66.4604451423391 1405.2286619112929
72.8481834530287 23.528258066231555 586.8417275458097
43.829695855108994 272.2477731021522 703.489556800062
45.90610857528897 78.8842429437406 1376.6177642493237
30.63823484455804 460.4305550455537 433.23685107401207
132.1392725667973 376.2986767350176 1149.4539535167996
66.91411848037696 110.13716890334067 402.36253015336223
74.88850747935565 18.326711094139455 551.3929541910541
249.40566432446386 62.55353324505777 309.7615072279419
89.57764993783832 93.95554890908834 624.389934476222
286.73113425368524 69.52726005544221 595.7680797344595
163.87220047419515 104.60624368116929 768.5018229411055
452.9396250124272 240.15788824441873 108.33309061649915
459.18677083603524 24.4952422068302 1326.1184737447495
259.77544626710375 184.2951461348787 1348.7434380907778
620.3864485763761 191.6705104297404 926.8911577021341
1.3867651586620833 185.17062144791996 553.3944408875328
280.2506541353494 163.6953629214123 772.3639653489231
207.85835541181405 19.057820464386957 1337.573972129229
50.49142231073834 154.84516595457245 1425.3268553478918
351.8979821949299 253.3869640149601 621.9401367278208
335.0534549658337 0.3711750912086679 606.3944876692472
27.15881600667349 1.8853425550968295 1407.304703446079
18.146377067164163 151.22891316238955 801.4815462024486
750.5614466585982 184.52116829834435 290.46956240662723
131.61122116514449 49.72532526942926 1473.6669158217894
95.68630801786291 673.3936158666588 973.5620478870792
348.263401375968 71.17973110458571 950.9628748488942
254.6779207978903 284.5531158547361 1062.5099356982896
18.03189894236524 11.745999626814275 345.87486778025624
100.92809791759913 49.009633115874294 1279.6808897761487
27.13756060367265 31.36464176567274 140.30890835813454
50.2936642047833 1093.875137425952 171.1876817576325
43.115095237589564 50.69806561761844 1081.6856279337596
81.42388344618693 501.7074675661737 220.78148019639215
124.60886823153015 65.18154957577342 1168.9658432598142
152.31441060159605 76.57744748732664 735.2438981249812
290.94552622040777 33.96306244912035 1475.2863127286616
14.5557889266715 91.35806562235265 1082.4559398096483
70.77312986467813 381.08556739716585 736.4653869257723
28.63149974849896 166.18774992794621 1282.6581835357772
95.07772396982914 334.86909719974557 1379.3005452317423
701.3294082506015 159.14085770069067 911.0102338500009
199.5532313790701 25.231597390073656 389.43322460363737
462.5805966623378 14.07889938575018 289.2288109205316
144.24478773052587 88.96343213860372 635.6861485172772
21.14468141909106 74.83604793079137 474.9112412911554
76.06680483024932 115.82354862382118 904.063342591178
187.82611367353175 0.9392897445328494 733.37600351491
30.080863017654192 259.95879605460624 1192.9943578337782
41.240147145158105 44.937152392856866 14.995041056456548
222.50087651174488 146.4516000896868 425.6540883950616
158.62534755642503 60.50624808618262 989.0690171874877
15.050029850795793 62.544419766268575 1257.3304732900526
169.62195246495327 141.53791438650657 1396.904418342479
13.784338087973422 371.14276758088624 1183.0975016030582
228.16648253189857 71.9245378496392 1416.5273880848422
11.029821754514048 2.442028531266867 712.971257267004
51.159000005627675 377.368919452506 831.9694819697406
84.3819937791815 23.486943666761462 1124.3116127796163
172.1639932110286 71.89589506205306 1130.8885442262115
216.65137148524906 306.58638573241024 1176.6781878895592
424.88122192060825 661.0028797584838 231.25372237578262
279.2793131156173 392.18143272400135 996.7535670434235
52.78072835280162 225.90992292286495 1250.2746984715113
71.99730262594724 284.24834185968535 405.6032393201857
306.28616026434514 58.04936838160375 302.2408703054515
107.6083661833471 5.233811142506398 857.4830476744688
259.08472824309297 43.85766082574962 1419.0210293442212
63.9529854756153 440.11405832146613 1070.1473867131847
9.664003019666993 585.1136713955469 322.72754814507556
231.01297728418095 184.43626323212192 1271.3085473057033
276.9279018813045 571.3374483400705 276.40104962522446
121.04477692193385 303.52266733742596 232.01035216372568
165.38111093651966 118.44036690256479 187.50885992029293
263.58480232509373 561.0724430450093 1019.522370485057
551.7384305639238 205.0894975992771 1365.5759472320663
183.91164241942693 814.6216887607452 606.9472065060277
708.8191831632533 266.4648653674226 1350.7706078886818
108.90630875751435 9.843356167435266 346.98099865824037
71.83569410696327 504.1666646035182 686.0069658070045
358.2823002054129 188.9700350709128 1338.7327305756653
225.20725916363108 385.4733283251675 172.3588131635974
46.51585673378925 16.494597063032145 574.9394224924337
23.495607890038777 333.133892373877 1220.4572549395718
15.300089996712899 45.59379477391962 1347.4906913228774
8.98566333374102 13.575397360764748 1149.8406649616852
147.97568276375037 2.03148122422848 807.0851065710717
135.5206666196779 250.16837575450904 204.53401880882421
216.177626668939 72.30566729681681 643.8924707042141
327.5145393914729 259.4116533617873 1393.458369972597
420.6627371397908 12.184814530245665 190.95126681884628
34.702603837199824 394.13641193198436 1058.342465207098
154.11973546802878 91.53700829644724 518.7684188733657
183.9865596026093 64.66919548423664 214.9836715441084
327.73222804885137 294.82212117809127 1396.965304167736
58.66670924081268 53.607640001693355 178.66863746179735
385.869020393052 15.610705744400027 1064.6377071312315
54.24094231853269 500.47264909672936 1097.1308354166597
49.81004917116178 71.01816461064769 1293.5642752272238
15.327376492153197 34.35030961955839 463.59763787943706
123.86697558800725 212.22089135652732 639.5368147992727
77.23370870596194 808.2860915098306 694.6979073761017
415.78384476424037 132.81220165804498 1002.3011970540149
287.696188048186 41.59642696708783 115.53983112527949
271.62989148451504 155.0358733039184 179.0806262204636
94.88880849497787 361.4337590170703 648.0752977615529
82.52911342307232 949.7893580123055 1264.2674870310188
128.70462001145216 135.77977253417262 827.7251219496846
134.9034934768056 113.6016864959816 1288.688047846096
372.4359155358487 164.3898259497916 844.7095604822817
179.58812408833742 77.29359839910505 1219.6395201773823
21.83345724629969 17.178122139981618 837.3633181234356
67.06299400272533 314.65345062626835 1222.0052403451716
223.75499705973004 23.780057996749935 377.73897063978774
94.6398054440174 102.48767136174695 858.3767920519363
104.39335299521531 92.76073436133791 1326.6627190755864
444.73361234836204 59.715678910367 36.73916898489149
174.50299413408004 181.57343378445395 1466.7977461332976
81.18596634921296 14.509580685367016 302.26308040390785
470.361965169676 19.18130777791266 946.8755354741567
40.18794995329213 94.84528271909033 1164.9086872050793
22.400335486631725 177.98278595019258 744.0118089812627
132.2780622606854 386.5644732455429 733.8123354013255
292.7700155908487 128.48684722368532 591.7345272263715
133.9861597765085 302.7314726867783 1278.0451497962574
257.8120178694792 504.32722674364936 1423.2582496775046
395.08443286218437 169.24281294266655 1064.228845228344
7.001600657912236 213.8801429183975 638.1503614668053
270.230517257702 80.50843180899967 657.2233387023563
349.30470857831943 392.4699870147352 777.1327349480694
113.04175606977299 205.24965883186104 471.24154849878204
3.8028266010585856 193.7571719199628 1225.360564370239
36.004172350593066 125.10094763104227 1189.9761538599344
642.9904147245015 190.99613909663094 969.6182921268226
51.08252237358221 145.3757035194735 814.2250443085501
406.35091846053786 28.431820216435995 625.3625675545195
297.93631369484996 144.8552208737206 1230.6560178309787
95.56470727740961 431.0386002720809 942.9137553533021
70.16872411759583 60.34199041251078 692.2788036303712
21.4305930565396 136.3707482066778 1419.6381902719713
10.435025018329892 293.40294233451755 975.9025902455681
101.4860168484808 700.3588216589442 1121.4371112207616
105.87582492781911 152.87888338668353 674.2746883516558
63.33650731489476 749.2528173319458 905.6007722510213
87.63063154304209 132.56363057958282 1025.2263685326182
101.80592537721552 103.62604752160371 631.162239317386
246.83914728537547 91.11562532533085 362.83533688936416
571.6687098396455 788.4676733574851 436.28079669448135
272.42923229300806 53.87097569979257 1420.0196132395859
205.7438084389453 144.43922909861607 701.2187256346523
238.1616202255277 205.3529181286556 1355.1491670449839
69.44476097494616 408.5303960885169 1144.1497627471772
364.1547118834281 101.4127964142405 1204.2614691473302
99.17752078252342 96.93693279069151 693.8867459810092
330.7574329553976 121.92374153784147 1180.5278256715467
65.43968786653322 11.828909487811803 308.8167752149739
34.865196482499236 125.09313244014251 466.7555542740201
113.83604336087355 28.115395179009393 848.5641256661715
112.12188996103039 23.52311493566133 1480.320432933279
276.9948545483064 171.5687674472375 671.2596841124996
688.5368315567839 203.68345160479672 1259.458281845805
16.642942323916657 142.3082760372684 1354.670097523804
165.56140433408078 62.70763256917491 404.47398180870164
225.9983495861055 143.3819817069085 603.0978802752389
45.130653663738386 99.7351228200899 612.983012870581
215.88514484831754 354.4630472090443 318.1759666996599
3.454600166042151 363.227515086867 1272.79488026137
292.2233865309969 313.64397846888915 350.38544199155496
57.48014287793104 226.25525759084613 151.68494527396297
100.87767330270914 122.16234009145943 454.73944058329084
57.24023302090645 208.42160904033457 693.6856978231095
4.923207495798642 113.74788964505107 757.2302285115035
75.60526918342528 82.51960622914885 699.8560548892561
6.82135770628054 218.02587351869693 801.3230348400072
68.27030559342128 81.20375863829919 521.0660776836613
167.47642029220157 607.9125546730801 1127.5036434069038
28.414458908973106 88.8610358533893 442.15422801492707
4.4164439205144745 220.7138053700899 258.8456300660248
11.800979196521295 228.42378865526462 144.24654748768023
25.443251108913568 64.95347468190565 535.2363261944502
0.3557656279863032 36.62457181310098 1135.1198795988182
100.72610261973676 100.19955803392241 992.3007593607213
167.53306453906043 135.38228342774846 1240.6846990420518
340.90253459080145 193.98403009580957 1486.2769450509063
293.1227044071553 342.0739303864982 1200.0584118709514
61.827601302673244 315.43020255284915 5.125645175402871
569.219228774364 112.06152236422386 978.0480528424584
11.472310568424032 4.822891652088728 938.2121432395228
263.9577935359346 457.55491528042205 475.24286781889526
166.75922145305194 39.23484466060451 1441.9126143857807
25.466586532817832 358.0276599871327 936.7192463193301
112.92632574837864 265.65970816412334 667.7842830837769
351.11351404480934 276.93739424380925 1322.2515733742594
218.6440202119098 96.39913515119531 67.26681363479837
224.95667687960182 333.14532243987037 575.9101399379226
395.5882579973567 324.06504147539994 366.1700391269363
30.806074193134997 481.10321318236674 1231.838368784889
13.04419373640381 438.2170058957631 894.7479246999056
335.6956518682671 116.83327295684269 322.05872386970015
18.64324788333402 78.96602440738913 217.94529798322986
16.18531167798237 27.580335035933885 1095.941997745481
183.28576482577188 124.71882296116088 428.1332383469693
16.489610203787663 32.51409699875486 1268.1406882617966
37.05412578893961 171.95832459529652 251.99468272547136
112.08723548996721 40.194960078165785 245.53844200629814
126.51143774793579 25.04907664328363 243.67102021700882
158.47933301022826 134.99454608080683 870.1610958280686
216.96414804555664 1136.420066271239 598.9011404473051
227.043481016086 222.42145564473395 1032.887032176902
20.140971655664202 140.45748569825568 240.39816475233167
130.8536391576347 19.143929424141128 1388.5718608030106
333.41002604526375 133.03258382332544 1005.9758914625128
237.51310569515832 96.10035602146259 676.4725827795318
297.82594054609734 50.61859929181433 75.46066539800545
71.10679008168725 587.2767285851703 256.8637123070092
337.7856417754098 431.02299551833534 328.8622013343015
14.343650561805976 67.33646474273982 1136.7924388613544
599.3699462972819 394.91444770948584 1398.829955522623
156.07810682989674 121.1613389501935 868.2292518338312
23.863657478742574 318.9831504071622 134.7549472212971
211.1917930013633 39.76915136859322 114.26325576140512
286.8756839164272 487.5549173874259 586.8928648061939
161.21713114511164 185.5820168213549 945.3561208775092
195.39015517752884 156.7850804019473 1470.973641218183
450.24192479226474 215.86962560203165 48.173221854558136
283.3258040630326 40.83869175188336 891.6060391243066
53.98766383259211 164.52355699924075 344.00938807179136
111.41356863972935 110.14747833781232 235.75130663534395
397.2685036782779 353.413136785459 1338.9500704914753
92.52074980778667 190.07763686033516 943.826278986433
112.83158870385105 32.63047244278944 1469.7087981677137
608.6467908318623 39.85079872871367 689.0410763266269
530.0217329833952 470.8266688458609 868.6014787972529
89.35455422810273 53.01979437730464 836.0760728571908
161.90496799886725 68.20783689276153 229.30550042896385
269.43586406066015 40.84708364976175 489.7628870656013
171.7849002048434 7.839079164189002 65.06138883677998
490.27373255091743 17.536140951192607 897.3477225313537
183.66735778006046 11.332329620847258 744.6536443133855
213.23434370943576 155.68333719495968 821.7034622742918
152.62768244650823 71.42030507738988 532.0616112416474
34.03846266661083 353.8938320082923 859.6505503102218
19.43090159268854 610.4941808310247 1018.838660116699
184.107031826358 204.49435017708666 1339.110859314616
496.4069666276245 14.94171488765824 401.7311056704987
267.25021124729693 23.19994189057826 1485.910986373809
809.8573331497649 375.2199263203826 182.9191431438826
277.927945509343 68.85145754999054 1157.4890982533634
141.2792623280388 606.3374668766969 732.7107897396764
232.49678781169973 228.00580710365793 1149.299872815497
249.39076664870345 34.964335010909906 855.626957972903
21.550313947141888 200.56255624188915 321.6678644123901
123.12657370619895 121.74988018996366 1428.1929958678938
292.7552078849981 401.7924457509129 1223.0331525942358
246.9987888305024 245.88058014033075 18.62762003476709
105.976415345736 84.27470145745576 273.15729251889616
46.847030562420514 54.308973979831684 284.8540409163135
32.10651738262493 134.14342523793403 1186.3975750888383
1.267799744470679 41.170425525131975 701.4319116519495
10.209740279611564 598.5387785005585 451.90091161244055
21.126235923117438 35.1828257022299 475.2272435108021
118.64094903806681 158.23642983209146 595.7509851446317
275.67986101561 16.621672271274758 995.147706972407
184.34547721510222 252.41522838753684 1106.5641614468184
405.82571330911713 179.04555389469715 1461.2522455603591
10.374155173613735 41.72507425249354 1478.5630372794642
37.07603014698865 67.96170414472444 1000.8716852673192
23.503317917079208 208.6668089048427 1145.9628764073502
316.4496261579142 537.6688789717141 885.2945114553901
374.03432770134526 80.64015804041908 1088.2494030438372
50.84147990706772 163.86333033538526 638.1037100282116
899.5250464914348 14.389212185394044 1388.4002864726647
458.9784522937723 99.19066064996554 407.96459922396144
26.32113996956508 188.60915554137853 11.995064969741398
51.96179410689518 585.8588258537793 241.10217575776954
197.08316057625947 180.3538959050201 711.60207363827
417.0403141959871 4.856808282270643 361.0396528843221
411.3958240318753 39.498377641238655 269.78701088275096
807.9201798712372 137.31272939859076 1280.2084707049614
78.21797508638056 214.0315409932629 41.59435137624068
630.0811781116021 268.8387679430463 1371.436082979559
119.15185149511642 122.06013379281538 80.14940194620551
17.446245779887125 486.61045801886604 661.155491462625
12.923798852887938 6.732236431944057 817.9633024974679
248.90097964597354 220.03002533414656 175.61548610623535
281.194135125955 296.5812672889596 930.5986182998347
38.33730454965896 16.881465753582912 36.39992289431482
50.51833090574036 135.85323617117757 479.11670762229335
42.178460454878284 108.18998189000489 178.13942607227762
311.55513715524575 0.7697357935018755 590.1509520704434
37.19557817460941 550.3961384728626 864.631614577682
707.1555091009761 184.35306258819074 1443.3993242196866
18.66391816462362 0.657837864127756 175.26368970841122
176.87580461637666 656.2333366053732 686.4465701694106
576.8889325116837 405.70364070577335 1140.493920351162
156.29739451328862 358.64779645364104 1204.6266972293622
32.67333521693575 505.19099975420625 885.5712962196498
160.0164582455708 354.4617336368468 970.7218406714256
191.6423005056974 18.451405340853537 1046.2624777450837
65.1198231940996 130.00232575702694 942.8885670195441
160.36395942159925 149.1399441970708 719.6848604766545
82.72894462317629 62.83589720726647 700.5392669932297
17.96765047540952 339.8307352595832 716.1066279079154
168.5686062002713 235.1885162697061 600.4964296029846
49.838500066066246 42.68280890971499 1264.3298793532422
1.9776665294719638 305.1885446232058 1077.5526018057917
164.5582367620937 161.25143777786957 1449.5144671012915
30.276315161595836 338.4248812799834 464.2079877645258
117.29812497284246 37.458106250576144 1055.5215622561707
124.62540203632497 29.148505341134612 1183.6170747880644
230.78618380598238 508.80344079990454 1301.2609493692714
267.6428559881542 29.26728002878946 1173.462771175192
263.6443070650807 508.50243337579934 1151.1093148151037
30.169027274365934 136.43299638470617 988.9609567009467
59.34675143360586 193.01831734697822 1390.8119149823854
328.65899407779517 327.97826037013255 600.7928780973149
12.260659202898188 72.88881711029613 84.87477851338143
53.95971453316195 81.66396074031232 294.2865194771031
291.8918534248405 182.09004013401568 331.2414199073771
112.48399301665285 227.36407090992623 352.9711426809118
211.10874764696263 548.020667671879 320.7472861761495
80.40446998488977 137.6531604785226 461.3605347515969
259.6155667635799 95.28702977231677 892.6036525885747
170.71194646170548 720.0843737522631 475.072177194494
659.7109930219533 200.34724571866172 468.53539093290016
208.15852159181753 71.14343216878542 702.4286285670529
110.1721257449201 17.82709771216919 684.4018961858026
154.33031421293578 821.8545669444919 1363.89244750691
167.22906707515 60.95079137709457 1391.5468342754712
182.8248390482613 65.6871497196696 373.5860595856651
402.0368340056889 26.176646915892437 144.51840048386617
20.185108895201097 81.68740405741144 1446.7955017512259
89.69916843855958 473.43256704740025 1429.0846264665968
424.473715654966 60.09551414549298 335.7153029396663
108.12089868060859 80.58701339726488 670.9601992969477
24.27895419180834 487.9162372166435 868.2037392603412
415.25410836256435 112.45872687759717 696.6734357559969
294.52012947728934 109.87596643985884 907.5070949060728
183.31917479546027 75.81390603133464 1169.3162902168267
151.33239704714208 1.415043142458635 442.3847045119188
42.55350165180078 7.196007649089979 1459.901418700924
3.9207020945111846 184.8902543758988 1187.2633514157906
346.43938818649616 250.70615814163926 436.7517914305238
350.16477537411544 619.3821450599088 649.1069381912132
91.02425521854008 2.417740255889548 912.3369108950627
416.67229545050407 412.2399026571036 931.6008314051477
90.31398656494535 2.3714363738737556 446.3788770217118
383.76020976595015 391.9586993490445 1335.8728068205246
63.701723511165085 66.1853577284445 1266.3857047191698
101.16215104495336 414.34845653596983 208.38261188036805
93.53338121043684 897.7377494586983 1145.921143473091
57.92420906118997 78.09776223514451 1286.5630273570994
102.2757139534173 19.208454524866863 1104.4597944199318
24.110128748435226 52.20879087831557 1330.6903421795575
154.31915151031419 28.248392741932587 608.1055018481935
11.888570879085252 79.33047864775486 554.5250829749842
84.3100846934654 71.36823981673915 949.7937359253376
132.5280451416442 806.0232901297272 1432.4006294708415
36.520026053826804 354.4856224601372 1410.9084563219485
3.0760863173677158 14.081607534391766 116.53241431825467
48.02315066354845 161.04576870468532 134.81555903153946
137.31753102921306 162.05440434752447 1394.6690813545208
166.10803865424813 3.640365446230949 105.83586073740925
242.99358445127365 357.31586954759314 1279.0277422610395
37.48836902047847 128.18564834107354 471.56818373787377
313.0143478512875 532.9419115759999 675.7096645863639
239.8960608677173 356.3871707398188 225.0568233535066
311.31227761198943 266.0771404158643 837.4367772494807
433.0313774365509 4.720206042766149 820.0485133156188
62.04515976238506 1.0643475952271246 1001.3390424460201
94.21220922637191 100.2403207598926 752.1830171397692
28.633326360833326 32.79852116188801 1460.4108449570413
135.12986038339216 748.1381901637294 720.8004246613174
147.82164185755698 27.82314774744504 158.38502388332043
392.10481210596197 88.07547675281324 720.4471895778707
43.378944361378615 469.1657783224329 93.72057674450612
297.3506970997016 46.54297428984678 127.45803572145303
9.946128974535567 25.9046829020063 285.928786477953
82.94840391334361 225.94088308398946 49.62630287934411
93.5463484671329 203.74379593275128 168.1913252923651
140.19357766957475 119.78976612976619 278.30692351253094
26.763419978301982 19.387765485042628 1445.2176271328278
113.50370572170256 181.01678654819057 1395.6121409600787
359.28255592194006 27.157882069005733 904.3859095962927
268.4590448160151 318.78139630753105 671.403168447119
170.57758110050344 22.393341711042346 931.0585740542182
109.75484780041998 42.134750514197535 1320.674266752737
572.484233965654 51.40883469348735 756.1121589947201
379.19575777593593 11.911009641857785 69.24835238625593
220.51758844254027 83.95654395584947 1342.1824343495298
575.5776098046364 517.3267825863172 1199.9891431231588
571.1832519357866 96.95596647389594 701.2703728152242
55.2577790832077 155.44763187928248 939.6850001419286
462.25891495704116 607.6160421288441 671.6268476552584
26.323247756756047 22.58132471880875 749.1972244962664
238.45188694630127 20.572252660621164 956.9749795753626
270.834441930946 391.9504892149789 520.8247180900837
277.52005742221286 219.7140989327214 1251.9941410038127
9.277736487609431 394.1371351610277 395.0562168996938
247.90015163418389 174.32182893294447 32.27834738226082
363.3116654933103 146.1431717721286 51.13445234724312
200.15955948768172 12.56841981628808 1394.3600160669241
137.71963878879893 26.633305072860875 1306.8677534375365
706.2657676508461 55.272616672369566 1133.687819203412
51.34725653528341 337.5095699216779 108.19606572568591
528.5644878521948 115.17265348832164 295.3591997882974
227.58255988988986 62.95164868301304 705.0152794533683
180.50707531063273 93.07520568127956 655.6275623665902
772.415849230456 153.27578570287235 844.2119043821737
147.70028820419566 255.8114571544577 260.8836123348677
337.25316328186784 45.075164681071115 187.77612477977328
352.1006554971805 312.19981796444046 1063.083536629398
592.02103962759 2.330628799954403 1258.9167943241616
88.75258439760329 188.2049494477023 934.9200325215405
15.063360053202574 374.5988341105192 952.8547420158637
226.2017462946833 504.73806724100723 310.11708921475844
191.49637470954394 74.92541386682943 873.7567697089811
307.283623897072 85.70706009991142 610.8390964944324
158.2743867247568 136.85707737845885 164.45633639459223
83.7626368329196 646.5328197791747 265.4327082065448
114.81826111763742 347.62460617910193 383.3068013886209
476.28445673735325 69.46604153916971 976.8047484889134
33.8118109056269 181.7532633273801 413.47725541968225
82.35164442415923 103.14744996735625 1001.559890651176
89.37593393181821 291.420109152222 706.3414660326804
103.70507843707469 5.586585131793732 1361.0729614951392
116.56532701494724 146.75572611960416 37.15225155128232
65.83529851025311 63.406158693723484 1491.1121269966245
387.9363547408243 304.19588250968104 844.7678901241434
679.600661298667 729.5283021137204 1023.5280189427323
152.2350606330024 120.87750613669841 683.8091729057128
37.99847886329415 31.222658922820656 215.47052161005587
6.132871940086707 45.395440474509805 1494.2301706445805
56.811141198589944 234.8116189837778 486.8310049537273
109.35732736279797 310.3391462563378 1257.991486898387
152.4753604323257 5.840624468756571 1273.5505568028689
14.805304214112896 69.76297134641737 1247.1205583421151
354.44139055822706 56.10707005555832 1007.2163957822627
203.92766478519118 129.2545503418611 846.4997222971045
342.4850186237184 252.77600524308528 1170.5452196099127
354.57110381742115 200.53368676931748 942.6489282269113
378.6198657582232 20.55997325086916 1184.3846895795623
408.1809348387283 37.160147422999614 57.8096219191121
284.6634298479526 16.645367170254925 414.0757819154134
67.83775946301421 102.5370100789388 219.55217349951732
251.18454749447986 61.33974820258754 747.054410928179
396.2732056062179 92.42908273204009 735.5136475220268
13.42907536815062 424.20619523748246 948.0283636035612
1263.5342623266406 28.937922769471587 159.3256209064317
264.4196139144851 51.273084611515884 685.7956713332028
292.954070785281 506.2511882081836 747.7395662257017
372.8590505406373 9.92345837503255 1189.18668053455
56.58404516119432 222.53193525372828 724.9885245282566
28.962825269836078 24.074462603433517 621.2613027436629
111.1801144887664 85.1109113351553 1086.9787987030702
403.8137245582445 510.6928736024314 546.5458106244653
70.41365341922561 208.983907090852 219.18648771004058
65.87406972326761 311.1320646076113 366.3071670167159
572.3437499622564 174.89990182887908 965.5235161099721
582.8011777739954 132.8584650054173 454.14393555697734
214.70892354412175 25.444996286920425 1423.4354565928168
9.579764660796114 102.91850761531889 1335.0032965969144
44.40298978883641 212.55697988458397 28.67217914076531
136.30176291472142 519.4320059913346 352.8713492132595
80.28636264133242 21.337303931275624 1488.7215241554466
1110.7509725626946 130.98342538340333 414.269658158729
937.870402320016 74.98747748278049 579.3905042743121
206.3894532288132 699.2940776854671 771.77819909245
318.03566969743196 246.81302624593857 431.8241439462184
7.994100312037043 50.10727928851034 269.59460599670024
78.58307230128666 227.46006171338507 918.9521560513118
153.15310879567033 130.49690828321522 1403.4390345387244
562.1747366345346 110.2460084507536 763.1565602465759
88.30115289972491 239.81261290907625 1321.1825028039589
264.606567846538 541.3527027036937 910.2676036685442
170.98778334185025 59.94440497773967 1280.7881516650066
379.27530893883204 881.0830800763002 945.8174665449449
903.299249914153 240.7629768485526 808.5673470078109
377.1688821913409 20.931246295853718 553.5376709116259
94.07009620293447 232.975063234024 840.3968054942113
188.82119084984802 219.98974688708 310.5354671518657
69.10991363128264 589.0548494617288 1056.7015745832425
30.07207064269609 101.79563603937885 1129.7271336311442
0.18118803260950397 58.58529571097117 492.7952806251872
239.618156292975 32.8754599551179 627.535866525882
24.102614338708754 171.03897094528932 680.5774199278823
330.9122068002105 52.860762317638624 206.19480563098202
67.10280413616915 143.79861375537374 682.8075234407916
394.9345685478682 126.79428241890554 179.71716062459504
269.709347193245 47.34436197813419 937.0345321329033
104.40325942486342 158.720340924054 946.929045420442
264.27031816812115 95.64153819371442 1428.6456810030172
337.24574596959053 491.22355594240344 599.7697193514255
102.02081560917105 128.6732075622291 221.6669350166053
28.858390920893218 2.2800766350642414 1043.9521321943696
64.764708197418 519.3875585899489 960.5777139436859
494.88905870121835 230.30089317349857 282.9999309711433
205.2522958201513 158.29127183505858 449.58046276254544
105.25810249898709 123.51707289754208 954.0932120566043
76.8583636295296 4.057569494328982 814.7950257217395
306.73447700157664 704.3370386193897 1103.2346679517925
34.81046734318579 71.20961109395405 204.3936133251778
94.71777716428213 111.80129881081531 632.8050257499375
60.48380405380822 933.1934037605782 1097.3757499850803
