2000
370.71558008658315 9.799748962654675 936.2884199933713
523.372102795594 1549.7915921218828 1455.790695549166
39.17025362565485 507.5303891528586 1338.3406850960707
780.716468894149 724.0819034712549 1423.4488517913305
1190.1031432284096 398.20386828199395 308.54027632573207
206.3570771454011 341.5380046689076 542.2571263512775
634.8982727080395 633.2720679060109 464.37885108586687
1623.101523001252 1269.1120395040186 1251.5924189373789
1566.1359948516188 1408.044017671416 729.1201092798989
795.2779650247596 235.94245176899543 251.2042591830897
1365.4518225320937 893.6372568063462 522.8819309409106
1913.626516332731 1217.9564003001483 1150.5624805871703
1944.32691776083 163.14084617891766 68.07522385897869
166.0720382876817 427.76536466063897 1188.880160596016
139.71773318613168 16.837562480997327 872.4680539852833
717.3153080052628 1927.8473350442237 761.8961092325937
1710.5635941420799 390.8171512515721 714.4538786819006
1711.788416521528 555.21468798223 974.128494808976
1682.2645959209083 1678.3120213226023 398.6857751154646
385.3502621338434 1572.5638158372492 578.8914762307494
524.2870297088 998.7782174064693 372.01022175990033
1563.6116383689505 1686.1874828220757 859.5619735488399
603.1184015465685 79.72571048014431 521.204890889842
1552.664567413616 1956.7983288657858 74.06300465992177
1081.4635682005849 1206.9325461170656 1130.8222474631195
276.2273412854706 1857.8383377922542 1321.7528338669988
1756.576019255835 554.6663663013305 655.6474926553797
1343.372440340113 1543.6314081312175 503.58290293350314
980.2272737706519 1313.9021626887336 587.2886688762023
1070.170202503433 917.8236437276781 1050.5272307732962
1286.4907115910246 1764.0802980296298 1424.5193249290705
1339.9514705303664 1263.471162116891 1371.0642318049581
902.3440067194007 1033.1779949162712 870.2973236441741
1653.159940684913 910.3767031011512 1237.6899033209434
1763.504226929441 1581.4284053476224 114.07351311426505
1649.5409852068428 100.3274429325387 155.62018758175677
1644.1464902794723 10.107961008992694 1010.616545873108
1229.4738496892376 1033.6065971470268 1228.029082807039
620.7329344731745 1870.9005978418386 1105.7381031094678
1697.840275476053 1163.3852824963476 603.6675177432593
1096.9113715044289 135.67187044796825 1410.6609100189849
1111.6938886385994 1743.832950913614 427.9979380706987
1902.124920551112 745.2224943517449 1404.868184929411
899.7123340566402 1934.0946322188101 979.1331961786728
1626.7846995696339 1144.4881243150219 466.32704868538826
774.4949259701106 1128.0948452278953 1355.0576028594276
108.94504808458882 605.683170398255 141.8705985688881
1917.0085680611917 1168.8822219440508 323.59815293456523
1987.9964222695921 894.5879008346456 5.292311711607822
1383.8206257903082 1906.969015086929 894.1013121685902
1760.2408741066117 1459.7632346338746 1455.4027180822623
1851.0835595282058 1301.323362238308 315.95946641298
1354.529341431431 1559.7396113063762 11.501947274462243
1381.4013709472238 890.0495172497174 466.893854555663
1465.9684493686789 1729.615848116373 1239.0334994747413
284.7708383749405 1992.2407731148858 409.1978716039002
314.6124445377547 836.3048236889164 886.6108850509244
1765.1032282969975 342.4306764113878 250.084911953789
1939.5167636161307 1341.9462143076155 1214.6665012674653
103.3402602467215 711.8843478546246 659.8879308934703
435.2769498154505 459.4187238063314 1328.2886381570104
1537.1368240402592 1248.3499902423837 441.80766014307517
824.2628934418188 1998.5943692785827 1346.9740624508163
1599.4745121129852 1951.0040479989086 1029.998675904203
1360.757052195194 559.2952726677662 1205.2668318901826
1485.274260726021 73.95599840001643 1477.6768449433166
1352.3786350409528 506.28870225268076 1420.5164616784616
430.45248353023993 216.23145050673597 1420.1763533843955
1505.6564734734136 1503.2944410117134 807.1210785374022
616.5341838847695 1914.6036361821405 597.7282460632791
780.9473955163339 128.52997218921215 1322.2624254740642
457.34225377291193 1831.2667964781667 1290.8264768385457
862.4385642107754 639.9282013115428 257.5524554624462
764.3689881139502 898.7411175171871 517.882972842596
1561.1996784163525 207.0638543493035 1282.3049068652472
1335.8469895258845 1730.9781273532492 593.9729335390322
836.0213698891803 134.21710582547485 714.1079134839669
1531.334392315983 152.3888236866633 58.001419343017226
1705.3984303333848 1055.1613415069367 1143.0028005502281
24.187330816404895 501.0995516303602 811.0858832478913
1669.0624413427824 1541.2375801275414 1189.5479259438696
1990.2976415883343 986.0061384955987 22.24881845140808
408.0659227288605 516.1016034734251 185.7967621472711
493.0655346614128 1914.2874575262301 773.4552108293556
1981.4780926535113 1630.399625153956 690.2924593984737
1414.2472418026132 1945.0559672900122 1003.8869197547735
929.6435305153308 1492.711806859303 1016.510821287471
1991.9459675413502 1616.7289239801357 298.98726792232173
1107.5538910612631 391.05857159030256 70.09082685607665
456.9339970408362 167.75440482793468 932.8808483346459
150.78363749500002 1925.7026378855312 1209.8447191904413
447.9385122527406 1897.797299881764 1445.234174501172
861.7823437683836 1808.8404728841658 614.843100594426
294.39067213636605 635.8301245948284 712.4777370877091
1494.8698427932973 1309.6290504494625 280.7763470475882
1333.6002222099255 783.6445956100962 786.0483183629281
1013.5267486047861 1733.9879729136599 932.0853944626705
68.01789373046164 562.0519188852504 318.55635034254936
875.5132685354903 621.0132862936443 625.5726061019914
1739.7888311907684 1158.5437376098373 829.2758202819795
158.37359869274502 1591.2912505116453 7.988062454792111
177.88503982479443 832.2178212144026 555.0624142584151
77.93444801230054 840.8684322754451 962.7823228386958
14.886324328638123 1124.440769811022 1390.616611895312
951.8688705503984 1720.1829299489293 824.8029910206985
1566.822567262509 1906.5857807015548 586.0493416220096
1693.247358502737 1779.0739832523702 219.39064632941108
1162.8987665999775 1884.688948016907 161.30990198387292
584.5941660593976 228.36760207927176 1021.362748941161
1198.735377425511 488.14829079017574 1434.7843021743754
452.26398993621154 79.47557518700688 300.11395953851803
669.3932180070128 13.120599906994546 1429.3184821215398
160.27323273950333 210.3592333054718 928.5426127592954
838.463110473981 1469.6122092195155 1148.5913934559846
681.2374671104722 373.2150897917668 1240.7115178441545
1699.6647994550758 134.3823068765342 923.5238695948811
1563.4494493806556 1772.5623994418452 921.0024000211798
819.2663229284553 1628.0108010517208 452.9383889293233
66.59377259526478 1326.7352238983026 592.324567617645
1849.0095984417371 366.8773785453294 153.8566756342436
1545.8851732033054 112.61693822976038 851.6503054829884
1771.655582674919 1486.15442268612 689.0905516032199
943.7462759748685 1358.1332414179108 1235.1254314594348
1922.520027421746 647.8625371510644 765.0621450337204
1006.2979957745783 1482.0247659678744 1067.767162862165
1467.737590700897 1783.6730286453662 995.4150520901246
1846.6984848236386 1072.3742303220333 243.85355639814378
1644.0049453465372 409.34122696618493 826.1391517115186
690.2351691828612 1089.4569639299023 659.5024092041598
832.9616568668787 1879.0973285160178 389.6819715423458
1513.3268515305692 325.0635246688851 1289.695039011888
911.1478139635989 678.0912529696985 641.2649012272285
1302.118221391802 1255.7152982971115 856.0368156880008
1596.0774280539288 888.4807465510194 653.0554360454804
489.25961331612353 1501.7115307453812 1030.1167160843854
313.4862560077205 943.4616885348523 859.9947158504319
3.893683967188588 630.3672265371172 884.7143277549494
1484.1356737468827 388.79423893985 695.2521586651527
196.75792813738835 346.3695973353489 426.53443617261513
1723.719550965333 154.85021501458206 219.98978770626744
792.0047910868931 1204.3038921337227 385.9507233625728
828.4945388665291 1332.4588498507135 690.0551245457975
1638.0628092676561 1765.5585117352446 254.85156263182535
1640.695608455836 768.5202883272093 1019.6336957094351
1220.5611054310768 669.5090804688839 636.9204357600235
339.60704034945 1129.0206154828784 254.28058771797663
1918.6629529248655 1892.4212398609095 111.09577672955673
653.8933121290778 74.18812284864896 1421.340961659877
1868.370056765162 396.5093319561903 614.7901478249418
1395.2806347522142 951.5143423927308 249.6207528427231
29.761020182097695 1835.407045570498 729.0846002614078
89.9274586465202 1206.8801459208976 1421.2037216038193
1188.8433255580505 332.5114843981622 749.8836802686735
112.02527877813795 509.5511521810656 1227.1262926333027
1855.7886036964985 765.705511373565 980.1558432174455
1716.6017874723225 785.9363121871454 1189.290934424552
558.3266723176332 960.4035592695075 439.8009590015081
617.915092553306 1804.7456710936976 685.5731237147451
1620.2384680720613 273.78115939049155 1392.5086625765855
1089.753659098306 839.6182143495579 209.7884722605677
1523.4404254587846 118.96085171759464 119.16447898668048
1219.9014210028538 702.1483806094657 658.5286723192946
133.56706687129093 781.9379021025366 565.723913255849
891.6681298310018 406.46518415488987 538.1133018602285
1320.0661924336284 659.9245400537205 1487.2431664032038
634.66651095674 816.270182567759 878.1038006455668
301.00418795535734 775.5019999647061 1400.223264053729
1368.8513218155374 1728.3161337012273 351.6327749051997
1072.6704974787042 1856.614487851596 646.7648510391482
200.72747862185182 1685.5713464549403 568.5279785663676
841.2603919860153 1495.0075821068408 1227.937671641946
419.3939618216627 1651.0421962807593 1108.0974758155971
979.9373762102045 627.0523304793652 1093.920488361872
503.4195411380278 1618.2974495164117 957.5024234666648
1821.2161316399588 1219.9484333222072 1280.1061279650173
1875.14093527893 548.5993075416686 246.98228431531538
1352.8981238052252 1603.770277709039 763.1954888320554
910.2732790892844 102.83801260199321 233.12738972609915
457.29224309035743 255.1442387390275 1076.3642180281527
1740.6124464639722 1180.327420605586 588.4210940593724
407.5881308969962 1455.9253659293174 526.023328562046
25.33539484729075 690.9615197995347 660.574430732582
1527.0752461569916 908.8142307160751 246.53595345175844
1.8729681025726475 48.348047121446584 1320.377927277239
1564.7289053568754 1728.5875171410237 1090.9667944207347
891.732852550814 140.83911250931024 219.87710656890525
1106.9851925476303 1429.9834270417984 1375.8976806135945
1789.3653388654168 675.625575222071 986.5889958455849
198.80206862957039 1697.4636781279116 204.92396475029162
332.0553715589234 1360.7446939584227 466.141226445779
1388.4213944045955 57.74137349315378 334.4051593054167
704.6068577083802 404.3508922200432 277.98819467714526
1304.1742850446317 1862.7526188205532 439.8436779707917
539.2021879661133 1251.2574076231667 503.18898016057875
1216.6603974677332 376.3796112716513 448.09512268706874
1740.0017180448579 1816.7206746211048 115.05472427365476
1508.5944583319106 1198.372746064372 572.869571457952
1095.8526054313552 1537.282214403296 1385.7905372186876
1802.7210292536206 1845.6361882298493 175.69578668735952
1052.972429701436 560.5187025254905 1477.4417118420893
1093.4300311571583 1242.645819936807 54.02696283057546
738.9449151159257 1625.9964662538341 109.11337234423473
1468.5899737803643 1729.4055319594122 387.8633348379441
532.8911840663835 1975.4602584828322 257.5010407280029
1006.2243245964131 958.7384846893079 1206.9090376682989
581.1573096769367 1036.1051058793764 1249.50658411248
1673.786480492231 752.0124278591489 1367.5951783257976
1644.871001690163 1275.8104584625173 611.6487336541193
686.2997326378318 1056.5047665826796 1374.364015084694
1802.6714933620508 1628.4446056005195 579.9896375177766
582.0955448443543 1617.731927134193 1374.4370969097602
617.3600487527706 547.7302792030321 533.3301307151568
1138.2585130194445 1575.9534422176696 1079.2548469539502
639.5789177133502 1496.9054530713374 445.6730549749179
346.5366533742118 1679.3961343426447 380.76785115048284
675.9153429001186 1193.9712027555129 1026.565352385609
1782.3111833414337 68.14651267489502 760.4735705548709
1741.3582637795444 1322.5575061437346 154.79021277986445
502.0995082151982 1866.7934394663396 231.20173017682848
1926.524174079076 320.408072169206 77.67156259645446
14.644190922143752 634.1245566738844 827.406346787689
1044.5519992722154 1508.770353261041 168.6136119366291
1923.5750542332487 1350.650435383604 664.8839477335189
730.8066397681001 900.0637369270053 682.4922054129875
1910.9112760976784 613.0721073679481 1467.0561632391566
423.382662235668 1714.9699445026085 531.0057396839888
873.1112632332994 715.0993294024197 489.4620711911467
954.0867829845672 1187.8003744015011 821.256343279687
861.9934133260141 714.9263391488579 1370.903958229093
261.6992348403928 1690.3695705511234 155.57461207355823
1428.194494694269 1750.0792804335947 61.35779351924053
1050.1063761818466 86.81431276115892 1141.0697723469725
627.9143584245006 679.3048829201305 75.6594973087426
226.60028088297923 610.7767168637031 1228.6197149515394
973.4910952987743 1391.917691537511 62.26271064822958
1759.0871459466618 199.07888211920178 167.00092092918985
164.56357814013646 577.0767095838023 1118.6994959361336
1094.911402740731 479.55643885881136 825.4253908259777
995.8521441056722 1736.7237608694095 637.275935680223
587.9289931799101 1068.4364118914789 699.2922879471448
854.9471730679472 1787.1861866591844 1300.1701191024392
1502.7754725715845 1964.0236287797225 1489.969537907103
1028.4978088183059 1919.145787426322 561.5594293493398
439.03909695853406 1451.360371998716 213.6994939251156
476.0113368747616 1188.0140235088174 963.1646419491085
1942.956604547845 1633.8323810385261 945.9400947192803
1496.226235859334 897.8279574767818 1185.7733461275427
789.9275549904734 1006.6523800428879 1436.6875466799984
1888.1095344565556 1217.0997647099534 168.63748428471575
781.1385634953369 698.1020354991155 975.5386532687925
361.6470728655272 19.246924237029006 621.3400595146593
1823.1124112834705 1524.8958537156077 479.69033374345776
1957.3282557422237 1939.1480394790544 280.08802401082295
1834.440221211125 556.195225026898 109.073625910042
281.57069082214605 1620.446739485119 742.3608484816002
850.8898040079722 1606.7629120749052 402.0225648398936
1716.9705938408863 1023.2736586873569 223.68435211505772
287.8353293696605 1178.4577325644846 1034.3301213259062
1745.8745303572707 863.7612906688777 998.6913921814754
108.27318038072065 1609.1610467130658 19.15502942677977
161.74389363474063 1260.9925524205623 550.2489402946544
751.681686776368 285.60280973038846 228.37810558012904
1577.9029734837168 1684.7299274750842 930.9138997477061
1898.533286841811 1256.4310862060024 348.96733460823606
1281.4531824996036 1425.6677412705446 1432.0970798924627
379.3527703216344 1769.8281043711047 535.9356242574577
1545.5497033139177 805.8631744447773 1326.0199794992127
1950.7187564791896 66.851259598941 974.1141272852136
931.6492369066418 1886.2872337455253 828.1422441491346
494.97692659141967 802.2322836978065 1185.3625735039902
1621.2822694286308 985.7885930450047 616.6456568609976
627.0166405610986 523.0815844526746 329.30195676286894
787.9732513594175 1617.1270112593097 375.89869938182954
829.7451335972687 1813.3920402003046 1247.439473830957
1120.8039003523068 25.05624337529211 1154.863622780834
389.4740754815646 473.2983261737986 1037.271576822114
1092.1841196494775 1608.2594411023613 748.2149997984832
1791.881370115566 199.16224215561562 1239.2246130818617
1463.7560067082586 924.2900923816 1314.055398883853
1223.046232415061 473.6223271537061 534.9853255071304
531.7304126840531 1921.7315049560955 375.7651002935027
1399.8479288928002 1062.5975646872146 1468.0461860442829
1190.982813783871 757.5522283092939 890.7834538766367
620.0972838056794 1305.0994358377961 995.2101806558045
634.6641918411104 778.4863599914587 91.59764009479582
1857.7676373210859 1377.6723082958304 477.48938649629895
1371.0324708479886 1297.1538869205576 461.72528045752847
374.22492888272154 1431.5504012398749 224.01647049297878
1560.7031982537217 219.4057707747894 227.18661545706513
1851.0620761816242 1407.0246529166839 506.800135960671
1954.4833353514919 1966.9883909952111 37.21621652505836
782.0493043415175 133.29542882697342 236.92008065481753
1368.7546778307276 1883.439644665954 775.1487405645213
1055.6869324980719 1973.5521345977422 179.79195387885565
489.5745799057043 1690.924728166502 1420.482312806866
1809.4156988035668 10.013770272520706 1116.501890749404
493.56546701187057 838.7784045403567 1456.0385633863589
1392.1157252975781 1196.5615591385617 1193.349954681525
841.6359102213434 1491.4151009825807 679.7300313098218
1552.754517598024 431.82554926575654 665.1175713421546
1687.7399008422676 633.979667280744 864.3644730436513
1388.254307965877 1091.259878181544 830.3719899620904
304.1135063594866 21.48401096087804 409.23112901541344
353.507126932707 1198.5643831331495 682.8815442182947
930.2107538038895 1941.1739392294576 1209.400416677966
1508.2250350444642 1370.0388668689923 2.1820530060899235
1610.2847532493688 1967.2246019778088 303.9953340683974
1701.121781739951 509.38690088567864 332.5941626359975
384.50559424925723 165.6901697506068 254.29600686051091
724.5763599988176 606.0585982484598 702.0240964737178
550.3091827062259 659.29271706195 1192.2270059769148
54.19436565845026 1120.1061018536398 1445.9766622743743
705.0575504384511 1249.1296993004837 1157.162100563237
1952.9466323924873 970.7177467411725 1302.7817846959558
856.1367229943227 403.33109720881157 448.56254802328516
500.4397086714738 1417.9474273261571 78.38220684925473
1863.7801190056525 856.2593760594137 517.2971141201162
1759.9414034259585 830.6298907017407 250.11677335141823
1340.4188017158122 967.274926430795 79.60051389325102
754.4092360292656 130.08383385015932 574.6906138961122
236.2048227887663 330.6431238415757 313.4660252364456
264.36802638721036 286.9036925648281 1277.4628645517691
1189.720831010099 1243.7617208680815 433.61052767559
1278.9282663371366 356.5212652202341 318.7557245864499
969.6884628348568 495.16095759391555 668.7633071431496
1169.1785631343982 146.00682411396005 1234.5437315403415
593.4572604440775 1498.791580535656 971.0478365324277
1574.689179518741 1406.9381562562146 333.3579543144825
1761.119585201436 1831.2158273033651 1369.6010666372783
1717.5248644202998 1599.5705070417455 1222.3669330729508
751.1952867125915 1293.2002509149709 11.98076372014334
295.57870888816586 114.49870716042332 672.3431742067074
70.02658742418943 572.3924378970917 1293.8298495672
868.7242975632994 1383.7204950611865 653.408473752928
1291.6756167251137 374.32397132250685 714.0167346321448
320.4983113826603 196.21286308439488 1162.331547999996
136.16244296954338 1684.9300470244266 1018.5459789878637
1282.0364637354212 958.3258335883229 420.71087986329593
1782.7768738728878 1773.9750477670527 1390.353050024852
1688.6624110568207 146.50770598661978 725.2108784364998
1699.7304894400568 850.1445728021429 895.6948911398247
889.3419447079162 200.65226068465324 1195.8816123562065
285.26650732835026 1928.5799210446482 354.7345756338161
1389.9199879672733 802.4793440434197 33.255113604130806
276.2239016156425 9.219587949668373 158.27586659105347
1404.0948373538158 1194.9085758946553 952.6167996570649
153.4804259405922 505.07616702093895 1189.345247379396
1072.2873295551121 1534.9172005674202 336.5905142315788
1287.4220460341191 146.83053325444328 1286.4286400640092
1568.7624686406082 1074.6187681013794 1272.172361222419
835.8455485784493 1948.7914009049507 1200.4728705965217
1227.9288764163332 1000.9646033518527 49.261444998638716
1120.6658556037942 1302.443126074124 641.462229690255
930.81915645124 1930.0993038817778 1495.72324506146
653.0566734740315 352.20316335705036 871.2591506082392
1169.2274923935367 1465.475361117181 1386.5146169984002
1433.0062801836323 19.39752994362287 878.6043646505942
280.39692888906353 26.705058007169935 82.64658027874088
1787.228316574848 124.61411230554643 741.1463117311688
1693.0232829706931 541.542643471786 178.9552578932737
764.5727631298298 1336.6463008148671 298.74803442473285
1546.5690082775216 1432.573392329435 910.7651152116792
651.2348675475741 1967.4530557208482 22.34417127030014
1239.9580030610396 1634.519765974808 1291.7534920667993
328.4930892943243 550.8866086262403 376.8827417751446
53.7318056679974 1200.1580049533306 1357.675104618172
1405.4192587886184 582.6914911772399 590.1713394925773
1528.3072434255039 1037.1992495484487 1341.2151024458751
1089.958432924411 1248.8027398229576 988.6738934644054
769.868309428387 845.4225618266476 1414.7679324572678
1660.7065208973177 1973.9968868070619 1179.587999472992
1568.490414600125 1492.2199590370108 412.372404400143
458.95496994188665 1601.8181359482442 147.37744812391236
1382.9579337790972 1558.1245760661006 101.52916743716884
1076.0608249164748 1809.2739432924586 427.7448297342855
993.71609814864 631.4226984719191 879.2795728490886
335.0921943635479 1815.89657594494 1097.3455792539135
282.9970310651173 108.60255335843271 542.2935747130804
1399.5390808844008 309.4057565935264 302.9678599797917
647.2316550452457 1470.0945418304782 1195.860389779814
1962.6533130787468 48.17169754355821 1412.3384628062245
435.76385432953504 1856.3037329127924 329.0133308332688
1049.4021696437233 1254.2965106954118 874.2858216582215
1356.7819544881138 917.409000657962 1304.2976663453528
990.5115078205575 881.5523949189281 136.05009322885215
1821.0832543262284 528.0978295058585 1394.9788496130009
937.051527147984 89.32795830622608 721.9062320742296
1705.651957779671 1389.567096961001 46.5754709697021
1148.8908369898597 745.1667619829548 215.60833803991858
1331.355629791848 1733.8029690990074 729.1753582672792
1169.4468175148809 1911.556134860024 220.63999395405688
1969.9710239358674 1670.2483962755275 1312.6449036729045
315.29134106341706 1569.0352407880678 342.3892792984576
1279.7085288810708 623.77871648681 298.343664825851
510.1496166923214 11.489126724556042 1483.1521916527074
1698.7559005714318 1213.5858574716572 744.0028529084507
962.4122730310492 347.4445580119809 232.38937340716103
460.8446046504131 90.09648933822922 928.5997522388399
148.4728453685471 1222.33111265454 786.5472996119781
1381.971715615708 738.4838950077011 787.3293408298169
270.82367458670495 1915.1564986259268 1147.7515623798322
274.7902383939431 1834.4472582868864 303.5344267039215
475.00227889885326 1097.772639085312 443.8483865532639
719.3144750501268 1505.5517859100578 372.059014349554
662.7103613851313 369.45832634576846 695.1325237303704
1805.8777283391626 1270.57745177112 356.02586251014975
61.30485687236376 111.94269506443688 352.51171696827777
66.50532156693623 245.94171653405363 1406.3408257846513
1711.9771667217808 1644.7631148240625 448.8992170154685
1269.2240579301968 1627.7229596540144 95.29404986820988
1822.417314224707 1499.9591309929142 629.4695460818623
256.50693931858416 464.41430781973736 1075.4425023046906
1651.1673232160329 1364.7768372885719 1094.5137165490119
1514.2079936066582 270.7151914107748 117.13114466067421
1108.3347796602434 416.3539483449963 631.4436739324158
351.8791642469599 1471.2777083304838 1375.8773220477062
1309.8078963141713 990.4346085840288 153.00801287016918
697.7089125966094 687.9036971332422 157.4034767305731
310.1998734524225 1379.2313255180495 904.2036010052067
781.7654391044974 18.815599491934123 69.71789062911982
357.9541643256796 1298.9459170695752 562.1314191157072
1438.68229778591 449.43673630074966 949.7477943319383
888.9881714504397 1045.2380854527178 1170.809236363576
197.45891905794656 779.2465839880365 563.0196123217394
774.4923108785014 1708.1023772465874 424.3235137288464
295.92254802326033 235.14134347109962 1470.5421606088184
998.0473006920365 581.5690891891105 690.6953633977005
390.63237091670567 1514.1989515718988 1468.8727567054286
1437.8058052501233 690.2265533897811 275.8366422197682
367.8599465487229 842.2235002526357 645.7591197031765
1462.3666264961134 1852.1419917014205 976.493897186059
162.86657630298373 256.8938810506756 948.3855996213781
285.0977054109649 629.9997871002887 1094.2585183025012
1741.8956438960697 1039.2205572188673 1098.8834107140892
1265.897327663696 628.336433654662 353.76503426661
1626.6882973959114 1010.5073105810525 997.2109460401063
1055.726899321778 931.1418904187183 1166.242870986201
597.7988959799252 1143.2619109997254 546.2186809691285
557.270023991312 561.2567654489982 693.0628305087027
1481.4869208947152 311.7643154416001 1337.1333470476156
170.3690580145618 1375.7114230796267 1300.537279592118
806.7099866742764 1585.356143232527 570.3603031993067
76.38180791493076 433.2015759982191 35.18547067865524
290.3062804500065 1962.7478436713006 1050.9167427716623
480.3711959207548 1607.8990575524924 714.1083851804924
927.2794069551921 838.2501415850026 301.90426152358157
1941.5598091754332 349.61889407076495 546.4422352740296
614.2752610747939 1755.57295830467 906.0132033650971
898.6195177767511 870.1587094094285 1158.0822662110481
1058.849771073461 1253.277608077089 803.3689513825799
422.34972269708805 839.3200686260078 595.9079150383122
347.416659973673 906.3117188270853 1057.7222736486372
1992.6571014302967 124.95952975164771 258.3010397376632
145.1167606939674 522.592386052088 1311.780646908453
1974.2808962514632 727.6699636299109 500.3053018686716
896.1271546648908 1821.7332531087916 653.6792905300478
645.6697673627294 625.1104959597533 830.0508884050867
1388.742095169972 772.7493150984254 904.4095174227427
511.81187176231657 1534.5559501093967 708.68842410645
31.58004295813477 1055.6899436730487 980.3420726432614
1955.7892352578533 1762.0225847117965 1250.9643553337546
670.5312036467723 433.0045846160706 1474.9796191189594
778.9520359824118 574.2877719686475 1369.0425757509704
191.8560708488859 542.9256760578301 1040.1630062068612
957.4500764834393 1670.6647511526837 1155.868860603798
823.4519648152059 811.3963940896878 1021.8384843236912
1010.4673383160809 854.8343590418857 493.34506083249295
64.36049471437167 1546.1242947333035 1394.9607804067532
1423.7882666667642 1882.5660572774 864.1603017681537
1681.4095025238435 1170.4665787477036 528.0110299639354
1883.7667997870963 515.7958775994065 809.4707638280067
1986.3934497628632 759.6695623333807 1449.4130087120463
120.1862616963747 1407.1514048892054 837.9171273277257
1539.4457908225008 343.5230163453804 1395.8174839370317
1172.5667269224439 615.9763092494654 1215.2306229740182
569.7358107680095 1254.2835308124352 67.55514616083319
181.42704541991694 1296.3596047772826 1405.589237269389
614.1887218143133 1199.9256462927883 1172.2050007059217
1919.259099232566 1914.200723957873 635.6201300099772
771.3558824647193 1154.2485794819524 251.78439545941856
812.9387401224075 287.3459436433656 178.2281316133793
325.67279113306057 1716.0106548941849 435.9095677957058
117.85776070000354 1803.3506547698096 1401.599170648588
1575.4164274668888 1693.4484965747865 420.0696295791575
1617.9836792406215 1149.3999373978322 185.2867168733025
289.86641646119836 1790.425316818458 278.8547130567255
522.0900689568211 1779.720499206765 1462.1998048491678
55.61176835321202 99.22148084005977 350.1485029758183
1061.2110622544292 1851.877857083519 334.39495716197666
249.71191261326186 565.1838227522235 1464.7688911457024
14.460368308909288 978.6691573799053 172.37643241084945
1335.0779465223106 1585.9601672355336 1031.9933053983068
155.55811472256264 1514.9324047406053 1382.4966227517746
193.9174859487236 620.8918151339195 620.322734877992
1614.6980068516066 1419.2144348596491 381.88383973188803
989.2909018083635 539.3922127376101 881.2202677523669
1270.8130556837098 897.7611665129128 400.03368049198247
1267.999716835177 797.6958195144521 554.7612441882658
1983.4301270769688 1386.6329729373274 771.4837072733463
808.5384157955198 1732.0945128920364 114.01920749469402
56.687912827451555 1687.5149322789077 1405.2159099389712
816.7590493308974 1230.3687283143477 995.0057946951484
1031.430074718468 15.185296820462657 214.5214799047136
910.8042190172027 398.9446436392925 760.4552993003011
666.71239547035 197.5851216182034 1258.764648100058
204.20110352713584 1615.158768307152 321.69036312629635
44.81306678154806 1730.691946793199 952.7624192406797
102.68948778806464 1358.002515279147 416.6268637330193
1930.0757088932628 10.395063234486468 1031.718111966915
585.6347751582482 258.50433337461067 955.040934812248
1107.2170851139872 283.1289910911574 854.0373462835073
1100.6596515999963 1385.283645314382 457.3608236897109
858.5192170453508 689.0181093570246 1281.999484538372
1028.5459480107158 1384.2566803508907 1109.0083948976144
1101.1578657654252 1488.628528921176 937.9259177729847
122.72205736378572 1290.097507312207 882.2366325858471
262.49542280929705 1996.492727560899 304.0277519400407
1006.5505795103886 1256.034305604506 182.44179263510236
1421.5385501383748 948.0760978786968 400.04438653172537
1167.4165078801961 123.96350856939797 458.9608909294565
459.1456869239967 1979.0867790545265 1226.2106780375136
1012.1611141570714 624.7155858808886 1494.0941340589018
731.964717578882 1120.5588026713926 634.4497493314293
1694.9163533848102 1406.9746650711431 850.0272594058166
972.2034739033026 1965.3372085568797 681.7917220584227
1113.6516627757746 441.8697453009248 646.0395578341137
157.37616502606966 733.5809493756065 1013.9938430139786
1080.7289114288828 873.1720555325768 1024.0533134269701
375.8496511229636 837.3014675115942 301.2908052473728
1464.9494047372423 203.54337519878675 778.1823423525162
155.11743998232453 1225.1398922572114 112.07022933090438
903.6617055149361 1978.316210230988 493.5370389926141
507.4792784826314 758.1236789683301 1427.1228019670625
1777.3766146280684 895.9801093401946 904.5333998995486
1055.618739123553 1941.6431568459618 786.9621080526366
1537.7922912057695 303.598467972654 1043.3377858333272
1723.8819950358131 459.759626442753 639.5326412255879
413.3643499112776 840.3676764773662 1254.833977457935
143.67577348888338 1346.823240302306 1359.8317949618204
1074.5174897847396 1974.6541162003891 1401.2587684369666
846.1373111005826 468.447828705749 66.46386178406843
83.90432500199464 1902.351210331541 12.563216664375377
1547.0105388759534 1299.875605527167 477.9490093421359
48.033867058379755 1069.9473166291807 1284.0979560771125
704.1682474774789 1506.0590473804696 1067.3564532369116
1365.9832180228132 681.9812795838678 1097.1473987651857
92.93911590235604 161.58274999284416 329.75041786214854
801.3960953778832 149.7809135327679 1017.5539036123722
821.953257226103 1748.0942497947706 23.822605746856297
1973.5982473974643 384.86333806521776 389.9202358548643
1576.601569918383 1984.9627361164094 1000.1396792058293
117.37079032841935 254.65838216074 952.4097593126862
1799.2589322574754 1220.7313346570247 322.01710615066565
346.2141658777702 566.91181186925 1453.7322186961771
922.8965758465762 1691.1165520626057 1479.5223464244123
1332.5183474352302 1917.8987253582677 189.20995904326372
644.859983629736 826.4864329010087 701.3149385630556
81.23113693563243 144.27826147278222 776.3609881312887
1821.0322213453699 1603.2970539429277 698.4024242801402
854.7714499601977 1859.403857958373 541.2269543775851
1973.5037126927768 1105.5635760036685 307.9498020720832
453.2093666827419 1870.2919319389391 508.21525021064645
1376.7430151587125 780.2342159868836 242.7474158434705
106.71898372577537 289.2338041645841 800.9298229356764
1216.2837136813243 567.9860044748641 373.1409281296574
146.6653405269318 1666.4061309856443 1111.5036268388158
1610.531824792469 1287.1130727565899 1232.4535867543048
1656.170359456242 1732.1048273074298 664.9635315916317
778.9906320595827 1290.912098843258 714.4873765608055
847.9315932499638 1914.4460522906263 857.6145534520826
1183.2317049825544 1729.1916851964595 755.6148570528976
1291.1702235991286 906.3119555843673 21.71293905940669
142.633193375574 1744.798248166873 727.2893881442158
1431.432994447195 666.0386757702745 965.6753196103566
1761.2697385662188 206.17398653460884 148.19527585965542
727.1751164636327 760.1751557858507 78.33401797238038
1543.7854354917217 781.1762222491026 1462.5711266888939
1237.6481164689244 1917.5782035764325 609.8389101058075
117.18675993419936 894.4240354204215 630.740565601729
239.80226888622892 1256.0335982887561 442.0230302505754
236.4717600245032 700.6574922280771 375.993123324573
1305.105150634115 755.3301685852432 248.51324041320493
927.1211037751375 62.01696625806652 782.3023444812216
679.7677324573515 1793.7551254660164 1486.1685736851173
1251.3966250833591 474.3194326357827 926.5453846720695
12.591372265914336 1230.6786441085292 1491.5103904447158
367.1245539695709 895.1836341360433 789.9273498602735
517.0609867045699 292.64089380294547 51.874517485554215
366.78816140281947 1444.9523935445518 873.0449017132273
1066.4906650444048 492.6941394189199 1308.7873780947643
337.7426673759205 727.65064863923 1137.9423923261704
1660.9806418711623 1989.715329382202 879.8300077026009
1526.8014924480487 217.75716538344602 376.07147113253563
1984.2162070194258 1838.5785171053765 672.707012765306
410.2799059192519 431.51155935941546 987.810093382607
1043.889558854474 1485.3065198603786 1249.1858303332044
1150.6448252522923 1617.359322499285 558.1266682627654
543.2714071833351 282.06873789201813 801.0512784006132
1149.7045766649294 272.63509874543 1099.5607258098694
933.2728194231283 544.9808696150416 1179.2965029259444
1666.2044994490611 414.3951074396357 328.74498238556646
681.1938802368671 427.8724510775025 985.689752542835
1360.5808541914141 110.33159456385233 679.203159917322
1706.4999536618486 1402.349124189204 850.6435766217114
1763.1305424166906 549.5014797493311 371.0560960006109
736.617405695895 111.0653801027115 197.4436223796992
325.799121817864 1620.6183538330436 1191.8519731232045
615.1865726165082 841.8908492273396 669.611138691929
672.4332620752085 1623.563972999824 340.2078965726992
410.8644178015273 1060.5024535134903 75.95050828619459
1362.4392905219931 512.8044292257576 310.9309647720462
1187.3965833667162 1952.9641474003256 1331.9453256566196
1139.2388613878068 334.53109692680783 444.8571996448766
1507.5777205942247 185.3083157690194 738.7869196432301
1351.87202955873 213.2287177791834 440.3218725397134
1488.5540464145024 489.256179071665 1483.5148641059693
1859.1169461420975 1723.4364583925355 747.1105767485167
614.2431237094561 1683.9474317315896 1490.0631347838837
1369.1616129834467 1806.9455937587807 498.7101301187379
1353.7181466703878 1518.6280746130117 898.1627777096136
1051.3466014037529 1256.4105692817568 573.7624612855989
582.3626773202699 1045.9343032674844 847.2737087570166
1466.8386979787658 157.49534690941337 1483.768763601711
1627.5338024579294 1965.7043964377267 1372.1830593089476
354.26499418717674 376.6029318400477 196.46315742338118
769.5606633807264 1402.5834691085406 256.2794505399438
961.0016804564101 379.3771359563245 323.7626061783082
1523.2832824890143 1538.5487566635222 111.29707201128208
862.8964227992095 234.5234490923116 840.9154495550825
208.07921990865475 1834.9942586849502 1298.5857966739063
52.998500938562955 1675.295798978633 444.9016724860934
1676.9093564075642 1644.1235434991806 797.2302409765148
186.40924006834103 472.89583938893065 940.4780554133258
689.5503086843684 239.951379511945 467.3051929553301
1020.6747403516777 542.0622101785449 311.614401614851
336.2676687848609 745.3633723683968 762.8589844869856
149.19208557361708 571.5431306997707 13.334488935459078
223.5916560764779 74.04214365018657 1145.545443125686
1612.9518561139485 1601.51888000628 470.6389118431606
207.13784140822634 1956.489620466575 719.9539048375916
1647.8148270257989 835.592078145711 9.71975397297664
1521.782110453821 1314.9396784215667 1123.9784862954923
26.57146529344412 594.3614509433141 193.90367296689593
1413.2102689484204 979.2337934761385 91.08330174203677
86.57310863648182 799.967205337524 920.2540575639309
1150.7905706998495 587.8906273144597 1088.6264831474505
724.4729918017437 954.9636191598561 376.3669063000373
1742.472969907468 801.1305688403189 594.759843787038
422.6370171966722 1873.9447024122792 546.1872080046819
320.1715682589463 1849.094974447444 1285.009042390677
46.03265228473741 1068.6938430112812 1017.6206398164173
1921.7097152318986 1590.8619840804613 894.0901573653391
1704.3175178949018 231.73478736533903 915.4702878927537
1952.6390990403968 1187.6214468061194 903.437035545845
594.3794433079781 1597.917414777726 61.52093724004559
1631.7163087783892 1631.1185503046536 857.9274660976218
179.02067095561725 801.9161349827494 324.01673191502726
1098.9258251015967 188.6610558923918 509.47489732751217
1051.8781642006502 515.6192897490415 204.2126554321259
832.5945337484321 409.37686613956737 488.27159655941364
485.1717021470188 1729.314230184129 543.046734611575
1828.3735815972777 1804.4649020371114 1100.8890566288044
1583.475070866767 39.69406051280422 1373.460481330246
1919.2445109388673 714.854051442327 832.45015383371
622.8985637173752 1148.2588977179526 245.79476953651093
482.7821306905882 1867.183276121807 1344.2372978535666
1620.3873610216974 1785.3366234482282 579.2332166169472
943.6164902460536 1257.3774507562862 1207.053984204535
1628.5238472754513 259.92733706469085 786.9691887686198
1039.9601101537992 39.63343538580166 452.88129222998
1472.0430755108307 1439.629837327795 295.7086758054451
856.1415539657131 109.37169194630214 127.11204136197335
1352.5738045279893 693.4136902324713 366.9497488167525
1835.4976649173898 1257.6925772205504 823.7499873792178
1242.3434632704907 22.17969544206011 812.5700984575101
1661.5790515242593 1018.6377024402702 310.42980857795794
867.6076801782755 1503.0978524425893 635.8993095769928
721.3784428847752 1710.4556523699698 33.75838546398396
1855.1116381103154 1352.1497060678819 1009.1871080833017
1477.684841384637 637.4334319819872 1161.1829248481465
1836.6431306741374 748.8017933171296 1474.557345950546
1746.579781364759 1038.2311831446293 462.6256194033396
1279.7053111493192 69.40892813333943 909.4347267638726
715.5948373561782 460.7819242800451 700.8839681986036
770.3721827520192 833.769533336112 149.4209414524232
85.34815074105029 358.29233819703666 802.5779621128448
1738.5129523631886 359.1135312213183 349.8193035678348
1340.8122771584988 54.973486106649986 65.12664430298992
1751.8612790249533 90.12570342029113 1491.6267608486728
334.28817728158936 111.13078206113624 1007.9176924370007
1523.5117371577924 367.9517049355296 685.9362150015703
1698.1658833543538 431.2499537170975 986.2306762721603
545.1138823257071 1262.4790236345855 1178.5850174164752
122.26184161707442 373.85499342590543 1066.0827277207484
57.43894832388041 1973.475220533338 38.563200185310066
952.7234469163575 163.55658628462112 1069.7169402249108
1994.8352060454936 557.5012141913907 436.77851502633035
920.1719729090244 431.9899381497523 460.0410860800561
81.38524375972023 486.0610014632076 1457.437156202767
1162.2324292058486 1000.039592729308 523.4761875248345
522.2179809851198 1007.6277730604018 894.6839335607872
321.15822654359147 1372.2438100054821 506.72814278452944
85.22152655745651 1326.9387602807515 885.8629859889245
646.9182194884075 1462.913722079445 513.9023352439219
835.8587205539555 1984.7219241793446 845.2177014746509
213.46584059064267 1308.4628453578032 1369.1890259567604
1586.5022755693815 574.5735362587569 402.60574756216647
1209.296179541566 640.2007734012471 176.8679831102636
535.7695419346287 1631.6033159576455 1076.8528598776777
1468.5265137932872 1835.7322011586255 843.5793081417019
1436.8833228666679 367.45056340666673 1367.4125744479575
575.078221573061 1195.342405149058 155.46864886770595
523.2025656069632 840.6226526772991 575.8302402677709
1484.1065578457574 441.8757658892094 22.843884498603696
997.0063080899943 1272.761885937694 944.6114024107703
849.2698694209353 1576.6784251106383 1382.198760849881
1882.1221343808083 1645.2265599383263 840.7474793331855
875.3779911703115 1038.9405817833951 1330.9371665534177
977.742919990933 274.95174440385273 346.86204807904585
1708.0259211878729 786.6587512187575 21.810022740657686
1342.4998658838726 225.8875968223981 523.6169276387083
156.70108036178698 471.49598302880145 974.3393879324473
316.5630933271417 1266.783357273502 770.3305461080834
165.895817084448 225.40548308263487 788.3268078339125
1087.2172731574292 1148.3656256621045 1294.7603133175767
1020.9529490742317 923.7977030514639 1041.3195748437884
14.714243040371944 436.40131339501266 241.79810260402036
1984.7891871573077 638.8808407148381 1022.3082256446289
30.481282242702747 658.3408629934266 969.9571715628629
1016.3731901124686 1183.6841852456919 1361.539340795744
1683.2464806510552 804.6050699889207 1021.769640508104
94.73842332490334 314.3694754684017 1243.4997896629066
597.7920707876905 388.2827568105649 242.63737643839056
797.2414917804862 1321.001668316789 998.09087375394
1999.489617343638 597.5227651047204 186.51501014501886
1913.9804968300632 173.26391604086754 1249.2153181273177
1803.6752911518818 1655.7496263622618 982.2105995083606
1504.3956222089816 107.67217633496573 43.16235096383675
1926.431762161651 197.35897118942236 808.1995348488236
1733.9462780317826 21.883986322549063 504.99807193115606
160.38553772350016 1275.9079246718368 759.0568549218808
397.3984423524128 728.0590988736013 1101.6246357180992
332.4504066705043 976.9418567957291 645.3702326782421
523.6523086176967 1581.7154426753093 1460.0459373942342
105.85072305595867 1289.734415154322 1432.8103438533442
1110.9557756445465 583.2392403839282 457.9637109523833
1213.6836730648238 1619.9535021753063 285.25910366134485
162.06793262429176 1222.171712773877 444.29555455653684
1332.7993784214125 429.2357775378419 1230.6083188149623
1575.8383376882648 746.9688223985296 962.2614027431258
1347.2647607052345 1595.8201236952275 674.1511314375281
107.94142513821781 1055.3140599454382 776.1714757699286
1613.0717084026112 1341.7380247864055 1464.165797157272
730.2044071254081 1733.6442697929867 223.41724221325853
1527.614576872068 1141.429383049593 1237.8174085500475
323.3782486422867 4.5504997095551225 947.3926210641732
1857.2049676382458 102.57512865963103 806.2669079099317
695.7664510843969 1354.213774508729 911.1200173595254
1183.6567492546133 422.8397343206487 17.615004335402197
457.44325119632936 1881.2084714761681 321.8830268646412
1921.9502667428553 856.3105159835078 1329.5056076254318
1120.8220221729653 1227.717789676413 172.52917043881095
1195.8522163562543 669.7641091628748 641.618302669171
1687.7377745018564 517.2751231020458 380.5476916294613
1002.2602378301519 1113.505892336227 541.5311486969923
1493.9994690426397 1114.5530041935078 1284.1324752028765
247.89391513394366 1663.316083186154 294.25796706050807
1265.037394606887 203.79734135241523 361.2600990923296
851.6468938507917 838.5672680201824 1148.7812834163178
101.71618757432954 501.6164869664099 168.90061372044102
834.2743935965891 1576.8923438313175 504.9985997577254
1405.2186716270285 197.650363733463 1033.7462544094628
1578.5140914083038 1829.7483002705724 681.336256843576
1851.2105590641568 1468.4643230772615 478.68820381186697
622.5040247888147 1012.1332965786692 645.0228837519659
218.34056611198815 1660.1363178759593 738.937911729442
1902.7361755655645 189.71007100956317 1213.7335099375205
1200.7331371842722 1286.0965505732631 436.5705812825684
1343.6329523852512 1199.941519920556 622.7349250776759
1622.7493968052406 1324.537607153238 1086.0588053797233
1773.947553021235 1399.1150859864752 136.00902484177175
890.2781285034596 293.9936445318214 80.18773618047392
144.0448001493697 236.7366383394134 697.1697608635685
1838.4522893569683 1683.1080408142338 875.0100098510695
1966.401363569114 1959.3764420130308 1153.8829622563153
1416.559294310397 4.659799055257485 341.71618463978785
224.2986792425392 1927.313755954751 1475.633207717531
1844.5085326720364 344.8042857936862 488.97530028855715
693.9885869913252 1917.0110973870892 970.2544882118874
898.6686406400975 1989.4436971603634 582.8251867026775
538.2439262134744 972.6647955577874 195.07095940293124
1163.0169052531755 735.8910926582047 462.4244563312367
1202.8067279992715 807.7217747512864 1046.8988438187778
502.450844489122 1256.3795738644317 206.64723024785792
1827.7954987359335 1514.658403358614 220.43911662707183
1840.5621333874901 1646.173533320357 244.17395842223806
202.69472456322802 1289.5267478600601 1049.0695655148816
705.0954968240466 1951.0256217175584 560.0162572482582
1135.217661632105 550.5045727859117 348.005441676581
1298.8216948452002 1512.706392919365 1225.225794347474
852.7842829439473 560.8264998300546 1151.0800159570135
957.0139592064644 131.17298624909623 411.5858202830505
532.4956617382983 1775.4785179922385 1168.7467259333837
1374.2478292771905 1167.9754282447682 414.1790185832462
956.8003959843126 1768.5897215246828 98.1110260791927
779.0349216397627 365.79603970504104 10.072887081504057
1945.093315253383 784.4324989080383 781.6504324999877
1857.4166512641482 138.40283766709248 1304.6036559868573
528.5747256506824 1461.8468249496248 432.663543788306
363.58669924772613 348.0648388507663 1364.9641585784132
156.6918002543205 1336.294350375293 606.22280272335
72.32786111469136 794.5827256553669 1484.4247821835572
303.998373872314 1163.9358751925859 849.4270668845755
567.4738844880538 509.7738835195966 690.8532426462014
980.5329087202329 1553.4192109308892 1194.9956110628698
187.34937653685125 1937.687337588152 1229.3630398357186
4.7043231391121765 1765.1910742432378 1033.7875493287393
186.62758900219245 1579.44311017889 374.03838453593016
724.7729537630503 1302.808016578771 315.7054615284344
1855.5328024903256 1405.4948367658349 1141.4909368006574
71.87075663546084 1912.4650272007284 884.3044378427643
1572.7127198104079 357.3670281916235 432.43370183922667
355.9731464541174 1149.6777122011606 15.583022471326036
856.644349631148 721.8155209385728 1123.53542376815
42.926203185127854 1110.7919366456479 1206.154862631065
244.02122179453744 1205.7261109692754 976.732162275149
1124.8695810615914 204.60238092607574 1453.9157354291765
623.4810238588007 1470.1514450832567 796.4585310125866
15.287538099050257 1810.987587505897 336.72958568471
1278.926539595826 1007.8498794502146 626.3386472863318
485.38211365856057 946.4669537389876 167.79645408413873
1443.3186035845554 206.75474839885212 490.5543112908914
68.01153412057536 1334.1585694306862 8.876708943306888
758.6878555755836 1240.7131650174533 782.9036325412088
389.032713280532 1619.5658608695803 691.9367931918132
1849.4247974528191 518.7587890225467 1105.537669458123
1605.3929611396309 891.8547713966949 1346.2614753498267
584.7291805009087 1139.001774937753 621.4705590053455
664.7972482200108 528.9752761355464 739.1800377265278
1698.4114357511598 201.34185870721643 734.9898294836362
1325.7591666247674 1815.238390741523 873.2760181039929
1323.4823930895298 778.0923570513512 355.94462818211207
819.9597659259183 286.3601364668349 1188.9960886026095
573.9447724087792 1346.9848236273272 1058.202752770194
1597.3767642206983 905.5818904458501 1211.7752583360887
744.2700211365874 1641.71531842907 200.36394661618516
1238.7984174586786 858.9488748673743 1259.5994544826203
1017.749926788722 1552.4081380671253 79.18053417976355
644.154888832152 648.7423164926867 783.9906116308597
1861.551132104443 835.8663088652596 952.6664627638456
657.3713348441255 1595.8597347134387 1240.589139620552
795.0298204792323 211.63595201155738 263.6274587289479
511.74811053521665 444.7181724416298 1438.10632321259
1605.6373646256143 1551.9826455195705 302.0943390852131
547.6721750737994 965.1437928655084 1369.464521569701
18.832042654952417 750.5978304767071 1120.2689116016008
99.21291979312153 1954.4982410623672 225.72285314192163
348.73548383260754 310.296429438242 357.6001478589112
844.0413106595607 1825.8594749479364 737.70718120799
1032.7225272136845 862.4416598196963 1353.1282644526625
979.8020108026691 951.1248467647893 239.94597962577336
1546.497465045522 493.9461118610091 679.2965348938992
1302.4247545131357 1377.212854263374 585.3012651642439
1968.0979373170967 674.6740842504375 1329.4192655379306
765.4011456787704 1343.5285979781393 949.5016642029183
500.77754376068407 1132.6129647303173 185.7171181629172
1812.3486695420584 1952.5897471218143 591.1964035755586
170.43167642057134 1441.4255914881073 714.407098697586
1957.682369569465 936.9756018379269 579.3686277701488
1972.4941613086023 376.8538794438405 210.961254325238
8.807298770715732 1633.9576477972191 1309.6440895751239
1978.7532688621213 1744.1853245460609 352.9332847955862
1872.0517907549965 1134.4203967347878 985.716759557073
483.57857364131985 142.54305420242795 1080.7094605678496
1708.8774634644778 1430.7549184832628 505.45682717236076
386.3315831003489 1081.4831468992172 430.9564581376828
1162.7201848818306 1758.597540411883 102.07556030871268
693.1369747382403 214.85157228106422 703.448314965538
328.48807008074243 1504.025297988442 120.4580794919592
890.6923084333079 1888.8714635703072 813.9581604665527
206.72250826368943 777.664974611223 30.860933120671895
302.5588099402079 1797.7210048363381 1481.6794516245013
85.52466092067834 1699.0185260316657 1106.4872866302785
532.7260940401293 1011.7327175538977 1079.192093203105
493.67598578123227 1149.9519249700063 91.89676307808303
416.98931623875524 38.327506506108165 478.0124076989248
637.8437427006438 148.7294466410123 128.3826907649319
327.27461438155234 417.0093850470176 793.6370399006883
443.4512564641038 264.77773270620884 1265.4343400982173
298.07781739505845 1518.658727479566 534.4459373308325
1776.0599367426444 976.3611915372405 959.3588455008178
1441.178391977231 939.9275870949513 1426.274660340937
1315.1538018821172 1368.9518823682347 650.2895808218069
1442.0272588732482 1362.170445670501 656.7171737559274
133.4478671949384 1196.60912012957 724.8707195298803
955.6470969000954 211.26359763961244 365.6309373695422
1995.6179256641174 389.2280626117279 1269.9239523450149
401.39782156476224 612.2861955579184 417.10921821368805
916.971796639237 735.4987541348407 1364.615381194837
808.9422870372144 1913.1414855038545 1189.7322371280436
15.936009839926157 258.91466297077704 955.0815742838848
1252.4564336417177 244.86667157508023 467.1318380045371
1433.4096970030762 1030.949135564428 1104.8957009777134
1338.0098310018416 994.385663111714 309.43127034529056
615.9676678676462 1503.0007563097972 254.60086951430299
1305.220672267354 742.3509194352584 1122.8889083940471
1268.7876231127775 1730.9884974865518 445.0959739797598
1001.0910841622677 1828.1340954354305 1428.365025134226
1749.3003996831426 329.59130402879543 151.40022316084378
444.1294636179223 1772.0065096463281 846.2240578438074
421.01359473186494 951.18968253626 900.6018450527332
286.1273624987153 320.4935909099702 496.54536536106644
156.95465481628545 414.3044499134141 1038.1100696947644
1446.5699241490586 1381.4206696473884 1127.0886177744533
1385.6352270993618 270.2874584159567 637.5601300678852
1452.4144197329815 338.54320364764123 859.1871284261953
1883.1147797134038 1682.6111395564799 95.21578860699131
394.8009652613347 761.8351699072707 977.0441571666839
79.46107438371341 353.47693590416276 442.18536788634987
432.14292700186354 636.4674407174205 942.925903005454
1965.1526895374554 823.9362959729068 590.5431942262213
1489.2710510745196 703.4478073716846 878.0218339036202
1822.6333416299951 138.15135947641787 1401.4289392953467
890.5904355713279 853.2174008073796 779.3089945244778
748.8343077426136 842.5677915301533 1281.7043875452887
1110.1546924633697 1060.8098015269827 1033.4298747688895
292.119168171904 192.20706887069338 142.80876451434256
1047.4882821055132 1877.2608450156288 512.5450504518725
1833.2004863362245 1424.0068082311254 247.82416003290862
867.3193234959484 1942.8477596242697 718.9077631214602
712.5228018302491 259.7712851891005 1107.8449936890793
1901.908371594545 808.9312986765782 501.74190227018664
568.769842988837 550.8289940956066 1317.4784313704745
1152.418127673691 653.7548511674629 647.4964783242336
1914.6718362544048 690.0524838727988 512.0972507746823
1784.8626519141583 1806.5439254714775 1095.8783759923215
412.463466346116 1385.667752668248 346.4691308442767
615.8391507532089 1157.8656701170426 328.88139199887877
1767.0898643623468 1921.667655719877 201.1185493372682
1762.720219090779 311.82314098319597 703.322503841988
1897.367775138963 491.6939481939193 1497.0251583642366
1470.5822747541554 188.86085394599505 1411.6639298201312
1991.6625707578687 955.7168571722465 1085.3994816781285
33.13238624585813 1180.5576316879685 231.38418677395524
1079.9722606629134 464.3487406783293 1246.0929103810613
1050.6216329053377 82.88417739793941 342.79180532987874
1586.795227472245 449.5506689734019 1384.4029581529787
381.52663212671365 1693.3260626722574 621.7150648304611
31.40125937606286 1190.27609919913 1382.691400952618
647.2421123191579 251.64476722001217 416.4271003986369
1471.7938241317197 1530.0103362135087 622.8802871269897
1733.5802901752688 54.72885674684225 609.1867987071746
290.1560413581614 425.3675012925278 1079.5890909527775
877.8573729274608 1569.4322760529678 803.0023668785278
278.6463827970538 448.6129218589441 533.695470176591
779.5246271459953 1229.9334310581226 1203.3713818382369
1787.8475771394408 931.1245783231205 354.65779433592195
1942.8594239585047 413.64429645754484 578.5897807829713
356.144387383541 1244.1545105386795 1369.1636778833843
1109.3312791109108 345.7633013223951 157.15192559002827
1945.2901690399865 722.504596894993 477.2748926551629
542.0495339325888 1019.80919970572 1381.0412807322589
790.1480741668154 1920.1900567382195 773.5177452892881
1698.9202672020026 1142.9296951558813 1000.2792668927951
996.0521816539106 1114.5547768799217 1280.015869870188
372.5044415364955 1352.2398455990553 1410.5796778691522
400.1637685675046 505.5873893552831 741.4858873879848
770.9909871788154 1180.242472737106 1271.1096644940637
403.97158153368883 1210.2509936029521 1135.4149183040497
1950.0937414092487 1220.9218780712724 839.6587730851152
321.47870647914266 242.52935939545938 457.46284516271305
1984.3827569048754 646.2396220777154 883.6073518610423
786.1098754935667 650.7876057993162 408.6812910345736
335.58755929701476 1490.135755223297 593.014675033284
761.5660596571558 103.14437682063993 472.78024966609473
1724.4903206226256 1321.864752550017 724.3670429872062
972.827498365793 675.0439233090244 146.7790103306757
700.138096718053 603.1727128261384 741.7290903039265
1688.5859974945358 1190.0359374670948 1083.9706965894695
1874.3002091043165 1329.17020835635 22.931112502107275
1710.159803609108 1992.2186636264194 1396.5883329336943
1125.0644942487759 1091.2412838160049 168.4290371598332
1650.875760384664 1451.2444105326915 834.0092231395837
430.4413894882733 1589.0006514481586 301.8273107504997
1379.8953408681075 32.27093388306335 1279.4295870356793
1748.8594913210088 1833.7876918434204 1069.8210317939827
648.0306988479829 1845.9937219703672 118.47722970825897
256.32355199979463 203.8070890075574 218.48341738180648
1073.548344601962 1747.694576702479 285.98058859983536
1019.5877087982713 1417.7270047085717 771.925510296318
1228.620656166586 41.25496760279934 726.9704698053043
133.13002716771805 1645.8533953675064 438.2416668348015
1293.2188001679745 1976.166299079829 41.62662521880478
1346.5224434647146 647.8996423659394 973.0799149915766
20.07128615590026 1723.0191133498454 568.686810502376
947.7889967919024 310.90575051036006 955.614879318224
135.56033330585905 1770.4255508409474 1008.2727967484192
440.1659494096344 1010.8124925058046 1471.5278754565127
184.56699828680811 195.2474071701622 145.21321668387733
1654.760013258553 490.84541904344724 1179.601249117221
1676.3353785716704 627.5506477717768 757.3760152019448
94.95408563300911 105.09984086793023 920.9315150354739
1677.066222983448 1132.6311192873961 1200.8439017463586
1134.1012268510888 201.09471617580232 875.1004668251016
1920.7945737170141 1203.9450797942638 1410.280275501235
1206.6624829330171 1254.3921553796858 538.1192155483316
197.12263218602132 616.3403675577892 467.79760397371723
1328.788414533888 1761.2227059561167 635.4775848077309
1886.184566216341 1860.7800946979796 714.2568872995566
1978.0744007268586 1085.132965160425 502.411864981208
1748.1913476316493 52.07133569974398 681.3882119657452
1801.2784762263038 1413.8434328862943 1267.3162975163787
1865.8458485769625 156.06828348807312 1490.6827279665558
1253.956445699664 1995.2843326113132 544.8819133931403
1777.5634658414772 1579.2929556574638 1449.267793880662
1036.374560254314 109.63959130242085 553.3054621564531
1899.4326513789451 163.1279959491474 214.36804219429294
1026.4333857242555 677.3365483339961 1042.8840937878047
687.5764675601029 1970.7138442170867 1403.5789422503456
356.30154314014084 1348.3530875161148 615.3526605383355
1691.5694035102874 702.8129774447325 1231.06168841627
979.2619688463049 1816.2036301900785 433.92405335782087
1299.357389991932 413.08018470435195 1261.9049575259178
1716.9929975072837 966.3575731165453 938.5070850196014
933.3250018032642 248.41092731480452 256.3490893225181
1918.9185444551183 608.163297837772 45.36666249919507
1566.2811389618955 1652.4804091559622 1393.6135523138205
1585.0659324009057 159.96314331929517 1082.272261174795
1939.306552926911 911.4067134870487 1203.6585116522033
805.8091852072135 1076.2073001231022 464.4602800804865
1970.8164226622807 1448.8148109983538 1380.0198398971409
970.0699278193975 1877.9917146805963 754.0398003501498
848.2440242095386 1100.62910623523 5.721918591650721
1650.2117116081718 1488.146682663045 407.4236354856361
1050.6642765487945 18.691299755693393 727.2594754655984
220.597687668473 682.9494484486464 416.91579309536434
1848.9832452666333 601.1838254129078 669.2629446199363
998.6687507024617 1664.8213643756408 994.6958886019623
1792.7220443177916 1031.413889666548 425.6056452639887
1372.8690407752192 1468.4182948913613 1308.5329576309337
1384.8058181182328 264.0984483097344 123.93397757564107
1997.9632718661749 1590.8452129397356 535.9037000727983
1221.7361770633217 1720.618840703868 986.1569914747258
96.08350610750117 751.090180805664 877.9646914664843
380.0862900057251 141.31604932072483 902.9038108937687
737.744911048892 1935.5551570080356 865.6220693938217
1874.0419814017785 1513.5793202332338 326.4615524656113
257.7088428618215 1401.3059169643107 154.24075607658128
1689.6847366406284 1520.3154731850802 270.3145358577527
383.3345678876927 559.6529852989702 459.78859721732226
1930.5843735564085 1922.743160956296 1080.1417845117119
179.35552936710297 611.8845813649094 898.1578725578958
869.2097260522163 688.8513114539343 62.84867448896448
1464.4415216289563 581.3183623490696 748.0172110542152
952.4198989263233 1375.131780910149 838.2325358385642
750.5273986589216 1662.3935943549234 1438.9832666306609
954.5780494837619 1663.5729211623557 668.6149764141448
546.188554065252 1247.5469491549957 1141.223770823742
1411.6654147900153 1357.9711760965336 473.40457741220524
528.9722885664825 187.73819110204437 374.9711000704462
1530.048942847452 310.371135496194 415.6494065863488
1350.4280112342014 111.97477543808776 796.9899135585937
935.6789533202378 1297.0355266481845 609.918199138301
192.38994767944928 148.00823331752787 73.56048676877126
538.6038875765282 1664.9603012712273 713.686712826384
851.3573002939521 669.1951077473286 402.4248867894359
425.58898220962084 623.4123734429282 599.9595569856799
1901.8582576658719 1198.9710280925322 1005.838248211794
461.2009403772446 1314.3633288557223 1451.8242328665613
101.67903011258561 1915.2494919696942 915.4511099238921
709.8004389529608 161.81971322242882 545.7827805644298
1383.7994656236335 225.46497954371068 516.87551909896
724.3139876541017 179.30250366472998 413.8555172567126
1454.7297514953816 1212.9532213665166 29.64517770885866
281.15891315680443 748.7341553048494 1496.203159541759
663.9781584308627 1256.522287259036 1000.3778334626135
819.8599017677972 1064.758779403583 1141.1465120834973
1312.3159387915068 308.82708482098354 662.9794570007982
1166.7748179906575 25.52058258666201 1094.5198088365719
1428.1725598853445 1492.1681398020883 984.8443847944183
1432.906927667634 438.0278263074058 416.7289429366231
305.838658259304 1273.1510590823395 344.71941442480716
1875.028801941899 429.92655756474085 1425.9384700520538
803.8891695830264 1964.7211428265773 977.1455241948742
1587.7215355743897 1971.704560726034 1173.7845457276414
1405.8508597672057 871.9765396740853 284.3220971815476
1965.525517669559 73.83547813468283 938.3151304051391
707.857161513187 180.39838008331998 559.4642880764465
1412.538840601759 1042.7231433063773 991.9259046548667
1716.5304627885423 1194.526683601372 1096.9444232881074
1925.5984969965245 1262.1197269142972 203.71230853477113
1384.7311139184333 1670.1056236671882 643.0972051304965
142.7257448108028 676.5517532895775 1348.7725000993871
1080.3671139408407 1527.1501404754592 728.3186426187434
869.2950266447122 273.4134813474864 1473.7229113494798
423.60732153840064 368.5173784800524 150.67045113624954
1544.6993652089516 1076.586546791281 680.3961661459539
1618.8675286316775 965.2927744493014 375.25205639396427
843.3241732221195 118.89084604333111 1273.4028226180365
1944.7714673114342 1647.2138388303363 905.1224104098842
1904.3935559071892 1736.856331719758 359.4747952333817
947.5233344986209 1315.030590448511 1477.8059461197681
1300.9462151510866 1157.8255773450558 1022.4215444644383
853.6319125584953 1245.1338187002502 1209.5693868371127
508.7880122484312 1091.9495381551596 1112.8514997767434
1295.5776276342053 1340.0119752937185 671.6506430846708
379.38748755749606 874.8696362304576 1432.7463933099243
680.5752516576498 59.330281798651185 298.423793064943
696.9300321353858 1646.599432964884 836.2818949301786
347.6132914319998 70.09125714406639 238.55120197795753
657.3626408502415 92.77359230386928 399.6444564678979
987.5786478616637 481.5854789880389 491.4153837627242
580.6354800477495 552.87734862396 1304.7538014369688
1927.2498633056218 1023.7997386372273 549.9492995059088
1424.187674051257 16.315271969707503 243.7793570574418
1935.4394356372995 932.5063972821788 679.2228953881619
209.3012674570096 135.92277522425334 676.4992642810398
1691.3537044550912 919.3104131500778 694.5940553413125
215.20865911272404 1529.0038961071314 1179.7654264805992
1118.293001174151 1045.5030504371089 1234.395256620829
773.6541599195212 1589.3034286602644 474.7334442349148
1989.4108119806863 32.988773948476656 409.6331861343844
293.27988519143713 1083.9524274494345 131.87960839639362
1014.9456198383646 178.18341632979084 889.3808785851224
1714.0920948039088 838.9177501874317 1482.1612272262455
351.8926555334858 1987.598899452511 667.1379260533738
1162.3174319008692 864.950914232135 1415.3909899822727
807.8932484712926 379.32260149548205 1408.7611634581208
115.17885540251017 1481.6693217603035 451.5208612349972
231.7596328858078 1816.4364600849158 1085.2730784622008
176.0273913950603 452.87395581905423 514.5077415055324
1811.2288943315925 395.27695121366736 470.1167041411397
1868.2398450440796 1280.0208037313255 1124.8915970921194
184.30523322706227 1390.4286196062058 1184.0324587991781
12.149119860334068 915.1856176419859 249.1289677636084
311.6947287302243 1323.0369054495864 961.7705547140285
1527.355658668338 470.1953824084866 325.9197164333567
1736.650552232928 1352.4230247581409 538.1463640839647
604.7334636066033 276.09825822452325 312.02591381969904
964.460482263253 267.1105445691884 1498.1479897645258
409.13909810331296 1770.6567434317203 505.60207324223035
640.8132764138484 214.94635859198064 230.27386414314503
2.809973996110715 1039.524621271456 213.2825252028993
812.3625492065391 476.36804952625124 1187.064234475192
480.9357738825892 437.0434133107608 336.4612116944704
201.86299852378187 655.0096515293758 48.60655880433862
671.2452919268918 1296.2928667391627 1126.9100167533982
260.6097731053034 218.78151768812404 1359.2739271456142
866.1124594395206 443.789612972888 331.88320186176054
639.2902340293663 1575.483458944821 185.74112537673594
1327.2104816733975 1984.5695757666645 965.781578089369
1735.7965854132333 1128.5847759208139 612.7112224290199
908.6642318856519 1349.2159232701813 624.9540628776836
1727.1561296877794 1797.5173576792213 143.8881979067976
1357.6902020380771 1667.0568082934344 1156.8646692103803
1058.9492843141159 1106.6776116662345 1340.6412353460023
1553.0487269034063 983.3015677285301 1430.0250504897385
436.7090884975822 1032.4187150066862 230.62644814691512
809.0440161690786 145.6605197665175 1272.8069986634223
1916.3704548027079 60.178872019879925 1201.2023998210022
1392.6628700085282 675.4743465461719 527.9374550684078
1757.23504837111 1146.4983919896304 91.08377478725227
935.1345645851745 1287.1390842124679 217.28343450204318
481.56160318656947 218.72172027960457 18.691595160406138
1636.1769246094746 58.68850513284962 742.9057302382666
1310.924345137988 190.63284484686238 785.9815735287962
1820.1504114770746 664.5861791204414 915.7098608388549
1255.8108925105876 119.24843886525127 162.95329222344972
1272.2050547741355 1895.4712221353918 16.6794860370818
310.3649565522395 1549.0617811524571 1013.330139093001
487.81088041955866 475.0285088095174 1192.4148118019298
419.4766649747761 1023.3441823829681 514.3762002733346
451.5089842520248 460.29137663225697 1035.61088256721
1008.0444708101306 530.0833307710984 444.8133865775401
1890.9342165185687 788.9153312245307 397.283032847393
270.1738891036656 1655.3275975628517 1056.7867625218805
1814.1684032889652 1192.2786135197434 149.7872140172994
559.7865326253582 588.4473672493419 721.4885744578522
1897.4521577819232 1308.050872049953 1303.479624549269
1577.2368350875952 1228.834807032718 416.3072034162766
509.365556452849 1603.8310359891734 884.165517697642
181.7957079404775 169.6872665898408 419.4369702055472
603.4633865904177 879.0684021389479 72.1213788216627
1870.0405694476403 1364.5244402927099 196.83635998497633
874.8705745162564 142.59180251439085 129.80114586273706
350.44561145651573 1300.3069262032643 47.48428928790782
334.08409526172676 512.1969813361966 1168.2310984305177
474.34572852740285 656.1781074889943 974.3693186243127
412.66341853143575 941.1803630665121 949.9116417382394
233.02777963590083 1241.7731002188195 444.39706869438845
1660.2211674402147 1828.0364525023622 283.47560602736655
276.2179682609425 848.7619712856729 825.3138210483427
1211.8485747248565 1006.4166478649863 1408.485512627321
716.2558428604843 105.59440678326082 94.13572357066424
930.0751250803436 1156.5447894966298 1325.7965629520463
1916.9112784219778 160.87381252037102 824.6543587866977
1248.0951909453192 1231.9165638843197 292.0841142513138
1096.4665364582588 277.62042286159885 998.9610951031128
1290.367940253493 752.7399528290433 1103.4028849295075
1063.0756239634868 1086.7833958422962 472.685952614563
510.9372081901431 84.63572984064305 940.7407125346642
1763.3878382652338 7.2422731008661145 381.15396066536715
377.10741493370745 1433.529924575543 237.65958311494256
1069.640550793611 1938.5441912950946 1277.809065990492
471.2596295794784 1870.9807807827303 1116.1285449377015
189.5984127629109 1557.503608520468 327.50608381970693
1647.9269934808385 1147.8830091426255 1262.5253824328502
1055.1253871437575 343.01930928864846 468.17803473217464
605.6283351339904 16.005400386588818 429.5619587822355
105.67560570137013 906.4884672698784 1198.8024124636574
1839.5835959821754 249.12820433711613 1407.757780830721
87.76847990469139 961.485545326111 679.6854498698549
1367.426075671005 751.4613922394262 893.8750796540298
1748.2312309128802 1182.8427355070341 1051.4774720248583
1893.3338371202574 1522.8857155350054 927.5943033545209
865.7491468810518 1954.5925712667095 991.4652974088966
179.3478132466053 626.6181870963943 1109.9152986821036
424.69694377620937 1271.5707387672355 926.8588118030234
1180.1422251071654 39.814961284085456 589.6620593129014
1831.3572036764137 1107.9442623683467 128.3519305556412
1187.758704772174 1944.9157594777384 588.0091730163217
1808.71391729805 295.4675168203145 376.9190532933124
949.9763429126566 1096.595709039027 693.2625218645879
881.6584571677295 1175.325827241329 513.1066411326706
194.40584435025053 755.0211817590584 935.5465618809677
1080.1926641676832 449.3617338013547 213.03977319441563
1292.0139472225858 488.0711392520909 467.87392174197987
1476.0772115923114 1469.045545804999 1466.1195791446196
1198.0353574092392 200.24154924754868 838.1755171720451
143.05699154457295 55.50485941698824 625.4458696002526
789.7049442145856 1970.7376684336764 839.3553796726771
1591.399359813775 564.5335295493517 310.3115952361376
1394.6107872670527 164.62889241567512 581.1910330834521
1237.1079009711793 80.11541904833686 272.25827434689364
1495.7010789473134 1746.4200714450396 192.01068121915134
1812.6823361345528 1139.061495707364 875.7729189296869
1561.8500952876082 1108.2144548563251 1344.6783429009797
1952.871269206228 471.03000436426214 1119.6187488486926
1679.307305833591 1038.3553964948337 825.2786741198271
164.61382319983286 1795.6988042108126 177.47061260338458
564.189250818796 977.9870891714111 691.4720857783726
286.3486719933139 1446.9366038758708 1262.9982565673854
853.6568137192393 314.4250619977191 333.49642705294184
1087.9621246502975 1095.78434067345 942.9894842137729
122.39202805861993 588.5091730402589 109.16755930716576
351.1717621816894 1210.2639464554381 995.4534496327607
986.7672883347893 1133.5240213408374 1433.592238534531
1121.7025116894354 434.6642669112395 1389.8443020446732
755.3460104118357 329.3111676526148 917.8849958394464
1090.0272517344065 1957.2598668675478 1338.4060249338977
404.2108142652534 459.4187643895082 467.61179617276485
1364.721692586872 51.663176340328796 1393.8926781557914
593.6379348330892 1127.379714214154 72.50635776905823
1979.4953518110624 1776.0186379340396 343.2343236098673
1652.3693122480245 1368.5345559144305 1373.8592056123618
701.8200751897292 329.63902666269405 734.791639065904
1044.560781507879 151.95939456315566 1077.906634117422
1965.3027237773197 302.4054232233673 75.64004817352959
1216.1932006291547 1558.6613982589447 922.0365613751085
606.8147709082805 1314.7910348408475 787.0076584099467
1698.8322888672726 646.847817725221 1230.901766748408
476.7986114026721 1103.9852316780461 296.646761531885
970.8291830946727 1433.0651619284506 420.8182614099725
333.35805340471626 931.4651356986423 229.42760698377057
244.00767513271893 1391.6279501451097 487.3841767240724
1504.12955637988 48.27705589420606 712.6824157037087
1533.7218834842715 831.6321540945755 224.5331618515304
1740.627983815038 1804.4731880834395 757.6591171571048
468.3189968988699 1322.833872024372 1491.8305485056728
547.4801380962786 194.41572332821178 303.0898941885076
1396.1548806913675 649.3885049937292 1126.1005023848509
230.50562172344956 955.885717701763 226.28590842907658
117.20290726850591 1295.38581201853 441.80356424469204
688.4474916370032 203.88706449846117 1286.406476491678
1027.9716303291766 1750.901610264639 1143.2674890143846
843.5562819041727 1901.969080227895 1055.9402498578272
1910.7185570546865 97.06539398008407 365.06538661570465
148.10806054126724 1336.4888546879201 547.0559114296252
1953.5703121377906 129.63513041917074 1414.3324902780812
46.625544174697886 184.5799461252584 701.9958494782377
1572.251199511549 1835.733758490741 89.30385651926443
160.11741558085112 532.2313861610202 272.52218934924565
279.33089727685 1412.1340005501988 164.5299230316597
538.2522889419952 1353.2542980225626 602.3529343660136
68.96174440715286 365.7035419133812 128.23034502522097
885.4059128998717 1594.1740355243971 797.5459157243188
455.5259717675928 1220.8002853143516 1118.5074710307288
1132.3507471084565 1682.8901773597725 373.2943184399812
660.9162839688056 1594.9072623734148 1421.818761474306
173.74401494820103 1790.4238300245036 791.2780051344772
354.543093785743 1303.198678990499 455.5936072447553
1974.812949548674 1773.3109350786472 431.74749644730576
1886.8866803177273 981.821849196967 1344.921041379123
653.1616906907774 1335.6872355352752 1112.5999562659947
1467.1430018132635 641.2074664683221 1290.622575293793
1049.2504361850483 82.68178358303446 1417.6017622765803
862.9212580306147 56.92038235384156 562.3515673326372
1461.0376212848023 273.7745285984676 369.45162823911664
575.3191803581557 564.0277678223526 1463.373041206102
995.33033456319 711.5676297540288 137.55614512015006
1616.9560642983752 772.7873346348413 298.7863028154347
1227.8116027824326 1174.1494688789323 783.633117204205
1345.0536049167108 1784.710591850734 1162.0144699457321
1775.6888960157885 33.46046540090164 445.0591501015865
4.475489452524073 1921.3129565475417 311.60278292224496
1940.0567629434981 908.6659345205388 1434.297960264815
228.93290020967206 566.3263167024654 914.192010678352
1884.3058975721965 194.66347097840742 869.3013422368826
1023.0017952566051 1735.1493222225554 494.9831184952257
1500.280338521086 498.29516203888335 768.2794691023139
416.0137607752772 673.4955524759234 871.6819054016811
1123.8455688140184 1137.6410500170362 257.4894399808715
922.9303789549832 1433.88931764944 1453.0422739446265
369.7894186536459 1291.8014769932022 429.84168675749424
648.3010114350863 1088.052179846083 470.0793280373962
113.3430380203877 1213.4012193940353 88.3562942162393
25.36025453589086 719.452036394083 14.566465628080893
1134.0661741384515 1883.6334153269024 95.71044051944827
407.4180317909954 107.79619879173663 99.11229837393715
171.19553718245695 1979.1416845750546 1416.3535120014733
1290.3146232034383 1274.538310627861 141.66001548339037
1921.502017722555 1647.3427698195305 490.099690588129
1119.466961023465 45.64722968499013 440.2969327768963
131.50931147880817 488.4167003367448 1233.7268472121755
1504.6322548846683 1931.028733837819 1276.6885667605193
539.5322146194186 980.6644227731884 1385.129837281994
1610.5278872816189 1362.5645945710678 451.93979225972714
230.69506458801592 1289.8528444886379 1217.3518965887538
847.551166899305 467.73871624275955 905.0743617343599
941.4765785666436 284.3598020862388 1356.138325928618
1302.4082010629684 109.22576138721118 712.4707457466682
1569.1765887961049 1484.5596242879988 34.826911731743905
1798.9007691522809 790.1075516561957 1441.7076087881221
1222.3800351033703 406.3857967500393 799.9782841554733
1220.1165550667502 1333.189022999363 1460.4185859429201
1320.1332477397639 367.87231880790847 836.0850467115299
173.352404774886 39.68191686919287 1011.0997596106803
1057.9616842565083 1277.3313148753718 607.5539004542028
1354.6921215536206 1834.2418979497963 0.02097484815949402
1632.0358267261972 1009.9288565141735 1467.1805561302606
1620.1230863525373 1021.2341355796646 127.01550721833327
1818.6642211229153 817.5594032558287 1412.0454666569537
947.5576180115463 258.2090476988701 252.6830515863188
704.8587649595306 537.948918904585 1037.3178374100103
511.64240608630075 1854.9647482437922 1485.5241668221638
427.81148936880584 1596.1496130840942 837.1705084226517
1798.8438918659467 147.6986615709257 823.157135343095
164.66889374768834 844.2400696627343 99.2023625557616
743.4528535739206 994.1985938497706 434.71116459103877
853.3984465216837 1838.6779783206566 480.12860072709657
940.703373283678 1706.8642882911652 334.21126570381796
1863.9932570915457 1044.6721542719674 526.60591502256
1041.0628775603284 136.1519277132852 736.2400054771383
1554.964704135122 603.3740331116987 757.7661651613422
1319.1832499104758 1457.549312135078 981.0349943095802
458.787462138166 1791.9129185087002 1274.6421642017951
1858.6526931504784 1808.4647776039571 119.37638692588715
1353.2196776208996 1357.6451042830206 867.8829940350449
1924.7610648407706 883.3572293244612 1250.2595001502839
598.4437279941934 140.39784267836143 78.50404149215545
1932.9906832825095 418.9159780951486 1235.356673543545
862.8876247439041 1862.1431999331624 380.9633087760124
1662.8929526347754 866.2163793342484 803.6242349046995
1825.8600850851744 757.7837434440115 1066.9861505677457
307.660997248441 1207.132927850004 1214.9118671878969
1927.9109742634162 1401.050667722489 1145.5808357327853
841.4163299656368 449.34306919395374 945.6027142278211
841.8828260757814 1750.8068931483328 1305.9997020760204
1437.2110320689721 350.5838109424353 62.869901624050314
278.6933927741169 110.42579203441116 1347.8298243585646
1895.569932565027 1479.3157375753678 596.1576663698547
1684.9967995057195 1358.3636703113682 1280.988988232479
268.6048084493602 1016.3542963736079 266.5945089389364
941.1522910105367 396.16484004744314 979.4907543160535
1274.649907792243 266.6826079927278 1020.0769539778438
1188.0558592842042 358.61585463402747 1081.251693324686
1746.3588156559053 690.5289032256042 1298.5532617405202
771.6864075566294 49.844641259105146 759.5618572600819
1378.076064129941 584.0249855745536 231.868157386865
1896.8934346364003 253.20056735092945 307.2393657253676
1775.9015658765925 1280.203548544897 1229.9302899894433
149.60551109965257 1118.1482331480336 1434.924896901118
879.5219616478151 119.57229279147552 1212.8251713761463
1067.4936986060654 339.75454026710696 1201.0863360782914
1780.384784465817 524.0474780214178 28.84522007817447
1138.391358010656 1499.7993611256065 1246.112544809108
334.6863739093231 1326.97769994904 1048.2415114181697
714.0889171263647 227.33445857700053 78.01912907648057
1468.3602197085663 1784.1743704558314 56.957266574102164
288.6247255694363 1310.819968727948 810.8915643385903
1020.9504035744559 641.390791696101 803.2718541261457
504.7655158421791 411.9469863504672 307.6671486314673
918.9773845603451 1133.525554261435 1105.5304201467866
1762.9846219808555 1156.1716180779156 515.6824170248378
34.787599801858974 224.12762067125968 145.8594251567237
1691.3042335196487 697.8752154004181 7.878037855824194
1077.551553414353 232.17558843079456 1315.9093781584538
342.10457713368146 723.2591571897011 1421.5202381649028
386.9810728912109 1941.93772108375 784.4348363778868
585.6155612928942 1941.3897343656383 1400.5266499538297
1533.3601695774382 263.7059432531175 1498.415700584796
459.426857011783 536.7267396006735 975.7502070608165
1550.3539072315464 19.72166397437025 246.68083778286558
805.3196548543344 600.8141922009622 1251.0224432095551
1597.3563304688973 1131.6179790389726 1147.4395885435756
1047.8216252402115 1222.6368352939478 1333.3430346398543
1090.8756823376925 1827.236835458884 871.2034936479889
1000.7080031045788 1029.108190845361 1462.3479503885585
1063.3034358616007 1102.0447705223382 58.08186361886886
1006.0667079190189 966.1738108546267 18.434964184548097
105.4278125338597 1305.2020175341054 701.9208456399894
0.7747126525399217 608.252791411334 1171.3207746832072
851.1061190074729 1839.6464022649902 499.5594364846488
879.414458659391 774.6214432429628 686.9258544461258
809.4763981222537 733.1619281139131 150.87619556134413
399.17519096918477 537.7179882141459 1208.5517981620244
1256.517026631757 1910.320459877584 1064.0737024037805
1420.1455886497442 249.47461931059834 915.381616918685
583.5951277998579 1888.593788679928 239.30467842036674
159.61331367549448 1208.9986529759542 111.421705595092
610.9385884357168 219.7289310698385 565.7014141259834
55.18610049749806 1615.7445871585962 982.1237685378348
1397.7217871711987 895.9256930269432 703.7420799627063
1421.6814741272974 1611.6704798347805 32.851445417374
894.2327327526298 426.381781719134 1183.2120505556481
443.7876624966426 1592.2570216084355 958.6749409601683
199.84780435095107 867.022516150547 771.0725328047176
1924.4794669004264 761.1767157811266 13.93615984023655
1028.8749503400024 985.0673283419258 605.6519078926776
1384.3402166179533 1091.9541666246346 967.4102250490167
705.7833916718073 426.52829866043976 856.6245745213581
1331.4352556475194 1997.17028723973 1072.2494261204897
851.3582319552262 1008.6187735241012 1263.7584222418998
357.32523347504673 1161.3618903731588 191.25573010979875
1195.9454883909093 3.1267446517782016 1111.9342343541643
1388.077969391276 1361.197903723755 317.26035865762503
164.61707253807222 345.1127538534553 124.12824958330093
594.5650898903751 1224.928012892117 657.9336742617029
584.8376148846745 1629.8219844761145 1279.1856250349376
372.36633359749317 1209.7014005871342 697.7876380771619
681.4891883272007 1158.863413902148 35.20810802713431
1776.8992210594424 871.339144659722 1256.0793901694278
1312.045071390491 10.32036621905319 394.23168361770735
856.6485524385248 1742.3777878370063 677.2053205155394
766.9405971016934 1637.2084296825496 463.0000385477781
1142.6756077775133 214.88489885429706 1296.882860236881
1217.768236904323 1046.671385361775 988.7519104242224
630.6530873175251 1826.8934834637216 1233.6340625875491
473.30438349444927 28.101395874555514 1357.1056626942375
307.0867500501606 205.93149776468445 688.8458217594332
449.3162366307719 430.33104995521643 1110.299134943092
644.382915438928 875.36141511751 1172.8665094642847
286.9885959599312 128.14799678530986 1486.9361052850722
272.6737633704297 1676.5479162965328 1324.6102344701178
1999.1591763054228 1356.04064958527 525.5281323232412
15.608736053086991 1854.7231133547798 1449.095210615621
1586.816644067019 78.75428802413431 397.05455683206276
628.780268458214 199.4648249065485 787.3821288873303
644.0107452699444 647.8690803629679 912.5205684659105
617.7747166448522 517.1645287134237 556.442689277475
1216.0945429509172 1863.9562274926284 1318.5379040472328
1636.5847987671739 141.40536101518353 131.46324291380623
1471.807176218538 1083.1587703330536 770.2303864260391
1715.9895649593764 1329.5890411030502 847.6741090082625
1738.3886821672058 1747.298414626452 770.1016606079367
1173.4512539554391 1936.5118201445484 708.20551190026
1794.774988154969 915.2477369121003 1463.66589956928
1539.376367380404 1363.997933817938 506.25401204799635
436.2296375488206 1798.4663113264917 733.3637162398742
474.8103068487499 285.39114915448783 806.7757626381489
1895.1458888145014 71.54209152600677 1437.7257130442904
276.12835768484433 1288.5654803282719 1046.6050304991045
301.27050735659645 1752.9183773247014 717.1349013878762
534.3162653093556 828.7777814683437 449.55770102578236
1635.4865439726243 1400.1978770197184 1437.8000985326235
62.75832849594365 1330.3484393953615 1364.6060270318267
19.110513133063336 163.77959619020487 1309.043384224979
1712.2025507962971 1747.2365382502992 1038.0799581838803
1463.7081715303445 1377.2976390558467 1437.4377379873947
1972.2915330379105 901.2094076445227 675.52145382302
1643.6694951363258 163.96244291925566 244.00510265178855
1398.8466008026346 1920.221495011392 457.32327607675825
1898.875144208087 658.6227592040532 657.8837521349554
973.3377998089112 660.7416260893482 220.9081746977875
33.77767046779589 184.57805917448476 426.0629600963703
334.7030743284416 1800.273432021455 1260.342609293198
787.6079602447372 1928.5515263878476 1250.7175211461615
1150.728049914091 1689.4739334331489 219.73146867426402
629.4770136709889 883.2837168035803 1467.9781507575487
476.21520889284466 824.7918405901038 468.01718233558177
795.6606005142568 904.4103152529625 196.0486956970969
1992.8362493643597 1622.8938317948098 1357.1031035533936
780.0770530180414 1973.8085429428195 1291.6059840550765
1776.3086759790817 727.2506759295468 954.3314873799437
248.36867249261175 48.52100360932887 429.7379854787757
1360.7188548825154 1351.8117619535153 315.82894753188924
147.1449469985453 1727.6203512882157 1487.7545616761765
667.8072343326991 1424.80347018066 385.17389231886176
1846.0625792463939 562.0102777937508 1250.5956002718972
1668.3821275469536 1801.2894349704632 1083.1409775419656
1758.1266457843417 2.347972220400285 1240.4507573798787
1363.8210372705728 192.19489131708323 536.918452224681
1130.3558200012862 1528.0816042078409 1123.8205715413396
354.19413608557494 1979.6414085613326 687.0185679668863
973.3185247582776 538.740837945579 462.77984139172685
960.6553605041481 625.0460579921844 74.4858554365238
1999.0784575787568 1384.193557851142 663.5906122228428
611.4506755291707 493.5568141805298 474.85672083172915
696.2337232733921 1321.7006789482414 1247.4822671369834
316.2007611251907 18.800749721525676 601.1098744466576
1459.2914219798545 232.7734193170723 921.7011948412793
1764.70174199998 1975.5717397181681 389.38628198183216
475.1457503858974 354.5342417654929 1060.4136375916416
1191.9553410001765 335.32751543467907 1494.0888707541433
446.73131624008636 389.92986729849235 19.9642472733369
433.965277831635 960.1907129702782 725.10772057303
350.6723591154559 932.8003479032026 492.691991790765
600.3427582887016 1573.2438733369054 506.2409845105534
1340.0505533259081 735.9895592921755 433.6845312889984
1285.1075802493847 1319.3081354036026 607.5553293318294
840.5479184015041 442.2700395195525 648.4457655469828
691.3274939344811 1809.0648645324754 147.05745837408912
856.8390483309936 1501.0592393612023 715.8841239960293
101.11907455070912 584.8809802023278 150.72972023432746
352.73110319026205 1093.2480679493804 870.4705387243663
611.3511823848634 747.1725566916714 1305.7100270807982
1560.3395927755862 1508.8005421166267 1217.5980438712963
1727.700507786843 1707.7865888194776 1156.8233210855524
623.0833024559745 1795.5855074776077 647.6693771845615
1812.4086159378214 1958.2495260413993 1470.0452742337443
502.94139722474586 1158.5762978908228 719.3155834347504
1667.3612056754487 1382.115667201871 526.4130046801944
1158.7605931191101 913.2158231021035 125.93249768898012
821.8391903412929 573.3092623176943 1270.0014569993
1029.9631394848352 695.8148219533971 112.97018311265555
413.4605940650622 1483.0794785376984 284.48076881007114
878.7185262788797 659.366790067653 580.1065432855439
787.5560553689576 396.2433381592425 1325.2458922993928
774.240362267766 1113.889972850863 1015.4263558621818
332.64254109965805 1169.0170730507807 1270.563653689838
785.5618291277184 882.6804450614914 50.61675083314765
1497.964021556456 271.57140052826566 633.8625838013855
1606.448491355461 488.1146563951346 97.97251799663553
327.40993316019075 819.0085059212606 708.3906528931033
122.41381170017607 1397.8874371530371 1024.9496923910563
439.66851208224654 336.1250304976913 555.7242993955148
443.0422701802819 1391.1834788917351 304.3505827403166
1304.0766993854645 1236.9320144711296 441.8533846144074
1520.4261055894715 763.3295231933022 609.1255981238553
246.51394203494715 459.2254231066233 922.7802836338797
621.9317211341753 1546.7719729796618 786.5917455300055
1845.8544177936983 1271.8161150760072 1311.1571653175142
608.0838338284802 20.948036374206946 1221.2964276931543
1588.9669318083706 1003.0610056621451 1087.1352976200976
614.0462813239271 1212.1214788713069 116.6039061389138
1083.7850291099319 186.94192290489386 276.08089704370525
625.4682861395162 1249.5029071069027 1373.4831369355727
341.876010316422 342.9872415260957 1265.4062267810136
737.0646384221938 1928.5497975873693 195.3392121320377
680.3535897978994 596.9798401992905 859.6819517193937
337.4581961318224 1076.4825540867391 1233.733286093875
1952.792797838011 358.4299997979483 666.1088708307747
129.9369366183034 1533.306743555258 454.4461329827387
372.84922407200696 1047.2398589532963 494.4397979123245
1343.0293158164286 1884.7277681242028 1375.6711304138803
983.8346202347874 918.9499436037098 1277.8624059675801
794.5435692156644 10.270570447687533 1138.4291878506342
457.93791475798275 511.3210518127225 380.2604373307601
171.02589108787237 876.8978972848251 473.34891534187835
1627.6947299041483 1719.9885177659069 1499.6190290842153
1244.8903470998207 1396.828576966339 195.04396552763436
528.6269485491904 552.4298955636759 137.9904862440286
585.3903963913987 76.42434515640417 448.0776303994069
1033.3865403911739 794.5338592081283 947.2261693768776
1913.612822047304 1736.5194953471132 375.6074603247229
838.4019026438073 1592.7440016384437 599.109783635103
889.3601789219039 280.0844097688562 978.9844910406265
1630.1090406571957 1743.7137294991055 902.6582539432657
1871.039678364966 1224.2449207509294 546.0904352648469
1176.759900644629 929.1848428653333 925.974158696578
1276.310776681292 1509.54926458195 795.8172517103159
1867.579189869616 1036.7357957069182 1188.5239437882085
469.9424861400896 891.1671934657948 1106.7795968709102
1793.0440787458163 1093.1183881815728 1396.648128581542
1567.588766464368 616.737823767652 914.9737585715462
1055.1419010316724 34.03577239077005 1234.1691491728586
565.7672521466628 838.6313923870206 710.0163126723089
349.8696056692017 1182.7357275527895 1070.5383371252308
253.06062368075487 1643.5064866463142 797.3831626301717
1196.4326303768853 161.13024726704995 184.24716967678972
652.3879973091493 867.0996454958648 1413.1484580692877
1389.6757004870221 1076.6563032941797 464.90229093181
410.55795275354944 776.2759082571771 337.43195168596054
1599.5567429503046 915.3850866141204 751.0071896876713
1344.0482256656253 1990.9170908346202 675.814199675543
1464.6401792703741 1288.6646269018945 257.8826319651839
1704.3167097247053 861.3403671894681 133.10769825502277
1849.7865970710066 672.3414242611576 506.64849712986165
1302.9238269937418 479.96969042432914 1244.494633341834
931.2156990951225 1188.913685998095 718.2619208284572
337.1103365807615 1741.355474650487 473.36796584149783
1655.9674044599976 720.6585540761085 998.5449548328172
814.2173646999205 998.3567226959744 478.14185547026915
1918.3853167553239 1088.7040189315467 1389.6587339391106
1075.3026648359962 1491.800504142417 643.0010624186859
54.363628364771046 1135.0487100300074 186.2933210213022
1047.6836715485365 1946.403947050721 560.1075678398154
1906.7670857926323 1542.5212422662437 642.4940425587583
1797.850265420995 674.0847296137568 85.21490858867936
1703.3252399921748 1607.472578196084 724.5440283797595
1162.316771143078 1698.2787744907157 316.3463446718113
378.12424835859224 1330.772720389779 974.653007668352
478.49492051636 1934.6419706143004 1448.1145778100058
789.7191316492689 233.7778469506424 264.54102043433284
1013.1947518039657 1172.4758186682013 224.99196345482736
1110.8618523174562 150.1182279649491 358.52078640059744
1592.937535634467 79.12674999970837 144.05433765049673
784.1549626430237 1475.0240910153393 427.2373552391135
980.4886741741096 1591.3085998342942 517.4390851670165
341.44729486512904 893.3864191725077 393.4955738520661
600.9109082546063 453.415343398869 1236.3875716675366
1677.9009585191948 1935.244598583786 936.8947567764226
1078.4555828033176 1410.0133199364516 1344.5698155212194
737.032850438222 304.60433391440046 676.2851427256546
845.325170049164 487.1614557342585 1386.1466434633878
456.408787020427 1979.2709732008445 1032.997364001164
268.71375748540794 919.2312987521711 799.1634493493426
1573.869175995871 1286.6669161823665 181.53506161671461
397.4747131604737 24.941905763737893 1089.2849625127599
1524.8776635037875 1380.9900088575328 150.21471821740278
245.63900277186468 230.64204665221166 1022.016145156408
1182.6505726189387 1694.9575661530878 422.0774246857568
838.8419906801157 1358.6022876528973 648.14263802886
633.5476959978896 1767.7051194075984 807.5694670859021
290.43219434492175 373.51146533937606 1466.827760396685
1397.7641544933742 1891.363572995066 763.3075738048856
1501.3362829878135 507.62434676536384 1086.2797415396021
671.8477236382914 1762.6636635180594 369.76658105580293
412.08782939474366 1294.493233969421 382.29658677758215
1027.9128775809966 405.8683259124438 1098.436285012763
1882.457541200215 42.6820003266839 1416.7524812823106
559.626225392911 347.9926597500396 47.71022779318829
798.5793599455242 1188.5057905502526 1214.6675439509886
273.5552848738716 1282.0273601339463 547.7653658136292
1518.0259779085156 345.6391081504391 663.3186052177813
3.437265597975303 222.49051225428596 1114.405964107193
1344.3542231992622 1760.8026360009799 561.2851033782641
1750.754351579125 566.7227171821645 1292.8714975968812
1668.678926069444 1833.769810188284 659.8890518274236
1966.6340156637348 155.47072039024636 1171.1770460248506
98.09523037947 1557.3186058788901 990.36872566307
739.7761282308435 786.3536235530439 1121.942552722
267.1832291948297 1531.9386580020075 985.0883971613099
1361.842877015989 1425.6460849433 1194.255909617004
623.6723745301503 404.1067083993368 1240.305408701205
644.2395797789968 1691.8859111767106 19.30276932884961
935.1330346478055 24.719974911577847 734.3525519463609
691.857345887499 1634.5050950220054 1282.3652104947446
708.5427559203463 9.113434691057076 664.5429145042939
1212.584785520091 33.63402661785497 95.36431245756194
1601.1657589477222 722.1735396367587 538.4031512118864
87.0315328239728 815.8897948126902 572.8764843222143
1301.3620587242663 1291.818583842066 1394.8677308433694
1082.2251777508968 1315.2215240906608 1.6913695665034534
1029.1370367500147 560.5763433227291 951.2174907544012
1470.1100113583047 367.864492010902 104.17184242790023
827.8964254493775 1011.0198529332914 596.2909263447207
718.0990537585997 739.9658164786202 746.2941020238053
597.3449085542936 773.1130112520144 979.4064996057343
1833.833580448085 420.39501043240455 1410.908235748123
377.16692638111573 615.5677499383223 584.7266910171684
525.5699902475592 1701.5604406273671 1117.0734686725996
749.3425466323158 1983.6879126758897 64.75849511235243
389.2326824652006 912.5196996011364 382.0740166965809
1494.6787034063789 237.34517841373037 1345.9202535957704
207.57792961418508 1746.990020883697 1000.192805043736
1135.7709455156394 1796.5981526038706 386.8484644932879
293.517532188444 1084.380803253557 673.5254841399128
119.45299817020904 1612.2791819192441 799.9569702981839
185.33763903606925 1507.0872476147836 281.45949477818385
396.1563983175811 435.46147343047915 1200.0678938344474
1188.6749617148962 1850.614122116341 878.8443227227453
36.18745328693218 1947.3215333562175 232.90685672171375
1809.9969764913208 994.7002104143012 644.056455030761
1043.0205723732656 23.437447436645222 185.4107409145317
1072.2854889391006 828.7079780071178 317.09987749469565
498.73717628135904 371.98032012806425 583.4238561375339
1217.8939948090722 107.2275398773881 1016.9980164490522
1544.325926496021 580.2234982653349 980.0823082741852
1640.8894978647315 1064.5734639368832 552.7187700673979
665.7247780272666 1547.5676189297499 1163.7664205299723
1499.1828994393823 1779.190551747259 15.270348714518377
886.5673058768231 1134.8895972058915 746.8837551828324
861.8904894761241 108.43910930759138 1000.4332877375243
1924.3617215912213 1639.291061433537 231.76601927083078
616.2979433866367 553.5892476741526 1478.7932640464728
109.95631593032363 1718.9612113505077 1372.8644685829706
13.912110515556408 1690.7865775485259 121.92489201626128
131.00658394929064 1759.1836932808656 212.9574776297291
1615.290334982742 1252.7939810425964 184.5810661157179
1877.7877505596807 1220.5653845512638 1415.8108345357914
1965.5582428292776 27.25838366314037 1471.9376294429117
302.1899145942224 536.039337848851 85.3138389376626
145.84998988562447 694.6819255689834 942.0374403137438
396.4678457029918 623.9348920094047 449.6321213984958
702.3809936406861 1953.4451203413987 415.09772169891863
1534.7512606384544 401.31161617959356 1250.5461122206548
1893.1093275008086 87.68526308944269 1268.1207886812767
1343.2397713128787 1679.0916162156864 7.661767467845138
533.4769487401489 69.16353447310874 858.7486924535227
779.2856375735993 1589.0726946907394 962.1149249451021
800.1306137883814 873.2563817955162 253.50576582960466
1477.0507195567254 1742.3106620224032 1480.1012653105288
13.21160924643694 754.0224586020244 1160.923837170502
192.11145058046176 877.24857066042 346.7355652329816
1054.8307175964421 903.790997990749 920.913368693347
1725.1184143789867 257.94730839742687 981.3858013804827
932.464909196523 331.96368743005354 6.924708333979734
379.62825644210676 1916.5975163728933 1294.511798607864
76.83262046940142 1939.1854890980726 914.1034558614571
646.0915268706314 1618.0029777494624 570.455465625895
1897.306631898824 1024.3936243867968 1148.9531853389674
1700.5225525362769 466.11718923981925 105.48202449900084
797.8653051891598 205.841159603112 853.4757024648943
443.5230035543134 1752.7946601718768 735.1879402582925
434.62046310079484 706.9973750563361 1358.8057057847961
938.8551730479376 1406.1728163716114 444.8312623045304
194.516697827108 728.006466046222 836.3319311558249
1463.7996755838508 1171.4609797971984 1486.492679611669
253.41671241851205 646.7344287231211 798.6531746757138
1328.2014052241625 1285.9727477242627 162.65460193466907
1651.1504944962328 1233.0758006501605 348.5582026243375
1839.5952525628245 546.968018001321 909.9036697752947
327.47808375471334 1291.4037108637924 1065.0019763390371
334.8752815556746 1363.902398032886 1333.1671040693532
1525.7526028525533 1997.9367906595032 1080.1539966258224
1154.1867809094567 199.85903619882862 560.7508446937048
223.45537303904985 362.48925031496503 1152.0445615980464
1561.450753501503 1683.8136627038625 774.7277624584979
1416.6003629296301 385.878920936088 416.69057294911215
1375.5971554454777 649.2536282449339 1428.275122612172
1198.976924373935 181.81177318830376 215.44610384277192
1642.7387494423842 369.88552523802133 986.235542436869
162.05677428300413 1282.9051393434681 161.32039415783007
852.9365603849046 626.8176455124214 1115.0886720019362
481.65347046657047 1361.4331078641892 680.2096993418396
1648.9990304554065 197.72051825408866 659.096864489143
1488.3252374665 986.5459172034898 167.39028722303567
908.5994470195053 1140.4409125709085 233.83528948665443
1770.4524636884453 435.8110509671531 1157.3115379426665
496.8255418394749 1183.5552988206653 948.4094319848122
1837.916881203641 30.218910633456495 1000.458182709913
611.3278420673093 978.6074107452584 663.9320321645563
1231.3129349701192 1228.737990251539 381.20333830462073
1217.275753854272 865.0604491925511 625.4044319398375
1973.3442889496125 1143.7192444401223 279.36245856074027
1432.0663199680655 646.8955938557792 1210.0846030055502
1938.1292768376998 1417.904944227042 1446.6812677386745
383.6368173870737 1117.44250492912 1285.6422329460845
1012.6373339219224 1074.5762830732613 528.0734146486695
1823.4579287595016 674.6270427914236 1234.6558559100167
263.0239318799168 1048.1661047632804 33.94960416621351
1826.969046226338 406.8935044621842 1134.3074299157229
420.9549352371318 1139.31456578549 1186.9524567468043
1028.23936632962 1163.0604757015162 1323.3893578425962
581.9170727910032 524.4185822721279 1216.892879655502
574.9188130404636 873.6921686009562 174.5885364862087
1035.9702606436254 288.9699221343609 1069.35538946476
417.1583268292245 182.97280582090815 377.82618254674003
1047.1942667776566 615.4957383182456 1198.433103091733
186.06200365887582 1671.9185731884622 598.0149123827892
1202.4399256037905 599.9790299981322 837.2249023624136
426.06160731059674 499.90271299681433 773.9294585295311
1397.8255723691593 899.5612271296416 822.8647359979825
1300.0420009057048 1400.2696083857056 635.71996979514
1315.4795331815708 406.88571991666 1391.1341458282213
620.1707689024212 658.5452410757746 1252.7823669388638
1242.2242110516493 1594.830019379183 798.2133249608729
1398.896129649571 442.2939452216958 782.301291207727
531.9216486317215 1849.5510192113327 357.0483460432729
351.43420802474435 45.136295807574946 1044.925111288029
159.546976458669 985.2862570946841 687.1265985452092
961.9271656679894 1572.2051362052096 243.10459462972156
1250.4336890250913 254.36456513402982 363.68254360283333
279.2247419303604 1843.997709757831 1169.7658752147292
1346.577456649867 1134.9994597244845 1005.2734126124537
1024.1766301929038 1247.4799861026295 1075.340454958579
174.03097006057422 424.6012320106367 188.52041825451388
1152.2207294326895 1204.9374711264995 812.8383892788477
321.0497958928789 1595.5527101936773 452.68869855194686
1933.4710321378082 103.03427294481904 1351.0467758523525
1267.7256501829756 1726.517901829357 1230.493064394293
824.2099501552174 1255.732932865302 37.942046913604365
971.3312577892312 1276.392034370178 611.7544145679784
1068.2452880008361 1301.1562746754948 671.3185722543222
1482.3487264776843 1470.4406049271483 807.5417330901521
995.1114570461033 1479.58078285563 947.6589658778545
1366.6440549120714 189.6919837675135 969.5182623782207
1402.4509901284707 1074.7055616229911 628.6754612597834
68.86719356323412 1249.5809798569226 77.6252934141441
264.76144184411953 1877.5047129064747 20.843905675592744
1244.2352389760906 1650.852787682801 87.8638735338001
1247.7323310294103 948.7336121751249 685.6137265650675
1365.8985156118108 1909.0925182694486 634.8474043621541
1405.3996686054797 1202.8705986727225 103.90743592620998
155.3781576569322 279.14963985183203 513.7246152074965
254.05183502337024 1840.298350338605 535.0986293087615
1321.2634201163526 1049.6143995527698 445.5858572569477
1003.3194721925698 1568.783265764128 1437.580139939282
1378.077225481654 991.3892779325204 138.40297376359845
1288.637770531861 1783.3173386013316 1002.8202395901066
15.12800264849301 1836.2619152310763 144.49141987067904
321.5927448755307 1103.9468672072312 1065.0336911123495
1084.3501841606371 502.48706552646195 10.751314960073143
501.5168862489765 1353.861617193549 1237.1199380468454
489.1731489212736 1350.501958070242 700.5109442153699
784.9342712072867 1417.3316448812482 120.30674915716006
1151.3924214450965 640.2823558840785 698.2628460853763
1266.0681430316204 564.5518899988307 96.31043643648657
1871.6081613209442 130.31636933269942 498.4020681949567
1376.0514655766349 615.7945349374061 1477.8800387708457
173.51668290084854 1919.215321778596 973.8274689792522
904.9942559023181 1454.8450523177507 597.3177179265463
517.1429099694043 88.00401745166786 158.91131309280388
1741.4715896955988 527.706044391905 829.0478125250601
145.46233564237897 1551.1775004779563 1285.4285501897896
531.8320262537366 531.822347588817 1446.6562873093053
1769.6306279277492 553.087720673801 755.1813463919718
930.9683769943726 1638.0835479586353 414.12198398997265
912.1759148482324 75.04854883810896 686.8621710913161
1099.7820525100017 236.47336135521857 740.1556423403052
27.065211312626623 769.6553317465759 596.0698653557487
132.59791792662878 1532.487763307566 398.07907093808245
1990.953528644672 1419.6922215149305 1275.8609585063632
1692.2391692095048 1701.2022492449028 477.4706534246016
147.89527739490805 916.043114613289 1445.3973489423493
1713.9381033021355 842.4797279923126 477.67868567950063
1884.5481686364674 641.0882924387305 886.5345046693297
42.83875013093375 492.0478248185649 1287.4941666142327
1132.7236917608714 903.7300456898032 56.247292799055714
280.5479837743232 1651.433622323005 140.060934397102
1578.2471706246868 1085.0088251403256 387.44804788238207
371.3282221269165 198.13616619757423 86.83657067784029
1611.9249148504507 496.633951174432 1387.6450796359456
1079.7651532096802 596.25875336883 1201.160239803935
1483.2159084107648 1892.7768389656333 885.7925603391586
1348.1329192529115 854.2363504587172 1238.3764421441977
1599.4850208510936 755.9448436198202 1186.5869084556757
199.14177792366195 911.2848521903385 315.00851565717204
1447.4832318938782 600.6585473180195 196.65735509024634
1117.5126282105664 108.8999764064018 761.9999339412822
1725.576151685742 1470.7968963731337 541.4534185112846
1137.4129031300488 1861.6108686400376 975.517596266788
1945.5894110512345 206.18650395196104 264.5836943906281
327.376600679762 1753.1416395749013 1182.54198568034
1517.7173613358805 306.52602217547485 1217.8450968148156
1083.3209348234752 563.0157439398222 206.54209708884525
481.28127192317316 1404.4589079597795 1103.1101028459768
714.7258186445622 36.670475646904066 1032.0748850387881
695.7182049351059 850.9295516952744 470.2924541721611
1177.2584989243046 289.0309208757349 755.7808943011154
234.40987788396606 1258.8852445513567 1482.5923087816357
382.0560503768129 0.4665069689615553 1376.8865712115448
56.592826989501745 309.98478642039885 1473.6254963215322
316.1807393739404 79.21898198048582 782.3575327206308
574.0638265031521 852.9511750776137 191.11038224252712
1890.700814386638 41.408342404651854 1303.5618683186685
1352.3353708733232 1350.448147097065 579.5584310383584
536.8871415060106 1363.6780992241502 1015.5201652108575
93.94480391953586 189.94827704598438 1435.2059834402467
1604.524903764953 385.9462908193265 1006.269790329658
1787.7477238189324 1576.9767852478508 406.0414444188392
1097.1386521080185 858.9671283042952 807.0100616506662
520.691346111761 947.3605564848123 846.3472893246276
1656.964487343228 93.73605755790604 1189.3705934706336
1594.3934187676898 1744.57188475518 794.9005264175998
1805.8019448290406 774.0895281450208 291.5885550437844
906.8493830170407 1610.6665655578954 246.84014836795114
895.9931582769607 1322.7391317111233 762.5130633064508
315.536141519799 1159.6747112204505 238.65776017516
1625.7474713795696 1774.2377259112957 781.3984553976244
1313.0112375620515 1060.0462683905316 246.2693387374421
454.111154695362 160.82338221988147 603.8285548470602
1243.4881343661273 1147.792570999767 884.9518723070074
69.30272317650955 610.7104518713786 263.9983826543132
1423.6919473841263 1226.3304898540841 454.2608673664495
289.2543150412643 522.4598941436893 543.1914431114147
55.47341012310181 1009.1174503384885 294.7594198657163
1103.4432226918866 745.0587372574508 1143.3062576910886
1027.8009194388826 1511.2569701880682 1409.7670272477646
800.1284837856722 1628.6903689227001 1030.5510004871883
465.99165491234174 223.81971249823195 733.4005904027722
1582.7557640178693 1116.9237549293362 972.18115878022
462.72498854842905 791.6039165137558 1261.1479142705732
561.6592699873886 480.68479924615116 331.6785133517971
727.2824963274201 61.37854668998055 1391.3828199459815
474.2034770379386 381.398926644182 1201.1965992808136
41.13356563991943 1002.597026180465 1416.3812360542433
742.9981325787962 1749.0914740485287 440.0473552330154
1972.4854074055768 1272.8731856989816 854.1419457024848
926.9822476344596 1212.3828393128463 273.0463061362858
448.2365422747763 686.8960075072299 684.8374911577658
131.50109190254943 1806.19045235545 951.4265050442635
260.82722419090067 1124.304044490103 1207.6676215164616
1462.4584132477003 928.6835912870802 1420.2444289396847
1512.8153177882061 1001.5704416724444 1048.6456441852247
1645.5950924066904 18.135060920169366 252.0362988208553
312.9627746732142 1876.8880726238708 428.1855671008393
1527.7810710893434 1764.893868902993 1110.4283832246967
1385.558350550141 1546.6085764339873 307.40294450668443
1949.364539046564 385.57606038823724 305.42947986641167
1967.58510108427 1483.5518956253236 1458.9414360892279
161.2532053913953 113.01907673100375 792.1629241893295
1632.503277331003 497.01808312309146 324.2469875270282
1356.791762853813 1223.5182335396694 246.54404835292115
163.16823240495438 262.9978672672466 407.0066341879946
932.0397731099837 288.1230847473948 15.198823077874568
1386.577466546714 1472.944886626364 926.4195606858276
28.53040227984005 746.2384075395825 296.56283786733866
1535.8014378999044 1111.405861233551 650.5887067906189
1844.7117872482559 1015.2976862898131 1185.5765091672818
1308.493848952098 258.1266105772029 1310.5161860774238
1899.165550023003 1185.7984341149415 461.96140133744706
1703.1605244872721 291.56438359070916 307.12145265265195
111.39509513498558 659.8101440515965 752.3149589528274
1281.73662226246 1152.0324189110866 1426.9470179685468
40.92127355984698 933.683592158878 763.224196846079
1597.291900253467 504.647152537226 449.3188408229862
1985.8215130067244 1955.0392730452918 25.02337521405429
56.41997823895317 1445.6884342865726 286.33295065882606
550.398405179116 410.2120882478095 326.60167505422896
589.3474612900833 912.3274889451928 461.91024159075073
1204.4641676499075 1839.6520535502796 162.02360639321267
1168.440742402456 1851.3581498804754 367.78815067451313
1903.7234630924324 1565.32697966702 1387.9868506341586
1022.1772157535158 1067.198830814447 826.1377396838744
1809.5565804861587 1265.9126617951174 551.30873160121
1027.76081538613 1163.0556679070198 495.7417241808925
670.4533750951111 1840.450059248249 935.6269104471404
1155.568277496259 740.6055616979495 437.37967077521574
1527.0134023537453 1199.880615508583 1346.5971570667189
1629.8838735160036 1968.5742833621289 190.81414196202988
645.256480305795 1346.7414431690422 113.60716212719713
87.38884180422501 160.70941534233586 0.6782976385766304
786.8425170762752 955.6228328170147 810.2250745225946
721.0283098521411 398.9412344861065 1000.5312214640245
954.7784535141868 1847.170633715635 918.2313371447268
766.4977922123777 707.8930973578003 1141.2375624644878
1945.0295225694326 575.6678399995814 587.0200261382798
543.6228747951887 518.7603953752615 814.5379610657395
1455.1772508567726 1896.13938633573 16.38695725946726
987.2971972352052 1551.9685913856715 801.3497201004215
697.2949425522539 1947.4221059617191 280.89762472557305
732.3952063056545 942.32088753232 135.68086347389647
1138.2187700544835 1182.5171010916815 1326.0350953150244
1101.468045906489 963.3794591937301 995.9701158573557
1093.0103448028658 1476.4794224255108 672.8485778879424
1457.2189425057772 1633.7196218998795 143.52994137175145
1775.3637352640685 298.44868967376993 1434.8373297174244
1315.956966462182 60.09669404036555 72.25300193861072
1376.2246687966747 1901.6360851385925 1346.8653914944787
143.6623512619928 397.1397407197881 1016.9966764620021
805.0978213621205 1271.4163375337919 1197.8884153951208
485.24213507084534 1296.691109683242 508.87692166975404
478.0658693642912 686.3010508562504 362.1347657737098
618.0981954803837 651.3859408814786 1123.0408647381319
1013.4643358158586 1961.418729885879 1403.5874299160278
1370.2789178134897 786.9790908282246 1091.4972476779692
376.3723610167884 1516.7182837280543 1097.9369121128955
115.56368781997817 272.07383116083616 263.801709336405
1974.2335633160324 322.99700139360345 665.0321013632155
427.29381331249283 1616.2048436426098 1061.3444801829905
735.3579327693826 1158.3542260850445 688.7531264753022
1246.1428949794652 1795.6871512646655 899.9367052341556
1821.2498491232284 1153.5253260836018 832.6609326140801
1.7795266723563685 1031.1252150618532 345.0005166876911
879.6723336659089 1341.7433145781208 566.3698083726975
870.6834101611314 1599.1660651664179 695.758281317057
1850.7126465219492 1622.2414292497983 181.33080715498872
442.6155062110428 1201.078871701157 585.6437899601377
1143.6407026307672 1250.1818757042818 183.26310268452184
606.3746018309284 1471.807268100017 319.2984622566683
1096.2167272143442 1237.8320784116577 747.7804900462484
1186.963213203613 1036.7319991780219 365.13115540149374
1133.1746374926201 1682.303808954878 1449.4220818612791
234.7611188853742 1518.4027073492139 1068.0150091945025
1254.98854776657 1106.3085623541433 335.42949511656184
1791.137796893566 1581.1273733797245 895.8693319474363
1920.19688549432 915.4139323882133 1355.354942296895
159.95006738827033 1506.1645306752675 413.1087549109853
239.84888751156518 519.1018048327217 732.5410811722444
614.5978756152368 988.8313458060965 712.7241437087902
563.7343509814891 174.47553604540911 502.4478201060971
1197.5818228140035 1060.1940674574118 242.9794159422929
438.85689909517953 984.2795229193657 1139.3739713641558
14.891858689994875 1269.9557984411063 941.4529043467165
565.475395522802 56.811937627823106 956.1067047412428
294.1009178421603 1508.510081029847 364.53629992805907
1479.139852613098 1190.896790887252 965.6359693352367
1123.1824101245263 1382.9615324035951 473.99355332948915
