2000
216.4465639274431 43.43497581627575 59.347541051159745
1481.7937835831074 1228.8640718740573 1307.253081225523
40.040496545696634 1862.7532299921766 1393.6901790229913
1049.8486464996445 1559.8373635752216 818.1677190088062
760.8767434619655 1679.244082188228 1499.3251519762
760.4905112513972 1191.3797898879784 166.5729433702513
1425.1164225831712 827.1593181437629 1113.7010528698265
869.6558645669554 958.2096680775911 256.96300187096074
389.4174600024514 1259.6735627883602 1169.6357079445738
347.5465875070978 632.9098294217656 204.74381864699032
1638.0116259810447 546.6286168810348 44.63684902789128
1228.902614934951 1997.2515180680964 1282.989812339285
394.65009557465237 788.6231528012373 1165.2839362519662
446.2254059668089 1452.3963161673823 1311.866964868459
507.2503035888716 1123.9614625767692 1275.283479930677
1326.4875496729285 527.5222965153603 945.5242015987951
1919.5967352140813 1609.0935347019072 81.90026911554831
892.7052538058762 1659.1972948302034 503.38706943125146
182.21925405743232 1857.69183590147 368.61978244688913
1196.1718932515032 1888.2996303922735 14.788097284653357
1265.1341676719599 467.5033404811868 627.0728318101542
1200.3817733163635 779.073075354791 759.3088652749393
1272.4106035859022 1244.9390190668285 693.6724811174452
684.1959965454694 740.433532402027 1085.710908700269
1856.9653470420496 343.1584591926964 927.9488149535131
1846.2137839114991 733.5051011486972 871.5095139118331
742.7987797255582 1203.6986896935468 1024.3372979177802
1877.74786251474 1135.588359197848 8.374719074403124
931.1975653728904 1156.5561802987274 1114.1668286379897
1073.2530576099393 736.718190711502 1279.0015419134807
166.84380350911798 1944.9777423498822 648.2900910366004
1885.7150277567239 1675.342700540655 134.1244801247417
1817.480548840194 1004.4647508594471 115.67542755649713
234.69955392619602 1823.152844413863 515.0081867621566
902.9466950340843 57.22782067645671 848.4479572449528
340.90493170155247 1011.2340935997411 419.7686348873514
509.92210530589864 1944.139345438939 926.2456988708186
876.7525618671967 1640.1999509476693 1296.9049814821967
13.43013882388977 611.105715194322 1289.4186597983241
479.3863642443532 670.5969552394946 564.8028998462946
1596.3428585100212 1509.9501379957865 669.7869091780287
1239.718529462162 459.49463416563185 687.6171099225004
1578.7748428156735 1455.3416799822699 1400.2748485338157
974.7856544326391 1061.2357731047093 574.005831173338
1779.194432020719 96.11235664555574 342.9530444467999
774.0201371937947 387.8626365639291 1250.0695255251142
589.2455263198573 319.00654766811766 859.3981914613196
362.04543735375785 160.54578003757047 991.6414748387308
1241.7473045022832 1487.9089051622698 679.7290411226534
870.6513599042503 1464.5795463342072 885.0592621400375
606.8718162419314 1511.9135961870145 993.0886493767002
1206.429822963437 1175.2526550126863 724.2797186957695
1314.5568174757536 55.93831013964024 829.1913466445567
927.8528541184754 1490.4063156821214 551.9623220737858
520.804065292444 376.67207507409904 435.12167672277315
1427.2119338547882 1917.0428179262667 177.37466085295034
1155.129556150426 657.1499485883361 1314.9576476887942
1320.2888850062 393.0936559605529 1143.60831945965
859.9147945325814 888.989406606608 360.43337490403286
1558.8963283164524 834.6765062831216 304.24535311224935
1604.3993523524293 1378.8674664502578 1269.3976925480456
755.1676617427873 1709.156335411645 1382.8897121148088
1058.8231946265419 1214.2911775674422 1497.8853595697954
1403.6031978965277 1921.049442928452 420.51042902603893
1721.871065595165 86.92844337729811 500.90554735705
135.28953861695192 1680.3897037270758 1036.4612815670437
1590.9225973580474 1692.3946006466224 644.3523104762174
72.68956185990282 821.2665211889754 1335.8334046105379
663.4978567398799 335.03086695686915 1049.1336608177692
1135.3200665810045 1769.1712518050163 759.4723684840619
360.2298648643496 722.5106970277619 1239.375450944306
1892.628711530834 1553.4954051505147 896.0342257795658
119.86217716475723 1391.7469699763108 109.32625605712309
702.5394555886824 483.0497287679767 60.133397151028724
1107.4138002145567 555.5651473579355 681.8468826333936
1204.1195631213589 1792.5472720764526 1414.3773439616846
610.5746803020724 435.6875037811525 44.02998402343727
1959.645080145905 1487.2836471663998 888.9602080387616
1755.062466958738 250.44053287460733 747.3629362759747
204.7717858417868 1885.7063620201968 1384.8018304370892
620.9194723224542 351.2524860381387 1177.4548654899695
1954.3275572454977 1302.8819728369858 822.1644829826182
903.521432592167 393.7653292805947 1000.232735066965
1821.3046620667749 44.805089443640036 188.85525175498174
1214.8108578866108 1566.515811966926 1046.063240089816
132.09893215627645 1459.5495840850651 207.52590812766752
342.84960005822285 1239.0059657894515 856.9054012662655
1508.379803854076 1955.2573281774528 1203.0346326347885
1088.6711080758992 384.71977053314953 415.4852164250665
698.9373713144582 535.7968703408085 1091.243770010702
180.42622889613335 455.3155785801504 350.24230493284773
454.0038223131091 1911.7330312247916 728.072536815538
841.0220124612622 1238.7822013420746 1328.6842576973686
848.6672646679776 1337.5733579188302 158.1307758611804
1510.014289545917 1134.8337098362076 1010.5812350396052
156.3871086323112 1208.1306619190495 63.880791362147136
1568.458236068324 1669.4901301323753 141.1269600887491
1729.679335357547 1553.0867933500963 1374.305254049047
111.62271897588316 284.8877723987464 521.0009269019946
1017.5995942239424 186.99815309842595 1143.5539873554253
460.7575726176527 1568.680050194339 970.3339761694598
1568.9256463984989 1407.1635787756434 910.9159091615116
1338.595377519411 1593.5921281968415 656.3758507834808
1797.744585179387 1352.6833356433922 923.3295819244814
1258.2513917044216 1771.0372362448988 1381.2965624606468
32.79537464564708 1659.0163941222543 1238.4257776385307
1172.6213260521351 1890.9342285114078 271.9078798145657
537.3712017865529 240.77796772475213 646.1942451609475
1054.014545600898 1626.436919445211 168.4088919932973
1485.5212812539417 1256.706192382992 52.16655792268155
343.68610895018037 1089.1116605506836 66.34874142017082
1315.646726523379 471.73612374814167 712.7747929041087
1460.708536141959 1402.3402047622333 954.0911597787504
1693.2430714511129 771.0976286920699 446.9458576999901
1104.1467809708417 147.23932529210114 210.83487453456445
11.287006523834187 1124.7130596177417 709.9272293247194
1689.8777236056537 1623.170613360958 581.4143893959214
156.93494166686307 1250.3580111767915 1491.9009556477693
729.5435977895092 1575.9106545469776 1430.6439218646017
124.3943467794828 1631.2068802867298 1410.44511363955
888.0611422978144 144.28943964798813 99.082939421273
753.2107063658664 1915.1391573692972 436.0229803621092
383.16232268069064 318.5913195199714 1495.1860742204212
977.272887202608 1647.3927304366368 305.380156691072
1603.234794622539 1290.0826869562607 1081.4329903287692
1242.0131036322473 1944.0035935159856 763.6616499219491
945.311903908365 710.334860643697 549.4860366370783
1966.9301785768232 256.68749524368707 718.96838723199
568.6254890626508 611.014475339918 948.7877138772441
461.17779431763694 629.9154672617833 23.837802743298887
1445.7385266771316 1819.4542999429648 1291.086884897329
1829.877929926241 178.89006946864882 483.8167136168542
1025.789149024703 41.31869814240075 1341.9406773608819
656.1728009021681 1055.3067393470435 1438.0287216035688
1047.1548916645647 175.20984394769522 1496.9944260915017
567.2294934591662 1032.21479028003 1133.472413413618
905.5397339219192 17.585112501891544 923.9589867353287
488.84658328752283 38.96664632813929 643.1588647589695
723.8904620553617 791.6897701717121 418.62876534875085
635.4736176099332 585.9884314568116 1029.654062587838
1787.0483928874903 1685.2729141392222 999.4878347474283
918.5551829463243 174.0611027159411 82.3556697432956
1158.3163882545177 958.2431817616641 1143.942446458644
1506.6599012118893 926.305940147753 492.3878592725495
265.16307534178 820.8250818460842 940.0182302634593
1135.9366583870813 1569.0939119068207 776.0966954417942
41.774126679809065 368.83780020373115 296.2401794718275
506.8498831393302 970.3739172299388 1391.260161159321
1639.6320648926057 477.27174976442586 1043.010030185188
1189.4021110235979 1481.7598076478812 181.47906389495256
878.0902456761553 591.8357860411496 403.88900294001786
512.7186264808048 868.0616169154274 74.34441609416709
1862.0849568981453 1141.8087444456378 61.83543407523234
1306.0176702907318 1875.9189602117153 751.6561714989822
513.0825862335709 1994.3505749836158 1481.2541127024724
369.2676023986523 1013.1001141190918 1412.860913649228
341.0703242131428 415.73053533208304 319.61589088126715
1672.0031293464485 1545.7987289096238 419.51540564653953
132.48411668480188 1483.1118387888084 65.9686490760215
665.1035194242685 884.6127112413136 42.73414470583786
118.8142123142224 1215.6320442179674 1462.099453308038
1394.9429617966043 293.0428783897945 397.2847423525822
1145.3455374846885 1212.6717058357724 283.0073478301799
608.4783186619331 1080.0165281740885 711.3261481480347
1124.508760944554 109.46282453524736 830.3343592567887
680.7880155851917 1941.0459065694959 500.4946708290022
1767.5903058344843 1069.7727863856926 322.353307891904
1629.883708930448 799.36454286289 1426.7860194590417
1732.784856518089 879.7076770208106 760.3302142218096
778.5587742202698 331.17814711999347 964.1268938489131
340.98154132742087 520.7922376898853 1036.027521785675
591.8468936844814 1112.5849161038293 901.1370346043312
1629.1814674390107 869.8989669377455 797.539466733333
1026.3097167495996 970.8307649704922 1050.4268077753452
467.06062975529017 294.01910198437275 1240.6435082155692
1722.4928202301112 817.8404392073148 1237.7750246114597
1436.509053392413 732.135362352002 1306.3473231747616
1757.1523928567126 1207.7600520344924 139.816744093498
1331.483302471543 486.30679410186997 757.7439565892101
74.69980926316478 1850.3059563153058 950.9537940079272
1001.1713652331566 859.0855957994577 333.02900338203665
898.3295724011226 1953.5507703871456 162.6637072950556
1406.303193989183 704.5440363472688 460.00854591999115
418.9951925088633 1719.030784079011 1008.3771205331649
128.39433493874287 609.5810095245422 148.39768687953864
966.9288633759181 1727.1140209999828 674.7272900864866
1063.895279255469 1146.3423865763996 1239.773082105136
1536.1164314048824 105.88274536586528 1408.4595077124836
607.7277477829685 303.56292643926963 826.8997053028878
669.6182949807962 1819.7315938436777 668.6293003593463
1072.32172392782 654.6505152737636 662.6885237094399
1002.7011114142255 116.15167718574094 804.2692117285405
1444.718105602207 579.1395311236032 901.0974920630126
654.2703411768751 293.66535164978893 787.271549524637
953.9358652068355 1465.9412065512531 862.2379195302971
704.6939991589925 1465.6847867517565 923.781302628965
1025.1601136092636 1300.3641209488856 1185.3340082073362
1298.8972529019188 917.1852618373033 804.2526668455282
169.94860285161394 357.1869984551661 930.8144736283448
1735.4688292144438 1035.0924475946708 1062.5493865249302
391.5108411173036 32.2909775959046 1479.4744836504933
514.7062136016496 65.12104683536934 453.7980260153457
775.9093401874749 1668.9773720749479 1402.5647713757014
671.8458813582681 755.2015701139035 1056.855509243661
766.5170572113873 1835.8250851758269 1462.7992183856884
1701.3148736040166 1648.6459858146573 1403.7361755368513
1951.764571862287 832.7083079324544 992.8314055977038
216.64120436390812 982.3051467738912 378.03352616328624
1072.754776529643 579.9670008219535 75.1625953528987
1832.34690990981 149.7693807959386 1241.029247599677
458.1718777650958 59.10644437208279 474.7162930751542
355.93545763454284 1167.6769755420612 681.0711042735496
1907.4887451041338 1337.0851491630817 840.3006239059811
646.2863514940276 1920.4883733968948 121.08768112321717
1574.0473049278578 305.68483839254657 800.5001812481395
654.5593282964659 1414.9529150820213 450.2254596869567
1912.4293057456398 895.909941102427 533.7047446925309
59.77394186056384 1199.808165785247 568.515590484949
1238.3422844979873 39.832728369350036 667.2013480304813
91.30961077284417 1205.9891158951748 512.1272974516155
371.32648981226015 1116.9994215927786 109.69234862362426
1165.6346555772216 1386.488842735694 739.3786966091772
992.9183034911362 1034.3524917378384 1241.3762708285508
1268.7071696985088 1666.6679958169411 204.4561377080691
1304.9450194861995 1874.5282860596385 1472.9481478899788
1059.3460208760678 1179.0239561770488 814.2645052269693
1757.249540528261 840.3216277372345 1377.3593479008666
1500.8593626072409 1360.315609468164 1270.9119258284902
368.6275037576194 86.750802012447 93.70979939109075
1388.7614855133559 764.8401674251253 1112.6581299589457
1533.8431836919335 1742.857962422057 904.6378711130099
837.5281659308673 488.37912532239966 136.30925239058834
1197.111587988886 1333.8055384480908 1472.50786054671
1599.0438247910408 731.6753127920925 596.6431658267976
1288.1772448637635 537.1967375479858 460.12805894642497
899.9653367575448 1479.9822765918757 576.3840408146349
1376.1978704506382 906.5181079791627 137.1829983844618
643.761633950068 1840.8064660051944 704.20348566614
50.60211453241914 1244.2927479197022 1158.1701382633817
1563.310377266814 1782.8618991201297 150.70376515369955
403.08807870659115 1498.8074292408323 1435.576649937531
1245.427772635794 1632.8678055228806 1450.7871546609792
59.463187957528476 1103.2856764037222 83.6643630953935
846.8102294030759 1652.4529185137674 1359.60382789282
1903.3357718752306 887.7164245815648 384.42682936038045
1709.2031823561613 871.0207393646798 1325.4133689850928
211.77468963706582 509.6355260008529 278.07071111915735
61.4703408983075 401.7211855460923 799.7561286677786
1363.822585891749 856.513223079201 1157.209449869591
1586.5822155423873 1263.2938707338412 692.0510085434753
107.48475136149894 369.01435743290654 131.53213414817887
1570.7921734059776 600.1655013894915 989.3243408897782
334.53396207236085 657.070343389954 1020.425216306336
1464.2933624182672 1122.101461110187 1316.7369885134538
940.6518116382621 1187.1867476237137 1040.2412233154253
751.9792534814553 412.71818871644683 1154.463407200095
1563.5402018185564 1651.0885374723289 920.4688684715293
1580.5931993809359 1107.6266225557613 655.2589613282838
503.53625322480514 1858.9731106949976 929.3698164759784
489.49889724109585 620.4540792936995 101.5982937298866
375.57009522232863 170.15532520383746 1032.2359170340944
222.7416934008426 329.81833937110474 1313.9322899966244
1568.2525559402281 1105.7730445501938 1100.7005254102964
836.8219460266268 587.6799083576543 307.41322008455484
1919.724538018133 1306.3970189962106 206.10457380235314
1985.9934642809426 18.45031118050633 607.4645758429206
1633.4683478768345 498.04352809087635 263.10801226272145
857.7563211428856 923.2653343219667 1188.7663666265391
907.6562726629802 1480.4898311671636 1406.0844879911351
746.4190976450815 1913.3126159187054 496.7479202101526
783.0937659991672 912.7176792320187 1279.799492326689
150.27762659327283 1633.768552389645 729.7677177276128
1465.0729303764756 892.4433943845114 594.0794965304482
1435.6600247043282 522.8214871982309 407.5065275402564
555.0311925351008 968.8726937082404 1497.886505875955
1586.8906320496003 560.8074788494812 747.3004550643303
1434.5210264801942 897.2180530702487 1334.7092656535933
891.3648642573029 231.97208056620423 45.75117977886522
1827.6542576490315 1961.7506805009803 897.806560370455
1500.2431884643977 992.3425863185084 1249.961833441464
1560.4165251983154 1787.064967160178 548.0220339393991
381.5038292058972 502.40454419817723 483.482413044865
83.87231959249885 134.4689902808096 682.9793464402145
1534.0754591093169 1187.879205703015 1286.7421316384196
109.6473295859719 466.6760787404169 485.72223142206707
1437.196548798565 260.7607550136446 633.5125807045624
1263.0358708091521 209.28346587560998 1214.6360389979238
1528.7788952830151 248.65824561774974 631.1569893052422
376.01073948534 1390.555214121998 1458.209661210689
602.4784812683714 1778.7443246990035 265.17989782902845
434.5332541007494 385.5268215790737 101.05131925173289
1642.1401724731934 1702.3041492854243 751.569666401067
132.81630536783373 540.8477461617764 461.18574540568073
955.332288613129 750.6780582535135 486.5082060007363
1425.7349169363902 1017.2624484917241 972.0620986585169
1032.874922277853 573.7737960776196 998.3759970675187
1828.3394467992598 547.635997120077 717.8160827077616
1589.0513760179088 596.3643114403461 1449.7385701983187
1472.7125725529804 132.8327598782204 825.7441889609348
395.96525548861615 489.46023227276993 1426.4497073420353
225.10264809160628 1135.972062132542 1009.9271396775355
421.51779585131766 1699.1096741690535 1303.6376028743393
646.0079137359755 596.1519490456095 497.12650330108863
939.2374676208976 595.7168581739601 649.6856172986292
814.0036303492167 1255.191830576644 975.8591445741775
1512.0406168574978 493.90093229693923 449.0808586096341
875.9694968831924 1853.579663487514 1129.0003274010326
1414.8932374591466 928.0261713254059 866.1031770333925
1579.0866053694479 768.9365987955812 1412.6834310006038
1156.2918147058297 922.3670083822682 498.7010745986641
1142.7771177818236 1340.7114385339369 171.34102638809074
1426.579546478171 1291.7345270543126 588.1153672136328
974.819058789851 1657.9062790209814 239.26547398241888
1614.8512520579357 1550.60056357051 1402.8514436981493
1316.356886206915 1830.4935401303371 341.73258956160885
1675.4370100557267 1469.8048840566764 651.3120681270001
1857.352575637139 1057.6217806932684 532.279041401923
1888.5640384983205 22.244155432419532 684.8337378603258
272.47129304406116 1763.3545819681742 896.8764844286052
756.4415238158058 810.6049315221211 744.4824483404549
135.62189595758855 1227.3356770845178 528.2031096044575
921.5266748853766 1703.518370890477 182.86644325720502
1117.2981519708962 493.2224855673739 580.5102849144954
1637.7365225046306 1337.1240835362394 1332.5692847804346
722.7610597457 612.2435527092894 10.42672242244369
74.75400531130761 511.9225182738825 1079.9103271225617
1691.1134501141382 283.20667520672214 163.6626962451943
1918.2998324842613 1791.648603375091 191.54453137037342
410.65046938321825 1758.6341252106397 569.8248694751313
1753.2897601531997 673.4462368471468 335.8336458298475
1655.2815804811285 312.6709895929674 727.3585850486928
1764.2046386085478 1916.7269901400325 204.34067826916242
686.6280600918018 209.1058315687091 1126.5670625584912
1402.4552028302874 633.2717422629477 1464.0124138140222
1551.8819128089083 1863.7882082319857 648.0559610170519
1668.0906978806956 1995.094483231545 1415.4619790223371
763.123928194299 1570.513545150266 827.4439056519275
855.2059852685801 1266.353403671228 684.515077438626
1648.7913905492485 681.1446742908205 116.94071829785157
1655.5656614719464 796.4966054597509 1489.3705833812091
1611.5565576456086 1911.7123602793833 729.3650644521566
85.353254101445 636.6690993953952 690.5549132347916
526.494766169419 38.198529154157555 156.1801311632534
992.0327026437988 671.3902802860204 1055.8731098395808
375.66747564521785 908.2565283571562 254.03777387346182
925.0604480341176 947.4836847021604 356.9966138593453
57.751830254473724 926.6015442275957 151.1621040796684
109.67366104781684 205.05113673426624 7.3272006067190425
82.48238346927805 610.4706493244361 982.090280941082
188.07606106938636 824.8201786405712 662.2463650608914
1091.37835205104 605.6964751689134 503.34609410537047
246.1166919520752 1695.3616706786424 6.219445754200192
523.8466816798559 37.05438719942311 252.7074419166469
892.8946586431192 1370.951765807008 816.4270827476212
602.7679795987058 980.4923311845619 720.6311313255295
358.9483085931986 1541.2061490843628 218.75473967052028
1213.6856692015886 615.0055726184611 275.6897921156079
619.5165365625957 833.877849869905 677.3156898840874
674.6627729842303 814.0412017268002 108.92500423016504
1261.8586166541286 1759.9730548400908 536.0703935582958
1296.0542189677117 754.1926454249715 294.0502978383101
1097.861072125995 1220.396580103789 230.25406858800295
875.2407798729416 1042.2127387873868 452.8704393132843
1140.8817684476924 1955.3745315724946 805.8973836931358
989.1028414782963 648.1502822237928 1384.802569553428
1130.157860454153 1944.7827840918903 148.2943350840923
1278.3336236373857 1045.474332332759 555.4908907999015
1972.477616340761 507.03089349737263 630.3489314978773
257.45680962607344 1227.7294514375126 634.7931554308404
1381.3171459123857 865.9362698395347 1376.9611680821429
1561.2652026752178 322.4289958145692 310.35580762717564
1794.1272520224006 441.0173389836327 1174.4246694309622
1031.9134180182295 1767.2736935989901 385.8063081178782
644.0804515755345 1116.751220802816 408.8618828443531
1725.182607940757 284.37973775606173 1414.5718430603415
309.8156840357789 49.96296252426147 1124.105591690342
1849.0541055395988 1288.3221510923258 217.76940753840586
627.7647536864229 1705.469677776207 155.781019240329
807.4151395510037 1413.1805539666864 638.4439028229023
595.7306868700765 756.7722171343712 1340.5311086604133
323.6831417213255 989.8311203113217 1284.302293209329
1865.2963711269847 1304.9914829660374 1389.3077285654044
1936.0065497949988 1827.009715517355 224.60573252159332
760.4877816675357 1268.554078306824 370.7885829626721
163.44210145359872 610.6474351973661 1085.0671102866086
937.9541369300359 1737.7276772664488 432.9981090603141
869.3109574820212 703.9975336150878 912.1633011242769
1874.5176057482047 1023.5035318092193 1146.8737880768733
1384.8308010853389 1768.074767346716 513.8054266005828
1443.1372310429044 1244.352786174493 193.88568882017427
1321.3526605491181 1999.6408706437492 818.5926691434437
362.56209227504144 1603.0460488401707 1271.426679800845
1226.1139702425526 1981.3348693707692 855.0947954745458
943.5727426580436 825.6415360333713 308.41650191923026
1102.8530634584256 572.1880091625944 349.4242796815671
1277.4197172841737 573.8680495292323 78.60034908864016
1818.368776789239 181.30915073669863 295.7919543086867
296.9431671802567 1312.0886051327282 1293.790629596844
771.2211454327595 293.133418593015 526.3680178323946
552.5085841129082 254.11793803896975 1088.2804883911824
982.3754879477602 1197.1756060645291 820.8827049431882
559.4484370983472 1755.433518396141 209.87798351723347
438.61775274292336 1003.6275470120332 1002.3484163342509
631.2297752968709 1035.9494327726736 1124.6135167497278
1403.6757634624234 1430.9049371842825 907.0193096083436
1661.4484933410884 93.72281701260276 873.0899702104894
1804.1438106868677 1916.908582476814 420.15048810089155
1849.820874979706 927.8117960483512 542.9298091057751
912.8467629356159 452.14957036697024 150.87290221366823
781.6814032615302 90.52812001602662 975.3797009632435
854.1410717305263 447.6946759718121 1386.3290023504258
112.62469266817531 1709.8250760450233 576.9597307678185
650.7462166904126 72.39565073537224 1431.2249666552723
720.9258802213243 1167.0636999314377 870.502235306716
579.5276970740643 1732.1938628486287 594.1210433839302
1421.2077868134447 1033.8099679048366 51.54493997032322
1336.309236941168 1885.1987833580997 460.34681852229534
209.42534712176396 1010.7189908063143 466.1059900309632
642.0465320940926 1550.677924770222 1120.708601474322
865.28089714678 338.41436428485383 1112.3506997468219
1427.2683584687823 172.2962414305027 586.9332637564528
1791.0918250329537 609.7451994377687 574.2737188935613
357.9428970032188 1509.6121720881595 609.1614716449262
1369.3433478242891 789.2941469029585 981.7810591927333
1752.4285855408993 944.6929039872267 1342.0591455317401
298.95544891589367 572.4974963588855 805.6638581811012
1878.7769503289646 734.4319957392944 1220.9299871295934
338.2733462194474 814.1011020467963 1000.710501149303
409.01207595125277 10.318309816340188 682.1348636544552
976.8136334179309 578.1593589473259 142.66122087485272
1149.2026983795997 492.99471285945475 534.9362553636746
382.083253473386 724.4101986582117 59.6064149398639
885.6256876906134 657.405399121221 37.15248459182102
146.57668044912398 652.2204975940806 778.0048369256521
1185.0912488219071 1630.1303952121202 748.4662455983049
1500.8891719401488 1121.8279168747158 1191.1649465074715
1473.54095193837 1101.5003113851044 1227.5465322186687
49.38726437756746 725.7166305678451 192.09647060612102
800.8952738210202 1291.611653447715 635.0214299200072
1642.613115155972 570.5727894681601 642.0323263134986
238.0304273591356 1250.4984083728746 570.1706400046487
881.4905075876316 94.35148713314211 435.4221208463936
706.1408108431737 1625.5324395102787 478.9491521005467
513.440500759965 1708.3395820755002 805.5084769345988
1129.1298498884325 884.1220242820982 634.0659649777015
47.6551444174218 970.5655806500275 1466.4712120160766
1334.4599687492362 1219.1033567480504 1085.8855196738068
258.70327795714945 345.84268733721603 1242.4141995672567
1984.2144768745188 1227.2056859133093 1246.447145252129
854.4307622913248 8.47010146696836 149.2984345304169
497.5977544092827 1307.8182822411284 835.252271971247
1194.8600220893454 1764.1767236005455 761.3061510634157
816.4363196462676 775.4935505735336 1079.936898473873
749.9797134324284 366.49215739089436 598.9716496424444
211.7035900066442 639.1784289568208 209.4202614469338
1255.2686720398915 670.0427066232513 1053.291175243345
1694.6014871670866 519.9722505751789 1050.2723986982414
725.0590947601349 1826.4957813997394 673.3794870925974
1741.2186589680284 254.41279145597372 1129.3300057482197
838.9513778180689 705.7608034715304 828.7028151578825
1292.7615905655239 25.8163481072311 422.2768464592841
1999.078023569395 1762.1325057334095 72.27161550983557
142.6827362988252 971.6049218426728 591.0348691411644
992.4239102567285 1113.722972734695 742.6267465139438
1853.9958556080865 1601.5882515367664 492.3404561838442
1048.7370639277867 703.0268453213364 1459.9157071020895
1853.7686469308496 230.06600681889245 36.88505899331057
121.92366600442384 1035.423459423863 416.5372112463805
749.6328052991026 642.4485645683523 792.123560314703
1248.990345536467 1021.3225615792228 251.3444241549771
852.4891560519713 1921.0345098971304 700.6738863801694
913.3019497261896 1929.0584521506516 1007.788475055952
1998.9247867003558 1133.2334701091183 462.4721946849006
130.80777212287953 1303.9826680832555 885.3262400854992
1894.4671170389315 1087.391534235893 17.638767420275535
778.1389361992536 443.3354356076615 1459.101203209499
1420.5911825093694 1098.0630261876015 524.4758652775823
815.0834305958621 139.56138876413027 1097.6053901448129
1122.0512391660855 1655.3356243152605 193.42760733330778
864.6248753443253 976.0801578752754 1162.1958400448182
178.48600403259064 1949.7341291756854 1160.8247677851466
813.338838336825 334.7792442815785 371.3047984069057
1580.9645445771362 603.0381978845685 1136.661329318409
1934.5883292242233 1842.6444841258708 217.1397016086322
1211.8726494384207 374.119557731462 991.2378367821915
802.1515470683578 851.6992318332601 1010.8887741621966
596.6394257778651 1473.2997637915478 1243.2908996987387
886.3903973900733 311.3397905666564 305.6914315166851
603.19250102369 1914.4507389580956 284.3919727295395
906.2732348381705 1517.3183329479205 304.3247376815042
806.0953586563227 1008.4537992863509 294.67275932648295
1683.5831038041454 1038.722255760771 743.5788453202362
893.199775440815 659.4822553544307 476.8968512490699
1655.5891494958166 672.3412252230107 411.58261659688867
897.0049623628036 312.24602763143093 1064.9288513308545
1734.2253434048162 21.042249305357696 259.9995461987932
1528.283244694515 1430.6380746794816 548.219750324835
859.3389023673114 1105.4962228960587 92.51278279319392
546.97086016784 601.9171360430951 929.0488880481885
1828.6511874784962 11.886075832354237 1160.890044272095
797.5450334422541 303.168033075611 895.0954553716007
1590.7033105370983 1044.245467313588 558.5551758110583
1222.1478820302893 941.3613770637237 1224.9856980414334
289.5395471671236 799.8186452764282 304.9108666264987
21.422716911846162 593.1644623495329 368.5947577518521
354.83099827052956 955.526927871111 887.2197063368034
1602.1472350251768 1866.618681720293 1498.6921248001827
1369.2540452879007 1296.9795875187506 370.87951668794244
349.378795515088 1664.5208670737043 301.6500564309075
1237.4582667759341 848.5196661653473 609.493020397808
968.5020126526631 1151.547236955328 347.8823723139511
1842.47134525924 766.8074571237757 1039.8662587130327
842.8347293483843 1771.3511386858806 887.6920111511615
267.08353102498774 1521.774998967518 1156.3618709226344
1104.0519675272963 90.84803014290355 776.1310258863415
1438.098736455956 1830.6437850979562 970.5171523063088
830.7280718981609 1105.8920825719065 673.8109275824488
212.1172163543017 186.2721204690978 722.9211868446367
399.75893282843276 1570.7854539984908 466.44857891145926
619.7546811444346 1237.705262812279 527.5513915886746
634.1375426966615 721.1122181459968 740.5326149990149
1031.3985482482549 809.7162098647375 325.4982072126775
1465.7878461361067 743.5637584800847 52.07178019633074
566.3809280436632 351.97487200553223 736.259132544472
1257.897293471139 1466.2697786025078 615.4513691172118
247.12888414641677 458.153291498566 854.6249069506216
1977.5897131239287 567.5286376501505 124.1687072619007
525.4377762187961 976.8740616411134 1247.9120714338408
917.1543393186155 830.4590423654756 1333.6851240886422
982.638062923703 801.6207217017582 839.2196742947339
644.8328219649994 776.6826376420619 709.3973292496332
288.6596226785718 1583.178613222302 1317.4249140716156
1020.5454164723702 847.1636109405127 328.2343048463569
66.55218465761203 1267.1295369346108 535.6849730593611
359.19268213816594 775.3828674246593 619.6107646681154
127.49278917052598 1855.1472593030308 1392.8237333389318
852.5929983730127 1814.5361615869897 1012.8756455075808
168.07543139802218 1001.5728718584829 243.7120199365549
1974.7701197854833 1761.0918225724963 301.0292497160839
1189.0529897206184 656.1562512883789 377.8626282841907
1973.919498307609 731.9639085560003 123.25402394962958
849.505452441039 92.75028195073287 1306.6864476244746
1630.564587831468 929.4346019853192 35.33591819385862
340.2091675307948 1576.8932384971286 12.124909646140768
1629.54907077309 1073.2965586090183 736.0863675240857
160.4284678795942 908.6397667005348 515.0224456417959
843.6726161081192 976.040588748891 1216.9788177691014
1179.6051586896426 293.8606733819302 1274.9030444829534
1938.521059275236 1616.900376803086 401.8644083527564
245.71481883338552 1817.1860367762904 526.7391101374379
155.22528408403048 810.6255590205647 214.73610852530396
964.8281342911702 961.8836018808323 531.4287865090661
1496.642793973622 1079.8900637745976 255.75015205138413
320.88284668241363 1260.50589251581 1440.0490389488068
237.48117483482022 266.9208544998749 623.6453516244507
927.1050554774074 1032.0903088101406 328.91106994579695
1622.910660593267 26.849766176021195 1089.0357190747281
1979.5611542327847 172.84063183751664 37.39312063400702
44.99903276375905 1464.9908503800248 53.15231386003339
1563.46879749978 513.1556389199616 711.8932719749456
460.1129944099911 1925.9076154380275 1431.7194432843269
270.64423359532606 357.6359503018971 560.7739723597845
1917.7140862336012 1494.0357391474577 355.6176560018542
1160.8078431959789 1396.0302489794792 954.5023308871448
419.98841657198693 1197.4485011699542 222.75404224677493
678.8299630866617 143.5671325734216 1102.760990216675
453.70074335341104 1112.8702280295245 628.3184402324466
1718.7392091566994 937.1835195677778 783.7403444857903
1552.727374582963 525.1669644935944 560.875697332189
257.11453745635436 592.6881240372195 729.8905094169206
961.0184091872318 485.36692450138673 269.33520261330204
352.26163366653765 228.24224323269448 146.291219800387
934.2261467798194 1782.7543240006355 319.58416932597845
997.7107557081329 1514.4079976354653 851.6828517547062
1727.8742354764381 559.4575120878416 698.6451733110631
1227.5163505254911 427.41807103087325 93.42792554451485
8.953372674114224 1477.4701561063794 724.5558794916141
863.6249661413793 378.605603173916 918.8052035915124
1784.1149466204445 1164.4446075671171 858.7864068212018
461.29350341629373 396.7694073591497 1436.7593010904957
301.1944707635559 1277.91156210429 159.1534241581628
1627.7224110702582 20.969061924860366 990.9222580893633
1330.9764551134817 1013.1066906369941 250.9251912887665
1079.0470844989056 1274.8703967607676 1458.6058352111006
1229.512452511874 895.9358520699378 286.8635039423119
1973.2898629254817 792.8079840062175 221.58811992825372
912.975083173617 615.5221958798212 1466.0664904211767
1001.819853009313 230.97610763664943 3.069630815212221
314.1835910563733 323.39344799168936 1353.3297057559932
1758.3150436924893 1542.107303239267 95.85928165425462
389.01425529543275 1903.3272407946722 328.9689508483676
1061.2003045965926 1484.773602643147 1246.1076866674844
1413.6634716797562 1802.7371118298204 327.43410064060737
1292.8331374146592 727.8597434684692 366.51150940428556
1863.4292250810718 357.1665606289347 225.50644176960506
637.650430506202 543.783204151683 17.433236083135906
695.028845149476 913.6572997321082 1288.4154839260054
1944.963940797113 1708.1435351981015 25.37346428967663
1433.0893836450164 1455.3616362333294 1138.0651470449973
1638.3386831942644 272.14595355379714 1081.760885792213
216.38083656674036 1583.0812451577574 64.24146712652295
1620.92008031412 685.6611084033002 661.774405354027
837.1764116365574 1349.556468746864 1162.2215980088101
1615.6284929782948 669.7377794395112 213.54306731284146
235.4345926777752 809.0351493209072 1025.1761605582008
1617.7011132664843 88.78508517750139 295.0034504764807
739.5328823198641 938.4339520289633 1445.7607276925426
283.6253813509528 221.5476839010102 325.7180516481434
1.7570330567657777 537.0771617323842 289.9265915233425
869.7277202410683 904.6361639874876 49.900164680742876
968.9900259066828 1301.493127643089 1197.071127418795
1943.0866407577962 1929.5404903367398 59.776895198718535
1261.9200413370866 388.16164678720065 587.7679253468734
816.7560448067077 1599.224274002509 631.334902757958
612.3505700019512 1256.092344668839 398.8307609966261
81.62772998281098 1673.8156948073622 262.6028816468607
573.2860382417082 24.571690095346987 116.88464004416022
512.1069528609523 1955.8841775836845 44.298631505878596
1014.7801516816224 37.08475843426129 412.9695026757625
768.9333878699582 530.3906729127569 545.2369753451935
1877.8851006801788 1523.9181416541298 806.1288315272419
614.2439331685541 851.3144884311647 613.7600420044989
847.7420787185273 883.7435106263218 1332.3164683728478
1022.1444181360189 1302.032760241482 1338.872816059625
1732.445560310213 141.29749185751118 1276.4883347454147
399.7848330850093 428.2939182595791 1389.6215703875919
706.6724281403008 923.4404103351288 623.3270093849914
1194.633470549447 1061.4026574370978 965.7983486506831
1035.3223867112463 943.9930583157452 1274.5827705550655
1713.9979737149267 1856.8785972301105 1069.3737621535938
430.88047165273326 1702.907875337281 627.257832347652
1904.6168171547727 1557.7635491043695 1378.0277687258174
121.32889902550659 1742.4381082689335 530.1116768456268
1142.5068418420144 946.1476197064655 449.0580399580605
1257.6977700631965 795.3290635811629 1388.9351699028132
1818.6614923923585 311.10084619357 30.87183682339112
203.03381591597503 127.39584737358211 948.8532740331241
150.98109676005066 1123.5970687329498 619.7112820307358
1959.0921000561655 423.83635233223174 299.5808365045523
1848.9614586389716 827.8781390277347 98.63640856231798
70.35570733163765 1350.3934171873907 1084.6669682906231
167.0393778369641 1896.955884715923 992.2876396639691
1768.669247397621 1005.6964392567289 1492.604898560165
596.7007835906113 555.0973380208721 469.64504803422614
257.5849081275239 1803.1354128332673 677.0525197125976
381.27103603563796 668.6477880927089 237.81024845064076
1282.694581583548 1288.601724144674 177.7431285497671
1120.7679087441861 1133.46949312808 462.30192844888563
562.0040804543647 664.0122131622446 1364.757906028597
1729.8420341075023 112.7498757946801 531.0667886252932
338.0446299595736 973.0119633678986 1221.9797088528444
1202.2457158805514 1533.3506732123235 883.3706299070421
490.4917327164988 1043.1693063544865 1284.8766589023464
1807.0228099142964 1843.4183337870008 47.26344175264757
929.0554167387404 1156.309106583773 499.08255468280333
527.9274704750536 1302.3476836803432 1390.9676001813782
728.5889535087584 449.32614958962233 243.64933006943463
870.9387728132687 524.8422565162618 148.77962204751765
717.8017060488285 1773.775886922408 265.08127218810387
698.2727036384065 958.4252069438204 972.8876957385314
39.051006398127974 1910.476273604597 128.19538572923906
1986.0863256725856 474.556890425379 204.71422763566488
962.0302646049179 247.23691373339628 965.6589985965495
1923.2766932117154 1350.6779132923305 1042.5620079735486
669.5312523984198 732.2921841879393 1143.7237975230294
732.5600360546996 1228.442335321621 1437.1836142523287
1900.3232927993995 236.51987442924582 1203.2044439012068
1973.9304256351058 1765.042751780899 547.640236641547
1766.8288813686484 487.97415352684806 887.7844212541137
892.7359408951095 322.51259063299375 1015.4519383666709
138.32232032696945 1887.1184828207865 991.3680481989572
742.461674199757 1207.8674599078101 1183.7006023263662
1230.5045178446962 1470.8968954904487 1327.8830746948527
837.088066241092 1230.4571998546257 518.1834151597835
330.5243084695213 1469.1887455709461 561.2859801430341
1918.8210819520841 1459.8292116104542 415.36191946114013
1911.9067397864608 882.2124747364586 566.3169429323324
343.6985726938224 172.35941214486684 139.9059090014051
352.0421103641231 651.6237380876199 756.1732942753322
1469.627805282439 975.5610760388829 81.12280527257943
1524.5967661151765 1583.6417937107153 1420.9240351582087
1189.7454897625294 1106.7386480776781 104.79899300325496
905.3843524557839 1337.1807285627858 687.5275499794031
1087.1450047287294 1488.1718759906532 1096.9409622940977
774.3192910118153 107.8563918808182 401.7870267826518
111.31648934503313 791.325563711363 308.72418611944187
511.4949408889886 1712.5314116591044 379.09050658099596
1238.8531404269554 814.3884557514174 36.94167229482098
54.28064588534176 490.0032698083392 397.32550908634045
577.5379772272338 209.13951158253852 1147.5153606499123
1868.0866706338975 896.1393217715032 1309.74419384739
622.7508559004482 1997.0884051612318 1160.794440189289
599.0804708955071 1625.0173752151936 52.982544793854835
1279.2571572805673 136.32134746744273 172.55994686502962
1645.8060647972898 1859.574816333834 1419.337828034544
648.101185646196 1477.5326382108494 559.7806178828766
1327.4330289386244 1623.3931965584366 154.02492185862
1042.9956581846063 1245.4444730284122 1002.3798176190193
1330.2533619790192 1747.444428313653 412.7821848593541
789.3082645367589 651.9329327745043 1025.2718994248464
660.9783731576911 1972.635628987973 995.3055193817489
678.6530030012746 284.1588159341246 717.8225628806105
877.417790540145 808.7247377954849 1202.126881934728
701.454791364545 1062.0082117295447 126.85535263951714
1317.4174728806536 1902.992534742285 646.5131224719695
990.6767509102481 191.15970961998107 6.929471887951177
1721.6353689394798 1326.4315648635652 365.6175141420685
663.3223670519011 1154.1633790433664 249.71186066163813
1377.9744812651609 170.09397281960713 55.06936586803346
583.5075440287993 1533.8718482281035 767.3824123619988
1200.2505052987503 82.28142485956913 955.3601215349935
209.78383005966484 900.2588132007431 723.6132429705689
232.96327286789585 1949.717873704991 753.2151362414622
1602.5586975749604 1442.4422388160453 662.7373210592275
1076.6347420953443 1736.5252723551523 1265.2292777129292
605.7188761410413 417.0261679958005 1171.304241901319
1224.5696905782718 241.38366091348007 922.4958443112994
1050.388449915841 99.70451788885227 149.64510543338133
1890.529527836156 427.5898809837242 17.068855371856984
185.3733187664688 1298.6118060030524 1002.3633428679804
1583.0389341599448 453.94137960401724 1036.0833892364312
1280.0708246559789 1633.1222335985337 895.6652311081149
1020.3424233903644 720.6763898482138 183.273791499651
319.1258987047687 716.5653829290983 1496.5865973325062
1144.3433337725205 1001.2876406234974 900.2287750378919
461.01081048414216 1554.95407877755 731.3519892095184
1257.600550143172 297.03239063177824 1383.89239546935
1595.5382359486323 1150.8716055531797 571.791233145009
349.4625422613642 1745.9870592641087 953.2279708847883
1857.7347670119166 1139.398974123223 1435.4335201532635
103.34860147872948 46.29953067709924 1479.5801023260408
1558.9974048826666 369.8904094632385 249.00836476961402
747.9011289230046 1192.4753422570918 1341.9549991107313
708.9964605230319 1754.5680562540826 801.0174243953671
455.99411066927087 1161.283576579807 552.3968745037
1399.4599312961634 769.5522963428076 759.657165436559
1508.3587283891134 1532.8484830383272 847.9966103269716
1268.2454456008907 414.56950454467176 217.94490919240783
548.1780084331165 1416.6197092013251 556.8974875729092
1032.0871480288686 173.54839818756852 16.06022384146366
1454.5766148770833 1615.1094653328698 1095.2181434264116
178.62330314191976 577.9313642994704 24.95314454022013
1116.0059799004916 611.4780130535776 1429.3709581517433
624.1107740437197 693.3987522320158 1480.350645512773
1116.5225665339701 896.2891975043277 155.01426778103806
793.8273760766075 390.6644129206882 199.30105725172703
564.5597644869675 1338.016003879088 403.2843237796524
1863.030474769298 1069.7139570447596 128.44979635220238
452.2965789533062 43.43210725706936 1080.7102907577557
869.0911289388237 1484.4646607100287 1107.7281714942749
1533.488528684359 389.4451041104581 224.2124740580791
922.9041769725696 412.514014702253 260.037506433063
584.888761099635 1405.8521231161315 412.4086445293291
1786.1167599578248 2.4083792916738123 48.726618486831185
1905.2021461226138 341.44979424618003 60.68721488367718
132.51399568376488 275.8506478450402 1074.2510737483258
263.0035005485489 1454.8007002824397 700.0321199867183
960.6861083603 712.6110098680418 1156.7527161962828
1700.8005794995993 1487.1227550741885 1105.792706488351
1332.4632671396512 1901.7568957313406 816.4194951869728
840.1819402599331 1436.6250002332106 452.86984942687207
1464.1659542908078 855.4516695986885 981.8168174865622
1292.6082381294887 1370.8903879831848 207.07123353350215
955.6900453967769 937.1803851302132 376.8678524105893
1638.7545915349015 1969.7481639883554 957.2808080514608
1088.1592178759959 1121.499161320408 13.948582084329919
893.8020355692342 1817.6129607166201 143.9363209002504
157.92500906164886 1019.5980575492915 155.97966443885298
985.7543287394969 431.86154674503416 431.1734230053158
1384.0339241263316 1948.1737421074238 418.17456558186547
919.9915683458881 746.0759528038305 265.5003253323959
1520.3203547525181 1634.1440492912816 484.9356022432547
1866.6135264206923 1924.9879629494828 1119.6467044109597
296.8550455871564 989.34325967848 952.3561182642537
1007.7576354930393 1135.8317060201066 717.6069609627222
1601.1964243397772 1652.4906078364133 660.4681271874344
136.20856293638383 876.3654581027318 1254.247493189981
1466.032165503951 928.092271113939 1490.6598827978191
404.9208934565156 1267.0496991489629 1166.057532475299
4.373277596912084 1008.0990134508428 39.090432637395864
317.0530698585503 743.6360145318374 153.7460769670782
297.08746118844044 1862.870722543666 487.23266543080376
589.1246712256475 292.04598886119993 87.13299656461571
402.7848857631222 1948.7782816116912 662.1634693674416
35.13364102686411 92.51671911519566 1452.8571571923626
1987.1812614537948 1186.4213357681224 15.55524142455933
484.4003518945721 191.14921893229942 1015.1980053673532
1507.1063005145015 1437.3600469562589 859.6726453350044
837.3655472141409 1815.0271891927325 1137.9751948680007
1584.075470033506 1538.4303139872356 229.52534642145622
1271.092004083821 982.5464466544713 1378.6714687940296
994.3299499338136 498.46478713946095 1434.93146748935
434.76090527056056 892.4109960450708 404.6454955990007
126.18244042689541 1611.831170997078 959.6501051511973
240.57029634082562 1856.9295585776792 527.4800725587704
1651.0853964917596 834.605242777807 100.60978930777681
1464.890593231295 184.78228037633926 742.5597926222223
1372.896659502326 866.8598474420963 116.70454547509462
689.464349528529 1080.6508344825925 1473.5385095374204
916.6235555471593 1774.239118689589 1045.9185918886826
1625.494544999995 1495.6179859872836 974.1436292723331
1592.5699282986318 269.3794184194336 1177.6401509187135
217.2343170131992 871.6255761678538 579.6338293504298
92.66995902674968 1321.6624320780913 16.251255008465527
1132.6287405688624 254.2696765847483 710.3074237625578
598.8123763593198 1084.119482527622 566.5985455125199
163.7868180456963 230.78456841646732 671.6323628485658
1302.5451874733167 1407.1075491125587 335.36297460445604
1333.3836706351508 1602.372521974493 999.855703425578
248.09148435045003 534.7847877875415 474.3089845682891
1017.3103473871973 113.57289815658889 632.7115582210458
1977.277631682038 1660.8966045526622 393.16639618020423
191.9200514293955 1974.515295417312 1231.0841365430895
1250.7677207156228 1689.0453246312381 259.2300426180271
161.59353394543197 1848.1840487450215 29.60524204171794
347.9690003192513 1438.146242942411 168.77788503440445
1113.8408715823014 1553.0245709604062 698.1618895005197
1760.477653231057 343.3040867655595 1343.7990648743385
914.4125210158662 1419.6016434868986 393.38682914764354
1920.0641464463224 378.75727447013196 68.05743017765332
184.73181294150544 1802.441764762758 468.5134968489445
38.463256675077105 1826.644784951304 1176.4451363728506
343.35347198428303 591.8215404198952 1064.3892579486678
1118.4563259062256 1902.2121936417384 935.56992597107
1898.7222231360615 1925.141408158673 6.640156993086399
1782.3226478923666 73.55662875070234 1412.8483470725155
79.58369067622795 1401.4637298416558 540.7994505472443
1912.249976063247 1287.7633737774327 1056.69384000081
307.43900622353146 1154.5264433750965 252.2214239143153
1557.2278886575855 687.4167156184501 912.4103261954192
731.5143767819825 1314.5892826792258 29.688589074225447
1548.3970945550934 229.43160427035636 1103.0065155417262
1243.9933416615652 1408.1502357425181 1338.7236380132438
104.4939951152084 636.4495889430442 468.72626764990173
1294.696179156484 1282.0857066017554 335.6538203972604
438.04619263140364 1668.4944216617905 1393.3517226282386
1796.6199474948437 551.5504201268719 925.3010937068823
967.1227540143445 60.942003355042075 963.3166085906669
710.5336835635338 1125.1964771791022 502.27194826318424
1282.9924580006734 1294.3428553076917 15.631010430009473
1145.1545787478135 1118.7372902879627 1193.8579408603684
1272.8052809867718 884.987438153856 958.7035300279846
490.75734928424276 1609.503295501085 915.5133719710817
311.35918897071855 128.08664763631583 485.35483851700656
180.0782216519343 496.42341572234704 17.684434251731716
148.74993325575113 747.6769461128603 1072.764831391926
680.3551205030551 89.59537482923041 573.6770852250761
670.4708464985088 914.3339996503463 1424.2797376751296
895.3433067056895 592.1944012979343 645.3070704839452
195.12296672065355 1722.0962319400662 1495.499402556138
1444.8339505649203 880.3943252858644 1476.4306986053898
1983.370520437813 1930.541981586801 182.73235317043458
397.00317112981344 527.966638948936 365.4398204422586
1256.2895420473992 407.5265823576717 1185.5408715281442
1974.0229076976734 97.6446955761614 1357.4842665566384
448.9412510175772 925.2592993978818 255.4392708703816
489.3390983536896 374.2174908556741 179.35174924800552
1716.6034818657586 524.6424264239165 225.9460201722003
75.37663606996125 1391.6325413293528 133.55096330867178
26.43596115584557 1496.8169798725578 1298.3352419319983
1239.891792860692 249.34204444917052 351.0463618410572
938.974017451578 13.753833323701725 905.8895114721191
786.2897553907178 1836.3716321673528 419.30409271933655
363.8693723072743 747.644592357756 836.7721967277241
1627.6158632107188 482.35632457584666 834.916141485381
249.91480030218628 916.4764251582586 964.2737243131959
256.97459189028706 36.27345189650555 302.36594360804565
1233.999842336288 1643.4190814078843 1405.1542973332753
442.3611624031747 1564.327859012342 112.52704970749117
1764.3335594673072 3.8976653872244693 1395.06950511273
1010.4472653851519 1622.7275044827798 1104.9956617556197
93.07192557682131 1900.8898751908605 920.7989662636247
1430.761962957334 760.8000020011978 1256.377881522903
1763.9574248838637 1388.3198739939448 1402.9731358038691
1387.0316514192314 248.8781519969916 859.9023939823577
885.0632105674414 1581.566894502326 989.3848180203817
115.57737092371868 1433.0149932850968 67.74116725368418
1016.8042910527557 1684.4442215651068 1159.2122803632146
1152.1942863388097 1981.782473567254 244.60481532037846
553.4163023795917 1770.9670079635698 1446.353310729241
772.2215085203275 1163.6169849283644 111.53448568934304
1597.926770154485 1204.2573323742042 897.6666457925548
732.3776427269719 1255.0513995501733 477.8449176194326
1677.092215944645 1098.1462490235563 812.9553073522644
703.5658529558643 1362.9658711800187 814.098982795861
1867.2059562184409 881.5020454503923 736.6034081966438
1718.1394229416499 121.6111156852162 1052.8744097163362
1082.933354045492 1710.3128169769914 959.5418088611797
1751.0844762171105 425.80644481575547 114.95469660239166
268.61306499917515 577.0753067725689 886.7991151337525
924.7751588675654 688.6681277105713 1293.6109963070705
427.4532320465878 662.3488751482212 774.0021926224103
486.0912780896847 1192.2612093559487 114.7464657120657
1925.402952569389 314.1261371207153 890.1549725630618
754.7661075297777 934.7730282807249 1298.449432649411
1283.3056978948944 808.7503094590238 1404.6893819716377
174.21911484519546 1272.4623829033997 358.8109446430503
1156.7434173872396 1031.8006082266454 526.0620812084113
1064.279405534333 181.87344739918143 1497.9710342844198
1928.7975672924688 2.6672519532759953 937.716655981452
1884.1380550183685 1626.3449752695328 88.86629587535566
1071.6407853002108 1356.4402859321049 290.66639731779304
790.5782885996587 1814.0220782703009 997.9861876169443
176.22920787263263 876.5953879977025 572.7766558616693
410.2162834146208 910.8257655881256 1210.7403180628708
456.31193832584984 157.73853339599242 756.6266471142218
1572.2778358482365 790.8316547648391 242.14152436377395
273.565749122882 1757.4154133506147 578.1268223492738
1762.1244442797392 190.1908014960867 1150.4446992922103
1328.7848649934315 30.224789321796397 132.6006603356437
274.6996807202731 1935.3297263962572 1103.607929997971
177.3506147621151 1555.50134715547 986.5146617320249
1256.0447934110834 66.97113660752696 862.1864761653113
266.08320768148076 1198.80063878704 225.12099795924522
1108.6590299570528 550.0567918401083 1088.7206124039233
1122.891935120015 1376.596856991097 1026.7681772970095
386.9171168564751 1264.5158937376539 256.27152986661196
1428.0504672117181 1024.4118832541794 496.7769143181028
1440.548502457028 778.05487838067 297.0676377798765
905.1383495204606 795.1714550813609 513.757640366112
1204.7498279762083 1453.8200729645373 483.6965037600891
941.7960549954449 229.239681130899 1313.1192056791886
1885.0603715663021 277.55576037916785 1291.2736849566745
1843.2408974150644 1699.6753673355317 633.7317728536012
1593.043590966518 1702.1571895835607 1463.3080478326442
604.6763287032057 1390.6973628184153 216.04762717939852
78.79115769871858 1688.081346258488 1418.0892242879802
1994.087629625156 409.1805270065234 692.6643204153236
403.62910347347116 1212.9116124947952 347.9683913777169
965.4099109931569 1932.7425136639529 30.71778698576488
1590.5982884546133 771.5718747109395 266.90348561207287
251.17154620704142 97.95374934724066 91.67415747335228
1354.6661953714502 1530.278224713332 659.1077525019358
532.2596483226076 362.46347491918687 1313.4174588284673
298.5665267670132 1192.8504884069791 592.6491093649851
278.7224471115288 379.8054349755924 1053.1277362206897
1488.477423487636 620.0703837921913 1107.6778452184938
496.036153628707 818.4892586906965 860.8238549709608
92.16526860470364 20.45676256189499 670.4709161568
1887.2321715261228 108.17746757803005 546.549664625023
388.75950887970265 1014.4777318553517 803.188365149636
1678.5677087599129 205.47002669693603 1404.412249497489
1451.1568336604616 293.78306261086686 1496.3503110053675
410.3642067384707 893.7291918603878 1474.99584283483
541.0957250742388 1685.5077004349698 412.4137616762255
711.6047036778115 1560.3279126228795 607.6885298044017
937.8087078499422 1747.5953855885496 851.7587539237932
152.11851140206954 536.9445809966968 690.6727323571256
1101.1029097527733 39.5558855160143 843.8018402760272
878.5229819739558 1897.606493564416 225.7450191296298
1550.2920353725228 755.3964570788274 189.9643544181054
1541.2530580203781 1712.0755143644108 486.0278642576207
1925.3825656978229 1622.3434178137256 62.34446451575349
1750.2228780479493 441.3710307404148 903.3119372640309
1416.4665067972112 634.9963009046912 748.184865221393
1422.0435406689276 1430.646930558609 1419.5360649903305
530.183406808207 1209.4588132428944 1115.2110620736119
21.48785291327915 1289.008047850531 60.44333890176284
1175.525189452134 228.9409841818759 610.9004489413201
1819.4206643138332 1309.5482219085764 1108.982614115634
1255.638898188189 530.3557165984098 1096.0988003033874
1513.6568629439314 13.734615285077911 711.5973832743077
1870.1364381519495 194.39411825624276 831.1214750246127
1282.5722015107222 1497.3738024241309 697.9443253285511
366.3477980084404 499.0091271495809 87.51404782315858
284.19233976615385 454.27584015658005 1361.0024305839484
1025.8547133280963 243.86513697952128 1114.595057326146
1643.3576886717242 244.2446603392525 1005.8739518594166
608.8316324538843 1716.8257482098104 1444.3638196468266
203.53136364195845 1792.8377539218623 689.2809034896407
116.29922121308134 1987.6121214501297 1418.5468155929525
1292.6393972465737 1723.4083543302586 241.42884264702928
313.493617580876 806.570833748459 456.47486896312137
440.9151572296652 975.7177242792445 733.9246745362303
512.6754862997591 963.3732997879652 174.2545740707776
1520.4887055452714 470.65734366573844 1321.922722783783
968.8404043819485 262.6022512779704 211.1775008861579
91.11190489796384 301.44464233583034 796.2815014329116
959.6963483688827 1210.0170193954466 1296.1041695213
1607.8824951133693 1097.5820754288866 214.37415023594625
643.8590777022175 1040.3249946392682 309.2816972631471
292.478014344131 272.06182890608454 496.44571959266403
592.2027974249007 949.6983353592709 69.32683295816727
1252.5648949257393 12.479822623284287 297.4065060318748
1113.4171988319686 842.2664555667665 1169.48654717318
343.6592962948357 747.3710344600888 1025.6697740670927
1826.8682232999577 1109.12147903218 350.36578094324636
76.57970959520432 507.30547907099367 1098.731952540526
1345.5092854184566 143.5902594911993 773.1131467016787
1454.3806340990134 515.030428647759 417.4803065182155
818.3723302696174 153.1573897694396 1196.0661178022656
256.2261054528569 1524.189589234648 253.38475886372487
1244.4637975154562 629.4621205991648 1170.91835320416
1317.452417698515 25.57846221185578 620.0969034180567
312.40472910133457 741.8815770860637 512.4601631363057
675.7404499615492 1294.233121969133 1424.952383376487
26.18579394301235 1068.9657775905587 1404.9290491098566
564.3447446844514 173.9466649143768 1248.543975084912
1698.6642905846356 1855.1801340668983 552.8728928868867
1984.9262248447558 1371.0056363812362 16.124405923101214
1758.2755684348067 1344.5884774388805 1181.5251976208306
1409.2409754278947 1034.295098786198 1437.8859919096813
1154.830909778285 1670.193893573085 231.56591451749316
1772.2080071039597 1102.5680937604952 772.3752801796435
1225.944721120447 151.6587532566065 731.7822702906843
257.58896791438434 1794.5725888903457 843.8585815358396
107.22958267230531 343.5604765906097 120.64401130762853
716.5965600816453 211.42978676274748 138.9852806940221
1366.5051245792351 311.7816975571701 828.3323703181599
1248.6130789673923 1301.8156651195034 885.984638193478
797.9554264441149 365.4588715618192 566.254785128952
1796.0369238059639 1605.7520664834028 420.36256943566065
413.8754728878897 1384.85719571443 1171.206968969136
119.38591424317102 180.22961801787818 935.3740544846977
881.5616588706074 1293.7758989603794 654.0032843653281
1366.691382400588 1005.1011648979306 1002.740553079469
1059.1288201775208 1347.7800683250155 1394.6588643923776
268.4982593628762 129.88161930659749 1006.1304184926344
679.5063398367347 333.66758933141404 478.0681255312284
1818.9876557038033 397.7738536129718 1100.0405293766896
1095.283701367947 956.0270106834414 1372.0871456271577
1925.5715382588407 1550.0108019297224 1401.3729698581951
1645.2391334604374 1829.4521327478658 965.606639041168
1554.0062798959505 1677.3760706483115 198.65867367450807
4.588916365722673 1468.8270721536367 307.14149089084503
1259.5525009683702 1244.3953296409695 59.45925017408765
1221.5898404207574 1684.6105696778225 117.84115777056937
1229.4272777844053 1963.137523767071 110.55057648319233
1684.035262892217 769.2242526020176 145.591589630849
1588.1718663984361 453.14203398679575 310.98142496109585
407.39322639439445 24.33363931596899 1499.2094846105651
1223.5339165042324 929.7090931243374 236.2063712808522
1489.1448751883104 356.9562243597477 1039.78681581356
1686.2175637298933 191.56958445308604 679.5810436496824
568.9437599645914 718.7760435905939 1292.6645302286843
1256.0671982976498 1649.6450527702732 444.3952434003452
214.51064537710528 1241.5154198257621 1485.6148096439565
271.50197818468104 1971.402645616544 616.2999419470239
10.99183981441243 1128.359479567358 552.7613867592714
1235.4576124202267 258.95438523006464 140.3719464908943
1989.745332496335 1442.2944404894702 1217.9899576143644
759.6881915943852 35.08784035598822 118.4497347366475
749.4712534087054 313.6897850128277 1254.6423673645977
1329.3623143801021 929.0738616136036 1229.099032291832
1957.1532889246453 957.9251071289867 978.7963785391404
725.5906620188997 146.28674425800025 54.3372245879366
1967.1664618454747 1047.8031193259646 866.786227722762
472.1553129330436 1481.419613257907 555.9562370188263
446.5891693610344 967.1695056695858 679.1200239059377
791.3669209692478 1237.9257564191207 1358.2116730332518
1163.5945843797388 332.8405537742813 12.520371791984953
1700.9988368555405 3.657598752677904 1077.1668142753344
1772.7034146185438 1327.9252644068483 497.93250103612417
28.931788753163268 473.70520563754945 593.6035095355909
1332.4180790845369 1011.3110459821835 1177.3253512088345
172.4861854096027 1095.401781562882 1308.9341548915074
919.0125282974484 600.7175192661239 448.07054513025736
720.1553584063622 1855.1679053004013 1464.7682734999937
86.83834093234522 252.8366878189694 1367.9075447881748
871.9179147622034 1873.0304236919667 336.7480100329864
1592.2317531749852 1917.1970511789227 861.7776675041786
762.0292653465235 453.4918756000035 526.7271309992367
112.92197828969508 724.1875061899839 1348.5676612209356
1046.8192731518004 323.141753609365 361.3391124602449
967.8394391257601 832.2535305345182 1497.226375269892
1968.319582353201 1276.6543292375238 936.3089609050543
328.786714306075 1277.9924428146712 856.497757784583
965.4605881779938 1702.953686502727 147.37144143792307
1035.1125852828902 1317.0826826779203 335.8538537568806
396.81280475182666 1563.4063471228376 490.03972035649105
376.9143838801348 1352.6657355045797 462.79891172120773
1272.9132779916815 1699.2824511517995 577.0047953990282
1330.3811152078376 1651.2555878022729 1328.884654099685
274.0087248957035 512.1916704447311 56.10115586064518
1744.8185171296461 252.86428594094357 626.8460918049836
350.35142168461465 187.27578262537637 391.68573686536195
1279.2998365503772 249.26515562374553 270.3324480621121
51.79648413620552 1984.5909148135452 922.9976529521482
869.8318042317608 1384.5705769365247 917.8356193100338
823.9450434254713 835.1101916238572 1351.4864060571663
1512.422941773311 1962.9993559328097 278.69524124668186
1843.592714621144 743.1911410169176 1460.491230327114
283.5935152628979 709.2970747977386 378.5712937124226
1422.3164642520676 920.1426286801377 360.51896414101714
122.08361403592538 57.669193714482425 645.9341419461736
72.14898323416685 1488.4378169453537 1094.8515891860095
418.25210077476925 7.51345728307018 1360.6292782309692
677.8397709424688 1784.1831937518334 713.1862200815591
1402.3602815312834 1879.1898053494037 898.293640881326
611.4755262566429 749.1776812463478 890.7191400557815
1651.7649068834148 1727.4395423566746 1425.046999959538
497.95047656286573 93.92297853082243 709.1888276591858
509.0041687008502 1231.8554875567327 710.1539240597941
1810.801386847421 455.55268454869326 211.6562552858678
1163.5136084072913 486.8588860136047 105.05106757442495
1026.7581298868447 905.9410705970492 438.7501376969796
234.79887243544462 798.8001050481131 237.8799833698191
900.7594123258766 1599.9103743850746 362.9969670496739
1163.8172257182107 411.5590695617921 1364.537523830564
139.52793012462615 1490.0516029566704 184.44089077304892
363.7235430817178 1714.805730510493 1367.252947882935
691.0998871717637 530.0167795308366 391.01425243044855
1542.5392656713127 91.27325536499798 1206.4487608479499
238.09725132258296 715.7658605642125 468.9088385415513
1036.302286629682 336.33634488170696 242.57110316865166
35.8526067840903 1344.7430128990984 952.969353599887
1323.4111862494606 577.4996149615126 954.8200736017824
1331.9641985919843 127.47507874874975 970.8324468934906
1231.2471408798226 850.7891443046651 720.850875198466
1019.7474128845859 1995.000829617128 1326.8483084556663
843.7183445883918 906.1399061792847 1128.0018974541933
1058.2160699727406 1985.3739055179897 198.3414208564917
669.408127101719 185.41603026071974 1223.0807706959317
1063.0128802084316 1715.012470198473 936.5276507285857
227.92363697327534 1635.3035786648607 522.7725680235266
1997.0842043644564 1404.7138375589573 974.2114304233019
1886.164728879036 1128.0790374774265 756.0306766133234
919.7409081752686 435.13898421428854 332.1868289438004
1366.9940151699002 515.1782755254228 1071.987528213401
780.5732312456169 70.38934537347163 1322.8885520219494
102.50012149579612 1262.8546706989985 373.476036075378
422.82263709619696 805.8894835444288 1127.036501209216
85.35342042875116 1077.1944203821583 1312.054623032657
1268.4605930931305 1848.3498421623353 281.3749966001003
1553.0449081040342 499.50678986615895 1033.102765844384
1228.1314453058496 1071.7855982623375 1039.3609725330193
1724.6385752955346 1235.5241923524416 1244.103938552079
601.2076002406244 825.5497382902737 1033.0686123325377
168.54019450204683 250.75076478418845 1468.1580893648393
931.5012340664259 28.235818451813223 1163.2757485133127
1538.271898658842 125.74607224305167 505.6400901121686
1750.4691460078523 435.9069537638314 897.6630645263905
564.7084304556549 958.3566956119624 1321.7741757632507
1688.9552008700803 222.13905926408862 865.2784290947948
1949.5260532473749 897.2316370959337 743.408396540967
121.3479917539022 505.6932239078662 936.4422573045933
1267.8027416667246 1501.4066347691396 24.097278493078022
1689.3379969259552 56.30577615404264 845.3568015367852
1041.5926903129007 1510.371070982998 681.4964731739037
1483.0980455674448 1680.4063747041664 1155.799189221557
660.9818458682008 858.1272642980435 730.8604914137298
200.48663038236626 1494.055294778809 157.03479035938022
1486.6052967919713 997.0787122928639 403.3125448721981
115.23655489462637 1013.85778326637 910.9695694252808
303.05573291929045 1360.4070593457652 202.07993483147285
94.08586917568672 1861.2796292009482 1265.6836899249074
862.3277612600449 1178.492870669604 1252.1194674280578
38.026976514332176 955.3817124473564 1340.3520347939877
147.9533903941732 872.0559842418576 974.6365096572755
170.07670017399002 252.6137076231627 471.6432975651334
890.8047754802295 1721.1170305096007 475.97411776789534
1978.351959856956 1693.3171491565079 1276.5015005323658
214.99984986305475 973.9284401316064 734.338618627336
283.87545825886474 544.0390847854901 1423.074177648722
1734.6980044424872 30.97041963057712 1447.6116442803307
610.7408469830089 1799.7020123794048 500.76701455486517
964.0785035199086 894.9647956025888 654.1370486383043
1926.1070223875074 1976.2547214880062 495.99833406532713
852.496505164759 1718.4459631287352 131.9439457709049
363.14965417478186 397.06204934798416 864.4397324449394
754.143257243288 1126.254454774791 111.23955939126368
952.7714913644592 1219.6989854852695 463.77144536822794
1219.8929245705335 815.8803821367364 1247.9304547490685
343.8022782154393 988.625792102726 769.228022541961
1088.6808415593177 1571.1323392237562 621.3250610325762
396.96567265467843 1062.0496364102435 626.0724580360575
1184.815488850177 1068.1508877250728 570.9721300451451
1302.157434420258 726.2407769846855 334.9203128242411
1073.2732484775188 458.3442657828174 687.9851810064599
552.4160065823405 1878.3348591878187 1101.1662359617171
1627.1481826803931 1949.9503928875426 808.9445409797778
1550.9480144942459 1854.4786453518343 495.4532677384805
1521.9502512687502 258.1728257565983 575.6500869047859
1983.2812586379607 524.9971220156284 1128.564730451678
186.77014597340235 1410.6238350492251 764.5881662016004
287.418992883415 1421.7742457795632 1446.2083881640565
930.7050294281189 39.94130284502262 964.8414717407552
1239.0154750518095 1761.0786420105335 779.2297302864287
683.7878835271116 984.2580374719028 42.370704953135665
129.23585705417696 1958.33661584733 464.684218756245
1843.3691901960542 626.8898208474183 112.79796551674521
1311.744725635336 440.51618378148817 507.4917575720877
592.4744538897993 1306.6390663380628 172.68861151800002
418.19930491856394 871.7887745637809 204.8052765627167
1066.2834708198613 233.2609831043937 879.9189427137431
1009.5403404728567 1005.7134686792955 415.1449299825862
843.1943778166493 935.5969357017426 1310.3334567430948
1110.4679193993427 1171.1123363903457 1093.228730021817
587.0816328615563 1360.254657954071 414.1976288415333
408.2448800504368 777.3727540247896 1243.4678984301477
1957.728735564435 966.6881108039454 594.234655869099
1339.737745322539 1013.2701418670314 1286.0760247738592
873.2308641941835 1405.3966424059465 519.8767687563717
1888.6254333137956 1135.5455621263009 1207.0500969917684
600.7379838687381 85.50426803121591 635.5215515176945
1405.1175036875577 1015.4631190200587 785.7332570644633
453.8197412535383 691.9122857133398 784.0319886748803
1007.1392884007784 1757.3477870038425 551.9221234254343
897.0736040209329 1443.8396858422327 258.41972419517816
612.8213571128493 185.48797591337762 1447.328699185549
668.915354262472 1196.5395788166331 1307.513480910844
363.2482898651712 128.69145954450855 1244.5795871179957
226.75321390899293 1251.8341877542478 792.0859239082412
714.6624098819383 159.67561165421372 49.91144680044801
1957.4667377623916 1122.4626288670283 1186.6839256015487
1199.3011248645096 325.18882591963205 1480.0405275296343
390.78831627715635 293.2078170598138 220.23548542314447
1779.8222777953897 176.16531485465336 1057.760176635206
1259.829708274549 874.3125275716321 428.89821750129374
660.0998912184049 956.4807424251138 303.64441896664556
450.6089666339628 1606.3128486246856 647.2407116711976
13.51144418624095 1643.9782980188643 11.268645046891013
902.4990299606957 109.02714225638577 697.6370903720552
873.8984446407704 706.6929892305205 12.180158644201967
1073.9798751787787 1568.9593522424032 1443.6824532917376
799.4595881444449 1388.7555689241879 1420.4605213147556
1987.6760870200349 1649.7114458923925 69.69839140163981
1007.3352727303384 1714.1590538781766 1000.8563115882281
1034.2918330437024 1965.7472615713305 675.5384646951748
209.8300998622309 859.0125070552 939.4127489682982
370.7467435486451 268.52076533303836 925.0697589994116
1728.1432966169757 1129.4511219920644 359.448961469454
1921.243345662528 1770.6562392843286 560.6893185205454
576.5744502976604 652.0198773608546 267.4283578315405
1101.6146099277153 1488.9725820761005 1067.7718877404263
489.5438834337815 1333.6393819003686 0.15404461626156163
670.130423283738 950.4667087532038 1388.0559239176812
1186.3034179059118 72.50089435399975 1206.4247090400943
1693.314269866686 55.456051420655015 1269.726277037682
496.88705739382533 1841.5815689318192 1377.0001642261407
553.1388814220677 425.7738719292805 49.96997671957004
447.6558722765835 75.92631572980046 1301.6651058743878
626.8411891931333 1133.0882819970118 1356.987130043684
221.57616230871514 387.16196779313793 844.5904075970836
1294.4212317459767 1989.9424568594936 643.5881542693833
188.22345258022222 331.74367833614536 1091.6845964441463
1326.2778573587689 206.36815453655387 160.14098476012973
551.3017291104327 31.397491975639014 569.2593631958899
1156.019120676588 1184.0665419286954 209.9670312634289
711.4459730995421 1290.8642626329536 982.6852882990214
1076.4763575749494 1156.4809211596744 1252.7696754867334
360.5446858288708 1420.4780547197583 566.9510203429933
494.0010636201211 419.6392390127317 1077.8710840253063
64.03461845313485 996.1175917874174 256.5855956690539
1151.858199968154 760.6805996762498 990.6524376283155
1545.882973303699 375.0823636898402 736.7332961877146
1213.5583356641255 1390.5169707813866 945.067537188466
64.45938117297368 1492.8342077034256 226.29796031837628
83.10030362429987 1068.6068352694301 518.7510666172545
853.6600634709001 1160.8329167811419 1136.7305208565222
943.6121742692914 454.52019960132816 23.232207126894387
471.3648496931087 1724.7492235445725 1271.5828521058993
1757.3008983106909 1835.9544215871695 982.3802416691416
1870.7318764513907 1352.5950169798195 764.4645335304715
792.1343485620973 1884.73611449335 498.0165879913864
107.17674728442583 934.1162603837354 34.333809414221484
1808.8092817061872 1905.0528811247177 1311.1870866759214
1337.9252359013572 659.3385496097908 232.29259392412683
1871.013118479264 1179.0185619497756 90.59835786268656
1333.8117401631573 1988.104652444363 1028.3616972733194
1152.0088144575307 1296.1940317575343 273.5243175086306
44.24295857669325 1281.5397669746412 586.6744586428438
167.3081719875824 1212.2677603707966 398.3214609923155
1211.825187085027 120.67765855804157 1223.2709299306969
1890.6360364146194 37.68732809919473 580.3882918494398
1702.3330111527637 1731.088034267775 1242.273085729967
1090.1786103783584 349.019924721768 919.4149215951633
1567.1709991441328 1222.845981447009 1234.0559421114738
1629.84940891834 276.6006113632253 86.06593930154449
915.1878602670054 1369.4461984511986 141.59737094259262
1832.9536199459615 1997.4994047608873 1059.7773936482984
541.2957607034599 119.95041983690524 1075.7670911922614
154.84829286881686 1007.6845836236558 1205.6828351205672
1289.2616874725702 1395.8006659710043 1054.8788230592597
933.0166142949295 1709.7706512016962 1251.6192826879335
434.4039922911045 945.2762934814523 922.8641485155699
746.843525183638 1847.6201049507983 73.46225422103164
280.76414063207534 357.95328169046405 455.9392992618099
608.9991069483085 265.7718724039151 1156.3970901049138
1431.1670145933033 1903.5537766127661 333.9812054260978
1042.9641536868942 1768.9115764414223 1392.306571514071
1691.1217099956268 1285.3514780612481 933.5040534886107
695.4703186821425 484.98517536092976 1003.2328317991324
868.0627946655258 1762.8669960783093 835.2944101550775
531.7708497992202 1837.369163621343 896.0293395842698
602.11777424843 936.4970042143552 1097.157741063016
1582.314352327919 965.7916144419391 264.38521577288583
1422.6858947872508 324.512333615012 370.4989122033959
971.0073773865757 622.9758654343011 949.0579071041676
1372.021621431013 231.3488596777682 1129.276376279346
1034.3165500682267 1623.861072637643 1455.9873387544521
551.4867543411445 731.8717401924562 300.84431024609665
423.03986583844534 745.6724234306482 709.7500559990647
1816.925858253166 39.74349013785883 1315.1435129632468
1388.0267855477914 394.4034325308201 462.54087483681326
1548.7415459523309 1377.973421411581 578.4874087347157
47.92573634778341 682.2303806017844 92.79548838972906
1506.7786454214358 1853.2304358375604 947.3490328127095
523.7139507612856 1463.2055240715272 1231.9661657254505
710.9715116694678 1634.8743639333204 918.7986294954408
670.0994470265426 961.5253400390054 884.878485160105
1950.6415465215146 1334.2687104652102 945.5769330446344
294.0343009543993 1995.5277652258926 325.1117812797396
1968.6107496253196 1762.495925344915 1371.6875981990938
155.43828130331482 1067.8231999157542 912.8391647365704
105.35923920235012 456.64555059124035 893.9346251315351
97.63008277163921 560.8402893669764 858.1805422149888
288.8018157808272 1662.0415685099788 701.1338757799306
1704.9924137741475 700.8921182558341 682.6258864262152
389.6609388759862 1381.3435194297126 1430.0063666103922
1421.9748751852458 876.2034814166233 84.21937708173022
599.2152722792325 1851.1521383928957 1318.0698528010466
714.5772497909514 1966.8456765146238 153.16150249656934
595.0355917944108 21.36136225072205 171.07535850787437
125.38550026541006 157.23170572483846 196.86935130748074
669.8528993458939 1055.1201892971849 537.7336780749614
1203.3916024348744 830.219374365385 1480.3591152399208
1248.6610978248355 536.9373929959073 1297.2709828392378
465.4352078078601 669.7033796081022 695.3346703199215
946.0722634296379 1308.8039383315793 1087.8264806653126
1990.6360749291282 1482.0798340895449 645.6099539898817
289.14134606304674 1405.6639091444815 1162.4398199733014
1105.5540686148768 1832.6477352366446 1391.2370784826603
586.0581826112239 583.6540235365786 1161.7424009636807
523.1806017916467 1739.5838045831215 871.1260248653406
1949.2055614544915 607.8158872013704 510.60032777946793
950.2324114128791 538.1520006092803 303.87584988416006
801.4710134477644 1628.058846153903 1216.9602061168132
237.9054346120124 421.63589764928844 822.7476278672469
243.06983646488445 1377.6485639560944 704.5346584414566
52.384341102819974 1001.5984792527686 780.5887567440903
1248.6733738292453 1096.4802662929014 744.608705395496
515.109540940422 1034.6251598332765 1379.9567623558278
1791.1838521887519 1985.6783115309636 241.60417394447393
1190.0767166053329 1995.837862598174 930.7439024450846
914.626069254245 1556.053616574705 795.8102590648101
221.68484135675425 214.3820546216939 83.67411598443519
636.7495917277823 1932.7397668280043 1381.2133856260648
1361.802141777768 2.754949127909967 1017.4211213914618
1262.52937365404 789.5428818035863 497.51829153901895
588.4091679391144 366.4564351317687 660.5091837813561
323.76503958352123 404.60945696584713 1089.0196400331156
1721.210374193027 202.9164461118962 499.1269124263376
330.15886335660304 927.3741629468026 1163.1878584367998
1877.3895913717308 1309.9915558835469 157.23524060180105
1247.553907385939 563.5132723813616 1010.4755419526721
49.79323232159638 1504.3299919641092 341.4494651527752
626.1492912850357 1764.473630077104 1274.0135150143988
1492.0223416352171 764.9930685133775 1114.49730167647
1200.332852003644 1094.3190777006841 335.6102089870371
1175.736551174131 1795.6682739387688 309.0777972473534
446.80199438289026 1827.238921031274 717.1207163516449
1606.5573215386557 242.85433786255007 783.6662477820958
694.5563277603172 1591.6399235243377 1380.0526042892452
274.72342314470956 97.87214260862865 696.3982030969847
624.0767208764686 735.4414579838127 784.3613084017809
716.2390457003886 841.2328563809377 391.2642932427294
1726.6778712783005 896.9375164791227 152.0581823975784
1031.4631455343583 932.9679998914502 1476.7449974660785
818.2271185675277 463.31490352667504 1185.2056258309697
557.822343401761 824.2125060361341 21.220457079458242
1370.1963022894731 739.5772340420264 298.5104431773325
1919.2457746275463 100.04928340917019 1212.517924763628
1956.0343213642416 459.8082673530346 911.8422620726724
482.6335589202626 932.6824767050576 950.5084875020971
976.8335132578068 464.28665185969663 675.0631555824991
643.8024648190719 736.087690924253 1249.7005794083493
885.2472195856631 1150.9564186273917 657.4138508789921
616.1614568966937 497.14411864982975 1127.135131554834
1306.540545701009 852.6862913228217 1277.906157931516
1223.5197062895706 1023.4652938611177 1120.5265103201016
1187.5122616925837 745.3873093569683 340.4289644289766
1018.273145980989 1429.563844223808 203.97029719118498
160.20325719177174 1790.6227905564133 1110.0702424847718
239.5317072960108 1417.8076218804038 1152.2057047789726
1719.3083536136444 1807.6803911755433 1051.3029613314268
685.2044675895985 287.0074174752884 704.2017666106682
850.2182520291019 646.2321774219573 169.90918243797043
1146.8464791352303 711.1228009231774 1208.1966286523634
161.59039747601622 519.9877923007379 112.39777604979811
515.6622326955616 1352.3403535404955 1366.9245213655213
1635.0629921202087 555.0173240679259 275.0565533786729
85.1385562078657 1856.7800940209179 662.9265189264884
83.65886491829522 317.3880412683867 976.6995324507112
973.293692346318 1280.9809360614333 1427.8132540198903
247.44978839463806 327.9876980938028 1459.6725534919874
855.6515350837815 159.54695571881228 559.3226797575394
964.9683675230012 898.9628630905809 156.10600288108267
1591.839650148735 1018.2744940475727 341.1577700179526
648.5917489587829 451.87647621041083 1070.8712619442506
1544.5706779253737 1770.3560984555645 1052.6429129433457
438.7580783797691 462.5847355879706 548.6852660072497
590.8422309158614 1570.7297295046253 673.2612013544075
1826.3320594849254 610.755763101479 657.5951388989519
1013.6899332808038 110.2804024876416 81.91208503888042
1907.3080278738 516.6100540276661 1137.4033550524387
568.5216738812788 249.36794614468027 1024.010732211085
1936.3470846277398 254.1826868542818 469.70056213353797
1853.0084244499267 1772.2820310693921 751.653205160103
1072.9411414622632 1906.3683105629575 1390.7139346518431
1253.1561926037139 1621.601874961126 1010.3039237782677
511.6221669780825 712.8222161547318 1349.0397377529487
1469.6626481657865 1935.8504986248565 280.25265533766435
213.65155278080317 395.51492493816755 266.64221641299986
1595.808938979385 707.3658336311444 934.9762748965404
1543.120935766328 1283.3567826936405 1124.0318887528538
854.2834480273771 870.6434430870369 289.4273259860479
488.1550954246889 954.363560776637 756.858490912708
845.4107852926716 1143.4609455378986 1207.349229704288
1208.0998716043152 216.7490394212126 72.92852511407177
1872.3679272846289 1020.5296370505588 448.28778267009415
197.81961564859364 751.6073891720567 878.4658311634445
1173.0679853409608 586.4129898939739 791.7661529554109
1224.867963736994 576.5447126529046 131.97784464737362
1565.261964311673 1971.2862014651153 932.0760137180337
236.30740981504616 1844.7980311833262 1366.8097909972075
466.7896994179428 746.1921298235568 116.75575859868736
1202.1922699105032 1819.4881414912024 1432.4714119738017
1877.3106385818999 917.9301275477669 1264.686143612325
1164.9761506311968 770.6859448701655 166.48687199205293
302.96462492872035 882.5118696296987 1327.4088090291962
1896.116977004377 1634.0746466709493 458.63470885607256
1338.608949143631 544.163482630568 1090.092895296357
539.5222646303006 144.8787662501272 79.33399540080083
1005.1587542773697 1553.1503440325957 838.8694199627951
1087.6253536718903 216.3195409870038 244.04677241305106
1454.9519748326218 1502.1215629541703 419.72718217372676
821.0703187987016 164.0879147710208 92.98316490034541
337.22631494859945 1990.6486033324932 949.0979106430036
1493.962841293841 983.3572829619021 976.2617249344884
574.0548270820944 1307.2064763961905 475.84332421130756
1553.2613193981167 1685.7546438211543 865.3994131189487
91.3281826212844 36.0463015261856 1265.997627743423
1640.4144266140245 963.3864744867146 732.2551305909652
511.67537389480253 803.8434725341097 374.81166664187276
946.3734309036403 1172.8209055001219 1020.1082593780584
27.552671433555442 447.34104810820116 992.2482845859261
824.7153928345851 742.1681432947167 809.2830895629077
1478.1026949629586 914.6211134826079 1229.4091854054727
1496.7538730334966 1479.3737008537607 780.7335212587946
1234.2614125336468 1954.655252686614 1259.66549566783
578.6623195272845 1490.5206259075483 122.27333975725723
1247.5322095353965 320.352634972819 1019.2019872651476
70.0107625334998 491.9690641638306 802.857327764203
1486.7036335320247 231.5386155481749 333.36654776688454
1805.6424875652922 21.216383153470186 948.0916840886534
1618.696192515382 1288.02255188089 907.742303810707
1239.9125149008994 1128.6507388677492 887.5117212958332
1525.93277047032 1484.3351920124298 390.1250615743073
1262.15790532398 1006.4691437547007 1492.424355322297
715.6044119804906 1698.314042546895 672.6434840394903
1194.3857960342386 1521.2995380587533 1333.7383130444198
1682.7601991423608 575.7989487743789 1238.023931333416
308.98538905106165 1499.0957825865319 261.27064438542885
1886.7778277174666 840.2217302790198 719.8377914235555
737.691738592996 1654.831040952263 746.3029151917754
362.9389246114698 39.7264812704643 784.968668683383
459.70232684155474 751.4445333403803 3.2335705685415106
274.86104221005945 1257.9292241348953 1148.1355986332014
1425.6284284593455 1502.8649609328677 1087.0014245321527
1730.095546899077 654.1617107077726 318.6145309769301
1574.4116134111043 758.1357377576903 1188.3649970545293
1343.0386642424428 758.0430304408623 989.8124646645622
89.4974535926607 14.324533903227632 753.0429562143207
296.3673964537172 1097.6404515605711 337.6598375559701
1452.1022982391441 1994.6246749294257 1211.3438489453094
1908.732515830231 1678.7605838950933 1218.6195861181507
6.733297135825822 1525.4574005428485 1201.20324009767
752.1248003837202 72.36413134198827 503.6232755714064
1544.0937002892736 1340.4059839409806 1375.3350549646586
1000.3783482356694 735.1649157772553 1358.9497872099544
82.94215854780629 201.4156732383068 629.7410161867894
1282.740890734507 1736.9402953795022 1144.4427533129767
47.30408625063487 1609.8733182492283 261.5763146147531
103.23916100886699 451.93462224637005 332.4396664860973
1578.641917060862 1595.4671768063997 689.5175185031411
672.5597746040127 420.43845583501536 895.4112999496197
1118.3980062030305 1969.8927632662194 1181.5024881883337
1906.7659204135955 972.0203948905835 848.4376504852555
199.02891920768596 1666.0464542605773 920.035042721258
1780.9425445346521 1239.9561296282404 1284.9281833860957
1577.2444379244514 540.0018382330398 1384.4786421984368
1560.7731095533104 332.7354999533132 1470.0531838691036
584.7601247084586 1282.6787307506584 518.3113162688917
336.74251538476074 1153.2899192164477 185.2846026911177
1446.5725387776151 808.0849004153723 249.85378892814552
654.8213548730315 781.7569258108039 220.10813128451377
161.5620015605923 19.356715667142144 1239.3991924157533
750.2874636006399 286.6997010618861 740.5173281071599
304.03651731694725 1449.1508151874148 352.1153170551831
579.109725971934 1790.6846357111924 920.8620067981423
874.5658481264571 1861.5304445696077 1259.9587142943142
1511.7705836924542 1235.9086247151745 1341.5158178795054
1857.9605894540248 1019.5419120028706 515.1579598433553
497.0548933719927 1219.4276930397218 132.86584258746393
34.02546034535958 1573.8007646132191 1027.8193130978343
225.93785379091335 1859.4439318237144 1031.6079640258772
1344.6323270081589 1948.5502475134 1206.946856736998
950.0062062666939 225.30504656223772 1133.3861443801277
1285.6358311352994 1619.7912237901253 426.3535333096807
288.5397474965656 1067.3222451307222 655.6085632279606
792.2452643095261 1341.7016951044461 375.63041107679555
1695.7670468955087 470.5669203928262 1316.4458054860027
1191.8864472903433 478.61627086498146 644.1076856890071
404.92972712293727 773.1197112813546 775.0556312367538
304.4617976581918 1198.1592087531149 378.9746290076471
1335.5560684914801 955.3111741017331 1385.2119873061195
254.03852605287037 1501.7938304218155 717.7455532877208
2.326490875148357 118.02059076281424 556.6077318829858
1666.63586619512 752.8795615216668 397.06160210951884
1098.861290228813 232.64347283763476 1236.6464236399695
355.46135672288926 364.575352895931 189.8180856117626
1131.51734827282 996.9752232143603 380.9013586077685
1714.094581892494 316.9112406116423 221.94285151507003
791.5088983438417 1513.5168955949157 984.6205455751414
1628.1648056441509 349.591469064495 91.2822679257515
738.1359813450816 1290.2201846299795 1069.0553232566804
1835.518869127021 1326.9404998797913 135.6870032578692
391.6784788911454 1370.8940623203275 737.2742468995367
1729.6541262417268 1563.4108254586058 473.77247470992387
97.64632438201116 1529.2828727625315 1128.34372574486
106.90415603092029 1794.2680957952055 1455.0101530986308
761.7128207848576 760.1448770536223 139.19895611575794
1662.046493525753 1165.7594600489954 1266.568548532893
1489.414136692918 1654.557796832208 1342.0244314996426
1306.2554369279023 1041.2437113296648 822.860657000116
911.8516087279485 1532.7579980369314 194.1755159027558
20.94758486992765 804.9311553752909 457.0942639059144
25.08485605474542 32.827035364187736 592.9166331401997
1865.9870204917638 175.20754660832827 1098.53018259746
36.436743745209334 409.98534352331296 998.4661431903152
1678.666719306461 566.029407314669 1376.205488177286
1947.4963869346084 768.3540419764903 869.3579104665354
1741.9546118384437 410.5778103024476 734.9769199027198
194.00627077919253 830.6746274167398 493.1979106888695
1603.6980565963563 1284.9331143726758 1070.2221516918646
1123.6385446392778 676.7955340250893 1485.7153044806034
364.28809349333744 1913.5985997552912 1231.8308272911984
1563.056030278127 369.57505337594097 255.32958233344306
155.14336374033567 1168.9202254355737 112.88736840197267
1575.8243246055833 637.1338757271387 229.06452184206728
1487.8305691461253 1736.5448707029145 698.3982417956979
244.45280265590185 544.9786435925365 430.45580336659117
1234.1027923789782 1010.3011259582956 1397.9483579280773
1427.3974526153645 1525.2129679866766 886.2592128209898
550.3036239627679 835.0049028700308 873.4328655634426
1413.339796097521 1418.739775762488 593.1114775461873
1729.1717302344268 1531.3583789425682 164.25263697073066
11.450971164915336 1326.8803755245676 357.582464985929
1654.2546630922418 1430.8304832123692 163.75996474550303
1893.8228037651877 1202.8698597736425 1118.770346461475
1735.5051993771417 1090.7519756819197 642.303609377569
809.0314510120872 444.07188768654595 1486.2973945602805
1646.3070928077607 543.2593643416308 1431.1372403612334
206.50712277736628 728.8886122220142 1244.6537154005368
1169.4871728288022 1489.3618188422402 75.37561622031097
1598.7765285367939 1958.9716978551996 108.30057556748457
191.52645750193776 22.77951975241188 1381.1709249101284
406.092012388082 315.9412874871752 968.9133037062248
1551.2736057830189 149.19431399631344 308.5979769206023
25.140834584215675 1714.469353808364 1284.7483609129633
876.2812127853609 1441.0760896479646 542.5336466161963
1317.387316980301 37.222765002952855 718.8944466450479
687.5585578106995 1578.8038726039122 298.97896118559544
1461.5489161298149 14.381429601523 1442.9101008054254
337.20477791826056 1685.6064361796841 823.3750375282458
542.3684789991023 892.9015928400214 399.1397464104359
1709.5568321193277 603.3638053884303 335.94681030927643
17.321050479082167 1435.4828869567416 755.5761211712852
736.2327697021556 789.8960283504462 1360.9026601358842
1926.131142113729 1281.3006727278816 801.0422629214028
889.2905991713537 141.4527325833619 297.3684384590926
749.9761724302942 1470.1664161579076 601.1444988110659
407.3726864884859 174.3935675053403 402.23360078331854
1468.4577972476804 1105.9999755437295 540.6416869939434
28.465831572356937 102.18872514191246 522.928953206134
235.6182636756845 291.959473746046 1329.244078579454
751.4992073780469 1093.828208219498 48.53043015456715
634.8766498135885 1905.1776241732105 1054.441196309681
1357.7286812145992 1287.2068754428751 3.53147281886651
93.73368558758256 1308.5414782823966 138.14065783396484
453.2596251384051 1341.985631111674 132.15133188205925
484.3167662241228 1238.6135139425278 601.4918680015584
821.049479531957 490.3645426394392 674.0581325730785
199.32205031841366 1166.9613655640019 452.5413387697005
1739.7088845648204 868.8725853735447 682.2714718463727
17.162302770924455 199.08853031119244 1003.0926028657813
1158.9810663789992 714.4843198444024 1195.3192695300077
892.1267636227161 463.2778483390947 1050.248869464532
726.5212288674948 1978.634147811394 530.4001441501765
1657.2812814825445 474.5612732615534 894.8402165024797
831.1978811830401 847.1552888818179 922.9466845583025
1844.8996398306736 261.03571056311756 286.6972278222224
1564.5015665016626 1531.750680736658 268.9070342731748
11.225183173133368 53.866957992376726 474.8986083572633
1380.5696711965136 409.88106134784783 899.2949305083338
605.8908017872233 1873.9342330005065 885.4326336008814
952.4749151888321 1112.506098570601 657.5621990743782
1599.839026898272 170.88388144317258 1335.552922649097
1207.7927004269416 1049.7793946894699 1352.615525146649
1106.1703176169528 437.92215220393757 1142.0222225127136
1022.9313392175794 1074.1782221004673 293.58077901136545
1978.967593642239 1817.296150402348 1193.3554571918992
138.10441581412135 1120.537817341234 1103.256782286833
763.3957300236553 1237.989074858752 578.3219276613127
693.7463075305124 1480.26908575522 186.90457118823
1830.751395100614 140.59758163971293 47.10815196883178
1909.6904635795636 1921.7261607599592 36.85414942741011
364.4105779820932 600.2911855836917 504.8390989973185
304.7769350143863 260.87698778186774 638.735270608169
1370.1563266746782 911.8564838259229 448.99485752251536
350.2967409785138 989.6152937498175 417.0304873840808
1237.1027555485214 149.9919230500115 1455.3494025558496
1392.0443103913462 392.71632490244343 1308.3548415934288
329.68673256099044 593.8370079444264 1334.7171519929702
589.4995664319533 656.6429244350185 1141.835669258269
1454.8207465624848 912.661835765749 1309.9626339599808
617.6222070749751 1676.6165062289529 660.7709883750123
1444.0466931640406 1640.9723863291604 1150.699164169481
1650.472350267978 1128.409680086056 536.8847827493403
1237.7574317885894 1097.630503894479 1289.4267836454883
1270.2262666617903 1571.556649732461 1048.163065304891
1013.7286390817882 539.0461283383423 1285.1196824246101
1654.2829428508378 65.94057744999216 541.1881095658018
1768.7062997478122 977.9010806143507 124.29202783972421
1181.167621279356 1882.5621887305895 36.60597009817829
592.2314283625285 1676.6410262453228 601.8051726695782
793.5828984420799 1027.6392831596413 1065.3552586524115
965.2058413021379 521.8855859611892 372.0116052996879
653.4068780378624 930.6089375213518 590.4215831756561
1891.5351934669288 416.84028760144656 1460.7582860934517
562.7394046975194 569.930519346741 305.1647421656421
582.932390914664 751.7355628757088 1147.529411012081
1975.3441922920458 392.4285322300198 1286.6603753152074
1565.234026507059 107.77378622168854 556.3537867894336
53.52746788719709 43.00828826928216 1191.4783285972624
438.55095123467726 975.2297669635066 1181.6093593675016
1631.4927093311535 189.93727645588265 700.7089757173648
16.2283934829659 922.2348417659687 1375.831709868408
193.2519833579809 634.8266135613692 1074.079039307493
522.3088069876364 1285.551096896621 336.28612473210495
1.5593088942458255 1286.3986954162 1249.1403133309634
1818.7374907502249 1045.3162858864384 318.25472172730207
85.92899635596663 1869.2323880273423 575.4637795886823
554.7650048856876 1956.8445470133513 1050.7005260433677
155.1219627844631 1489.7052705285062 1188.8909135605609
1567.7691251644244 1241.7745239860653 736.5700233508542
1474.5844609081648 773.8294711932036 17.92610675307804
1466.7883850601866 1239.4918561727823 1173.2616748571302
1344.5579230204196 660.4038794905578 143.32264742556694
1365.422919004852 1697.0419690629535 488.73852337685014
1819.7415190369334 115.13003776313168 360.9399278111416
1362.7640219135828 1095.408224883229 1172.2699585996372
78.51083425249783 156.56077622906773 372.6282430486772
291.0998177243778 1679.560201829346 1302.2811521747778
1814.120129064927 1376.5982078411291 69.53495098964679
182.08611497854267 1736.7697222398904 1306.620086907753
579.4208775270404 1749.1495650589793 1017.9309554080924
104.51579932088806 163.86557190563767 1168.978012452805
669.7361993153253 1174.5784325445536 120.10276274076826
720.7758006179974 814.1572817801115 376.02074585557233
181.34721590704862 389.03643603647555 1106.542278775793
674.5745257962596 597.7312858245625 271.78556012216325
213.77674273827796 936.9403073346718 773.6591881933539
1502.9114908908634 373.39788432432863 1458.565218783131
1939.1913193928956 766.2839301584587 166.41521544732856
1625.9366818465169 1986.0167648873291 1341.3160135225435
1401.0178801274756 779.6399895348259 565.8008504431133
1210.726186355858 452.2896832743146 802.8781881652883
612.1183532944469 940.8870755484751 392.30901356748467
1596.1083987378693 1702.2012058247915 313.33512954898424
474.6300683718798 913.1735119450466 1039.5731329079667
1440.082172200511 396.7815044902796 941.2031920769172
1305.9766748064203 1630.4075013692438 395.7650141588746
415.0223109443929 1728.2921227421039 902.0084698624191
1352.5676322230602 1845.8927098334134 633.903290715198
598.8105736992134 994.9609655678184 873.3866319609167
951.5459154059631 1323.960329585072 748.5911288913568
612.1039070435994 174.22828679643442 482.1016381102035
121.10184022549042 1662.3212005456503 645.2534537475741
669.2587960823548 1684.149680609081 492.7009975531591
1418.0275129999761 1401.3680432655835 360.14723045371585
835.6767390560782 682.0169348695242 210.71286745077984
1773.309102144589 1394.526530028713 1153.3729127655256
1863.4066721578154 853.1892553159379 698.034416206005
622.371799057029 1949.541291451677 262.1125358475153
424.2002394576199 1992.6571044243594 864.9979386332922
1260.6811896396512 1229.166011296439 1070.6305966027624
1151.9894872410084 633.5993545511935 1014.3129444551602
1689.980778651317 310.82730045449966 152.29532967690145
1041.1213732017738 166.8923082878533 26.68504483442846
1567.5015245194797 268.33011307337506 1047.2324337620264
1790.8898700619322 30.609768410093885 600.0969343470343
131.06384283607264 1677.4335293183735 597.8827276472597
1323.657705769639 301.7429651645762 640.6188953072121
1411.3139200676146 30.08485676285222 634.8831862265752
1697.4734944496302 559.6616329331521 1214.9144591889708
1049.869891174268 991.6317835565549 367.36077653753205
1000.2011629430169 1800.2903902680127 535.7785460447336
51.69716906363653 357.1717178259368 935.2472042414612
1400.0387277283603 1423.2854445894297 1299.1535832791592
1451.6480965243684 1549.782585569522 975.637664147898
837.1590355078886 1126.816802822799 998.4699916120679
940.0940761242533 835.8745522548854 1098.6786945461881
1758.3249569767129 953.5377291204059 497.08368374882355
1999.8043218112302 301.2227572801649 267.8095615984873
110.76120552917357 1118.1674487519183 185.71817130046136
914.2585362747959 1926.5327433153532 1369.0817313799994
1847.9897229059102 1592.4452382328618 1382.087358852356
338.3855091257262 1928.7775201108198 965.422675756423
909.5143023799543 480.6279999528491 195.5238056656307
1347.8743252561492 1837.93323831386 751.7086955979553
1276.9197926144539 1513.6167836956545 524.0946824120538
436.5112277634604 682.3363341268512 1028.9274150556635
329.4725230997351 541.0557237865125 18.716623279259547
122.98834040730155 795.560831882431 652.7793451608577
1952.786966653374 1556.2927267611485 792.4112336104342
1582.2674129558382 1857.0393866378065 983.4707572274028
526.7962518045504 1967.8426493808659 1202.0065202558449
1387.0495093495208 357.4125868459974 601.5815598917092
239.4377614982175 1134.6199802998865 1086.4258378410118
604.2446659557354 396.7587106937269 993.0590723386533
620.6782458635174 1225.072811529717 67.99978041027327
564.5635263106843 974.286688259032 1065.8511531952524
1695.252037736386 1103.9950396832821 1152.7061291980167
1031.2118157655912 1372.6563578890596 1058.6782843552242
851.9301160436268 1124.4807395985183 703.4167124011952
1977.5168678004393 474.2503170722945 120.52978261349628
736.9791074788191 694.8997363021323 522.2263750302133
1990.377481040393 496.34187231808613 1272.4310756335174
1850.4280495022563 321.4211958521722 39.908350015693486
1470.1077441787945 179.18544535051905 1337.183575563617
1556.5895028656983 606.4683486355602 1059.379628786344
67.39954247606228 1753.2442620834956 403.02630448254007
1901.3666860920396 1964.3034453154694 957.9071376908936
1462.8568643624392 522.0792059511366 879.3966315117865
742.9629172210632 3.485928534714855 1082.8908944700465
1359.9421940463894 205.09711740551407 370.9275225356923
1033.3274684473156 804.7895537041403 887.9481455724276
1076.1098683428409 137.681356525718 403.9112282506867
449.09202360211873 379.4841653479142 698.9849910661911
207.90530302623833 608.1433332378361 7.897323821536295
170.76456617991286 1662.1597326936335 263.2427825520472
1984.6024443393267 170.3661003268342 631.9577686557489
1242.6096596782602 233.2637017424175 1330.0206474854108
1922.2556347488842 781.7566573142236 764.5306924582552
1801.0169933052496 1286.4015417697724 450.6414238572499
1377.4303362898845 1155.6290717259324 1125.8906198512325
26.551430186689153 564.6471324263503 683.8247372955565
1825.5883723299658 1009.4547187985918 839.613720075576
164.5257989168567 1696.936360976492 133.81227489666404
1682.4274446277 1496.8964046386589 1478.6653038067539
447.16530802646884 635.0072605958832 871.96520437154
1112.6585529145668 71.5345525994604 452.9337177600095
497.29937489394626 287.9883637719984 1496.5938543000457
1868.6757575797617 616.2063479141985 225.0670261803708
825.6850093675976 1166.1007027640462 1447.6166532954915
1219.8962914566825 450.0160489260525 884.4493164085269
726.2077783096947 364.2281068025603 1303.8143433234852
1348.8296889069684 574.7279159361467 1105.9352555503845
1114.3784776562973 463.3189328629124 802.0487181003633
1215.9618999559752 1904.1113464995026 1193.0512251259352
56.18295394199046 1863.9581053423444 1329.1547864660092
1463.2050104280881 805.2045735470139 55.240001163188225
271.9708733452557 1135.7554050639053 1090.2542397427737
1319.1148131827608 903.9672359189974 1147.6772630549524
1061.843099662673 1158.699970108737 1360.415820874997
1583.4085609843244 184.64064315474693 823.4447151480629
1567.985961257366 1580.8687667970803 1499.5478392054845
171.88516609026783 1269.6191163611857 468.99459498349063
1915.964921800762 1949.3280550517509 1294.0699923195486
69.46152240356751 1315.7251913991718 1440.9732394454554
1052.239441724391 1392.3504260662123 1462.7614560791942
1055.2249279810746 1382.9188606490536 930.0061694698813
752.5787223444 1855.128788175433 1181.6621039369809
1105.3128194296876 458.07034011450145 463.0894028901965
1135.416512935157 613.226321600752 345.2699072081116
852.3710009502507 1567.821739805527 436.1712660406104
183.02967506900058 1254.6856590654277 346.73926214976865
1473.5417738529702 705.6567827775121 1224.4389191537396
780.4524017892697 395.6126968268148 312.40329886430544
1159.2064450559794 511.8080099784614 773.4671073040936
409.0561914182864 1825.1384930396691 248.9002303370425
1945.7064576120954 900.0672058082415 488.42061094734487
639.5458445497025 704.6622516456342 1032.3856047026827
1834.8640304286378 1565.0165199026003 1441.548415144484
192.0557104540903 1908.4681321307082 258.27619129182324
684.99261437701 1750.0572528780476 544.3602696288303
695.8313409119831 48.309449947266714 9.682847550287699
447.2291685816254 1585.8220194193195 183.5729333217259
918.1941699585816 910.5023316638608 1446.9716186262563
1935.0313484732437 1814.0239712192636 390.4003091765497
1476.0723670971788 947.2772858396996 901.1833480074565
631.7846895471615 295.14726104084167 499.0659313809278
1456.5039490432705 370.9711831874516 483.5788262020899
1911.3174469947924 1951.1192024114778 86.09378279862179
1384.9126389441576 395.6456284980634 763.514154846983
1265.1814238133557 188.36847653212473 1041.7947583670525
162.17318608529908 1264.8860574144333 613.0300861160976
826.6333986293602 126.25440482213568 587.0820334800679
1301.0278092706296 514.0984057802249 483.3852390553575
1349.1358102559568 937.8068445942326 428.83156886148635
199.32672218808878 436.4106664495573 97.88376251478748
728.6478663556906 1420.747524138615 714.1102729220187
1437.9368541752815 56.30492221996764 554.2029343202604
1453.5211047337793 333.9663385726095 397.1912504875004
621.2452833710345 1447.384408945766 302.91915510187795
1941.1524017383692 525.8147042761221 1165.9523394010334
1560.8001376016787 249.01160215938955 601.2105207989832
810.5776587843476 1775.0543729995754 662.3530469493395
800.8626930884349 1756.350534921592 264.07937270531306
1738.364133381293 1998.8842467625466 394.71827023092715
207.470146916505 1587.2783921036055 879.2296763839565
754.1534872463322 642.2084309586697 1306.0366458811534
45.967933461652954 318.3113731066396 1174.8293352072396
1675.0692618219666 1188.2582203505406 1407.5543884212761
1229.929524571821 1354.1500575340588 1340.050669991372
485.70047022961194 417.43459968262874 1436.3524578764743
825.6215458844321 1080.2020482923836 657.7410784622523
1532.0393992107104 678.9667586189432 247.0766570966808
426.8692724266858 1422.1306845872482 978.2151039153277
66.07471660572806 289.966422806893 997.8213532544223
862.0706292919589 1310.6035258939844 898.5901751196506
1527.7190317398874 1365.8558143378357 1468.7979989642422
294.2215680391558 818.5962291966988 626.9596499754649
1856.5065557864002 1243.7118472734455 1014.666384736086
714.5400613023247 360.53247882759985 1209.3525503951098
518.6718543233255 1335.6392371700324 328.76640961057427
1314.3634349367567 1298.6179202307371 319.6472224675797
1527.1687951503568 158.58792664344156 236.78221446797076
1348.743542614907 953.4127968661587 158.02228937767032
639.9659165369707 68.93095182091203 146.02648863616042
773.3493239109639 653.4252805342118 112.4751816288584
632.7297425608025 793.9109783771536 851.3509573870355
116.09267014080449 1003.955687695536 1185.748876908705
370.70479269691936 1843.9665447853256 428.17989058990804
951.6554717422996 539.2265675074237 949.6392573419023
845.31491533317 1425.6762964879097 1004.5170931927886
1960.2656981718055 1150.843363414663 1352.7751665724006
1816.5367433817003 1212.4227880956569 653.1033410671951
608.7642972948402 647.6135355580648 898.2359183075002
1709.7267331983076 1269.4709291891938 794.7357998766444
1122.1965492168642 542.8022274752325 1065.525073137738
159.56246019836695 1249.2095165224066 355.54981624838155
1533.8572745713645 836.2589663919093 940.006783223074
1324.1290995259878 848.1049775936629 1202.0813888105497
1458.6331108328363 274.17530475061193 452.80351892896346
1049.7686955188503 1504.730776057463 1111.7900183528295
872.7276189118107 1220.2277569760688 1490.4916122983627
183.42563616004082 1391.8527476461145 1305.0812660436409
559.9692487776084 362.123586737793 1278.0724386010907
1108.0454434330456 401.8548054487676 139.5289457847557
1705.275679313493 1454.636521315426 660.7351496360428
1555.7587453664776 611.3214241009204 81.68193159673709
1766.3346760903053 1026.3740981635601 1287.8274117625488
1509.6567171607865 1780.047890303635 837.4615165038377
976.5201097017813 1853.5191603954404 604.8628440365076
511.1138602746366 580.6584049899541 900.0223305124154
1867.0601496740353 1979.459810002962 33.980241903135145
1202.215166465152 1473.6315726926373 964.8459042285189
618.1344275236313 447.66912994824827 1324.4402010512217
582.0172012041312 566.5078247092446 202.00281407373228
674.9798045832235 795.3314459110766 1266.6822233326338
1520.4378831876907 1548.7295489581957 1014.1891169835596
1009.1070886613052 1660.2234549547957 657.1042150907383
52.9880100729434 1724.0150609847044 1134.136772214463
1920.8986105920765 599.0459258390159 250.87233005356873
590.3830461538868 581.047520748005 92.64214173835539
292.0982894436912 1912.8864397427103 421.7046888610773
1759.6269549433068 54.28073633750885 264.5248490015251
176.17719168938794 183.3412372484644 748.2886228633033
560.1284806196416 850.4128202420064 217.6190922946734
1156.0137417833296 108.58795116301012 1322.895132119248
727.8377397603626 145.81855926562338 709.6742322050184
876.709213848607 880.6081249751932 659.357001960279
1690.4411378264524 243.07436080698253 982.208709183931
131.7073902867205 1300.3348801556267 875.4852665058883
1184.0226225858187 129.43700298215543 254.40459642290077
967.259682580552 141.79792093802578 487.3577741565958
1766.9801224217374 5.63937380432189 385.59162398906915
197.93234499193258 578.4334983693649 276.1061145564864
519.5893858625996 1060.835819274205 534.387140044622
1557.267553357259 899.183696874668 1189.7687799388784
1535.7703103027789 1226.5096167230981 1375.293223527032
257.62562735035056 30.012862458290712 417.89894505764664
1649.5063481173527 1361.3520769107404 783.0069640002368
52.64776270815563 502.052960096232 1172.1089911156516
1216.6905153245777 417.45546996472814 864.9571752747441
1534.0254856210802 750.1831431022032 469.2992521092734
375.2333833706283 444.08963058330465 935.5586760186981
956.047038367412 1377.222088676389 1117.8188669635308
1943.6551239095754 1725.9145995295976 69.47449082504015
1534.096361244018 1270.7387439240204 366.3280519329838
1344.898795146319 29.081063366233284 615.866967485191
1553.9586286630984 1434.0753076686387 391.4501010472101
428.18855989561854 1628.1170019725166 310.5967543834281
1440.2253328911586 781.4697200948298 833.1314861584533
1685.8029089809804 1697.5108778539077 1163.3021012196646
1353.0489518812174 221.53010136349673 1075.3534535736812
364.32201182962643 682.7085562910443 313.33225775517366
603.6778900597715 487.08864143561084 1439.6018662881872
238.14421475588387 359.0306906177403 284.6461812892219
323.18377961007496 1041.486659966321 500.7068959965451
1933.6419780600438 301.4402127747022 154.48070416966127
1879.7146652405258 1186.8866857183934 183.45886383762883
711.0106414296358 1010.8046118596044 1420.7573654633914
272.53999069896673 224.42443442524086 1211.2162732912736
1317.8626198797824 182.38881324706878 586.7165003798204
757.6427115155216 1248.3922409278632 926.2175197438435
165.8651509110871 1021.4010300651619 286.2587799746648
672.0534552730588 65.71175876090152 820.4834588583332
652.4283394545321 583.9993993168091 716.8214130471055
1774.123099165867 955.3252556119809 1199.8907708350544
612.913717143384 1300.313570191421 1468.664668297098
177.16778377135233 192.51623766883876 1094.1717804330974
204.51155080961402 1477.5918521694396 857.7725612752344
1240.1868143882546 190.93927016543532 736.1900758819858
1173.9910656224042 85.42980746263895 676.9213593668673
897.6146976811572 338.4400041239961 850.9136728326523
343.3904033256219 335.21610656216995 885.5084513929967
1383.52184708413 261.00077853353065 649.9982310196092
288.84972959613367 1517.9854105066963 1277.635079303302
663.9380680419303 1633.4787020133756 1481.3203107547963
257.0981197761395 697.33426605494 1287.7993866393379
492.8577523539286 673.3809739742114 228.16352472332846
1754.6522670828922 331.40185546340507 731.524663934311
895.1898679445396 1398.7056177886252 425.01595258917047
371.17960617452917 1757.8256964841844 150.4648282940076
298.9563331618188 573.5032388519097 414.1758796715789
424.5754943929132 1579.499560716412 390.1447113264632
388.05631814498764 1735.6022746245499 1402.7222888318295
1420.0826449590284 1584.6766189940147 769.1452876604343
514.1636909167464 1673.7496985096243 1499.8374306557869
586.3986994553175 878.4920800181428 958.6552428186545
1889.7260490895076 1061.449776178565 1257.6812930987962
909.700589788739 1880.9996346784385 1266.7635763121652
1265.1784397231638 466.72281525467565 199.03449341157858
1458.7364473259893 1232.8898269916222 815.1948822710375
1373.2240892873533 1218.9670318084916 1282.126102566037
1571.576124294198 68.78559150225105 1093.5033928904852
1810.7932008059458 1202.2928914257707 1099.0745600501461
955.0599771955832 375.1553461774986 1459.9378077234603
381.93601820495024 435.16185433876984 263.7996080307327
81.03229123752365 799.591612551366 939.190540795856
295.61173614469925 1843.7158947225462 1084.4671497334064
1492.36174596736 106.97229997520208 405.30803445333265
1434.616526258375 1419.413205896132 1471.5393423404225
1721.5281791750733 1868.0502760325458 816.5574629742765
1007.8547828479103 959.2086006150575 246.30935123559837
46.075231045440205 1432.7720388016537 159.83721413903623
1273.986941444179 1488.5184460355783 1167.6512337031495
271.79374339540385 811.3210195095244 1251.6468365732287
771.9899129290233 130.60657870714954 197.45405048563347
842.5144692798921 107.61025971853778 526.3786484428787
1586.9789985063521 99.41141845486557 205.50010783694356
1639.5146577459498 1332.9699491815732 1339.6832839381793
995.4932391982165 544.8747935737528 300.0358087552188
1325.7787810156055 1397.4626140756354 1261.0157307406218
792.7850793246738 738.4468238179877 1393.31239097398
1073.2651061183274 410.7555926444424 606.5211360905084
438.8065391256448 486.5719387335563 1216.2065804690624
18.361571505284722 1231.1453373054114 1424.867022819064
278.85980958771637 1670.2554715633546 1209.964553440976
462.77715189502857 860.2264033700097 288.1751649277563
1842.6071313948057 1867.8168312119037 119.65519701098387
212.195617180851 1773.228453812972 916.6335010612564
1941.8443005663187 1690.839619250809 629.625600872272
1227.7518643758144 1443.803137414089 406.4165429344245
1959.0160946557248 362.7051116312567 530.4595739302603
63.41844995119072 1756.1190790596377 658.7836298123086
489.74243897044903 111.67383274822917 430.749541442127
1782.1839975345458 1146.8277302397194 947.5185483390225
959.5855784087411 329.2629305568675 1170.0787109720738
572.0723145247797 1944.1023473290768 1025.057154791272
1238.1967058280795 700.3052680756914 1453.2891458340519
799.9945624366487 1180.3633994721263 194.7718688676065
1208.593857723878 940.9443140502154 638.6114839165473
972.6652347901636 1577.3223747925356 499.20895441721603
347.77745943967255 11.475225150682 199.45204722417802
1778.658144937136 229.70613118565143 825.5219864007232
1727.6388545730713 103.07249864731061 684.5627812018597
1073.563150670832 191.6979981339857 427.22060822187524
95.12609525801996 388.03283291241854 1101.7533980115456
649.7040441352123 1889.9487184915188 99.4121480798701
132.62061735354447 1684.4955282950766 204.3637271055514
1221.124583170916 751.6901181936853 804.0107281119094
1307.8994038107867 1018.9943368097258 345.1099216687229
366.67727106362014 375.3541726132796 1376.2063918578344
672.2357396683141 1807.671704050359 597.8176786552372
1539.706883345726 283.9596813271863 123.61992102156772
1745.7274886163027 1004.7881654860231 543.4064358199822
1775.411960795991 790.3707917028955 309.4353397595193
416.2874934660241 1785.2295709133132 562.1113593851371
177.36185007048678 71.409121558061 732.3715999832455
1410.0587878147023 185.96945516255926 1227.7434875185659
276.7469967494258 1762.700469754364 936.280917027903
1608.1924506026671 656.19150562447 1328.8431594465399
1595.3091234209007 1702.2156785674003 1316.971494422767
944.3184443318387 1044.9622491535326 1096.6455121329989
1100.2651333525457 1515.515343260337 47.100101357268386
