2000
1679.4738224216092 599.5646047534852 97.80660690243586
1865.2671717233125 616.2131625592347 404.4329834326809
1271.4986291936948 1435.1755880234325 1258.6126072498846
37.808708979034876 677.4825507473537 1291.351893901871
1299.48214881718 1587.23856296387 889.1471554821043
1689.7036926598935 647.2876315440114 28.96305232767199
1754.017219690778 475.32841064645993 378.20861828336444
1721.1414965501565 754.5552486531002 1093.1933054939975
1922.2054188334403 1233.3731772603942 1129.361700505103
1839.7310941898793 1879.2197288728903 1008.4362171806723
54.77744239157833 1270.9132658406616 774.3857722156771
1142.5794421232586 1806.460749262139 785.5797098499507
12.158188004481651 5.650475546973066 585.3097671462241
916.7350604695987 1317.7159783365507 1044.8295503838667
1260.6657819702637 1671.3384402490276 1316.525750028825
1836.2744732396745 1299.5754842471986 217.86488485111815
697.4872492861173 1958.4812802135013 593.8215280613325
533.4244215406605 1739.6380710949097 1129.1346336188187
1053.5603383623065 1223.7549093860678 229.70877828933095
1678.5776905431192 1324.68833619555 66.46343093011376
958.1037007766191 1162.235167603309 891.5207896276013
525.0384539283901 625.259971812575 415.58761649316756
312.7983896740774 1660.9935877624775 184.43435103814016
277.7853707462186 362.7285380526024 10.250406375975906
1393.2719533988463 1028.480462679434 1490.6610394241316
218.22197270436283 1620.3030184755055 35.47619201150476
140.14018467005275 345.63842121715595 23.90411240290524
1141.2988163302161 313.8636949048168 1088.333790546854
1414.8981730739217 619.2241758261749 273.289201291103
10.803368968605787 854.4507469802318 795.2318793335438
533.2554804248355 678.9830887218337 600.9234491142538
720.319577260854 1292.3702867375684 62.59085547202125
17.011602612533316 195.3163204935886 434.6198873221345
1512.4957880114343 666.3751460875118 1171.627956483904
926.5963054346997 17.544464911696032 843.1695632209055
507.84104436636034 1555.1005144579149 1148.862795498486
1847.1498426271885 1295.9137175213725 1302.7462824253662
150.49306052982004 1058.1708663900708 788.5093310267995
549.9495304519679 694.0695628050208 859.0145283294528
1838.8829402608576 638.883476456344 558.4121715892218
1845.575144346032 90.01555862116706 241.10321195177514
921.1375969452478 1491.491846046346 1112.961222025965
1997.2060434766147 1360.2556373392006 947.1433171957458
1452.405462962707 1214.5616845170114 616.2059972167602
711.4116283802774 399.45872367225155 1169.931632094102
1498.6666692140648 518.0113331314365 256.65276623509385
396.5243484076928 330.00790820159256 1360.5981262349596
398.0405182062725 1642.0944286129152 1063.250683424211
880.2402836492363 1717.3188616732255 1289.9298684333867
537.8685958801723 21.998878958068737 50.591855761923824
360.79221502004157 1164.2227418579805 1114.095077108301
1262.347980208749 1653.5427285803391 1154.5304877998506
568.9431042889241 851.3069624397041 847.9389714600883
1489.3712521552263 1084.4723814664212 950.7949931564257
1111.2995929785206 1313.02966760917 151.9406919646854
1437.0054147964086 523.5825919493549 588.1257135990617
38.95499756365916 1514.7619980821112 298.90966152192175
1398.8080107020342 888.2399388254449 1116.0330510731935
218.51937644442864 1335.50514755479 1433.0665605424776
1421.4600378802322 662.3626694205209 59.59627078621249
1947.8222293445674 1307.5900857039146 187.78012774811492
323.65231598335265 272.482762087388 1202.3115955421915
1783.6517885433957 1126.7478746407226 1177.9236483719073
654.6480831227075 1081.7310400830793 302.51813388060776
1026.5024060547025 1612.2127951107498 215.8775103589231
1692.7934423336105 668.2256810925866 259.53391102229176
1971.0869025382033 1149.2614459468205 1052.6207177749707
1910.8076841381583 1688.7343423732896 63.37218950329115
1137.8907173971284 290.4739531993035 1135.5964683235095
1142.2268921865082 358.0332978957554 915.5390574451185
964.7956586625756 1149.5974923595907 129.30221969178496
1811.3912409456768 93.64737121622247 1065.3139816802702
400.13144538386604 231.15512055072517 685.8781761126927
1329.8061881127524 1318.2083291782167 484.19603966102306
1884.3757171653428 1699.74947194526 1028.9223287288514
694.9863467499011 630.5777169548965 577.1999575904322
1088.9385553939408 80.70782291893619 226.0274363764117
1528.4997134602982 971.706530048189 1023.7534016000048
570.7719166257951 2.299660524024638 1386.8057443285336
104.44614000964503 974.6383705542241 1349.8729400403827
789.8987180960273 1806.4294380246008 204.71517402893096
1266.681640903088 1892.0258523478735 1249.9788055822512
736.3229882020968 1227.452574082206 1042.4510780163773
1630.5369595375273 1613.092170857304 1223.9758263931483
26.955130418478966 467.4871083923058 1178.5378600214806
942.0840086982718 660.6875516151051 321.7401216162537
1244.4056958448143 1931.6636628963367 874.753072690471
482.88940971485795 1582.2485546170496 386.8502782289464
942.2464324871447 824.3875689332411 691.3670190507397
1863.18207675682 1229.50590130866 1425.0127146447833
1845.1820705949303 265.9862717140453 15.677210060289049
1620.2581016669399 13.588600489652602 1086.3263894510244
568.8917409467244 1130.2480997132604 1328.7903066869096
332.81211458430505 349.9761779479951 8.229246390852374
1928.073477635471 1680.8821489022282 343.59417447676697
1532.2815922083723 232.58426643894725 742.1381316306329
9.25986640520815 1023.9117582700723 627.1841766499194
297.1267365431829 627.3153366391371 416.817684094092
1381.5481450993257 1281.7413613865303 908.4058019348926
1007.391766964974 1311.7431790724904 1271.1346777471695
588.3982776339869 18.53526085788215 746.4624692525346
785.8487063177897 795.9641483794863 1276.143585591181
1474.7997244606636 1785.4893461875074 385.82953811538295
991.2571806725343 1193.0002282779042 618.2275200251443
1356.267104230083 1426.568738818368 1221.619008625146
122.07171639666913 1911.7361484051196 1118.7763653902546
450.5391164410524 1907.3109892219272 8.483032956789982
584.1126246955668 1684.381142617842 1212.1376488426424
1037.1163846280938 332.5758225559496 1075.2918596938068
1380.2957268918965 701.4078709465612 1128.4416276655502
1604.7437417659578 1464.4655380363545 682.7868568985577
1854.871127198142 132.93018571034153 1437.655844263872
279.6158332898111 800.1539871941438 880.439242575092
887.8350853975796 1150.468074310459 933.3757694536242
1342.7896158069616 297.7452254585251 868.3614318421745
250.7171206877976 27.682950500159677 1390.2286748232452
340.0009232845347 1913.5433800240392 717.9877187837411
914.8138856420977 8.386864517264003 803.4846407005267
700.8603251669894 1119.152372225096 1358.2971840215678
782.8842740650874 1896.3396669355955 919.786243204016
64.73034937296008 1657.7357245476862 818.3794531287207
5.770534565548102 96.67910394531253 774.1075831727849
880.0901415263276 1917.2516137337452 1388.7282576459595
1362.2239196189212 1076.455596304136 954.907257728031
436.36260770582845 523.4208849618318 1479.7151281513618
1928.942795758157 1050.039882925038 321.0860162892516
808.4186532861124 871.8385808412148 624.9448816015654
1097.6671278429912 1005.5971154726664 1030.559269989595
530.6558822880713 1307.781266069047 1435.4932353887443
1925.6103353443928 459.23626275298557 255.9337413205592
154.58865313070947 298.8006842329063 242.77732492291142
716.5948522938302 1314.1053810789108 306.922475065733
914.7369236555369 907.0680538982223 253.14153374889426
1659.9482398177272 557.3276879342317 371.01715707602966
1440.6149939057664 1379.777152123161 167.87252876859566
814.4727477653697 1275.9618755734684 1130.042935167286
942.4086893022608 1386.7748322088473 973.887011954659
1290.8613404161176 1360.246714909031 1253.6678427775767
653.6768299378015 838.5984944572822 1412.3712678583304
1788.1922479622185 1989.6737492698896 1247.2824044384695
1104.2926760905684 463.55882681417904 1053.7822848501737
685.2491852827034 448.0320551552359 1339.437944647741
636.4772907816136 1353.6373565216652 323.57275236362716
1690.7336041406431 283.2381378675035 656.13006308744
1810.912109820168 1061.170783193343 93.31184010657756
1508.7632182569375 728.2324871487992 246.71170328276338
643.1080329378849 136.74716502843398 281.91797200786135
18.375937135572062 1475.9509458411128 970.7079445559871
1313.2079608551915 200.50745270145254 399.7033031766383
697.2643992525647 185.69582960790854 753.4187353825898
85.17030539373316 1200.9335943497802 965.5580794241283
432.0341294050156 398.9101508104731 755.4675718166723
1298.547552489721 77.17861458436381 226.0860179623171
967.1577526803084 1098.5258966709084 1011.7786000905152
1682.0176661842906 632.4619306658543 83.07860721679361
1580.7100471154495 540.80829628544 151.5789828365517
504.70067610644764 1114.6642607431515 1272.8662939667608
1308.1317905380824 1188.935638649983 268.967753108449
1000.095058342491 719.7397464474764 1345.1772066203055
601.2765541104687 1529.0493755992295 225.13470215273074
1233.750415565355 225.8006198923681 614.3247170370994
1967.3488695563528 683.8332103484539 83.55964285266082
480.0506727986535 145.52744707680222 310.50018052031146
352.7038073065862 644.0494272738051 343.27284418137424
1366.6405932256753 1849.8642171257318 257.0386930732426
897.4638540251914 422.06275540188454 1288.6709443265847
1153.445769967691 100.11606119300431 421.3826152497465
1905.001367788571 544.3899052251182 1155.385823966163
583.2675610166866 293.9527963751447 1226.234841820299
1985.281323589036 351.85607641458796 820.1963643276689
1906.2609231609363 1535.4124720894274 33.84104835644403
284.5134615262499 1661.6220485934448 1116.6248855560575
483.1442366577925 452.7100752384889 691.4371867674732
1354.2967499404501 387.4955240196356 549.3406075590565
141.4454917148942 182.70898503893184 438.1138796274333
1410.6589808491901 1174.015798505854 130.53777697714375
1459.6176278705796 647.893375818855 350.8054833789702
1514.0708458122897 1772.4223903377092 1176.8576268590793
1650.8480729399728 461.6276113753701 938.3233373883857
1257.1969191453347 1836.424534644449 1002.6504706079744
1428.530799833816 510.0222188664569 1130.799348644712
84.57092093901642 1008.6480729756078 267.376471663406
951.2591227694171 1464.0673807200421 953.1665835466716
332.5218344621219 739.8069978592698 916.7843249212626
242.20864999688473 1776.5868960430535 804.6908145173958
843.2716630754209 1976.9735771741612 385.70730822116457
1459.7817873700014 1001.110396040674 174.34455880002554
1624.5580022816646 1158.2272332020816 377.0045788321983
229.28922931935847 52.99981124301101 392.4512304779992
72.3527931048642 1675.6620212049875 189.1715743859449
997.0790756989205 1601.8595763931835 111.57424774898605
1054.6273972600309 680.7413763446646 433.0794326390413
1206.3513648662117 1400.2452384211729 445.6618295645826
1108.4525923070457 1235.2128744708375 1479.3702211698624
406.5543306657373 613.9002402701301 245.06651299690236
891.5278176098691 964.9546491811451 449.18638293962204
1399.915661143598 1742.637985547596 1058.9780813942793
248.54866758566186 16.802055040743504 517.5984057317327
1007.9636482743335 523.5434479657029 42.747996018175805
1115.5019223187612 1128.6031870408344 798.6569926769585
785.0812180237276 255.791517503446 1214.1286035553198
1807.749550072902 1201.7852816554316 837.4776606059038
809.1977936956645 178.66097417995874 786.5407258760104
168.082324762606 291.1326558749674 788.8384365795114
1306.5314144947763 1956.93111586573 1076.413459727826
1435.3313320210664 1976.3077392112098 870.9978880771923
571.4707247725723 485.1357426051295 354.20347435218576
1109.6098492594238 1427.5918580674393 1228.8111997593658
87.05079258596116 1472.2373256466906 552.0061717541739
550.4473676265202 1623.0357393899535 1299.8892425955987
1641.7604651368804 545.5878338859114 1393.419244916871
1378.7080364460767 868.5515881957533 902.318529052932
1987.0495277109085 213.08675129637234 331.1291674268543
153.39576593661454 540.8903495485368 148.03130993823228
695.3746021047989 1149.8923083491939 1344.3307045030053
1613.9363734394492 1708.9713551387913 153.37699140472606
899.7716425434785 153.90480483389047 1356.5503794339686
1326.5807692974206 452.064804277301 540.0110305658703
855.0286761446786 1775.2150364793981 1077.3113076131008
1894.4247297412105 1237.19059265035 451.1449446416543
1327.5284724218477 504.917692899143 769.0672830988345
1959.141038012486 433.4020094504991 780.3532070798339
517.8644328139908 195.95435788990144 200.94502891333622
672.2795560905935 269.30191641977717 713.8771335075536
179.1243690109048 1436.9329425131843 1406.5377442879474
1131.2494295919078 1307.3637880982667 751.3827103974681
454.72157290198487 57.58697023606185 652.4299625930628
55.639030994022455 188.46730358229723 964.1384219780323
1920.7933753473408 1158.9114294488036 1354.8940463599897
203.84739209136683 386.58546814693494 709.7994085372515
469.043506268626 1666.541367316628 446.32209666474927
324.0389048459993 101.22427838091296 377.5435986043605
62.13938956135401 684.118336012564 995.433882460025
1568.5577420484872 1961.3387185024062 809.841195044361
1044.10487434425 1455.2430666003697 914.6480166213803
1506.90669196428 367.19833357458833 1353.552729175165
1027.9853231317406 1817.5201403083893 420.43025845252873
1947.580608098242 512.2243045355934 662.1712687432287
457.84135936809747 745.0583718592585 189.39695169424715
737.9958254503283 1219.6285304252851 381.4655225424324
1163.7654034262785 1128.0951723467135 1438.0169238191436
1652.525193745549 1957.3508432742763 401.96823186594514
1081.8408211601181 97.3996860841846 1163.5491339604914
1082.5653831540121 1285.4070508072302 1380.4415966492613
1122.3497741687543 1896.9005893547612 1395.800990352374
852.8090251378089 1733.9084011112275 1001.6877739528078
478.1509468442615 1302.0117130015155 86.7708058088264
1970.867650044293 1801.1561478680937 536.2609425610267
1939.0850558090272 1421.3886033619863 1442.5771961301837
217.64785440688672 1664.3416105362564 1070.9852123061378
22.167521727807895 1211.4359207488394 981.5989672057646
1750.3832277195165 229.63940152008777 23.44969183788376
1238.5872872793027 1953.936230951315 786.593852678572
607.430520349695 14.236826480112486 379.2313654468856
1448.601595206669 304.64260085821707 422.14679031865126
119.52558934289281 498.5283444031494 767.9153836736472
1890.772938640995 1516.4060169351255 139.52271576805668
1706.5310023535023 251.65740969464866 851.2673954712365
886.6561406125661 320.3173493556124 1124.5777980199816
122.01581635228465 1169.1876550597535 34.92092384847134
476.60780717697173 349.5814315064081 1119.2564955379892
53.5786970420784 1243.0582546802573 1432.9012536782686
22.196158176288392 995.5410900713138 46.12730521823405
1069.3169354906263 1291.0796665927332 1394.2727819128424
429.8286199779768 1657.4370277088788 1172.5139306883982
264.75812571587574 1779.8977188506763 406.9246001498865
590.7039518155539 1812.0285662485392 493.159820616088
1770.5291187438957 1697.6429466451 721.1038496931003
1008.0460726530347 1342.3224724486479 680.6581200303903
1191.6750229451861 662.5438757882088 521.5245364245583
350.3667911340613 430.6674541448221 1272.4131876223641
227.02654798140287 1202.0990997943063 425.6305043420264
735.7113224564093 1936.9986722017582 1042.535627108274
1560.8213020630417 1326.3787351835113 581.9122619221047
1954.817670133374 577.5013258906738 545.5671362771263
552.7329486548975 1920.6456866562705 192.28538646394554
1025.8303980484338 811.646975249932 290.97571991483284
878.4480007210553 1159.1339554350886 1231.3013992471704
1858.7690824004792 918.6184826747426 878.0861521999201
1843.2774453892475 639.4519550695484 821.0413925491596
1975.5764357723392 1940.0022937112133 380.4834729913631
1651.8616453455136 57.04908179973533 583.1537992929082
703.9833118195864 856.8485945282808 896.5859530768182
660.9575128304937 1886.8956153291788 1284.9339843057296
1323.743306863988 1798.7810152158665 822.6325102704982
818.6775510183668 541.578031126758 598.4639856028954
290.63007640479776 624.6056347272912 1022.6004061970373
732.3875085413188 1613.693784647111 390.31255444333374
469.67107820126455 48.2871104730318 1286.210609429453
1836.866965036995 148.32337135635387 268.2873349162094
28.444238294997426 932.3682692302498 522.8640669921353
926.875663703523 1589.0745771644274 461.14882595202084
1258.915187813115 1443.33754328247 126.10280116965616
983.3530853752592 406.5677891917114 1051.0542682899475
166.28111464542172 1658.8846640660558 1448.1354563929178
453.0711047901741 615.0489933356813 131.1254157878334
5.7378172336362 787.9023506388554 731.3450476010581
300.34479254322633 71.41685194052138 1241.3554002090093
960.3406505968239 1449.9046706986198 1149.4114439179993
1216.2644306976597 1858.7631130868658 710.2376467599771
77.05665109578707 1619.406216035913 1029.3029359141083
1598.1495967843955 158.10287958340675 853.1491568096451
507.690816036642 1417.7278628725603 622.5775210373396
1181.9034968107142 1693.8465368255697 596.8424554830582
1598.0549936603884 1625.0513727129708 484.1300061849847
976.8677309341535 726.6024140782395 145.63582765485484
435.79263661658075 1740.7033974226715 1496.9890123431394
578.497218111614 626.4305090697337 1298.7643200210616
1743.5160274493976 71.82594282389454 254.14641954174695
497.6148634962392 127.09313959688662 470.8392265875415
1935.9208413279202 1567.8940995085368 325.84937526944213
366.4483118327371 285.8690118166991 556.4848960228587
1448.9755446194504 107.36666491275048 1212.4698383092248
239.8644461457029 261.48007234874405 10.10049376360339
1687.6526641791327 1615.697154819604 187.2578843685329
1719.381435919182 373.1124204565457 127.9789765073
914.0436096059091 1426.678784226416 151.70272133761952
450.58077006243644 1763.3894848427262 1310.0969114455668
1264.3749850539443 1796.8801148650982 363.6009150135855
1707.620139117017 1892.379352421414 1381.3461026703123
737.5041593661442 1828.6528733797377 900.6814365082305
1367.0212019488722 442.0306111576593 85.87444954785501
1268.3255509641972 311.48040239338724 288.12263740646745
92.3517038729753 829.736698498815 1250.2039606928379
1999.935499829589 1722.5632456476826 1401.9620797893751
1022.5943248282374 697.8634253417748 363.62704490238235
1712.6848926824937 33.77272087005778 276.3941717145458
454.72044721271556 496.79929455972126 801.333128255864
1027.3504920499524 1937.5071136922006 619.194883554263
1798.6318545748966 251.77117876055476 1221.1971954814094
851.5001648194483 664.3913091363114 1452.4301984257359
1743.4513528515984 1954.2652493244846 1310.4103740866663
568.6164182411746 1489.5496940346268 1304.270433336734
1183.4815293697336 1808.585809774633 1397.438275610144
1798.1275612398842 529.4019801989635 45.71677190386336
516.8099696905397 261.7521153925739 510.91770334121065
420.41316691425345 1529.517557073276 1178.2399112393077
1923.6477504423065 1851.776250647681 964.4584448419313
1619.9069834666386 998.9627125838651 287.1788406682649
861.688817960607 131.52698884744308 57.87381358961818
829.1212442458129 691.8084903020136 971.2466585094197
1176.3721158932588 1216.3719619818996 511.76713915291765
378.31341084986246 75.77196262973595 297.11700471880516
1210.8049521933008 615.1505806018309 1252.8726123463448
442.83068060054643 1367.649656497098 1403.2514402602098
1906.8262322962494 1483.7988184487335 200.85891426245772
1113.7383024821459 1127.0692885010371 60.50397500899146
1336.3202973986597 537.6103878963514 795.2366980312775
1717.9682679462433 2.7513108851104917 464.31768249319134
478.26365058316367 1115.7798863227888 366.5837804003637
1796.3715858895437 1680.4672397542818 706.8739624936472
769.0139356947354 292.0834185004226 1388.91991810537
779.3595992875942 928.0942127910845 616.319970191112
147.20970740026183 786.887694508764 1005.2259733722145
1662.727764207322 1113.1133644721162 1469.05175799083
954.9993851118635 690.8192925996557 1110.6088706868986
1620.6815414975988 1215.4982608375633 1380.8044365891608
916.2303624555706 185.98737598541936 1140.7218474749438
1923.3477780317585 603.4914841125458 66.57898148591212
693.4098194209946 1622.541767717547 1022.0499751409675
1449.4178581360868 120.7591535522301 517.6648997810834
1637.5051741323778 1147.0786257616421 632.9231258360352
997.8769368231191 1032.148244603918 1417.3353986697107
292.92868872925595 829.2745380242421 1280.68630149605
79.85083787913338 280.8328237832802 1175.7317930214533
246.15540070390662 5.233211158846007 267.231602588462
1202.3908130233474 1358.8512271898069 655.2020054597577
1073.5539438642143 1519.106786507946 699.5350956065148
1537.5674217242477 896.1262026443073 94.24292095995796
1331.654835187983 1018.8812422587446 47.667925194876005
1139.166779687489 1266.5069264195781 375.5474795074008
270.52045706778347 829.2623503304703 656.3551540877528
1888.8868761192862 909.1261701690241 1054.9280356679494
655.6441425069635 605.527754816688 164.17001685108207
1208.979961576132 475.5158135234503 129.8885806255065
1388.5764866088246 157.6895128609861 527.8549064020998
1160.3772087429343 1793.5758373998985 1380.1937357815377
1676.1923085318683 1040.9861775070465 1435.7284683142727
1167.8578354496667 1670.64891063124 254.21479568909888
668.6037756936114 1520.7600570644056 26.568338845131212
1918.4950387542265 1321.076997140749 102.85848208607368
51.80702049450958 1135.2164164267247 402.3215209749096
587.1395080389354 371.0184572739246 306.3500367544767
544.4187736299406 355.85267032952686 1365.1815834625127
911.1791931722817 83.33984671917638 746.1912888000703
1808.4956929561624 89.8512724369549 549.9877957568842
1595.9440479027398 1481.3242611961787 1054.9065519774763
955.8486131159721 479.58972262854525 717.9768936493657
1670.9319188992488 1347.8480474373391 846.8857958906683
1096.1410201694146 1612.2535682893729 483.6861830901809
532.4212086344615 1075.5939405642655 517.3722557818207
1335.9953475939574 1570.586642127012 466.14879593321035
781.5870285831656 1413.0021875172395 2.2830387077217296
1118.7274854658006 381.28926197846846 510.8293824049238
130.27326212627145 1694.3820131586933 369.77636473789426
1509.2933228459874 1640.719238590816 615.5840756374084
1105.2996690337864 1319.2173701588997 194.91812764553333
476.39306870877095 93.54254628293268 1066.6268885429738
343.1999149959297 753.0865028135478 252.57970125451567
787.3379555316886 1782.1912950374112 347.09302943589233
14.490952581220906 728.5703661516832 1165.4313581916967
1107.0991170428883 927.0084445264145 1465.1969883595002
196.6976434359491 1435.871559152214 447.5549604400284
1396.2207291877955 1604.7696697799609 576.3902402114375
881.8334691719689 1425.0461256783233 863.9954591683496
1042.8121609601396 1071.1190099639207 158.87362600847842
466.3643383010707 1180.1084612698942 1203.5257440692694
172.82095513846295 1386.2637379187836 636.8649909693805
1048.2932003219607 1986.2044700724277 152.73670494899937
952.5986142108012 1430.1583642555418 1244.3427365684402
813.4742985151202 391.699151961155 1282.1701516632731
766.5858946340364 980.6176075604556 1100.5247761941553
364.62343073954304 302.6629661291218 172.6917389459711
1217.421105036309 1713.2807111112106 291.58637297252096
1451.587296751394 1096.7604219008317 1474.608155141993
1570.9998310559395 1424.4411631836506 609.4926047545423
384.8247290972431 1663.0870947096512 1308.8691151551689
1467.5975850771397 502.5385821425632 1341.891704903236
453.1047502585095 1235.0184183536066 1297.4812154918598
1126.6411675556358 750.9394172078139 525.6453298013621
188.56249438543495 1536.6285295196385 904.7799244549411
989.6634513831273 980.0216026762818 1405.1330998273406
829.8987884855912 1289.0064921867558 1378.6019012308116
371.1030798184356 1961.9734108847451 709.5263256778195
1842.852533323278 1236.4205944089226 1062.5899012661896
1498.4585390355955 1817.9440686126009 84.58448015525249
1136.0661680375022 194.94754019825723 133.7574053455049
192.35746188463776 598.7194241638996 634.3195984247396
1250.2640971264568 1343.2160697407799 523.580376795863
1855.4455181129115 1846.7477944827615 18.27019849549916
1871.7469493177712 321.4563810983653 1403.9178289063716
570.9099580449408 1737.1450504684517 178.51503684664232
1693.7759247964598 1726.5076754945026 1330.1090850267144
273.29352432464526 89.76881814406967 734.5991996072893
173.14556301515105 240.43242159467314 150.15650912627976
4.721915324543913 1662.5870860573473 301.1300555745375
151.74931352603082 131.59508086613215 1434.4972518078728
1483.9100489623047 544.4241644457633 305.857101455436
1127.6473537381694 1606.3249878150486 60.58413822673398
1042.6558021465962 487.09076644614566 725.5174536803871
1171.8647930685327 1525.4365075459054 753.3264328460103
635.6780975033191 657.5598443416999 837.3813255102615
538.3731231131028 279.6034388508948 1276.088088264079
691.899262300107 1567.6780224256015 581.0023143075824
1256.1644828575238 299.69591328243683 925.3978379720577
1526.4526105537766 1286.4423639746249 1198.6429635875156
387.5062726626255 727.3590534271392 1211.2082283122006
352.7825970900125 1246.7694211805283 1326.6241337963613
478.9472371330903 1169.776746991005 847.6627765883534
58.92052871281206 1561.1364396642334 387.6755111736843
72.1238318472699 205.98290033325517 690.5220622590456
1998.1464887715272 552.5702334174927 183.70666641362055
571.8966031681942 1393.5570099637432 1281.0771729529936
1342.2456608062907 149.384823828866 181.42204635096166
606.061963865901 1272.323085129326 261.8933885039207
1207.1556316810495 916.4573934926623 16.25626224825799
896.2004484239268 1754.5195710071412 679.9611538804965
1043.3919945589405 764.1729710395352 458.0372818180336
1575.9697628004149 566.6076999918844 1156.1585778677
880.8482821582709 1181.9869599208987 1223.9379811162496
996.7906424573199 502.15687068561056 818.3058359923384
1659.1543017125223 489.82687460090733 244.61041373053976
1144.435995177087 1386.0149001960933 51.89953659791241
1588.4093045009545 976.8852054945216 1296.5349691052907
1283.827693573032 366.87718582830087 1177.06906986791
1833.019080737932 316.31724567991216 470.07928945763626
1580.5679891432535 293.08190417726166 86.48312962464644
1131.7902042186784 70.39321292574763 1128.5742717051107
12.204593522995077 868.5822885404438 458.2815439085509
1443.1568147131593 253.57779832346083 1436.5869297616064
1035.5908663018233 1173.8639585107917 1247.1836520345857
1348.9393622865173 1720.5135250056362 1037.7106341397473
254.31936922221388 750.1115729169343 982.7418964085809
1668.5026397559604 1203.6991840273054 403.30442931910835
963.8843911001138 1736.1487276339985 789.3034885246968
869.5368703458639 1793.6397910446908 1345.174147344068
1635.9917919858499 135.6130792948935 549.9679047277274
232.97637003195848 851.0177476467258 1401.0542195975422
518.2499007881818 303.5301712693346 1066.8954026692036
1917.6885229252002 894.388009100088 107.54867588110245
1098.8468679741786 1743.8598564475485 345.1901098936844
498.3285114436786 491.2265617212204 1135.166128320048
71.26765756042097 702.528981130008 144.41940976848204
1879.0561512531222 769.5183752851189 1177.613209076057
1480.7332333047639 101.96989421833335 1107.0563292137856
1021.8283443812458 806.2752646870331 59.35907379772165
822.69879256584 1997.9325471735306 1358.7835200489537
251.7936552793263 1178.9099252410765 809.2506194987974
1657.544244102253 54.01384212887117 1214.7772173463684
1388.5886177471937 732.6135255845708 760.8459861098996
33.47326629176206 1945.505251590352 877.7970201532057
69.94839045506174 781.8946146190771 1388.7535432552827
1467.86806094592 1594.8951463336464 1202.1249797903201
1075.3115199941822 1262.2188671963524 1315.2975293931943
1325.968401111102 1298.965609795013 235.22194999766256
266.19529100338093 1327.931311055986 1009.906014514685
208.26907932933426 1088.2929419342693 396.3909167151014
24.82795192319376 1172.2893216644152 1248.9027573612661
940.0780037473049 299.42964637369784 1112.4361816062897
1492.3872744531952 1170.202275182437 1272.6985892983578
87.55120516284597 53.56919316601294 1483.120360495603
393.3493012387537 612.9491558077908 1445.3713278510575
557.9305577994418 1545.0673645845045 1399.6773570513283
1891.3288772917545 282.0563486020693 105.6020766754836
329.09647016466727 13.473183353510443 92.56989242187686
1924.4678766367008 1215.162684835447 253.0403198133705
844.3876344351287 633.1955019121793 1123.9818824014567
681.4376154635651 1091.132240656023 658.1307380716464
1606.9876153484972 134.53833122927074 885.9932024633649
219.61926543637688 1030.7206234550376 1203.1470256789537
54.86725106546486 640.0180855000804 88.15419597843
529.5620738109417 1193.6458706194458 672.5521427277607
1229.8008552028741 1088.2341009719444 1013.0665527144116
668.2335147665104 426.7481791517873 1465.2825326153618
502.21181284713356 1666.6753419341997 530.4131697852902
770.5413506733116 1148.8895055601436 846.3779097939513
139.85032119111972 542.4510830906281 1118.400154630844
1505.1473751113372 853.7151046334797 507.2627484006897
1011.781957523374 1599.26081390416 802.1262439696324
924.8986596807669 1324.076355472694 1273.0738083712106
1588.1223787260647 1468.912350008536 47.32300453892857
496.54496463234364 750.3642739763883 650.5176601156127
860.1469669610957 686.8594844884776 1434.0811013012888
857.7363669184231 239.0406007393755 1361.3629255101796
483.247167719602 545.0886970181991 735.4431441324247
848.5213088490053 1800.7872497076216 1288.3565005662192
1147.448649545689 1947.1156389052132 61.120354713901314
553.8181711737611 444.3730310227643 1433.4230010062677
1797.6029974807109 490.4550157417329 560.7428428313749
1844.7186690041453 1114.2391097371917 178.01746723969535
669.0131820429273 337.99925314260815 1207.890745444825
932.518077932317 1035.3479070515095 487.20544299327526
458.48283798711844 671.3957828874886 1331.7680752800113
461.9608744875048 1787.2955714279624 1000.3605922892984
1061.1297112152404 1451.040582674408 1238.7049106439365
532.0402774965272 1331.9640533930542 836.1551123862293
1268.3350068950422 939.1156585296711 971.3474049095696
574.2485680810734 330.59899433240946 762.6826877753871
987.8737012784991 106.68568915992194 394.37536758822125
1248.7625370352127 1582.4898490533642 308.7638882747555
1057.1905648124496 1600.7658153566174 1375.6445759899632
1719.8953476058275 843.3846409440584 212.1088288172414
1193.8735035530947 1237.6527401431247 151.03483841358732
1102.4506287381212 853.9589256090457 319.3103969049366
463.8895155288656 1532.2837335480726 299.2963348797399
488.90575227812263 991.4526992820531 134.9722208341535
1195.5792081457503 418.03498062259536 1415.9748717024327
1594.367175277798 279.9762618845578 1013.9074173080069
733.0000256647737 1008.1149148510999 993.2085382324283
988.0366432730741 1115.4188825344677 1457.5138468721655
1130.3444137880927 247.79779821660463 850.2204484733309
149.2312517408203 1971.0814914510531 322.1832256440717
1881.9564487195612 196.75608418987656 214.3083490175272
1698.853942691672 703.5104731709582 710.5746498762487
1288.6845844912898 1086.061321654944 1066.7019020703153
990.4667272383421 1212.3558793883128 870.7871920366043
1353.347786374846 530.8337183329414 1265.0005033094217
328.5051411169211 284.56902789653935 762.8872222629813
658.9766326022219 324.1787505213514 671.3619457844775
1186.6477426836313 1108.5075660383006 999.6618366467839
647.6191462454876 548.5377322599419 1233.0076322864222
1405.4884948092617 422.9515258255887 891.5237263298249
435.691734884978 418.53147566347104 559.960428628359
1474.2807194173427 1730.7475349585798 656.4976318366303
258.8622964072056 674.754425340815 368.8873323359068
1923.7865903449774 542.7479707231741 808.8738325411138
903.151185979183 1656.3332301230291 895.5815009368424
567.6291364468144 1984.2094087554979 1408.4697759288808
895.4998675622074 105.51631424525931 472.35654450868856
509.3309832144781 83.91426109865318 976.0042055099123
503.1940263609991 1652.4109009018307 710.9885678924363
255.61504800334345 273.9044392367036 260.1854045464427
333.93953305290427 1001.1532787737183 12.789103503189569
566.190570039545 1002.7564603085484 918.925663595305
367.0814147082955 1746.5687397772838 557.439107556481
319.23199733252994 1067.7127827373026 1261.3528976266546
415.3931322495601 36.41795834197059 311.3354152321298
879.2458940871963 574.8712068324697 783.0321139649691
172.4320914218278 522.4016065322347 915.9421069448321
209.86723168034138 961.3316624066574 1050.862774118907
64.13684414377241 1949.1788998437578 996.2064736965718
1170.7558991028593 514.6318647400856 1071.6849066665932
1523.9888466478685 1945.225054523442 183.0170948564762
1776.1128114330852 1800.7444888973746 459.7541114189028
817.959879786431 30.73519206870379 1304.319596269497
1202.0321484672522 1460.3948141458598 1283.163623494403
1357.2947559236788 328.78630545850365 1370.0908553951854
402.95434327442894 1967.6830594168423 1032.1336375474343
596.2351590828023 286.7683864111108 573.7156051361812
145.99970967781252 713.6138601703799 1065.9732253136522
188.035564246791 88.58157262535448 538.2423102137813
2.824374978189992 765.6510626486041 1392.6321242962108
1250.4356364673822 1058.138336497031 1434.6789932081983
1275.9538581259433 287.7044361531158 869.441245274349
1355.632343219556 740.8747487873768 381.3199525601151
486.66080980350233 1565.4179904836683 1126.2364867080541
1752.205895174454 892.8690633415515 1062.405663701124
379.04760481181876 1430.649234933188 732.1246968706046
519.9464103099903 1695.5376058645613 1006.0290601675841
457.87323417561845 352.0942910231506 775.548324176868
1566.4400444047283 1833.245009737558 836.3144011938376
1093.8609749091827 880.5698378665088 949.908810693211
1626.331922879612 516.7313764291055 942.1990752628777
847.0825372084918 715.2580839978598 1355.5711903498086
1247.9482555208272 246.2453759734362 1497.280878522118
550.2049100867838 1448.0415051353011 919.4806882607751
379.22863295617714 1911.3336520794523 800.2384086724371
1215.9185690338663 705.3289593903149 1324.5969415643503
252.87474948455713 723.2024352838245 1014.6776419209765
1414.8415893719405 630.3741463874724 1372.0970384877105
730.8172283205148 1689.101038016484 642.2915532290073
448.16228692514494 268.284094463775 1471.8862261077097
1034.0037465164755 887.0623160152127 1454.1546819225832
9.059687495017066 535.2843013880215 391.01069975852374
339.98930724586285 1038.2792793685799 558.041308396872
800.8487869634112 1069.9739701788144 454.93623523025485
1865.0446238664795 1927.490305533403 869.5950317724783
806.3754845384336 1823.5870623514122 1095.7198148554799
1359.2123373351155 846.0059916019334 1046.5470891892455
332.69998046745906 376.07091120116064 14.849126613937225
999.2066589478943 1167.6276009367887 474.963285046146
1266.1487053932296 1607.8644893198684 425.9701148571075
1619.9941158158824 1392.2759239480583 653.8340984579814
1165.4933003106005 697.8813776928076 1032.6612643810963
1790.4354117927044 512.4396579101782 1218.3679684184926
1265.1696329999936 1311.3103638340815 1127.7954967907415
1816.9310759904338 895.0933496507567 654.0678447017735
1074.2038752730348 1651.9072815459447 467.9191816055542
1860.6628869302115 1299.4903731465731 1334.193348182874
138.89102524046913 455.64761017478975 299.78289942807413
1145.5236334507156 700.4508726168785 597.9620434532272
1249.927125544506 7.98981155170031 659.8566529437657
1898.4359510297927 823.4940028675966 1217.035225524135
597.8410958705829 1660.68947926059 438.8383681740537
1915.1036324764932 1876.6563568392585 620.7886780003843
726.5806871251466 1664.7580036921697 28.348178431565785
471.40699785908225 1627.3346574965906 398.3211320138354
1463.1777389596532 985.5026877120581 992.488877335055
1773.70746195874 1461.178009042111 1124.1205960821314
1709.2994630093729 1571.9903555938536 188.9946750976213
830.1190993849054 1918.4899186348796 490.74172927283377
0.9739564876967144 1224.463495104017 406.1343120054503
797.8986709436753 1872.8885400989295 878.6148016498073
764.1461511199417 959.3185758025464 363.283379584811
1890.525310103165 483.0584316897428 485.6746148460504
1723.471675278323 1294.947877660627 1333.768624085633
385.00450452186 320.1487151460154 795.1627178213278
1605.8308710681147 1374.6576937992802 471.21337905344103
1848.1900030704471 143.94658162767593 209.70260936809464
1816.5498098189155 820.1500200361049 152.1836717094822
289.1762929597286 1849.0316536471503 1057.7648305964758
1491.551133431429 865.3768399178206 964.520281959207
560.1539016455963 1219.6677180539498 1330.8153089745872
928.4736943425413 857.337528541045 355.1725788153288
42.61214635910626 643.0559977688329 1290.6678074260628
1883.6907677012691 1096.62513919577 1045.666456698825
186.71681442202393 850.8191312482032 1087.8340033539494
1336.1001603334955 627.4227551643265 661.0713021712323
1885.1417550563451 217.8264641548888 157.39337001241105
771.1037071409442 1751.3813111151348 1197.389446283879
784.8807415196945 1901.4816761336822 1136.4230522446753
775.3541183526336 665.1446193489619 707.4081217532711
1145.3051724128868 551.5776349808308 416.42244469007426
60.186889029651525 1121.8286730411319 1465.002714618478
1449.9867670769804 668.6907751940943 419.42497157878256
403.01911875742036 1407.3936133691402 472.64267818241484
14.766275889031455 1449.7691667651081 261.2912687483314
804.9426327903284 1803.229050209724 1357.554088821431
1964.8631519194676 1184.5421173555826 40.13646518878977
178.8195190297992 1801.6949511106052 884.5819340678389
904.2513951931792 929.3056902575223 802.3615434977679
1471.7002246856352 1161.051378167061 19.01426325901778
1981.614228622199 1723.8555052460076 931.9332471507262
1806.802791538698 347.49190915186955 169.5978213262607
372.9625113008015 679.7749206803021 1065.7682333973594
658.2590231975372 1964.0039608593409 810.8514953534087
807.8338009789101 1076.1570526664184 734.6019925791587
487.1249960251052 274.80468515214443 55.60221679998262
454.04892433667874 378.0482036031787 725.5668332918996
1097.7197068793428 255.0046472908678 605.5837749406365
1159.2088320234207 1177.2162997222654 1089.7443774135595
1181.0329062493938 1110.4826490605726 966.7133943240658
185.62825267650518 809.6557930722088 175.53257516458243
246.84299056124348 1924.2669719447156 949.1463345961554
1886.1133751785355 1278.2483205814356 1242.1190598473904
1952.8933476536708 454.87333787572794 365.81514650851625
1364.6610521874334 1376.826618833293 565.3211008610625
970.4780863644777 1835.5348011916822 758.0081030885333
211.88852231076783 818.9071987533752 333.25344897188234
81.35229357730078 1039.0522790409568 1409.842009549131
1160.365826977944 2.954264344732893 91.81043534975069
744.2289415357822 951.1903602632672 545.0675339017826
1667.9465846024973 956.0720663719153 581.1781366233236
493.054148016695 671.7030546360414 1477.5519927048879
1133.1955293901383 385.06791905823866 1417.8878469613257
387.16116473168216 1359.2078543728448 887.4713821551105
821.6567891540217 964.596506141108 594.1601355087704
1110.4971421666073 1308.6992005701952 540.8971372055804
467.5807599408715 1777.7929974203396 1215.7205665054512
442.6310048595816 262.9903528012858 794.4125097942349
569.602726713093 277.9500911257777 852.3836962917698
677.9323095941356 112.19226480104383 1154.2087632616579
1333.7762346230131 152.59944141513193 793.1363932626894
54.897900051957826 1777.8344902631065 731.9173739979142
1854.5572196825756 1370.2613837183446 1003.0902541813019
1164.211735171835 964.8116439942651 1149.5880246893125
1580.614588213647 55.498539134950505 198.92345063419492
1900.4279509225394 1071.3005579523394 21.146986372345744
1973.983568751434 1650.2885308363925 862.8767633884077
111.42285790129903 146.52839798781315 954.6847947681047
1202.526165864036 1979.5956525481035 977.930479130261
1419.0478817437493 98.94205186958693 1276.8178387646228
1067.996562375074 1677.2545022170336 1067.976004420489
341.0842172917916 1262.769363362167 633.5521565120978
1178.3694998737897 410.68464913552293 741.5005778985114
1786.61258475959 1840.9025341744418 1130.0890257111405
576.3114741504123 1547.8930927270285 827.6615983324871
398.63560598508843 869.263369380962 1195.8058887959558
834.5011023327329 1480.796034405436 397.95107365706104
1828.4238235598493 927.0347354244266 1278.0932348020276
1839.5442189156201 1521.3748760535107 1264.3226283683841
57.17754893531479 632.4466846923535 620.2152784574698
1673.0256554858624 1037.9238777312607 733.5592898866905
1121.7645956486224 16.81635052201269 1477.7648294122234
136.99398774184024 522.0165412851836 1256.6658452339464
620.2470414744253 1579.8874742133764 437.91342293393126
1642.4446845209834 343.280352457737 1240.0815967286837
645.9238652650819 1972.1073996799955 1154.9282443780419
496.56652287227996 542.128239141906 628.2315904733568
732.4777191328333 773.0048304006516 1268.5413680577801
126.16474797364496 1382.8160952328458 199.50260279366427
399.7637612891458 1.0563966404375513 899.7569449989053
513.2664169742008 690.4223378731335 937.4445049878034
1705.2560694147098 158.71305412243197 1473.5675855258576
1215.7764425948144 246.0651761115671 4.914165034042684
1942.673648294666 1274.2894229615388 1151.5023450106382
878.6531736927168 1633.731115035204 972.6931759430058
897.5974152351922 1550.2310642520642 807.3259882952683
77.86380971879181 1599.7107819467165 1187.9765354133337
423.8505085076414 360.5971532206922 266.8016031869676
1379.5341954669807 926.1552058590472 642.2781631721234
226.05914233634672 26.18716658374143 71.00741074634908
977.8604441262706 830.879251301865 1119.7035982458524
38.356999030260354 187.75951651183954 1372.943433255752
1879.0892087084019 1283.4729511158002 28.79705753790268
284.1962898771111 368.22553953783535 26.372704209114694
43.52106919809273 831.0744424505627 672.9989029362183
1589.2501191845743 385.07717782203764 750.5853608396145
1712.9431969542393 1461.6535823345655 1446.668875910953
1118.5729132052923 675.4940744138227 69.96516382156337
515.7857782707997 1292.0650171416396 724.1882257221126
1707.939286902811 1486.1407490769266 633.1377316178633
1784.2783588806897 1313.748104307009 482.46241781516915
1901.1406284497527 1699.9248728744606 147.62684334531977
9.452604894033767 838.9526821001281 736.8316691262359
368.50514002151135 1191.253221075088 528.4525554778883
1133.2209828692369 200.38555587343532 1440.610327109119
124.15842465841553 1775.5654505319844 544.0391776467798
1145.9461256446618 1809.0629888292738 1006.8845309962722
650.9641233580261 1867.1758285731414 826.2145182146031
1518.195371523198 471.41785220990374 1269.0222683427173
1435.9153410125061 1741.9005215460181 1494.5643575753681
572.6434203971548 423.01698768659014 1105.4798634854972
5.054626127903639 546.7842396458886 510.1901219248679
931.8280562043701 608.7328798261286 940.4565393756923
1964.425560810631 1137.3953326953083 1048.8858594149804
1591.2786830560528 819.2309983811288 1198.4104104074204
1602.7551400462216 1727.2357438972922 363.56496706751693
1118.2779539441378 1628.761648940641 46.67420795599847
1651.8545895757882 1045.7585914382921 1325.338143491743
789.8707257455449 1556.272005491168 1424.9843443565721
1598.4512225985827 1524.651630799057 1468.1508647189692
1202.0202310276181 93.10019358373522 936.6455717643815
1536.4228693195782 998.669302654607 72.56447591018639
1403.428732855787 1962.585878319769 1121.6950537405066
857.8044687961321 34.460052798301 473.19664761579276
696.3310857882561 885.7005052617682 803.8649315392423
504.1926524503368 1225.4835399618241 671.1321152104547
1337.6110621907553 868.8032557166647 1204.1168337167326
588.4235231821177 1262.1124270501402 1437.3575561787377
787.9455819218206 386.7927405181848 1376.7368988817943
470.5884177180653 342.0788360787663 1177.0298774323555
240.4004775924522 325.28412183697395 1174.404602569741
1318.6757474777319 1937.0279419181506 306.4830980041618
1623.51035171504 1099.9036077096107 864.4788652398344
280.5371034550641 781.2933355096405 990.5650229106793
534.9355600542227 1083.8594867320694 1391.2797434182785
1412.1930147465532 1174.1607694856089 85.498930949443
1838.7271365775937 108.62944629960892 27.607057707117356
1522.9319091201207 1976.2217514049364 1348.8993624816594
664.2471410120463 1737.4836684437066 1058.0260863884555
844.6642451176162 1272.9760936464763 1266.1529608949318
1521.9217721161097 1552.5351739698795 682.8552883925793
1929.975586050954 1845.5156414349065 1210.2293523269122
723.233519319957 883.4347414799939 223.4958963633817
767.2886828701113 1813.0278426443408 1178.8608398711008
791.3197449270815 62.985337291600054 415.10593520976727
1302.3866920963064 504.44075445473624 1063.5532214286854
635.541720252355 1549.2638729319926 1293.847442197215
1333.1703396254336 669.9121375903159 709.816718905697
676.4210551998538 1102.3965821596155 75.89191319764454
1831.4060358234383 1340.7229819108195 956.8281138748845
1324.1587140390234 1593.725884369976 1410.4995166560498
814.7608024164748 363.7610463777901 307.07196086614925
793.7269585098952 1937.93876736168 138.64803392572034
202.7052795152957 648.9290386454696 1317.0473997988074
1230.2728779983042 295.8344277199514 1300.09792734212
664.5518420264984 1391.5394528123543 1254.2919783529505
1427.3459977983543 1815.1048001917334 1207.120634607171
1991.9414634299167 279.0231344906613 701.7525298723598
635.7959006054828 831.6721351410416 1248.9690443663346
1289.017767679673 657.8951390340444 1347.385231831957
818.4669128106763 1257.3399972625077 713.880681938292
1335.4010578707039 188.71437697402226 1317.4938768228187
851.5409322026763 1460.8102888256237 482.6812136540244
481.7887949322912 1634.825908159893 41.78700088000831
872.9901239854132 899.273452518607 393.3996040720662
780.9617751921925 1350.8074517011796 1114.3662965886765
1991.82673115214 185.28726107885896 1146.7921993165942
1903.4102702242374 299.5634242796028 1431.9233835340629
1178.485053173097 1027.0533369383381 120.45264759539481
1960.1668135914324 1653.426137329033 429.6267316439542
1708.2002674249334 492.5116767682094 129.87773539066882
271.84457611625913 90.12413682256737 1341.1873327638796
34.723106816160865 1068.0770758769347 1395.9364550759994
828.622054186648 367.5063536528231 1142.4872620818078
1784.7474823250377 1223.7999163621305 765.145465068971
482.481567945759 1154.0809937691722 1418.572713998111
942.7760373892578 1306.4113859910603 408.0139962898173
40.510920491452886 1481.3811621566888 133.0668386762497
204.6674650673972 1986.9618910140812 1042.142998235021
871.8671995261386 1931.2043229614662 363.2860403017616
1714.924873791816 431.436265900206 1331.6878897803113
1236.805202228339 70.05817042114893 1361.7114745287865
635.4236890929692 1975.9155061955453 1285.4770552888808
736.9241520863419 937.6841225847481 540.270451471038
1810.2335875449894 93.7626046909441 841.4231365720594
1858.6791853467978 1938.865114350352 1009.5329299225243
103.1099573516292 474.527923894924 14.030519991337142
514.3944694291549 1630.1129942640507 1292.7417233081526
1710.7931132658073 132.8907240803343 155.94796637626473
1566.520051451547 363.87552822579306 346.227756647239
1531.78970684746 789.2108617955333 1046.440030425449
836.8690191064804 841.1186302921674 1199.3917010896664
167.49149785612704 1835.066008580899 328.961235619537
87.7658875687315 1873.7277228850708 864.3130728046042
1432.6268992746295 869.0823436729897 586.7373746305033
1332.7706298422129 1440.839794680476 587.9622923688065
1108.9283411964286 1207.8734993978117 240.0409885699129
1510.8292445781492 567.6250681158776 137.3544109293115
721.7974500914593 1839.9125151876233 1394.9456039737534
1835.1572933765003 234.48389334598053 1206.0621530435342
1800.788647829768 45.15150494249332 723.6101997918124
902.0288732745582 1166.5271073492509 1354.7160074128526
1833.4618036961147 688.8999557997837 498.0476336463194
416.55656111447195 523.6607839805001 1047.6283566882696
1363.9127114805146 626.7842657169429 710.0544579271493
914.3088188938755 71.4820713684714 1336.8227845966628
625.4711926334728 1917.4428016971167 1469.8799467733913
933.611324982583 941.4176131313012 1261.1594784753513
973.8797539394307 1065.6885740732023 220.26232972491295
693.6406659579444 610.341455328354 302.4627093360752
1445.8348661639113 1577.1238838235515 848.5686752943114
362.2997709394915 1239.3595810848278 1220.384205890711
368.7263039121558 612.8082203208317 1323.872874876857
1524.431329345343 499.9390257892493 1244.1140972753633
1162.8561635852518 1789.8537271999837 884.45001687016
1906.3614264073542 740.7566645563866 224.0755991685729
380.9718049243924 1893.7710907395192 826.2065316982694
810.7973265143391 1763.754073105226 958.2031226611925
1302.5300407608781 1802.0244694161988 1393.2942604837879
895.5515914582805 1935.1600116080695 305.13671994150434
190.52439585795344 1466.8676923301348 1317.205787552149
1675.9792164268401 15.838091610779204 1222.941746196865
1409.7938049495795 1123.129328601631 854.2465281690453
1573.1997785550427 782.53226737266 323.8513319860496
1820.0852483486335 96.47264648824772 1258.8254848043834
1458.1733876812787 1782.3423454241329 1132.089014389696
1005.4624385681988 1189.9338477123863 1431.4924933236277
538.9475909330807 551.0949424833265 1463.190508088448
1666.5182713344675 1116.7737438871384 1247.854401538083
275.6615760726469 263.8828401494795 1267.892417615033
74.57317760279403 1245.734183741569 971.0339052453872
60.799299708163005 544.8156430044104 1037.2999541563636
1111.9431190622845 838.5497544006193 249.06947514256234
10.953232324798057 4.227748048583058 835.2792982232286
1008.5273420036647 1260.256759093103 1138.0319299856167
1280.4183116113184 75.92251953798224 761.5249343372863
903.8911775494107 138.36076796109853 108.85711750452926
1256.765538592156 1765.951249346121 682.8285505792054
1911.8114677442948 1073.779556409506 250.62448353227927
899.0651876658607 290.63003163547904 974.7183283144184
1911.1859182162577 324.96390182683024 1416.8453809032017
822.1351526697636 505.35526369895933 458.55480122788254
497.6048630527381 496.6346391061436 60.2504621550381
722.342463183757 1236.888499780148 360.5160092001608
771.7355391793712 336.02078483678577 212.8765690021206
150.4576265675268 1612.354692285241 1217.6266980353912
700.2708639081168 1201.1370079862488 354.2909184650078
1318.0430404994872 1143.694207977646 682.2645855543218
1010.7355155576626 93.89790277450372 547.9898405911313
1172.5239036841288 946.1642886805712 374.5831004324942
615.124196232631 1361.8845363223631 459.81736066596494
486.90567947603336 118.41062128848657 87.06408881435374
1424.052878612861 352.0491065885991 1304.2688889554872
1332.5114140693017 1205.487314649517 1028.5502784901328
1478.9116545448817 1262.2240700987907 697.9466111532812
1896.7522581306432 1074.663586361908 228.18835476028048
1375.076679776451 904.5783180091156 83.79071429961465
343.6119844721364 1353.9366935684711 411.2208607562721
432.15765162776785 1724.967344440147 593.4388178076863
349.51815419099773 332.11460933464565 1088.7666780734098
42.00790608747229 1150.3582317671605 68.89812949505031
1298.930583807564 1418.5863774963266 265.80813831400775
1303.1020685877324 959.1083190624341 617.3206721965182
1346.6274519343287 522.114099570663 561.3471462916095
1270.5414429998145 757.1345861249467 295.6260618388108
135.96319771484565 1014.5557869058138 1013.1956642714755
515.1393403037761 885.8218907793279 1351.9928529291801
594.7426401099589 36.202723225011944 1425.0733131196043
57.54414806565889 1964.7067341695326 291.37345567564984
689.9152586626094 1863.637230427557 1483.5580323902493
1394.2025601662642 494.1725257394043 84.47887603860742
853.0789421544733 1174.3568818307842 521.8910791832077
1352.3592427512683 609.368974605893 522.3305976373188
462.50669446887537 728.5739666165952 454.76822715523286
1002.293525640033 1383.9236418468206 1474.0219302013516
1230.3360804733366 1839.7477361998442 655.7087470203296
1033.4289081200595 1791.4544395807297 257.41845895131894
1114.3221070942236 682.6857481918769 319.14042557637373
836.3016595929087 1360.4442288229873 351.718138179613
1155.6394751384198 1173.649919619938 1011.2662764811951
577.461192192994 1323.5410197248045 229.35754454228362
1147.3502145287487 338.55092537444875 1426.317079340248
689.8586616729066 1513.747544005724 680.4930170687553
54.90287100365499 1944.6296447770103 411.87559904708473
1861.7311214306014 369.8290359320553 1204.277478938699
1730.674663141213 1037.062786519985 1188.4487182164412
737.7345441769228 732.161265596422 195.32456111630293
1184.3321970647846 1554.903861667332 1249.5227576296093
269.6706042316248 711.0347058655382 1393.693315730565
683.6081945273473 1686.965469433273 1495.653950243048
1661.8725125276446 725.927782228561 1261.1562702387866
1325.510384545318 1750.7792294735932 352.5877136690022
1223.4581165371515 1558.699074753655 1111.2683496115949
809.9266080087461 606.4230501968959 1259.7210430975995
132.14145337902573 1072.623971306341 728.1945989581457
1738.7938593351337 1031.4844230996348 86.30429373131898
694.0203841687311 1840.0319611372336 247.97535724608971
1561.6868733357946 740.2651124975832 862.41392257163
318.07737463373377 551.736489430422 112.93289551772834
1497.7207306918547 1791.621758140323 1352.4444582946537
516.3056181826443 16.541636916935552 280.2816194014476
1638.5059733269304 1805.6156209554117 829.2774697365625
1413.3434585776404 717.2731020890939 396.68238463469584
933.5334721463795 457.99292513575574 1358.5875003370065
1449.577037448136 1927.1846814457856 533.1111486475877
215.5262339689179 813.7829052441057 1295.0739394676978
1728.7334978714714 707.6835932047836 1208.4854372611
42.126910309791654 1937.9461029282656 427.2652283164148
1433.350745162324 615.6335995611828 573.4303569797231
1133.862827997499 742.2863545972172 1444.9027884607963
1248.5566648067788 325.15917791720585 8.474862008407246
1619.6784914983807 762.5170916839044 1471.6214820655687
264.31283764650004 780.391075810243 148.80836255594897
1274.1731304358846 266.90593021270195 968.9645175563647
1275.3307391365283 1955.6065646814109 1274.7642075766437
1399.6542732292082 96.85055280550748 1152.4257359641783
1789.73698675874 1604.483080447418 1255.2063052858175
1176.9621626168591 638.9136481515121 1033.5761798414283
1065.8141940121427 1646.571249413465 1205.3233269018667
77.72037829684808 749.3069948697338 104.39631089994405
1308.1806136663693 193.22000619401703 990.3671828259962
1456.3495869661785 948.2391204439238 351.59068370320904
834.214887823363 1572.1215491475648 1335.3189300352803
1639.949068524749 400.86502128873434 1342.9670720248891
1011.5566340783471 1714.3068183221328 783.5858050897746
487.81327116902173 1200.0823431280035 900.3423393851429
821.7923567352478 1605.6116819812223 892.8019551167484
419.56822503651716 751.6448147188551 1385.6617905253404
792.6715090326267 215.65747446694905 751.8949017254432
431.65653953846015 103.87416536205585 1420.9969721386965
1066.1861812649242 161.14579931511287 400.316197659113
820.7696619576215 1059.3659149820082 459.70068785210196
377.77001983075655 1293.8598609333178 205.82534954581394
265.4891817002352 1966.903415973499 62.08450852712283
1637.713905098518 1158.5906323746494 1089.7096777430038
309.87663998485647 1552.3504081359092 375.5916152661327
1220.5472052833186 1588.5974584735134 21.057084877891374
994.9450045545938 1479.3900791824644 1003.4035903674645
310.56022624224977 1107.3960504596391 609.0370483261127
106.00629019373132 1965.4947646694113 1178.873774804131
1494.8384979328894 1036.911403819781 1091.6565165636532
860.034603563238 25.599323860575616 1009.5933725802435
780.311444546778 1456.8899832814866 1471.300674468341
261.8239905933457 1039.6905782792398 66.33118440663199
811.7626201368175 629.4110257282343 62.51138453983462
1930.6897875993427 219.08700291202086 1151.3027034975355
1191.5131961736365 964.6688961846099 745.7336477606262
322.0163365184736 1474.4241962390875 894.9069037116152
792.2395130732873 659.5302796721943 859.7447609453121
369.9648967858664 1945.105900966142 1097.5916279718908
144.11211077521347 90.91371096986278 362.0336316172892
908.7579873893445 1588.1856169929508 722.4469002246336
522.7712937539109 1435.4769134944843 451.6588861270079
232.10352735444138 81.89836101476477 836.6839654274461
781.9720402293857 683.5799346016236 460.15556623713616
167.61004731062258 372.1112927599501 1448.4546847474153
338.31692188759456 851.3154041220137 990.9608562927442
103.00055782842409 1109.4881812881529 607.4009071946963
1721.3029275431477 1368.3816034993672 351.5626759924396
807.0932597676785 1407.2032491155799 1317.6868238251127
775.2313514356853 1114.2810994111828 1245.0865843077415
1861.4235449079335 1274.1281853307773 25.460243816827322
1486.6388347004772 625.8937476238984 584.1320817398076
1023.2285780431205 160.62897318526547 556.946119389301
266.0583031831945 837.5765600733203 1490.6359200829838
1530.8063597886273 645.5440651150633 1430.3227914615425
278.7908007972069 1575.2206816870132 615.7498783966131
608.4766676853955 809.6343694693672 656.9037350350047
998.4811547739987 1900.71648830748 1130.838487868609
1640.8094550256553 1923.9363800113663 622.0120594621085
1099.3759806430214 749.1072780265644 373.7972725232405
611.8845906669629 958.5297574747465 1034.6036588758434
57.85698074708012 276.6047993975256 1160.5833865117315
529.527824399084 1533.8645777876222 110.42682089783933
1603.6807292360643 468.6681930707259 581.5155436467927
1991.7562012387639 1914.3791159370517 1499.3900084327838
1056.3098812108117 207.91899083278253 538.9727077474718
1350.6772238332867 1732.7515426793732 938.3331552893791
1607.2542314978634 937.6086208772776 1168.470731809092
1461.722568499539 1569.153816923805 1284.6985401176983
914.37409786193 1814.7372731927367 1447.9160824773867
686.9203473494774 562.1135614825558 966.2613195647206
1714.785947154003 1864.8119827394592 777.0225188132137
1950.4360782821188 168.01731072893 538.8222701962169
359.02427561914266 760.6824164203225 1288.9011189590003
33.25813936465916 562.0904286236798 888.5668606946325
587.9813450582552 1692.1326473878771 716.6342728603296
396.92298503803136 634.047580371472 694.1285590039299
906.2118952540268 1094.2590010441602 1126.2470080354258
1474.3692706601105 979.0044920906867 1238.5168768823391
124.41608413476635 1988.765393549918 1346.511192694017
1490.2173769190592 807.6304926336127 1100.4909746083815
943.9412391835891 515.3312857069608 255.19349617103015
118.62513825480048 127.8388591982571 167.12478641607086
1849.679735270783 1236.88169409175 849.0367495134712
31.225444619096265 266.16131755172523 460.9410697116414
1431.7224707607668 1907.189197741596 162.71612343793035
1430.194623757267 1831.7149572506908 1198.5190178051553
233.55410890643725 272.16329972553234 98.6956599496725
1790.8804335986285 1503.5612937071683 1419.385257142668
0.14506484747389692 87.56929369393629 380.21523078866136
387.28733881570435 1718.0177146149363 346.44423799169334
516.8612406184787 1503.7291219852007 1125.282011764127
1522.5298728479097 1693.511661221305 1487.7026238701496
1472.4724635949435 1578.856099796918 557.1360353071753
294.6016310588706 615.8113582133318 1006.1741008099292
792.5378894755639 1539.4864234739973 644.345568934909
969.8817748353794 1082.9989691205687 384.79622546775784
1727.9529475347344 831.2897212258725 705.9854760623613
1696.413035506443 151.31692860942937 1079.6500497149952
110.11198955026713 803.7521055352765 1298.8759696936472
1092.0775898691418 243.01809507564198 223.1021585234642
1514.8985631418554 46.190318319245584 1011.0769349794496
623.6065926779759 889.5037299445705 1304.1647134168386
1475.6789943400195 1807.7402472202439 786.4101137131829
240.70481519056707 912.2411128773272 630.7295313373322
678.295322350887 1407.5978587782322 1289.6032348574306
628.1501084228072 1910.4048142841552 110.31439250046759
346.56414519095557 147.68307269588044 1475.335502015062
72.63140529712354 392.0771305742241 674.4640342782727
822.3685254208161 641.0835363148519 1451.0250038937238
810.7227686604243 1806.327047454039 160.70207930476815
1377.891895289693 254.7402063348141 1101.6267563983986
695.223577021026 1985.627801519404 270.26787504106085
1480.5173325104163 815.6698023077902 596.0215347709154
1080.2317282933916 1397.2229040656941 320.8146976281505
274.7542994820178 563.3506366576448 1493.9293247766814
909.6412338139093 580.6232282394357 1179.0293697035333
1602.4232664620583 435.29948254152083 1241.014382553748
1877.3937369054102 1419.7634067160252 1414.5480908187524
278.2329755150923 1252.8688139752471 414.31822018030533
272.53845274557295 1848.3261179977962 224.94054372697357
5.1015392692330686 692.356580602913 1423.2089116398563
1480.3411275766553 620.9255716450699 1471.1610840598591
1938.7845377433528 957.7301431317262 1480.8513126854136
1978.8402897445842 1619.6182354422945 184.6358330438956
210.12594523530527 1909.0355093178043 746.2918656739167
204.01642366021488 107.77727803771819 612.3537626830939
770.0299638983519 353.3508785535062 828.6774317629663
461.8400112707117 1624.7904514318534 1118.8622647251143
1593.992561361755 1209.6385703705457 1120.8067328378718
1504.2918834231896 478.5325186118656 481.2508274968996
1850.380425067978 116.00562979978557 1248.4025574927866
1778.4287769302384 1541.8814324480259 368.96523022003146
1130.3058970206112 1015.4660959210162 1493.4414162497012
1962.2640197817982 645.9660131962244 592.2242871347479
493.30999629960195 1748.8624381720513 1356.1053481073293
120.56333008960851 175.86173074371493 597.6208806275419
899.4070512773908 724.2115365960265 1257.565388567964
919.436595382835 401.0078918955398 355.60140530434336
1454.5092767312149 1215.2832565525973 381.9541952059447
1074.9213540294118 1008.0895637821734 1161.0756848125643
1709.4306609148935 1700.363707655637 1239.6555960596602
213.1580338347827 527.4334347713103 1015.1044591412327
992.489792640926 750.5924058545554 111.8303687559295
517.99238017798 1179.7838257845904 685.8732432057716
1299.5435209550906 677.7125262937864 921.3110258363347
514.6863777785875 82.24022787035956 1466.230588028192
1087.1722596608843 881.3540343560209 1143.524631622245
614.1467710072133 1456.8330476013539 933.4580177630797
1651.4466608857017 1612.27363819772 1158.5268151058242
1656.225001331679 390.2348622353553 448.71329983131045
704.5370695343087 7.9748763106535225 1116.365752446169
587.6410340327299 134.21712317371237 739.5274112002986
1681.5105272150304 1347.7430632068404 1113.3371144081773
281.8602394629515 966.8784679275046 70.24281541111776
1695.7911490748972 517.3173858547508 746.489143116586
1589.2331141218003 1916.9118428206816 882.1016945823601
1244.6207155793363 1918.8289661385818 1142.2102917800669
135.20238355801405 1660.200757418617 399.53530296782003
323.43491973659667 430.48226149294754 119.56733631952393
938.9011660274007 93.2077390814816 773.3222542444992
911.3640632583566 893.0279618411976 924.4837467328599
850.5620605121609 569.012834018694 630.6385904712682
1339.53567689787 1482.0091819952715 590.1968768263124
956.2178228627403 1361.1657884165447 52.64729735569218
360.4055565528834 1856.4815042911791 1139.3296906131952
265.8099279864248 1744.129755628103 1304.7907289561874
28.506537767107876 1779.7546263472566 1382.8795131519698
847.8855297861137 1630.519419020314 231.43429701334983
177.756221011546 1164.4645001465442 457.4387438786146
1990.0872463781398 577.1342317340144 895.2661061479272
1790.9666239925848 107.46530570417856 1317.537012979779
1868.2269178255226 705.1486610573061 573.1984281117196
500.4692683474625 210.06110170898907 413.75882825015964
559.5483518174153 1155.7223319145517 1338.5267985780092
717.8518889810723 1537.4721409092488 170.85853985204602
162.49732671390137 444.8347276990612 266.56356927904466
212.11900385001047 238.08034248608845 297.44925150848997
476.4597155826904 1897.3304969160251 552.4402124485241
1982.317082644182 1685.9767963546167 126.41127331973911
216.9944617603845 937.780958030155 689.9739076865316
1872.1638510776036 1228.4501764171412 1348.4613960125005
1974.507257895378 1636.4518598467475 676.892421458759
957.024433994633 1393.7402127989908 273.51179137176103
1827.949307754991 883.6839004296739 725.7371143505106
1016.7675664229577 1538.9997277132836 92.72794107316129
312.70080972284876 1413.1417349641813 698.4373138388779
1551.5557578564687 548.715462935619 106.08691059867331
722.4063959445422 927.0790756255647 659.8660311376012
1604.748592756847 611.9936007894909 170.392210435228
1673.4663665383823 1609.943874029823 866.7886849947577
1067.062867111581 362.4939559796856 1171.156341781655
835.47755697762 1964.4158874543123 1110.2284482275027
192.18163243271258 1165.762528057031 1422.4124537928706
1465.2579276501492 1450.983344124733 477.04343638948563
587.2712623961871 823.5803765548964 1087.0376465077939
325.5528123906104 1146.2083493766308 1037.4648221105022
773.7794711531299 1776.248046453449 1026.5784166135968
1614.4977929862364 1479.3151168817544 604.5673815845541
1755.2943219043693 275.7344496521148 699.7665302446485
1540.3007064739465 175.89953754620979 294.43534711548597
720.6382462564341 238.83889490393884 241.52482970817456
614.9124288277687 1817.541892305148 1407.5937074168683
1741.8114168366149 687.6443940124435 787.5344190097061
1040.8203145336372 1896.8864277175412 89.27141801554895
1958.843405229505 1886.7460620941065 1421.0738159356486
1481.8479328419612 623.1498611704152 1272.1064282632688
1389.437104984759 55.82235534052926 1038.6690041130332
1946.8624176612898 1390.499999866176 434.564410538605
87.8388045071552 1164.61378576029 998.9540744509757
927.2603931967003 371.8037171799455 1100.6345558399196
630.8162723563597 1712.9280145614666 69.5223792874372
1567.9531178107022 343.92221635837285 1110.932755448964
807.0694463177527 487.75635518423434 677.9231615231122
618.5992733259435 1886.5324681037316 691.0539708256315
948.3396064503175 1244.643434580264 582.5869013768516
1291.3137620273155 411.42632713094065 932.1688938106926
538.5889875801942 979.2311520857855 1464.7181975990723
526.9717459181315 1771.2270093536586 144.66706871971485
1485.4448121733935 783.4791509905974 361.6133574276779
93.7948756425846 512.4013813005008 578.5368148768403
698.433505218129 650.7206135962314 513.985291971176
1755.7579829489039 614.8333588334008 658.5986689179803
231.53277268883943 1444.9544672945226 813.895482346669
564.7463070072575 314.0277004313219 1352.6820261864377
1201.0291907105743 1239.3762282559492 727.0354789957643
1439.5503323426867 1400.058796347782 365.5642866853383
67.17814386905575 1472.7432413433671 618.4210348523518
1589.5510210059808 1534.6116322476348 1446.110510868537
1100.4029314349102 314.97033192373135 654.7470769666389
1325.1820638042825 652.6901810734074 255.92896234654367
1527.2417826655524 410.53348982975035 1047.4866585863374
1954.5158897935712 246.7072063698439 215.11890444300897
662.8834634812071 1593.593475330591 1278.3423120851292
1263.3614351799329 1830.422987647166 1089.7685197545077
57.16012533214143 332.3896840305689 353.8711155123205
462.78240000593416 1965.1733034336976 143.02104420873218
1378.3262144160153 1441.339266555327 138.8652612384653
389.8878977413238 967.4138792354477 63.83553994599661
1022.2624138839145 32.67871198478134 1035.0924576088598
1032.259248047076 387.9515355714016 1326.4817263060688
1460.0455924975493 470.0591883160312 687.5772519744058
1264.9377648099583 1779.8281144594357 688.8068674423741
877.6095221610411 171.11659641732024 1086.6110203469188
710.7164197377438 847.9180519391784 1123.0972341611307
828.8228507560302 790.3129972978458 1327.5534794734301
1787.715999171842 357.9178696683747 599.7976214106424
1231.5557586289524 32.70638481067722 349.13365405738824
1578.3845355697993 1268.5725050319525 290.23219924636555
271.86376561216696 1563.7521594112413 466.017929358944
1346.5075572343126 705.0872604867307 52.63518272851309
857.9399895930726 758.7005141131838 1478.6120779264538
1308.1637592002667 1167.610672911189 346.8202652943644
1829.1524279811529 1676.715529079086 384.57192616957093
1926.7144002989446 1763.7766868544259 207.36246431771295
358.5797308773606 1398.516554723985 651.7658033607762
311.8819818072263 1776.0908710504466 628.2874320804145
96.21666453157562 791.0751679119717 859.6566816541502
1256.2610389975882 402.5695827101388 782.946938264349
885.0145623149215 0.28924691941201175 837.1386323935153
281.8764047752025 229.40735610272455 832.1261994252394
1619.8606440532853 29.812123446824266 1055.2761074226423
1724.5566979794241 1914.0678209859932 216.09999402960167
442.49534826088063 945.8447339048171 327.62530576053996
1928.4636875048166 772.6551110936821 540.2189865999843
1040.5368244593772 1402.677490585738 377.59241692511705
1569.4816505402398 837.2461458437548 52.4169499513184
1276.3194671917202 1413.585091949068 1264.316096647951
492.5558673772743 681.4297506806708 926.9522234837218
1449.8317593519955 728.5139522816144 1465.0319999735043
337.8470662825397 55.93619739030142 859.6002045533855
905.4956525062116 1364.8631375978819 1492.3660547163365
1219.34905447212 1508.5932478916925 186.49060882670494
1180.557322578009 1397.7929585560598 927.6791593982649
1451.9733991723735 1442.573623383935 1266.325443664366
697.494384863186 873.8361295441432 50.72651677301276
1013.0650112345718 1028.7676531972872 107.52957325417151
1914.95148637597 1716.9594202323972 398.05306159707663
1495.3360224404623 1703.0958641107786 34.52952779889168
1500.293081431265 569.1518743054564 713.2155859905647
1815.3106980704715 1334.6974153768483 1263.4227894906858
129.69394478187235 1662.2960190960966 1129.166087849294
1818.5069922101745 589.8375259111734 232.11664613065597
765.9085372570964 273.04293359123255 441.0722219513503
676.4004306123288 1228.5002325998198 480.3876696953529
1937.4433776224896 757.8766408631902 767.1105768814849
1223.7622651215115 361.28652440241706 725.8690549353006
643.9189812356692 1057.241816460046 1103.9479255659303
560.8281653145095 1109.6620058825472 984.4024146455705
664.9027123812705 1048.8966660196895 805.2334550117037
44.48179306564892 1685.3030221724214 123.25794848131171
1644.620367079111 999.5324368371017 504.12865011506614
579.2540172059481 769.823060615007 724.2623825946193
667.8334424791814 1954.057170277329 1277.9460559301447
1051.9627178798573 169.37305327578733 1418.4112443744225
123.05050479771285 720.2360880404864 660.0346161642143
1343.127924052468 592.3418483720857 1123.6898182116656
1038.4193811817172 1506.4427112350468 48.040283973886545
1976.4323778320515 1770.321153309372 1187.515821767741
1059.6477868128609 739.3206690794842 1359.6545859087314
725.3775847874224 1218.5334532960214 1102.4363725892074
43.7432958500521 135.2163827094124 966.33954849915
1345.2086683765242 811.8022642171236 417.1578843450357
349.839560313149 729.1882109826242 940.1136178263567
164.51143078954124 1742.9157473442656 524.8451971389467
1249.4715244355605 672.4894750724551 1108.6248244998353
128.02203606330932 1652.7249142133664 176.85828614727683
525.0431063778218 856.1535460755547 1467.0412618104092
1742.8815337972337 1805.1410095348822 199.68904028808365
99.2439809413479 1492.9531310528782 378.3527280737342
148.83273673404562 784.323810739537 612.1064582394979
1969.6283976449201 1156.2143803291624 1103.4292910898187
1496.0648121727436 384.9043049580281 214.89230563938548
934.5599960923496 719.9630545266804 1300.5045316813987
426.50550552430855 586.3397338725642 570.8910516538159
1037.4565379400801 8.32529005577265 217.6675578133389
389.58309678888736 433.58041638619096 363.24017040587114
1705.2781620605087 474.42336036820353 98.06163392584854
1180.9314742044912 1319.0190355511274 1372.961932323849
1391.4063106895364 1282.804492967258 323.14334707723367
1283.4745714952278 1027.7506592166014 1068.4048987915473
188.70068052184362 1391.7784142671983 271.9996447494872
190.84233292713182 945.044821285431 1327.1911134060972
1021.7866045710778 1237.4095602887076 326.76084884612476
140.10686275771755 1123.928357301087 1430.7129717739424
573.0830052331884 680.2481600936186 210.60869591353205
401.37144110409184 1251.6762638002053 1376.9653616956346
104.0351349222386 1236.0046441851484 1410.9431432296653
314.41799306197083 199.40576346917504 803.7227251058082
1079.1785939619194 1228.9639230692774 392.7692753202055
1083.7978110885183 1927.672116519559 975.2142347874618
1083.0961959582473 415.7565188549559 4.321704131605985
1080.4090973700204 1201.6938316751164 947.2200133133988
418.7525222102595 787.1755706200869 289.63512634931715
1192.2575283801284 303.7905937185821 818.4782881068935
434.15443244965337 1386.128060682901 417.51406696849585
1902.5202083683741 1783.3347013837333 833.4269263382271
383.3295523317375 1413.2997881365231 1285.2677315774638
124.42498165848659 1857.396473198083 490.1326242758715
995.6109636639706 1230.9839581997826 751.5929300507538
1531.408039313979 1168.7005679377585 685.4001864281909
97.30916391939192 165.25467658253822 1477.004938047916
511.25746070314415 1002.4864201298623 378.871546870164
1993.2222217092249 535.9167148880961 1220.7890406552697
959.1052413077467 422.7628434289923 1436.931476110198
137.95776286490445 1480.5921740440538 1315.4061299615573
935.1099768988336 753.0121856698588 1059.526052408144
549.9327740374251 378.2539858796341 845.230777802132
737.4012404807944 588.4618324541337 164.2866464264613
577.7951935709747 1034.5908429912095 566.4270950820797
453.30957875552656 1467.8765636470719 616.6044101896956
288.6822135364424 1880.373045850481 249.44918705388224
1498.931672029827 1992.123390118792 6.794668320169617
1562.6785580634978 1848.479256218957 988.0816894750411
480.27993223681295 308.2334281818786 822.2423353844015
815.4746427021639 1263.944744099514 360.1033396729094
971.026342387588 1877.762870884774 22.68717148467797
774.5990472564506 1348.7911027588173 68.25138271853365
323.42581282918735 322.7377009334582 883.5337764744102
559.3907817201538 1535.5372805240147 749.5983210026495
1916.2671143568978 1661.425573651803 1159.3452518278411
1738.312737621135 801.4425246279948 597.965047698529
1910.9031058905098 1855.506719825715 1157.4717736006714
372.33213309494784 989.1723149853271 897.9072067516302
173.90623063584167 374.2114805812224 143.6907448776207
1049.3826674862385 1796.8552168158853 630.1926353177241
1155.0551223568712 673.0609326775166 771.6213606707004
1002.5734878972477 543.2159879149623 1136.7971348918763
1744.9103102410493 375.03780337861303 386.0540449474378
118.25152243878901 1071.1248418447221 280.0610905693535
532.2671291146044 757.2162740357811 814.1289962895393
1589.0530281606048 89.25694703309728 654.0448942018857
1665.8185895398622 971.9288735217273 480.2454800785233
1440.0120983587944 1404.3680408531313 1069.833253340131
1845.95717266787 1012.5836197994123 1494.7887761378452
1991.7020420154959 865.9019691867833 361.25276819469184
1065.1811007470844 990.0817769960888 1091.6618874047317
9.773406576625288 257.9901401978051 371.8579894668318
654.5353681103252 1335.9806072265044 1247.4508661501209
66.25566556736673 554.8250212656052 1272.5262745172442
384.8621740165066 220.01801864861602 979.663264037321
1533.7091118992216 1701.9534603351542 1182.7276476351396
388.70105173604696 1115.1651473134345 1006.6240587813008
660.2795784658018 277.0695621348387 977.0520706947183
72.7233815644599 1224.5400112861269 792.8304502672839
950.8347463782655 889.1256358002646 1135.846385679035
474.80343340954414 986.2531765411262 959.9620528534653
1972.970316838669 865.7616363804319 902.1115818638042
302.4987117572131 931.2693795540185 881.1049219900116
1408.179367905831 1406.081310713375 1213.3251337237252
1510.378100849833 1645.2056837271427 943.1389088914509
683.9678754700351 640.2351360398886 458.1830291889845
543.080539190307 1464.3396059930744 158.4420699700998
267.8540704604084 1840.95052141721 1496.3588803180928
974.6872389316766 529.0043720253454 1106.0728694708714
777.849923232379 1981.3282503334524 1291.9879977431963
158.04623515055937 291.0170895014881 400.48708707634603
1802.236071651745 690.6710150034696 726.8334071580399
713.860024419791 1651.6312371528495 231.0273742851297
806.9023397203425 1120.8381719652987 661.9809131694301
1906.8606176643907 194.63350372551048 792.7369653407558
1479.7089272294434 827.6715230022513 661.0285937535145
1681.9764283388868 501.9453313929998 362.530035448328
1782.134470548136 580.2829823728343 847.1507591774658
1987.6002306882842 1431.1332367724456 1204.731941963554
1614.9892342253124 145.25317338553 1253.226714517903
365.92185095645567 1137.6077609315366 1152.4525568164113
1265.7360939747518 1140.836246884145 267.5925500414676
1463.7341602239915 1671.827145270829 705.4608974123083
125.08358759360848 1347.782685451973 282.95134082787723
602.8145448089103 616.9662494412142 353.3749121767436
1051.9743826764425 1855.1630547836753 245.15062375489572
499.0752846510209 1665.3115601261222 1490.2235243140346
1278.1598392191775 1144.1650548685968 62.98781661317299
1976.254576297631 761.7568359856301 796.0977553772319
1469.3751237470601 1039.5996372834309 1061.9157099209344
309.58231499915655 271.2208582773603 91.97017092050991
417.414955534795 1989.4615484840747 287.2169789278377
518.9234886845333 434.09666785614354 431.0284786054362
1409.9532784067558 66.57391078045505 1245.8427625462111
380.26133904624726 158.24368350611095 1072.90028810128
759.865171576573 685.8571704028342 253.60627678441494
63.75265284664988 1660.4481312970145 532.7549980486584
301.91470068392266 1049.6399413075046 1172.4923222934274
1401.9984576612746 1685.210307150703 813.4541965558069
787.9257992462891 1142.3899430027598 58.07132214178229
702.6418635351546 878.1881559527038 865.0915749601162
1965.7214026588258 1634.4596910067523 638.4327880482696
49.82079770346593 463.264298914555 970.2245024999074
1398.6367499929142 818.7063236131289 1202.2444911256734
1335.9598359335778 1306.4933097996143 1106.762771054384
1811.0416499866215 1595.4337734121482 1481.0486267413592
1900.704229779587 1424.954159134431 227.95139423046578
731.8333812679825 856.0810489694782 1090.4555838714407
1620.6287958610067 358.556497715689 787.1909032931178
1441.8584534308982 111.2576055104042 1122.057904877041
820.0835544880276 1069.913635669256 1284.0350929005087
1703.7881624447305 1847.0614799007947 463.60427652566864
1714.2006294618195 635.5104992828744 32.01421653638342
1037.0664069199447 1269.5152223883795 859.7839697658112
1277.873018290713 297.2587447897981 569.6377017240525
972.0035407876337 429.53263168003275 344.61625110266374
736.5597071104048 611.1194365427355 1417.8796091778079
334.2871831880019 1831.3710107922013 31.317283544326614
272.9803580342924 1592.7121206910792 180.63852851027394
199.3592583282804 1054.334491043086 259.41777312099333
117.52037118421433 1693.1460569970586 853.0781890320003
472.6764475439542 1849.852136390851 1134.3119180105493
581.6395189702981 1667.3629606323987 130.06796180383577
1777.8765109657977 592.3609018724361 324.05650340237224
1916.3449254109964 30.949634190202467 1292.9679207815564
1801.172388901622 254.90970812946068 639.3203519205987
613.437603669837 1162.491256557406 1453.1439611508483
989.3399813727277 893.0671658448273 362.1517455157452
1942.2372506779898 521.3383002961926 1470.5107956629095
570.9271017336292 1740.2325727547648 65.74725846904799
1838.6699182860343 1244.848853979642 1185.6596048004033
400.784791130004 1776.4460970523498 31.30520140345283
379.3213968647837 409.0816076257124 840.2145440953138
1182.7539143399576 313.57761046472035 1002.4026670346977
1775.8708803562042 1801.5510502651873 236.68206244397487
120.74780156423715 781.8251152475985 540.4928442189517
1634.7573887804474 1476.3824847973774 711.1324388114466
1842.2798658544714 425.5875636536492 1168.3976787887498
47.323892923362585 1261.6911693907816 1101.10708245922
1077.9117831111655 1161.3390142531412 1090.5533712536476
189.2161487717563 826.4837004287759 795.2930880873521
612.6001282160613 1453.9933344888286 417.17805095712197
1225.9037044250492 221.69971576425286 663.068030322324
356.4936799118881 1743.7605784374268 994.7637486249715
17.92901092154464 133.01145879498844 804.7487159631571
97.94881757304697 240.7224632691125 172.1108413338122
1236.54141421886 1491.4045437769896 75.26932124729363
1495.9399849764786 1012.3952357341301 758.303434225251
146.09218724120888 971.2272610484682 650.5290309551699
1308.2723879912471 1410.6580649154969 1351.5647542506267
550.3326409664178 1386.0985845346331 929.4157906973792
1758.2849667697367 1955.0291083980653 1032.416010791882
1039.709595081786 860.071470472529 636.3155030241212
523.4997941022986 1517.0598045362724 122.27183397311336
763.0236465117096 304.9249528912976 242.99802480766536
616.1197031763847 1394.7880102045785 1487.0452156151825
982.172658784555 257.88536402550943 845.3504452870885
1147.1717482704266 1787.8867472462414 1319.1647947432295
1863.6423559352322 983.7574060634138 125.88922073104037
1822.50631020272 1089.3626605167701 124.59813121835734
1706.8923294805525 763.4285717266612 1401.7512819635258
1108.2339200019599 247.19948693235483 992.3639516162249
720.7128228820376 517.7465729785918 338.4976728681383
1352.7231757274087 958.5616902733218 847.3631809541534
809.0245718836409 816.9935725593689 111.06066887619708
1011.03434219179 1945.4617177994342 925.7782808593215
1490.576719167172 1885.7453155661692 345.71715227457355
1975.4677491027733 979.4632386513391 173.29841716036688
476.48223667313385 1366.024455953839 427.233039172028
999.3903697742255 912.3402937823628 359.5780407522787
654.7638300065781 1612.0201932906853 675.5364143981677
1110.3366031218966 1698.2684365360317 1313.8072046465147
110.94484924345483 1983.7371375146397 328.73384582325565
1673.8730068229106 1608.0408839581046 1194.7716000568985
1258.8593088877767 979.8306773517278 1234.6021717591748
1878.171460845512 1982.4315192120941 1392.7660794088508
412.13077842847537 1669.751116819517 233.8825995799419
1260.6524119789115 1785.7713226227552 1191.6867869847322
1357.7009350774372 17.061614156999696 350.07094707623463
356.516143526189 562.7370667791423 666.1200230437987
127.126404865189 659.9914785609495 223.0501712946935
1549.0011234373903 151.77105421127868 476.9831883531729
973.4013765119074 1979.7200276524466 457.1560148321073
790.3026459779871 1426.3821002863576 1279.6192836992482
269.7741583262381 764.2966050864572 12.745544436549071
553.7338027253634 383.56130472085084 1193.6173381437975
1450.854508751146 343.17941830157906 176.9863470642219
671.4301806305025 1832.388868400252 1134.9770583088832
1183.1368302852477 497.084406331046 165.80477695510055
239.0163628616966 1287.4167823594898 1330.0378845313655
1816.6378025222114 1069.2917281616371 279.2955939702112
161.33087855445294 296.1356006651021 828.5930950075418
1323.622379629566 926.8922449748156 961.9822244668866
1190.5208130841286 555.7302248563262 1062.2974844117591
1375.8864644263922 37.64518327231081 1187.716103272542
1349.923617368841 1152.9223999091305 70.96517105306482
482.0015897679106 378.2841580970637 685.1900607742751
1951.371880348781 529.3416746963094 839.5896277105522
15.56806712250891 38.241950394853234 1312.9829660849605
361.3921693935638 1071.2759424356623 620.185999635198
1034.4441912114257 240.14828420389355 255.09464568863893
584.2685076104459 74.45849925360038 781.7075511543871
1054.0409051839033 334.4876144044309 1459.3452218630243
244.8167626437916 296.24495458333746 570.5898088940392
1386.1413259792025 10.407594366575346 979.3392973306006
629.9929175885353 1557.2425966359708 1216.228779550614
628.9943173562898 1373.303215633553 880.3989256823367
1304.062179401845 420.304793320047 945.2060651150249
152.77616479773081 1007.8963357201411 1050.5833889407584
1663.9064298242542 601.6881381122985 59.33620569173248
1725.0489305828637 54.39332479751613 1440.742342204961
24.998223002741014 1220.6655159060567 1412.489376840415
1309.3859911115578 516.2573904712885 1373.6441435814447
550.974664138235 837.4969799623011 492.29323064551596
518.0703337239519 1543.1805758894825 944.5652095274468
890.3328851544876 244.14802152394864 860.8505939040306
125.0167801687947 463.26441066386394 1171.4134054151962
1780.1288884793437 487.78041444970177 508.4476404346643
1545.3065682913673 1474.601595841392 1293.3391051271267
1049.7760163818946 1549.7409368341382 381.0479942660371
1497.3979302016983 1655.5266226958852 153.61490830216601
652.171791742204 891.6550568202648 548.8958115097447
498.23331728337706 485.7833335172992 1206.6661994419226
1702.1906772277453 509.5635325849939 768.1775410344317
913.3897068427235 804.4311093862029 1422.4561922832963
1526.0174415357167 28.579420460690397 926.4011419020632
1.7332749441503204 1558.1770280215142 1083.235622480512
1004.7207396474536 785.590175032347 990.784138257346
658.9855807854769 638.3216075228169 894.919463426589
1595.7070715796565 600.7701360747699 1278.5334863812254
712.5378373013626 204.81405407371622 823.6705645853818
496.02862751090515 199.14698275542864 780.4927425692111
376.71326741224755 1214.9058896432493 1324.3029127298037
88.71687596281718 1190.636862184855 1196.6548972002458
375.1037225149516 1389.5550104788526 861.1591331197477
763.4958392794899 1099.708741669615 177.99482908791651
1122.8010077694908 508.8055531965614 657.6221204144981
1141.0806104651217 735.4022727386748 213.21798495663913
1353.937381078014 435.22632531333085 1469.920461062018
1327.440679508958 174.33179050539627 154.62251855258623
1583.3295464456862 1894.5131862089154 1357.1909242930549
687.0601037149949 1072.49720809591 1268.2429057840227
1402.5092806611046 1992.5473034604781 763.9434475751182
581.3432518250514 1291.8216115225368 641.1172737078767
1309.2399991748825 293.4718034184227 1386.2484056800847
1817.6343949675336 941.1313403049562 772.8654094294092
128.67180711130132 1893.6587784830015 566.2737266925851
622.8937757059214 1028.7088368494144 908.649252532734
216.12885795068615 244.11614070933308 366.00018729610264
1709.5035182002762 1203.6017710801414 1392.1457378924958
36.45400121176223 1285.8504015146332 44.09978364924799
326.2876014782261 472.9186721969623 124.83033913596175
1865.7270163289593 371.99728441824396 755.6305141478836
1612.7735149870728 116.89227390715651 870.6787149806735
1760.4950079204505 810.6113089758578 1145.6825292349079
1801.8385566222933 981.6153062037109 1270.9131671169503
1177.397450256972 358.38996225738964 583.467149985181
1543.6752774632284 274.07526819770436 699.7662692701072
32.61301161894714 778.6531299686852 1488.2309641819525
129.08588989996318 1560.755786522944 343.4832933155375
242.93422155727296 1150.8504313855667 957.449268942224
407.90426071138563 719.405651824516 11.43826593299002
790.641756071746 905.186964864708 1271.1163021797213
1149.391181341482 1752.560911159296 779.6382130553106
1648.939243007351 1033.6039073898296 579.5936923165191
1682.3290089412633 360.2558367871709 60.99277323783026
525.5532427432274 1006.3898318392286 306.8639231744985
366.3550151986839 243.52559643578587 890.1777070808557
1184.2112500789874 274.0504150073255 1190.5623025998557
1391.3650541340492 576.0265992177041 921.8237629727298
1416.3471976894732 1980.3858436016203 213.90125794314025
46.25030261280383 857.4056078503578 1.8062122379696732
1448.8568245583192 1776.6127021995335 1494.3938166756222
1419.0141092850438 1232.8148367971353 574.7816688889096
1233.8678042601498 1475.6964157117457 306.4173067507902
1628.602903986593 1004.5725515142176 1197.8319810681942
886.9299456630022 593.3951119270306 209.55205775466257
1170.1349545923613 108.12502106439115 330.7532954759094
1996.4619410173023 1945.4485233482756 1103.044402906454
1387.8571735471755 1238.400417840156 1181.0852325251458
1633.4229724840907 1011.2636899612614 762.325466408162
1731.5159330861313 1312.090036519673 26.784154401221617
1242.3494556370365 833.8421423691002 646.361201419376
644.4946282793063 1420.2890726577862 348.5977457866291
879.1930722566286 137.32994661847076 913.1434223237076
879.8730293250012 710.2666602280851 51.203831529306356
121.82660222576081 1556.7259544790195 670.1103839831721
1165.1039754988233 1640.4590126393966 993.0233964531694
1323.6009330770728 802.6384365642039 67.61498708596098
70.95336561193521 546.4818995968823 965.6344281076881
598.4745276292796 1463.484334613937 103.08515925804429
1189.2936104873374 20.036773572449817 964.2323191629957
1492.6044256416462 1467.1044667121355 767.4025571070938
183.65263219651752 1016.4850737950055 262.40180549690825
338.7186463286311 1559.1557510497573 1478.6844586570444
1991.4669586505422 989.2227938981191 134.33594681746536
370.5413303214844 839.5474430783734 1070.3130588791817
1818.1480140281178 1825.7403552987923 620.8730495712164
553.077080164798 929.0838901742682 793.2893609256934
849.4494873448499 1767.0447693149767 361.62166491791334
1679.9742064596865 1728.2478375321325 158.58495394060395
371.6016052171334 104.14315096612992 1016.5665518360469
292.56856218081384 1903.022679008253 213.98303631599092
1470.5078813632695 28.892007741021743 1444.1192688276315
1875.603391984926 1767.7375038181367 321.86531434971806
123.48057473757446 850.2704452977656 998.5344464507134
1438.1363314939188 325.80119904728775 684.0240969926865
1895.542303896666 1327.1763802523626 1359.5469661134239
1585.7124253576035 920.0225578492996 196.73922785252944
553.6219935712985 1610.6973911045268 750.9714440526227
1067.8859503812753 802.8132242688051 753.2024595829066
1915.2832364406945 1939.82500265043 698.6309066850561
424.37148654959157 1140.886152666776 1007.9128731159991
677.6408782275294 819.3408843230529 973.4633385834658
1973.4787186873798 1199.6411869371502 941.8534315580549
388.72901849822284 1004.9898479236548 1456.1452373270129
186.8073925133833 1117.0556222333682 1449.7453690174589
535.8973824091094 1416.806704306875 173.62582283656823
1179.4243154531268 1926.1970926821998 1181.6054722219587
737.0644020254895 1792.517797334431 468.38278089294084
1263.2151134200408 839.7010920857073 787.0054864718396
1341.0987126618777 998.9853128949715 939.2044461296483
1192.8409858397993 845.0553739170723 102.20344318881864
1130.547357147452 140.20367569460834 1150.4876088627311
551.0304388373514 1629.4166800507346 688.1399833709941
1448.1836002250016 583.9661677880428 1217.3814262759292
1313.730015898003 1242.914017206806 584.4268256046461
597.064157589853 662.8490752721152 1303.4137498155658
227.29678383495133 1951.4230897938178 1.4881620236376625
1672.8212675679783 56.185394812394705 883.0027171759323
1110.0533954455984 1129.1130707580621 310.9818245574883
1827.3292013251184 353.28333302362114 149.9404743688033
1037.2493426560272 1668.770111079609 690.2312826418885
1065.304163373231 1133.6560865956749 575.0871131459099
118.86020785484664 683.3987870786962 1169.394873209692
776.3485379165811 260.51117943134085 596.0516445818414
123.89132725744068 1566.5478749831384 1291.5197077562407
1482.123093812433 1640.6071102979893 983.8135057148315
403.97610877169285 641.4747481636598 143.31632536286443
332.954169577546 1802.783954909138 695.0718297378226
1095.1040634533238 565.1986655921357 835.757656346342
562.3656886881572 544.2256068944993 599.759688324993
81.76716414976192 20.872375695877963 432.16389786724875
1715.7076576918537 1599.5621966712345 232.13712530830733
249.62855557543074 1645.4726013685174 62.12084873853024
679.6732943519228 1170.1594980319223 562.7349814227186
1603.5266986918725 793.6152142906441 670.454684557971
1736.2574275064906 1929.5740693723824 973.6973775043665
1266.4145305285874 937.4869592534294 206.10897953614875
523.6383908915716 1955.5091091436766 1225.9640172927477
1844.9611347383884 51.61047639465433 1424.8609725243412
1763.4624515440532 369.88870990975784 589.6664812999973
925.9465330903853 633.0177625019968 1161.0556641054789
963.6671949106554 957.0201418474677 857.440821612512
393.94413506523665 116.67270902131021 175.35301841254707
1959.089471097438 636.7791447747169 1020.2876880936973
1597.5047419377227 755.3555321378495 737.3344846451863
591.6732996497875 54.14186065698146 283.98896604852087
1971.9398341292722 586.9217959332302 1499.7815257985976
1850.9314556134807 200.57879305380143 792.5977396973365
1000.0620829142597 1557.3902605207973 908.955411739579
1525.3205563562767 1680.8251941908907 1077.8298891809045
248.23255280450508 1580.911992103812 609.9782002567204
725.3998867114011 787.6231068141389 817.100744648331
790.4834365636118 210.03920852654278 689.3259499712216
1520.0183838085652 1439.9313355559395 1347.5372822869472
1600.0861549240083 455.46276189487634 665.4402606973873
1019.5215679976004 1003.1987379307452 545.7077198310425
1454.9824431288082 860.2035994480959 447.3060578499209
634.333163299194 1536.1920238825796 1373.1440584259417
1930.3287443398474 1125.7464254170686 597.2861403039343
1786.9996812623533 1199.8286363935322 605.2885566187048
913.9885615529762 1576.796655972187 41.937872314897206
763.4130429108632 297.35224968271433 645.457633441265
1279.1832085835235 1810.241664697973 1029.3818969443828
431.5621652356132 368.7151348408184 566.0605536966102
49.78012197268722 476.0864701493195 832.320066800323
1477.783772542658 1937.6950141403433 103.65203092507485
397.2141288654432 45.4458495369634 730.6022938958163
562.8138848038635 245.9855523234442 1098.9847089215139
459.17703812388066 1649.2115475300552 60.365084664911365
1440.0026243723423 1423.7730747812311 197.55701254529384
1757.702750172606 1684.1243211167289 1260.386384463578
1391.7453629080921 1141.6288061435473 729.8079424585131
1542.2481761112078 1543.397484865844 243.15876473101633
598.5165961108931 594.6473589156984 1456.4084888491032
995.957860949326 1376.8703878572226 33.65683776636907
1325.3280167381288 468.62766702941383 1010.354452495451
410.30205196117373 226.2296654269349 884.7516738991981
667.5085770524992 1299.0774615600405 1012.5324835362335
657.5588585590464 533.7299368632598 546.7394966904471
682.1998908427685 794.6560727950433 289.070550927782
1709.0669684784025 1054.7452693354871 1299.5592430721401
1782.6251236542448 58.2637411751239 794.2725183837359
1113.6440326076756 574.3153379355564 1447.6284203114767
1917.2843544103207 543.5643111694346 734.1128899535219
928.2846281508783 1900.3483663649877 1219.425939101135
70.51897673097596 1068.7228432605154 1324.3659344139826
1880.6700405514525 1978.3515498000406 1155.5518861039259
1877.4302123200418 26.85555949094831 1374.1631808650668
1231.1912762962388 1065.0357065293504 707.9491512287993
1106.295183722334 285.32695764058946 1350.587789268351
596.2601583327953 1150.3230493679937 466.3031900055645
214.32023980773928 1286.4138935910207 664.2233011281468
1636.9882976953616 1728.9928460325464 171.21543579868836
1218.0006804540483 868.456607135815 86.3806398588729
639.0428826119396 1317.1912029175976 1169.1850725085324
987.169855755438 1623.2706097856071 1093.4991466083804
288.69396421301576 672.7270963586409 1280.8736405125605
1276.2994356171985 675.1064677860479 143.99291789623837
1709.7694601005219 1352.2444369972818 659.659899429746
1647.7379134785738 15.989422787691554 1431.8065992887368
392.3111245369828 362.0639016156131 124.66598726451633
998.2799738997301 691.169651116068 1031.815686247437
188.3882173056386 1049.1449349070422 1069.7515971010325
1853.6882640234815 641.266197955493 348.8208476080196
184.04585845854072 1895.7278907378557 180.24940525528567
1707.6362238940683 677.4286909751071 374.2637012071026
1968.5228319877272 676.795718697889 659.4536276907013
515.0745437082893 1856.220585319648 283.36009869262125
593.0664907647216 1685.2099639431708 1435.3500763129432
1971.1096152540533 1951.769885245082 240.49728484038386
850.586552281039 974.8611236666012 558.2969199110954
968.1446425378839 1994.0233416029434 214.30293621831038
1292.4255798106094 1642.8933580334206 204.14793797460922
1267.7603101928432 845.7802724263421 279.8796189818905
685.0008977512618 1301.0578070980591 542.7885697678264
1350.54162451765 153.67732652984967 570.5404805390076
1819.2074830329373 1473.624600196616 59.04461034964997
1821.4034676544516 1679.232200834083 160.6007580891574
964.5350113279108 145.40240919455672 470.64534291324287
1912.323056782511 706.2569671578868 1261.9315826549114
212.977707309983 1007.6460833848679 55.3333812441984
1472.3886597291837 550.3679910953418 108.29748737551492
1929.312758347366 1704.4904496071067 1380.7450977683825
966.7079782580397 522.0840540310854 950.0012390849417
1595.9917183015157 1173.6677767699337 914.1481985447306
1020.7778056490322 845.9711840887578 497.00059855329596
1418.375635274176 1172.3193811820663 424.93166625790667
1718.188983137071 963.4276780889892 831.5894827574541
621.215906844651 491.64544934898123 1448.1214747989025
216.88490692323748 1629.772817741693 563.305296068703
1021.7837350677308 832.3265092089747 1479.2970602975947
1182.939245699034 8.658611505840463 1152.9516492908087
1128.0196233495365 875.7363139802428 458.04254195879656
886.1923083184446 696.4912245630072 1387.1836358114688
1194.144910060022 1949.3741497575315 1096.1806858689063
1874.5224958475849 1603.4514869581958 1270.363185553638
98.82476740788348 1484.8269053779086 350.20429091995857
1876.2964940171876 546.4917933186974 909.4813129843553
1093.2634710470932 1561.2104159094529 822.0199717166925
1179.676740294253 1978.1352260248111 1224.6841377026174
1617.5241056837722 1877.0074657238802 823.8800955390075
35.16351523633499 408.98552612911334 109.8147074260784
1928.971800113239 217.8621479355114 603.4683173461149
774.690233585609 1842.934343358431 162.8737741383247
478.6907064838548 888.7488919634221 64.33703172217764
1452.3579698733874 1076.1694218282162 1021.854616889282
739.1568451186043 1347.0148087568691 605.3978774974328
561.4511025411837 1821.2914850652169 503.1591031546003
14.293007933718682 577.6701124353358 209.64861691788622
1226.2198405679512 1688.593972939549 622.7853793340696
1742.180524599338 798.4952319309384 581.5682705688854
1335.0819840623496 1851.8378735694475 296.1881439530478
988.3029175107181 858.3609485639018 847.9174340075081
651.1043508460145 838.8084622922706 245.02498209116274
1814.2412996377857 514.0248981003086 590.9429796118312
790.952940495504 222.37066484182688 1337.875951299587
398.77389460637744 1103.321563120478 678.8783486705629
1972.9699142963505 745.6243733931665 644.5243177680878
861.2887495930639 767.0628453519903 1151.4202939247284
800.9534190664777 989.3836892642252 1489.7947875859363
829.398539848242 161.45562806312407 257.98836576684056
758.1861615515406 696.0820396084375 1336.3580463715978
1506.1597692486232 996.0478984751138 13.777381919574228
31.987931299038763 1990.549205404901 499.5423767169343
1403.0539226487513 1026.5117022764734 1410.4984683872194
1633.2850124462498 253.14001390131224 1298.7041661435544
247.05280462803003 1319.6775544635252 972.3244735147869
1044.7357384407173 937.1314546792275 1258.903762419972
197.8232971323488 551.7080830135664 1163.0914979456393
115.64482650945406 401.19646850227133 626.8142385943733
577.6282312578401 513.4251101728206 1415.2710776564898
1970.0286897554624 143.66441878791125 4.583491993031263
534.9170127112922 481.66874990108255 270.53434469954453
1295.9768344773522 1213.3527603409589 179.63341257056052
550.543146110144 1992.7869250079448 989.7787731685187
954.0416881276999 1054.253729300652 813.2563337392335
104.32464719925494 88.54906298125886 78.55767758787945
882.4250077178111 1612.56110845868 273.00016649952477
860.4374458769138 333.98094892798633 1455.4214978856571
853.097189628029 912.1689969808177 1100.1238690604205
118.07335395941566 763.392643990658 1266.5404482527795
1189.9123964015719 754.2882190295219 1028.8603680282085
1254.377411135037 1450.566336770323 1458.1912847094834
1359.874716971433 1847.2511985721633 1442.3468745955472
8.847614160788053 272.17433267351174 681.6520705152677
699.7828669022215 1844.2711609867315 1256.094021866708
1411.26564418202 31.872704682726074 1075.0460806487565
1197.0002031698423 1492.9367006811992 429.3421189403243
98.79844291047823 387.4167360611218 1079.5221176041268
1128.6457917294551 1366.087768238361 328.28545272125353
278.6088992891749 1134.97951796004 657.6170462178701
106.47813260970551 794.7244329541596 191.6675008929975
1254.857200734123 431.6256198668365 137.02854253008252
1139.684042830071 438.44869004082796 1170.5594647409796
1521.6815078272102 1078.4047401111068 1374.9445176439701
1018.7265227907371 1948.9661846299073 901.6736106224869
451.4205518030654 273.8382016810459 990.3042212930721
1589.162255895557 20.74777583407661 917.4179639756434
1609.1834444317976 464.57991619589654 986.1148077734491
171.7233161898868 91.06128579481343 217.672289778643
549.0736775458515 680.9123807860311 402.4292718439134
1015.8626863182068 1231.1418708953918 256.67407096273473
1602.9933625750698 1605.3430207401834 85.4913878911327
1811.3635411347911 1649.8196300699751 915.0596139899881
547.0339938878415 1927.3150831284574 85.85166242616992
1610.3584032414963 114.09636835296966 408.74065236171805
1563.970703555626 863.2502525661491 740.5501752900891
364.07242838162347 436.51328621846443 1307.5347251352775
1456.2440019861806 1970.467828043789 1139.000893780754
872.9819781639314 318.5523718334997 1096.797745057612
809.3516317116715 1735.6669017562283 29.834875354454393
1406.7327924467456 121.90328147158792 1247.730479308521
1148.4143289685474 1020.7982893712302 1008.4001449849807
1729.1385735234117 834.9034358074641 134.1866272885317
1802.0649096016584 740.3317806431105 1263.387063147361
84.13555181029264 1759.0683192067459 1191.5040251549487
520.0249503680452 212.85538011128602 394.01170845793195
1446.1887879173128 860.1047189523323 1029.7820142254682
31.44380403488789 398.30433075931285 259.0976248914003
434.5000029687982 1042.7634529172176 366.323139642411
783.5835572338658 516.3342131694906 683.5529555038614
382.17958457646307 880.6445826524109 500.18494832445907
546.7599850044904 286.34924398011054 431.65647047977143
1272.1192413202375 156.91469334775744 826.2741992365642
1250.508988241951 943.3576687836648 997.4526453298886
346.08359701943624 880.7451851186967 1228.5186346804296
1079.4769792461323 890.6106928434066 768.3820693428314
993.6665489454131 80.98901773805656 148.96893860263754
1789.2204789784125 666.4457015828611 402.46797896304633
365.8881838972514 572.4932906995992 1145.0646818658033
41.28889786261469 374.4897685296673 1299.2154240262485
742.5755215623519 1469.7065108738334 1093.295354087569
542.0758853526048 814.6020075496929 262.8062600691984
404.5266706912283 446.7147436774999 1013.7199982218563
683.8061226403443 1542.020753352887 1259.6515659274392
139.0191457304055 561.0122911377839 1414.289698666017
856.133638228964 57.350901038297096 1018.5694045581134
276.4484784510932 653.4219109898927 72.46216002212641
1314.4265732467231 95.73534560323505 218.98006415130982
630.4060480538005 407.77110949068907 1357.8393209705246
1866.770217590072 1118.5399402026158 1301.8883088167895
1346.5089349815185 746.9704165410838 389.7954401455813
708.567999266949 1286.3581623859004 1246.5496387146327
570.8128781730181 1666.4383153021083 1336.5629736120384
1261.8289013790343 32.806785583651354 1446.526454575708
1972.3548143286669 1848.3524612099925 274.6242324844035
632.4971078490864 545.4428184884334 1080.836901357839
1661.8153458049087 834.1952480834103 647.1563237994994
1287.631687164996 1746.389596423911 229.23073113892818
285.38273249506176 1066.7469971555422 324.7231083364839
501.33084269803965 807.3036176005563 610.8575606227207
1014.1826448306783 1137.0382456121035 251.13572008116725
1826.4539335206375 792.3140043840178 18.21323736408903
1808.3319208372134 385.2991656084637 45.52326186628919
1478.3725955681964 540.3262846255282 1128.3571945731956
998.5361954025391 347.97715188832876 147.64641124450844
1394.3668473675978 547.5919816968404 1260.4326617259974
1871.7946868403399 1831.3991113346422 368.24883833275766
1206.435111759376 922.6760352857068 484.34312505375016
1546.6327376486338 1825.6963273085805 1337.8298991364995
1648.234274710318 323.00133553087653 910.3354198016735
1305.424023872268 1792.2711599451122 1480.698556786019
680.1249184891307 270.6899376945957 952.4948102656301
1910.3838506806119 1930.4203219536585 826.7716030296289
1305.0274495726464 1852.2145431226977 76.94290225518063
530.6317650290065 1410.166239808331 494.7795219798547
1731.2709882889847 1337.7669074456137 1064.2981677384273
1204.1580352788942 125.38166172056897 217.8189191381676
1639.4774753348927 1545.0429750806802 227.59398298699423
176.5127937010038 618.6123808192865 1191.20155885352
1092.7370913329933 379.9897332514777 614.7844805078985
1763.6611458786708 191.35827955745089 109.65460453347443
831.1367762149303 1480.824578222081 707.2353879849887
40.55222065385511 967.4931995122154 757.879888885813
966.4181703271846 42.025327815583545 1367.6521894986126
1238.383990777186 134.28909524840992 1103.1069251739355
1548.9754356583562 1223.468516024325 559.8835696520634
1585.3840985659253 1423.1464560689062 343.5017472794867
1260.944493097712 1169.9552971896592 1361.4908721644906
546.9367161987508 919.3433189774773 1311.6365444446883
438.81715841915116 823.100053174854 816.7871318334387
1893.923351402738 794.6291468175082 1250.1763984148201
52.51095887372159 1570.5971158938453 4.823296771361674
1276.6479365697267 1202.989825939878 1450.2315005093778
1935.6766323094298 1025.8627221635188 701.8927586455405
1685.790164655445 698.195062560413 125.19585711269133
992.3322122680061 1395.4596333613167 1328.231176711229
1133.5582033084847 1568.9486689507942 136.64051078130447
1943.023230315999 1304.1951787217602 968.6996312632402
960.6024520151328 1727.2424708525368 449.68499768314445
766.4763043765928 1999.8179787891545 1426.3566677512565
1963.7793604452745 749.4992092911614 742.514464053583
497.3131099606025 1002.6931408522632 1227.597018520768
152.38428003066474 235.74533038651913 901.1318916630388
650.5825939907277 377.3751764469664 1423.4425024829509
1363.4973469846843 844.7182216884319 228.84830468684592
45.782868813724505 1371.442550051521 1300.6823602907375
127.35980325052054 347.2027908457842 1128.3143646041156
1125.3981990308991 556.4905699814591 832.8663647902523
1282.6832766241787 1557.1101719545143 715.1347906276687
1434.951617665268 1638.7011545757696 534.7305846222686
266.6616204601251 1570.9697504159503 734.0849970949628
872.0065848856533 1770.532177208922 65.97682086036305
658.4794132670917 839.817308421305 300.92758059230084
107.09863423859312 950.1981145235594 1238.4680352050057
713.9467758820759 1115.905177640866 1066.6056237964792
532.7088109229431 71.74862950690431 492.901618375214
933.8940063211988 1412.9684085553533 916.5592691150842
1111.9101056663444 1580.077097929772 1447.6618610866321
333.47928012470487 1197.1938106532214 1308.7699740478656
640.6811283564107 1237.1064651024794 526.7508406582072
417.12487688520383 1433.7879782491134 600.6241712403458
1802.7723988452017 1283.6041427371872 245.91690801217976
1740.966813763098 1016.1190364060866 458.51627082100566
564.6770528386022 756.082983259023 303.92180276204243
1592.4457175571113 1078.8923207687303 1274.18504259622
30.260613432349537 1962.1138791449491 679.488203929924
1870.533854690058 1010.5394799592384 210.00111514379049
1869.345844287627 1526.172049116435 947.556426811962
874.1041277739449 1893.7928204723341 989.1265184271152
1121.5198185436475 1397.7427671941348 593.6806919996535
138.2148241915757 647.1489204654599 800.6026618793384
273.89806819573613 1369.905351813972 1474.3182227402638
866.3669448144728 677.4978001171344 1247.6209853678354
175.8621797574369 844.9964289087313 1018.9339516116197
1436.3695409211118 78.8869352144408 991.0186914447388
1116.2547523594442 1604.9518566376357 437.1826015827286
1284.3350563658357 1044.2008149237283 1495.149618840975
1321.163160140121 382.6024825627592 1082.2267992978395
805.6321286703056 1191.1831319192847 322.2608342109124
626.2389815324898 1650.7433650268554 945.3371818903489
514.217658626982 495.46836900712975 465.3716786642062
1986.6094636581552 733.5732771558922 288.65897179328215
1363.209161110826 1699.9815252376134 1144.2409653404695
1527.088246985601 1040.0494894797246 1210.0328969633235
884.7252248884572 1175.691249208014 569.692527595936
169.5966517023144 1345.0010368744922 194.58924587505183
1148.7641583135737 1080.1288975210307 547.0762732069554
1227.5991115387687 485.39251960810725 1391.5158190379252
1277.9594968350013 107.33165106464271 589.0261227091942
790.8016540534318 1071.4214696307642 1094.3392633207131
335.69600096109764 1022.7563318695892 1230.580512013743
1729.674816409865 915.7162039793176 526.5080363373265
770.8358748527118 106.15411984308265 1077.9524388694306
634.4219401980785 1260.1442474787502 324.5117102703811
296.68251173456395 925.7183216716538 245.7498771348034
422.28324130014494 35.7401484977975 90.23635051048772
1142.5462390483244 804.6485396741055 391.49397326284566
1750.1070844319058 1498.796346402171 259.53593238474105
1175.3564548060915 1983.5716103342124 1233.9657958051178
279.3240729557323 1620.660360090235 546.0489808067451
1311.8907405507211 417.51226129846697 620.6428179924031
924.5621527303813 439.7158346534169 1228.3835577061595
449.7889760560383 832.0459268389174 417.621219406752
1191.8176951579549 79.25454194904135 1226.9458070556777
1914.6477852542287 578.6711952435808 1165.743179695409
1537.5286783814606 984.2527582819007 106.24264759801439
1116.5679529178713 1427.9620388786204 76.43205902346034
763.1736240994733 593.5590945470352 1297.46845713841
1892.2050617714763 1100.0344193034389 139.02332544700192
41.9046478468863 1275.475040361451 1216.4031039371828
1114.7104820490836 1758.043268612224 506.2495292109596
485.4633268803825 631.3718180907804 121.84825289309626
753.2137074299941 1126.4476953061328 1131.5785548188649
696.9630018103659 55.80138222262087 1023.9422407577882
1532.4303055880082 1647.394426359006 660.7328735814302
1642.4485620844769 1513.1649267153352 1474.541372019641
336.74960563159885 1937.9834920018993 1235.6572937511394
815.7389408998457 370.25040429359103 735.6281639644023
1250.8789763993443 1090.5707485417277 1262.0618314140936
183.15995892028326 837.6897200490463 331.05767250699125
756.6133382709064 1445.0439681636676 1463.2364571807361
12.403991688070493 721.9984906316266 1324.49128724684
272.05851460213614 1902.1871924093625 821.5208504870392
1654.3392601102446 846.2970094861802 738.7435240987836
71.72944782433466 817.8008815703138 1116.6393063265778
483.92723990600393 806.4091740780252 1212.8568744424028
1458.200127570585 893.0358927117932 17.81966476218999
1356.205434379828 184.59442193767717 1024.229627442996
488.9166684477777 238.4760440709244 803.9145531513872
936.9612610570441 1253.9917745822595 265.64012280922975
1746.7386001617936 1710.9348970533295 657.303395611628
52.945098733400584 700.1936519494767 552.252061675588
1144.0752032099779 215.87600969324262 278.68677473606397
1112.9001498661494 0.8740503281035039 171.0707259012757
1664.0678880774092 1763.4403009109283 555.4197377053475
1377.8758348161525 1391.1050857071525 743.5750511998629
1570.517326217747 894.3624574111249 65.87832062742311
1272.2648447169483 487.89817524264123 602.2089599206912
1215.4326260902565 1467.3816967994385 1413.606773776197
738.5335099000143 1275.6632403639558 795.2004271531647
1042.5209005455595 332.26851344546174 13.81140425211197
106.43920156023113 841.413669411972 1242.5627784441276
656.6387685082957 1345.1191714044298 22.80858429488791
813.5511424898216 680.1124498561575 781.3003185651844
1990.7041181682953 1181.5346466164988 1276.688925366813
1936.2285424703746 645.9385760599441 105.38339498166555
1808.9375861485157 338.8431039200097 972.5393562189626
1778.3610156368031 1583.2903039511054 1112.1359160916786
