2000
1264.2543898700137 1861.3478963703355 1232.7895671551194
986.6528968280859 977.5160328715948 117.91724894928923
1869.967162667863 1113.052964899829 483.73260130563494
619.0563993612692 352.71678302751974 501.23589873615833
1832.087114758639 853.4098735994213 149.7201623000214
656.4236713355926 928.4657972432835 875.7799721649228
1666.067252597446 1890.6193304775268 386.4228943861438
176.5200475729718 623.9836958003675 1207.1139674137737
1628.8213612749148 1956.6818570259843 1354.823916874835
155.69956499088744 1129.1362154014878 339.98705237543186
230.1164802946072 850.7487775555029 755.4684593277434
508.8349438568962 977.5997662002886 5.098476021307697
960.6665864363204 1333.359250763386 1044.9624371422299
1516.0024496172684 1758.0036303358595 652.279186382688
1135.7560062557507 1082.3643420354329 1243.245208773402
33.097843771571654 1316.6109741863568 253.69815931866884
61.36489971024761 201.4988737033949 1456.5732089111739
1081.8896345508629 1943.3043303094726 584.1997097827484
748.360350864068 731.0633134672979 61.35868603544581
881.9860857559762 618.2152462222026 567.685869343917
1617.4254961799065 1178.5431081064355 1290.0862341404857
1440.218024080215 1762.7183537967792 266.2234071053227
330.1657947866428 792.1142532766901 29.737972407873126
1533.1603840936032 89.15722566930827 360.9339797195676
27.157707807413225 534.6816845662577 842.5805198269312
1390.5828332154956 592.6386890052597 1222.9919085431243
1372.6816769131433 1839.2735034003506 1177.4500822976302
1379.595283897524 1280.7542372357689 1038.2774475711406
421.35323638518395 1141.921767288723 557.1926987747884
1999.417298463075 1315.6518649536383 740.7506193811186
1879.2157220593192 1562.881191699311 1083.3118544263136
1266.8596779394704 182.02892862210285 427.77753641718795
1057.9031129944449 832.3099266175122 934.8948460194489
1648.807928491386 1468.5962433197105 530.2575032373861
1043.827618385571 1368.684437548572 1127.3955517401478
651.6048811470062 143.3971333281725 864.4665779881727
1499.2549587008657 1889.6082861992218 844.2826212315067
105.76012811750024 1758.2112311051644 88.88487436141374
1561.5603801891903 217.48413423600144 6.774176904003726
305.9412178688017 1217.9535826620731 887.4278851458266
1500.888443208575 1179.322180098672 227.19002047989517
135.78489496511014 280.6888689502529 1162.745025915599
102.54268524314014 578.931361417417 1412.6278281348793
854.6891220494228 1620.3121746006207 691.2912909674435
189.33878603348387 1545.9565192570574 1115.6748159808028
974.3928396639834 1063.1834635861842 542.1120592052015
1568.7143340472276 301.3202294768071 892.4256645513148
1107.2151190225009 1619.5654373672976 395.0865387127819
889.4909650925638 1685.5843624353076 1070.6676682181214
1780.2101625593314 1217.787734669453 1151.866528502357
1054.7049450750824 1236.0053907330755 483.56543948855267
1222.0836992564775 1890.5859467955313 813.3079084556064
1226.400017223592 151.09894598019991 401.8804020939875
406.02078456418036 759.5588084974607 887.740337729036
1835.4930749644486 719.2938706361198 966.7886074340197
167.58434327579107 349.63217389017575 1227.431397502791
1577.6697144126604 1417.2809523878166 176.4048401490368
398.35621215327 13.476305854138948 1396.8179802095947
459.49557767921334 1958.9659273388816 1124.419190772428
876.5458764908581 1479.9770777523333 909.6165236188616
1964.0190004928093 112.40144643331496 603.7174560386585
412.2670817323435 829.0743870745966 889.0774537467962
817.5242007973658 1573.1306640170412 970.572810869852
1322.5242692705501 1531.7495493470194 689.0646967582662
1253.0915952987457 701.1289810067889 1183.2208140995872
1618.8516626149776 1782.0419269296283 14.209849577090871
163.90663718737054 325.71390838027446 1015.4434812657366
1216.2196939006492 905.1683855734963 1388.4803371724504
1214.1138883995002 555.2691823536709 469.4774695175304
347.21628137890326 1312.9684377476258 104.6692812214719
521.5651586993282 732.260304875316 678.2357998808379
263.70135719951327 1139.9972289959326 1472.8455360349553
1514.7652041284775 840.4971305916322 325.682776428123
940.0295127942891 1304.0194592397177 597.7959051334944
373.2382349504939 1451.512756863734 1264.8263761240662
1115.2375591472771 1112.4346531181611 1028.1513386391762
1805.4201922508114 692.820943132151 1470.12218828663
1326.1469692137464 1459.6526342045631 1039.3293530945018
1452.9328129456453 1232.995922431623 781.3282267431815
519.4772288942539 1987.8997241800828 1309.9045794202625
10.041091756872955 1654.777847671583 424.58607806012446
954.389012229629 1798.5370879855893 1406.7736446482702
904.7119529136438 1197.8627546683908 820.07506687931
1745.1909223259972 416.6399717282812 1179.8530148678292
385.5498510883153 1377.876024540166 1250.2909957157458
725.7897665818496 1868.0385819338458 569.850925973155
1124.945998974506 1814.0239556857707 692.1057738029028
1923.0090301635355 342.7394812699498 1283.3638280488574
1724.3838428792699 571.945436888532 108.05746346691109
235.78831492652253 673.4746623574528 1266.5865899377136
1067.5592621518242 1429.7056179334456 1292.6032992308894
1196.6129145185037 1389.0567067879585 512.0654653815607
1241.5672128453675 279.92662852701324 1373.3216323644779
1427.0210108001318 1343.2645932752146 1069.0713239499119
1400.9299585040364 904.8380967765966 1476.0656797212703
1815.0819212684166 1891.475303823829 985.788408990552
1531.7345490002376 1407.8174216312584 25.98074645161985
876.1516201499991 1773.2723085026207 615.2378122479395
1137.3364171162928 130.4180021919672 547.0182060059428
1293.0713571277392 908.8686846987259 525.7279923556052
695.2348582815871 1247.944302862132 607.2467819133519
1491.376896313863 1743.3957774034552 413.59971345574877
939.2933195097162 1500.5869532887375 492.2916245290018
1212.5810322390919 1660.4254482430933 199.57692677919985
1574.944514941023 1294.831411153023 661.2700757413024
81.55963493899688 416.15029977495 1069.3827004333796
784.8844719236423 606.3216052355162 120.86940283912939
252.72483606048235 670.6246499923132 1220.6218028470475
1497.4142515649664 286.3682484834051 1176.8199821948415
1741.765989002158 1976.2805213795652 7.356586352971206
922.4786853518141 306.22392043529567 845.3153804746645
1152.411930858715 1053.2027952335782 302.9304612308808
1081.1064044755976 1374.436981947612 6.133206237615596
1565.9070375024278 1566.5840705331132 386.1258579257722
821.9142750903552 1898.506540326135 1370.975952430131
1670.529858570296 1154.216440198924 690.199890913504
727.2163120424468 1215.2726941135716 1315.752715989821
383.11473739801306 1820.7408694817998 645.5293085035986
1682.4308658577372 109.963356702786 1159.4045162365107
491.35659057432315 1978.8762090254916 1449.2900172749498
816.8030848061383 448.265590072312 497.069992196299
444.4439259310804 1095.3709181910901 180.9211691301607
1269.4681006361436 1815.6200376263353 69.0511537156519
837.4814529715702 486.6922106870233 75.33688389519378
1289.9329594515054 187.02797907183543 395.1912556640328
1290.2104683387836 1090.108600952391 115.31285714019546
1788.5723615633367 1791.813539605376 1157.3293554105062
835.5838731572749 367.68327708206306 1384.337526234712
1552.5274187674036 1800.4180145703735 511.6534934121986
377.8759526240345 1220.8452188504134 1171.9776804681542
697.6030165448836 1293.7208314337024 680.0705068570779
1646.2881929661528 238.10115490190452 1096.0379560594192
482.6151058608663 1667.102401130011 683.716413456429
1377.4726700846772 1829.4585457819803 689.8323073795259
1845.511150230089 1877.6164873741366 1340.3623315170607
1216.8692782349362 1520.4234387842814 1342.6058353370777
1669.955584230718 554.3202398147371 774.2141977684779
686.9124986957788 161.7101706282722 66.62300522735309
1973.0875580571994 1024.0144678737533 22.87331905820672
1622.1109935895538 146.8529551722757 821.570017648991
143.48082579244848 514.8630639361271 1367.2607948912641
1690.1759242867565 1779.7897763335518 407.22548931956663
1608.617577484878 1568.6123131950064 811.0481110980589
1562.998179068259 1743.272296136548 236.31912841690723
1389.0719865359533 1175.9910799978886 1203.0491208011804
1020.7520936298979 1830.1589339782715 1364.9035623095458
1773.822222604791 1583.7035385632803 447.8307733342805
1927.7549360299072 1346.79171245656 993.5822335527296
149.68189510642736 1717.7100504982025 1151.182230856363
650.2697803434631 1592.48238982518 210.5793520636649
1579.255617203093 1515.6809187757133 863.3316380656102
404.5706856331699 1368.3451014551772 994.6600224131396
1034.8296243624711 1366.573044943197 255.09341500787798
381.33482271563014 1504.2743766654282 559.1661549896747
1521.0558046571603 1023.50953685825 698.3452438335497
19.626475682964937 1053.8820721059092 1276.2525319710983
1115.7482374796 1559.3238934723674 1172.6247230162996
1191.9066582963599 1025.4883668609054 242.13866286493374
1053.8243637611856 1448.825124353667 1056.4857953985822
224.95593207198849 1810.795922512507 694.3899259475147
701.6846137571468 1929.9971733464283 117.16740704841894
1915.5475702974695 145.59307553322643 1244.8817410909214
1252.130057185834 121.63379802889528 1479.9571306939233
604.4951090544783 388.52825707163373 1382.7950831301457
711.9699384891804 1453.510381952998 238.34935565187837
560.0092181831244 733.6838592777726 1310.058991691205
26.297812321230296 1194.557925698741 1183.2185214802398
1805.7173853549637 105.26981301968519 396.9777581867742
1391.7721022296846 800.0417341664873 1277.410176800358
968.2690015965755 1217.3767147737083 713.0136865048837
42.2379839892173 946.3570876840472 388.2945076178951
1344.4401253766048 342.846803440533 1414.272915120465
752.6039645913988 1769.4427751149587 806.2453398270446
1615.9138453174185 40.75438097467132 1434.293715543207
407.7038335189844 1965.2137593978118 443.69864742315974
1115.5432848754285 1277.8233476798998 805.798408395968
1677.0017621175705 1839.542229402083 683.0727539320985
495.92244757754275 1323.6812173776416 1221.894612224904
1342.7528398314712 721.437844284937 1297.4045628714834
150.71902951136607 917.5619514762208 290.6471865608287
1022.6162392989089 641.8052956004374 438.8404298048569
1544.6690892387712 1599.0108662552725 177.97151336231164
1683.9435570944472 1899.6103313182275 1430.2459505243105
42.019714641819746 1855.2101908573022 1329.1678320727365
444.1353247502238 924.8742873578167 125.74195219555045
959.1883186801273 1634.6920185083377 1466.300923237964
66.14790697046469 1921.7104391764387 222.74734523620864
1626.5158078707673 1899.6062504609367 207.1413089329606
518.8998365404833 1018.1676640306583 442.01505778508925
716.0126136984705 1888.1450498067252 677.9824388345289
1144.2997203206842 235.0333502011126 469.5446451338056
966.62488800849 463.78291107373815 756.0498422294278
30.68214926990187 1423.0485888223545 752.2277214272207
888.0187476599799 673.1775715034494 227.36189423316932
444.4773557850739 1591.0924956864505 202.14749595915188
823.131901144116 53.09853175230028 996.6463406390449
1057.0665663543518 380.899355994432 492.67000959177386
711.6698966571727 578.6544913878739 1444.3203189427716
1734.3181936739204 373.13375844144826 26.974881723187348
88.15931891741036 209.38140581172382 1076.8436847575108
469.49532088649204 1264.8219131831775 1218.5455602118861
1503.2645573680481 1443.498807895546 444.93745111873534
1897.3102811394524 1623.2448463239339 863.7136515804073
434.91329815415435 1233.1958989844159 1152.4524731054294
1621.324216487701 83.8301001798496 1264.086320640075
823.1348070433819 302.12267470452736 334.58203494180424
1298.1751120141278 1561.9505046388936 205.43589742541306
1752.11797351543 768.6839319724077 837.1572816748346
1858.6468090637943 1476.6611409493887 876.7137863111695
1889.7525652529002 1655.8430129353992 18.71192104111702
1538.020398194407 1756.8483702439262 914.8064881091863
1488.00228869592 1480.3168227314059 662.0527544632221
602.2725494862419 360.14793265789245 1214.9657691467812
1557.6292589479106 265.10895367971443 626.373852117796
132.3131076838595 1742.9393202451465 247.00763915898082
1210.5335481453305 1201.1435464150327 1436.7877113995567
1199.511003605918 219.89400178141062 835.5633635010036
96.92014420210415 125.09096220551098 771.948217874407
990.0194413514713 1242.5412876890773 1132.5629887830455
1625.1660200852298 430.092463879886 451.1885924950526
863.5369377642023 1405.192253490388 530.7129885733104
1727.4238423701195 33.16746291373995 695.885276027356
509.02643062663697 1673.5057451204575 707.2547629421073
930.8310274650757 1008.4018030249591 1128.8682439380113
1541.2071447465012 760.7925470823152 133.83925311541768
974.6885259018932 881.2130453439562 926.7943559952023
834.5307225432655 575.2823114165424 1159.954995114801
1007.6469416542799 1623.868288502051 931.1820803125453
54.33007269665624 550.5407805025987 83.02699719399371
1106.6788296973336 824.7714653365059 885.5233840973534
1125.8064149300205 942.951372696709 198.57555250626885
1035.4885038638902 1883.3729551995468 1183.5340701290888
452.4250110715886 1233.6244929697023 553.0351710982976
661.3065819545883 1946.993178255748 1461.295009048291
231.61747567740855 685.6412330431884 611.4038801550521
488.5711590326844 1131.4757551989437 20.323843210632965
1240.1564923903354 813.7987061907608 1106.560131311308
431.24560398545975 1007.1434020613956 424.40844250472185
1209.5197983630246 20.210649128580727 1165.3663986757078
1796.3965204972253 967.7564432291327 1293.6035800113605
1209.958501681356 712.9433338759948 623.2721867266722
1342.7434630525015 1652.7115134500534 508.14366731401856
519.796185006902 1191.4190311693226 720.6957435442935
1464.7334877152837 1626.3357786373638 696.5188741673136
1736.343748392836 821.4580695531082 54.72003885747468
612.5102344399583 1059.9874621784863 77.34612623599423
150.89563378470095 1159.4196910637559 1252.289585588315
1269.3933218894613 1341.8301187216896 907.0700680234837
336.28731527748346 660.6538162724884 894.2130298433351
509.8682014195095 1986.1045010099908 1145.0215056791417
547.6433079168357 1181.1668326829433 1205.5224440124111
942.1106344125101 338.64747309031907 558.5424282121816
902.8119914947839 483.9352034419289 100.73314342956074
1273.0407035306175 828.921973349489 1230.5695322213305
1494.2401112491864 270.32469012615377 306.3320475164237
1251.5073235343884 371.14630389885207 1322.622194774358
440.98601823900907 1692.887048622103 276.635299325626
1972.6934074438873 1890.6522963499058 566.9571151835147
1556.1354904774294 533.7988251200135 1193.0938484861124
239.36463685327047 1676.5851866390865 454.52666661735486
76.15164312773403 1550.6539651811927 1252.563934104979
252.17974863416458 263.951034984542 789.5439505621326
499.4523623056997 1106.900498037496 404.93221715836097
1918.6215071312063 1717.050664007108 916.9783415347651
1146.5302256812622 756.421054461252 1322.7980662161387
439.449975676544 504.2917569698477 374.9408977039438
375.6794145285063 1391.361269918938 634.6139861899654
489.52796029877857 1879.0870227312885 917.7568338511733
518.678338677146 1510.3128002531112 22.421300554816003
1727.5470534365097 717.706262844777 1480.7496854704393
1181.561415960641 1657.2403267921839 267.56164300878027
1935.79161148812 1493.5644159632807 1484.7141320480305
1986.940847501432 1558.5339613130764 923.9951543908975
1987.3142562735823 477.8138873762983 91.29992343373927
1970.5513047126137 1551.100334458393 465.8493325944412
1859.301685349347 863.4820576434679 436.5059373863471
435.82321681297407 1257.9036845530904 1031.6849284259356
82.92031138223699 333.38434769034774 1287.0238215917523
805.5264197776613 1281.947275836942 1484.9314467186941
1229.4872106475539 1327.3088942044037 1430.3446299282252
229.65227854017866 1337.4565551697513 526.2065404057323
86.11815528455291 1471.8928516919484 705.3656198654725
1895.054346406665 1430.9923130782722 813.5476283236675
1840.6088876077333 1731.570394850764 876.2659507298476
1341.131865579895 1415.7057013597623 16.531225612695046
950.8053262711909 1071.0929527608037 38.17752823508458
1151.68025599049 434.5496693905471 347.5683918110858
397.39633899476166 600.9203922794524 109.88300070072599
1395.5250513316437 1204.6962575422817 212.3054107078084
835.993322194775 679.1415892235065 66.84590714808574
571.1973311747324 583.2544720784214 1019.9274400775498
281.9957311557717 622.1434851182495 581.0225967036924
552.0466094806155 805.8136989422964 556.8948408229334
1081.4281595885268 1011.9923070299803 631.3289298932463
626.0183891786342 398.07713694938116 1457.5879986151976
865.392110314326 774.177156219257 499.47813239084917
346.8935805749953 200.90103635803703 160.94399392789893
280.2203612637386 385.83167963169495 767.7516440777845
662.49634400492 1346.2516894758483 52.489291505132044
1218.6795135395096 584.7461349143299 557.8939135524879
801.3247291833001 184.86912661888465 305.0181784009446
391.2743673897092 959.7925388797754 119.04155672178263
599.1716262836964 248.98602955335548 884.1114135364975
206.30475344518385 410.33783448027236 930.1986899107008
1220.4272843294775 921.839270757356 528.7504428635864
650.9895850715419 1682.3284463669302 1182.3960437094154
584.565944076134 851.2362606802135 720.8759521737863
672.8897155269893 1596.6148971352218 355.4259501177515
1697.6502411281297 1137.1337679535798 555.1850782380204
1046.2238999508047 1051.4348708999942 30.8322125228897
18.6098228777154 615.9369844280185 62.45727838388454
586.3467384720202 1819.074787902337 1028.814874059163
349.3881429783032 172.44341048163702 157.48756804958202
1844.7897702624823 945.1578258144069 731.7103131537808
50.33795005695452 1027.5962350675245 409.6296505071101
621.6715058674356 1884.4335213985198 797.028740357164
419.1543114905638 1343.3019635731973 933.5412709412656
1505.7061914453122 1511.2785461265355 1251.6117021628095
667.3231434156255 825.1025757597714 1312.7514688595363
1747.7127236325873 556.145705327789 1209.3471954438342
302.1378489988831 666.0826300751612 1312.9393806534704
647.6032558598399 1576.7898552117247 1105.7382287596442
117.52929469121409 1284.4356749136634 1418.5308470516852
1790.7518277616123 1715.339070149222 1162.0176882850028
1888.4041138037737 1535.0348763717611 821.2750655268985
170.4284117966306 1988.372316504155 1157.7272490049743
464.1677460849305 1682.9622363504295 944.7216146425818
627.9118051681749 331.4605404930948 1435.316147861684
1665.8643909431898 817.5510367027113 1483.0465129435745
1116.8795713334262 1330.0108635611382 569.849647287997
1522.9048600438075 317.1743136566745 771.9921111443387
1463.5529225103894 1081.0863156678365 1380.961779588769
136.0855858221428 1894.6932044268276 1016.4027060432235
498.63840959546366 1518.9438128484444 598.7821759817457
650.7577712366674 776.6164384295967 284.93518810174635
839.7967524179899 635.4565977083292 476.37305794517323
1454.0353308805559 1719.5005145093746 634.4318326883963
1655.4072781574394 157.1231288106758 1288.5014287006134
1709.5190489414067 522.528000664364 1401.422495703555
1796.7784955854804 1465.3107197598104 1107.5732164268736
109.81763677508427 1435.4292587887749 1.1998923504522585
371.3611283390994 1198.5103875925965 498.8130652863853
1938.2032316083626 1588.4108253941968 359.9744970389697
1758.2852217170723 1884.1755779975063 242.2721453411425
600.8063855760208 1064.5456101698592 379.0876119333822
1521.800519312299 1121.9416443455161 1234.8744590464867
600.484945944155 1457.1178628032606 892.611141043759
1074.3670114287015 1105.852611604693 1386.4726996467762
882.3612742291284 1654.1676720035377 21.641710303737682
506.2427224223343 427.23356323626336 1291.2568581769424
591.477239626685 1138.2195499225115 1052.5784459305744
76.3848132115903 1891.3561214032784 1327.6624727882188
1060.0294563557059 1421.449307270396 578.1193449681235
1806.1463419656197 897.6497815947895 637.1155823986451
798.7980057612949 853.9450326965036 95.78279441579707
923.8992719878722 1016.8454870756689 886.9200155815264
487.8184854561818 852.6988549444616 1246.5592236999605
1873.3424762198024 275.6468726187424 1383.074807275707
1090.7876649117648 333.6685202937664 1032.375802651216
1817.265730989532 1301.3448400464756 469.3687064292076
1933.7748249655292 70.21513855594263 768.8184561473648
1678.8819242500372 1018.7987038770212 970.061953942673
1533.963121001028 1119.2480228451868 36.259295472490905
487.36786432374356 429.07865874368343 1247.6265849789743
231.25198127485967 1985.651051729128 42.96966823530168
329.6593825901435 537.1963911185879 1066.4393039898928
120.02687671827617 1423.5684366379003 367.83001378488956
552.8376953659904 841.8448032306453 435.68477311255106
1237.6287334192793 1196.3096929063338 1233.5244374894678
1946.1015554368366 1446.2089595968212 398.9441632990135
590.1262766685024 1251.0732158551045 72.86903109065668
1572.0987193096826 895.555475228291 99.99658412530721
477.04399435018206 86.29253163260464 1143.2073024208942
161.2615684804153 803.1528035417326 737.497730082945
321.19257643845356 726.2334968681891 784.9009166567848
1446.9072477009813 1584.585801833341 193.62257456058984
1880.556278859861 934.5795737266744 1007.75402962032
1081.9271822869614 1351.0955450109302 1427.8249272947514
570.7277788561296 33.50662624455336 43.51288504663087
10.389717775785678 1908.2323432935843 509.51595366751354
1185.9431771890054 1510.8581822321075 372.08145731247424
1069.7053291636466 737.9763415177032 1284.9906835938475
1399.3581798825733 452.52443292235165 926.2370786436037
1689.45625998928 98.89753109473554 494.1461430592699
1761.5534820933726 256.13460413890607 304.43107969495543
1568.9443876381986 470.5140477451073 627.9273272485501
1923.2998136316303 287.6766374676187 882.5150860166892
1554.3151711272697 480.8989078630863 256.2585221578292
1338.1190043203992 1108.6895382795617 1490.694983892061
1457.6121520283766 1281.782241536375 186.39993235393837
1428.417110508864 843.0777488981214 1249.0917390635675
1582.8908355520653 1421.1099168704668 469.3876202744984
997.4881442943844 1597.5322864418983 480.8281216443041
833.4288466906896 623.6554269577786 1466.0996118176492
313.9603772932595 1902.2760543599757 1131.939206754256
101.86127768509401 36.57040910054255 393.65953389949664
1057.1017212146674 1113.6950333638026 78.28215820727013
727.858999729946 1493.3639711381827 680.4060145390262
1257.1722377692113 1411.7854612164078 837.0636756643802
221.84868103884426 301.520158617735 1053.8174789762893
1970.5132725984695 1594.1852541009323 1298.281647232981
1622.5233490748763 1284.2185741777857 223.4740131544789
1443.2489763446047 1832.8840821097335 108.59745764666934
1856.5153036125598 1984.0595303623584 154.7642813242085
897.7004069469979 644.870848303962 1498.9546642568064
1618.7061611285765 503.5660839866527 492.5133165361841
1493.3359795264919 46.89202899442924 1397.9268282452751
1125.9105390767222 1416.2815121269077 618.3648039141574
730.714227546519 1578.0291871142888 540.2784133078221
442.7280727927163 1542.8505665302798 166.35755510196137
279.43119086465674 1572.760709058671 1286.964647753525
583.3865689660389 566.0818565571126 1316.9788799711025
1813.2218201370201 1057.4408667939872 856.164847234705
1350.4360720322622 1204.0465748422391 961.4862610374938
1806.7903712706059 775.7040142200948 516.8484733694584
1556.6591280094783 1334.0445404340483 1238.6487797264135
1275.572083236048 1694.489051849433 399.97708671156096
1322.416070271055 1738.1355775511777 1182.642554777761
1119.1815433557379 919.8887909152731 283.89758736998726
802.2625054687642 826.3831040391709 131.6855040889285
1758.8971473599745 864.4624274056745 671.0677887873347
120.26003631375204 994.2917201434824 1069.7010521649352
387.3173664702967 844.9343218624695 15.86280820241176
307.38532126301754 859.7510122042822 1379.9170782420665
1900.1471583551274 378.47311530139405 1318.418345777419
675.0843416534041 0.1935075882448789 11.389743466270087
1982.5684812130253 1058.909651255873 1414.8692270734537
575.9160002012189 276.93869926900396 980.531461849688
765.8841269678918 880.0032290239601 1425.609188362064
809.9686791293797 617.3609798819315 613.0686204899149
710.1451662601617 637.8821203622251 155.38972746597614
636.1869700277434 1671.498507850676 751.0853981989403
1905.3870198159204 840.1888348880657 1213.4752667536295
1038.7154123907478 1028.1514209108857 712.9319374689047
542.1615214229649 785.1197173590558 235.65044577205495
1416.9866202261248 685.2231084897393 321.5984695873223
1811.9792441794132 1221.9180313428815 698.1611144317905
1483.4210963850371 1318.311060514286 1226.4724807978391
1225.2646369114334 1787.4421999352946 717.2795245687859
220.06303310374986 1274.5814526458914 60.83558647091986
1170.8555730502642 1221.050722231691 235.65607388791815
1388.2119190710453 1629.7869090082165 164.5316792827984
1504.8044984664718 1857.9464023926475 706.2594482810222
448.6620540712771 772.6507673966801 24.596486243326332
145.0100163445527 1912.8373731892864 649.7933831842922
638.0631957091143 118.38570945513816 964.453342907495
374.7820827609365 1988.769085409196 1316.6372236518205
627.83920054916 711.4247966163108 1135.8792762779517
315.7886217099479 581.6507729071548 743.4937020176429
1793.1613883756402 921.2680976993122 851.9058981245282
11.976678313741607 1318.058647328194 716.576585145196
1960.8112204850333 1771.0044802687955 1072.9169004305782
1239.418684783342 974.3948760134342 1277.2738249179129
246.6793189761034 499.8059273044191 409.9323027351945
200.14385013356218 1070.301488809434 200.90013020273827
56.605819670860534 576.3632817222697 1439.6433937525567
381.94034621599803 873.2778894682787 626.34629509954
1592.2321767056408 71.46807164820123 1067.6121746449408
1037.01010187883 920.3200494104877 1108.5400331885248
776.6133098541706 252.6270054851578 146.9872320973515
1055.5963398503554 715.3047418571756 1263.218374462491
1938.6184126044009 1973.737591304363 718.8633194508014
1533.2678550148776 859.9851015600366 674.1862598441023
769.8893135563256 1642.499266957931 599.9306267204237
1296.5678225481108 1759.1778070451837 712.970123649176
650.8002755550273 928.7574970902627 77.07994311705835
498.38624837789445 123.97255955074881 473.4641763753693
1071.7990568607122 730.6663420978157 873.6378767656288
42.0587626835518 581.8381745326375 187.8501812383308
520.1686830871413 983.0630004685619 419.08485809779506
1040.8828088282537 1104.4242253640741 285.64522748757025
1839.5518402527193 617.811080406748 1027.507229698572
1363.2150179533035 285.9219058290914 1335.2790903471507
1400.0744386114318 1637.1018495279861 9.502259710526484
1577.0015965139573 849.8477600038408 1222.5402865935487
1494.7708956051383 890.5903781165143 983.9080538646291
971.9101046368672 546.1433423047988 895.9537026282455
1618.7969702882347 527.2007151491749 947.0268213376185
33.58643413081741 684.4960147391444 1352.3436061814766
329.30946829796136 267.6352543723499 398.09119160168973
93.35101845863525 482.2624355450291 968.9770841946647
1860.227616305621 1930.9126994272476 515.1977599265347
644.7993121366271 1528.4215461282058 795.7184059797682
1325.5878904140504 1701.514482649831 1248.8461657909352
1059.5158781971636 42.85587815240932 358.383375469453
500.0917528103426 1458.262750876887 1409.8909820460283
1674.4769603582326 523.8418713377016 520.0622971117338
244.55390206414896 280.0824073034622 1472.8071884233475
495.0853651809106 1115.2634206299172 520.437683720912
691.6632845676298 84.5780660078992 912.2311510590596
1031.9465738775677 850.4006695514714 1085.7435261797466
1103.7028060954462 1831.9256317644263 193.95056251499537
1574.7967884693603 14.75768984707626 407.99733312986433
1692.0932488077722 763.6823982270993 835.311136848065
1494.8288408824394 1375.086068667486 448.6513510359039
1546.5754347205964 293.7090247694818 1369.2396712713228
1670.7414733008281 1736.6162724136784 1178.2991931599904
523.220966458815 1358.99516538385 713.692602755494
1316.839664254291 443.97905768639134 1125.2008746691054
1074.2473145662475 439.02811553778065 600.9572515383071
1619.71312094938 1210.862914155023 769.8337255912005
1102.3743508875114 1678.941675833889 219.4726722210096
1849.6569963384527 456.6827203638364 974.5891934628987
309.8266508811398 918.9181055482126 276.28051417391185
241.03328500072374 973.390233174493 85.70015177890366
356.9569386674487 27.064324774896065 1419.9163292995643
925.4587662268077 1830.4056606577358 11.768545233119209
241.39937675253464 739.0182317004617 936.9107191218986
1218.1170229353677 1964.091774371047 453.7431021148311
1495.81059217413 1395.0208750195875 732.8214073629736
1840.9207308506877 294.21054407373435 814.6372966413737
1012.8088559578123 1838.3850011996826 922.5779668258465
1454.8862612446858 1433.043265483273 163.53915600310452
730.435911970368 1596.8114293924207 87.0565007933985
11.682922124602646 1182.7434757375397 1207.7794127737131
1492.0519252327372 1849.4988594022086 597.3074631164891
351.85184182656593 559.9868983410053 107.30938361503533
1597.0716525510381 967.5205223558822 549.6798540892986
791.0258241486259 1546.4088415362955 1396.9219592957274
1893.228476890905 426.8748666473192 1021.3436116234642
468.15507822630997 1953.3910783968138 374.3080046934195
3.279113564057523 850.3909275899573 1048.2829398604802
502.65871774771307 849.9680851099973 476.4796575606175
295.2795444299843 627.4906444085422 536.6705307541333
1370.39816761112 593.1238331935393 1141.1525120144267
1625.2922935325678 670.3580907049238 144.92285607418015
83.02253390164194 1786.519920690822 1227.8607332151219
1284.9340273228252 987.7648905889893 1079.3521984517665
367.91812102484147 304.2554072514978 1418.086607339663
1670.038254098201 1786.278794961639 293.7146492414499
1323.3633430167365 820.5805625150356 982.3352835352525
130.7995698978066 1880.7811348909058 1143.746551639396
702.5387983439808 1448.3446964177076 931.0774980507487
641.9947911950445 365.6069234678787 631.1518625792191
907.288948016935 1306.1959818785908 552.2023580247533
1689.0313702470557 1121.4574901367855 665.0097173262051
389.69896927622426 2.171483651605133 534.008807939435
1619.883275404516 1630.9549713894478 455.3040515466586
1242.6619116613233 1157.3463354268265 393.01502183925084
453.24208762223606 215.25683548897567 31.221559337809566
1674.7096597954944 161.3684203072745 29.981751823158763
425.0081241610235 1514.8499126379131 1420.822196845369
713.0981362093622 1641.3499581595024 505.09255834913995
646.4707533490003 937.3847547983645 661.3325792747886
1808.6614568326784 638.6629845230296 1042.8397393972575
514.0882454060882 1145.6663105496584 1091.504725118938
1704.9197919433586 732.4633199946134 824.9264099271113
1064.8304450640208 184.2333905039888 868.9642598045707
1894.6146582191277 1597.5389518733064 824.6696717724192
896.6528712620562 941.557446412713 9.494252363399792
6.389135549919045 1213.10255752693 888.8143947089029
1303.2153035355652 1550.7234777810925 822.0854397277262
67.99436733606524 1715.8855931083717 1029.6399451148543
402.8993815702442 1411.1384998695803 23.50952519170263
274.7239958075991 1854.1382110560965 58.74644891426956
93.44340036642839 1518.6942201770626 527.4522351680444
1521.7780609644838 1085.2341346661535 1242.9904197243866
869.618221628937 490.1710617216719 36.88936357656958
356.3509897019552 359.40961483558965 15.794476347425256
658.4469386780673 1222.1600537413694 702.3298944773377
144.00018297641503 1892.9257084487426 428.6041162810628
182.0975508325906 304.71568093965004 1499.7219712263507
1989.6917906800436 517.4089797616184 212.03067930353959
708.071637404303 1577.648431533384 1384.3341275037262
764.0077727765517 1767.9517021058925 682.9166410085194
246.19113914442602 1100.2324620004922 483.198226481707
145.4634927240488 79.9689319232364 1461.1240545551805
1421.5034844149625 1903.866622188682 23.836483567225674
1951.1519827340665 972.356898857357 547.4918153593127
1949.0978640914782 1723.3643859052722 1065.0781241329
251.15425710949714 979.4297645516714 1106.5230065511053
763.6894772806821 830.1000287631268 744.8800016864033
102.16511371466397 808.7170863896982 806.2263838082786
27.427959483683708 832.9977811017719 421.0881644665468
186.46351048231048 359.45264892604325 308.89009648391675
1553.6220960078847 1614.2684838017465 804.6776772178748
305.9479331762289 132.30256734758484 282.4937900082139
1998.5147081944408 1624.3444554662242 394.711245770873
464.3115147934118 896.1224955054379 913.8448710775929
550.022803529048 1872.33733488204 219.4934250205579
298.8408133072562 1764.472194133239 805.4615146278952
1361.9339011735158 676.8202460615327 1145.0434995828257
1904.9662341028525 1266.981738042618 816.3658240897704
1968.37399948035 329.748467574011 1131.6575007195645
1350.1985494141488 171.71747014618455 1130.9651536250487
1379.02781517851 1019.5290134766408 312.65895852478803
835.4666861473589 1620.395600554311 1093.3721335280266
1615.235486063812 1991.8541583052245 1404.6325990416958
1639.9466534142343 611.1373433517361 460.62804131717036
1187.3644852453647 235.9416256338822 1200.1640459674923
738.7639625145073 443.6628007050161 912.5657094808141
1891.7865356483403 1408.8747997899773 1239.3886213363733
13.492615302056032 1497.733850150401 1253.0103222413954
828.3112361489766 718.66928490394 280.0751776059854
512.8680567025239 1335.9706187209044 1299.5484127672303
1550.5136627806971 667.3997636761984 1444.5684633152239
1197.6178031650643 787.1629581773951 731.1283581499885
43.602498818157365 1443.2704035351405 1338.8762171170306
1011.155762348721 1568.4038900856965 962.6260212414265
241.81947773808065 45.00892156389247 1139.7292880376287
826.4633005871653 394.7489387408465 1337.9436295278408
693.3347673388162 1618.2361979391071 575.7350950531264
582.4652769165219 1303.7291673305328 973.3342169638844
645.372427181569 627.1577847288256 924.0764905219294
1355.8357248561404 1961.6976225604853 65.73254591474748
330.13366943763776 232.88296919797236 1367.131511318846
1627.9565404705704 283.38358226787454 973.0460172071985
1647.5806054928184 758.1416164077135 997.3930795829731
1622.3098376281068 954.5632400267239 173.9512353608786
991.0041062326108 1199.4834863220658 849.555070434419
605.4520551879483 643.734042431687 677.9880668921331
1066.3837859726589 1064.6732955523044 193.7723676094148
1795.3817582002396 303.1138269946281 1162.672029369465
985.9886190254595 569.0921233901372 1297.0042792377558
1917.2076951448182 215.701447925279 1429.5458404843669
1033.241818230451 1619.8599707729106 1063.9491465450878
1349.3485610437192 24.204256127874135 1008.6618365135774
1943.0272166103769 1117.5433577213203 312.2349007549603
1984.8043309211932 1468.0826498599342 243.45225399938613
447.377757144356 1374.894599899436 722.4875739388558
375.70179113112687 1779.880039105783 1067.6310561025375
1344.5118351280933 1858.1209876822481 1329.2076141101475
395.6177124961 1947.7475313557406 76.49444568432217
1414.2734670186076 1763.6854851695343 847.9958369992817
520.9586750964586 560.6742036605916 382.0469213698359
1441.4296154380945 778.0708514002215 396.0641697880659
1328.646190822063 1404.6270686314954 21.023112027602764
902.4892780433163 584.2978419385141 694.8492534067743
1266.9909394933638 583.1531486577721 1381.6143702054057
284.1414277165755 605.8121121467897 288.26799836201934
281.7816990455182 1556.5516500142423 416.01420248647304
1241.2138870939452 565.0539878026524 802.1681095465623
1366.0314436211056 514.1935394049922 456.48690975932095
1406.282284132055 646.8144482450284 1233.0474810092378
792.5944201777642 998.8909919242501 540.4726907219354
265.83558094559544 286.2884919179769 1149.672858778418
380.6576964767039 1565.9483024906676 749.3873871334328
1850.4305423011574 1907.9290696379658 677.3431085254701
604.8777691830942 655.5815323665597 898.1510276053417
1292.000907861246 339.31252040146285 310.2420947446228
435.3811969329873 1188.3196352227242 1151.2697898276747
1297.8568588782068 1866.0625575850625 868.4581754567698
204.52254014146453 1190.8059918618078 1481.6417622254012
1851.638698125607 507.25657043969943 616.843227262518
478.0377195948746 1238.7061650343912 1188.3024326628802
845.1320443920058 581.6060752606809 198.81516211267663
1785.0615526541858 1718.0783675931948 1343.431018579219
1343.7214817994895 485.83021442115506 1263.5303906383665
1987.9503874011798 469.74986853038115 1060.5129181650886
996.0512873432909 623.3979831783915 408.52638051161284
462.6861650531522 1616.8214487022333 1042.3674415666378
447.9134219520149 1794.1162893509004 841.4629466327107
246.30552231278412 1803.055629843058 401.0048581336453
765.5074245703348 1527.7768935042625 1310.871507020137
1639.0606526609176 1001.6364253394523 272.1853165131822
1231.822276986948 1308.453596082984 205.6523605441768
1746.2802040969248 1779.291044756826 89.6406331705354
588.2669074054809 339.5404874273458 1124.3871101033278
1877.81331218306 1418.7684493395636 1223.6095478830532
1892.5733091285865 1143.3674471514257 862.2151268560034
137.03030543388573 1500.035838849445 387.7169712198585
1782.3277590878417 9.569847067020243 1126.5729309447395
1500.6764583779907 870.4788261829937 927.3410027976388
815.421489411338 1855.8958977742711 202.78277711212195
982.8348332205366 1401.2477280798284 673.5074455040602
1119.7445274643528 1163.8204710706707 897.5492191654981
77.6511911268154 1900.0595858071224 1103.2693372358015
1216.7306379693416 970.4194139532029 1445.6803332611184
1209.8507033256858 33.71440529991943 950.2396770754577
824.5086847045562 1478.430586013227 368.24023215416724
276.62816942936155 465.8165348766943 1191.4289996629677
668.0098955096252 1000.6316604887433 161.62707742820032
1526.3527986860308 889.0731583435871 498.460979686372
1699.6205058039357 1881.007713482663 734.7787055590289
950.2350816993168 647.7381979629592 1225.575098077887
917.4131007154813 1718.726904851029 632.1388776278732
1825.1864692657546 1537.228558978097 78.09659638383847
1241.9842373383221 353.2597060591951 103.74776945339664
1178.0833405249407 1638.9110704200743 382.51432326428994
137.172946226231 972.8222742388706 346.4078537438278
770.9994968777531 784.9182713038628 1284.6279832354062
1662.8959011955394 1680.8089519613281 336.6474258693219
794.7235175311018 1832.036016677384 255.86615988590438
1338.2427915072112 16.398450993644342 1192.8909235337953
1518.2210169294708 1239.1458589274484 1260.6619191823931
1338.0405430154337 171.29600676018052 475.38376482290374
1593.411706930437 1911.5927007986054 363.573112821858
962.8431038176834 1966.2339736472395 465.59833235739
573.5561992360304 787.6619314842349 631.6007110709696
1882.5893800703489 194.0109829817649 1339.164602716784
471.451386086053 629.6232234945383 219.5519087054733
1031.6316616933107 733.5190433319125 1019.4394631598229
103.01724207891417 353.3388508282589 254.79647695866527
365.0295839003845 526.1172789739938 632.3408333313841
720.0855888005216 430.50812898649536 882.9744331518689
1482.639692276677 842.4461344651442 638.5929624273064
1564.49852988692 1685.3281441876902 257.5903167499553
1981.2450666062075 1966.9361282836674 29.432799614795947
1281.5285214510393 19.55267711154729 1211.070131945686
1155.1084276567492 870.836612857814 572.8032635066949
1632.2750309603277 1319.5171018669655 778.5472657672951
1974.3026376915557 1258.31488513745 1256.7781304430464
345.0505880304753 1696.4529423289086 337.5157757461339
1059.9881110188553 1891.9115352749664 729.2995681026488
1195.7061806917268 488.3630684660334 688.1411209079397
453.8613869973884 1381.1372062135395 1459.3916489033925
1855.2325608803233 1379.6383787592117 1151.1608737646393
608.7547478108183 668.2863719472185 557.1448372275644
1984.7807508634605 950.2659635085282 1399.428658402457
78.62597042213726 1417.2691031711302 1391.9844420636216
1981.6477811482134 292.50350340807876 358.8966528675539
1468.9084026239157 1603.4189460546268 1072.2428922396039
787.7677467573671 1891.5435110108776 1198.3231480123598
549.6834887122899 201.91230472334865 1211.9700675225165
514.449780579282 1445.3834334449691 246.50510996845105
1642.4985699632452 302.7011069326677 407.70858525570026
455.10619660531313 458.0115078011251 981.9440160963509
1434.0948552627178 373.87809250813797 20.544880942145795
1645.6526767390603 1384.9101211183602 641.1696216107906
1596.87616816316 1596.8305026287424 386.66651411659643
1434.0231303432558 1554.3440706741576 734.0115298811683
1117.8957239050426 863.2775355539659 1021.8967970165269
454.42249708160773 707.7545501126648 932.6403994957333
1364.8947385755891 197.39955941261988 832.9445467220435
695.6241243379087 1980.4948451947505 380.166132485332
684.9047586593449 751.8515158967724 151.64567467993484
17.047759842398147 979.8675888541406 945.4155273415832
1401.9374343844743 230.78027385667156 347.67855088971044
33.71808180914715 1468.5592070074179 418.1667982720946
469.2273037295489 1974.7169781178036 224.2492974289671
357.95762553815825 142.6323354897161 76.66553253850311
1970.8336704467627 381.58777237539823 440.17277347505376
670.5314820763328 931.5131858497507 1235.489199230442
524.666592407927 405.25652627778584 597.5556992868512
154.45611919274316 821.4545031519365 1234.3925932910681
1702.9367344699997 1395.2863884909725 333.99611442675354
1128.4563128224693 400.0507379359333 804.7816854952124
1015.1151128083786 767.5393023008957 1428.5667008190037
856.2304163478267 1372.93276377484 409.0173356158281
43.0408031761238 609.7697602985246 867.6005443828359
1105.3656148374623 106.79473914581638 442.0593144169382
418.3162675286787 1530.3457728390342 689.0480741101726
1461.4384559002954 1477.7855480043236 845.3033657783467
1396.909510896599 95.37320980491582 1335.6533455145125
1879.4695426390758 1846.6750273238006 688.3282743588047
355.21102599204 976.4644061884584 840.6776093696765
1604.430289151121 54.73874277879776 575.4633748424632
1746.097218610411 662.3780876751806 605.4229630602811
1997.7794435532337 922.810083794042 524.9513192038721
1683.7902780211307 720.5461870119967 73.42894475922601
68.29823183108007 805.7613021560832 72.14691371006776
92.25705096021808 1140.1266836989005 905.4084536211665
23.54868689805878 1875.8128703804762 1030.166773211119
354.2205690902864 1673.1503918651938 549.2066794217599
1063.999114742953 1228.0306171792588 478.5112349475016
459.25998017775527 1755.2510869865018 493.26079954694353
1105.6382687828707 1782.494092510411 46.3771858802785
934.3634419366205 159.37701206983124 545.6790171705354
460.11201071513887 1805.6252454483506 106.34133445282929
1381.7667989580432 1151.7381635756053 81.64129699915851
154.7209629545705 1040.749562819131 1185.6752740800716
1998.2198923004748 1299.3152121943942 74.81640724428496
799.5287734275662 1307.4878263881033 755.2103075213865
515.3157017800895 583.6307064901449 1465.8053668331684
206.12825529496237 1474.7895716544015 1062.1665675462962
466.85488347943505 143.60463525959477 293.3615822299801
1768.9365672932604 533.1741368793388 857.9557243463516
130.425927664074 216.20535773269322 241.1182336256048
104.51266849953345 127.34462705794746 916.0723374984432
809.8142027635948 1553.1224457470046 657.2826647331066
445.4920212497573 663.3205989316419 524.512692066312
452.86018180142327 986.801520618521 874.0181821749968
1424.1044809756781 304.2616356012262 1277.7941667819362
240.68394185421127 245.64014942392907 464.09185678687186
1411.2941079645018 722.7571381922484 419.75380624278034
671.4605021968891 3.0716743124297174 295.8596864939738
500.43074370984056 62.715765694963736 1222.1936058336062
1630.80357815793 1601.5355156942264 734.3100596185373
1351.5157752287012 567.3879351319806 463.832016407543
765.2507135899386 554.4144699390649 303.1072036559898
690.1594960677069 1014.2995138501653 1051.281506396704
809.1828252945838 668.2078418398894 777.4334845456424
1234.0348078569575 1660.539967331604 1044.2507711619614
66.38168407178458 1434.5948521158111 1499.7048538394351
1012.4021660634139 1312.4745387159094 66.87691862532024
1245.0770448502403 1391.7664553039604 1179.636542957653
517.6951722855816 1373.4828509432436 1157.6952672276207
1849.8585016987865 1637.1831809023158 711.7264278143948
820.1645673104276 98.95237161668868 1015.727318301045
1724.3257576631152 304.027200116348 859.2488067088111
1570.2698327654412 910.5100572834839 1418.2156336702035
1134.2168745309248 1146.0665037582462 530.1110761205418
350.83550916284145 1933.371445437575 764.7007279414387
827.9503372230821 753.8619192332263 734.8931981305811
1227.0644441684233 521.5450441144227 654.4088973563977
1405.7142263546787 399.4873273184294 798.0069979617072
1720.2030466647304 1134.395555456 806.0900169346556
1617.931017328515 1486.5480416444059 926.6520737730683
1600.9646948004934 765.1809782089025 922.8524261586531
418.1878526054923 1273.0890791445904 275.458776814273
1828.0249415605454 246.91324560977114 155.5974708518516
1144.0755694420657 1239.923599648931 916.07696052921
1201.81921997049 1185.3875695477475 347.3303647329654
950.3369768344505 522.3414870206868 779.9229931834061
1093.1634434826642 1134.789799859398 1400.5828864592813
769.9549623145348 601.9439711322252 407.3180593596825
1357.2458962150304 125.69295094117017 531.1894178200931
597.9907424465682 896.5019502418694 849.705939053752
522.5627678536308 1793.211322885488 927.1405115874034
434.56265576745136 519.8223617253601 663.8370857332628
550.8348703684285 940.6330610712232 550.5525375585615
145.44662744395143 537.6868407887556 1493.060198629818
576.850222943964 1871.071698620246 732.0460099578324
415.9670616496183 1687.560348295732 835.3835990784194
1934.1791857883964 1021.3859127541856 293.05260037673696
1833.531688780297 1104.2086071045046 1254.1732559663774
320.02202343131336 68.2147672305482 528.4342852125063
1429.0598278965683 1849.7821147021086 666.7970070544948
1335.1789626082998 1771.176856583276 225.02622878157803
920.3258110887424 308.69868992841367 895.5780699246806
167.5946858066346 404.94317976415607 984.1315248848914
949.7697667459497 1057.6306500763146 659.0505097819537
649.4292002106974 1208.6848866017313 69.6468326880954
213.61945808007232 238.98005079224416 327.2920363608808
698.7272210379094 1283.8524445282956 762.8272338146587
219.32202192066597 422.24912472738873 345.923567393059
716.939785758282 65.43903668845385 622.9285986156093
335.14042780279806 305.83632844621934 617.4376210033228
1942.280484179146 308.1802771798914 77.78529177234111
43.68666013113476 1255.7285606880982 660.3553767311197
1099.882770288198 486.8316225585574 841.5151550482562
743.4123365216229 535.4925487061348 121.52756824854261
1169.9389017315889 11.909135316498398 952.491120369745
600.0375469741355 1715.2903601330042 1121.7389931747339
567.3208969376207 1236.0240412666385 1233.6300208572459
1822.1413619646876 1374.7816366856237 958.6131144788147
869.4417578987687 1715.0685630737655 889.2583858110852
1870.7169494236878 1008.9509701658603 1351.3586466896072
333.32788919504594 702.9160243524177 1060.397630336727
1809.583783316543 1254.8320009448055 1447.300656565083
574.4112149760742 1572.772299188159 117.34637457353253
592.6446488600285 1804.2057644202575 50.8471488808741
1538.4858587272722 82.9837668089497 1316.4093467951893
409.20345232258717 867.3396685749098 295.9990065127011
691.9617694425212 1775.0808659985248 1081.0878853391514
804.5128829775032 1975.7321976176527 1460.688294162205
334.5939802904514 142.26951979379487 737.1769335907939
771.5967728214308 1642.335816886942 28.44495853241613
1079.552535375766 1575.06704031654 84.74888959665556
1321.5062844270483 594.6363031871284 1469.803438312805
1735.760996381404 136.6420515977862 840.5412069014276
1382.3237668587449 1097.4108148688858 640.1596281415837
1348.068922622379 1542.4888124287756 1407.27368742852
1356.1637418484113 1125.6431174974311 225.3440617721389
1469.8916117879785 98.27279951089429 94.6638062142326
667.311742797855 868.170258069078 207.1819706716261
1602.1926735923741 501.6372341234283 980.8565988883424
1803.85650298214 944.9169558018675 246.8813028804134
832.7788626825261 1064.1246202601735 1364.8191816806545
44.9073364364212 874.8064069651442 928.9083391602936
470.46554344862625 910.6803058640403 1497.1945325613306
862.1607620973424 302.01904844109674 495.39537676791525
597.1380449820214 946.1499626041001 1417.7509899786833
1337.0250346146922 1575.6353503002977 73.80817233760817
666.0696642346338 1731.3340166292287 96.06189444108998
875.6947149055447 1640.3630803035344 1101.5816877333384
46.69956671681908 107.13828990999197 877.9495058523572
882.4092660688301 1088.5085521261171 24.151610550314786
1633.7868878423335 1978.5044519906005 52.30566013366417
1407.776849039686 1472.9750057139736 390.68064632572026
217.97362135288267 711.129845963445 1349.042374422777
1103.0266424876347 1554.3452664359497 750.7982672210104
1481.0732071026714 527.2244068455225 676.3010798165728
1404.058438072462 1922.4610795679762 961.634615749306
1772.6009412897697 322.9376411054092 900.6416851620285
745.783858249404 1960.4762670276136 1258.395959166603
29.560400455879375 268.9765961695598 1441.466628843518
873.1673893904907 1628.646250544624 878.6048708028395
104.12873904569508 430.27066424973583 1456.2677431832842
552.6502000134874 937.3108882912846 540.7794998712595
908.1619686892477 1665.6784586228075 593.597133431616
1233.2178169636459 1209.9897072050935 1493.599896297011
608.6466288606938 6.424728792311152 812.8450572685088
935.0522677313103 1099.0393379006741 574.6361804196821
1877.2662934306613 1752.2876446576656 1092.2928587055164
1531.7841351724783 952.644383673453 986.406205146326
1679.4104995698858 1259.228746238917 1239.954170227888
645.879779926069 1367.604822167664 40.08743712396296
1420.6926769829106 1844.8083089250179 1487.6677254761141
1579.5539140528635 1604.9467483483584 1456.5312812484885
1476.259220636711 1450.2627945996396 1413.5655929880727
772.8227311444775 1369.062260080027 423.7975287901475
107.95685072247174 1994.2268740128727 1415.4292851326293
1589.91863701976 955.8004904174915 1154.980597526758
1983.3885677322612 538.0213857419427 1417.20470604539
657.188741978012 1852.4300808794671 813.7447473381932
415.4948665417 95.38091308303409 815.2328362945224
1246.8787497337503 665.2798269552613 1470.2151880182582
1273.9245864511045 1889.0461770491331 1353.5661303188554
1905.6522894792136 1349.4040464167877 683.3053313291247
314.3979991438772 669.1057267317179 895.7531233635319
826.6640072276015 367.07936227880646 251.41129871541722
594.388284223599 1069.9214012636437 225.8017822985597
1627.5102319799546 1476.2052295170733 70.15879232406525
950.2572879542437 297.0783343412462 44.68948752729357
501.027178898505 109.78516027648499 1248.238603217491
1371.977461143667 1935.5955100033598 189.45222610210794
1667.5218326254396 1586.5767310414199 515.1477650452409
1786.1321859070079 660.2326378963588 700.9375914566591
1830.6940650263382 150.39552013508063 1165.1721233358435
1284.4243363775274 1139.4901785018385 166.25310861021276
1966.0426544576067 836.714787848758 973.2980149885565
1422.1185072280143 1340.0500554052796 33.65956961432393
940.6051418434615 1994.1677438702377 1138.4206646501655
1624.2807990157341 843.1215233611981 3.885165773074406
1917.5499810032156 20.58117299558382 298.2055279814902
1886.7058444640063 80.09446846500468 792.0333836163397
532.4333639038936 1490.1600132718538 251.3469617064309
1767.5000335729428 450.2248041773669 1265.8699910909954
320.36920646976716 262.6774358616406 693.5927560922285
40.40354579006 281.02528036903294 494.2322340467295
372.26022532225136 795.7584915753928 420.7526045452416
1596.6353132992551 1457.5962655458284 1058.648438265114
1399.4362394222717 59.53217652724141 1320.0795407058029
432.2940823953154 38.00549123193764 1370.8605775523486
685.3434474467641 1463.7228124140065 619.2158317775238
750.0037252569256 959.1276046081314 530.7787916378186
1442.1928105508189 615.4704076425852 849.640507791855
184.47313297477152 120.31611855544688 745.5512402208765
1006.956567816826 1298.2565865769138 999.6663069513153
460.6326178841287 1244.9252346134508 633.7404105599983
950.4613801589769 1277.1965653721725 1128.7454065582665
1471.3496988260692 749.7350972134225 639.9094830841925
841.033248746388 0.5753433686197518 1100.5024543344305
1453.3385917083442 201.1195927581948 580.8826629810105
27.814124312632416 260.786020176516 248.05916383016302
1034.407171134012 325.40052283556787 36.33353986715543
105.82493373434131 1746.1830447799562 762.8139516436663
959.810126821476 541.891909107566 1293.3797925508538
867.9331028261726 36.26924313958213 518.2958181703784
547.7847366267355 1792.1737476829267 1367.6586124203145
1092.4905564972726 120.99494446074655 804.3751354240296
1406.9988425066697 678.6759261006698 1280.418525343975
241.536155775691 1381.0331694373028 1300.208603623924
690.716787692782 856.6687450244128 1134.380312212793
506.17827883332023 1871.2660877307703 541.9157989930093
601.1008727736685 1592.2793066886927 296.53484217772746
149.30902477455322 79.64459756247865 387.5609186296167
130.6494573781367 118.11823730142557 662.2476220902582
1992.4229961723831 889.0281219723884 730.486904830029
1123.1347067253528 1250.1775341750572 800.829955236341
1833.7145020738549 1663.7804852539753 208.64695109060887
1966.8509305006905 668.4710323957926 1062.9197068414371
1534.4335455216872 346.7438976541002 355.7611676703509
1975.603877235681 554.9084138203901 427.8878600448319
41.90557110578341 1941.319597856045 691.4278744003212
1694.9104289940353 860.8447186776198 137.17251971583883
1905.0218947206536 366.5095165709631 1295.2819807819467
1515.944030608215 364.2432070065895 749.7561056353234
1946.3718292433098 852.6637530978021 1336.8857524434884
1971.8431359900196 1052.9772938104718 214.0366121435891
684.9483761383979 412.39303605179333 1351.0257235791055
1239.883168738558 1420.4704859541607 1027.656817810971
424.1717929098221 1765.5911051734581 579.983654677621
1876.4588958028407 445.40539985739525 1375.9522772359128
1265.4688020911935 1748.8665057031583 1082.087959958868
1837.5732529894792 254.81212503228855 945.3696840236852
1430.9597692918023 893.5574487948141 1437.7443091898563
850.813597941342 1744.3688221250684 273.0157150388961
664.7601112482413 609.6979933603621 1242.0622784437157
773.8821156262583 1940.548871013891 748.5782283178612
578.9734978870158 795.0281345445451 522.7292641430865
980.486389401179 1686.0168687529776 141.4598074144631
70.94908553737778 1955.5790905415545 1473.8578322136298
1011.972304369636 1147.7834326096427 1017.7423698607013
1043.9527609345034 1597.497748329372 741.6820141343002
1072.8714958205355 1172.5811828421417 441.12464502698606
510.1274173115189 1067.9691188119539 494.202014471857
1742.0230247256795 1829.7128638919667 1077.552903587885
1687.3531341251505 1553.7311000604886 344.9094856349893
1414.8508392665287 826.9255873508141 390.4635526984706
1822.2910609799608 1544.399945731196 1050.8516029652087
1204.0966108140537 591.9586310271047 1476.671482859915
1020.585400654562 1115.281856735843 1136.522995964146
1911.5411649407788 1128.0704846843325 1409.223912692076
1346.3317194717158 1889.9961105738514 529.7235314003211
757.3609680489235 1974.223064435357 863.8615156434851
792.263760349333 1570.1121731789162 1128.6885192888678
834.0769905406725 1459.911878908472 641.3893780469016
1439.8144469646284 344.6459255304293 859.7780697913032
1727.8810578922182 822.6615300446314 1149.7140220679216
1629.4399071358769 50.30295537796859 475.7172304479272
1013.0590292023322 1069.894722870956 818.0890075078743
1587.9216729314057 219.0264875126846 30.685820768375116
1221.5903921292274 1592.0986140408165 1276.5867974927435
952.1556833740711 1224.342989390555 315.6098036752653
1074.6781030352843 1605.149514018006 925.2579575734112
1777.353306486558 919.0958947445838 1246.1048647041396
861.5139964916547 1261.3503559896315 1.495005951208328
165.76743127061633 713.7951781713512 484.18056967999183
82.74068794656664 765.8308166396197 1474.3403443395414
950.3643071494134 420.02239734334034 164.441463492686
1051.3978522254572 709.9838030296859 1145.301824540123
518.6228375638653 543.1058149332706 82.2415829708476
995.1765984438024 248.76688658750234 44.197531267930025
83.12965965896612 929.8322505379224 63.50457827411765
931.282204894681 404.93295587091717 75.84309634150227
1475.3225124773076 771.314346425523 1319.4660663981606
223.1973319161622 1074.858277066028 1082.8193412995022
1391.2997340874676 1434.9744842425516 1106.2416540849601
486.23297065555505 1180.6425319228672 1333.6818444487099
1206.581482536214 903.4198851761763 781.8455260632722
1276.136022318403 1259.087760850763 1464.0291946902144
173.72690344875807 1394.6901404233079 85.95281096939262
1791.6000608871464 1561.8020376256954 469.81079580674276
822.3756670205149 300.071298972963 398.3234524661725
1543.4735777290443 1796.5587693844777 1317.3533905427475
595.3028212873188 1551.771533365794 925.8070330916519
365.10907437749876 1703.210069704174 520.8326030942508
1005.0827502574016 825.1695847798153 1191.1254680420566
1130.3380555140434 1442.1124571918203 1265.4833547608716
1151.1694404034758 708.822569403408 300.8026455518844
32.84532287700137 1544.382577654808 750.2111335063742
1576.165587305247 1502.0373472582032 304.8036048889431
1571.0003703818963 1406.509460745359 533.811482454912
1777.1595321729685 1574.202382457589 925.6896183750151
100.05512149027052 1480.384762264228 781.2122322202853
1662.479307634237 360.6764668487552 83.06356534748716
1176.7824691042695 652.2624037895972 677.9872434528017
1888.3782017374285 757.3616699448781 265.44315455659495
1976.5355748739762 528.9015841228728 509.44625259220925
1311.8452925714744 1475.0562700062455 220.713549786885
1883.3710213384277 969.2987276546769 1388.8527203285246
1715.5884639453784 426.0989101100794 787.665226001451
783.241971231887 769.1442204067627 1395.9463485636645
1525.4366546514289 1213.3250240864543 1477.1951603898947
543.6356693696125 1700.1746211198774 217.72427252597632
676.2987036045645 1368.064201813376 436.9106747219602
839.5192752575042 1.7389759365487034 631.1542269454616
1738.6060905904142 447.53817137513073 1149.2253420221816
1519.2858480796358 62.37910923262069 549.6209054680553
1546.0959805382122 1160.5185861530058 1364.1569722862323
1851.9162933742957 77.29964790386101 174.64572896497876
376.76001302907514 1801.3631900683108 1013.4919870789524
1847.884126478005 229.0876451039947 1105.2102382519815
636.4859789191737 1035.5445212813033 1332.0437106786867
1557.4927011286618 657.356232819239 689.6385102720387
1188.7309288884912 1361.5310133757496 446.9896162804262
290.3438483071048 877.6813069366627 536.7436736141816
145.17280879220195 1755.422876846256 1409.362944824418
1133.1123379925825 296.48697213304496 1002.0627253158423
1500.6222627461327 1278.2558614843429 860.0544812956474
1181.124379024377 542.2462547533773 1040.7427625325022
442.5336639948565 1938.0397380013019 680.3024735382154
1007.3209475001456 838.3281854557463 1455.0424378615028
600.4872726456584 624.8068721020061 931.1003116226018
498.7741608822871 780.2776926994972 1480.6833008394683
71.82550232900996 757.1926754075536 1481.4457899875297
72.52819022057477 723.8552966133765 609.3125626021166
1576.4894087254456 733.0966911247212 1449.9789306211846
1975.275707896586 1535.9682142716129 119.20294709160744
461.84091213656166 847.6541151510996 110.6467639077075
210.82084272978642 590.3742888798254 340.33573575339744
905.1460895608823 909.1185539850482 181.85592255345196
806.0428903963643 1541.5365179352693 723.3592641422237
420.79196696661245 48.11656963920519 1237.1287953854685
1357.8976820706582 1604.3913088680167 924.5570589654358
1860.0242311861311 1600.6817762210762 1016.1707147280239
1563.9454797030894 1598.026142327031 246.52091650763774
1549.1360137579925 791.9685375842662 184.34554777961083
1058.7363020293587 793.7353865695162 1266.9003913465147
635.1526951400301 758.7828197541439 32.097215721597294
1732.0735868953343 419.8171406235145 496.26804153595367
1067.0404978314825 1395.202994577935 379.796497678549
1962.3519389420358 810.7772220379117 326.6654337488601
1807.8092025231808 1614.061574477175 272.29043837711134
1998.5274788546392 344.69017574889097 738.1795440039573
807.405819665494 252.9605421157912 104.58620302673826
1270.1800403201553 400.87498416588295 746.8892427041562
1924.0406665365301 749.1700837940765 1252.0392548847212
294.4183392188495 309.4425421860414 592.8360577683678
335.38517847895343 1032.0197535702757 458.95166829286296
1732.1238264164094 34.33234780304839 1445.2730910183839
576.7907071386056 1225.7235121075505 101.24686042555759
544.5453730523 1948.9277914463337 256.0061609998554
760.9482552950859 172.52769766775856 1018.4852406404008
693.3590261992993 1460.6160113816507 1289.6235660545851
1958.4351107976418 1615.7938137675278 1249.7409965970003
1638.8905781870053 1911.8686121416474 260.0665199407627
239.83462349601913 1365.8872441259916 1111.3281850701765
294.3003093066323 1474.5183906853538 589.8497457801701
1512.8251438492766 1980.3889732443135 759.8308333902341
3.407797535920132 298.9253568226178 1384.8017912417317
1441.5034412099824 1528.6952218961503 1450.9378973190176
1853.328205015294 241.28263916372018 1370.911068083074
1947.4176790451409 1812.6178066931466 849.3668607928922
1743.3548755525835 1276.6959993669152 463.9326397316703
1661.480726647991 1272.6851659144793 709.3750758413835
1959.018694131872 928.5713508809497 1111.3736605838003
1051.6152596668014 1857.2775647131725 1364.9536227891824
1602.7423496275146 1702.6252944747694 823.3336365409059
1939.729372021853 466.7881718047464 1289.5382074345953
1787.406998462235 1894.951043031595 1414.4202628851508
1458.6208882226767 1336.2338632175947 950.3224295693947
608.879105041782 88.35337889976635 232.8276427563431
1562.9709457280921 1217.5125093755823 128.78752631422086
1001.2345772479749 713.6702430618924 466.0239187063109
1401.7391311612994 1601.8954040328515 784.689900361787
1336.564968953046 221.82842679235537 934.7907300037714
1395.0526101302735 1237.590243515582 315.9126131582807
868.3102734752841 1874.1249966163255 1450.3010643960952
1675.153728244022 953.7814245160358 1241.7955984287003
782.1069966780949 573.1196717215053 1305.3389813796919
1978.1771656797557 1135.8983255537612 66.66572148418581
620.0654854030128 219.17286663531098 351.6144081451142
408.8780919903856 1384.8642639027912 1094.1886680873151
626.6913488092496 931.0174153719657 60.14444838913069
466.79409524666005 193.34730802100063 914.7227815365237
1220.7559934799133 1063.5657009033034 1291.746702270711
313.4602354664047 736.3688411031162 191.93908372355256
1392.2095949672296 672.0230069967794 285.1002253965745
1114.3215004273027 912.9123747941967 1145.2263079533745
1478.9063361743874 1222.8863361780873 1371.5010986204795
19.403455709870343 288.4040113531119 553.8499943819899
1643.1826225682448 109.0239055679989 1411.883246144247
662.1841851845555 456.07105972836547 845.1309852052949
541.2333216923655 397.0289710401853 1268.5228783860682
20.900258239911153 336.1930723950908 1186.9582297625159
524.1157206851876 974.7486320660217 277.5414047176274
1415.9531962143674 627.7749237009645 404.62045635947123
1822.8998360531373 1656.7495085588923 333.3238423045734
1333.9604922300684 154.3459771379041 330.5579583911268
234.2044283794771 894.0970916633435 1210.6343378255806
501.9144902121888 1962.22332054804 4.70387205591305
819.9531829774329 1584.3941532112485 3.2942739275622634
1201.1500908589423 186.10153478479364 465.0431987679497
1862.47854427406 667.1124114752563 1408.8086623763727
495.30571404630905 17.354228098871218 896.5838665301522
356.20329433812657 1601.6004739037912 1415.0584956241082
627.9520803494489 1854.8932189974983 1380.2041235154254
687.3220206369539 1095.0010182223248 585.2092180662269
334.86534575066895 691.4271739783572 41.886240949226824
1563.007532055066 1253.9855854999446 1031.5710905921262
1578.8182237049364 1310.5639029685983 283.8754340885408
182.8725479534421 150.65582910745002 671.6450985370215
1489.447815934651 1749.5766110311226 337.8994080325116
1647.2781873287006 446.92666641973045 727.6090878919122
1743.5748376735537 1789.7817131724057 260.57767983957336
614.0949072945101 486.1371930375704 772.1897095420497
272.2192030873654 1692.8414341505138 615.8766266635462
1967.5998509456015 1171.0904334458612 1187.885135331679
641.5569132749947 1581.018529281102 160.52166269036434
1565.5579543246756 511.7545617999961 934.0079212555214
251.79889371412023 382.48621713144803 617.5538411028288
821.0133994858613 731.4661683756474 1312.5816095399794
1600.5954454851444 71.11165826130117 171.83568471856947
1301.3437215322558 556.4115431177661 1044.798784886156
171.3385236658027 314.65609918795457 1331.057183274221
1184.2675891237297 1255.9289709597301 111.71734122469556
1145.1158156880185 987.3717959126398 998.9082196670965
1742.1873153190927 353.62663034530703 870.3343657728966
1932.7100871510831 1123.2545355335058 1305.4601949187547
26.727156330176083 1321.0337154342403 622.1724260493348
1375.6213108501556 726.0519146354925 329.4284904852432
1451.8283323358557 1841.2423330353447 1164.5425049884432
1548.441915922686 1679.406576895029 1327.4759920512215
1443.5115631058125 973.0903300536588 123.46695809397946
635.3537980376043 597.9608682917266 1368.3897869368832
1408.6887085870703 1593.9981864897131 838.1698129388199
1259.692042207491 1605.5373892874409 201.0193959715229
1676.843770823917 1705.4323996523951 490.03149462584645
56.81839315515913 503.9738634152082 676.1983860565819
1937.516456047244 716.6705496135714 837.972962814927
955.7142056150134 111.6271706733989 419.15375855171516
1820.263306531918 1800.0436868056652 842.1858933349638
1755.5959505202309 1578.344701202836 1487.4959430927481
716.7979764741765 1222.6397258246668 318.46185013463514
622.874875425729 996.0811533768499 1142.4577922407593
350.7796994302925 1688.906461273949 679.7303259436485
420.9679964195667 1862.4019608912552 935.6814912108135
431.5015243547624 862.7135755235597 1078.3486183800544
1776.3509940763972 127.30840019999712 575.9070301545956
87.47605527923952 1588.4008820175975 455.26019374926517
1367.218121351903 686.4708764320469 506.8835140755532
1998.4024505373304 589.15287791575 1011.6223231147474
1635.3075707181492 195.0364706708132 1433.0587904564695
1951.6768771862464 671.4234183595611 1297.0207378542168
363.79749944266894 1961.918366825129 590.4441134190955
665.8574670586747 623.3259669019775 103.24264228779629
351.253435488927 1792.152508693386 1051.1237645071456
926.7299633952746 1913.5549707866435 1193.1407205707228
472.64553915398125 228.43733769450813 1430.6731443908855
956.8828237090374 491.7184267903616 254.22506470659988
1805.663782879209 1920.3699680180794 1116.6509867119662
1747.8085990222417 693.2712131271095 1144.4263092709834
839.8920765328726 1887.1259749185308 290.2181517656927
1870.5184855614325 1063.9310520750169 851.3242663463903
1916.4577421754527 1333.0304665527926 115.4934324344134
331.5999805953196 1284.6108095149355 53.47511663511067
1091.6083214219796 1026.366041933529 361.4345201016134
286.25271242120044 1373.3940630822206 580.9122725092028
768.1592858345649 1279.2950117468924 649.5595811688848
1138.3828963086444 1522.8797278959555 1011.0739927124315
1996.4048114428253 1420.7438563716444 1496.6248773040315
1246.3401487204903 1113.0329257334236 1247.467326253606
1847.640535294653 271.7650542051624 1388.8461627377444
791.094457033417 1037.036826667551 295.9249800277304
1420.0985766117428 1165.7928835459816 1041.7167214290403
1504.1063666514406 773.4124435008242 788.8233006652282
1364.1355266479804 402.61469155657915 233.2412760665285
1756.448347118684 922.9808279963079 1221.9388605198196
992.5373796295019 1233.9000223864525 812.2186253597104
1778.5700971583772 1813.2505405068423 627.8244857169648
1931.7928876122012 130.55750509417518 1120.0727447530264
1743.0588954518962 717.6766564777661 1063.471483844665
1359.0008191480388 590.5281356615919 852.3784246346027
263.1905534622423 1734.439325569441 1016.7032005904531
1452.7762057114155 1125.5259854097703 1055.9147990385575
1612.1981586351499 242.43129817083874 594.3498999365241
1852.0286118278584 68.46604981399018 1029.0689480379783
571.3600970535035 472.9486380443659 1459.7649942220212
1270.1992984258186 1158.7295006715278 1145.5898172644754
1275.483207267302 1957.2839640958257 57.5917466198555
323.18372717888775 1883.947989075873 1093.9569180800322
1357.4491602702365 989.3912791909831 614.6547201384536
1408.0533107522742 1930.0892595730306 609.1475641887445
1027.609105015847 1585.4890523219838 144.32110073133347
1475.6103776944292 1466.9638534689113 1340.9967178655666
1478.716005171694 239.3998437868987 609.1126542221591
238.6542829096061 881.0821943570987 1363.4107847480384
1823.573294843409 1122.719259565904 1387.36096624642
894.8319939870157 1847.106930079432 169.9499293827767
698.0978111350964 1253.2534652529857 1011.7257452288429
801.5185202213386 1666.3039390121419 1359.3400207311715
1759.2795624310204 1671.7846367792788 1155.4568071165434
931.0319857269898 666.4989212593158 496.7916503522219
531.1414158379417 1585.3301180557444 421.10583318154585
1426.1128141774507 469.4620917639918 1236.7449268428393
1553.7384604140839 38.65518010186753 65.02685039415674
1797.9902747658089 1990.4491812830863 488.17035494891394
1971.6412551834396 1912.4073180777548 573.438591189851
468.55645901615304 1808.6357304733385 160.2187034326643
853.5042938774899 978.1257672781641 471.6491171518418
366.2335374660439 1082.899902817887 746.9138024422347
928.2459090790618 1580.9127532145005 1084.8197634218664
1571.212947349616 370.0740041685264 458.7627102655333
1876.8977751301493 1112.3845015211994 1117.3914701773062
1146.0154370490309 1919.3628725036017 275.40328913345627
1502.9794510463878 1349.0026343250563 52.44953659750018
592.9560202336861 768.2081419862101 1210.9474693024542
176.12457735391573 613.9780248888532 158.0559086814527
491.0301848739871 31.83231791908936 1163.1811660829374
367.82499107440714 1581.5648677253632 1135.2807705640143
6.179184538415372 1460.6202360591114 1146.887978972487
6.4067969536838465 1960.3824688204365 632.49966974449
29.410664013454824 862.1113101826729 674.740740837217
923.0992412531913 1467.932942208389 376.18622522740066
1342.9549677889509 313.5551768291165 1406.5281244225607
784.6760651166902 694.7760602614015 175.98651235836954
45.40939726066795 661.5789457215653 1242.08189501545
180.5802463930233 908.28560032353 1379.7893379349587
1062.8410417558391 1590.490101213412 1482.890844929443
1302.8801404274918 779.1051318641609 171.29794735435283
22.993609378471724 79.96238703344561 1323.7339303489293
217.399590414874 398.81704731219304 944.8702277116641
943.6978579533786 865.4827270539051 1338.7595434656366
719.3132153327347 1096.222183477908 1247.4256881702074
1143.7256393459322 1345.1305407668947 356.1522342739901
1681.774694684977 919.4808630024067 1367.1819911067798
1295.700742400954 294.1778029257256 33.897576716330036
1829.0139787651824 877.3882120309411 1237.0802944563725
143.48609596520356 1888.1137956562745 1175.416789422983
713.0919072296651 1812.7657486607495 472.18065748763183
1845.9333800403501 839.0054955569306 638.0342228382885
1538.5316672994259 884.7167089875068 250.58535311561886
748.171109159103 735.8952913123358 309.4482138004473
920.5130960257053 1830.4357845415052 1371.430814777532
1977.5138925977822 1543.3460414742758 813.2449587962479
1571.5555530071915 1768.3441810072675 153.88635355915503
1203.1208319412644 1621.4710856785775 190.81889634744792
296.45656787253705 475.56485506939094 988.645026660069
1512.4743852452166 1116.436166487413 1112.6789088091614
599.459031321139 341.9260840941454 1372.6169593674745
1760.7151007516272 626.6429129760744 326.34075463082945
479.48052326086076 1056.321574015119 616.8548847705101
248.45702683972215 139.85430577144518 300.5991770955085
487.6818315109801 1861.7192111601248 1041.6235294759178
33.57532490108128 1531.6559795333776 941.8559426386913
208.35485515757756 1894.7728607538058 291.4164782461941
577.4848801386936 347.1046595552134 1177.5768729295326
124.0085747240114 924.9048571280292 499.62747462173115
612.1311578359991 513.4263212985426 186.33843333657342
1746.6377599611262 940.101628122279 1403.6060587970858
491.47945471315046 272.9020199747092 1222.5932754628118
818.907871446742 2.011121460135712 682.8890103150212
1158.729792061643 1232.731332830559 1443.5738499537363
1308.6464674481979 529.5308596112283 1363.7836975058526
581.567357532431 1423.4919583359958 518.8244437149407
213.55983508916165 1731.8938816301802 951.58522459091
1298.4433083364952 960.5383890149883 1168.1006211690196
1496.9224242638147 494.6901170950062 0.08997665092075335
108.13989184234818 1658.484899553049 953.5676520650239
280.5766353613335 593.5259927115424 606.7150276946585
1628.176782040768 1449.531829728873 181.93812431946915
1523.8399890668163 919.8278763937069 1109.002012122342
1504.5695380536085 858.5648273172022 218.4784117963009
1533.9303976807064 583.8222566260605 1461.574086543652
987.8104477326997 624.514611352766 1156.6095506185993
235.9569269344588 68.72377226394933 1285.3342632885258
304.6016507443834 1999.400495606419 78.91381315229812
1886.741473187014 672.2016715712866 1381.6429967773793
53.59628028186769 1099.070314143475 509.5665159338061
631.4673878419918 1160.616185994491 239.91804679088074
1304.8448995314884 1401.26215893519 1296.832637062639
1555.3435181766274 1166.383966773058 480.11319787445404
1782.7523564068879 855.6150837977478 257.25670106783326
691.171755709983 1868.5212089438878 543.5025221661875
1752.1561487331333 1312.955823650228 995.3650862761115
502.613126358449 807.9483873269311 1259.4122714706739
1168.6278278534214 1195.0733821812903 615.9445168128677
265.754823405151 261.2318229603792 789.4122012369684
31.61705529069736 172.57962978371876 1246.3283029611835
1197.3551967078974 897.4194195491514 1125.1989403816856
1013.4647224312821 1282.3265497731827 1448.0246259252337
1984.1358030868073 1787.1113856436764 794.8536920622021
81.26068811000064 1717.0401879093067 1077.6696572506512
1011.8349307618599 1817.2223682486147 1083.3578888511029
1262.622900125507 970.7694593644993 1435.952957870802
126.99086756886247 1438.8728204609104 92.72479915815579
1644.196122467058 1413.9770044773677 1492.5138624147555
1345.8535447637269 1916.949689379835 990.0907294890019
1366.473476638429 1201.0191740907565 1104.418648870096
962.0998479130278 165.41312070459057 652.7824876691257
1018.776032893406 682.1157453673652 807.974820653377
1316.3739798217011 1649.3811666726194 825.1352943680278
662.8225353490253 1288.0100004094081 773.2540328898262
141.2367325922652 1980.6628659384216 713.7611709984611
1267.9146949514904 1897.8575046593544 356.0379149758255
1235.7595618676694 841.2562835608817 650.0287808544966
175.11905102667603 1561.2356088652054 787.3823069157902
306.41282002383673 1704.9263665844676 388.15947561821247
519.919656379024 114.47462716370515 913.4276289227804
1211.8695849461672 1322.0027614526898 488.14091249388593
556.626949201295 60.222041093640044 678.0939382946348
1708.3600081781121 1071.6154603979105 1247.6318457792786
1480.4343605976953 630.364011770856 34.37380680229957
1259.9223499408513 1968.0155193370156 917.0784142308929
1179.4939620736889 1323.521263474364 1296.4364949200715
1114.581174818268 46.995981126291 176.4177135104773
34.05455822232839 1930.1999377948682 1222.4667440459136
1491.918250096125 184.9663364087757 164.40975704631379
640.4246569034508 1907.1565712915456 1277.3594140338434
77.20590933552218 1079.033348717464 41.68626786043045
878.0571975395519 224.15282669035275 1299.5602771007918
1608.8912369952357 1453.1066266155042 468.89123599173473
740.1208159355704 993.1617512120074 518.6170071221306
278.94309095514313 239.15498558702942 1125.121090465198
224.92331845321002 88.5490561363793 584.388453409539
886.3363373582475 970.0001447926317 929.8015563194976
1551.5829665692083 1887.50952557767 905.895479592604
1950.4945591668236 1221.8541650251805 558.5985726100464
1882.789654237382 107.80770220180291 315.9810911541487
458.1991881934968 1129.8370715851588 232.47285402938468
1529.5268990815057 1341.1705063094173 894.1544854295034
309.6791741113254 1703.8865795156055 728.9550724778447
1434.5819953223693 214.89283247583126 1452.4783711085963
1992.5205807981768 1110.3050997964556 302.53830189953084
730.2541480617772 1317.057134318266 364.4679722510224
1138.2299820863502 1007.3695634028778 1105.1207250617451
72.83085466449002 892.9241246398911 1281.4446575317663
1287.915742845289 1385.6144039272065 335.17767837772533
81.24779894939272 36.396340447831356 622.8533983631271
1116.2391465503076 358.8341712819492 1150.93145413104
1712.198776304398 1462.7193886652444 100.94507204059732
1598.1878455408742 1470.2815083534902 215.20812513576197
682.991984403055 870.9495500659527 480.19941361853205
1499.8144241757075 392.69212200076754 34.33004487953934
1503.24771954799 523.5923821131388 783.1179035848523
864.0981169452153 1087.410676249553 942.9856119825414
924.421208089369 987.2695562965674 322.85964743810496
392.505454540073 756.6609749657102 1432.7283738965184
1561.0714288102267 818.0617865461461 1185.0539933512623
1989.3080300373351 1026.4070176199382 875.7923720537436
979.097958989779 758.4536218505573 428.26357348961056
956.2205728153224 1234.5715811063665 1434.7028447290834
972.1770405431771 1453.6439496522016 1331.4669354948685
462.44532120101667 1220.3330321671579 719.7339926262032
962.8361509279888 1841.9666776879574 242.86593104501674
1511.5077024693549 1729.5834049748653 607.0466472948098
88.22072390080926 784.8274416149121 1411.0335009360792
135.76632848841186 210.00042930524597 34.48930816891988
1838.062916771024 1931.1831054432 222.40772510853418
363.66346708434105 1567.2560193689242 1244.4881136442366
1462.18890515651 1280.2876322063953 819.4127738991526
502.32743630598463 505.7378932429528 448.8508476723868
1093.0379999614174 665.8083002969977 966.2771931787611
524.3917330853164 1878.5554017438708 940.3782711652632
511.7883910350427 548.9305346200208 844.5677678505386
890.0508623504122 1737.8764721068294 535.9552401172891
1710.710268240827 258.5630702236219 674.2187934437236
821.337720895466 1450.360867905024 726.5082255308389
823.9669603723607 1832.4528974027396 829.0913900664851
651.4240349945393 1968.8423265345225 17.204110356483284
622.030109571424 105.28421443806346 538.5576111277556
1948.724215155671 491.10520079872686 781.8157011153289
819.0600309938096 1414.1879047364387 315.14501668129293
1679.0471714143437 1212.4548622477903 1486.2475806809332
334.79755674704535 1001.7125701825911 906.4884800933861
1001.7236198899512 557.0471192707857 635.3358057929905
1159.7306406874563 1148.5461433663666 880.5842271712262
1933.4495412447284 902.309178787799 115.90190423009949
234.3607285535827 258.14499562794333 61.00972896034762
121.57538640103893 1344.6493443181676 1453.3616081728676
226.66982901958542 182.89694562499602 194.32122229987752
1823.5327164885045 427.3584899017209 543.4671446447932
1807.6147359557665 896.3668421860411 1340.311361784601
71.63685798848674 1467.8363810034841 1067.657977509855
1724.4064768039082 1873.5812417302402 458.6038082397848
651.1005740613549 1544.3118846282373 1061.6270118192922
1431.2133701120574 814.8334465393754 1381.7733372580235
309.69980644466875 1200.3283210243521 853.8643057000439
241.85382464221615 1488.0678878812625 1129.4306875377188
1657.9621382246746 1380.360084660338 881.8722395625268
1633.315587775092 1563.7064537622514 1215.5752400604215
367.96223730828245 1062.1398337579665 966.8364626067716
611.5700309190868 670.8825371467315 690.7138329252995
572.9543098520704 1451.0384514862074 1341.9073564012735
194.57583254800315 1057.077808575401 1486.290226964517
1950.255497715444 1849.2123674058478 680.2149198184035
1238.0894184035733 1378.794610716336 1362.3311175401495
528.1941746328198 239.17318860802416 772.395190388237
174.79594302794533 1435.7503264521422 1300.6702429568477
864.4554794483386 1034.8017997459435 994.382690813745
910.0882761799953 804.6987971623198 163.635022316122
1473.1369155708885 1821.7666191313372 177.91604489197644
1304.99763345789 1076.377451896821 825.3286404824017
1568.614599575449 1685.2525537328454 1249.4497608142105
769.7721374447016 1846.041965257648 346.37641739992443
1747.3915907694934 281.17500540483695 345.26507657079327
1.2048170564538108 1396.9548094878285 1368.8022747497782
1160.119015334273 1908.4493204025953 294.31015920658103
1034.9160687427739 1742.2612143030778 700.2088806380867
926.1203166679226 803.0975241184175 391.0955233510357
158.4177911332454 1160.5658388346521 542.9013931526671
1907.8796289483766 711.6865007656677 430.7200864095793
463.11322322939554 1220.3335634636567 887.5716488698936
1544.7678318709811 1235.8732865300583 518.4857252908974
1218.9720512810966 828.2525599612154 950.6977149413354
442.9242538629496 1401.1627223910389 1389.0435305537308
1364.308516743183 594.0720558303047 234.2307772417467
1182.2119035820697 1084.2909808534412 878.130113825151
1533.25448581682 1894.5860543107337 761.7138829421033
1325.7007598587682 1684.0398406581617 840.574496298224
350.81896554221913 1684.9913110187135 863.4496896469639
579.005091316722 1921.7387314523853 765.0945880170002
1460.0848768477765 428.7443694380806 288.5095348190207
1161.4145716351393 48.914130967501855 266.6509386306728
1907.986134538886 384.20497678065857 668.4169666910107
524.5223968326201 484.830346135938 488.5217167472112
759.751417354055 998.6375529525174 705.8317483934784
804.5862118392245 449.29241601700886 1180.323969191761
1511.3902328936942 762.5830180485586 1001.6819993940538
1018.2642582896682 1477.0007183440398 1384.8025949153482
875.2393387421564 1767.4689520698546 1162.6912123418244
1304.7788508021083 548.6359477153803 692.2122325384903
1866.1341761456786 1243.955296667037 436.70816674924407
1164.6944452851408 1423.9069615370759 833.6164388669566
344.16528584383286 116.35497156593644 982.7894366028635
1002.7202091678944 1163.9478466872154 1417.8722169825237
1595.3031243261244 1426.5727285964863 475.06690671769746
861.8512958555831 75.74762182082173 599.0949256448612
1318.558267043453 498.118453433684 26.31393918872521
1824.8858916794768 76.76635262456988 1444.7762127048488
67.45966799395475 1850.7899749018054 958.0326458046974
772.7003312407787 680.0116808207424 315.83611250756417
1428.1150153297233 163.14452186170314 773.8371519868899
996.947654003496 1175.6615349561907 1332.102085294755
595.3839112252932 1767.0595119205777 105.88795485228624
1381.0685676626324 1443.2803692656619 288.8797746322721
1123.06911267243 1421.6353711431118 535.4920804249764
1997.1863029757426 265.8036353957156 901.7759882902405
1532.7202821309488 784.8256113382472 287.3842771162186
941.653849388346 1501.3638768816145 709.5266210435695
1347.7829285599155 1818.610386309676 654.7809204809906
932.1501054660401 168.98614780428534 87.58096563248968
665.4637134744568 104.32233854651662 775.2852664982016
1597.4617354286565 817.0874087320623 572.2432466415252
668.1800156579574 1504.3105583781223 278.2808840889181
1522.0762420340484 790.1081687474903 982.8664770501023
985.1432610271531 1005.4934679942806 872.8811828914255
1372.6067177622788 37.281024444954404 225.800216862606
564.8422437106537 1203.7283095591235 485.13468688706786
355.7467749030876 1713.4180868940227 317.34229058022896
383.18147110960797 581.8233288952555 289.46865691034105
1430.371224372058 1524.9677083802828 1004.9220774973915
1418.869834394288 1883.4030010574181 446.5807443756028
1256.308886640647 620.1048642956979 1247.5869083484772
887.2548291035232 323.9669633117306 95.63411795035553
30.961904395445885 822.231732438582 1186.7272560708268
961.9254647060613 675.0242412107294 807.071495770656
1184.8975348682643 425.46355839245507 309.90250744175177
572.7991399271173 1543.0141780328167 1444.2515732737058
1348.560117391484 1071.7151000174667 20.204767040209514
1906.3824932305708 1765.9119830393454 1442.17464797198
362.80725617753774 1452.098830579762 491.01250302592564
325.8371511849767 1622.1422826600176 842.304221525668
1837.743122606278 524.7372153333416 1079.4765231928127
621.4352610703953 1281.5780411363344 535.0610620830579
893.8689106149824 1803.1082227774773 416.5282611283473
817.2247633853158 1640.0808442203404 558.5015947754362
1616.6475965725037 1348.680013801979 693.6847951384267
141.62472422464933 855.0838612401279 1219.373975026523
1686.635137252769 958.6774842112784 437.96539529818153
268.7959873693977 1648.1721741965607 995.6676277861462
1012.2870960718132 761.8793259954093 469.14615457222226
1805.9201500461556 1855.1854438227006 151.67574660992116
1145.871753303591 269.5251903795235 447.9859348942016
1094.6243854150118 1031.3660800249897 1463.5119995321515
1512.1740420260392 1068.1454800662332 1448.9706841789318
654.5037481755629 1788.049676133842 1066.300337653144
1286.4432833865897 1539.5309122301837 815.58589705264
1581.5315009127967 196.3853614529947 1151.1023297531433
241.91934536686176 191.2422311861557 4.588193486578406
471.6592168068139 1310.2538054750605 1418.9310975544083
193.0012748569072 1159.577870751598 722.0049950142668
412.13017241533964 1092.332543697843 1082.5314424514627
1432.0275456199843 1889.249565862958 371.86999395716776
1589.508747862477 117.0543342502679 795.9483249955355
1749.390680178956 1366.8808530232554 47.862893757872115
244.09236738890462 631.6518031549115 1156.0790134275005
66.26296138610188 597.896613029276 694.9929609931434
1771.444861904957 1238.061767713397 666.1804881421127
712.0768683379008 1137.3512471768502 585.9193085561337
1844.450372086813 112.04878542122643 497.6153797292203
1231.0539262199823 297.1772805203068 585.5465457843064
1700.492563754664 1506.3814065637096 201.11707652707074
228.04555444888908 19.770476013192926 532.7923184432927
1842.5575037528088 58.363937322589045 421.1590266396147
1782.3846794263745 1310.1143300665049 1220.8732821053145
1646.449028595007 1597.1503718737106 66.72155153333759
864.5453209078935 751.6421492983986 524.3367773859534
653.5764430713284 388.3632126073604 434.14840390711794
1525.876212901143 1067.517322361439 240.40082692698357
89.63382693261646 1776.926477638386 672.7527714197321
1386.11541500958 1773.5418290496557 873.7538900783481
1024.431305829658 622.6988010826913 549.9907335491171
1235.4099993942707 1925.123998064625 1050.192572575855
1454.4607933966427 1169.8399773862457 781.3840911886261
1305.0252196398205 1561.4967209029905 276.31548445463187
132.66282021925946 43.20957361879651 821.4423281238061
925.3700987171867 473.2978902071081 950.6854320654746
378.2313687153147 1274.4717492442971 158.57159714377704
787.7754838925816 681.537779642652 1211.4565577634155
967.7592720638488 1953.4093521475847 1298.1856572161325
614.4907338795065 1197.9223218813795 1459.2904734158014
231.36921213645388 1300.6426833106943 858.1907655715868
202.69444310764783 769.1928720282026 1033.310558191394
1457.8669203722231 1256.2236919074096 1320.8286204092299
1768.044580963706 93.33759484185578 617.6346259493546
1750.3450710167347 1364.229430315343 227.03532472030918
1162.5237841423857 1751.4128460780305 392.34183595368177
1430.7580613209964 852.605912904091 1043.04136810744
1037.0779284325065 142.59959274043155 895.6221044618044
442.746109122373 1672.0310741173562 1381.970656675719
1075.1670670243338 320.55653983035427 701.9221053164589
957.2778881402924 645.8732130925559 416.5340038827513
182.5553964378346 1551.8059285593874 914.8807049127602
308.51086828419636 538.3083444893748 698.0651275041845
103.41966661164115 95.69579242689797 72.65361478812748
1234.3047684369358 449.6857258532654 62.03955738092021
40.023420500519435 403.50920879924536 413.02318881024166
245.67308817705745 164.35167209885003 720.2658280821196
1621.7355779512461 1450.5563278196844 682.2191213097684
1468.5179936672753 285.5908991186058 126.0220296682662
1590.3409993075911 979.4418050542699 1152.6801418373116
380.6193496112031 1447.5639420543314 341.11881580954986
1424.4515407880035 1055.4188516223048 372.546290042947
554.2326086613203 1062.349397091998 1225.9451788522838
1456.9890329238503 449.74654338358187 1435.6511025223072
959.8668362439637 1892.528682612689 287.21479105743884
1078.1661170639018 1618.115174622994 804.7010411260683
1359.3326655681406 859.6329974825499 88.25955157716648
618.2508243098856 1475.6847725132475 664.2071894823832
684.371976816074 641.7210953506527 738.3129940046067
206.12562882147233 926.4227363163733 805.395092195462
1025.6179210745609 215.4981379967045 1439.9638750005158
1022.9593706272289 920.6307315900468 824.9469433013606
203.58320458640833 827.6556172800044 4.283182434918487
26.357607519907233 1217.0579143517657 1208.1325435917645
279.4304616755057 644.0943633772282 807.7394077593079
1504.1477685774453 230.51126622308527 834.3941603989226
1565.4591447069533 216.13678202455122 844.9559364747397
1827.298445564666 1031.2413578446144 448.46184979229514
908.7900329053398 1279.5862694638313 49.83565077745467
199.8872508747369 1832.1406887871074 1048.7242664148257
290.3550562027841 119.63944783029024 209.52120846935662
1121.0368408532977 751.6947954400828 130.2810367425077
478.23827371350137 204.67227105293208 274.44798826246654
211.85881390452033 550.8964758715051 951.8920861896484
457.9469774325406 1092.0271618875995 440.9389195268069
994.9574200890803 783.4404448242935 1250.6978297640576
1300.3629433884894 1657.9888635809991 828.1283108961511
738.3226268494143 24.773920242845193 982.5189980849777
1759.0580406127956 649.8475207423118 49.90012090204221
1013.3387428428782 327.8224017608842 560.9598663183475
1009.6532966069909 189.09622347103206 276.8638276081352
1950.498433171246 1796.7545927599863 1405.8403406581554
534.126950873695 260.81438745682294 1248.958062306178
480.1043133412379 1899.5131527018402 1210.89063280911
1904.2833574271144 1557.807830192232 625.2011315683519
68.57698249776378 1093.5662122688211 1461.9197990059192
1923.3596128347638 1270.0879191484962 1161.513937815718
828.3985302263808 417.81819695679803 580.5176895572641
219.35260123895927 1191.6330415700545 1113.2738856460712
95.04906057577256 1603.4556590730288 1194.2682406256772
841.9591111934526 891.5352151342863 741.4559920000677
1438.6963438672028 151.23825504016543 99.05990835948913
55.26066996112755 950.8659253798318 303.9234115929901
502.44120180095166 1296.4491148570116 802.4154301729731
421.15234897186696 535.8870086437571 99.74021254127685
290.67253167851084 1118.156359254218 219.15113571565587
181.069353401883 1661.7446044982219 1070.3854446441494
563.9547247733035 1300.645402505941 852.032997865765
1604.281928781792 644.7625626882027 41.09479173184538
484.12895140438474 423.9840622518207 973.0540128380454
1542.7465789553657 1101.2109190455276 96.45174103163406
550.1560018330582 1839.9459160197637 1028.364821332449
1862.7927245207788 1425.3921792724402 913.1402658798436
1938.7922164718677 1740.5844827844815 514.3401419792583
1469.295119206935 1748.440404014533 824.9838817353035
898.2556468372884 1953.2164540898614 275.83391105111707
1762.2310917800341 484.7949335086712 597.4590487312141
1155.9302400568483 910.2497128020098 924.2267609817155
1856.3600853853966 1616.3582839647647 1116.6493843170715
1626.9224144225013 152.80780897951217 284.33644632781625
1109.8870569836113 1831.714847726983 890.8184438399395
611.5197577501199 1280.2845760333007 197.1018650996795
1182.9463614195931 1992.2780414359097 899.6167733344224
711.6529893328744 140.87348998924165 321.9748731479891
1944.724193996535 1354.3209427955287 345.2453015639704
1533.1498143704755 1610.4507979901798 1185.4477250635339
1204.4984161578545 228.60423784037454 800.2679398736997
574.442549376021 1049.4916525979456 286.585182333228
299.8941378524373 1900.6747701042264 1037.143334057019
1450.797223782814 1755.7338378296286 403.30994813056935
953.8064966735844 1476.6759596967588 368.5253439984606
377.9081231891432 287.54212387379255 490.35380674484566
643.2245882202853 447.83170688537433 952.4917314218277
1148.5399393586815 1067.8344674154089 442.93413275106207
360.9516435894642 813.6674533084938 1491.3281390044606
163.7340698426637 1750.779411801045 931.7213359065083
539.8303045325661 1314.330147363941 1353.1467202186068
456.1152650779352 620.6468162685967 43.98175960071532
1035.7424207119245 1250.7394463299308 365.9080130556269
844.4311524976531 166.3836668460188 1282.9132115903674
1968.5506953705162 913.6473080523501 371.1035253644318
1401.235376552316 1651.3657632981808 102.94798908243985
262.3368968752089 1451.516021034524 240.9714289798222
1575.4849083692761 1117.3953152529505 601.9351248429081
1763.594154696767 436.3028624664402 248.0835469192728
500.64709180298064 917.3159533920455 18.89264675724722
343.5087277238247 1825.1444921339414 393.7588634693822
1794.0642225007796 437.3885328250662 1464.4926407757205
1015.3116193064535 777.4257991726344 1288.6910111913228
1334.410268415013 1285.0357950638556 941.6583356851406
1047.0563320161884 1515.5659516729102 1338.8983845543746
696.9150319917372 1212.3956473381554 841.3411951236232
865.1059073147856 736.8957071510706 165.29118551405213
1004.2101456920989 1160.8641760626429 441.09931855945956
1353.6589522474412 399.53142089146286 974.3790455490987
618.8267450188323 1388.8493233298082 124.98643414009547
980.8218258500849 471.36504072640986 871.2755615208652
1702.5684851334322 236.03382784100722 945.3760875198363
808.8797032618764 1742.9393776253464 692.1674876418095
1746.2634854270134 1640.4276334645754 1422.7545416327068
1312.1453074667002 1792.034955465716 1266.8645947669318
369.860024219403 518.6472541718492 742.305614065615
571.8145566397781 1538.4250591845237 926.4771015161676
55.00274946178463 1715.822248895756 1169.5392833668552
273.2822716273358 301.70556373596446 208.06019564703388
1689.3373621429528 1900.0264527186678 840.2919579880311
1483.8350828005484 270.6016843843655 527.9039370242992
1653.9599379271083 1468.278358057319 796.5019946609756
1324.135558839507 193.06141443961744 1387.9569390777106
730.029356715292 1596.574268919765 1111.2482453598543
1618.2845030693761 1647.4640383070755 375.91122888614234
225.95999749514363 43.02719344252681 1196.842409951694
800.88056822443 1848.8931624996328 781.1258965909096
145.885930231342 1006.441559094774 729.2388311382217
1957.655921069975 1805.5558375002488 79.07362563612224
1049.1080577197617 1114.6880233855961 822.4278177257428
850.1688442603328 855.2273087294375 372.67975661351664
1040.8670212086597 1776.6123037418668 238.30466049974186
1160.2783320145556 1334.024527550659 144.75258745340858
1363.1530065856723 1664.0526782803438 1406.022488487669
689.8934926781841 550.5520276709528 1186.8142758201782
503.4207744619694 577.3469171038996 1338.6013393002238
1363.3835458164936 992.1120623103941 758.3762159747638
1191.80045487875 309.4956238312541 339.7029487196815
1972.4067582027974 1831.7259475961991 883.1084795352784
1620.849461885543 1899.4473602440291 706.7372926728201
496.83663079335537 339.6088162380697 1281.128954893597
1379.723760462535 1451.0290815033245 707.8901877011019
1561.899464210816 1376.433131953077 1061.444863075819
702.4068099316012 91.64875056089228 478.9533060543184
1678.1320634043898 1252.4960454344423 777.7653187187257
418.15140023735165 319.2644949265426 848.4945928992189
1276.2894697848963 66.51079617535238 1328.384361769055
334.434010820708 1291.8678528178862 962.5280677752476
1621.2118434376177 85.38900416163654 1383.4903961942853
228.5035193323677 193.94572768175067 1452.8299029844961
1907.887093025435 1925.8906543032606 850.482323563506
618.5983581120576 1422.962182848512 289.07041177871207
1947.5391997521765 793.5742649582478 1275.966959480509
649.461681620581 1178.136278941756 59.385476300057086
939.5279480314698 526.2505638659648 1125.1220552629045
1073.1815562818906 197.17995321374016 1141.4712738029973
963.1020211884403 506.23633394805887 1013.042436789038
32.45321535024637 518.1875073708229 198.5385815785126
1527.240694407161 1104.2248379311848 112.39554106553278
176.83125458000794 402.3198589524506 149.73409764060253
787.8352888623155 1367.889378551535 816.8064949995821
550.3298233074044 655.6617462290466 514.2203385286049
28.85240629926389 789.1045976002121 456.71253873938645
767.8030496071839 1342.3037386641347 1105.2127571587507
609.6694143720995 1749.8668119326965 443.29364720116183
231.92124125135604 1459.5268816077498 775.29568489877
352.73468994149715 882.6097212017114 317.17268532978557
1784.3370107718968 1643.7052473255922 757.0853763770705
216.8921586550223 1572.8970552973797 1495.346189913071
819.251366518766 1557.6883937336984 305.8326643722755
116.08644639174015 1654.8973990796464 1460.5037395609831
420.60288519436864 1712.418177895397 651.5283017919882
1715.20914971754 1294.989427162179 421.27218669023125
58.642060742325256 361.0066937411946 1418.4768113257585
1840.0039760518239 142.5970139118833 596.1741552132102
1912.615332592936 916.5229945872367 984.0004962246544
1803.7315091207884 1348.0408711875266 880.5082299599682
1338.8840601340573 398.93101321262606 176.31321049818393
1628.9723270836528 1109.1043843989205 514.7964117182502
244.22071993061545 1973.2359347538816 433.9072237499837
1138.6711573608682 1992.7295896079663 1000.9496525869383
1275.4270346524102 1688.6491101203435 962.7652561965563
535.4020082552576 1228.6908987029362 831.7238627963952
407.7824231481599 1521.3479257284248 167.37416550331545
11.902871790374192 960.505693533936 598.9545702437526
39.67538490503686 849.0239745404701 445.5974605200194
358.9000376102809 1627.838952956723 267.9453286992922
791.9897454301253 131.76065557937443 1108.090777872017
1476.7532352895403 1822.2009512044604 1250.9127896847947
1225.685851958415 235.86993539850187 826.2549337634101
1775.2424820303827 1187.1871165044317 1104.0970230572477
1721.6928686303606 41.55403337964714 203.92238837457327
1346.374494011193 1808.9819200550864 506.9253292331419
1283.3568171397615 36.3298889935324 348.5243685056238
1894.2554733911152 1824.7342753094715 407.0918147997642
1695.733401878664 772.7895181187004 42.35802053762022
606.2056604398442 522.7959827566198 980.8009024968355
1656.0831320571376 1950.308062259201 286.9034763538848
91.81263837600406 128.6357191707912 1299.591616089314
1521.8323520552094 1340.9853872747276 1109.284265670583
830.4942086885965 1872.0196687251255 1412.6897764616442
86.53424093022366 617.7269603091464 1248.802258808833
1842.6609218384135 25.539680525290986 910.8461937643903
8.247401897437667 1406.0921954972655 1379.51557392358
1028.5038782652055 675.6563489019976 1053.8727088931048
1293.4602301026518 330.5268135493162 1141.81554066456
1369.442710712024 1073.5550318871872 201.2887503757092
1301.4763050842362 666.926262828843 109.09015362333263
903.7695149801552 1766.2578499861124 419.1467179828191
1741.2822778491857 1334.8418109674292 1411.6669028129704
1285.708657911465 1020.9806704033757 371.6879745927219
1974.4652087866268 1994.099859796712 1288.268155857008
107.29765950429359 1030.3451852752573 521.5966838776274
1843.971643677771 609.8980877898175 1411.9854618419238
1834.7380290299716 1299.3063696155723 1155.1920393331632
1855.3532146270145 1637.9773663070434 687.8120217113759
763.3160987153802 759.5789543781493 498.5499342894294
206.53466967907684 1509.9448415921647 733.0798536163379
1308.9821857054296 1056.5816285800527 971.8213312352696
1003.4630570509875 1058.0379139420922 1230.9347376942922
104.09316599982921 1221.0519984029886 1360.5722425808162
298.4376135315749 70.89654327166971 437.92127142079966
1751.3801527754786 1026.772867520346 1263.4470608999632
15.522955175031106 182.22611782597298 542.9471550996077
1463.0187413247068 155.62835317946954 1165.9884346494614
335.12869150545185 897.8526825802662 1151.5179210400997
616.6679304647107 1727.5940026218686 1237.4394542215364
278.6997663255333 717.2480132937822 586.7533931652538
203.1103216958674 1206.3859706515734 812.71042733481
538.9099719745413 93.63348910864966 1046.4591629408517
224.66402527329788 1185.367570308493 1126.5058636710141
32.73457173502181 933.05363690219 802.2668907452329
563.3273131678493 1551.9594417449628 598.4896738760709
1632.9578389083051 755.3486494606823 1061.8345445865705
1583.2780397446245 103.23880386520389 1085.8257907080786
1424.780200449378 1064.7073203550053 468.876557637686
305.67927632439165 981.5754077158439 1237.784811356091
1777.3546949078172 1433.7093495049576 209.19473422298452
67.02852133335013 532.6580277025647 436.65900694073696
1119.9258180249215 847.3352181571468 956.0625955770093
259.6135702749323 1946.5236754996847 222.48959271988144
1403.9193400366871 749.5141977977429 925.0333546690606
265.5487927629301 1461.3876474969752 1160.9775300383938
1115.540566600721 574.6595444857809 900.6165658565554
1996.9060066616557 1881.434044542887 1384.7542532399025
691.8968238932152 775.7795192777608 960.9054800918294
1175.705066549084 1713.2747536665518 632.6865019574918
1060.4828807079368 633.9417475440747 1362.1485118894973
1039.368150226361 1763.9038539407493 1198.9736922467591
718.452887842755 1831.8517349781998 333.8643375848835
1370.617382522563 469.0758599977791 130.16229538334994
233.32178108540492 1077.8063123631389 1089.0516966563725
1142.5489675853744 193.8259435561338 19.240209210741543
479.3546843831451 1541.6033603356248 201.5269765891803
1582.3882830332102 1572.4749516902018 713.7630579760162
1232.6551952110308 1743.5665794412191 1378.0585337626542
1883.1429723566412 1613.606923588224 241.5299729090654
61.47493069177279 1132.800678303367 1006.5037126648151
318.10306329429096 1645.9664061639248 551.3376758112377
459.54611263077027 1081.2872361741656 1071.562409539521
813.2428992740366 1580.7391494008343 612.6708882734094
8.393025554431777 1896.2512604408405 251.5811901535362
803.9933850700301 1451.4451844905257 1196.5836122486457
275.98380501578237 1123.0095823713702 75.75508266747289
1593.996519184589 766.8910066059402 247.89666701521952
1343.8141695948664 1552.5028586046544 154.4047602773826
841.1473143879311 524.3874375361987 812.0058632222263
1699.6440457241722 966.8087592447663 140.18635881756057
1091.31274377947 1907.719245150812 113.04554149480866
584.2844334534665 1738.0230105200365 936.1838292147393
1332.6419613281787 1398.0848469238106 461.2336919247699
504.7843679423678 1807.6433301275179 490.30516376516374
1529.3146757347527 1681.985184900598 1012.9737679623597
837.809138732768 1203.743790994436 693.1321081785118
139.73783200703127 1659.8504991204838 912.0996089036928
1883.6726930145708 108.20034835191561 818.8074393138049
1948.1656405204403 1108.4676831571985 481.8486082185934
550.4999291111272 704.2278104168194 1263.952638001855
934.4666303812083 1570.4711016546896 342.4105793876242
1668.1471566373243 260.5167331584306 1063.8944886002919
830.3547096679627 1632.2918943462687 15.335413429428401
255.59055054649303 1485.1691510641972 1452.7948103579563
1942.104478096478 61.21470852794752 418.9430159817178
548.914913019086 1840.5761435106842 416.2750675139352
1102.1752668915553 862.0051065766505 368.43025917360467
1774.8595537044434 1724.8992016948177 722.873702000906
1197.316044594813 1294.9620787227852 823.7643824714193
671.146213581455 1873.9645508087992 1240.2149386735148
1977.3374214766686 729.9260019018266 758.5343966560011
1569.1499209965193 343.3964510926806 1299.6606855739492
305.4376163968258 1661.0898120743473 854.4514038352384
1949.5486219010907 835.4668893763424 1477.071188036277
814.3477298998309 783.5080808349952 1235.940179960272
995.4365000126402 456.55412069551903 417.6350846821778
1217.6950353449433 1225.516918827522 542.2277874891339
820.832421241422 208.21103687298947 1058.7710890579308
1399.7709364002262 1077.494057356877 530.564013173629
1774.335456309176 1676.096359800175 474.9317896236949
1036.8176655362943 17.29909962741627 155.0622956722636
261.69565124158487 696.5138715723793 1072.680739466262
359.6387270227486 681.1323784657209 348.3217579418863
1046.0430573285425 657.498499179131 541.7397720411253
203.63272513374443 69.95009347116432 1353.9772135618457
1780.1087802788336 1207.6164845900066 884.5245345964255
488.2808169472939 1690.4790837975447 1366.7721188991097
414.3679105972522 1667.1072620265902 77.27226604267312
913.2173049637158 1032.879312001038 1047.0565361215777
460.07524536113164 1118.1891910994857 498.7511474763363
1350.7783721199821 1143.0626454565793 636.617991158006
1554.2445592252975 429.8118594966367 1194.9108720056345
1941.5121806509069 1299.8831712953538 127.74323315170122
1529.733486079073 1712.3679028360195 1128.702157933169
1984.4027294502037 1304.0304373291933 824.5113239623208
1868.7336775556737 1054.3082282931937 241.29580056470655
991.1272323770926 201.4015611378046 778.6125830084202
439.34317887714093 984.9963896063097 389.94561500193686
1935.5872738309529 1821.1476621109716 206.22668546055974
1107.729293267765 1361.2109172538874 422.59507986732797
1177.7693867609462 1885.872174496395 700.1120602589041
967.8159413214171 1856.7673796032693 415.1454170624533
62.484858259474585 71.60571504131275 118.66883052533129
1227.5370195444054 1924.1421231672355 497.4374873536967
1422.2291518481345 1568.0627253921605 1081.7071948060686
1608.9697180392352 1816.446503864112 876.1730495784834
131.91783281611436 1697.2237264255587 437.78894024423505
541.3130858578168 518.8652641789857 1104.5498217998363
191.31133805151012 1713.8015486934817 1095.6253562503105
361.4328157825244 531.4604827097276 732.3628369862982
1774.7849824513553 297.975496030674 1127.5004540612122
843.5989657632474 320.928089877585 497.61448339097086
1379.6789548418042 729.4970466709045 1148.9826221483984
1991.2977215444578 418.9040820383194 653.9613417567194
1614.4067560232388 90.80228349571651 1402.7443398657956
1716.132342151785 1680.6526390366355 1077.844383288966
1494.4200472188145 976.1851420033661 563.4021932699205
601.7801641629596 29.01629911534598 1425.9894618646158
1607.8226930548303 274.27785185569167 818.365190795231
1872.360289786117 692.6163670581149 1082.7186505173647
128.95255717449382 1088.9098991122144 386.5517702768826
1824.5732922674133 406.430036073832 488.46040981521946
387.3955851977855 1714.1703411577512 567.9197906413158
1876.6252224240507 1642.3473633181495 60.235972818309335
1130.6865815532453 1048.835384864144 364.34740074481624
1821.6060018164253 1483.4273318176702 1054.44700538216
422.30188014711035 1420.9901904271096 196.08305099925767
951.4265757332568 126.21304186877325 100.7941630318684
349.3780573507197 544.3333956669827 517.2487451142066
776.9834591864757 274.9228996923148 941.672706853395
1332.317251381754 330.3244330652362 982.0535038549411
1197.3132395286202 1590.0193280204983 1316.311622981986
1337.6423269410038 1462.7354149126033 1024.9667091550737
1033.4913989645634 1552.0034532097745 134.35051839209345
791.0636772400987 684.4646432114034 554.9677063335063
893.9134736500978 498.1173530838852 414.6723367735907
1564.5904367188327 1916.6303340095844 390.05060392487843
1933.6474622994194 712.6124760640562 889.671716816412
137.96415514556705 1995.9351233472237 941.7104972294202
1334.6497843159934 1028.5664889463965 125.74630962025934
1007.8430053446541 1039.551169154735 769.819735991622
1850.9683315831635 1402.1164462701038 1101.6823322235161
1628.8424856483734 604.5020595867256 907.3328693909133
1576.6135436855593 1124.7054672559277 693.0682977538061
1120.1111570787762 1568.8887718125357 1240.0812560057382
1782.5493450945548 1516.0116894767946 895.2668839882067
1168.8717250778457 1235.0174662510872 674.7156692042564
1834.5238046531485 96.34258756500147 338.4391445608816
725.0567689972178 718.0131362860651 1020.4249740313231
222.82787292314433 1275.697104716165 1125.4372250927918
1441.4289128039145 266.7390902288869 1425.9749570819133
1544.2084589193141 683.683818327839 392.6881062277866
1462.135269284279 1837.1338503011348 1171.5637952227055
1656.7071122637815 1185.5843548205082 469.5965216937629
1238.5452577771418 531.0465584359719 649.2609277045144
75.63973275996294 995.8453420935903 647.1935926693034
1095.48680693776 612.473993170876 1164.5698262252313
627.584914683162 1352.5858474187453 697.251354786955
644.5812672290148 1590.9247109014368 1418.6245042093133
1287.562365490857 1560.151063080704 637.8381525402906
799.0076622024569 814.9801514376301 449.5410499913946
1715.6546769333413 1915.3003865898165 1245.962336356525
1666.4432402229784 910.9313751435033 795.5616197620009
1021.1718131534791 1655.9114130219816 261.64770987456257
1137.278982853219 480.43661551839654 519.0603728371389
476.1516637000043 198.1114936494266 1071.7101297882007
403.13543069811055 93.24275366345324 1319.349961177614
573.586046458955 1657.1100671503668 205.6223744548349
1854.051312077799 904.7731016407477 952.4436149935482
790.2324877630864 1621.6992301476898 1309.8815382832652
1273.0899829799564 1338.0179531892213 1239.8867875714127
1658.8051716013788 1949.709447340418 1073.26605357934
1105.8678208311974 955.6005083657213 61.57823479525021
122.83270912322774 151.64503417467733 119.61932358719285
601.6270974194515 1043.226725550245 1377.8304520240458
1359.6358463350875 251.3113523351973 1373.539981067799
306.9299784900219 924.1851848918436 495.947796055437
1692.389211711869 473.4018331407677 1355.0423741507755
1583.7842357922086 1675.858884981718 1445.9485267871344
1282.6603942546947 490.768612095817 271.93944677087444
1837.4836418301377 1492.2790471662158 664.3080582700928
1444.446962257828 1098.1344485075952 77.09351860013203
772.0684647436913 257.2702448486153 177.48464490590155
106.27638295303154 1992.1278919369329 188.03964656940008
132.49342948503883 1808.627413809873 903.8416331260039
25.27859409290345 320.0714474119752 1035.91164835221
1212.8372982695164 1931.6058083245828 358.11922391833855
124.33633078483864 1931.5389044342774 1013.9802168104625
749.3964537129714 991.3836806864375 1186.7364112782232
170.17888874310128 205.2385646876549 1286.7133746598238
1087.0306331751206 1096.322905609566 1315.1437852676208
735.3950447919007 1966.060771918635 293.1522970616732
1682.8277635992854 1205.98101674811 1067.8253760093278
604.1150014680312 377.0665733465708 1073.4724095201013
1414.0026591061826 694.0783192836191 56.291888738584426
38.46966958992981 1691.5207025631264 948.4189357878867
500.52164894434316 228.26875829650572 858.4150841668915
947.098781102601 1786.8511594470315 594.0243162504762
363.1329617067431 218.47435625187427 1102.4978268078664
1472.2418200408406 375.32816636790756 1333.8403294456016
1827.97231217533 1474.5863532277858 1299.9732740453414
1574.1903501290628 797.8236899364841 1478.4045180719427
1438.3553695111461 278.9156276944218 1333.8462840113239
1538.1275810654645 517.9519610429264 469.87289741406437
163.02520387452458 951.3305834180004 873.3867272443805
23.963813366822293 1545.9419735146328 772.9691007446611
1537.126531025328 1802.3973315885428 1211.5615255995967
1816.5251620873098 107.84183263529256 176.77309609307707
120.9216548985037 1284.4104919166114 290.06260495391234
1076.0853083448085 1115.8587586633034 372.463786843003
1509.6708231434545 415.8392084188511 1153.3063095606663
1838.0035582791588 1971.281699354239 798.241703363408
235.825778304827 129.5674447200992 372.00359521640223
1306.7703759569251 706.3844199118496 1179.5299854042705
585.7642313407447 1737.5887002319084 963.743009315664
788.0646076808031 820.5037970250946 348.33892376924854
1487.6530979304462 598.1723523713633 1053.4178637758432
1214.35501405614 1775.5214182814004 1224.5471951060952
1625.858022191878 1423.845142964728 1345.18933699099
359.35096268436627 50.57834342264034 1228.578553507918
533.5763668386957 1642.9147617969084 644.337916315263
