2000
1364.201888339544 452.8033032882024 899.7659327050666
954.8106730427081 883.9765495414923 489.7859688709241
1161.6246436418835 1039.2889793376232 738.8529808489411
1068.321657992714 923.0196746869059 101.54675233051147
845.5834588673059 1021.8673501881872 816.5730431282129
657.127238726597 1568.741258784133 1323.8288447660545
1384.0265731602458 830.8420684823805 2.068469191576383
738.3950258922905 1008.9498574278093 791.4436004353092
937.4125161703795 663.3373050489521 709.5295886813063
1202.168313973421 968.1825925587684 1098.8979897753197
794.0321796082193 1034.581338494688 195.80172752685465
1250.7681778578533 602.629893974866 348.5464026533552
1149.1648379471649 939.7883229333798 940.4205754025486
901.9149167745782 1089.8638296115664 745.3644198163782
659.3002403152118 943.2507061093678 860.2585555083527
1109.4681622431497 1211.9427279537688 751.5441534301444
1397.853759648511 1296.0581594172077 213.1435629519148
1175.4642312237193 1507.3585553854566 766.0605179927509
719.0347089632206 1306.2230756695171 1380.4951126481717
896.3144158754824 503.5424150204446 413.8420966511219
1074.9711414811034 646.4970993240274 1387.744830034801
419.6588602637885 1431.0227760383063 336.74477393350566
1159.218873879795 1458.2384811164475 898.0054398093454
1019.4992817253966 1019.9298909482574 30.107922138343845
988.1738891111562 540.7835164305948 346.41131504756953
996.4663810696849 607.6772642220956 1398.7747825789759
856.5764931260688 918.0491116440153 89.41769863830906
1210.2541092915553 1180.332001843302 155.5673070718402
990.4091385127231 1282.8984978745295 1100.788284128472
863.619022634574 827.277632646443 443.46441294963023
999.3677649404485 1205.4398209301921 323.3527083373731
965.2328771069898 839.3484361422747 1010.5356627079324
1525.4253693321662 1047.9717802299797 946.6768777093881
953.2594642721157 863.7837266230848 1386.6585402488029
1031.17133820547 704.5336916637373 1137.9865384044401
1003.9374408984469 524.2064669243562 1096.9910875695325
1224.8134774215544 645.5396545324362 559.7814935313114
1165.1602014256628 1169.6047399416768 741.5457173465707
995.5519649845927 888.3389889711897 1411.2190409426523
1221.0347174821152 1242.3763462574439 800.7610143796683
553.7157593457548 863.8022324570525 813.0978944562416
1177.5878881765432 905.5089510339405 1458.6088717264397
659.0167729311006 1468.2443382609285 470.56014904407147
774.05525250859 1002.1908753320481 1147.2245343013776
910.6991993618872 847.5831333932813 1063.389046066724
995.8177435474946 539.0068795883238 914.006008633062
1464.655534059841 855.6179995221303 1012.8039647655437
1172.5114805339672 943.6307792145695 663.2498021516792
1214.8861578153364 1068.179996350008 221.58854007947605
911.788221167818 796.8769330383495 576.110685802087
1197.2088953486748 698.7493639206197 219.79573134214343
1167.2025501847354 830.2185949660261 1348.841385174602
1531.7358365171474 686.92028397842 567.9616831051237
1213.1918980183334 724.408435734915 380.95957266663487
684.9058980428372 961.47466623912 191.68906784399925
993.4252619854739 1164.8559075210107 1233.097746617813
490.81949779481016 694.458190621802 811.8472726723572
1180.8021101743375 1329.017746552629 41.7491689085519
1187.3272544029016 1020.2550908934872 96.1775837937377
1113.5675497168274 931.8270675751664 368.09411842836386
1472.8160615868994 1050.3525615979565 515.8667838274788
945.6820665771859 508.0531890506228 173.13673656654188
793.437220433528 809.9987924875859 633.1686518143581
1028.703288708699 1491.5419263480987 45.4214269729809
1263.7222655890616 858.7433675687644 1236.3507692667072
462.82073678580355 1057.6576587475247 273.80923481002736
954.7595665941648 997.3757624892933 222.79966177729943
1197.6120842383204 988.0383263099633 659.2421817247917
573.4948400698162 796.5953465145553 1248.5760131168317
1286.7776507796884 1329.3804686276937 755.0314362075989
706.8355480557202 965.0534365323474 840.6122946781772
1006.5526537708643 1055.9667231544709 726.0264856307774
1059.5874077221486 600.776904715527 20.881163441563324
1045.0665376791937 1036.9049665313364 172.90347240048726
861.3493600294871 1504.4525746029599 851.5214960043917
1329.7020942670374 1185.4804735556452 339.6766353904751
898.4447975048137 1061.9268239889773 1008.65011536898
1011.4800420473895 726.345576167964 1284.345990076506
1097.6965843796804 621.7014481831216 1095.2273518355653
1324.2100740362077 1362.6365119565235 849.323131250968
1124.4168007675457 974.3501946370596 608.5106665917416
975.0692098480923 677.147243153987 1406.605250207052
1002.397892427799 1405.5511372907615 123.08666324695483
1107.7097777841236 1387.5731229805986 307.1321709915329
829.2689323466485 978.0324894113122 91.21907226927667
1187.2591614851835 303.959653302181 1230.0964641588491
1415.0642459807339 1344.26949975902 23.573818914981615
575.9324026566742 1406.4832080293656 1410.2919581878336
952.2093557818858 946.1869370629895 632.5218510681312
713.6824961655809 1150.0716942199679 1355.797368807283
1112.934937662585 1241.8640259322474 1100.261715955761
1135.7275925956408 1207.950747349236 1137.122995576747
904.9125773028434 1261.5110891039362 1175.5849510907503
853.6580614101159 1049.3499304933591 183.6506657885477
626.7759510979779 651.9817266800835 512.0351293716649
774.9528404963971 1042.5706902508184 1371.704543289207
643.94648032441 1409.9465226317698 766.4747284690461
465.98416914074176 1324.8574060872784 964.5792708894771
944.3757007177072 1137.4511984993344 261.27545148140865
1052.7157288283877 1358.905522571121 1260.7453213880506
1189.747573580071 962.9546250270072 881.040127082103
651.931463663909 1208.1845528143506 773.0643751696778
1071.0768164078936 1242.2593709206221 290.329256840644
758.1927687652444 759.9982058839289 1312.3604797533376
1072.5276179574757 955.0304209212652 514.7990097954211
750.418385248925 1286.6456840092046 250.20310495192132
950.3634989972121 1189.186245905748 353.96832660264175
349.7637605107684 852.8092825096209 1066.8817637020893
933.6082179418181 1105.3276381120147 117.42871165275604
751.2290166422122 963.0916986872428 452.70929127746365
445.9545275219741 618.8921703979381 598.3735824812527
940.6771189009177 1352.1447693167336 702.3270834512638
1418.3299443764072 688.3379358778304 1371.633847474045
986.268786228114 1237.3450421805708 888.7696259370069
1334.2798384789962 1240.525233753049 1100.1709857924275
1146.7860403246877 1062.231874692527 690.5557018294238
1033.3221592873192 931.3206876766747 1025.7158278088193
648.3646328069551 988.2672425505764 205.64202262848679
1280.7673382063003 796.9147987859907 551.1290467583549
929.4339523626586 1021.1319689444008 790.8272611170499
850.8416413458507 567.7479975587589 1491.9089567523617
1408.5813126698442 1579.1910333768747 1123.305107048119
1018.8750873535753 1281.29103110882 1030.6340530990985
616.6049295850747 1015.0738421459405 904.4662374067103
599.7406050562131 622.7964827828127 1307.918967635699
1073.4093202167987 662.3644469548026 1295.6749531430055
1079.9212890412698 1274.279214658497 1357.0700107677108
1066.8284924206264 1183.4856997007537 1396.7742270923154
730.6171707979374 877.6895280808147 370.52445435557337
625.2644268104771 644.5771119395079 1199.7503985785008
1262.1425465064574 573.3256758905875 1273.6100149929262
784.9849845210116 988.2046760991514 722.8613765757179
855.4672283722399 1148.846638436431 1438.96757469504
651.8543257352453 1346.1702034876623 955.1698752283315
906.0030417630571 1088.2560561980201 100.16960532757851
1622.6748802497577 1091.6260760568498 1342.9657806437394
1218.0385887822874 1028.031668770481 1200.8666918629854
1406.2697990384518 1131.0105062918426 389.99450204848847
1068.6289344269264 686.5730965239575 1167.0837983837519
805.1799878941003 705.3051707262805 220.9034925520224
864.7431025821204 1121.5581559559082 143.90066268443246
915.9957172805994 1349.359727521905 1156.8243069083342
1057.363801309616 1150.0309662313196 144.31857144332778
1096.4485211006604 941.6554968023923 385.0330970926061
1456.1450850124786 1053.6517185594162 28.55117108751182
925.8829308171014 1064.1178359567814 1120.5743146479695
870.4890471720445 965.7633796869437 1224.1789994959865
1518.3562207595205 758.5413003453484 1039.0302047127384
787.8585482756524 294.4828575047337 315.53000107759425
1058.9982936328672 786.1347823497466 611.3800077932668
1043.45379770551 1135.8915138240945 1325.063911849417
1394.8120955622892 913.3437517125103 214.79709496046922
410.9395672220096 958.3776148802863 1393.5665728725073
719.3831096858298 1152.8373248681205 86.11368792466905
958.1111781000521 842.3679387774149 325.73836723428275
585.042182166245 1116.4482881426711 910.1715688212281
626.720252003601 844.0930862098618 1361.053639041764
975.3440949236376 482.3577936132464 1243.9511338600119
645.1207125280589 1182.5455086331704 969.1357446836248
1712.8365602908602 907.8480242746982 60.66948450286763
579.7422032321297 1313.9666611928594 258.5210145063248
865.9940721051803 636.4533625483596 110.15734103086156
1421.7459094954024 891.1254512569989 1285.933671090869
966.2986805913313 1342.3235268387275 638.8489818386395
1230.8589448478303 1335.547182949296 226.49545994656683
989.9827725875324 735.9521301553432 292.75271643482347
1000.5862502038342 1199.3885294353843 153.2642019534009
1040.090519864966 1210.4942795593934 1423.4841067919508
824.0380969011959 843.122102247323 1297.4367951074712
653.689093807588 943.9998469299695 1272.74736129093
768.0054759057962 908.241230923149 1426.4454047935471
851.6048673446787 1154.0814873253473 1307.6780930263587
1225.7604347446375 992.8060358911547 484.46827223585495
1366.423782959606 1033.108297205912 633.9630272930639
823.10101935733 1326.3979721945793 1308.012778324986
1332.3719245516888 913.2720908949292 1471.8112825454964
1203.938091545369 1072.6839294163 716.1591235759197
907.0050760419358 966.0799166367874 1306.1404255777945
470.90883661108217 1212.635327617836 610.5945507271146
1083.3178413251633 803.534022018888 1340.4747216697335
1254.0401076333296 694.9050591215329 752.28694452092
1021.2491151175325 705.1065449674713 1141.1672779050357
917.0129269893872 1031.7297215595315 1220.434041943375
1106.3885349519978 1398.8545542606143 894.7891035982315
694.277471167137 790.9957557832965 894.9420997484527
801.324106918137 622.6072581660031 490.2213101252737
323.4428390290668 1594.3313737553608 639.6601584159364
1014.5079618208542 878.5987518798047 735.3048180993231
1578.2144241773954 433.1286039947647 357.5159612050058
1183.956610633972 816.0514741967958 837.7555249348794
678.3472629545538 816.6639844123538 1072.8190378547436
867.3357267330632 1087.0494047273035 297.6113959372416
639.5849987235696 1284.4666698830874 831.2480325135814
1488.0082047590372 1393.8836642727827 726.334351995648
1375.8790162610976 831.0449741347711 1030.5952586193828
1258.170485666151 594.5329317165706 1266.3539634693027
661.1362071425054 889.0722191896847 689.7535594616536
1049.1807123462152 1084.5530358082874 1432.6583313195183
896.4590858230795 979.8604014219911 1.4802435009431125
889.3685106515451 686.4813399356135 1491.5671557574751
1062.9722920183226 1106.2141464502795 1150.2414895273328
1281.6797817659701 802.9404033154315 1201.6904545692637
1161.0478588198844 856.2577623152753 1306.8216887955455
1010.949555026499 1216.879754614801 1101.35019504736
1215.221173225613 910.3665903282458 741.4409712876617
888.8748832452428 1258.5846525190946 770.7939753469717
968.4345155114485 1096.0452417100757 1294.894149524293
1170.9219124732404 1193.4431768472616 235.65331818618802
1106.3932159303736 672.9001850309335 422.1374604772706
876.9813484028176 1061.4254650032617 1179.4724549587015
1110.497445824247 994.322753048779 776.8910164172821
1399.9467830265264 910.172104919104 1061.3711092810647
1054.0359969183041 789.8849354383651 991.3746755000575
1262.8780121910909 1240.0435320378733 1261.002026088015
1262.7052631389276 842.4577639988836 1400.0074328009187
815.1776073964928 969.9212691760531 760.7360446459588
1479.5701003227132 851.7200124525867 504.656626192806
1299.7914200766672 1171.7502982503283 729.5385499228992
1355.9100921933368 1325.409306978566 145.40884687514028
1088.1015407370576 1033.1317966579907 1490.6354678833684
1178.832028046936 1047.6856201502078 951.1599524417114
1066.6276856191048 506.4957870376003 234.2380066169385
1004.3293584346127 1176.4244041587117 1072.5453472748516
1100.4933116669606 1204.8507366309366 504.1583862890618
1243.0819736113594 817.9735449692043 1235.8758521448206
1144.0795668726362 1243.8584210132485 1180.9315951760595
1206.4826615606596 1154.4073714826175 1190.2904382901409
1215.754649648401 901.9941665247679 35.91478323620939
711.8885964052381 1322.5227925672161 229.46259212034832
1625.7933459774395 863.9288112044825 164.95352648859213
860.0498429516717 725.8532098816474 702.943700169558
874.6831680935705 1293.885111382919 1295.0181288919082
511.31789793688085 1294.8507615988426 476.0427981837082
956.2388912172232 1562.2558117364315 874.9835473327922
917.557925541811 1126.7251045312285 228.65790744270942
927.8724347165028 1013.0098370505509 1382.266946404985
968.6567838238398 1497.3792252538576 591.4255594594389
739.8668773788943 739.6526118595604 381.23255400697974
900.3985203237938 1095.668245343349 990.2331044563786
1331.600640247812 1259.449107912269 734.3429362713274
885.0276226502668 1084.3138307032389 1049.188825045313
1079.135142085643 1031.6897420094253 133.76238272503426
818.0230481365963 747.2380996457796 446.2337171192156
474.8006716572486 697.4136178144425 1174.9085533317816
1283.7653032324722 969.840065834483 402.91384329977006
943.2357525647261 1240.241046736019 264.3294569320428
915.3447423685961 501.3585710040417 869.7079097906055
1001.3051450786971 737.4060014649078 92.34373931044088
907.1023281288134 792.8811740898099 1268.9968372204974
676.7753637960689 1155.291906087205 1114.9250058174302
1258.931874598192 842.6842994246488 31.41530031112161
1340.9348155214618 1118.6158574951048 646.3320162356629
936.4667395451933 1113.0910288068844 168.8905221396978
1127.3007159916476 920.9150792696372 773.4362595240309
703.714384634581 890.7091017082345 65.19787124901549
970.5563117529553 643.5216583609113 35.393397837608646
833.9869988017231 1026.3326156209625 394.307093582808
1032.506499613645 767.5970548537531 1265.3324682452223
706.4996859349451 927.1609211745904 894.6037491282333
1141.8774992904835 773.236971089963 757.9079958365771
979.7209754590209 1524.45007300811 180.82115916619006
790.8427725460991 1100.535684186072 1125.0056260528465
716.7257506814717 1041.272176340908 1232.3992964624717
1048.181440134601 816.0006002775705 665.0300602082214
912.4204066248333 1215.9829871688955 1391.2074789171054
1152.7863133759568 1233.7884659125068 749.9063651860173
835.7584119774674 839.9889208292078 453.8252965165821
1087.1659739942545 1548.5609790061972 644.1566476961302
1095.1716589165378 563.8072595201488 300.48657312142507
943.4778528795786 697.7899091620644 135.4405459804127
674.9426136710244 1045.1958066355633 1082.519810822928
978.0703375186043 646.5137378356317 668.9464522398663
699.5639685187755 1043.5997711692119 959.1214536810678
928.7878012562485 1137.8727564513501 1008.3982214927009
600.9002910961542 935.3012895673829 618.1133003597665
774.0144358371249 706.7923401629739 849.6623830398436
1011.1034522870897 1275.4389983603885 653.6074171953613
784.2041644657329 945.9262477696371 1278.3839299548158
771.5405606900765 1072.7628740030593 804.04980647605
713.2660915170109 1216.5738168551843 926.7170419138026
1248.7936356185476 918.1506566473566 698.9770756229726
627.6508185275047 769.4414950666282 1282.1961802638357
1143.6886853773563 1009.2590757343252 868.7877544020399
881.2067869230254 1024.6465249667215 1152.176725066495
928.4805001497882 511.04590750403116 1404.390636630549
1620.2740192388565 1348.4326367584204 155.0800073985985
505.72255747044284 1138.3773209758401 581.0786753874982
818.240641018734 1024.5791435095307 84.1884070898442
825.5979689559272 907.6265826368355 1275.8621868388193
772.5673668128397 905.3459831117182 979.0670525436137
1341.150099645426 970.2853263555812 1166.8341357692475
1087.9730679985287 763.9871418800528 968.8932620886217
849.5042912967947 980.4449628045608 705.474632322928
1538.6550668645682 1189.9278745158103 447.0278988429121
908.8977199993273 1174.466253501691 1447.1691346950754
1295.3735588696456 860.7252139698047 210.2166785224573
1228.2410020271832 1116.028671744399 928.263422375751
1409.351589834844 917.8647904305243 1070.889806462226
1124.5427085810045 1206.287830215785 1205.9678908690153
513.0460794414649 686.6249382443602 774.7868210447052
1014.6850374194215 1056.0033464979238 403.311665532983
1207.8089763711841 607.8554451340418 332.56816044304804
1006.6200585611411 1315.435009160729 1353.728167467968
844.7034888616121 1181.4976145640169 923.1373027588711
742.7740410981473 515.5740028282592 1253.1345454128902
969.029861823275 556.3760349482811 1196.2146882830066
1151.752448777827 1045.972003411971 478.0198212999925
1003.9821669020171 303.04732670422084 1267.3720588120661
720.5252953603081 646.6244576790127 930.1013564710496
875.5733501099421 1101.2350013041935 992.5872477240292
928.52181955389 1138.9655686509345 1010.8427886706945
1068.9270475281558 1047.2415437467243 516.5617301911138
1233.6480734514707 1315.7631930810394 1474.5375541014844
853.6684549144078 852.6296697701554 315.1679233730197
1327.9324942640621 943.5948192452803 1144.8137179661437
1406.1683916441234 524.5489032942344 379.8576169690894
956.6839508228331 798.0544199394412 1363.0773020914492
1081.9955218596433 899.433430510774 961.0938450148672
1451.2649455432975 1131.0058706116515 424.7270297798965
1327.0824589052804 514.5828353488627 1411.2994019356033
1329.69975237582 1182.320799215542 918.0192230574123
857.1233388113033 900.6073319111377 168.3516381312371
1205.9550791616416 1147.5395898927163 66.24160683851937
1356.415533636259 793.7981926465666 1022.0436929430429
1102.63621684432 1076.1118084083423 796.545366662186
1245.6038499287224 1057.0518026896368 37.81978925029977
1091.6519574421804 1121.8452540540602 916.2742149542539
791.9716324275405 815.2412232262366 424.4338191066365
1188.3995963115635 1030.7321575218853 373.7405534649028
672.8041492426634 736.5345164490338 1356.0760989156356
1079.9703258258792 636.4820090356657 512.9374336053809
1028.4324513665183 1402.071315461405 411.76575984193124
1193.0308725849472 767.4064435967587 1163.965889611163
1110.536202084026 995.4216240115069 997.7386820041282
461.31857967328415 994.6488456474084 86.53203420039046
1163.675643323956 816.4441675909674 1492.9051045142269
1232.547041194283 762.9587957275173 714.7654765094007
1185.3622423623754 933.6258147556539 367.5549172399189
1037.071143139935 665.8813008617175 189.4761199299036
1142.2710539214784 691.2713335962578 943.9174406210103
1101.9958557372115 996.3049179245523 365.4723155280453
1061.5089762150685 1099.754744947485 64.22779592209544
712.0945497060823 1006.5339990372861 137.7761380801649
1000.2950815913621 1220.502882290949 577.121941597369
1217.445042685096 744.8688586730882 408.56209257679905
1068.9155584264017 975.6378601548303 587.9818086880797
921.9717232722128 1634.0740127866657 187.59372806110375
1178.1662199599475 865.6187602337577 1252.5249992288682
846.0014812285492 1138.0399856237145 417.3179294525783
1053.9453179995867 831.4955904663243 1279.492523323415
736.960378579268 814.7554172976309 1263.287109268932
235.42575251245728 849.9928158473606 61.96506766730686
924.7620862089927 592.8910106027421 528.3466114954911
1455.08341759736 1116.4350839527863 1329.001101246638
945.1532272924272 885.8469355235044 385.4282334171071
908.7313655296573 662.894194991896 1277.5405353918727
1032.439067053221 1085.369347059653 1109.5833013724373
771.2786298053093 862.9178216703331 685.0381169526855
1552.2254703781969 1041.304416522112 183.15375480054828
1003.6203918682887 967.6502840592489 747.8357845943826
1517.2056601725844 678.0251928468078 1289.8062861992942
1139.528056980841 1214.329406088575 1389.494915177521
684.069651577696 1254.9991737725975 651.7380782731543
1033.5627749577852 1345.125765309469 1464.132523237638
1343.580959630534 821.3794982426118 652.204561234549
1048.475983250182 1336.8309077099711 7.521533981592388
933.7034958100481 1192.2694345168677 1358.2167086160916
901.0537696449286 1083.9868331928253 1196.344685713327
704.7449302276087 1381.878179945406 1304.2190865595157
786.4841678994582 629.9254908854587 778.2872634582279
796.5466927474515 961.0015444638623 1388.2765757300783
1164.1927474490203 895.8337663724919 900.2636376685425
1168.9571403313603 669.3392185338214 754.6731304520439
1280.7258221406555 281.2560286332748 826.5946878264483
1099.3940617774103 1410.547017316176 491.68204802039145
1191.2126203786895 1241.3881409674902 671.7253003953396
1255.611158055726 680.8489716889871 1435.232460003391
1101.3452261878056 871.384129816192 1121.5045599228172
1372.5345295048542 946.6552438962441 1491.7197142126
1794.7671695151437 1210.6544416570298 847.4995942745302
1009.1135882659524 824.7359913393757 28.946605010717107
410.7011252573392 986.5500426450765 730.3278757931761
526.3495849743549 986.5163158064769 1097.9747596753496
1020.9713479139149 1329.2639069783463 388.9054601879238
1101.8219462174802 809.9841079084272 1459.498790644312
1080.8573390360352 1064.1771089254992 1221.348888567746
1161.1442013829865 1008.0504650540463 1086.7933459771111
1202.677996291026 973.0151767504494 1247.2023849897635
833.559541383082 1174.003086018026 442.2207726396472
738.4776980338995 777.5539426226973 998.1115634067218
629.6034140759382 898.4638195401072 1261.6792781323365
922.9681615062532 890.1256130432799 1182.0536898093337
1121.7274660328912 599.2246924351364 480.1705366205679
570.2236323654371 879.730738683435 644.8406888592784
1463.4801529881324 1015.8526957369908 26.003616683812403
688.5113512175553 1184.9223753030428 280.78188492931906
1100.8541982620973 693.9375256827866 1016.096276167514
1098.2972587753704 433.70675945878656 1146.3120212735025
786.7252566425273 997.9708564965206 516.5251223157181
1264.7895519042195 1414.8400693033564 13.064324154189844
1069.7678822454332 1279.7250167518146 1263.895042476668
864.0817525667759 895.0496571764108 1155.7135410270655
1061.9807629355587 1324.3427797919446 477.2530865140949
973.0142335624532 1229.6126926212603 1439.0112926018712
441.1611692328777 1410.7052398741898 743.3416594673287
1138.4889072895853 1123.835180933967 639.9817951824399
1271.9400132098153 514.3663959346917 423.1653991568998
1009.9117003366538 731.92449614843 548.0582669045044
819.3256682227411 1247.95688417605 1002.3720587239986
631.69578137606 1217.5196580365184 85.80130276125858
809.1456621730326 1078.496117002188 1320.528797780766
1247.161888068722 716.4360225751566 184.15862384918964
1375.2817569962895 1196.9674298920118 19.479846106275122
1017.9682522878464 1190.0472907643016 694.078126966984
548.5025313237913 1209.6704792674684 1467.7034143231754
1255.360679758182 801.2637565496657 808.8247687525432
708.4409591315887 1146.5638763465122 1302.7472454828528
777.1087031299751 884.6736884204166 1343.7610888346
1386.5197635585128 1493.9589311478528 873.1193030139137
1285.4296645250108 1519.55271350019 261.39743246768245
989.5163752499433 513.3956960769874 1417.3722532122376
1110.3970979705118 1080.3833873108204 1425.955480619199
1480.472833044655 960.5848631088809 1356.9122938890491
832.22323974196 971.8467898036822 44.224276832176166
727.3377679209087 1145.5353025304178 853.2942501552626
996.704444822253 1499.857196617725 792.3443871529429
1058.689164809805 1279.8726016969554 1273.7815646596869
878.0664572387387 1246.1838828907376 178.96295077182822
1159.6533393496256 896.8905066152439 37.604275965257564
880.0369548591913 1322.378238809805 589.262505305089
1109.3780647296976 910.2423400842509 1460.2214575915875
977.1039432934881 799.8862734077554 989.0395159722345
1073.5159893682803 1234.806478061478 1348.9467744898484
1292.8299684482777 710.1511994110215 301.8418838900771
820.9473516401888 1225.7705035515924 1048.1149814905016
1063.6975941842243 605.1844223081457 15.082517542851392
1348.2542015125352 645.2856767255591 1446.2631379765735
577.9742215943345 1059.826114005675 808.5968084045751
1649.7444148399418 1050.4210869892884 14.302716035925423
1169.352955541307 703.0527210864433 1086.2911312436956
851.6610594994811 875.8390075217776 1128.2476812307318
883.4924037702103 1183.8435285208684 1375.7524317431491
1127.620570321175 736.4924213952265 1254.7025427314936
1162.0182016951285 1411.865054826076 936.7494634538408
914.752554467393 800.1862013487913 868.0584360176265
1333.9593159849921 1132.0408201405319 1132.191475571168
1408.9022260659133 1392.2451539425783 242.19634588127985
1211.635843882477 1120.9538752948906 1153.2457377019132
1388.9621661366155 810.1336322197864 400.45078592804066
658.6266683059632 1183.9229553548385 618.4745905524163
1670.888744040446 1263.7741020366511 1010.8238142099386
624.228177273843 815.8945275295309 423.251966436038
484.04414586671487 1153.3102223624458 1310.1362214534868
1235.8252598755132 982.2726983348158 232.66843118057994
888.8584268384155 949.1403935017097 137.86077214114923
872.1505792560579 1030.6702776453667 1160.991056040028
744.465857248143 1500.3063659377956 888.1843356468855
1324.1156437955024 1151.830441755953 1240.1264753878575
1249.5974220344463 1064.906800032821 942.8020006944349
1417.0828669291795 1273.3516016387018 1067.8600077803683
1379.8244858344435 878.8241951912836 222.20203193490235
845.6109488132626 613.6077659560283 675.5790510993684
724.4936073228924 582.0585725563905 820.0662174541047
1077.585185598494 1219.8590554331183 1397.013297437506
958.9734203077286 1058.259871456574 674.0961321992432
1260.8670971261956 908.7189391992899 109.43132115360783
1007.595700998658 707.9747068951776 108.15803591947775
1109.7126349380737 1087.2201124659678 198.30941694923453
632.348400147056 1112.0829884653028 1222.7842468549338
1132.4137799696418 1322.0327184995926 400.1969631588543
1129.1589085835749 1072.4031458829627 579.5542747890755
1193.3158129329206 1242.62059743941 70.27858620669537
1061.68971251216 933.6616842088961 1326.0297204651492
1197.0583161903087 1325.6516643036061 299.321857916832
1602.4995362820482 1412.8204464221365 934.8051757589573
706.3931461638722 963.7148290631533 837.8248704909125
1071.7972051254044 1336.6315089937684 1431.7905234618572
998.4195400811565 1147.627289198269 528.847094050817
937.7570198359398 847.9941850865868 792.2866240992734
1434.04211542514 1035.5538789635946 1299.991224475114
1075.707878262927 540.7234536214553 33.497820018385084
879.8617647836206 651.677112977482 371.1977786379656
938.4274442461485 966.2584166549693 529.5270261162464
710.7951700418607 865.6907096313212 777.6877670869982
1351.2496208753078 1276.0077608966878 110.11252268428457
1137.3528201403133 891.4161936048238 352.7134505844009
1318.2241259335929 1042.907143836012 1142.426894102288
946.9035588915385 677.8626406166601 658.9054485309584
307.80304809826066 1213.451196216784 924.0348538108931
852.6903636437113 1532.0313403264263 549.3015800416011
1067.6563811227443 895.4157719456065 437.4162677406099
1012.1427723174027 862.6123477231977 929.2916388155812
1389.3438134072273 1052.077154370063 1144.3416623413623
1158.9637384472164 1132.4324444150243 1483.5267729693219
861.5840194099196 623.9772869281898 850.5404380474848
1171.8260763324724 1146.76212601121 14.35521622299396
992.3335744243775 1335.9507259502184 1049.661528805556
1205.0691012067407 599.6932194693786 213.82856191538892
1076.7157165828849 1383.3850423589317 291.04295828838195
1188.1603745850916 460.5996238773105 337.28554908742177
929.8434286391862 946.885078245404 17.982929407503455
1103.054335662845 557.3367394591545 946.7542747664148
696.0117271996126 630.8838291248162 890.8504956037622
853.0622433713696 1133.268069505421 1407.876904649986
874.9030224636476 965.6945219070523 633.8412161704957
1247.7045311874047 1001.4408613522 328.5915035561513
1131.572606863019 772.7432547350419 783.1251301487416
1066.1519032344077 1198.6171315434933 604.9195594968742
949.0067220432618 1254.4660712495809 391.4196782622893
928.2433481423003 1166.292222114695 842.374641351567
1300.1389566800522 862.1611696413831 1240.1177109287355
1191.0605301521532 861.6594516288155 631.5759034510938
1456.2877068326056 1028.8665970228233 1289.8633910382355
989.6931043789316 1288.6632047367793 827.8234505859153
760.5701380447863 775.5354893768927 186.96806227359335
1287.493581314826 720.6626676665958 937.5853902676739
890.7655795508231 1043.6483172889302 185.48319658161782
678.9809597051972 824.903449554566 452.4549154702891
877.2823425805933 1012.1942856563466 747.963429288416
980.650699227395 1009.2378800915823 117.22975860571155
1226.56033170572 1227.5965623379016 1494.7196101606094
914.7020024538023 1012.7879944954144 1439.5545157450736
1330.9732458591461 1007.1537782415953 1006.4307724792993
1264.9681866249432 826.1097591765314 622.5066712676272
862.7883370846055 635.8816110486064 3.7870494020497136
645.4263667142175 944.8997996106159 864.2992066675936
1078.9583878971432 496.56661143854575 1372.3360377762258
1144.9870748695002 978.0132935125933 1189.3616612842086
927.0717486658798 1336.1239912012754 1141.979912931792
771.4890424321402 915.6460026606587 946.7028245312109
755.2090182042955 1044.1991493181988 454.81481102859544
921.3554066585893 1273.2808758383767 882.0601319984451
975.9988611893464 1198.5623734190053 1326.8346577138664
1226.3908600231118 1009.8305243953043 1014.390305005852
784.1292369632156 881.7133797912555 1386.864517063187
977.7704592432412 984.8818504242032 437.55377371672654
1143.4720764102676 1145.3442400673825 821.4833818623703
807.2593945117454 645.5002364207999 12.585193400030171
1292.9718545875949 729.0546980454635 318.0186399969146
484.1514705322205 1236.5064503757494 48.71257301232757
939.2101436596731 1097.5980997689196 896.1032580520593
1049.1085838849224 1134.756477465991 1094.7268966577806
1068.4457522940647 1077.9636033983863 998.7648709498422
974.2217217101215 1368.2850189753376 1365.097543455357
789.3197007547143 919.5391201286812 597.0068922598002
1133.1098365506027 1094.335005282143 1180.0638536736433
807.478585572995 1031.6380400614773 600.5566630591491
1075.2393842388517 1057.5115539004182 473.64164298141816
1067.67767062559 579.4669050821587 223.66875188324852
1168.4457371395351 1201.5963317394028 507.81815954798435
1322.955522935519 955.1998113068132 1133.3851637372325
1138.1116438262895 1369.6733865359113 512.6527532974126
1067.5014395404614 761.4368327908326 388.26206893177203
911.5237359620053 1215.5193623369223 1430.235746047328
887.6549345692874 978.208539039142 271.6284279972876
708.5720918466585 1054.5408924358126 364.3282339752386
884.0008801621951 1520.80499676529 12.037664501666711
1197.5716780219784 639.0158280092871 41.3000238844512
817.9961796312533 1011.0341805719544 1442.0122772985553
1618.3864880667277 768.0976410757739 385.5469087762625
921.0354685538724 830.1026608431636 256.1045069585505
805.9282352690666 1136.98188947029 1294.9006025481467
1162.5039296771943 1115.5473006095679 1190.7882481226077
1127.2093309327117 994.569251866459 142.98105879784285
1235.3996750274655 701.9490848162468 551.0144562145297
1115.9034099854987 435.1157531979035 1226.2384535838096
544.5517386752952 1290.1754441330347 1321.9291209162357
1090.03676786698 1031.599285173014 442.6932928487172
1340.809889130705 1034.2364396519279 317.26303970329917
1269.9047881334986 904.3487153850698 275.64908940291906
974.9395184429262 786.7879023597985 876.6488844093808
1354.846410592465 1044.7943950368267 1234.5888065252511
1124.7197286722305 1258.01430581162 550.3561399897088
908.3213447637586 681.97007341634 2.9905552301338068
1197.955123519724 864.8691852936571 957.7083178288889
861.4378189053871 769.5314206558255 155.11752202114826
1203.6039613761818 1468.6224476028478 632.5227966090958
1316.9768329018746 979.6846267636189 922.0602566802247
1187.6413887818394 1247.4929773535266 817.3560619426657
850.756408334641 595.0868307387644 187.73619197183612
1107.3745088027827 885.5474553775814 159.76707568677844
832.5825054296001 1272.709035244183 206.82705730604772
1012.8313663935617 362.3256700265132 1146.2934629333608
1301.634804082331 1095.6877997307959 1266.4355727113839
889.6255208445165 853.2454365979364 247.67752651425818
750.1858294223181 709.8119444565766 1184.2719718070045
1417.7140899604838 992.654196444582 646.0709291855852
507.2483171945438 488.9776544398786 1405.4488621932314
935.3861322591798 1131.7585165800053 1224.47931262647
1237.3954930781274 435.1456727092626 240.45882570973905
1152.51442689621 1083.5901143433055 1116.6301486808668
1243.7461802896416 771.4585112556824 1029.691662748099
873.0495195062263 434.09114375241677 933.0105174397904
785.1794637672386 877.2282454359266 1327.826708311361
929.3194443292831 1337.0923179593078 99.7410690717081
671.7102783014413 1147.8971001522957 1024.0755038464295
1038.3009360077476 1047.1784461304865 560.3908771201287
1092.761612966538 1195.4675589295384 731.9021719470688
947.6386238601805 716.1830226029631 682.2462062912774
953.6998371680363 1235.3726848024153 1445.1626645188253
1305.388069401954 767.0686374595676 986.3196479685799
1066.597123835862 759.4930863004643 1220.700814823287
810.2228847904228 549.8636239925308 73.10020818827157
867.2136580831425 1100.6625900098625 848.0831581390713
987.7528420024822 858.2614550333852 94.04392855653614
968.6888257649507 1042.6755755791787 83.43078775883316
854.0149487981673 1332.268031343208 1009.480744823299
784.3066509172755 1141.4273756573375 158.88923242037157
830.1103125225472 1253.8311994834773 855.7273524869705
1453.5667195833419 1218.2860366560112 1381.4068613474985
1101.9847332661016 1188.9000148078403 1356.3024295942303
1102.9223239668447 1135.3628350564752 249.45169830277075
563.3706589044446 1156.311701799077 1155.2159914737251
1074.7011931138115 892.0566766316056 535.1675747749453
1199.8345083433974 790.2120359015709 1121.6120004487166
1256.9732683408567 1470.5936629239147 1335.6281910039106
686.01723648293 935.9741314275872 56.76789070945948
659.7381613496475 792.6937094739758 226.96766685873976
648.4749797405034 883.2984677752406 599.1796337914182
1434.8270672301528 599.6660902992281 1494.721137645686
583.6925995934041 788.9526605528806 297.2258282482594
1356.356640406022 1108.8635135480092 159.39489367308562
556.5981368364262 911.770660688149 799.5672669033455
1259.4733401983901 682.048505042118 1388.8765195619383
904.3339842576167 659.2790242578374 608.1967365512537
561.8398721455977 945.4999111508813 455.52242736655853
1018.1721889985588 1107.087859526512 1080.0426840092575
1263.3825256233176 809.1600677074331 1258.7696768151204
954.9104806978849 1285.092519764565 1156.6872161168367
563.2084995043103 905.478495078619 1243.213760283191
1368.0572232472532 497.0695760273696 1438.141881653283
1137.242084361508 850.4223166191913 1233.2575758862265
1364.0624414514202 1242.4925815958918 1208.3819604695693
1051.131721508405 907.9324618112182 552.736555164818
520.1849727606894 652.0481768079085 514.3836025943941
813.6074250601016 1168.04317590532 741.5263005923757
1066.018139920584 852.2446874696906 15.48896396734689
1347.9361445873471 816.7402233601766 854.9065195664591
1559.933111532253 1042.3044286333427 602.697416375173
1031.7575547704646 922.606786077494 1431.3690481844437
964.4291199061287 1247.058991518156 1234.045377664428
762.8697153830888 1212.6131503948354 1219.061346582726
1215.2533980696721 1545.312504326463 153.11776576896375
1119.0852872836203 794.8187832695933 635.4702300599355
887.8897517003718 1266.3312754406911 914.7475231107579
1359.9896727062958 1290.384463413031 411.8783405286353
956.7790442023245 993.705781853797 827.1109727093816
798.7861730024607 668.6520814777256 1248.1541172004502
983.4414365068587 1051.9206904763864 1020.9835768252246
1024.4998204828717 627.6971033154473 1464.3636330090146
851.4246186391705 849.4713635009691 418.157590379992
1144.2688775732927 1118.1140169708542 415.40890340494167
1425.9374821497108 847.3994629073807 521.6058681145178
1567.89884266519 989.26206346548 403.56112407319495
843.0462170224943 898.9098674340485 1157.5966383231987
871.7276610101588 674.3669671392798 394.5283742316836
589.2399225437778 638.3864210930622 456.8496074791973
1259.565485008211 1010.9623886225608 1456.92694704166
1088.2006814423585 1199.6292741243478 1157.9629708653733
1128.773924249422 1206.9858178078016 889.4694761988626
1086.9672193042436 882.5774399349875 1252.4690003643477
799.7361197505948 901.6012617206139 496.6763913232828
753.6198037110182 1063.1793982468048 103.86761008252776
992.8944731775003 438.3689702045232 376.15284087368866
512.5545503784697 913.5820912192116 798.9081151899654
895.9413444723324 741.9329307594215 1447.997709710423
844.1313112604107 850.3648164549188 1375.2840063245692
914.3999351138941 1020.2128166860267 878.3230629713661
746.9860931616704 1250.2999972743764 1303.720185715763
1412.9144435477483 900.271109028667 179.79105003383
761.6905233404818 959.4358664259025 769.9997455791012
1329.1323046901307 890.5630088250681 1193.5468426594848
1262.4567520849491 799.3216693027002 584.615199821311
1521.7398635666254 1390.061365096342 1324.7528946677717
421.7301788820819 950.9639151972909 604.8538282292459
1166.876252694574 1153.7159125572196 709.7599373235896
1798.6378180355919 1260.845520998758 209.92457924481167
275.20442678063137 909.3041414449831 1221.9321081635803
597.4346605493006 1136.7708913839347 1078.7098915261122
1199.2236844256865 903.0748703010928 580.1411549135822
793.522021334021 1081.6124112975272 833.0062594308864
984.5053233176795 1281.0640072548954 191.47548109592998
912.1004466886325 886.5494605745878 1159.3893728254272
1149.4769186224944 991.2525160878282 997.1445569991096
863.9912816768049 702.8111811288738 1356.294843076458
935.3879259567373 1126.4367175759567 849.4139459406607
1002.7081127320788 894.964456651492 581.4357563912195
453.5684569695852 1356.3059655495256 428.4271144319986
1226.9785506904348 963.3907316199654 18.832667216114096
941.2996374489403 1209.4816627181344 732.1141183023839
1165.8168568720102 1286.0858719034409 1345.3088722662492
673.0864097934707 1579.11458448116 1296.722870672444
714.2022872639443 528.6291242153412 1474.9554049268406
688.3994705483733 986.926639000775 923.8786862194347
699.9333927329499 1259.1906712629502 1357.6111454169486
1114.3303673509802 1224.9799056436448 523.7384268886284
731.6808219954829 961.1034524981122 842.3971044866908
792.1305222948428 529.0215032728531 937.4679587795824
1142.7054581367015 1416.050268281348 828.2367470231057
1194.3861301153272 1357.5667601600726 1192.4309352229873
1203.316158512079 710.5174882074277 210.0198385287931
887.5076093457164 1059.8029683896634 1235.391942559133
889.4432344089315 612.4462229624503 2.961404489481956
793.9701010428613 851.854415540884 1229.4662451740269
838.0778093524473 1441.8163077496688 696.7786603157697
871.0808282685109 615.2425368573685 580.4659134334061
1232.0020097414374 663.6086044067677 1005.0451899175329
1025.627046066471 789.6144331170113 1231.617282811164
1176.953407762185 925.4853583407494 420.96837236513153
1111.225225634096 1165.664542055408 727.2156128283692
568.455411968397 715.2629034066122 788.2564425329094
1367.6541592919898 1301.4609189477337 1448.4923624585515
939.1670406755675 1009.5618438539647 362.8571584077507
878.2758830070757 1052.3291440461282 400.2210998681401
1472.0965367189922 1032.0001731398493 1436.9558873115589
1219.8187723865096 871.9676997106104 809.0060571951661
661.0394522605274 954.7150255666396 377.5758886596351
639.4919251663381 1199.4776211481028 867.6962320568664
776.859505211778 822.9525635630827 1039.900698606284
1549.6307691598686 1268.1753401732606 144.81938293088686
795.4346982900059 1206.2494369663607 140.84837781342026
564.8398620843135 1353.8294475395578 445.5297879014259
1175.2294870443254 1394.9236593097205 693.160256459781
1033.6454186250799 1380.399922093229 0.605377657229289
964.3205359610165 853.4720121972052 1123.8370518796298
804.4742771762938 785.3821389176044 1321.3861773718681
839.1136349751545 1452.7852858872657 1368.641351049537
1427.1587560281257 622.5690657119333 902.5888294210915
899.7349308870444 1256.614122458023 1243.6900058274332
1170.64306368176 678.9631293636895 1471.0817630615459
1066.5970399577277 1561.0238054483098 386.7138745442267
773.4641265763751 796.28140713727 934.3734123061688
990.8738392175106 1049.2237548812943 360.5202826070022
1136.163733335161 972.9118803075008 1485.4996555135644
851.0020032293271 988.310684076455 579.9912490056852
1002.0089042949971 1170.902587138256 277.567537881695
1591.7567229954993 1103.0765981356192 136.10758874495443
1348.2154804825911 1265.8633026338384 826.2371783910586
1031.7015155691722 969.9021906859006 1035.814504215449
815.7553946202554 570.6422967266556 840.3018282474216
1122.6110674506692 831.8603645224338 1032.0313436830684
1004.9135182706314 1251.9446233655558 1192.9881026519454
1021.9985128699166 875.3272158343274 1247.7267831682175
1432.3720379956308 532.9002557763863 1247.9151137240362
1002.8289848675178 1109.1002583556922 139.19165967959702
1025.4178616509228 1136.2793834950921 449.480725982241
569.8080794192772 1242.9145143435208 1249.0505885954735
1223.475290212837 1066.5217965752133 580.0685142682611
1111.933826387535 1169.113434550957 574.4436013392971
1020.0576944671251 906.1765498099427 1322.9450672177811
1030.5881152200727 1206.5174042391284 352.7038378190482
1145.7133894468823 911.65608646905 760.3123983364924
1268.2104611099865 1306.415336162052 974.3567003403869
897.181313398371 1184.2198979556372 1139.0477585028827
1022.730172398436 1240.363611714668 814.1938280181718
1010.6891731785229 699.1664434526883 917.7253667147432
1100.3564825406395 940.2954945050782 311.9652277233249
1136.622679767931 1075.231702064376 513.9398686657562
1159.555523491224 1023.3662824414903 411.75390058413694
1019.4877006732528 1125.7539474667217 964.1486479597628
1467.7943209088498 1348.1043484253132 1417.244124051511
789.0301214357744 943.0028731993311 1126.9736230079604
909.0258833837177 854.8994838124838 1152.2322523757562
1228.6930721312997 679.1763785724202 800.4688393903177
1287.6368477666608 874.4516486067384 1137.7416919752204
766.8116372167988 1106.3578256363417 596.8956798969714
926.0335343738392 963.5554954256079 683.4806417348366
1026.4466460461222 574.8534792985305 300.64468636804577
923.9545737171238 842.9048084848845 198.5720040814507
898.0614812157979 300.4909114022173 805.4266139928125
1023.6976488933124 1057.3192176199793 679.8725822358723
870.581579717216 1050.6410626659022 687.6161896800921
694.5535395319303 674.7755489716093 1146.9037144023373
886.282607094143 829.5089561506102 50.265979536298964
1027.6817732540087 732.7928908828712 471.03384798872827
1292.3716045841165 870.3918238800638 181.37156636411055
1333.2115009936579 1047.7701889943282 1183.7626926806795
504.11658166765125 1211.6970270711022 732.6886293867719
723.6744231212024 1352.115068522501 14.88283227745063
1011.3053245290818 979.8999766651575 731.0140392918678
684.3617409897286 893.0741073136321 1398.7684879645176
1205.7586898643863 944.9968607733463 604.094174497831
1024.8685193014658 953.1149177259075 459.6619740707546
827.3923864123653 1189.5605649057013 239.27733810713536
492.2447761609594 1101.8920189859812 847.4703687074979
1114.656998846231 1061.8275854935441 305.25968585249956
1229.750143518452 921.9675856879467 1182.2229433646485
977.4028927970116 820.5387746608108 55.90800856943595
827.7013896748115 687.7619306760731 789.664274285271
868.7576704883477 1146.2105655347032 855.188177857439
1315.8841088776408 1214.6169104810167 832.6629504232083
991.1060125262887 1360.5818053347089 1411.2942398049013
498.4412504135058 1173.5773366152066 1297.4205620089288
531.1617471745998 878.945693018672 1485.6691685669618
1172.459274208021 933.4176081100868 1443.809742564973
1042.9762674173537 627.1195575839245 364.86316668240863
1147.8290698978533 1242.070657510647 1099.0158267088466
708.8325309777415 870.4673503099959 1349.0393553294116
999.653803152987 1165.952558344633 1260.8709904034947
809.3575116988989 743.6103115119499 1264.7977060968094
652.5187107000818 920.367084211258 61.70174150178398
1119.561295808967 1046.2627390751713 776.5348395503627
1448.0093876117703 1502.2482432598633 1203.5532402863466
909.6543283118615 832.4192809360519 1298.208585114853
942.2170674963493 963.4459068261511 855.5621990170256
669.1663039735288 749.7470511675496 1204.203735684643
1203.5790623351877 793.8425900053746 1151.9958146166894
1279.3695222655501 1057.2061650235632 921.8655681743776
1288.4873255916955 714.915694384748 1368.9695586147084
613.3333837801285 778.9944349272128 968.4286468678001
1096.5334478474695 1029.604331536771 545.9856697818665
1171.69536171398 918.9882073363444 650.6662289482912
741.7919917503636 767.7994211081278 200.33532435105218
1392.6703119861963 948.4269789939622 704.3157426000997
1039.372183485807 903.2861705125111 49.084946241646385
685.0787361477871 1406.4944148832149 348.05917131153933
993.6785674540419 1066.4235793502423 926.8492715353008
1082.173948063561 766.1527993120924 319.3345370032486
1234.5722959073255 1379.9825159718816 989.8372119367516
780.8914359284283 779.1683389154819 207.66983480380435
826.157123477449 928.9772739910097 377.0394178074985
1052.840950096196 1037.9633257589255 941.1289012391434
1256.72193734093 617.8448168630708 106.23541481499821
1123.8682485947566 942.2424450888802 1231.0381858038281
997.3263673556089 1032.8152202501426 1201.8615208698745
913.1157815913988 1235.6936908552473 411.56521505804943
953.3388394472314 914.9640551601892 1285.2787763558283
1119.7109489832217 497.365740925909 1411.572314510979
1116.8086563395627 1342.616652608325 1291.5782557379107
863.6419724913529 1365.2361708059675 972.36819186656
713.6612368470799 1121.2852747263685 282.7530816906535
1069.040724643697 1202.2404925217606 1185.3357645777855
1108.2065178826147 945.2254214150594 70.35733697413899
1143.87383912266 890.2529536796237 1481.0087484330963
613.160142358736 1397.7381146833125 1081.7856018141858
957.5264794043399 1276.6600651368744 732.9244100884741
953.1693853122915 923.2352927554131 885.7399436034111
938.7685825787378 1020.2710109181564 283.1591918560571
916.2313044361373 906.7370084579327 1479.763594742526
1223.826817296275 1089.4392851617547 1108.820562587478
1057.8011920373015 779.9380635538047 32.38033930629069
634.8141778185229 933.8268325829968 1453.6687599915147
1217.7058145497772 685.7758747319484 860.9751706720627
1478.108932705476 529.173544488445 256.49459039234324
695.3413714479746 888.4301056197518 615.311231808733
1248.7701366261308 1275.819768454181 287.619707377529
945.0461687139407 749.2485535243884 1375.226006109651
1171.3779747368 854.9128044898434 564.4720683698067
1229.57386000917 744.5055909100148 6.261356610031021
885.717771480349 971.4866969933224 758.6736081477156
870.9230302670157 640.4788575140019 754.8192178641943
1263.76110907118 784.282349071645 1290.7649641431203
1165.3915203384338 1130.7104730853648 196.7118463192031
365.72458276291206 614.8494376792074 847.0159336005578
918.5785212676409 844.9223540554565 226.66494928672572
1062.6741846321781 913.7821004148491 1111.999978995126
893.8647042788332 748.9841053053773 2.141096213530147
1031.0379444253326 921.3045716521249 1148.8156762730835
1073.1572837802194 809.6432896678747 300.71627108863595
862.8317911948071 851.9242628298252 707.8543684377928
771.5088015676677 1567.9841798965995 364.5266533373953
1341.269724825145 534.6448160341133 553.0361779850746
703.6619330492497 593.097463821952 481.0828465131104
811.7767886807105 702.6444900120375 269.2923688479485
602.2111167930595 1348.6722289108777 568.1790110381571
645.9258954995471 1303.0937814326262 1250.0378981137383
1304.7054328111312 496.7814895200262 1171.6126614397947
1206.5229499157574 964.3984808500575 92.39461446826608
1121.2084972514367 808.3491074731975 11.015705725102576
1179.709322921505 1613.9496152625911 336.2611180256754
994.899904529288 917.3074408515013 971.7899001210259
898.2111617090836 927.9264315986198 439.5776236802641
822.2136516891521 279.29300613070166 1059.0202158460281
1027.5098541467012 1002.8231434969599 52.55513557826219
842.417454249374 1007.1819760372301 810.394165327689
1264.1498198275497 732.0183606421514 1342.9124926047198
661.5117732565768 1164.767943785136 18.471836290126053
1284.5713055742524 431.95753854938005 388.4697275903856
1022.2877378036211 1152.317442571962 737.9009632636006
946.708090568352 556.6363794307293 1395.378196807477
620.7925254032932 803.525930944362 1341.640832500618
1573.0057648334941 623.9406878069292 1337.3104728718763
653.8699627559024 1256.1381281381477 1168.4766399843147
1059.672991545074 1482.6908978839422 1452.9204046690047
581.5604975601797 1131.6211249633411 1265.8566693371934
1204.0694294823525 1217.7186291271403 14.904196181662
1526.2259058245454 1244.2334876461885 295.9451647116791
1406.2593739667282 663.5436518321994 709.9063742707672
791.3988281247161 623.3206428557683 672.7720279341139
1070.514387084334 850.1017975143072 853.0273415901547
1253.8333321685548 1051.4138483551078 556.1657606006614
602.4911894974509 1194.7369281084166 16.586368786729533
708.4162125934388 1537.4842232215997 1215.389705635243
828.4610823405985 1205.8706508823457 1046.217362302777
1103.5945968071364 1016.073691273823 1452.663211081994
943.1816544164058 574.2816672240125 932.085679767417
1147.6701781120826 813.4003187809899 247.4139116626191
961.9221848323839 1314.7041683252019 1233.8620180802354
1048.1317307973354 938.0816350553893 683.8175511329426
1050.4696295114384 1127.4401770397715 814.706238897766
1217.783324812045 916.1849566900862 1087.4097972279142
961.0514703941568 1653.1741916049768 365.63836774855565
1213.664585753318 354.92011195607915 0.41441153685617405
1054.5994178226772 823.3429238412484 531.7004718327754
545.0508522376871 1311.388150356285 1142.17804859033
1671.2883852418831 1138.9208079948662 962.6195862934316
681.6155039593639 726.8361527014247 1160.9692335700947
1160.6039870593238 1164.2778424644562 7.250803284741925
1086.1588275255183 1453.819045612843 1275.5383939257451
932.6713421227637 705.1468876854974 332.1507647827317
1283.3982460881625 926.3307970386797 684.615605158979
783.0440591911624 1272.1874214021032 1312.98719144738
967.6092889405854 860.2835637425884 1219.5962731835596
842.9128977463042 1065.0637600125947 559.2012474539688
1131.1848445188325 906.8335054161307 172.00382730834795
1048.3100825084828 1435.9331268621252 441.5034658402966
858.1295428431845 1233.590953296875 463.7032250552461
706.8285911643798 1321.6717516337962 146.27073283427427
948.1378259750549 1371.6678080564016 1431.5889610291067
1210.5786889292601 1055.878827600146 883.3631644238586
1412.381538861801 1072.9014945244508 911.9883080742712
933.4856262879705 901.134279917978 1299.7849887989094
938.1227892263528 850.8857808694422 456.10732909235975
822.8277629471963 1189.1408452854228 921.25239375688
1213.18967036782 1128.269361803166 479.375800465533
1345.6504427246718 1001.7359537356292 64.08336076809695
817.6268266266773 959.2113642956556 566.9840316018639
1191.7943468610458 830.7145346741338 853.6205811704745
682.4241161433612 672.3814716584286 1408.7681176012784
1065.2146572909949 937.4961120066536 1354.366928016834
719.1123350987879 442.686989494283 1304.8024210874432
901.8908376832073 1591.5568704288848 1455.5988935141543
878.2487782253461 1238.954008543572 693.9924292203267
937.0949757640335 1161.746811156732 486.72683524623164
914.3798994008076 1225.8131640562383 1462.3728665358694
1318.5243015110145 1058.6037419008176 1042.2569653148569
1078.810224663642 1285.016823955535 1278.6572869956553
640.0537504067288 1422.1619955058043 722.8681749034488
1549.9350977832216 933.3766558359034 524.2032646657038
1128.7822795847937 1126.048090070577 298.17480501939497
1054.9406902106302 1202.5874614702536 445.331985829016
861.608162699656 1202.86854623881 1180.1309843700253
1063.5054448394183 1031.221687243384 1166.832786439523
988.9979732313393 1371.3983287846677 1094.3012907724958
823.9001331339209 875.7015778164231 1107.6551468056132
1075.6552071779804 845.6350628101081 744.743307769505
994.5537275510836 1055.6000811857646 394.78597492395596
1047.8354946658171 1011.5534065237598 643.410524772434
846.2145860818774 1187.312262957878 1139.4749326149376
1042.813530376724 971.582201838889 259.2648116422744
514.6402949749022 980.1023784337364 1425.9469502290963
1242.5986708061503 1319.0453778998376 458.1588788185904
699.3815595116013 835.9070673957038 1378.6599469216167
1378.3160254453828 1021.9640556869153 1205.8835539136508
567.4282897077321 691.2416042119155 70.88756666124863
1166.4565305846695 775.2003689254173 523.0770775489211
949.6490392436998 947.3381509547069 771.078156481962
684.8152613371984 1034.089620621904 1340.59925510016
1128.6633302794164 653.7531072174697 1304.092357408723
982.9385928494298 1206.8292969309298 1380.0902457431978
1146.9142826359907 1018.2754300435757 910.5036922326412
1008.7091999793192 930.2897452770483 384.741962590243
858.1551116297745 1177.6476278094885 706.9517410574745
1008.5535733211475 1188.0857782285852 216.49673328574187
924.7483733966031 861.1129862228179 213.1734171171772
897.5168519325208 976.995685737215 680.718091078775
1257.0344038994626 848.2467171664249 378.4401805923751
1075.2888002242341 946.2903717095 1237.2338864490293
1227.4019229097642 1231.8170883314294 429.88042319924995
873.3769778062812 1346.084017291313 807.7280048522799
617.4833039565783 888.9931926236429 490.73055844489875
1113.809406117015 1464.8412104037398 220.020692180465
985.1523594216502 1143.0073836944607 809.7847415350036
1002.6002740969058 1301.038235484168 1136.7237514631117
1027.5437506100043 1063.4418514470763 533.6508549808103
1132.114963897271 717.5406761008381 372.45121018175007
946.7855798619129 1109.260317239826 1458.2034782636767
1206.9861237203534 1279.5500556041898 760.0352427375014
961.2214180687756 440.3163969107019 130.9588022556909
782.3266717411548 1000.7728783938485 1136.8093195347108
1239.149073028758 1506.2184749638027 220.33130800052132
786.1063832214252 438.1785839735295 611.6591494607601
668.8885470854959 698.7344855315574 601.5349716947762
983.4749719452436 1360.278782257264 552.5726233619732
1183.566886229468 956.5571595747499 275.0262169489153
673.9086948151021 1013.0997979475937 1435.6671759131193
1123.5141182599366 914.9953453159229 25.63189442780134
848.1904163145414 823.9619047966659 726.4066999602342
555.010296284156 1214.7091082294492 867.4479563050331
1453.2227807802046 1107.0232320154964 885.6749735461774
1148.9144821549291 1024.3639396797548 1136.7320966601699
944.6443642228293 1327.3762954860902 133.5382278233203
823.3516910178255 1327.9565718864847 885.5851355266441
1033.800173818961 908.572023442368 872.7263716805721
1083.7899852400694 886.7069338702084 597.55967535788
667.3584979691267 946.2319630626296 327.9253700537254
1160.6475658679076 234.74891774843127 1240.2454763060275
1136.8639961588676 1081.7091030502468 114.32181501559386
911.0986724803328 1150.812010000703 1301.0372776709683
1093.6236825557785 1105.7376531070086 1171.3112014295868
1227.5033398475114 1522.9650398727108 586.6177915355951
1000.8711387147893 1156.0950950412237 1072.699141089381
688.1304192604341 1070.505278622187 64.8438445675451
1135.3768159396607 1384.0193205901544 1056.56739425286
979.5720989884243 744.2861458608767 811.3033419702251
1204.033194844778 923.2553113379571 579.6513137716494
1142.090816451407 620.9370624301804 5.57797582204933
1241.6246190307475 1171.783117532476 448.3224105292321
1285.2493634518344 1369.241701111975 660.6927450726114
1244.3895476936934 831.3115274025942 229.83135626283908
1020.4253494259966 1183.3187263106438 1089.3072348660085
1241.5516032314126 1253.0037388011615 1027.4575479723464
771.428071919896 1252.3891740132035 494.07314323345383
1355.5110577058956 1097.1532478460308 364.470965522437
741.5227479895435 1151.8010945549393 1411.5659127824645
1351.3350247204448 1311.0580030033798 168.96546570014476
766.9988388858357 1384.0302437639575 1264.46338368213
556.9540131965847 1047.0902575174966 480.308429415346
717.326896310315 842.4266910141955 1076.644127229003
1351.968324914557 1344.9339478331613 1077.212209125302
860.1172656100073 827.4287940937509 1001.2790976075261
1313.2494464965625 812.8052748434491 1235.5930476887947
845.872733544011 1354.6184133652882 675.350484346044
894.8537770810931 1127.9697011284902 1018.99051928084
652.6662102674989 915.1014495119418 115.15376317661347
977.0590223080659 911.0287791635242 624.761313198442
1268.1162425226767 890.7423868319345 1499.3699595901628
1163.5406780204999 1026.985583819178 730.3732056237642
683.4488327181659 870.3939564172894 235.06021368068963
987.2752109731525 1265.599859812058 1377.8924258124055
1001.1159801586133 1105.8352699600312 764.7574300736374
695.2067905355094 1084.516650144921 311.99970830941345
583.6169552259271 880.2014854375512 1235.9086855207947
913.7607270399823 596.654782370526 1014.1316146891231
1023.5308886924462 934.7748927952241 1022.7877656356819
1203.4159089119862 842.3860078971478 1117.6489996459204
1148.347042825728 951.3273012339149 165.04154593268444
891.7855678711187 1212.3048845022386 960.8605591488721
859.6370937071177 649.7566497170989 1102.0407841983617
661.2654721908893 1075.8893957269054 121.6754203559458
1455.4906704399655 1288.196009862533 141.69573766190408
1087.6117060007866 963.3636101557837 407.8773544636669
1260.232945467684 1492.4960815195745 252.5791086809909
650.7808775340793 680.6662545575256 400.52384878692317
1014.0641785605031 855.2594685994924 193.30242772595614
968.0133491075527 798.4162596914929 1124.9034702211943
1135.764108010213 1205.1163910549647 41.166403026590636
1088.6680392964668 934.8898100257128 17.29780877071957
1428.4869576096132 929.5879619188762 866.796782880929
701.9432606416007 1543.9648171542349 686.3091098746015
972.970108392659 905.256236414948 846.5517210946056
703.8371308404155 783.938537702088 1179.455350570065
813.8928056724978 811.6432956015557 451.6182496009981
1134.8983107299127 1272.1162263727474 838.916394861633
452.6528032990868 1043.2887831809742 726.1208313960351
1064.9104962525255 848.415952851178 604.4590226367173
1390.955513761965 559.4178388663313 889.3998317933123
1095.0693512473351 933.403934792892 47.266999842476345
1404.9840643342686 553.6583136987703 1251.682114972926
1177.2744686061055 884.717398732315 1332.9517021727618
1031.7657985249677 898.2055942230891 711.3124532973579
1580.732083765839 886.7423187253495 1352.215326919299
1169.224301906567 726.5992521573457 625.559166698792
1160.3109436515101 505.85518397026493 82.55287154080054
1351.0940997010769 1406.000277959919 1108.2233507510248
1200.2342750158252 538.5577232625144 1192.0961311172389
844.8278825376154 1422.7843790304007 449.79180429798487
842.9975773326144 1021.9616726416227 929.7871639778442
685.5594477798321 1195.851943234973 284.14862712197174
686.3853947854302 1077.236941315621 6.0224259137971465
1555.0291366977012 873.6005943922324 411.8880163399463
781.5105282924997 905.3427085686045 466.5338721209165
493.70280691408306 1011.9760303618633 310.54986832211165
809.8056808123373 972.8440793533135 1254.401119444503
1228.4503475413312 1316.3596184102266 1486.7863401378356
1167.6113090899794 1369.1105878574494 1441.5188590928626
1067.0733289037935 990.0660868076383 836.0212570008711
799.9199384016172 1399.0923217656753 817.3541784750937
1095.1697776836663 1241.3454950834785 586.718584636791
1554.8131612183633 1034.453475580691 172.19282400320074
954.9187929238967 1322.606523612384 1072.9352254163716
1154.8001667849521 856.0581356785448 1355.3062944025603
1113.069569127357 412.4506500990368 453.61830987675563
837.882692890661 918.2426420060585 446.87051521851504
1490.6581213769334 940.9569144441193 1304.5868778131814
664.7757862553203 1483.2018401391788 1127.5348828596375
1134.238510544427 1003.4430384406293 59.519159560688095
868.3154475740018 1378.5715483549266 913.7973931271823
1316.784958482593 993.3503965944336 1107.3137174517021
819.4427495744221 714.59655845426 888.7561456612702
766.5654434878306 1226.5154478000966 396.0229245152854
998.7868903090782 1560.7583970604014 1392.2658708229585
1470.4573938961933 1196.8918018308366 484.96216719457027
822.9681435012753 370.05750230476883 843.9846246927754
795.3000073155529 908.0319816177364 620.3350614797226
1222.275743323604 998.1707048804078 1299.240444336194
914.1928373537686 1157.1561026225233 514.5439654233974
1540.5684500099323 748.5943127714573 995.381570211962
755.1391200606049 929.1569221685643 779.8168532064767
1035.6989814297658 779.1216107175442 377.7903188689161
1002.3152738446881 1291.4476346957367 908.8869218504042
733.9904639861218 970.4935601641708 823.9057117803022
1147.4228381805826 1068.892311826257 131.36058870599172
1427.3249683361767 1071.5932711115884 638.5730839789936
808.9817878854632 646.3375955988033 416.66575379089636
801.5075110631814 907.9562412278185 803.1458811222282
1234.1951126980546 732.4400149579237 1090.36808966067
741.5954556937602 754.1334239050925 218.30226454046925
914.4340569823928 1465.581877825389 667.1544251285384
862.0483651207978 519.5637208499286 913.4487061926433
1389.056775948208 1015.2775187280937 895.3326448999237
838.5024908019553 1227.4550432983156 143.08074832848112
1094.4075610814607 864.0398990345111 219.17011074325703
831.6180071893397 909.5199380182578 337.9587348136386
934.3200482451749 1360.816515560629 1024.0066771473707
934.7964890067376 619.620153929742 1178.998652295148
625.8984677153221 972.1650678877395 296.03105152165966
978.7611392247654 1047.874875288005 456.19327569529963
1262.086422643363 1230.9701789461583 1464.7870904674548
965.9826019201232 1142.290611817777 404.12148544771793
716.9024498546823 1232.510876667551 521.8000947912508
1182.6636096333898 712.8392128095775 1069.6451293794532
1288.2650045877597 1392.7238028581962 510.53577850584975
870.089254290225 1096.5026057864548 536.3943322472819
1118.1310664826192 828.8968395160568 156.71385277432555
1122.6695594076434 887.4429210277625 160.9340480688974
1106.567343374066 931.3271458312026 1034.3236708208333
1310.4407841861748 938.211316531801 1050.7050969092463
840.0775602992194 1321.9572245501204 35.98282208404152
498.4791482468157 1011.856678584764 1143.2718572161266
651.463483706222 1115.786760232199 485.9675116297279
1175.5489253529497 505.7087928597815 505.92816013682693
762.3102804377132 1401.731895615511 293.58785037786146
1093.3915782021963 747.7442401749162 221.66282274820998
989.0068922098612 1174.7826840268908 897.360817251951
1124.133269231095 1265.377904718061 0.5190143804675862
1010.7433478793831 1032.560022247284 385.25838006469553
1052.2649685221036 564.4239798369795 20.329209680416017
1591.5976212829441 1256.0649716008475 449.50129772293093
1180.2357036483643 1124.5954423770677 1274.6027725258893
553.0027196678006 890.7692586721752 340.4497888317766
1000.0102705375931 1333.199894015156 1097.4749293574437
886.4645766808684 854.5132182482395 1003.5531706925542
1168.2249117341773 791.8145977137141 27.93227965041639
1250.1347376998272 600.9524723307104 824.3130270529704
564.2548939170638 1155.6800902310697 788.4609351357062
837.1729941579337 1405.9324322138966 130.55483891300574
582.693215987611 1072.116401550486 1008.4570562341258
1196.27628792105 819.9396903826823 1169.6459061398311
1009.8333583748253 818.0411187287748 923.3969449578905
761.180827172851 1180.5862706246598 311.65896657729763
1054.1117273580373 1278.933899948548 523.5909967583079
1001.0368046293336 751.8449704618292 37.286754206666885
1072.780005660437 795.7983092224233 413.9327627818938
1061.5913753856562 1259.7977901060892 532.5306226242461
871.7972931140658 1013.8042377758276 535.994286831227
957.8193460941272 1011.9061594419728 15.477591218850616
1265.689388992379 904.2661637764729 137.78759354708032
1137.8276329840714 898.2076434095526 1085.235687950809
981.7617396841065 919.6854262278758 872.6127152156561
1302.9597609481937 1343.2241450611311 433.60687835823353
1164.2835932470834 793.7007926988812 496.40756330006104
585.7061764776962 1241.2675700475386 1029.1291123289798
954.4653451126389 584.4391485397621 721.3350393533548
883.8167878984173 1415.1203545320805 116.80285969606274
672.5865702699484 803.3428215880426 378.4369251937986
1035.41398080665 1291.5734420264316 1229.995203990459
457.02365702900045 1231.1083322446625 567.7015917268615
703.9839374421824 966.921108869212 656.9977222893949
1245.6299772774785 1068.1627310752192 620.142086916695
1197.9181544703283 978.3132556692249 300.5745841420378
923.5307665076193 1148.3315135143037 1270.858271429863
1174.3785023269402 1004.4520939677633 1086.625263038363
947.8379395303048 1251.652038976133 518.1862619380333
1135.8672631754016 665.4883732511257 1408.0380279858837
968.149014938064 1187.6407748072695 148.74897697372975
1216.785749882499 712.4701234017186 1335.9441940656409
713.921032552625 947.1480685689008 1285.0172611078078
684.7264864455901 1733.5721290818174 131.81232145740617
788.4031386814472 507.42285745034354 1092.3454371532118
991.1320954710121 632.9267876299418 595.0061341513035
1465.1261672445842 617.1381535898171 769.0779579518057
1055.114607818861 1729.9646115893065 1021.3741453975757
1135.292535921197 1072.5453654873652 154.66089215998574
812.5485822648598 726.0875814016147 1411.1802764303707
897.1869826001782 813.0299626320182 35.413974092113385
1025.8005183805878 753.6580727316654 1031.0660791522835
1250.1292706711283 1295.4959541219503 1051.4943581500222
1028.8900133455675 816.6561057174058 163.97785257759605
880.7910409523985 1005.750480143177 1428.701737789391
1052.4650118392742 522.3702572567108 139.4433038535333
744.9559183219925 601.4245403920554 1225.0759767376564
872.3554783365739 1166.1304032966018 250.15737486586593
830.0010700132102 1118.2610517804728 1244.1324011057636
695.1993672495512 1271.157578016419 609.914854791167
1246.4259782932702 995.9563161729998 622.967461033748
968.611379834439 997.3169701843141 535.6296751483741
1449.05963865481 919.9269363531691 1346.6469908046506
1738.691403412232 992.9568163048682 568.293924751029
702.0041817400875 1224.3150550807886 402.2160412180669
1163.2963217897022 464.74844072475764 273.0135888377461
1088.0974007463253 772.2894295202102 53.422894133028976
1086.6905498350307 889.7030957411761 1164.399730628394
877.3921787994634 756.9261290218312 500.29323908381065
313.5341764600656 890.4541155984705 1142.3024069142907
906.0851058061336 1334.053857856306 1150.2347908465001
843.7034915779436 796.5838160556906 1483.9793992069635
1076.6934639295634 1052.022651646049 621.4838966213706
909.3223473741242 827.5638374346547 807.4026428096679
822.9179002898959 1024.9257249579741 902.8591789914018
1008.346563390385 1231.794208125545 1042.1265736843657
1063.6636200497715 878.3977914312134 1081.4809881060357
1031.2706752982685 523.0436576186887 465.70408231574976
1190.2433121002641 1032.3690203923911 425.4048556035487
1050.1748060491577 1145.673435031524 1089.7164676308096
799.9267085397895 1223.36782461197 223.5216296096054
906.0811204176954 782.8070964524368 1280.666094781213
1007.2154195922973 509.1113357113845 759.2782149548597
845.2623617821914 631.0458222484335 604.0304068180351
1226.585718674445 853.5638584208667 999.3636654115219
635.0317776264574 1069.0120875426683 1302.1300004412763
1013.0087857156497 1202.7942209762396 961.0427211816668
1051.1348212521564 874.8401829361908 445.32223468021726
832.0957498833097 922.3180146678696 846.5621428030161
923.7340962522132 958.0058840762018 960.7549122514802
937.6661460545948 732.7417714524454 181.76907637963873
509.03830921576747 1443.5185684903681 359.61528434200824
732.755518300547 1295.2892758164367 984.8010420816429
1211.031565458942 1074.6544993789744 310.5571917424124
897.7211062504422 1039.8570723716844 1039.954419628144
1069.570051467719 779.4768206316796 250.7631729750746
761.6911103779768 1490.0120886552988 56.123819598687284
1060.7057026727775 815.7683709565833 334.37668183983635
1089.3958918563596 737.9236461028186 1297.3335177390097
728.5107269096925 1164.1189544595138 253.498077983838
1273.6306288741935 1405.3745815910618 75.48203395793846
922.875550143361 1096.9413043367726 511.0809924693397
467.85842027805325 848.202898844804 1249.84687376282
1292.0375832158634 1084.507057591503 1318.73729452471
1164.2748984913378 1298.1990609916204 483.92454353930606
922.1091539358888 538.3719928403252 648.2725969148914
552.145634858331 1390.8233184517171 169.47500088034627
1267.188785221307 942.4489138989713 773.1753845423879
561.2197130933071 1387.0924008644815 54.922104547986294
1326.3889616244885 1284.6461682388212 1386.872261726373
1593.5747294801395 1338.8144122310614 1375.8893256858914
1237.766493947141 692.1782901507743 371.1183721719985
1033.353162430377 1510.7727591695793 461.5556545873745
1209.2310431858148 1379.038216433304 1170.4017816565465
1197.5127879141892 1040.514987364306 384.3474711744745
1497.1457905219386 964.7339258113259 552.5047457783962
1215.7137279955466 734.0829883897826 329.6632292786407
663.5451883169933 979.1772744493315 890.7941344487394
537.2005039866374 497.43150219434585 1173.7060396973618
1101.418492435663 1306.2579883990904 215.33683336388788
783.4500591158924 1010.8902855424137 151.91549814459677
870.3085880482861 871.8747267033654 89.56340885882774
1106.658345539453 923.6882686613134 254.8951559890417
836.615659345231 1098.7367742324543 1213.3039291510286
947.8628486488933 902.3395353160244 740.3226199589732
1245.201765485871 1115.0352599861942 642.2081363886081
1392.1379346765327 1294.0776276375118 69.28044300514429
1119.830298896925 874.9701100429058 389.8568897153358
893.6210154119781 1072.4142605270558 825.9240516579918
856.237014372687 1118.0799599677391 525.6804800738045
661.055178068189 946.2826429374601 953.0952155127984
1234.9148104905473 996.0131705019021 53.40554158391453
1103.8584481505397 1265.3910623702907 1108.029281006514
1090.6755337868917 1333.924144815698 1016.4577080428545
948.1496656998831 1163.1530553705722 25.14945485896658
710.0215998644949 1146.291777353239 1342.0952228083042
1227.5119419622984 1333.258052182423 846.0710858006277
944.4646245872501 1221.6976838119367 480.15264782169965
1234.0935154704675 704.4968691677236 1196.3036448737612
1133.849015472343 819.2269636896035 662.9657832589029
778.5544241941601 605.725199487187 1455.2151866651534
1666.7558229321953 1326.55984529332 800.4529202326044
1034.8051975993974 714.8743507495551 426.3908189471231
1086.7298871087357 1161.8208735826283 1053.8316656471657
1104.186538583894 710.5391004340995 1474.5747242241937
710.2291182159215 1151.0288775330978 435.9854081358751
1092.064295823386 1245.099486043022 668.9992825059609
936.6036659840304 854.0435499445032 573.9868996397125
959.1428114010894 1074.659630747207 1327.6861021329298
1128.3233499174783 1573.298251153169 1301.4908621800623
988.7455873674585 1091.596344454709 1279.0870680357139
788.1663231058524 1005.2323996666735 618.5369886500769
1420.011978650729 705.8690143807883 1292.0515065440934
795.6424104247025 808.861931302308 1140.8080912356113
785.0803781911994 1270.8002345559428 909.1577239097128
1573.111176254183 1076.8931278972948 243.68201824014568
1136.742355921992 299.79428376535816 78.66439688391236
1237.328259934239 1017.9974720204706 106.66177513966856
1104.8306303158388 909.5991527978252 191.16355672850088
1306.3290764770504 955.817285680613 1459.3629104835122
774.8807095710858 1190.7612552214155 406.29929637864205
1258.361247769563 994.0853301094475 860.7547921338552
949.4936247287742 1066.9874101272344 367.5220818350528
1007.7492831545712 863.177044235036 1317.1417554576826
1377.7466874696443 1055.2310533884117 97.34614362015664
1664.1909495321265 892.319725058161 1265.416138771042
956.5237806082856 1146.5461826878475 617.5835943627006
1220.1484681511101 694.8372051974261 885.4622483750909
1457.845717776393 1146.6174638386447 982.9460850098706
612.3666079933764 777.4044312479741 83.85021673853788
951.2503790327903 863.1142168283068 1431.0583963909537
691.9504006528985 1342.7838116383834 1329.4691951312113
752.096910959709 917.5744331763274 81.36173762781907
1273.075255812547 1107.9663978484423 913.8402697873768
1273.651512732556 1543.601902821354 1240.2646384809257
1119.9154650657426 1255.5775202247703 140.66831992795596
1141.859880431378 940.1350085188981 850.8115816909082
1006.1006324037088 1417.2080838651557 948.8800158432726
1225.9340942989986 1134.736597751608 650.2992362483952
1151.8387962810273 815.5953138766345 517.2282598230048
1280.577875331357 1086.777761590562 548.9138780146941
999.1491480561679 361.7969456595116 503.22174464432334
1299.6051510843822 934.6135318683725 1144.8653013123164
1172.7013028088293 752.2429231690393 1336.9284292184032
1040.4852084949691 1475.2183773070333 1043.127510234207
1396.4013115138055 698.0724329849309 444.57131263777643
879.5717583443535 1027.242935004952 999.1664430260806
1078.2679171656584 1007.0144709167233 132.86706237503586
891.2316419928668 1156.1477697628522 57.851677091276144
1003.6058972697564 886.230039271324 1069.8485023231426
729.1166035049725 721.477434240288 269.007684343752
1043.2917586028348 652.6429348129636 373.42022775353183
922.0478090551678 1041.9104634838861 1216.3163573975564
1247.4120917406478 1055.7932434780025 34.43122655101
617.9899644261043 1116.8399740913746 430.67087539743085
836.3275034679966 787.4011001780543 653.7679017597105
655.7287238884714 350.24827362964993 312.58595378891494
600.5938579613771 1192.0238660420694 276.80075374289356
1270.8725661545186 768.4218986794035 175.17062013558504
1000.8529421636584 493.5856597102494 1326.0348320981304
967.2587081895496 965.458647892712 1455.2576563535058
284.23618068228154 1063.9642653480935 326.1460489482393
925.1254440727221 1100.8375682463354 172.9365170633313
938.8605923843826 783.7918142968351 804.316138793602
1175.6032447474443 945.6213916064362 289.63058309022637
1165.6614373452087 866.2108871558 243.88140392291058
1608.0700762831634 865.2135534602103 1251.7374350449552
767.1725342203579 868.5048119846514 1061.0347743723623
959.9468187538519 1215.6472284463593 1453.9018737881145
1146.126615551925 662.0782789099841 669.9506040550846
1131.9560997928206 1420.889136137709 1059.0290048095987
1028.3024379233548 1196.8031606468949 1252.1431853676313
1265.9208509317036 1285.308806640157 852.8718556318356
665.1000417266606 753.2463006039014 1382.9524803914474
999.6580668576164 610.0045686928494 1194.418689009825
929.205509150835 963.5202990484773 335.3074634307978
717.6293191089061 686.6240243605846 1157.7089785346932
1217.6136349679605 1009.8471256172177 1334.2856633180957
826.3773620605403 952.2151750572572 983.409226589909
968.2132055316004 1524.0209895467683 842.5216592964003
655.287026937914 1510.879474272021 564.9576994444109
928.0681054704777 1262.8858887395425 778.87043523597
776.0207720692447 831.1073685231922 778.9531009404311
1116.9951362376116 980.0925956649548 1239.497877633633
869.1804969110156 1263.6776373982184 259.1597145381452
587.0623714412093 656.0466291845228 1100.891329435715
1290.281800936315 1023.5526837268199 1095.2930416898812
1516.5135349428328 1040.241852672587 809.8831008710163
1429.656211163635 554.2088842712822 508.9251244067268
352.910043514413 1631.5166012109457 1123.493705068004
827.0861704140091 985.5981444787346 270.46296771868424
649.9838272015998 802.8453697685856 1306.8501800343163
1202.297055869861 1083.122617795692 1442.2026116914424
675.9620549422978 713.4374935422868 848.7304627832204
742.8280984489982 1143.0343923987562 1273.4067540438027
957.4917707466234 911.8949197086404 1117.8885272091788
1056.864545258112 1109.767097988078 700.3571173736614
992.4508023587553 587.3553225602019 1494.662991805611
1033.4346692476593 808.1147797080819 87.6827164694864
778.5221305931452 1173.5979742941342 95.28367337233867
1081.1378393586326 628.1907992339663 599.1574231676044
883.6760636930545 732.7859765901073 985.6002522999821
1014.9030239292454 1311.0183839280662 423.0315087216998
1392.4737552506292 877.4430508480061 172.09432589057906
1047.1078688586797 867.8760308747956 399.89318420712885
1229.3220143726585 1005.9047367770405 832.1063215608921
909.4004055974617 1139.9278990840003 1310.076313451978
768.9955761008711 1115.88819255494 1040.757766856899
1041.74256518155 1092.0425263296252 814.8997491904213
1328.1602947667443 1103.5295285062016 70.46820245928076
798.3780506124871 1234.0958853924121 286.0578034447517
995.0814329674073 920.8483430465383 547.6096298889101
979.314194978908 1172.9629823995751 1021.6843606942953
1205.8319425410023 653.3084787712863 1015.3615725122852
1280.2271476131382 1313.2201501979318 771.5044161431996
575.1134253263283 991.8584817286362 1389.2734425067877
923.2776485875247 1185.499650897265 1423.1221063343553
922.3177716635889 642.2259361470142 989.3973469247726
187.4224163539037 1195.0035153373258 1281.695519746254
769.5631316615197 1121.3603017123905 451.6751074829529
1154.575028261202 682.958240422219 826.5985835694006
1003.1266995272194 961.1737653414851 1332.0806971308843
1112.943837785135 1022.4919558708173 157.7073150949371
1372.0037091803592 1291.7622573691046 1003.6219512384062
871.7896827473802 1023.1453156340959 658.8769551700999
1107.4981828901975 1095.4908506029324 1487.3518157255164
1119.0824195116427 1405.3357414465427 1082.7079402840768
1059.6327231815435 1140.3706819420702 716.860234936447
831.359802227839 573.7439626901248 1274.0131966986085
875.4352986942118 1100.0673193094779 842.7119680617612
847.9113928558877 1705.3270195714776 1211.367291022345
1146.3779785042705 989.790687637839 542.7236422586593
1513.0189581249313 1093.1586558107872 1182.2366603245146
1557.8174310357238 1245.4719442487221 622.6561456406479
819.4017573619086 979.1260344472764 1422.660615106728
450.7923261668493 827.7979343280508 439.82481719933344
534.3052537610822 990.0967590787169 1001.2722707157657
1106.3614686013475 848.1199137473608 429.0040779867648
1405.673917952943 1157.012447193258 1334.491830444431
1060.7367831796712 729.8988942509977 993.1606168430619
439.98453153477374 878.8278248992885 165.74148464871996
672.8740451729165 763.53961376195 70.95387363649874
1180.2797497558176 963.9675110971452 661.479825037001
1234.5699530298377 893.5422506869344 665.8769950321
919.1101814401891 966.2705074471401 1247.3516904249318
1000.9714830259268 927.689093896568 439.6308092543463
1214.0208688941152 732.5801425360116 273.7725880898341
735.5995746822393 1069.6008880652187 914.7087717940608
1325.193553256754 1049.8837082090502 1023.6731864891029
1326.843032104556 1059.936807878077 196.9768117688181
998.4946870976235 1174.2509764875444 490.34380804215084
1211.3522226911093 613.0976111525129 19.887301510657096
930.3141161917911 944.6310857748296 1427.280081223681
440.6588597691682 897.1565480399785 707.2834015844376
1051.753942908453 1136.9980994849589 1438.2619361726493
995.3012422114202 1197.1589242526525 697.7326743061321
1089.3911184794708 827.6276080435211 559.9227699508076
1128.848912160592 1344.9316798542145 85.7266674564245
788.1620362056599 667.8348688828013 1358.549944253703
1080.252480905044 1043.290250014875 177.26330220897947
1099.2460341646376 652.1677511342725 980.5158123843535
884.7052323737787 1161.3748503282402 673.5656567265039
1157.4249687501379 1153.8313009399897 819.603038751585
740.5723783068785 1365.5574685297272 543.1482429462523
878.959274040923 1087.4243694399925 944.7584595323888
696.044823433268 868.0441416914812 1189.4298404043557
713.3059193762354 1278.9026841148188 310.807729957949
753.249754788841 1001.7124770182869 1144.8914748536888
775.9536288293143 902.5829361132278 611.3622501233265
926.282933226688 1257.423282624186 1393.1361852511504
1074.730451674353 861.9854285739399 462.90108349108215
900.0790178145361 734.5496545097885 408.8725188396113
763.1182633727427 700.9545885996419 918.7991183711137
1219.8796932553914 1116.1733025305941 1476.5245021326486
1169.6588917918298 1102.849763943443 1238.6498411815094
1073.2346525283517 1268.3017623453939 23.194961654196046
1034.0747731928807 918.1833689855857 1230.4834083807996
780.5830720188521 565.5893690418853 343.0792252826083
1221.104318726255 1107.7085355230845 381.08980901680815
1091.823454709118 841.4810748098237 686.6548811462593
858.7050197346995 1098.2022339791047 1140.854862152746
1185.2184922860115 1034.0402172381189 838.4534217609762
931.6385810312593 1276.943246372587 1373.4875846464606
1092.167964020208 1113.6286763085836 234.4837830907177
621.4689390649901 1056.4390966146877 506.29950104025636
987.6871279082004 733.0678566419359 71.77176629175258
971.8853745798505 1090.2751560980803 627.8612198117075
924.7424814028842 485.68438419336576 1128.0515814518878
1023.3706813911097 924.567782725197 1147.469849781212
1229.576896266502 1190.8378751581329 983.0235427909216
1540.5161706838785 962.9868952803532 587.372920893335
787.0802590680701 1196.6071837016711 398.49682911991755
1345.9534006702777 847.8263208494795 1326.583162948309
1207.8961745787374 1563.875139558364 273.5747114637193
1149.2987840366977 1011.5585083680533 772.5200267466396
992.2660228522416 1296.4741502343377 18.171776763479475
1128.681864906248 1050.7072554340498 1003.2276184264625
951.2710582188707 1187.7230628059392 437.0947597041268
1288.2556760221216 1400.8218263244835 666.3918761680336
979.2078797887456 1094.5703969279714 1260.3039960673489
1569.1495302786193 736.7524285785169 1392.425928497636
1255.6745280570367 937.9091777984038 440.43377911492115
1551.1109503854414 852.0263121671983 196.93666252724972
818.2583193231133 1212.5205148463108 731.3250102277323
994.6464599671044 961.9508503886179 170.02216038466372
792.0023945548039 908.1463630306115 1498.338476983958
652.8066088179908 765.1866156575119 476.54152994570256
521.4496025982837 667.9455428939523 998.7884023394483
1327.8783901646943 920.949175420558 209.3124926880563
1256.478669521092 1140.6969813992241 1236.7457826361986
944.7226772410004 1041.9411662293353 1223.4261419268248
715.746801418623 1263.1752773841217 434.86666211288
733.2799410619626 1007.7425237516399 951.5484495260368
1068.3664858234265 895.7925484677505 372.63106485269014
575.963017619657 1221.1290191408139 47.47745398857079
1261.2962457367485 1048.367833510201 526.6663923365566
1110.7728444524842 1184.6240032585063 1416.964634468448
1115.3456730707023 1151.6913845488311 1252.4472721651218
1269.747043150602 973.9217148545658 9.190221759480032
1013.8666156123177 926.33155032174 1001.6730774306928
1056.8107064302226 872.9185875961812 178.91895009880642
1184.0323454684565 699.5056926876254 1432.3548537694471
665.1809337653087 961.0523567563063 1093.7449428517425
1160.0326710509023 1074.906299288745 27.480087384635034
1227.9600700272597 805.8781211859352 290.0680974650749
740.6481986390327 945.1870180016074 896.330719958161
822.3505003195744 827.5145539615644 45.511198252844665
980.6035018000119 864.8186845035076 906.5750422361693
1055.985738997478 1020.8208921281314 848.4135336776517
1238.3742051561833 1276.789546636066 785.9679598054812
729.3955467981341 806.1761668354588 443.9037092507726
1211.2780960145287 740.4906055393762 1367.319540106898
760.0177407970039 1018.0308141384555 596.9392419323245
537.9097998534075 890.6129789263456 419.2384294574767
1203.461027497418 785.5518967851136 419.6610054821585
679.3581370142041 898.6183110110671 50.737509832653686
992.056850204225 995.0981621045282 1175.3344970531084
479.82280296321903 572.3774732083792 764.346487087695
985.7600334839091 1167.5605447796293 583.5765750620491
994.1042193814758 1136.662454432651 179.12586641848804
1257.839235402427 521.6582452811209 1419.5392979819314
973.6426768536452 1054.4191442203596 936.7827421131237
1156.9399962664093 799.330945644077 274.2348810478527
1250.8466020620162 778.9921923351353 1039.7845729040212
871.9581554436122 1000.264152934813 1482.946187765829
813.0169205856664 399.6384960907849 111.94058086165187
913.1494246641075 1028.3165370387346 233.17798919844574
1015.1558528789864 467.47941247681354 589.9484375567686
1409.024152774705 1322.0625552064869 864.4924330795271
936.7127314625005 906.6766879999791 487.55239821362045
777.0250728634584 1290.5803246755972 460.2217085745774
1363.482786886606 892.1814357824692 1432.8618575848416
1073.2400133280698 988.5927400470144 1301.8613343508
1208.9928770074246 993.6648163942262 539.5519617455227
1309.0832324681571 1055.5283088479605 413.87940568777714
1045.05144929549 1172.476988322171 174.29175836193778
1101.2605080934313 1046.6396543984215 857.7729073109335
1297.8996829942457 989.5675257626981 1394.935126289027
1065.6040824138788 1178.7158366024369 115.15141321494654
1174.3262680978555 714.5172329563475 313.0490212485839
672.9096008786032 988.0638488853324 1275.0124266109203
764.8352155751979 1065.5029810584363 495.0262498193613
920.1209182267038 1010.2193879887377 428.03136223905057
1093.1542159542075 932.4713200321573 194.4312052866934
777.1226696352268 960.1780369898792 782.4731623046607
1338.6991459968203 948.7542515291254 1232.0350681778923
960.8631553203194 872.9564776010956 63.39933492837424
1434.6784737105654 1075.1399212986485 1411.6075552436444
993.5219898748496 991.4813014063161 915.5848955974122
920.0371786251607 1330.0357448864008 4.934861968093118
693.6619280214006 903.5085246165927 586.3848539008951
757.0699075926145 1335.3699414203877 835.4785030335946
1305.749790275631 821.4904378550534 1474.7835122449608
1375.3363290538423 919.6677977679269 1412.5384648006784
1087.766183623676 986.709806510268 1209.2436056416232
1228.3549769535325 946.2737591265761 1491.9189999908333
653.6077101295647 1292.4881087574722 239.7497459695782
1357.742836867853 948.8248422793305 91.69742100356382
1282.6436837615977 1389.1505076670078 819.8536631115211
795.9570234079359 690.996772719057 1377.097670257191
710.8669779066726 995.945363236706 399.0818043963647
875.9921513214479 1377.5286232843134 527.6115285600811
1093.4006185459284 1269.8158081654697 592.274531693496
992.9549243938819 892.3195526007876 489.26061717588834
970.1360845678099 1015.0094339847617 426.97631399084474
1047.800947866918 790.9293332691814 161.1961337865988
751.3402048174032 1038.4684561269776 1415.6803075132293
1269.727299252403 828.2539463789844 855.3664691777233
1171.3261224675512 1121.7582115079927 1176.4805594544127
868.4019857878841 1301.089216395734 1076.2168333918084
1091.0653731314737 760.4917417702619 587.6420733818725
439.4217747932305 1385.79322621599 38.002776388615324
798.407963846773 1319.09578887032 789.2440182792781
1435.8407975985092 874.8418325711772 55.8746148739035
935.3193173835766 1097.9654988809548 1471.0475142780504
849.7376088435359 1132.6907343854887 784.797353483841
1208.9454670954347 924.6423892241467 711.129512543417
791.0504636524261 1481.3439002855062 691.8253127418013
439.57788769168803 1069.9411154869613 476.8387537599717
819.7807845853956 863.9788980188762 626.5766542854498
1305.6163376490408 1092.449517192082 755.5802030669196
890.408731087644 1664.659381530491 324.69322945075913
1241.7483633134834 786.9569552148571 1340.501119855338
1008.6545412072086 1249.1952647786052 1286.1762266192363
1109.8018331005244 638.9245740678159 521.9068176736578
833.5575216060633 632.1561911102825 266.33354371229495
929.4167757827045 1284.190653899207 221.66301706399094
827.6617077048588 1034.9324625377292 410.79770612081876
1159.0387459089075 833.1601275136406 1022.2934466556117
918.8157875655462 477.5456611789431 682.0081085677979
372.8132746653672 652.9829699617007 1276.3018666859032
932.3717845663159 1250.7402694418392 1094.9055975442807
977.5903996033054 969.9450510029947 984.9621168253775
969.0291197560281 774.8066220796004 1498.7799818371047
888.9340967904781 1314.6994567042034 987.0932197904382
860.1766148370513 924.5628678016955 218.69944541143116
1377.8670702185357 349.72331452269225 448.238518328312
951.6394806599935 863.6351678374209 758.1794433159976
859.4949964554849 839.4258928862946 618.5548963733634
599.9545961422489 1334.3847473469002 821.0388772916439
692.0714912398765 934.7344330795976 488.3537144172291
892.5306510577368 1284.990327473621 287.36410465787066
1162.5723527797104 1232.2659344851957 29.786248537634897
900.3449823368525 1152.7903743867362 390.54693441764414
1216.568320982169 781.7471258374594 185.44331584678247
1123.1140219066938 762.946984908103 1478.584171248242
1037.8782525493461 1345.6382279405443 118.80853190706209
1154.6664338064747 979.4155781844981 1312.4650380997994
1118.9009750238893 1047.8920899401833 1078.9623198587633
1675.8473358721212 1095.7521914334006 393.4381174824129
693.82716493864 1496.4790379357282 1213.2812500762652
724.7280572604432 882.6713506234279 271.1702506368022
1381.877331803755 1229.1919223018826 211.3483725518363
1343.7118765459518 522.4821815487414 877.0282065078168
1281.776596935342 933.1042302175669 594.723293891159
1456.427425660909 1321.634969392725 482.46489676974676
1081.3283879346013 1481.4781190137896 143.74102932485027
650.6087725068799 1311.4585816606561 774.0139876889891
1033.5777999650236 1202.4034317315036 235.14487662424628
1087.1801489282718 1059.5824989515206 1407.6178259368917
1100.0742468522951 1164.1333533023817 1036.080668198743
1231.7997471441151 1602.192487936204 946.5819464222255
916.903207579838 1104.1730401423717 1201.3454139704918
1243.0251467455887 876.4482473086783 687.6557291512022
729.7110625481832 1537.0015624412551 1059.0268079743637
685.1672262630515 1014.0735578210333 1309.0087785753242
1069.0530144747445 621.9972779096246 1198.1656966771006
974.3610300070621 1250.8080359448797 1404.4635927147044
1634.6370212304341 829.1628995411277 675.6054823655362
966.6507839491576 726.7652019768233 188.81154937274536
1097.4363200703253 1710.3523982453673 609.7802704640651
783.3635511336668 1400.4875227636433 166.67119834965942
1054.539453783888 642.0854399038071 716.4410888874656
983.1255444904682 1080.6681987530233 983.4366605400342
830.430400941141 1015.9532644710004 1383.1828580870736
889.0317098007044 678.8279287184162 1337.527631751204
949.8565073257507 598.2125644260599 658.8412874606744
913.7343048574741 852.7380524356099 1131.1889795542966
1278.432827358536 1377.34196981225 1427.7158280101937
867.0695155694528 998.8033298772303 891.8302941608993
1085.840220713931 1194.4065557165222 162.0378048939523
667.2404219642835 949.188396608855 155.95961300916167
785.3603631636391 952.9265087112441 815.8050363027479
605.8396056102413 888.3644128534097 827.7029310274638
688.4189154745819 1224.3288392233362 347.11155098921256
805.9654723215923 1365.9308425630009 414.37520704515316
1011.3608010553583 913.714341497203 1047.1637778207576
962.3170451270676 305.44934722726725 975.3452067183927
786.6432515279835 1319.542723435051 1100.8526096667124
596.6445272573457 1098.7036499189833 1081.2324067667275
888.0276742843619 1173.843925183132 700.3107842521399
997.7515989174092 983.6870372280862 177.79862833711613
1142.9624578519006 929.2970538298568 1090.2595523619295
1050.1730149779194 1146.2451068118207 1422.7020204867372
1392.9020740898943 712.4374117110833 197.75778963063573
666.6870156565194 988.8993233394627 1416.0849582403375
1583.160961072227 1029.3952621636033 177.26229293633068
1231.3543843861826 639.4140994263666 676.0368363117718
1206.0918950221974 670.2383984485928 1384.1659756129118
1015.3803574966585 722.9153730640438 1447.072059936306
1077.0161308457812 1067.4499993151449 847.6960003125702
828.8103864331249 1456.8870294124004 930.7284147387957
1030.0656966357524 524.3288826010248 116.14759512624889
950.7404223582926 815.6995883576056 488.3508656231633
772.8195304163131 940.3156032612554 658.9372932288211
842.4588062705499 1057.1059560474625 349.81319990288534
897.1016020325737 626.867484556479 139.68328731001267
1293.0421191132955 1131.7188841761117 1076.348754842851
931.8814045077236 1339.818952490676 81.65134754228376
1171.3919426420011 964.4248145730811 229.32438379988645
810.0115755425677 1534.91217629922 948.1982973091425
1091.5120932985558 853.4671503267004 1150.8461718388123
952.9555685513908 910.259106710677 1218.5654321119546
774.343101637803 906.3505669818786 893.1041191260185
1078.4850031150977 953.4048615794584 239.865346521487
1128.5733772366161 1149.5189626778713 279.09022386671734
398.169137250258 1366.979554343292 475.15094159576466
658.7190808044418 1013.7273456113343 980.1160784105094
689.5044835620502 1069.121699871601 725.726265595373
1061.0554307417563 1056.7662868394905 413.402873213153
1150.6461136195664 1182.1223095033222 460.3863338203177
1410.5789320492045 692.8543957796077 1312.3688576869686
821.5147242124771 994.1952389039759 223.4210615179985
1336.1023258486366 1093.7808348513402 807.8969171187648
1154.3545786239933 820.7421463313881 290.07569283363085
765.0142134747535 721.7976391434125 947.3246999809435
1204.7026795871477 775.227228388307 243.28648513144475
1029.8733720639393 601.4821797127352 1136.7173320013478
583.9185093311776 1169.4201069600272 370.2537890829616
1140.934009692248 1228.425653186161 10.803862122657826
1161.7004809070127 793.4710461855151 1334.2538852053788
948.9998696937089 903.5648616787907 270.5575529806608
821.049053115873 629.4679650447231 1407.9496551977215
978.0341195136909 1297.3992464498726 934.3830579107333
1325.8478704704644 912.6937283673994 517.2037916825956
1040.1030407411283 512.4823207268229 633.4255057895384
845.7991646098371 1290.4206959944481 584.0974875916436
1372.6082199077282 993.4333425970452 1447.748772822609
1134.3013040712094 1374.7259992805407 943.6305069325473
1405.3002875135564 824.7035336740307 243.3983733420993
821.2054990421016 1266.1182561140874 144.29321613961315
747.4211521013476 760.6358534686362 37.228868630119486
799.2376275524011 1131.7778617682009 337.11947736505414
1069.8198518306165 842.3093641518917 576.3960344991498
1022.0637413489152 965.4267336843103 1013.6925680896671
1186.473009721949 931.2971387386264 448.65734168957647
1171.1836999980544 933.7309730208297 836.4688071461233
750.717568952303 1086.833685529828 785.2347742920188
1341.9383024763356 1139.648379495827 390.9202746997445
1287.3050841497475 997.2571985118348 1300.482342639419
698.1302521060516 1055.1885551583903 675.8619941896156
1235.3930789180897 960.582976085124 261.8430891634966
782.38823864612 808.8262879666044 1394.884812847825
901.1754053999039 1046.6446041714187 829.7264332467591
779.5837249534379 1011.3909297431438 600.7182214155088
734.994916884776 1275.9744940630314 1344.7697228271911
1147.2425098728736 566.6549934133494 1354.1557252303664
1375.2352271179873 893.9956092979987 617.2186172860571
932.8773769081115 882.2800153574674 884.786369729594
1333.9212111454715 1258.0955289058306 244.78792560137524
617.3588139514301 1082.554941305656 745.0535364346003
788.1932899854088 924.1856541588604 138.97129140693187
1140.0576743283782 1035.6045781043113 1204.849357992641
1159.3643995984842 1295.6339726157553 1489.4360929298605
950.468504553699 501.887115665572 1445.8654071272624
1102.2188807059954 1028.0757550033911 58.17422067829442
547.3702745229307 1167.009362366421 23.071285294961886
686.8000037771947 663.4930490628252 1249.0390327533125
1254.7869576927783 996.159597887723 1314.469491618436
864.8384605293321 1067.4067871608393 159.06131959583496
955.7349675657837 1400.9267579635807 1112.3333106472542
1146.9313630945594 656.8205833550716 1082.9106989119791
1361.4401711452656 1382.262704717026 1377.125440194459
921.0322109857991 1011.5912731269029 1248.4505758695439
1198.0351904533727 985.877439528244 966.4035112160566
1166.8590102655714 660.7351560082085 1042.1573246472358
827.0092284276357 1354.2235535257537 1100.3181407380805
1112.7160166258814 720.0584948446378 1183.6874382329988
635.7081839647483 898.7898443366047 141.74546532345778
1047.7265799444094 780.256289486389 24.785211848288245
720.1465156400955 1114.5846124039026 121.42264815352505
1250.944117828972 968.2765734262588 929.7438745399883
905.3388840571533 1073.0973886744305 1053.2799338318462
1366.7402719308357 604.435548655342 1451.2354638254203
927.6019193057249 1258.5878951584868 1130.9096457348287
1226.553293993339 748.4855571010992 289.31475630369073
1247.9310505988026 1056.8991103531716 1249.4468061183409
1395.9212885014722 848.6325389031637 782.6071500558921
680.7272968970394 957.5716850919202 1222.5087727473147
1139.5104419083912 994.5836143320658 1158.931134290631
1297.2281994913913 674.9327669387947 562.0880551695869
896.8565619046641 1119.1583886113683 469.034960894523
683.5940872132373 1053.3490846493771 1304.7993628902807
1198.5127171734803 962.6499560349023 1355.4997789283987
1119.8005157195719 894.1506400234902 693.9673277540661
842.0697035478643 1017.3777708735698 1382.0519276220907
895.9939534686816 1098.9817664837535 584.57079816046
799.3974223006973 980.166641948188 180.58157038425128
928.7325463261232 644.5622660931983 155.30459627066563
1052.1669874710794 1212.74779466435 259.51529640631
1092.1127407433091 1092.2244465367837 558.0776413630216
877.6502802651014 1046.4048085442187 1038.522822176727
1077.6695361430218 882.9836854221415 1324.7208134067805
1091.2697496733206 971.4745599894827 56.05139753807875
972.9188360772623 820.4335159142935 559.556957728614
894.9204502038801 744.4322041844557 1030.7611183886156
947.8938155519809 1109.6850359229272 1141.2126459073686
894.5557308793294 1048.2314919964822 1241.2319349517672
841.4048169467285 1194.6931167996777 1387.697200118556
893.3400207117721 1076.0906467368418 25.02823039487234
1098.719680766632 914.9933689045075 1282.7004522829707
572.1594775216504 819.0425450997884 171.88650389431854
730.3612701160828 1096.6550827272529 664.9293339271933
766.8764389823505 1113.2274090520775 31.677702429654232
955.1507313264673 728.1936766691244 666.2447959876149
1187.757245575976 1054.8015972926287 300.7811914515175
1204.1451840425952 839.3908790460031 1499.198091134596
911.8816734073417 1152.456480998724 782.8208161065097
1310.7556347072411 1387.7658906661059 1214.103494630889
356.3296680816387 1190.451272327704 292.57921003029395
565.1306793382565 1261.268046451576 847.8415706099339
1415.086741095786 1018.5818126709671 1131.9575018346966
992.3909716197409 1058.6840635468725 953.4133372833026
1238.3109776316235 600.2084733544459 889.0424073668065
1187.206245583531 949.8422845572751 857.9939589479428
711.1309599768313 909.4489823543078 733.4468115159808
879.5889893886977 1314.0146466578321 166.9329204971729
818.5903271860036 1201.0000030817348 983.7045489045732
1092.9749769438642 1012.5961571407585 207.2413825044748
906.1155881998676 1072.5616068953818 101.0822389368966
910.1445360962684 837.7349460474494 1131.296829985823
1045.0335268295069 1201.1489653229842 14.956396404501582
836.0203982009739 721.2400538725983 657.5091943878646
571.1518847555111 883.1772028740809 1239.2415654682313
1412.5328750382228 780.5093238029831 992.5029222969655
798.2746817019975 1598.0899225988594 967.6306698304513
968.5192452886891 1021.0480239470621 166.28241072899863
977.823475072007 1133.6957240157597 284.5847200578497
1412.6800896658897 1155.3301724246055 323.27442729079496
934.2933330388742 846.2993749181261 303.3396825663766
1048.9627080640942 1125.8909116869688 569.1156172108036
1255.0713981386978 1031.4470867361472 152.9702447330884
586.2198388867092 546.231432420157 700.4966402213945
1436.1187640578817 712.9133764313358 467.3450895030361
767.5176123369508 986.9334533561365 1419.1613855643466
1083.6320595424802 1042.51102572369 1008.4618036567954
784.8937914285292 1441.2788453367943 87.9621050245722
1118.1265963540095 1002.17892737793 1104.9835562075136
1250.8868098632875 1224.2863769574067 1012.9859981035029
1004.0323750751702 1151.5383159496205 1290.401805818335
791.4880997328686 741.0899065263857 493.1371436581507
1002.2797313795152 1035.8629451264655 96.07535208313372
603.2956289934524 1045.0405502742506 287.9622790230013
958.8054172445096 904.749647846106 467.64692044923856
975.5127048296947 1096.671672887165 869.9316970778927
992.4845498918852 978.3770385789687 365.21043778200544
1015.6741069330059 806.8478943269217 1309.9641566831706
1264.7660788314001 728.3531190645048 1252.0037566940273
1000.0405312407997 709.0668003019472 115.39305985515513
1212.3805293180326 883.3820740731554 1393.1417845147623
884.6590143517492 979.7050011862807 594.181070285508
1238.9432307299385 746.1481622442599 430.06536906142526
916.9314992909353 1297.570846904424 1378.2995545259791
653.998158794179 820.1530032445504 429.30011154536214
925.6642013149038 943.3299281197053 679.3963674106604
1156.5593533179458 1085.3931320273018 1354.4884110243056
621.6523733373933 474.4873758010958 237.40512390522278
930.3612281476185 1469.095945078539 1132.88342552306
559.4540287297951 962.1388225565129 212.49153288912564
576.0949875113888 824.9551071033313 1011.3159706055008
940.66019150745 809.5587281740187 386.79261724952426
1307.3055234784279 962.4422929132865 1055.03391878731
1408.4499053625527 1385.2291546680724 25.251231218799465
1274.5900408893995 680.781464576933 899.304445745842
1093.7329835005091 819.804180078595 1001.3920096285005
1258.5705728165442 754.5871475156144 658.2464157190171
588.1413162131596 951.1175621814942 683.4609667669997
871.6071362624405 1091.0885744956313 285.0672461317008
1202.0384856744479 859.3789946279634 770.3194015332323
1151.3431107088186 1162.7432205715818 1463.2148327260725
1352.9424787536555 340.61682776633256 34.375821063948706
826.0335408120568 574.9026783917898 144.83881686734696
1020.9593003893881 842.7935906796984 1484.196101096099
771.4205191438662 886.2079870609255 481.7204164970232
707.7175229167055 674.8380506534288 945.6939637844658
816.406128299606 931.3331993651019 1320.545470928118
1290.1893430354444 1150.623881747901 463.2586994556055
1156.6443155643578 1094.624362916781 1325.6385478955078
1031.651829999343 716.069332429897 329.5200527149522
783.656358300282 747.6987108067794 1175.5213314936818
1142.2745162490708 893.0927104702057 1204.8599627032445
977.1348657624179 1540.190739989082 1013.5726970158274
1198.5471129672299 780.0410528380985 442.6399495448013
1515.7546283470506 880.4057978746056 955.0216533994741
585.1756859188972 986.30421965485 1301.3947725933044
1029.4034906730337 627.5893249426186 1472.5499587979475
1476.7297333283918 1187.333197854393 133.64196096063873
1201.3016882951767 1152.9596488976977 350.11050317686966
1190.394530598024 881.3325180042804 1249.876070024584
828.616821818335 988.5864105248171 1305.3919011065548
1167.5373148196254 817.9112470946197 707.8086708372457
1057.9904978435413 768.5272995996394 1025.5632548553262
803.6818136762803 885.2116560874194 1148.9223489099438
1226.2670492889135 619.76433353543 1146.1499032326178
730.7913264410663 810.4122048469727 991.209402464485
1181.0853101014677 998.5234399606891 701.0304608957898
911.8224742641014 1025.7366319883226 1387.2212824603657
1005.2147738849636 1280.5194305004165 909.6218624005387
734.1118805584358 814.7787991943508 327.21686385491694
808.1477470206668 734.6032350733431 1293.0043256092345
772.2150169679057 1302.344024613849 322.71044789878056
1074.824390420822 1214.370697707331 1166.9723481431458
1315.4842974694961 1128.2175420912795 1372.2851809321076
697.8453580398343 941.7438706341329 696.5448876142684
725.1095533008574 745.8047738492511 1342.6324691554375
894.5256542978484 981.3243421811085 1079.1168684953402
916.3258445281392 941.0781617101966 1315.3835373385414
1225.666810795039 994.138536126447 111.15332118284616
917.9418225677367 1334.0139993762032 1424.7767991470803
646.0388697897115 851.4601765203665 417.40114101603064
933.0693598168073 1357.0175070084624 436.3682529109894
1182.2411687464792 1102.9868636433637 430.36185172980544
1124.2492525927682 755.9019433180895 396.81106327898954
1123.3333105614445 996.9437769487414 548.5894584768687
754.9886628803928 1469.8994802698287 1103.7630467510228
939.851329336432 1091.2967877847188 404.08222171194376
911.1100763763387 1040.7572500884603 128.20710884301928
945.9801786721783 1174.6201688399683 312.16123895754106
494.18825400020063 1122.853351901906 860.2402241037425
1247.8455149861522 803.3080770657791 137.93166238859962
1023.4755003003638 1449.2158317683604 764.0797531540163
1159.2954778937735 929.2778269975147 199.15418775951287
625.0941640342382 1179.2482029805992 1033.8260581545753
660.3730588951007 731.5128911399768 1077.0694707690548
1052.9019103496744 1106.6531517434864 56.418913912480825
850.9496591789041 1166.577369030717 549.4916924519349
1010.6246911650255 934.9717046488191 794.5280911232398
1344.8386470860787 1373.1885980829638 581.5395470224552
1018.9758723451944 1002.1482902933592 1100.0286257834161
1070.0141040406002 890.5458370331212 834.6777541388514
933.0801644177474 567.7081453498458 63.415707772595475
590.3975944298245 965.6800770896571 608.3547474793056
737.2413485067384 1154.597958757167 1271.654362568407
1017.6841239173464 1463.3655179916595 1067.1434567253245
854.0301605459525 799.4575319707582 541.258144270228
751.0140295369919 915.1070682639893 223.92192369625107
1079.5071534944286 314.30401636846113 1099.503357986578
949.3052853808028 635.9476764566627 647.6558341154641
1091.3192597028358 1354.0373421228273 571.6661870428354
845.9310857167219 922.6532151721802 419.66436550566164
945.8610380423582 1302.368263614429 43.46939466873123
812.1362127231539 890.0090798020432 793.016561553734
735.4980761113615 773.0179507385574 225.10641863344145
1114.0968072561384 1099.068098055902 1400.7681590031264
1308.4227227884157 917.4837148834571 428.25449193404216
977.4600322330272 1427.98703552129 38.99846504112453
620.0246015095468 1281.9874469094707 237.34160339109883
1288.8539863978988 1029.5254365862963 1090.6937230080248
845.3698730854643 1029.1595819186125 1206.6672303168655
634.9702040197703 1459.9598972595804 1010.803216132043
875.8906547296529 846.8101571267194 1032.4815357840218
1110.6825095778145 788.6863842131468 726.0550874138615
1193.1706639827487 1278.362550670311 277.5227233100542
999.838080670396 642.028351147532 888.9874758620849
1013.6836568360352 1554.2906007335537 597.3594536400494
1547.0007271042 573.5574735244165 805.2504275824464
518.6372704945725 836.1965876392733 622.1221821212997
472.3531441607314 1022.5613405968771 710.7911887832395
999.4450375986696 824.3847813538638 647.4573308655058
1350.8067573312997 1032.1824621667902 914.1247381443178
897.1653909335305 923.1104582692449 535.4184619129393
569.7170509670573 839.9894639442296 153.10258794904337
1015.843920374141 1114.1824559964775 1050.626311996493
1421.5888424327295 1243.075131347152 745.6192715658481
605.6597135472374 1008.7370144565443 429.43291317100613
291.0673643436096 1019.0628594204339 684.1279407107173
1194.0620954937256 1164.877724687692 961.2437152183543
1220.5447790161825 1285.8681859404624 216.15250800171947
1026.9938836239708 750.5887174819156 960.7172579069413
884.1397397923031 1065.9260077678096 955.5970785991035
1267.8520009025551 1061.5865648221534 1247.3564463763819
990.7846151990859 651.5657368346451 499.98639577851725
957.1193037514387 897.6478307192887 440.75227541631597
854.1539925898874 1229.1578120495442 1252.3105511910373
877.2741084600368 328.1353998741687 266.839030048561
906.3263237541731 968.3356168176078 421.85006335761614
713.3711594430414 668.7327105355912 474.5660670159094
826.384500994207 834.0595253337036 701.2307955628158
1447.218166557123 1073.701239810076 718.2262497635331
1334.39711006794 889.5100846323804 1187.2276515397168
1092.7210349880024 830.4742147866802 878.7934380342291
1076.389820691903 1220.039941931007 445.5608507304189
802.680226908238 1064.5633700337396 92.25084106181153
1193.3717299428704 1192.2352877523665 311.79818654575234
1253.7788728307478 1480.1499811901776 872.4116589401802
699.7088270973177 978.5281298324483 927.0747661751758
986.2088030311176 631.036802946725 1053.3688469670194
612.3093703605608 664.3111126653196 62.76857404723118
1213.70093151415 1460.153671739817 155.0350181700591
1437.0583919433204 1157.0702300243022 1329.6897175122244
951.4850402114681 1250.7555852629068 191.80792376871403
880.6087088898844 894.5609512036865 237.331036451685
1409.9217691549188 1101.513014843837 78.57192896224107
855.6566220692159 1066.6509950925679 591.253986561182
791.5045043492196 755.6227458990292 1334.8662824112464
1514.7585273204375 1105.9931070485009 96.49245993583216
565.0872033509884 1003.4563703937042 893.847737677189
828.9957636243822 1696.364604331759 77.26316462485555
1185.6121032926799 1188.2159243849758 525.7116174816475
1168.2018361390685 898.8097990760547 226.38098234786546
705.6241561475292 1109.1439727893485 903.3532627948227
640.0022370095992 233.24149828722454 66.17383546722382
963.5983988886619 1210.9025755290477 847.9263564872136
843.0206139162635 1515.014617703525 170.47511778175806
996.7973860064186 1008.43729210914 875.4862015450459
1042.1442755947664 810.805723927832 349.0413499312411
1078.971490425899 1052.0588115250716 1485.385484498432
705.1723212589588 717.3383838271513 1277.9508598965597
1131.3959088828124 1053.5699780277866 322.1881558291334
1051.1191278803271 1105.1578690465274 644.4592465677176
1168.6880561086055 1183.726935076802 1003.6934833182394
633.7365633136428 382.92775207542854 1080.7269489132748
725.6530531736628 1074.5211327870986 443.9666742492344
1020.8650764800459 1415.6090011907384 1172.203832651788
1196.5664318857155 786.8872122412913 1288.293051583609
1376.1273582577587 919.9422376345028 1088.264940977873
1451.4340473143554 813.4326703495465 633.2462777177708
1205.9178693351853 1017.2966964203291 1136.2141310175664
901.9668155212512 643.7333503937065 445.95553556989967
737.4420087501247 1216.898395902772 239.57695903484978
1019.8767836090922 862.7267939923948 618.2390777563062
667.1729396502765 806.188961957771 347.9453468119756
686.9004391881576 1118.3905390931304 432.31788915861216
797.6350589581054 295.42824773450354 480.0878539705126
680.9928349437457 1320.5216832349035 529.8927131061445
788.0927591370146 1367.8859148438166 13.53679504082239
963.4776062539314 837.0206416792857 16.758802470846046
898.1160732364218 1223.9152610362362 758.8531484902882
1311.5428101976347 1284.76082515188 52.71140613949643
1079.2413653748522 952.2602738259643 990.9943170437009
837.8793695587178 1123.8407341328284 1192.9043967214361
1199.7065508506132 1651.0511688167703 411.5143137137098
1042.4688198676702 841.8398943851121 307.96886854265506
1128.6335875833113 700.6697302127102 168.97600188632728
1129.2549181191291 1154.3589066479026 1247.4252167215723
