2000
587.808628726664 560.0441347098053 1210.0994261131782
921.9949592680978 914.4471150447143 55.84283957292408
843.5542543716653 1286.0999583469693 452.2521230827326
867.4876404803333 1052.057972557075 235.85701463129982
984.2082843730493 1369.5052164807066 221.0385067718666
460.83268863134356 750.4629190759257 952.621827715616
501.06971575496885 928.4893221455028 1215.9471488797503
690.9208915464606 570.8024289888385 630.8280301552282
629.999298115506 1255.7201464932245 809.3886787942121
530.8490036552712 957.2939993597337 520.8569023228845
1069.9194858956434 883.4788057225289 273.00092206529035
1266.759083204211 1172.284268997877 1414.2181636630207
649.9039909194398 751.6195862399629 187.98244333511903
790.4863994363803 1055.599737528318 907.1703071110418
1047.8850768957518 1011.8823422586977 35.67959777855778
1371.8532772486424 1247.5515853061033 1346.0180122916402
1356.1237051317557 1113.4287150726755 1148.007926935064
1076.8240661387142 1405.6395393793066 124.36314154101686
1144.68856295154 1226.2442326773316 659.1298917459412
1045.9547931492887 829.5967415851483 260.0161690006176
747.611253771388 789.05896193427 739.8714330427482
955.880339737092 955.7599072966096 753.7693059348877
1209.8628501400888 669.6217124756686 1486.0450599837914
1083.0914245853735 853.4080119822361 894.4254683822509
870.9166472539489 994.3900778440459 257.56549821514386
861.9774212073669 1147.5486488839279 1427.30288035481
1448.8024142932877 824.7764580250731 1393.5269168397144
855.9206145160799 1371.7985388284023 965.5850878452039
1021.1968462590994 1280.1332267841738 1459.4303565634252
1159.6303030168096 843.1159321479225 962.4036212621994
860.1969764357381 1147.2282707801785 1347.8120592679961
1077.6020723056463 1080.5413106857045 623.9162702925761
781.2951625607121 698.0335230140065 1164.0631487251214
1189.9344803296694 1126.4110007588674 409.9932970174401
600.58347488251 1190.8065440794273 712.0618149834678
997.1512676280463 1034.7563353676385 456.9014082806962
599.3765189168391 751.5595473932716 1202.617416140469
947.1180556528363 1473.3599309370004 1261.1119123214546
1114.253170878924 1062.2095486667833 876.098375416191
771.5804978240908 1537.2728677781206 696.0239091814633
794.9884307147876 1003.3271093132012 530.2930287182205
900.2235056083287 1253.2629928253277 826.6988489435489
760.1135575035695 752.4279395880747 262.50926743885555
957.1444030548917 1177.8783951938237 1243.9280137813469
1045.765320193795 1100.849584286166 1396.8542083869659
1140.8977006238922 1404.0637974981287 115.8446064537521
849.8439811919799 764.0203480037137 578.1698160650178
1101.6596299979094 995.5874679883166 1083.8188514758253
637.4102222619185 1182.5650297465138 1198.303594444175
1296.7711106891727 954.2029021232548 543.2337438817945
1113.7359004915936 912.1305930986925 958.572671192203
990.9992590014502 805.5171787182693 1296.3394358520343
1104.2397619031774 906.6757172803908 1019.9891601340332
943.9851885883561 808.2610856681755 578.0492622513783
948.7129281526139 773.5636655172008 195.0477244553413
252.10324314270417 902.9938748426226 703.080392711581
752.287652469449 1079.9556248678746 1390.0356223421238
1337.2846283055715 1244.971250714018 1197.69654645301
931.9102604857743 950.475722703935 20.993144151922436
1103.8427771082243 900.5059724772221 1396.5384523896962
422.1685170123046 1221.317131261238 736.5990740643444
732.6660342933081 988.327874977384 1158.3710332173584
739.8963127682656 945.0104253679349 708.4707001391785
1073.7299928303933 452.4646465687621 235.3703525515886
1299.6099535040696 749.9806650561555 1478.5818068495012
714.0122453599577 658.1768173308888 202.22062539187846
770.2477460495427 1197.3859043438758 384.73907205159094
772.3996675198248 674.7537902733641 791.4270438424153
1002.729143443908 1057.7833315260652 893.8815943349665
631.2856044344132 1261.5251929886442 628.9997846423324
1022.7540913560775 1053.3653851167112 169.6219375541294
1350.4811216486364 1191.311783603162 1421.9605431015016
1121.9741639444715 1012.8171325961591 340.23342896397213
892.5611475865248 1054.0664371589567 763.728335694309
903.9283584342716 992.2454973527427 106.30470049364044
1159.8564725262422 750.1324271577612 215.31040159502191
994.1627476704047 1238.357665745429 502.7899453245788
1348.4277926279476 808.629883242773 592.6828448387276
831.9916416100018 1197.8888302499324 929.9269860008662
876.3317496593073 1070.011356758943 1316.9395595495687
857.2986627993711 1121.192797844033 213.78518957670335
1282.6850004346168 717.1736285463094 1226.8811883800308
1009.6019314453537 982.4323936085642 997.2722189135604
621.0593414922441 1531.7101024096887 605.2719737055056
976.9105362474761 1000.3032561000855 596.0122834078452
1313.3329106320116 1176.9433996443208 473.58569344389
1294.6610383459415 1370.050108314809 1221.78201435355
912.8934343281074 878.8198749560287 1173.203621347118
814.903878895293 980.4400243980405 765.8137330325093
966.5693475164132 747.4434681060413 1060.0059100382987
1098.4798638756595 802.1460461089259 20.336997484062145
810.8179164688011 961.8167726368742 209.40738278207445
1141.1991150692083 908.0435678161764 828.4186846726684
1438.463896149466 1107.747465226855 1106.587955512594
1285.208851754109 1073.692953338884 559.2700862954546
814.7002941044955 1050.1131880560113 22.521569347793037
1248.5711770284888 1111.6519605493286 520.040777333125
396.9690126612836 939.1165896611603 1082.776993493425
860.2887237291325 1499.8704054059017 28.885473507225978
760.8964059677094 705.9504691822601 645.7062052428289
1024.8983580608408 773.5191245242395 847.3881303680103
926.7336618058686 1024.0090432378422 794.3787460317674
929.0339117493928 1109.01295126433 276.1143261068938
871.4219490327168 922.6647856965259 1022.6549496027222
1215.385109923413 906.3073934269372 301.78499675612846
1257.063071989436 1149.7215560779593 305.58793789954
912.1550158384713 1099.7034140170485 18.13231833016221
840.7537403072846 1187.5370107609958 191.5884912356417
736.4993291720687 1057.0692260182998 215.12551533588476
878.6653579645163 482.4844752974318 944.7236286516954
870.9331285594096 832.0486127468955 985.4978846377743
1242.3611782756182 758.3840450307388 1288.9500803361645
1117.9289002460384 765.924188698064 123.0362858932274
1361.9708814586395 421.9101573823825 1031.5059506217801
1299.1953524433839 213.86189923666154 743.4869906638633
1264.325967076004 659.380047332565 757.3215672029326
994.0716372839115 725.02427590353 640.1850419288386
550.1427517691601 1069.3002057681492 134.47023385729452
1187.7581599978564 974.2654859883671 942.8360340519354
984.1462108879593 838.1100290112998 312.0499000425125
1198.303891759074 863.2151132949014 367.30615312307293
887.0444765985919 1074.3568762558227 2.7188609761112925
1024.500850049861 1058.9801702535794 867.8291865240636
883.7420390315646 759.5093430762057 443.33974492195586
1137.6185123616767 1015.3011689471274 150.81725507464833
649.6135358509922 898.0467664276098 912.2406296937949
931.1878859898508 1589.7993500534503 720.62989358443
1512.5413773383543 886.917435553273 89.09463541363088
1363.9274815291442 1014.5899009907323 1052.1541122666572
1289.9080256185744 1107.8855501832477 125.76830705630104
1250.3700954947674 803.571623668867 928.4125624146855
973.0545327803068 1086.866509403088 1479.9735754759654
1368.431352424483 364.50514934385774 1003.8574349538002
1325.513137811879 1139.7142722433846 944.1441067039543
1343.9911690406627 1123.0379278446692 1117.647605844646
1141.7089231793207 1127.4504573431057 523.1778802148433
976.3356601385346 1260.8311183794945 851.4793392687891
609.8661756467552 1253.9644873742818 1039.5897110148671
515.1404179675657 1393.3124402180924 389.3940199829602
859.274857637043 1070.4955586482004 539.2400066964168
1046.2874097064562 1293.4912966318761 818.8642388160343
925.7391945179266 668.1273227766046 388.243839701577
1132.6303683595872 1356.400670211073 578.451062162345
1037.7225333010254 838.1121919919934 1399.583626174098
974.8606119356557 1323.891159543387 1204.5039507188726
1029.8747868062837 997.295040437081 239.76405650455257
1358.5834382151322 1246.4599594471656 1108.6113934672537
946.7356040705329 1022.5329654711438 6.682519188574377
1093.158621905776 1003.53322166944 354.1267708632655
1132.8054836226122 879.8953008863795 60.56158079298807
298.2465743197172 1146.2499432744423 1125.7167527578097
1015.9679432017367 972.9551940675448 677.3199384115769
885.1005867670008 991.1437611455846 742.2642455792957
1013.3433892853916 803.32645378867 1093.9620574347537
1326.2197605862857 1228.7129504624818 28.768202432354563
1000.7614194305357 1465.2483818069763 1264.6523806289308
1420.2915309860539 1107.8257644765108 1216.2297966433332
913.3177777473035 1171.9671591883775 650.9317048677042
600.9938117842487 757.1888446315991 989.2428198864995
1324.230460080122 658.063922129607 467.9457979681461
678.7885442702118 775.2028992319107 202.35196946016382
1669.3738916072289 1254.2849524586672 708.143623926396
1131.744680363708 1263.0442284381575 498.470387541978
724.1781677091421 1158.270221835849 1440.9760118710665
1127.8663493382232 784.8248721060373 453.7886763243232
734.1254252604676 628.3626691440313 117.11189508809561
986.7828404127565 936.2798487089924 48.69300185159903
1379.3129722276653 1364.9567569786016 1121.2409823692599
546.8128939257363 609.0964054771965 953.7680037829539
934.5735402673118 1166.994972513925 1321.225349456327
845.3427021908376 932.1693949100409 404.7084981213467
547.8387981864017 987.2692334309879 776.9636542693519
565.1475578192822 892.1018909832379 969.390835682707
1134.992151451981 1097.3474772017569 328.78676843173537
701.4442165659643 1290.6850849951516 699.2519705195667
733.4651028579397 952.4648204876526 336.4738592520976
1056.5477223351886 1192.1661948094586 977.53371192105
863.1561327108999 779.3594981319604 554.7050143240257
1105.930672524354 995.2821691095102 1228.0466496696947
1084.3887129450566 1194.6698253174266 902.375605325991
675.1977288565474 853.2784037361041 71.04414838774842
1040.3002870926016 1400.6930022267134 1053.0038269851282
577.2902283846499 878.6197611369635 1166.793009793408
729.3181504557218 940.6331137871333 842.4435533794566
886.8983461991119 1182.3104355550965 346.16928831495244
935.9003768369661 1203.8407392463603 324.5621247193652
1284.681347569947 1059.8797671765863 664.6071879562168
1439.8990977079934 842.0188666894909 1421.9736806227834
641.1084664030864 1099.2792900894196 1480.5645965503552
808.0130671318703 1056.7831522794922 777.8280058777146
898.9561600844485 991.1340594261727 94.91620002868906
905.6689700324922 621.1737642222145 408.39082277014495
877.7860702418682 983.0150783076941 342.96271957716704
1028.3793869481813 955.254924934409 87.50378302095186
1657.8437384790054 936.4001120135853 1048.6496264260509
1310.1114775153492 1098.3411065786868 1392.2826158540736
1233.6948490284406 1027.658734285645 11.18443010676673
800.4029875707505 878.4707323473431 665.0872214484293
1032.443224221355 1421.7857545403836 485.89043748767745
1234.7368403392898 754.8576070168007 1473.3426610256295
789.9367071655741 490.8485019382225 1487.4397767268165
651.5607830593525 935.8183609740327 1118.5769425848468
811.1906047939783 844.3169911601191 413.4127834029102
850.3802630168796 1120.2282991090135 357.92743055186435
1037.4474511095932 942.2418765051316 635.6705471143532
810.9765735219621 1079.609941334904 1334.1125756785768
1218.6990944625431 1336.7915195234173 707.3895509395539
1434.1377175816974 944.4335242188625 166.22219567558716
1149.8589741313147 412.27523593961814 744.1175643524715
1503.4248772844394 793.1664525624439 688.1028026167653
1144.2163532466561 1035.3308264233256 1104.854502843282
877.4626861502524 955.0139780310777 1341.5342844477084
1177.9054486318373 1199.1873295549046 597.439182162887
896.057143077519 950.6802283737325 850.2031318705385
1570.6044111650613 677.6271331623329 1095.4584762220084
1090.2856884350936 928.5321377601183 342.1396691096821
1212.9997976875088 1265.6242267981427 472.1378383437234
1033.4526522027522 906.5446160522794 1330.6529063120552
1137.5766721979116 968.7889938099358 1066.3191351387359
982.5911205620629 1178.8944696531194 315.298420936036
1075.6835042005316 1414.565656614198 400.4651227626963
1131.4920708150325 994.948807610667 1430.934043792001
779.3385046133831 1086.1425994782433 1010.3935372092737
936.1668496696221 1270.9664444932282 141.40059027813479
838.2039576871147 1438.5608808979916 263.35928834390813
1354.7822440279938 1052.2642312092125 345.84195516353356
540.372559146273 1387.8431653348698 616.9409780831991
1048.4728556354264 1006.5407340766717 1171.99783528792
931.9404615812618 696.6089793181743 193.60753120233076
1286.075475763501 1293.6763907839238 745.7320543791585
687.2037424943221 907.5537375039601 1009.2358408733771
880.1244898142767 1066.5852394086703 116.34430444957655
950.3643746996016 1012.3528408562171 565.8527450000317
905.970204429206 912.0792217739024 1195.9627014777489
943.175478448316 974.0434877567657 1236.3073445683815
904.0149866878668 884.1569467349946 324.6809873584191
912.2150170579459 954.3969604523226 814.7788487633609
1113.2998691450841 1092.2145531223266 1065.3479840553723
923.4916185802169 1212.7765619540837 207.8437737590796
1166.1968405547113 966.608690268502 1183.4989524413288
1207.8576382386018 825.2739098795303 1492.474335145365
1240.3164570624015 977.1410019430332 1159.465097057024
847.9822008655566 831.0714584106908 1159.6825018219504
794.7076749722332 929.8034352927218 710.7978990907275
1390.7662755661631 1005.4892615340967 1450.0090219363458
1057.2375513156578 967.8937540530095 1316.4827694056185
1097.5889360721103 669.4309764887244 276.56334687397907
1114.2567229463789 1303.3881312538206 801.9194814577868
1013.7115352932373 806.4923800309346 1317.204673509506
1059.5029016683625 1743.2393320639953 111.59820002466009
1241.4432626710454 947.5194981467472 248.43829199928535
942.911036599702 1097.5614689979159 1459.2243666333932
901.3197774869427 889.2903562470653 952.78426426318
1091.4548376616638 1213.1691266667408 96.7320065772742
960.8516159773735 658.0339708526393 658.0147767598663
1061.272849531243 1365.5414996678326 1466.1992881625347
911.2625759074136 1014.8618654879087 45.43076589566125
1184.721215207973 1139.137142045491 255.25344261125326
1176.0048596275308 1440.2376125278804 766.324931811512
1048.4399569216814 771.7436512018973 824.2945588973289
1105.1312427981743 1021.0296973795595 1103.198417059509
906.7940387500097 879.6735085076259 648.7747953679894
623.656109479597 729.3387898803662 483.4660227105992
1029.0974984313239 605.9877371830113 1294.6494943502657
967.7257396810473 929.4995196344364 1415.998942679757
191.3392839669167 1775.0946951074106 491.1372358892165
1251.8506723769292 842.0829012587067 980.3051699381141
811.2685826767005 1298.658937749694 323.3013936676916
892.934813388307 1264.5160866398082 741.9521282767014
482.3517230586991 871.0199083381144 1397.6384307035396
1288.8773554507754 965.8381360877211 275.987245190924
894.7113860514885 781.1819712931356 248.5404772118031
1137.828936584866 862.8510255690414 657.7205370489625
574.0221676186138 1289.4120429601844 808.1976025745352
887.8176779179055 1241.3027178430996 1393.2230486788608
1357.6652278171277 719.1776241898995 285.33091248654273
491.2388128512186 737.2269433931831 713.103395948903
803.0040894371125 929.1807074640102 810.650728654158
611.3363834874112 751.5319163368744 269.63945184687714
903.632650672026 786.4509574375552 1345.9077273101257
816.0676407020479 635.219124650944 628.205226769903
1128.3693681017683 1068.3480134811493 523.1474046855265
1679.7703426337116 992.9030317857298 1046.7505362458758
1049.7173338136217 768.1333903450177 1204.3321841816696
1342.0843206154643 801.8206744612804 1161.7587610152534
990.7778673845975 1285.4740878410566 830.4912131955786
1010.6803447693417 825.2878908661669 1139.7052659721382
782.6941979514712 1210.6855301735397 1279.7435946461032
1285.6080244312534 709.4120466054222 19.352635608908987
859.5612036363001 1166.7092224453336 61.73091184036294
931.7799229042389 1065.1851195663285 1228.7276995361456
733.8253113094449 900.3770905258501 830.7781878735868
1043.2279136540933 883.0816643334279 91.98134761816462
1485.3666419657895 1294.955350052247 194.1919121578629
934.1215345759151 1123.0574438743906 914.6664180142504
1211.695330432752 1082.322389467184 1047.5433191934335
1174.2722075102783 929.0034843508322 966.4626639035879
1094.1187359096768 1287.9608066167361 700.1432157635159
1303.0516382046417 787.39620366123 1248.0719287847921
982.9744222009222 925.650828816279 563.0459601791296
1187.2210318612426 1224.4640076127096 1056.8554312726344
337.93783688590486 1062.1085432619682 760.066346275861
622.8417581808692 870.8809869780855 1392.617695471056
890.6304165191617 1162.8726943827112 482.90623665198547
1058.5841082855295 844.9719394491945 395.9514194784851
963.5958831022456 1031.5106781273048 315.517910956465
924.0813447941741 958.6069621860056 625.4232303239983
1126.877179968526 1218.1090739325423 831.1945806000018
1304.6012744627424 992.4415614433179 1143.621442828679
943.109540621962 797.041297228631 620.7168377164834
555.6899644239638 975.9330072556598 1005.1330658799549
538.0470825576983 1159.9986314796324 299.1643084834436
729.7924565397923 958.215901980046 485.235647866979
790.3099311403275 722.9314521764004 637.2539624739111
957.6947984006944 659.0453044305073 361.3496837042584
683.379367822265 970.970782350982 1498.9750149847453
999.4443416061332 991.5135303229883 101.31023845525262
808.7989595878546 1445.7122791412726 195.47540100999748
1314.9073504550765 1012.3763380635937 12.356820624887854
1189.2282272012237 1050.1707284036509 1357.8136489064393
1160.9742414944903 583.3484758788612 1297.7669008874093
1101.5627821843075 597.628001070713 330.13779865985305
686.5427243378156 1116.625986817796 910.5381722230768
924.94839438638 1344.5673093468317 532.5671930919368
935.5329775953047 698.6543362133107 1359.7280868531134
1230.6903355988388 754.6447959392409 1488.4447188777458
1084.9799675281051 965.071427507747 1491.541727520709
782.0561514177416 1234.883478724113 1162.3093234031155
967.8288170203045 1023.7520219469303 376.7411528183728
1080.468380555752 676.4817277964166 556.5596889292893
912.7011412756524 1058.6418452551993 190.47415679164953
1142.9074091558218 959.8552407442943 147.45391483513714
866.6736184998089 945.7392255807296 1275.7335151257853
1311.9781652769484 1232.0103009759293 1039.772138626304
703.7152604278638 941.7086828527243 1129.9899448820586
1146.6816060748502 1352.9878658124896 1448.3164149214438
1005.3952230518794 1068.8047764875434 341.6541488654694
1199.1070001290925 999.7429170427221 1405.1439446272823
1034.2761515126144 975.6795552657236 356.44379400160904
636.3609987232405 875.4002496744695 1086.0221234973517
799.7638402891685 1091.0652472789404 962.7395125090176
1243.7778433412832 480.4429401789117 625.4023697361458
496.5280611946712 1037.2690062383772 956.8831399636083
1346.9013322936141 1320.5055508576297 1263.5734045847655
1376.0205244797799 819.682729259474 1211.8684480226354
820.441733088578 1230.5913892894926 130.13615630752878
1014.8222827272705 1217.8295843558574 566.0477390958209
396.56852598999205 1103.5754391596345 538.973266164294
1298.5826418635413 761.4062859593982 22.06493937767018
1483.9538082745278 1010.2328065376478 1035.3459870158706
1068.251766661836 370.4621960460247 651.172867307809
1312.9345530812168 1093.24497573235 886.8502819101533
1048.9934929405817 909.7053297552071 605.1512676780923
1076.2373223970997 1163.6913116200046 162.51927759146173
725.7331931559788 1547.9495852895916 306.0639151559922
1076.1158901415445 1106.178671131772 1232.7877988955559
1040.9718951165107 1304.8717228396704 1356.1086599837554
812.5497018921376 1221.649448949541 747.6563665770794
754.9104380680221 713.5120146240721 1387.9212834435025
1013.1939480127977 943.0350261664663 443.47435651122686
864.601598140939 672.3508149093677 1437.453407748532
1031.6090316268105 1481.7122740943892 1097.4672153616264
1301.1817389882317 1093.208570548657 1042.1263203481542
1112.4190974288297 1136.3799400166263 432.8666574617967
693.6775580099026 1105.9269122569149 1040.2956747420642
1141.1270428200562 1140.1920307091182 366.17134248611836
440.5300398316758 1349.5055425893615 1484.587145161967
896.5878877101525 1098.3151519039282 232.5787675900608
1108.8202223857484 501.81050854081286 5.965579909952668
1596.2781690421577 1056.6888489236212 832.3706807271922
1107.55298777427 1231.7580634338774 733.3441706980312
779.7550828111918 688.9325074239403 702.9260711455778
839.4246696191838 964.7442816004832 993.4812427447634
772.0165917053745 849.1467660862932 1439.90201372947
1023.8700494759789 1467.2721926476725 704.1138831587645
896.808630681621 1323.3448065325802 1174.4262549073642
483.4660293687965 763.0381479651971 99.53517242775783
996.9123401457791 1030.9807356531855 17.414518168547943
732.160491042394 698.6619131104533 218.5548482381825
861.0237015905043 1250.0375317742328 252.75979980341157
921.8828307712942 909.6762213370138 261.1405704241887
1051.5519180405001 1134.5675542061938 425.91674937388774
914.181843775933 936.8554961219473 1285.6620339188487
1261.5242952432495 1220.9543415194544 890.8173092389318
1484.9476587869572 842.0983237657807 91.12581598298264
1182.937442295272 1205.3152363253087 1454.086069008913
658.0469211156806 1120.9129266191167 701.3400856698946
1028.2670184797198 942.4297942267962 1068.4969552592138
1236.9557961524051 414.7228331596657 73.10693316651268
578.4663209297761 938.5539967123824 637.0256936573165
1131.1895328720693 1174.8653195239224 889.1219467995727
1196.770985281816 732.2155532460922 904.8854687959973
1232.0250181613144 1341.7792494248358 291.74236715730444
1116.9331491666126 853.8148131373111 1208.3937907561824
551.9264602201383 1142.192093683695 261.29879968725186
775.9160589936099 746.6998242908496 976.7861805511992
1162.3541391288466 844.3868921458352 1175.8106925683473
1281.701041096695 898.3300772122251 1287.6180032307113
897.4753847706063 906.4882445561137 601.3038795130092
891.790234984002 869.4345061973487 865.5805820472608
1306.1906047532577 1199.6618822771773 812.814014109718
338.48605108427694 1149.3373790748167 69.96872070342891
1074.2251859309295 1028.2901798517623 1051.039383956534
797.868731060964 866.3767709581952 228.24180257649118
1221.0262464521584 1097.7682484684124 1194.8020623070859
1204.1362437584664 511.48314413986094 1459.5328073264948
484.57935892716034 1356.2340166155464 213.97665459390547
1059.305104708096 1222.3078767847915 1436.3125638058327
966.7770957998673 752.2583070846716 1154.9082564435273
896.5756648255219 367.18485264392814 976.8900834026105
758.7432704995731 1258.9561446837508 4.133888200326618
967.935061443188 759.5390668380339 298.7021885816267
819.0484704964254 659.6045508054804 1187.9822187984012
726.361921653828 684.5731404773852 301.21340113746754
1154.8851076883002 1653.5193006480563 1319.871512319217
645.8022650786479 1056.0649376835572 1099.4131718230108
1294.3199980653167 1430.1285144978415 747.4703817317994
856.1185700401592 1490.4052717647369 527.0833373385329
899.7709688814771 991.2016918246211 932.7089877800555
1058.0670869968615 1270.1677740077512 12.547229301355767
1233.9801251905837 448.86302531718445 47.524217461491766
1406.87031276863 705.9958826960299 596.4701109555774
938.3302970014362 1058.5415668835224 868.0609918690196
1371.1588642568427 1116.810089139417 107.3413367326615
643.9956440421287 1175.1171945767906 572.694156081318
1057.993995095126 1268.4856166452864 792.4574582097894
1139.9018023966926 863.334296645647 1390.7303118361306
1176.7187702806614 1284.6695128283118 329.1255086641923
1244.4596305263499 1043.9252300763026 866.5166595361895
833.6369787116582 724.6773414703666 366.0577399337294
1239.379397921363 948.4082361064304 537.7277871369917
1039.5348220555916 1066.4453863216975 1158.3156304629645
1186.2760319847253 654.0602142734308 773.9194546042023
1289.2610375561935 1136.8300482801628 721.709607961133
1031.698815919538 915.301455884715 314.38214751753486
1061.6939058738212 904.6053120975146 944.4067454128879
1271.9379896119494 1250.9286499874363 1095.311571574589
1138.9228079767 1225.9076506141957 458.41074877644803
1182.5993594272543 1178.7275902260035 361.3686854112866
1218.367069384695 960.0734042544985 644.4099079028239
1214.9986704242046 1444.6959686369169 4.291203193387883
963.9472728983553 1318.406149813948 1031.4277413485604
982.616305432745 1029.002951514779 968.8787493585567
1089.585849448259 1303.5867530095336 666.8194805218773
1057.7063961031968 1274.4797870504658 715.5138197198274
881.2037777726905 743.3669343588381 484.62151551651715
857.7453292323567 990.9910361663799 47.10500946818041
1075.4746244346427 587.669787398577 1491.4583964046733
666.0858407910491 807.8481390479867 300.11628556427553
928.3180212619169 1254.1676450905027 238.3248040734176
581.4447499559419 1106.1767206467407 450.55068758586873
1261.6305378293816 892.2719673372335 723.8509361787559
1287.3817567398178 995.0004570063834 371.5636451906739
1073.3880029256898 1537.2752985436473 1333.521804895405
1068.2275142182166 822.7041591377107 881.6036578047903
853.7369085623973 881.487465038571 876.660687748882
696.0825408660064 949.9799583225703 1294.1292597698261
1015.6208964032301 953.0659554669332 1390.8452143764098
1296.410455889362 489.3065884806018 1128.8269391642095
1227.1180641230255 928.100031873661 341.35267999623795
854.7123310816366 913.9133325794377 1048.9614070924488
1146.7217972527044 1345.6315288042235 61.92305794714164
1058.9452996605462 638.2746098653807 98.21706760677773
980.2778231199268 708.4579202812347 790.0551433487761
1336.0748620666232 246.14364656900614 345.41586588710936
1368.907847804937 937.8166394973833 737.5300039150545
553.2419608590467 953.1749454473222 294.324970119681
1065.6963512159396 1289.3710305229824 133.90758130383477
971.9445624302745 1478.1920284801865 174.88865007252252
1049.1296883234377 991.4846852661825 1409.0956492892228
1192.7485781047299 832.1692434271054 79.29424096051262
898.4843750438972 1041.6765310383514 1046.5365518021765
1019.1981094440962 983.431139632309 680.1935680664348
1391.7763205178221 1361.8719617037689 731.697687974813
853.0856296233806 1120.5706159482327 810.6985887817867
694.8275274476345 1011.4698412328836 940.4841283128353
1393.69425730329 1206.4018817499662 628.8824237244788
870.4693158371077 888.9574594252373 515.7536567918303
1103.2730681448686 1423.1357136873316 819.0503102746476
1341.6486247205555 810.8116774231574 309.4257993940112
853.6546194829563 1132.835224722208 195.550129486039
1014.094191194705 788.5941518467132 1404.7188000144033
591.7672832995427 1233.4084298472944 1175.144689880639
1237.52247150881 1148.9928410426694 71.6902593067173
1267.9027124060542 1003.3951434627974 3.34148667204337
869.4293662436096 923.3646116142075 240.96158435321647
749.3772887369204 943.3597801276413 916.8912177104286
848.1693677962855 814.2352883748745 224.37260463429516
850.3702471462892 1066.121826502363 1376.5318679535903
1592.3121111850483 957.2360446763129 410.0195012475133
1062.5611446493738 516.1065067372263 27.893248286643356
1023.3566719024373 876.8690491367257 1047.5224383027435
564.9127093136876 1021.5909308838799 313.67600645062294
947.4527088754851 1235.6852500372513 717.0511711618766
1338.9089065629373 1111.6871172576357 786.0011869152145
783.2873225564615 875.890241386449 1376.795348205525
912.8275478172741 1296.4613401997922 570.3023424837284
1389.4481176483937 1021.6819612985311 597.5365609186554
1227.9155451287181 664.6973988353731 34.57761020920397
981.3241854020463 1026.8389354420517 1462.6230378159864
1268.3092779820413 1110.9797656121784 822.7660914004861
789.7589053845094 689.9090208396854 414.27842062141264
1123.8751402807982 1013.8138249660898 1251.9465789212413
1238.630453384143 1244.1057257089724 289.83851755585357
884.4579203082376 1046.0392110336295 407.6163322765013
1022.8784073680016 1090.77392358432 302.7382988049281
1280.4927251564131 1319.87644540314 1348.8996486926567
750.287455996242 1025.3174773257256 1280.4970563983293
940.8919611888998 1183.137466397719 215.23834848721717
847.7148753809277 1188.6404163839143 280.372234784115
910.0252445149558 1188.3332245995337 737.8151814882292
521.7795650545712 1119.4695146220029 1375.9455565474364
1272.9406005991125 1117.4020946820729 860.3564290567451
991.9814052917707 1152.2917264332689 1359.8822952359897
1132.6409288779137 976.6643106810128 554.4203826180213
892.0317202747676 1218.0321891006543 851.201406933522
920.1802961602848 1307.9452946718259 412.6866614415379
910.442966140987 1352.6780922615926 1134.4799530317207
801.7700670406542 988.895705175257 6.005307542822081
1139.4153819894248 294.00959396712017 1486.1614500912729
1151.4473402355684 956.9759304515637 445.1238950950051
1199.3935429250155 1448.8590943811325 293.1618838348892
1426.5384527274696 562.4761388549493 704.0389851948576
1710.3737773092644 1145.978147608346 14.550105471480945
791.169699412534 1040.3215586624394 283.15505746426453
957.8372860906454 908.2698309116541 1473.4941452298297
1025.6995622434051 1342.096932922017 681.7333597204375
887.9278654214521 1125.3745563890245 370.1252850099948
864.049765216361 1181.8431616471871 66.73293507020439
1259.3678340144654 1213.1534987940227 938.1809201181603
955.9706132545255 949.409724280797 198.93609089501214
974.4275221666123 1711.7617478930779 877.721647478101
1118.0564137788251 990.8461109563128 415.0877005178728
1440.6184367598803 865.4298064912045 1480.3600491166942
401.1206475882261 855.9363226528859 535.0697554596129
619.1037502045481 760.677343493182 965.0826944089723
725.0606174812928 942.4390820224003 1321.1521051882971
968.2119353117403 1033.1758120036911 618.0915104169608
872.3661746295223 728.7206243419687 805.5227097411581
1005.2319766314006 1086.811924962089 863.2611720591615
1178.9974129217528 1174.9051865970362 985.9473361837353
944.1544708420464 848.2586667275259 195.49930454152963
866.5398979767879 1289.3121719102762 888.1192991456029
921.3580769441131 928.3656198612974 572.8086235860397
857.6679990356307 1228.9820745863371 482.1884174741323
873.8485489156001 1308.563330669348 972.2665138357669
798.2741351107743 1023.5727777156361 292.5590847578524
1274.940108901665 1106.2010940601583 1281.495274960881
1143.8032896891586 911.2901820471754 894.3161577388455
1072.62544869832 1131.6473523355737 725.6972504374562
1162.9104909118444 891.8628309911783 696.1659739353962
706.1108010642489 577.2748917178394 657.6489487640615
1025.2625688098847 1470.1038542593676 1310.6764896629516
1162.6211303574567 1335.4679366039613 211.0694276761612
666.8340224237874 846.9765321818109 769.4399017391008
680.7297915400316 1173.4897603857848 572.3469214606158
1225.8000559303114 839.3952756015417 566.3818162620815
1168.1774691548158 1122.1351528656703 1435.7079626465593
601.1228743256083 889.9437490356931 1175.3033942751465
948.4949014045033 783.5970594284302 916.9362681915937
666.0446758323046 828.3995665145248 1434.5176287343218
623.4637847938102 1115.5018184539022 1431.9715497490886
699.2283431129374 1171.045420112136 662.0091827459376
1098.3010410819213 1177.0891131481185 607.4768254412209
1127.9345506736197 934.2609445694441 939.2901515713867
747.7176138493762 708.3824073382816 1261.2192385297574
733.1978549735745 886.8057191240227 1029.270269694345
1009.5488973570812 1011.1818290806125 993.1498401683713
721.4789568166309 931.6226879163778 495.02756121274115
1011.4267140841893 803.5491619687969 99.36131381157965
891.1676588309253 818.3282642440505 1354.1347058176932
658.983787459342 1173.303187199969 736.7791654276972
992.5239067412173 793.6467281728799 938.731381423908
1247.4598231979005 781.6374127246346 57.04054329765601
1069.5665087643395 1003.3044586351924 244.3013398036301
951.3668032285876 919.4321766882164 389.6106513641381
1337.3986037179618 922.4761717503537 827.249316327958
638.4192367067483 802.7390387064258 1270.8982872715271
1055.5443121792214 906.8563719633365 1208.799160109369
1113.1487623007786 1068.8729720705633 244.35218048345385
974.6179436979688 1537.8489109566156 568.4031487710267
1134.3081632147703 1176.3057080869128 1151.5765209003555
1185.6978048612968 1269.089842984613 1379.6055512212913
767.3961761762375 1219.571254892263 1449.4221329346349
1040.04559278474 954.1713199776668 674.967569005239
1022.9809153990938 659.2830910446897 573.92668371
934.9071764051823 908.708441446225 121.67990085399055
565.0211070606194 832.8986538148336 979.7950610199749
537.7582433788602 775.3552796471981 343.85628290106433
1419.1646283255236 1044.2657357235635 6.728780899196652
1033.651303231433 960.4058930291234 775.6297784480124
908.652274371284 1716.5392373452962 1451.9793035852758
919.4771400871246 631.1150502364969 399.2666897923478
918.3402296147369 1105.3647894091723 510.3842775470678
962.6704999764835 570.594912856795 1269.6928351153972
1357.9498172677813 968.5660566665758 176.8973610462653
534.7957166498845 709.2850020254077 1427.1057985549123
712.432120787787 952.8020642624856 442.2598041818969
872.7026894113035 927.2562905617609 740.8249686432737
824.0338685319248 936.1123089100608 1182.9302746516444
1119.462940286268 802.4962931135411 698.3542767339976
1353.5014668438548 882.3835547636104 1307.9143182503628
858.2298926249255 1001.3460252713465 1320.915164885872
846.8710084243214 1030.644999462911 355.3611702135228
1110.466950967831 341.1569692958607 1217.3177783491872
368.9610743380955 820.2007975878795 1239.964328630353
1404.9552818703332 863.1636161618151 1006.5676713190954
1114.9548984995872 1358.267974542656 975.0592955804935
1006.78263938951 1239.3626597439463 949.1362699016246
696.8317837252132 1569.1686880899533 1235.6516642615047
848.2354891569179 1056.1432040212585 843.7710225351515
1105.2157452514193 592.9453021422487 515.87831956421
878.9311934449555 568.3402648683765 596.2575919312844
654.7095200459362 1090.665443950243 1280.6791859805312
891.3469724260968 543.6995969760951 1054.9274396888889
1043.6836497474117 943.7501140730529 337.6353479163521
588.5995282528495 972.020084329377 202.96749449693908
742.2374878729684 891.2600647532405 699.562283321906
1077.4164938011786 1065.3070407253854 672.917103371602
920.1805217973789 1668.7622763165461 905.4707299071481
886.0470367919227 1333.4035662883814 104.26539725019302
1150.1418985427463 1517.1320969158226 1028.7997907811846
1204.769482829941 646.411820769926 253.01181057171922
1097.3108655181902 758.0723163206517 322.8205869110878
906.5919291941099 884.3777350346379 9.101016441523946
1201.800691779405 869.2209490484473 1190.0037497058718
1059.3667918501274 1052.2586684982027 1427.1525513844256
1196.7741993992195 995.6778378958217 431.5312792189484
1132.9881571172464 904.5817556824786 666.3263864594753
725.6619019152736 930.238919073019 1204.017030915385
798.5034434256997 1592.6421839745665 415.4950788096345
1368.8266225569566 332.34861227836893 328.00295669934053
929.6573737977192 916.8818789295858 581.4194269910653
541.6852754940546 1387.2363468480512 173.52680950009795
978.8923235884679 1095.0039849473155 17.79599774670193
1324.4269451497028 1030.5983580464099 442.1880308161652
1069.7425236752351 1159.3480897097415 873.9605281484489
1243.3592004975424 785.2167773387279 510.3190496840178
765.2574250620457 582.6537792199101 624.2822672992406
882.7502336413272 495.32902536643286 1322.8921254192446
919.8837894692884 910.2752045941716 105.248312722312
1160.738578835073 997.3573059150659 1280.7954029947548
477.99685156640646 913.8278666859694 641.741808656422
930.3013895570772 316.4494556234506 1405.7107296895447
879.5299677440122 1288.2539499228792 1417.8204823032916
941.2112111093262 1101.7912018993347 1382.3658836143777
1230.460671740211 1525.1975879031274 1453.7776437802836
1077.7527707069328 1439.1197870999283 61.02882023096201
800.9737671821299 785.3850303193012 420.75902460651355
811.580739187681 1009.651098109624 673.5011552586627
1302.6944948528921 1285.2076672174865 21.798453053479882
920.2203712057203 596.4940261911315 1462.3838785330047
1309.6384245039228 731.005183176758 474.47443996596775
574.2078479620782 823.328610953012 1279.4076269556538
896.6110370224094 939.0725425797069 1158.5347408999805
1750.356322707467 1768.3040239234663 1313.703447183298
931.1088737344692 1085.9680252557782 106.6596500549194
888.1827652722626 1099.2934894038083 924.8877131351643
1004.1871529471152 1140.9383027818585 1139.0955948890798
888.8115292858853 965.0624957115582 1128.9716213114548
1141.8343113331503 845.898917333524 1443.8404445352846
1103.7056998861913 1273.8796792917367 7.219960783596213
750.1701717312217 1290.7368335990018 172.77862056255205
920.4230502315867 943.0671361088226 162.56382982045525
914.533255164505 680.3216277395097 1493.1106666506446
547.5410215116462 1267.0092499769269 1365.9677863718423
1221.5235610543402 982.9943550429721 287.97144241912935
1334.508589486312 1399.5465795046935 144.5234273362395
1369.922358069759 1242.5307416283877 698.9817312544486
863.9494185438087 1414.0167118927047 1067.4521016116162
1212.3010091848964 939.7739850097281 1377.8044218813704
1141.1841294349301 1070.5844817022237 717.7732679351029
514.7147480616488 922.4479955624377 360.68578617671386
1448.208032165956 1403.3787918745156 722.2885092905663
903.6912412465977 489.1120612296439 517.8754125829199
745.7349155491945 809.6603297595875 729.091569728983
991.5001364934249 662.1868613745269 315.29986199159885
1058.2124230598313 1031.1285236817587 1480.122121504847
1238.8481099376284 787.4807143580805 802.7372341614417
844.470208386246 1198.5132750682048 488.6561985309155
1374.4252341776642 1247.3320815353716 200.9867209139952
999.3393024789362 1006.129567012743 939.4918491270059
621.3587191152128 688.6453590566214 742.4582584785161
705.2319287372745 1324.5228794976906 456.17064553265084
1817.207143116203 1012.8758854900216 747.5148972495188
902.4590359686471 683.5862097576792 772.8304871196848
1437.8372448813545 898.711972999756 1484.9294752519218
1245.7928314219128 831.5869129258937 1072.2785034097287
754.7901962089609 1275.9525113199745 916.8321894139465
622.8472025505573 1004.687724596593 884.6872430687688
1383.6212904761564 1254.0911494765048 130.52186899738095
1020.1369328000445 1237.2989822924676 286.3615568402071
818.7095171298619 706.0348852225401 570.6988126349262
1440.1348415215325 673.0662331291779 808.6922035921532
780.4804512592034 951.2461338981619 502.2994215333912
1278.3676032615258 1155.5869744097897 826.2814857300261
854.2665129581395 1339.9976336190605 468.8642910403175
1387.21863027581 846.1035818347092 49.84815652542102
1284.5057724884007 1319.6733784407454 1183.3349571244614
946.9503994353465 1055.5979228697727 284.34363837166535
1246.236504494228 739.8262238382656 890.5824316594101
894.7299956824636 954.4019745076231 1400.8894505997982
1067.7392034037703 850.4905887333317 527.8742094301786
955.8382213240708 1161.3296461367881 1248.86856826502
527.747310147346 717.8291123683127 373.52843223178263
962.131451057217 532.9474563237221 245.6971004506308
739.8317613480218 1399.1430102094341 256.00119837253266
664.1704539863957 1043.7074862901616 772.4357079097578
649.3161658980155 1300.0264422389057 606.693155476241
1531.0354813714846 900.6419624338132 899.3376061720772
697.1968751702611 1230.7106192250021 857.2972020957606
1203.9023935008104 1102.4124021567852 1193.4889973370712
1122.4441731022573 1288.00624774922 461.5142911802354
891.3370485512362 876.1528476946208 152.04014769041524
732.9529772121173 759.8579788453059 225.50902136641588
776.7930782264564 1021.6234325880996 585.3486542377983
1326.7476458568801 1095.3914658348135 233.3427776118256
832.2867901826442 532.1540842388356 107.15018363254603
1226.544619222906 613.8783655131283 1005.3350202735204
1360.7215245411808 767.3374168559717 1423.837849172556
1031.2640900925103 682.0048652127703 655.3313983864834
1233.2108248357147 1213.5126856473526 1333.9818195243377
1131.158753487946 1129.9007652603782 218.1966934509444
1232.2441308758655 1049.3841166451837 457.7155173714407
1610.0564629054688 1345.4704342465027 558.5946344797671
891.2185621028101 577.54244196732 952.8280164757676
1380.8190108585711 1640.4786913524886 284.69056917041803
903.3479227739356 940.1676072823288 1452.2007508612085
826.1103737868395 1107.5290652107192 604.3955901747463
975.2760606923747 857.5058359635714 569.8671190026671
1246.6058200782938 947.4107593512742 745.4266586335873
979.8287183196832 916.1126302741187 1131.3242623469816
574.177660534431 729.9853764801214 897.023577749662
742.1346759423246 1139.4594394962 346.65504996357043
1012.274192911289 683.3871749150587 118.11779383767362
916.1746047909045 750.4407741740404 937.4204585607874
871.8985874903069 1196.172595516323 362.8507591507897
1075.5977614534381 1217.3835868326385 7.641194420983544
1113.8864864192217 752.8420702447227 543.9883273633916
1208.1202858175116 944.7106634237156 766.2080524735453
721.9284156947482 540.9113057608995 300.3174557350408
1336.1985367111279 675.4129228258505 987.4856323900545
1118.2002515150584 1087.9799534428332 1415.42722235702
636.508366647262 755.7852025997481 95.21029777321516
1274.742236715086 813.6844301315606 1469.019782361695
493.0312092078889 1057.3527130916482 1311.3739013841298
877.5440071600817 852.6872972525388 743.6824524396045
861.6104716142129 891.5226407838375 984.5008715911276
1254.9541047215644 928.7403741638593 621.0623740922151
738.6158666669487 808.2598471541025 1172.0784270376707
990.9432975236451 707.9192001375129 1094.841738292166
1514.130921376894 917.0799210390292 683.3124506820743
833.4716722849191 1432.1105129612092 1411.4715339382324
792.771149300573 1511.5844226742827 31.15687728253269
1119.1663782638273 793.6547314840268 420.75900537480464
796.6362203186412 1194.5937037417011 159.4477772453261
925.3523954015733 1146.2609166751306 85.35054794342555
1087.0483186813822 1330.2360946066256 1087.5250696722583
1342.3327078807943 1032.3519696673725 484.0085437542114
1471.2199946237602 1105.3903680521166 91.35241505915475
995.6582700120576 781.3898113927861 1019.792598006699
1400.1056707163837 979.0634576242961 18.483661374596004
1669.6323965577733 783.4352906515596 1342.3963597479485
1083.9559475502356 1068.9018351613022 48.0770834942838
860.4353483784873 805.2048252616478 1208.4327308542581
826.4333115271235 1409.0650047964277 1382.5485466348161
1349.9156159277193 810.8996780270829 1092.9968730091587
1000.7185306786417 904.9781651805124 1341.8454972173029
975.625928091526 1314.4205093999105 699.659264776959
1416.6065603073253 911.1712799618739 1426.0276149238146
773.0428696400156 1186.5396440489192 337.11032946328805
1173.6771160757467 1112.876519090448 895.9337591446405
965.2202820041797 1158.3816196030193 209.23490759437402
930.965223917791 1203.9024309112026 453.9097046489431
1109.4319860031683 952.471399796347 644.1548695049544
979.4036484373825 1072.093931125236 457.5417788213927
870.9970838172603 1352.5189028035181 993.0584205609637
960.3889148994922 1449.5830046408291 131.88643389590337
1031.8535135618272 1040.8660927004066 865.4495750447801
525.6344220724272 784.3818241003154 769.4914059400696
815.165286361679 1333.820750678938 302.57196217180734
912.1459702678836 889.1967577983687 1448.324440455571
1123.4048560401172 981.5922466056015 741.6792421499259
837.1044274134866 882.4548440433275 665.0376148727468
827.7465921768339 1152.964410539891 823.3856716565994
708.4775196927269 702.3197841402643 273.80991502294614
580.7155957682667 924.5892787452813 619.1729602049492
801.1302557765964 474.92412480631697 1427.6981415718103
916.4911175955449 1260.6569077214492 515.313685315175
969.1207112374387 739.3912728327356 1433.624605300404
1431.5776763100775 558.9636743192975 804.3580400234089
813.462587909085 895.4705068741215 634.2948339669206
1297.5243636555156 566.9718064381759 833.206384483967
1468.9204940097443 1730.3200651708935 448.75820220802797
1495.26286517011 1152.7998268291747 369.6553891197459
811.6806021197444 913.1393857612885 1294.6162924211787
878.9196010053473 777.5720762899979 1196.4382524341495
585.9809113403214 1135.2552775534193 1475.6889500665866
1765.037628900845 1467.8095371797444 1101.2385172686256
1290.1155582879874 894.9705951196256 1268.4752289426242
1440.04228006603 1014.8484832135155 352.0844245749826
1072.8674798209388 988.540880758994 1070.0912929402864
1130.915763265924 748.0842317093426 725.7308868838196
611.2083885874205 833.0243513359699 1442.7807587506659
1298.405515699301 528.724228408037 1487.8641100793022
1168.7529169036113 1188.255245480099 1309.207326842922
750.2986478645956 1270.8774714893289 627.3430069398684
833.4356041564163 1228.3126518661306 1433.5796298544483
1295.213070541651 707.6120798837735 1213.100843367125
954.1219972298815 1427.313123742504 128.47948385598633
1339.574756359401 1043.7354242032586 138.81655650889007
940.6132317711881 584.439605047045 665.0928056291025
1170.2172148939749 672.3778528753725 236.5001445384558
1390.7906538956124 640.6903751826907 1228.2158870068001
978.0457415035418 1169.5964284040388 337.7467778802424
738.9597094621082 1005.6130733492006 120.79477091117525
980.2190213106088 1025.8952299444672 867.0150345543856
1319.8329860701965 1207.8644151267617 69.90514061513569
807.0659924523234 1156.748900109038 847.9171726951463
1040.0397564987684 720.2961806350306 633.1988943469632
1038.5442495138384 1022.4608121288799 729.8091157813766
780.4412351521084 1759.9548018157575 675.5982037640983
966.3079334500299 1246.1062089432658 723.099032764394
1211.112356932098 949.8530082513024 679.9090808959633
496.98919872299075 1141.7444227082835 682.6543133129755
1021.2517732878579 1258.9346517055924 934.883725591724
1069.016057851326 1243.3788580492426 1167.8661368951282
1426.3140304791227 1103.6606074618865 1223.5049581137282
1252.84117554844 726.7686399844802 719.4692714966299
870.0435322664007 901.8166449448267 833.9461303188885
1042.994321805745 815.629648950793 1434.0865696110377
839.6892112768201 1146.2506533162084 272.9128449940475
1318.1258481076607 383.54619105280585 1266.4194881387061
1370.6237521457915 813.7444164626974 495.44361669400945
689.0238305413059 686.8758730646856 745.9159960400152
669.4534482279457 1007.8492920169866 492.70231610476833
329.68846854904257 1254.917896675398 661.3416586355983
775.0656108412907 941.6204314548692 1355.6992320560234
913.3334168365535 937.7250713187698 345.271021994368
1160.4093573716298 1134.0398978042783 1313.6213778924403
1170.4822449241922 907.2639468240216 300.5516823601246
1221.6991803984859 843.2773419458385 1273.6060153931446
759.2422382978879 577.0929198682651 754.1494172789625
1047.521590149357 1156.309791322697 586.1318483554508
760.7802726923122 967.3777088626837 1425.488476436404
1073.1865760152882 975.7946067614168 1266.542901125911
795.6279390008281 1117.3312840722945 163.1196069545866
1152.4405048725907 861.3590543538675 800.2296688096095
713.9170646466926 701.8882929926735 1457.854496114089
904.4710005612021 851.5116742172968 251.8283565320915
878.5891629602861 978.384227410967 1236.7579033091604
848.8872160093977 587.9547046531395 1394.0715904230867
993.7777059299626 1296.4070365324196 1318.6965875426013
701.4107723262563 1338.803546675037 1314.6551144416499
674.1128947644941 998.8618716275996 347.3819289641986
860.0185084726257 981.2499111515971 711.9479557317095
812.9913683927398 862.4188783000168 434.38205209973415
883.1415214190142 1102.0264517148134 328.5425897042896
886.6024079536166 916.1203276379093 852.3802347983059
986.0118290765191 1118.0860404922926 1459.2513813662201
1260.9482998544622 1118.7515586366703 647.0888380333311
956.739093435497 1414.041809561829 754.4783157384721
1238.8028500319192 1240.6757695877227 403.79475213934927
849.6373113128184 632.5319768347388 1367.9000310675626
1206.3361249888594 862.3193709890925 1005.3565661548647
893.068617226425 870.871445056314 950.0102014758719
943.9740101888955 1084.5165316593143 1307.7240679729975
1022.6899477682382 927.8431263527348 212.91040879934263
896.8128310885012 914.1929733428395 1371.1954461703963
1189.0679893914987 1050.9592923505827 31.089001010897398
1018.7930995987499 1231.7007614025185 806.4354730330707
1469.6587488592088 1139.5672170287555 685.1534299418825
1085.3383262652967 972.0607810201335 1029.8646493805184
1015.6426500118929 1406.4664450445046 1008.3746056834358
816.6147860560163 940.6787466939094 1289.1579042124401
782.737367114828 1261.5286219498753 1156.7848063322408
299.68974107701615 1109.772056225394 509.02197652563035
1086.1845507966623 750.2710145423798 78.3200572504712
1170.2438238077489 927.4159143336311 199.0647161163454
1414.1020870172017 1057.9147153458287 33.541545654629026
1083.0753814458667 1044.4036969011318 1003.605299685577
1034.5592160425383 847.1248442518995 1054.2841872886036
917.3530382581716 839.7974130653689 1347.2967032857607
1108.1751203244105 1247.2067336376688 1083.487374749692
1466.499446987842 920.9225396779975 1164.1376698183908
866.6979278059849 985.2580971790807 995.6578199743784
1416.0123171186126 1041.7653945871828 944.350040745362
655.1828414688962 943.7724702849106 915.630809265994
787.0526520697019 777.9093221607919 406.6402982463727
842.0588262027653 969.1392834617927 842.7656110887351
1293.3003293894294 1030.7337123622087 478.9003393002316
1004.544165642744 995.4578458441986 87.17868088473124
1128.7196677277232 1178.2200429988197 196.3107190254055
1071.0741194748748 620.951315478836 260.82272144484654
1161.8448365418315 605.8661406004167 28.929560320094527
805.6036112959293 1623.9992403851352 1204.4981191847407
754.7876417852397 1222.9764351469526 211.9808319096843
1329.2131038771743 318.3715523811992 388.06994705577137
453.1542689583905 1000.3476819413806 1111.7029485179896
581.7611867941139 791.778408292184 1276.9827796547113
1101.5128883541338 685.9604738104947 166.58790299024156
1402.720361385996 704.1525702940999 1034.1017319900045
896.8636365449004 1459.921194262612 1002.9858971516767
553.702481448207 650.8191675834452 90.25809483869074
921.0151543394885 1302.7660964934234 1427.9724668797862
1057.66534547427 934.049210181772 541.6136899728068
972.3184606865079 1139.0043566811303 893.0878441570432
687.6082719872435 1300.966015774895 81.84979208784365
1218.3858467843986 649.8446863534202 545.577716702298
1251.2357005508209 1158.5111421981464 442.2127199863105
820.9265252364065 1148.9604639058866 1494.6505758727205
632.3849297704203 940.7452534032924 367.0208820141549
801.6910290812864 941.3622001486282 777.5390634240318
1319.9426460519212 739.5134826734957 1033.2114996643104
718.8973171657018 845.5017884499639 137.53037441924064
681.3506802876877 1023.9767456189037 409.66362086394395
1109.8646320622258 1193.6795175205211 854.2561594224701
773.0562798909544 704.6754850394113 1345.5123259545076
905.3681891448366 791.6617441273005 233.81433884415625
1015.0005340939226 1016.6564667011947 1399.3729088186578
1133.2169081296029 1124.6791211850523 1477.746665640067
1142.249489538765 945.0315599701487 74.43685897839309
1385.7097655451753 874.6465499670037 294.4963875520479
1248.3739485592932 756.162644834795 1026.0109332346963
1493.140965915821 1124.6513700032986 1111.346771206872
807.8449999743759 1026.2441368050597 1047.7275286964823
694.7532133092817 1213.7087373056675 1304.8052721639624
699.0351760091341 1338.654295887849 517.2865001135322
1183.1472309186825 1130.1817633716694 490.4405324275138
945.8523879171116 1072.811440279004 1293.6225036988312
1035.1555544591697 757.0844185839168 658.3197428543903
993.918499060282 1056.3683739173023 967.7670156430584
947.6481048324464 948.0164674157782 952.2071811405008
1079.6428108434243 1119.6190699493097 1494.0047395345946
1433.929641862123 809.4881600692 436.64708070145497
1086.0511037163815 644.1684778633582 1414.2093144862522
817.0150232180673 435.91999412934774 1277.2334766941283
669.7073600062513 1065.9040225173376 618.1514732932508
828.8842751874568 970.5603286585438 1447.6387330529271
916.9718839684556 805.2364117252832 600.4694278345515
944.5472194368434 1021.680858192279 1091.6045334410119
973.2013809282472 1206.5290394561341 559.3113280377577
708.8241267758226 1005.997106689991 553.2010384882807
882.1287799313986 1033.0899656713093 140.73529832401005
870.4642510031975 662.1640231758945 375.9027119596414
1186.767442342359 602.8974607987043 798.5663367172325
700.5047705602262 698.3797699307911 985.1631317062871
723.6686922598525 721.7168862669939 388.60005806248563
1403.4201354654963 886.3213621493768 963.0309990646314
883.4717216860056 1461.5889713897977 751.3983820056848
891.9492343340509 1239.8453197809897 759.4705081626747
676.3312001437323 956.3662435500568 830.4598664595667
703.5225552583952 1634.7991298691495 1233.9226880008584
1004.613172055345 902.6517393244796 986.8816695363939
673.6453523159119 1113.9439404961124 748.9970734093108
1267.1645027496807 938.0409702626855 928.7881646954639
1684.0058872096238 1248.4012952408325 1271.4320533698296
834.8782953662662 1231.3321880293702 1339.9071427370213
916.7198098778764 727.9226107508347 487.31493917286207
801.9021287208686 954.3112770447243 150.8481491728848
1110.2754736804295 818.6317951637084 212.66690848355603
1108.0346397481853 769.3256413353429 1225.2951974385405
1176.4103078444975 787.91615660487 636.7155438036889
903.8584828859024 802.6426055486014 430.4144854640703
1216.4894550119516 891.2279011556939 1360.7033330193233
786.9037179187418 1240.8966900384303 655.1594924219278
940.4222360395329 1113.1563057133567 1081.8680558847088
708.7556384273696 1087.1990202850002 841.0819439821328
652.0624185978597 1045.000438046612 366.0852053106242
765.5074465916681 648.581092240798 1018.281992398803
1542.4918175717814 1175.2527563137337 1432.7026032496644
611.747937457309 1410.5504124588495 996.9111886266683
749.5178335228657 872.1497940131817 434.63656360503427
680.3518081735554 1125.5315572765162 2.139975174626274
994.105998139758 821.7588347372358 1319.7958579430654
1210.9588164037903 1134.7064263793582 390.1774186651753
1266.6406788313766 995.0835152820721 268.44228810460794
784.9546424955934 617.0539417370608 1107.666476872995
912.5234147589676 676.2626599708451 1368.7006922324836
1143.97842211114 1051.2079982669395 1137.8816695365838
1016.3359827792502 753.8100532971092 842.5929581613332
1425.5129308624694 564.9899676286404 832.4757700563033
1010.3987071242256 831.4337203514106 25.941106617850096
1105.4680106694143 1119.898460015673 391.9588232302509
1316.7044001396155 979.6729562994324 668.0955225220036
1138.55326396415 1646.5219086561642 1161.3422232326639
1261.5837247604484 1162.9571279920096 288.137634903552
1550.5748323820817 843.3876094376621 821.1153001136738
822.4190388319487 1130.2144608561455 478.5036940216452
600.834885349008 1112.299823691181 978.0849556674049
836.0315396835778 872.9357174203695 521.936994503771
769.4578624724572 1126.5893402860022 1451.9763110516928
1106.1548667317975 1357.2613410634392 777.4066770145366
1113.4841770540393 842.912808120635 273.2062765549547
881.8605650671907 1004.3695246386241 1218.4850235384272
1021.7852239996269 954.4661585259537 1115.5020525933448
960.6750504152026 895.3747232850694 56.73356320170364
979.0190093904193 1299.7409321440643 959.6618888106794
1214.6362800932752 975.7380969680912 439.0775786821471
770.6945415202741 1034.4313074308502 1331.5908477044293
1004.2312212741468 1297.4792331544832 45.67728273551808
734.0744108811651 1128.4659136686162 1281.1779319790064
388.9948874441126 756.0615561744669 620.3104416822283
1481.1255791332992 680.2438443116821 47.70287176659427
681.7892720429498 908.9177107962698 1411.9618953558522
910.0651253934183 650.9750521317969 779.273701123356
1018.8128863939404 1089.4171768215808 159.08978317279104
1140.5620951892497 1112.129152856045 172.34025045808738
632.657097411518 661.410452975917 636.5569806799556
1232.8388329736065 911.1726258346969 417.3043367362155
1062.2347607542372 1049.002404707671 563.2860877064959
1130.0373227134974 1099.9252814231231 1372.7119384273874
1013.293575844473 959.072734899818 1130.3023047196414
683.9589883837176 1071.1135310024372 670.5824519108642
1369.5710973031864 951.9886726930505 679.674428842102
836.3114165250272 813.4220276333424 1157.6147857046583
1303.6318220815463 1421.0645462578977 72.14124622794066
789.8728283189458 1166.002378038571 818.7374867410632
459.45252508286467 879.0451703056975 393.53327151765143
1532.630020368513 808.6881680984276 1079.471740684537
694.7832265081429 1061.5782651235725 31.667573689643515
1251.9314100328006 704.0605982722312 5.917846677105986
1270.7485291176802 664.5696791383496 652.1135029554855
1145.147470830034 1068.6175281559615 4.758704655213608
1299.4094568551654 1265.8432104320539 630.8903337447367
1159.8715968416382 937.6189597280725 646.3847974681455
892.1902794730054 780.6143000820164 367.9211882051272
1439.231583462053 1054.64820466719 161.98250733750962
952.8147320965418 1232.7708395437685 1379.1544051092515
1259.472231683325 942.3773580878062 909.7368177947915
865.9284430390662 932.8977867136296 405.8900965180927
1553.5638802532278 682.7496065965656 285.1779029846249
859.5254099057956 1085.1934100071041 108.22735494388081
1255.0131184599802 1039.9585641873794 64.93069891762782
1013.671215532888 1137.0379063637815 915.4899523703488
724.5451172113656 725.0449951818281 825.7136743791655
1001.9376979002927 334.3574210292587 673.3334548211757
873.6151115353553 965.8805349844384 859.5904439495076
1327.749400115637 660.372738757105 838.5514401537133
1173.9957154520491 1392.4513045544875 260.6924919895702
1473.667411456817 917.4606048595241 289.1905455764133
1190.3471098388136 1253.331127296699 1451.423532247845
573.2179590687606 1399.2581861015983 737.2049230347457
884.4888346392991 690.8040386583464 1056.3749940737962
1195.9176243130644 926.5759811594177 549.7593127193154
815.1630254074282 1040.3074905527437 540.7385041657385
1028.4489497307632 1161.622339304215 816.8825051078038
552.9241155675186 1047.2981790390697 495.583719572797
1055.8812398312064 1346.762336956633 1279.7839062174182
448.6916532098022 1035.3926892088575 346.4063505137487
1180.8691027180373 1093.8322616149649 402.1327049684864
795.286094061409 992.8558585765355 1353.0783652069774
1132.4996450781603 823.4411210199555 440.4781355902494
1020.8652009778957 1233.2243097737671 139.3600739322522
559.7606894881428 392.2399459794648 626.224213377766
1249.6490792434781 1286.3901917714184 684.5818238514302
1156.4247234408663 1101.8329033648977 1322.492013131479
1275.7907315886887 1152.5277901102286 195.51790046581758
1335.1447557449314 1186.6248219645042 593.0629719455524
1098.1063854536671 777.0089371130964 319.1345673172951
725.377015533651 1155.788632019607 450.75434020327026
314.4657100532654 1280.1498408906277 86.19555107832578
1006.2089461125032 1270.7305330380605 461.6230634683469
1145.9472466489635 1479.8115872100525 591.3078503812907
1261.7005839096375 727.472058185733 171.50034071590426
1406.6994266991198 849.9980420985494 461.16410491079387
998.9422762084462 935.9141510831637 1466.073775618326
1105.0766211232249 1184.8686378407513 1432.7974170864006
1146.4687256833527 826.2851404096771 1178.1840020254444
637.0180938278058 1199.2615622702117 1155.6294630392485
1301.081637872557 963.8255704621756 1124.8621838564284
823.2661112316944 1089.3122129754247 840.1520313937849
1111.687895069637 1124.8634388148723 305.6500618568068
1086.3317468799298 1127.4458741660646 267.40172459309184
1092.605722588535 954.7138651670356 919.9537195598177
1019.5747272549213 802.6370180724671 471.6339406833585
954.2652785512148 529.7242025103803 513.5672530590765
1003.2912397278237 952.2195610615696 1409.7107187319166
609.9935686984193 1051.6847274694949 1159.5584677535546
985.3020989345101 784.1192791228171 23.513947812975832
882.9345045626352 1337.421794466953 42.902451065281845
947.2538759680203 885.3833716781064 897.7254047458288
1104.5078073753127 910.3766323371117 1145.6122658343938
1076.7547936843284 912.3634525073397 1423.426930400823
1044.0933126217294 1039.0212531040531 1222.1348207451822
771.3220055109953 1166.8137395634942 1161.984851225602
698.1391643520631 1062.3479781285864 1001.2608220826588
801.2660708702083 767.4535373577905 903.3236330010766
1246.7846291553883 1378.5156717647455 1453.055947132194
806.1479901845169 530.6112882842973 1084.3328379213665
1117.690266368089 1132.0776293335348 815.3466924309255
679.5800863996819 810.717984838326 925.9280441875026
1097.4277338351465 1323.7065990281653 726.3673475623756
1245.3220902886042 1153.3755923474018 405.89043995795157
1054.252061182055 952.8727083236269 1019.8078777138059
662.5692301313704 1013.707719755132 1124.7286699392023
1265.5477017863825 801.9819046860978 1334.7229251419583
1049.5004767360952 1327.9833398711799 1103.5834752626447
1571.860127696548 1073.619669726871 660.0490148127539
1241.4910003111727 1345.4219328716276 1028.6564874002538
684.1725277056903 1265.1556341446556 119.67711357858913
1125.8095540261638 940.9247068680619 303.18363523106814
957.6764807078321 850.6192678680933 1045.8736019277767
1171.0178445051356 738.7496203817516 145.71794745576582
871.1966392413165 1101.5658586141462 743.4544568506154
1004.0846227621446 1381.32290141783 604.1138344883199
931.9619850286433 905.9294434775302 201.62859784156728
1561.6680476906845 996.886734497881 1419.4993250120237
921.0744543163016 847.1943126030297 394.86975197936044
890.8728410579192 855.7185524613415 112.20574126227989
1040.5324836344303 1010.6345237434683 527.4234340443196
706.5939497649317 767.7066523228641 573.2537128692367
1008.6393206451119 1089.6820391907675 1371.7276766313128
884.1446326393404 604.4563313159013 1410.5461280657448
744.6814105306846 616.7353675922529 908.0169246329848
1060.391446634714 893.2580339332461 741.6786200954425
1238.68809320196 837.1771226748153 202.07003164047794
840.6107215111199 1240.6816144400693 626.9508551510672
681.4481519164844 942.0792400775956 798.8120644552195
1096.5431465224246 847.6979389225663 87.45028104477932
751.0066322921887 829.8842964465521 738.4924039570067
1629.1375902374202 894.085621196718 523.0974533393169
1006.3589560672028 1155.185808455014 1163.523493554847
787.8841512930982 1061.9266682714128 1334.4948818386677
915.3293958223078 1435.495717198049 486.5553726933236
810.4843840016274 945.459779640674 687.4340738364949
1016.5049051364595 1074.8114765605264 183.86506649043798
527.4982024615641 1241.1775186568252 1436.8081816856256
693.5217821885838 836.1716117471109 128.90531103427634
898.7187067963923 1199.6196682687987 1314.2191830794468
1245.5173467303182 945.5286881260341 890.4796040847767
1254.3187426858767 883.5678855529034 732.7263525593326
538.6912653028644 996.7313771509747 1406.5276454219509
917.8032129212748 819.41979545594 1243.124066074064
1123.1556219164293 1047.85514840902 1022.4454907781673
1295.043502025403 853.0095285938812 943.1364172007562
835.9585614055105 769.936571579435 181.3474169362726
1488.5900895570508 909.0757432956752 939.9076046260624
731.6121097970397 794.5812559339092 645.723460078486
939.3216558774551 1575.8166418494518 1401.8839613649936
855.9229920884095 532.7998175659096 160.10607938096084
975.2794271342918 930.7159071142644 1281.8166496485742
1227.9746030666586 929.0488005286859 397.28566413853446
1198.4116492733515 1092.7870366069064 847.8889947563308
710.1964202848496 1144.5825941110866 506.9112990047911
383.81680379333955 1446.7463507447862 1337.4716517065413
1588.522667797422 1389.030561693389 1469.3227571772318
1095.2703910993037 918.4931257362666 1491.5100015729317
1220.3996679211414 1179.9563902227796 1420.4276672068827
809.7750718616294 853.7032728363545 487.7396748532488
812.8560788625243 891.22961324291 634.8037674575468
622.008278777469 1151.6815205076596 666.390488912282
1367.071288818593 1306.594960759655 1295.4519467422012
1330.590422996564 1060.7285897448414 1031.300516549823
828.19970317503 820.292856506434 67.48736081617118
923.4939478886843 988.6640036539059 335.76376124162005
976.8361921160974 1036.070991940923 810.2052771730678
613.0345687205397 965.1985774205317 652.6255429629557
916.0911196561292 777.2883553611703 404.2190886005025
1365.218453965246 890.5942820229491 936.1628298937032
911.9887385789384 990.4771049423256 62.720858121487254
891.3309147334688 756.7527059155241 1210.6952097792764
781.6808200775711 1441.1801286824264 238.63828006099973
1107.2199015556557 1410.100683867019 717.0452658824876
1323.7977283626815 1321.3628172135377 242.27537927482817
933.6149172845588 1103.3079002275254 277.5372416217285
1105.28788651572 838.236326891211 216.72633315264255
963.2920329219504 577.6888334927204 1161.1211574317042
596.157281066251 1171.190243646922 495.2373419343441
871.1642153309581 603.497302203922 1209.5639123840779
1076.468279155587 1476.41195006377 1389.7916998803312
854.7739308669854 481.0622158153511 1435.162280440771
1347.1536704042046 1447.6502751255807 22.96056540641789
1159.522346972015 710.8064119619839 1320.3412877238973
1024.2448614228733 773.9762578886605 1352.3189725526213
847.4467654564486 1151.853715590061 1002.4231437529023
796.4355364946812 1216.0432157851496 935.8261667749663
1105.2270396451092 1185.6873930242057 1481.2704116120979
690.4529966767495 797.903435315996 139.0280244640169
920.9425395413698 1193.421660032278 371.84086438312886
1028.2795944329148 949.2254759228002 659.0532005969374
640.2861608519494 996.5395523064709 122.64716081787674
1347.878276185783 956.1352516815168 771.1124002728637
1332.3738735132881 445.1015442894211 929.1001063825304
936.7660487430688 779.5739179340246 832.048508959762
908.0611047707471 518.9949109816143 249.95680837671702
979.9453463711168 1274.3408885349295 541.1327557559075
1302.7520290179614 1102.4555891372745 275.29581593142507
808.5850051536029 1095.881472144942 1453.3195407164997
503.4474825841149 1034.4658606165272 866.3037310907163
517.8809836300137 1025.3320680722206 337.27362213297715
909.3571229525759 956.2534100939989 1030.0434906188175
514.652201382152 1023.6983812501728 791.7148562354818
773.0824661975352 971.1162476782441 48.69281989653901
667.8925136165763 803.2106941911402 671.4336948539735
1146.7297354471725 913.649053841743 1325.8755974818055
698.1947952662058 426.90365333604564 1249.5226703766791
712.4916153111642 1223.7552414381048 1402.6498554796126
1522.437065884467 1097.6002446905868 486.100229430349
1022.3841625019505 664.8970561670543 368.168836813037
753.501414760251 654.9479612863902 837.5800036154685
1117.489695337831 659.1523650800984 1189.227621881474
1028.7253914260218 942.3552842283932 587.6179374291211
711.9398909079118 1325.5424222806387 984.3067607136201
1066.9117478675435 788.7214680680715 235.6648526378941
1184.390320830584 1108.1003286969549 599.7681821083689
1463.3642054594127 1008.3207227127393 1414.8635342996015
1246.63423620247 762.6199667136934 439.74912680927696
733.0092451780695 1111.1406322467697 181.6486072344131
561.5617427042288 1129.801521089239 1198.6017497340765
1156.8448307133285 1097.8424992514879 384.4994883236327
998.1947847546421 1041.0516257750348 1166.9338007423635
844.8301787045249 1049.14385117553 419.93810261556877
911.5595394140009 874.6182837325991 1283.6996051487206
1070.9547905220538 439.9135166996289 387.8290643120928
855.5617632385128 1133.171533560621 283.28241770388456
759.6654726178144 1028.6811339830463 1286.4583780616006
995.0623716958328 1281.7137726577257 821.0157721863125
827.2439360914748 412.5349216438782 1002.834174621261
1037.8142429061093 1287.6464260957398 827.3786344304947
1292.2820033252187 952.1978871306795 552.1974040637374
666.1179100055863 891.7356713751021 1272.621592417476
561.134857248349 1072.804655539629 1467.929674104041
1053.997641458557 806.123144334759 784.4180740402539
1197.3737944780719 1119.045216778152 1088.945996923189
1177.9269000170207 882.8080822060573 1170.603690157569
797.3887946650765 1066.5790920462255 1285.7129826228866
1081.6607635307078 750.9811684925941 35.32124775322265
1005.7561003165669 1232.7824010480497 201.5471270917911
917.7312245382367 358.556705334684 1135.2314700112265
1140.3125615637173 982.8643145686594 484.0041633812404
904.3343218896206 910.3343234804883 1419.2664434581195
1080.5478566841762 1179.7463452523746 1225.9232031007055
679.9416288874529 957.6830299308654 1147.7019119369716
1193.9406806038935 996.3507017267635 1166.9314380801486
1014.7358126029384 814.2325748451487 170.85329116687637
1070.6239390306878 1046.5168589485359 852.2907119160475
732.6034594494297 1174.2318769132185 633.3367594053753
653.8595234038135 1186.237423907873 998.5676698362338
1686.0922343251978 968.6074229320277 532.2568418406466
1367.0989276155835 784.4531471380666 1498.3893033284091
862.0842349828209 779.9251788534361 152.2452363296019
996.3498669142325 804.0044495032123 197.85152623414842
1221.5428129747984 713.1497535722908 638.4835613124804
896.1058266055239 614.3219621737009 1113.1657315805098
596.4970618943878 942.5274986727125 650.3673064992099
1228.532980007319 1012.3194501237687 1422.6394810825714
1104.4912839234496 890.6279710728469 118.82979439401004
1036.408307954513 1207.4969694802348 1441.1193834303585
989.6146119778905 983.2326054363336 13.21313759662246
1089.387994090582 1415.8345413848833 1211.7163909456701
1047.3828519658127 558.9702300662849 1061.1978048521798
964.4258030023146 1217.1713773701417 715.6217053958554
799.5865481651863 854.2179367297658 250.6251640161026
744.1787073063161 578.8882130227769 1321.3989480133914
877.8840187860538 847.9397156386318 652.248611857403
640.8431876411732 449.5122708378748 1120.9067175257599
862.5830714917595 911.0478671629694 216.4026092004027
1406.8860290679218 942.3515868330076 76.8969122040496
846.5118781734026 1015.0076172534441 223.96326500097845
993.8288661989122 973.5099635309513 365.8957941650227
985.993932000567 1386.119276404017 1445.613719698605
952.8121489392731 1609.0557641787443 1443.3315734048288
1141.6556590710939 1381.6883185662573 750.8030376574305
999.0055484472625 1188.6605705066688 9.901594152615989
917.6499882604035 1336.5046718322787 1115.3525884803882
1064.0780018466257 760.6103666871238 670.9748771774958
952.3825280136091 992.2635260638896 812.246743906271
1237.0915494875378 570.1786129560539 999.5891296631988
1533.3145688083914 1026.9308786374693 1123.9894638225735
1346.8117860418486 1040.0895442853773 450.0629857919645
743.8987043655711 1032.8152905089203 462.46044314291714
1190.79710266341 1270.5862380391525 1085.3656481519565
1144.0783063723652 738.4642353916072 84.95268352507246
1146.0621770283092 673.7689484490795 694.0787804502445
1084.4407761217078 920.1154446148637 369.7428453033741
1326.8694239419501 1350.6181336744814 1062.276263545721
687.6435615114187 1271.0232161892973 696.2928529765663
1217.8044480059348 1374.6823397410556 626.5897504201923
1072.4247581574896 870.7085221667847 1077.453830226244
1247.927257747924 674.9362641991388 886.6735346693717
910.2754453128671 1352.2747125633427 433.0724127374241
1054.244532994026 892.0773804274718 1390.6378074788374
922.4904809262309 767.882260817446 1375.0925812311111
1238.7241273768695 1146.5808609415108 210.3663327254544
844.9738910696359 1192.3204286743132 1022.1846100312225
879.1029520304716 935.8483102778048 872.6885520848913
1225.007943506155 717.0708629576761 1088.5902202022871
736.7541316911486 1108.0558146862984 241.17218686754643
1165.7188580328695 1263.1984414747426 245.80116022951253
986.3233544893595 1058.0996302786073 937.1294644569873
794.1619429426154 509.2749220090693 51.903735144240514
1073.3108073011497 709.7711820711727 660.9538780618282
1543.3959505084822 1071.7827444740751 1219.7344638228226
1107.6427846577471 679.1986408560882 451.673597506731
1539.1097278221812 981.1908103432219 125.01742107057085
819.1114722625994 1479.927324636176 946.4971972326996
803.6964835901969 1141.1950823925986 127.76360389153152
1317.9152301057509 1226.8882428803356 418.1120427886377
1064.6095985956479 1003.3565437611597 352.92451822611184
853.0412958018028 1092.9328955599253 146.82861748653363
741.7619039583644 1153.2884968986168 1284.1123944455044
830.398421912765 1357.5061812808735 1214.9740894561007
1128.4029384201558 647.5624284387451 669.2706785693678
615.9025240412657 1123.3710737374836 46.31415000637301
1005.6540211829408 1516.60786321561 318.94849586824535
818.4652424056034 708.8850220041325 226.14047828555266
968.4520639939938 1304.9384698700974 1485.2830811662266
764.3755600168431 1109.1254732577945 48.096495734752885
334.0762862062726 1264.2531046584306 93.94783855107363
955.6349300817966 1477.811167430043 1226.749671442335
958.7591069980338 969.8190087500168 1039.1140003194546
1158.688251157755 1086.4917285553545 1109.8836979901555
788.2333104311547 1277.3935529597097 1298.8100549468768
1081.0973416610686 1101.392031872104 1377.4422458699457
800.9785556737604 997.856939829902 83.65892895218524
1054.2185199635371 1272.8778950264905 220.549883805288
561.7207176172717 895.3869083919692 1219.4104972915982
1560.1159522033854 1194.939050729128 1045.5173688890857
1775.5424330341311 1045.9962785078965 121.70005841194603
918.2103423021165 1277.687446850815 142.58894748076978
1334.250824873477 1130.3291988104804 1425.0065852174948
1260.1046053497628 1253.509963427793 754.8727691712502
928.3733815490083 1781.6795687919514 640.8970734762015
1269.1691807373882 1077.8131471688764 199.5263564148741
718.6367315267456 1201.2510187294638 1095.850654919612
1415.496455311065 738.1918441641367 1086.7932079738978
949.2071248313993 988.9234573506141 1033.1544976137575
802.0840632986526 585.2772023756065 1335.1394106335902
584.1595973912223 928.4441391013997 31.700263014637574
1131.245257641459 1018.6387854080093 361.2664119519013
1406.5388555267934 1222.2844597776448 982.1437365301531
795.0365714190782 1516.023574026839 565.1579953277654
1466.4516690126661 645.8595350005246 845.7780821229853
843.7578879421853 1154.212158024978 1457.363708047843
1179.570520122107 1174.0940175985738 1482.4853072040103
953.0981844475432 859.3071404111873 88.20266833261047
1049.5014932900328 861.4976785201243 1276.443954979292
990.2076421084274 1221.283684756017 700.3233429436876
855.0543906401995 1019.0437830153151 870.7141022464168
923.3720894769646 1040.7176746638431 1183.1513117300385
985.9178691480114 1065.8104964784973 1329.7971077065768
1093.2396985793164 1033.0335178562862 384.70703196651084
908.0169418750443 759.7951191851619 1215.3611438439752
1231.1300504681456 667.0592370574491 595.7625680011441
514.6047178389006 823.9498123635688 68.3874105995455
896.8681565070747 724.8991595537453 430.05084392053686
1662.7358502874426 836.1229609546451 723.023740738588
944.2002511621375 1061.4446165501631 13.66370335220396
1231.5142190869308 635.3944200278654 144.39241887455717
1075.171664397526 965.6404442389579 231.33189449011016
794.6167482251492 1028.7294421057018 280.42363279466184
1174.6829485781789 673.0807452271164 657.0647629865792
761.6545629515198 642.7789602562125 725.7170467540567
1058.5629856016108 954.8430662819943 240.2162946995402
647.4387767410786 1337.277837867247 332.68343927335496
1162.2883531870657 1419.0224717615988 357.862593519394
1238.9751620349987 759.1654964621114 1112.0926049777786
1182.3829103160806 1162.7700720443495 121.42721520818733
930.8820388759967 881.0996538586763 1325.743510673116
1293.538690504166 455.18537122370617 114.03979035600852
1348.8038308954676 1262.1822228931605 1447.9018972269366
634.017763718067 887.8579742432315 1302.1258067818524
639.9251252870143 1425.6586757439961 1474.0557479031318
1249.1201820467475 1119.7845515135077 174.4616169055816
1304.0393701389642 1613.795375934933 271.24479096901456
1044.31922325224 612.770545603248 598.323557514449
1653.2729982231258 1427.776133108926 831.6154516777641
1196.2488271794446 1061.6470529626768 1357.5988357791052
702.3163858420276 1100.5406473341516 431.2421546880372
620.6233913226516 864.1754575767033 396.00559643372594
1028.8055806557888 938.6101156597606 890.684595548389
796.2037549267055 721.2185051563871 1489.4712350039067
1107.4267509204196 892.4624939733411 624.1413641943525
937.362178734864 1655.9613981927982 1418.7476223712993
972.290417004179 806.2614370627512 1159.6086577826961
1060.76426966993 708.8804035526803 1473.812549897609
857.8329758259589 1226.6040316700614 915.6029697727337
1235.279823642144 1019.5264238540566 850.8606811883933
1339.9757471109506 583.8270292481363 527.6894764118629
1172.9794798160303 827.7266662338744 206.0307330813403
1298.9201172038047 747.8568787622542 1203.2803000886452
1220.0060086759577 1081.4918783042826 617.4114432250843
1223.0917042290541 508.1090000630849 262.163702550979
1089.3353469195108 1392.1496297244694 745.4872800258394
975.1900365083862 725.1929541514432 961.5484689321983
750.926525992543 759.8003311549711 1463.7092352028928
678.544397836641 654.9672809446315 143.59094461738775
1049.2034014945132 1376.823283666769 1359.7186577075297
777.2597794740475 951.084958470787 1141.1811262828728
1519.5828798198972 1240.9799685420692 55.1129399311362
650.9084231662512 786.3889416830448 563.3139820801083
1270.332384291163 521.9561164233742 596.6609539113789
997.3382606602075 1133.0033087294853 146.24389956647104
510.3300192847075 1059.9394302912488 1314.4715190354236
1086.9487133871096 1233.9779904098284 342.20436304707624
599.1143286335301 998.3097331889179 589.3562997542043
987.2910964060417 724.038671493531 1411.2761989171797
610.7569817751787 1120.267842393678 1098.424826470931
1091.6027323265018 1118.7038727314582 1141.1639400594913
1136.8554143397969 574.1457365316376 217.88745127319646
972.4708868296809 753.6510351018162 156.74262755068702
753.4814367356421 1190.7961101491965 254.77363426008094
492.57023316171586 1065.204617306121 888.970900125061
1283.5836655141075 1256.9785822004314 800.8830536596096
864.9058049985764 669.0692780286582 649.8013006578941
1116.936949262098 1172.5523061786892 304.9246302840958
480.6873322271274 1410.1202687339007 1098.5287924792976
794.3717687382235 722.8639376383902 1162.0361133887225
1657.444581882212 963.7169121225855 778.3184609686647
947.1945337862728 1131.7053297295558 1195.10448641784
1180.0007832106837 1025.6751965638168 1345.4076246784934
947.7289936184847 808.492275330038 1451.6505313752325
1044.921926486305 926.7815270804575 903.9195240148458
897.677485120997 899.6159176055174 419.339243811784
1190.9464693283926 1253.879315970593 309.92284553816205
1521.737003463329 1157.6749336474948 873.8637458358472
737.7100112572186 330.946944134858 1393.841540629872
1101.0108372122843 1600.6665226889731 556.2315353560757
1286.3459250605938 775.0657245354774 970.8096919422711
1183.1496198640696 1160.3222975487251 680.5515746988353
1039.8978051696504 899.7875442396919 883.6103860725423
1145.0977439367257 871.2822954267405 391.05771644760813
1369.535118331688 1094.1267894519365 213.83319287984264
1274.8306347582034 1018.665725586729 754.0509990943867
1105.8585518725793 1232.1494677093472 848.78988617071
815.8607791562631 1021.0780900989309 1179.1339689310284
1022.378148023173 828.3392322478123 987.0500090362823
1189.5286456196645 855.0618486165489 1118.4261063765448
1325.8670625876323 989.5237735556666 1315.626130215177
1068.9657936171297 677.1916132223785 272.46765256441586
887.7953449309368 969.1341858468945 34.12635247422568
1170.3782482512172 1246.1261701652918 1076.3785835099422
1059.5169270399967 854.3826652497794 388.1683535716344
1084.3394938580368 1191.9168362318587 437.6583476753327
851.8434183465929 783.2899514745014 966.0274874369746
1377.7251374026184 931.4052665790257 710.559409202555
592.6949210079233 1240.2673213367605 468.3219120058933
844.2731121369617 750.1891114079906 654.59045633904
1347.4602997552006 721.3505497633777 1164.6567324433074
1486.8582029349607 966.6251408771767 1036.324554267445
1010.2429643025681 930.3979657249614 797.9976317234664
427.44449826258233 1261.701516556987 688.7019058873937
1121.8391662809233 882.0865779362449 663.2261074865687
1334.9274196773392 1195.3762027519385 960.7116157826271
972.6773101490186 661.6875535921899 786.8950818151293
1097.9820418996376 599.0635124070458 496.69511277747006
827.4866520626001 1065.0012216439343 918.3299053914417
825.6509367632748 857.4345071886839 297.4107111805599
847.9133433515191 1135.7460039752657 1004.5935294179285
663.7833335763598 1308.3916805498836 471.6334806195371
790.7856451660737 1181.6740219467588 1357.9809202268793
1290.2024082498679 1276.6387690491692 623.8256051548784
1408.7512907907849 615.7924415681499 205.88306742150348
977.8387495762981 979.9680289771545 738.8034812047141
829.3253468318997 610.4796678398022 86.93126860431455
903.1672780019798 1178.1532299768162 452.28677782405833
724.5084115287343 1405.7599497816477 1160.9286727026924
1331.8430124619642 1385.0137206728937 1134.1003063148644
1390.6381656712313 1110.263543910918 301.70824283416516
641.0534773122603 766.6171229264264 727.437842211866
688.2642423118157 812.6507255942429 1130.2943755637568
1177.7348684506069 670.75274375707 352.49998042654477
993.3270607221465 998.3028504478928 100.2100054330442
1095.1387037417464 1040.1651368667706 1427.397538219156
1138.6810358305668 713.4255472428654 924.0284656385766
1543.1301818177767 983.4424794704718 1176.2789066179241
800.274489867891 1330.5359995549795 967.2647900410537
639.606256790059 914.9894927747999 1482.7774547929591
1108.4875355632093 1399.9601585278015 608.1695137222265
944.3536467455264 515.3550036737043 1304.88425527162
895.2011192122153 1131.2123057715467 100.42879095982182
870.3845837728871 734.4089124972295 459.4841262570336
1173.6018929764846 1052.3370572123044 506.6515543603729
1015.7699713117281 1100.608396538631 1319.49511078976
415.64244279058244 951.988039776413 801.7965491873045
786.9624153742867 1469.0340264543422 395.2848968650121
1128.9730369075153 1034.584310027462 1447.1536688040094
1207.1885560858607 1194.978690582594 1275.332179012604
388.6615728989059 853.3114693062778 1083.7792035859907
887.282712098793 1030.3725222646276 906.3998516832717
1015.7929685301198 844.9802752407843 935.5982456738537
1154.2997888863824 730.8388969174005 1194.4050693749648
1541.6163338160977 1288.460638155162 230.41840528936734
1155.4124739420595 1303.25498162242 971.7167597920404
778.3271851352569 1179.9138280356972 65.13890472817718
1135.5844428958592 929.1822335419596 1030.170979166949
635.8012181474553 1278.7748732658106 884.7903100383724
412.0768907630903 971.1565198838631 381.8994608639894
1061.2228973356057 306.22205298111487 807.8184912435335
858.0911854327223 1080.4598332250807 345.192670517556
989.7156762623852 1069.7666285115047 876.6648775632374
825.5043592807797 1206.1762772375857 736.6699350758191
1104.6156976562916 1045.3876564529485 753.9009883038102
1158.9546785487628 872.9077406993416 597.2679824094362
1177.2837075097036 890.0716796774785 530.3004112155226
1094.7324919804219 1165.6015769771573 1388.6256755920874
1217.9235122475923 1194.8080783548796 326.61026657608994
1243.47827446948 1005.0935183531849 634.1892226058678
1148.5739176849088 924.387404493501 886.3610744688741
1028.8527867543878 915.1235211002678 1076.4143509853702
926.6798450929676 1019.1747729706683 1010.61431815613
1058.9542385215286 1219.6330529386526 680.5301743284721
1032.8402223446901 921.499481052494 1130.3070776842403
786.0259301309659 1410.4495006974585 980.7381377386529
1297.6091297281964 988.5566995196888 31.244507561639768
864.3387653588704 445.39606230285324 879.6755702419695
1119.4892575011347 961.1781608805106 1206.28669398219
1267.780801793233 941.8167639750516 915.1354482983785
1264.7109761740335 1032.2521582809206 11.854412174003015
373.25494661348273 513.355489961323 1001.1998123160398
633.3937713901769 1234.4647347612606 1100.3220419480076
1071.4384968905167 1046.8321209157964 134.02122817559425
1015.7770275405961 1443.9774426226522 1323.4681039396016
1103.308106547045 801.8424874355933 340.8886458275745
1010.448163819638 1333.6463661471191 732.4608426154509
1102.8586344604128 1332.938892899115 265.4378649515603
1013.9329948546821 771.4513146097537 713.3455168697792
1627.8527644873084 1185.173519397948 812.7225170507519
1145.8785355095572 916.1569147886221 1093.4853187403364
1008.0063014565987 1253.4565172939351 899.3328974928486
913.3441536693762 704.6912548233063 129.06273098662686
946.9639945969551 1117.114553540988 897.661800045988
900.0076656399397 962.9150527700382 1239.3991445365969
1014.6352145263244 1011.9837545501437 315.49508537061075
863.4756309072269 600.024633738331 381.66199321060105
706.4589940939059 910.1299052494115 1497.8343640740359
1047.2913070662382 993.409484867321 264.9081692303828
1183.8149035836689 1223.2406685442734 520.5225666123298
1637.521189554323 921.43949945741 1183.9955365554313
985.9268413363732 838.4631358309092 476.71634648233567
1123.1272800083848 841.5793523458849 915.7804117005754
785.9598578147425 1095.495685533358 1137.0136907219949
1268.1363942999535 1294.7346429224804 1092.474233583243
750.4225467726995 901.9513518116211 382.77269119873995
1283.3988574098198 1260.9274008867635 565.2312149366867
995.6854736617374 702.7886988887834 777.1220245101644
1241.4123351332194 1404.813361682437 342.1581288999816
1135.7131671955399 1104.4343323166127 162.51422333067617
861.3124813128741 841.0961429815329 1330.8534058475557
742.9099713036578 1313.3915297822978 873.2877612591238
759.4586627205384 1378.1693944477986 857.9894212741164
1273.316555956551 1067.2206197891473 413.9263581563361
515.5714509024106 1197.186624499585 854.7332321701386
1211.4555113821725 1086.102313878399 248.10615108893518
713.413259555361 972.9880474178416 1041.9919607091285
916.5575637705933 845.8462716136493 36.903497840294506
1485.9821257707586 762.5322751262763 348.12760239025573
843.7791523124432 1269.0609081457605 678.7020336512568
663.4441433058953 1631.3349491651543 571.1162051252138
1016.9147844213228 886.3700115219973 522.3811141873339
1194.565403079257 686.0914534028318 1249.9871735697175
1222.0717863567418 1136.0520670041328 469.37521073129085
953.0857638238951 892.5309718540877 1439.133484126685
1294.5752044219562 1053.584017290948 667.404157501224
545.8874792137397 1223.5534721803278 304.17929930175825
818.9938496605079 1392.5088743590964 892.5758960482743
1157.8115669398703 823.6949852569369 802.1562891451781
816.3644689754639 907.5630005535678 1367.8472210263835
1039.032161776399 907.2594115904491 1263.7117029784795
1372.5069068945277 710.2855918080761 1053.7061024826478
944.218193361578 1075.639603203087 1499.4158595122583
1261.2766103096203 916.4980258603847 1139.1483164933115
1122.2073491668139 943.0292422118489 187.75927119100572
907.1781443477777 797.3760493757734 1346.716446726133
1055.7756358108848 670.4820296982992 1015.6272588924713
875.5291927434445 1274.063525447829 1482.780909014624
850.8919230458109 1014.1941447004697 1034.1741628592365
1312.917927421295 538.2965585735479 1436.1099192126942
1068.4851581041112 673.1880378707481 161.01188737916544
969.8040307047625 810.9974166589296 1343.7987182392042
968.4470659293663 1063.980170304787 850.6172609792468
857.0326554198616 1096.188665641299 1436.5497742759221
474.79388873045116 509.5797912602999 185.0309907360888
1456.0103137843528 1199.4292761285187 108.87852637709183
916.884131433072 903.8427185106846 792.62447417362
597.1028523601599 926.3879542973392 381.40648402891406
851.0994817188374 1279.7250246258245 798.5165697667182
1261.5077566077866 729.6000379461084 888.9108704706157
650.7310877131554 999.5670894443326 805.11510933653
953.6971900420656 826.9778232726137 1419.8512639750602
1337.556060707448 734.7614570063483 499.0564092516852
1081.3980815823734 1233.8469742211219 102.8168929077603
1248.780640790267 1035.3516695930798 1254.514158289049
660.9005115913626 1515.5949621150517 231.76322326150972
996.5604909858577 1350.6231794583018 546.8756377688601
768.5732014201506 1088.3965725899654 1484.5686324891597
755.9588794767957 1129.339389537625 200.21970424566103
697.5899691239276 1084.0373344960522 1156.3250600536937
758.3304595861636 1385.1624959129915 1286.351100445949
1359.881801167075 1501.666178788479 1333.0975245181344
1118.0656799432022 879.2813910602237 1251.4884786632276
1132.0865457488385 897.1573058699452 710.3254036160305
916.1449285295882 885.3864581064324 471.05991771088827
1381.5939517443103 906.3611265500774 1098.731895812313
929.3333005926071 826.3084140930338 1188.0101653910294
1221.8959957655181 1215.6236235971633 1470.6796245123658
1623.7818256128085 1324.8980321667282 57.61706352874313
1174.7215540307238 1627.621262059933 1412.9757746874104
1057.2939501997794 964.6601783122611 691.5921429835693
1131.2683519815394 1022.956920079434 498.12001808238966
838.134217482274 767.0817474034261 1101.7182708567766
975.660525073767 826.9807539611775 889.3839702160641
617.9709208908414 1063.3140325169513 460.53930850928515
956.7820136094443 1093.4222470569848 324.40716718371857
720.5783440184932 730.5325046802307 1225.785267169138
1197.9271040987478 820.4789018265228 1363.1982927333668
560.1902077918323 898.9076493868911 1318.2725220072375
1243.1098261677441 1118.1262561370831 684.8476914332238
1006.9443872394833 1180.4113998041398 1273.595796867582
1678.1973132414955 1597.122650197473 870.5703779123177
1321.4235764113196 990.9704642468895 81.43093150792701
946.7954057105185 783.1905234707228 1091.7361680439194
696.1269739436063 653.5914333785696 755.0847391709563
845.7557410535624 1477.384063447006 902.6122116063746
1057.7709167443484 982.3132336587546 888.3193637642082
1022.5653705784542 904.3137476040133 804.0931684437963
1084.4110851465384 904.8697651275205 1003.2215523641464
559.6970363568034 897.386023044457 1377.8136942434455
937.986208720275 1309.637624370691 650.528678172165
647.2698874761243 854.6378219060318 953.8905527660813
1023.1446884736437 908.9082109807737 895.7772318582444
942.534457939604 875.3596102065306 45.66892693103658
1172.548635200367 862.7625780317579 555.7493124823108
816.0838039365237 1007.5911504814782 161.91227684764698
1249.9602514080225 900.1156879946177 1249.892473421811
1156.2696967521351 817.916836134596 108.59536190981994
1104.3916839375604 756.8385361848652 890.5263451733098
1093.0064877380205 1228.497343480818 743.809854988795
973.7088230922022 1022.9869300829566 1282.591848595047
965.7007120635238 1302.5869621037104 1065.3826765210351
1087.9614558315857 1150.5694699911692 317.3318857476804
1356.7002784644733 921.5924705415108 276.5109856069846
961.9633432955411 936.9498156724875 1108.7677671244605
588.303599665589 604.6304313430537 367.7034068533747
1024.2718234572621 569.5411308826126 174.0485468746441
1068.3703609132247 1081.0061109495346 817.6193573748606
1179.3178817330247 1144.1843759967799 1279.6163799895144
380.7103064464949 903.9724455095961 417.5482117673182
1120.8971975540173 1277.5149379049012 866.5414341023209
796.2009673313298 963.7765993399466 912.042572074334
791.8572492585834 931.2938066756309 1291.5015668690567
1268.145536726088 1371.4742867827445 13.978577892534705
815.1928882413325 1056.2479898398656 75.19344009552592
870.3313444750418 1150.6968759876572 164.55596689500445
1034.9581659497148 825.4544140849299 1199.5623181870844
1339.746960317479 1279.5109220960421 463.41616234459326
923.9405791102972 813.8468494486192 1118.180349345901
1127.3246008729698 1076.857495525014 248.2219430886121
1118.1870898584193 821.1836821246995 1452.766175055599
704.7547462246949 895.0188715663922 1331.032297500385
1254.7311806241592 568.9642146357339 746.4709132152298
461.21583904770387 666.2637533455705 1454.9905825489036
1087.9506667652893 1029.6819666222352 271.44061092745847
1015.3391862221224 838.5784686061074 1381.9476583256908
1343.9563858750246 897.4663078705217 745.4228023662397
592.0571541685367 1259.6282883916617 738.0024257198996
750.1369547360579 1038.5459655746583 662.3540137549878
993.3683547015685 1048.9915073687082 1105.1976188271706
894.2384169104885 1484.3081880977338 1296.0688987236692
866.4551491446925 881.5781808424101 1309.5610733729468
1153.0225574764606 1232.4420827480158 445.9321010019343
1021.93730307818 822.5710126515708 1344.094730157664
892.7560185672204 942.4146493193866 252.23775750503725
919.0852050687571 881.9194594652441 1471.6210438233024
1428.398474899962 939.70815955854 415.0015428268427
812.8363035615916 917.9950000174132 1495.907849362194
1148.9958298820475 867.9201926777721 842.0125880639871
911.3570722093338 1059.1012439359868 612.0342040130126
1323.4795486613248 944.7591322944809 227.98697351612714
1144.010545902967 805.4536835359282 1212.7837759863194
543.6508432554317 1452.447182106912 376.43209730179296
595.4021703704511 654.1174674988414 945.939220259477
1187.35592214474 583.2049589206293 716.5226205025741
1059.6668351428318 1195.4179232059078 71.57918029285365
856.927803322498 844.6328612306713 1440.1133062856345
1041.1745115213373 1156.12316802148 391.3468099408354
812.8659248517345 1187.0011267544141 1251.3186282381748
842.0936402805028 945.4492497613372 1117.7906592244608
838.9314787829019 1053.1677317863055 609.5985664554146
1037.8684001465695 1266.5645472301721 397.4406555634851
699.2115088925386 1122.8208797864538 1357.3798412099534
1360.8603382706715 598.569776868263 1024.6244940347347
1075.7548957729528 897.5013432983669 1430.7018545512528
1072.08172020536 1371.4580736537023 795.5102041388061
1248.1671837509361 941.0622509110334 750.6594983249503
1285.4222374606215 1429.9868175974154 500.93647171400966
982.7204849000627 483.61932868142605 743.1840587632829
1135.2380252625212 1036.494317169099 1095.8859489128433
920.1196306190186 1321.7227333117721 737.5215111783913
869.5210823758497 781.1023580972417 1463.777121764155
963.575890203859 971.8596340812126 822.2166273660998
1130.6864293479052 1103.189859840826 223.059820971672
156.535610724751 1101.7551353260503 706.0186509721862
743.6607442112218 1091.4525174991734 426.3645155204448
1164.9518261076769 989.8185263579526 990.6002529467773
1289.084906654054 1426.505898672984 1070.692340797644
961.4865285114904 785.5865293210232 922.6081147413373
880.9508676869598 1135.5205151099697 434.4365610827346
1445.8985140923423 906.7360870513949 846.599206754995
866.9668575381497 1336.8567681342586 352.23849386584106
876.2327430904694 1375.2129719104937 1337.84204520368
923.0882044619249 947.0325941099288 580.3920460551412
905.502330767799 1250.8765119359869 534.0612515950722
1214.4320942007153 1168.7508532302384 945.063572802399
970.5619569876376 1007.1023072906663 1473.0999866148193
1331.4030525138219 1156.7756953959436 678.9216960709086
1073.3723407633183 923.2049791566252 216.02039272218775
1328.5019593266406 1246.326707092 54.32279310070221
888.0223459303531 905.55433462509 973.657008782868
874.6794330757867 1023.9274922110523 1146.686755598111
1212.8952784709584 1093.5493702547483 42.08317045618665
1100.9147828126138 980.2598682001769 1126.6599921283705
1287.0578517176525 938.8035542884679 258.65060161504863
567.9200366208003 975.9061868314633 1153.5047848416107
1139.6244741611943 1029.3217833988606 653.3150612410761
724.4911780986063 1255.099111557907 1010.1167597979115
957.8926248093283 973.887697216391 1245.3846344650126
1452.414974797403 996.7284470543366 485.23242280587766
1411.4441204911004 920.994146212728 885.2286064121727
1434.4709254814381 893.4163675399816 575.9549049072067
1115.8711410845292 1056.2570035145416 652.4819459320343
1093.9316456872095 1118.4842882124024 983.1725020411033
1450.4042372255528 1032.1356911370806 1210.287691837592
1021.2012960183667 795.364862168253 676.4664918158359
1540.7302910345184 1164.8996188393382 1421.412414314601
1067.625258659103 1281.4916436754825 703.3683631746815
1218.1014759584568 866.4400513396711 1461.80229543154
609.2649109083688 897.7183241068954 225.77831230686974
769.8255185538634 673.993805392069 559.434451518758
743.4085175239908 1021.956149907062 589.024983702153
835.8743357296548 1218.4342413335435 1041.8719044201287
773.1661941970143 354.0412800733917 97.35852711590864
1010.478983948042 796.8190476307707 444.2011830482148
848.7550421520676 1123.3397713174727 570.9704367521715
906.1058608228628 1458.6622759093266 1183.726486046544
946.4703839429176 998.384273386624 269.185884602697
1085.6359261692378 865.7387403802077 365.53602524221657
1408.839540331541 959.4246261259154 1343.6001844002446
762.2430588281635 869.6481652850141 1042.1629507782543
1226.8269326866966 1034.927014618126 1154.7913444995745
830.1899123017931 817.8466303821041 1236.174669573243
1397.4528780022338 843.646732050588 925.419578037511
1111.719897616966 1353.1205928706672 184.96174932453357
737.6747934642833 865.013905461676 380.4740842585845
1030.9081972859758 1083.8724934785826 550.8016392187703
1313.890346880889 1158.1240493667863 47.92936231527456
1115.3556974570454 697.3400724715075 1293.6608787179302
954.9252178577448 895.4622993208653 720.8675531465768
864.5174518332668 763.351361011948 502.4001377832376
1122.1393854120352 1084.584543055873 1406.8504549452714
1193.658932828475 1188.4365852290568 1053.1374495985526
801.5214659912908 1186.0346275677136 1195.1700348435459
1186.5674402207246 744.7849860937825 1328.0573929835623
856.7537294679668 1065.0050601453524 393.18261065297963
937.9197907178744 576.4405376155756 1048.0634261148714
1194.3879403108308 792.391187213415 592.6202124335883
705.3832271827055 1171.3166863836775 220.1774849408355
1014.2176818942542 766.8069689917285 713.058858242801
1146.2601611202751 936.2024833664378 653.9855333589863
749.9981800422906 1369.062329672312 1269.906434834646
873.7427040743005 1064.9794693218885 1317.4873316816472
993.0392601303392 1523.7115837579045 291.20659667028593
1263.240373712144 734.1380330391121 1493.6593133681158
756.0035404663399 354.2035240693036 442.23044749644185
1110.6439895831188 660.5359259381023 925.6842203893343
1322.9227451303818 838.9644023031108 930.9346947138696
638.7995922749903 1080.7849235688313 930.6347983351094
978.7703476499853 974.930795511981 273.49731144225126
1168.3049537302536 1156.6790939273728 730.4715092112343
1288.27169549707 1203.5711277785938 983.5246397338492
764.9885929669949 902.9729481558923 888.8581061608157
803.4466562757788 920.2960270679381 1204.173947982499
1195.8346803187187 1353.1092422255608 253.0522122130079
1674.694149708773 964.2407349749409 429.6522349007273
876.9245007499418 753.7585522895097 1108.894076772475
1091.7068227783398 546.7748158558754 1366.9505567938713
1041.273970116429 1223.3641275129212 151.66600641616245
1173.0118129682023 972.3793543808738 617.8973783708348
1331.7617393839232 1039.8036126617428 1113.1447201277474
1049.1685521674463 1544.8336380971969 1484.1971989847423
564.5767745428653 997.9678266761015 1166.152742027062
845.0335828802449 841.8945586525285 391.7860026681432
1304.629651375907 1373.1096030267329 816.4100720896677
869.4900807953244 540.2305134416648 1409.9871889861925
760.718811283949 804.0432939154566 1350.3314477179756
1211.9482771823182 946.0509468728918 466.91279500753853
1165.1854235824183 1029.651493631852 1460.8635303483557
722.4168030148816 1112.2673922197812 1375.4058793791437
1274.5849882795505 717.8124197680322 1372.487742673579
682.3066438790274 1015.592880432615 644.7186585744511
1217.54700465612 1332.1236089239487 968.0740210879244
857.450564158078 1330.4055352273522 982.2165919445127
727.7882786300266 905.9498675560865 779.8866585150038
1028.2609587956254 820.576634070541 863.3679588285869
618.5860900862831 876.1185274569087 400.2139045656531
653.6619868605708 994.6264508496623 1443.0814148062875
1147.260936070835 1180.7937416409738 1401.3674231186128
1074.4429106535874 759.3882726916758 1381.3667551906155
1199.7456717739292 1283.3529714842484 1476.3777040584848
957.936694973579 1248.7322996467456 1426.5103195103843
914.8359340931091 921.5242292537642 654.0337596429589
1023.1464165895285 906.1319318243652 125.9505847378814
909.8456310405257 1110.4919773633312 1294.7174693797804
1212.523795872399 1344.709721865331 759.2640661182493
1586.673252630319 765.2859781146759 147.03568932352928
1251.364157127061 892.5518894399531 143.97232836326162
1163.969773067574 1264.3633161685882 1069.520785519195
818.1992334138966 1004.7905088532256 1263.8201366161184
1303.084193679154 760.9679182154889 1100.278928668506
987.1997624183927 1241.9046381435633 811.6615069723537
1013.6619316627122 1244.8904097176005 186.98105144984513
1041.0472365813298 728.7453839511513 290.08822553640056
1177.4733550387543 778.8196555157109 11.71695804300471
660.8693810221257 913.5760669976712 102.50676591895413
886.7071943433127 804.9425404089673 1162.7577893856107
743.4790460643667 1266.8813178996365 198.7032270931811
956.7135667004142 1148.873794919563 1255.2526885638813
1084.790891464818 1002.6237142502 1093.606029948496
819.181177022464 377.0459345871442 268.0490434593754
728.6444607062647 730.1425906218083 916.1253601359907
647.6850890085669 1081.7019892265696 550.4129991027687
1332.3161044216927 1240.0832996231302 603.4484276264161
869.6196051167999 1007.8389451653194 89.34660063409972
1241.4866139526619 1470.9097737305863 68.02150105504789
863.3643858207622 908.6936298448666 447.0511668539249
1063.976684069766 1228.9226752401642 379.7264616893512
1140.898449738511 764.9184290300639 847.7693743704552
1371.1593979002444 1201.6139961651254 574.6739088073383
1296.8177915702292 1039.6646428539973 1383.865581143206
776.9497389934788 692.3605380503657 0.9740437097107701
543.10865572079 972.095948861259 1303.9424138143795
796.8545059729929 776.4603851277077 341.23268261928297
1211.5198730855195 1343.0704322467443 1026.0248602717816
1189.3769736386375 971.0049094785973 203.0949043449169
1262.918374539013 1278.9776080423474 499.57165240448165
618.3250157136989 1234.3948632045558 704.7925337876345
1047.5258402905267 1276.445444552747 448.20291214435275
691.886921803846 771.5712434034041 243.83799405835177
1178.7241513260278 1418.9710509834558 986.1790705061067
1416.0077273805427 1596.2575391447408 1302.1034587546083
1000.7877457944109 1509.7862279640556 526.7388770740082
1104.162295547973 1148.767068925288 864.6435192477111
1102.2521856718556 764.0882311169365 92.15085343799662
918.8491757882643 1212.7719226652493 1340.7688630173964
1132.1177724933395 1163.4775895704367 1203.9956652298586
1065.2350798938694 1036.746166506115 683.9748077713313
1018.7177737726822 874.1365701524171 1040.7492813119613
1292.0509198528696 1479.9162497315394 1437.7154366802442
635.2926914402555 973.8993033191618 453.86923564949853
913.8963072491958 996.307993638635 722.8289566409037
1242.1421382284327 838.2816116890431 1261.85476262512
879.4282309824098 436.7023054106626 1105.2697625605676
1204.787033096918 1272.2813643981558 1263.6146441613773
1187.2223859430655 672.8063869226835 1210.9580395177181
865.5288175955035 1244.5077529792184 161.43924826377554
713.6763662619825 1226.9944599590076 236.1142318655257
1268.1300600007414 1563.571317412409 661.0572363411245
1430.9549636086026 587.3478069692026 518.7904760723209
745.7105623798836 1507.6830568901928 1440.2874688898976
586.3482099421574 862.4646025028203 1136.8012076558477
980.701878915107 593.626634458855 950.4672715078128
1037.201783306938 1195.0723524951213 1375.3070761961267
1325.6394419217409 1119.1677968508175 1192.8777808729112
900.6920083358657 1233.8039754405884 1293.5603595251864
671.5961005956165 1286.45031299827 1301.2960646913557
652.4370550876653 1066.0901057746505 1430.9377687041138
1411.4795497055475 775.9361401089758 847.0999970720236
920.9210734507093 737.20001531239 363.80203708257085
1134.0614391242348 1026.145757909709 625.729364353042
968.0497700591028 909.1019278448111 391.39419780156265
1084.4365058379744 673.2322219345883 418.6259671503065
1239.506911240239 828.2380331339757 922.1972054256106
659.7750017262995 607.6496767695899 1413.0043045911277
626.1101935095351 774.3754507046274 499.73013023907146
1017.8097534069548 995.6590884162481 798.4891790591794
784.4076949721692 1056.4528521957868 363.7348865749125
573.1627778262418 1172.4961837613632 563.5056686276923
574.7702289265974 1116.4017945872254 981.4129186183166
1224.1691163013263 1285.0476290030565 1080.490409022024
852.9687332344523 821.9747148392597 1323.4512711418893
471.7241365531098 1378.713210419354 1254.4768852256416
1070.281531683941 983.5430212722794 571.1253722783572
664.555019944298 1338.2042952564095 378.28749246278784
471.12921744838013 1187.3228247449717 1365.8096229462367
879.1982860078915 762.7313828188184 1464.0748030451427
1266.3063199607257 1188.4009961925954 785.8048170152226
723.9632831262016 1100.3060151987038 803.382319205024
1511.1697279767977 1098.0373792944906 1329.565376897643
1189.0197490078033 1385.735822977516 81.83060770290501
1019.4174761931472 1090.0338218648344 84.85498138222569
1075.7819122534167 996.6878928278151 914.137488479267
630.2712801527483 789.3854176695897 936.6816246216325
562.1372124123111 1662.8958779076936 542.3859630979731
1136.4387422605282 1268.3311370877875 756.7862492899174
1018.0158792309757 1224.3603359935255 376.9173828653115
1068.9491147110705 1187.5697288419965 1131.321513668474
492.2606350868429 1411.0450829212468 1037.1285909588805
1130.8359771935257 988.9011584739145 1408.3145500565192
1299.0514660722479 829.9542499483405 376.55887553060745
1176.0503846833485 259.8653164293114 834.467287364355
1294.7777915956067 1090.5241235162846 1117.6958215386874
822.3012276593511 910.5857204557863 1187.0591964886798
657.3044946733048 647.5581581608226 766.7607871040823
837.7174803488768 863.9744361656736 15.342319776951442
1116.5262618810116 894.1828341153118 1009.2120861020949
1093.2205576088722 394.51005243197824 102.09708428577552
1027.6508118336405 921.6174777442807 1413.4353605398878
948.0328310102832 706.7326107644708 686.6339996806224
1136.3883080870794 964.6995873051087 570.4348958229049
775.8395921439893 406.14821066859713 490.8207808151664
1090.1058195545004 959.7054707701267 400.5127448025405
1073.6431030026552 1043.8677308986498 656.9720575685128
995.329802591146 1030.0533056733777 592.0323730943926
377.73430516107715 1117.8312286419434 702.6742371227664
878.0631585309778 908.1969052176918 81.45458590756772
1154.2657813355313 968.5184390123577 778.1503660832437
1343.6924353101801 1083.7045793021712 214.25739296910461
1508.6476424826785 1377.1162991341869 557.9686181737334
566.5189395597422 1142.674421054178 1338.1048223859636
620.7411751036777 922.2824419362612 562.5559086363983
822.2089503402018 952.8756963102364 533.170569172291
1179.6511057599996 791.0277182756766 293.2030498124924
908.9353696633646 663.6570159618076 1400.379300788246
1148.6360751121554 1097.7729885375713 442.8358376928742
1281.9151089447428 1050.6532079491267 1357.9023929750379
639.1068982865825 865.40318122587 1156.1251799179313
532.8963936174789 1112.9110784923869 374.6040800027129
1140.0048424634554 838.4059137030079 982.4660026190962
726.5558061589563 850.6238636818307 518.6369544086199
855.6541623981282 1428.799315388496 843.6815822102836
1127.2211420444671 1169.2711614446412 1208.271107650861
1089.0420112551772 1162.5579369157824 722.7841655263258
1129.053019788819 1302.138236309188 91.1282513835585
1254.979952111456 1103.3540221799367 911.510015154282
1339.4326754540984 940.6241413751676 464.8890017960194
1155.1350613868078 1052.8612935020644 631.8348490159037
1034.5838118004326 728.1132869655733 454.4181440729039
1046.770386546282 1011.2925507656701 592.1589504801702
917.6545439096749 1073.0747747406779 1063.1725130971872
830.4051687157097 1044.0090060330283 649.7565064427943
1440.7901921890116 510.90636894601084 494.8412611594449
527.5527491482964 1415.194583610436 955.7596669732807
1286.3017291901772 1025.4205717559512 1304.89116096446
837.539368421078 933.1492776749061 1087.5382932786968
1292.3407341379393 920.6048743884314 6.9664999782707575
1026.9712227819743 1225.7298141602498 263.3539655657901
908.3018031474622 766.4916077747359 1382.8064118869286
949.0950338491533 817.3388962546863 363.3759998809205
462.8145875994694 1372.3309870632145 553.6631296263632
666.6617056094592 1239.7149555299025 826.6036814441885
793.9700104843522 758.2371861556954 88.7045228208534
1329.0215148894197 1005.8574135470333 825.2119708419452
1200.007378963082 698.3103435036658 1405.2649429923304
1051.1236282277412 1242.8748120351001 1393.2031066590823
1414.4836244668866 1072.4795117231683 632.8000954049515
1361.5526472774611 788.0203364318786 289.07633773095665
970.7878573582249 990.5225484172123 467.5183381626369
1115.8578821925378 923.9970650075445 1360.8331316886345
1111.2668842401552 1036.8582319279908 407.360623989803
1141.8633722611569 865.3400569299895 783.2920386812362
1054.3228160626356 1045.855315786431 441.80544322238416
1040.2778193133847 1290.2264342998394 315.48914613412916
981.1102089583468 1152.524208276709 1009.5297272723956
1107.4839416207553 1072.6642010057292 987.3187499628316
1384.340689879471 921.1707850758028 1433.3424231352526
1165.121951794603 918.7779082322663 415.8921733101443
869.4142054927815 998.7163330421967 1152.2088265625432
932.0589045592204 926.2390058274711 484.0957013561285
1030.9384803357284 1181.8884131676427 740.8684824788644
813.4729866708776 1084.390612411089 1095.8851561336319
1367.9166338155933 1021.9387542497532 468.10036595238796
1014.3288400162672 844.7845125911327 919.5216835910725
1016.9117782099627 643.877632582721 941.6621609838554
1145.588570975345 1378.3823621177173 775.1262067706762
1183.8168882456173 1172.9978423156422 1116.2195224411296
1035.451722254107 905.6356733323618 472.1457906590144
1133.8603860980315 1129.8172236896594 991.4293397719518
965.6734535105481 1032.1075438496512 1114.7162731908486
1417.9944234399604 1222.445182209585 1388.8878642875252
900.0994524605693 721.4966381931849 694.6599165820751
884.1356183570207 1511.4302995446963 272.87198724960945
819.3275794033286 1029.1392987819765 1282.8231998973824
883.5114724218733 1299.7771378201674 78.16430380770501
880.8779951451396 1288.6272981576499 634.4570585978838
953.9629434185927 1104.7131138105985 1319.9815242411514
858.8696878569093 474.5730525258475 901.1831036180724
1044.1374106594392 987.355838561302 872.4568156219102
1310.765640773638 655.0801560280447 496.37080010365827
1312.8285124781462 1108.3534044744167 802.6339611923462
1006.1410314235893 1010.9687287778978 594.3687665231165
981.4571969811965 854.9792300336071 847.8181022191653
348.5983166910386 1368.7423762574495 1227.788285960637
997.9684844346787 934.9304523538965 763.9496359719006
768.073064845569 999.2340197342858 39.45915735346633
1315.740786323273 1234.5431292153921 1398.1953600538595
1108.2457012469972 1265.511447978289 800.6060158247953
1041.8642936930692 1200.783622021244 509.2742735881134
913.3966415995094 1063.4506286334733 1151.4409738877048
897.4709321425646 1023.6127174997192 786.4226513906679
