2000
1521.9265079254924 617.917278344732 1213.0122734653658
854.3308690804517 745.3599280280645 635.8673246446785
699.5640094364876 823.9270252603469 454.5468279908106
711.3029366357882 672.6160976502629 1274.088409721944
842.9094164099099 1054.934024146447 162.7297340562937
1231.3795280166466 633.1037359003897 189.7708855137462
1186.7324986525211 1118.2567957721785 684.558886935616
1208.8201033564067 795.908825411283 1169.7840013228463
1733.2120375797726 1038.7168642372408 1381.389171780645
928.486145495501 908.3970873813853 1041.549090816463
605.474309523494 963.8595904992043 1143.305448268178
1033.4200338805192 1029.9350596889658 1341.7909369219626
876.0965720453291 1127.9645022198188 172.174713531621
817.1119569037731 1246.4898992175094 1028.2160371171592
944.3151871396176 1728.3465345198538 901.4606191710843
1586.486564993584 868.5657846111911 112.35354916087547
1139.3734328566545 712.2078691478321 1049.4397017971178
779.348355247355 1082.3617083190302 905.8944705568846
477.91154749722955 940.0642845125205 32.72085749560222
1233.4733886192198 918.3021919712006 1075.8990703659188
746.609803944567 840.9852528979605 9.161532119871529
926.9476374335717 911.8985966027001 67.92201057537933
1150.6897632280259 891.1236866550962 419.20372130351745
1339.1267646882043 1274.33609540998 367.82678665646455
831.2700013553344 928.944070781761 278.3642611050477
722.9649144414178 892.2789323835061 473.1646025856255
997.0474006013987 774.0127287614381 486.94070995735666
1312.823269824125 847.0220136240935 770.2510145786403
740.4757904064852 1012.0729596547112 495.9274521760927
1094.8178995816902 1089.9447640392361 418.77161657240777
952.0795204853611 1273.637398069197 1414.5393054183758
953.9908211890753 985.0745682821266 348.66727846089776
1505.0190026519733 722.4455579134101 1186.3342997694335
838.948383890846 1015.4581579436692 1491.3589090693165
1064.688313464684 1511.910062638814 593.1880557487251
871.8811478001545 1579.8827145050718 1431.2888063510154
445.03761751394325 1035.0108190281776 1284.952362463768
1122.840487025907 1041.4907756603643 736.7792283632608
1010.0303891535956 895.9411755073984 1325.6192458405424
1049.9261053555474 629.1419297619823 143.8068175462973
725.0994148605685 472.0609177567094 33.64926763477416
1012.0698395913967 762.607751045018 651.2107185207725
1217.5846048918763 751.0006275436356 1104.0654734119105
1151.6201309967798 1375.7937197065194 110.62820696233882
1464.703709135259 492.6802192689428 1432.7376249928022
1574.8199364242676 1143.5769068059305 198.1062282663873
1121.3865136834843 869.4806215448641 309.20554336211427
583.5692067727352 1174.2311093441688 1323.222945365861
1181.2776121896084 877.1366158933114 714.6220119104443
1016.1423898232646 1252.6928481570485 39.7658395903428
744.1783416651751 685.3768234210338 635.6983148843398
1059.177560168327 923.4456108504202 654.8436295598676
935.7133293085773 1334.7626775413016 38.52802789193127
1146.3304915517247 852.0822996436619 1047.6585030132117
843.0781552915156 1788.5100599623465 1488.2740358999542
1347.4585744119668 1141.779140666374 1391.433945015253
641.1924603010764 898.5885930812213 951.4559968793204
998.7350638467124 813.3403819378624 764.6344427730103
730.7208755580368 593.3437774062259 401.2357354784943
1216.5834512136985 1126.885311962012 340.6851003540056
956.7550204336005 892.702287446603 961.6777113067186
1109.1506329656543 826.6945236502858 1434.447348110365
950.5827370994009 1363.38691142342 1443.4250632447977
833.2364194736355 1179.3021201640688 350.8778791071692
574.966874759651 689.9718059346878 482.59197664237735
904.8861606960949 789.8578740569017 833.2004727264376
725.1653626561529 1398.8478238472433 1013.9488917424746
561.453548307062 796.235859224274 672.1986557878855
1148.6747562368837 1039.897438798032 33.609155966463135
733.6439945434581 771.1693687078607 1344.1269959693484
955.3703527879367 922.1844817359174 956.3232569715893
836.7183310229185 1126.4988859025684 1251.3336102551098
1021.6670511521419 807.159427006563 475.1417700313444
740.3529231441416 1290.100305831221 1296.359693875283
673.2184028322595 809.570518434763 509.2048689987414
1209.683928554022 987.1527830981036 953.3366208891571
816.8598251292856 790.7536327304863 672.4328022968788
1109.2475666063879 582.9573734268942 985.8267335541657
1091.239730992325 988.2070978019747 129.7127262543835
1062.6161890697044 1128.1719420424656 468.09142244308265
1245.3030546456864 1281.9550729030957 638.1532346343924
914.6580549214801 917.2652812924513 109.13112897433402
546.0440674245021 624.1735179735431 628.5266462856189
960.5236882464902 643.7639409989649 562.3831799642392
1329.2695855242068 1279.390788424869 861.4175290567321
797.299419116871 836.2233151981749 1476.0910362228808
532.9932961127062 1015.7284852138016 1237.4855213124379
742.1466828410496 921.087111993353 595.426436346506
475.365087851769 1056.8406647982479 897.3551449642342
1106.1349701313704 672.8133739574871 1274.5939701483085
1501.0094279471737 814.7409754160183 959.2694691637964
1063.7308073205718 1320.3603299155657 750.1966610714721
1124.7905828949863 1323.160464949363 1484.2799028837603
1159.3362965623407 562.9078575380731 974.2363041377051
800.0704594618848 677.8293376447353 68.43976221638692
1343.577497096041 815.4548441519297 727.0440927332149
1209.9419694881628 1161.4840779902022 651.584546041357
1088.082997542247 702.502660724819 1108.895110135295
1050.5838530926574 1494.1748771546854 65.74820734813646
844.3802505157045 1337.6986383902256 500.66891056410543
839.9419325275876 1068.7174803554303 864.8045220319101
1311.6538226414762 1000.9720738884473 185.44064521940905
826.1045536042488 828.7092111825584 162.9949624341927
1103.7554016519193 1412.3461025774557 689.99850295321
763.0528638739538 1183.9889904998895 502.39802998525664
983.5478011157179 810.3392339586912 1094.6157897615103
1098.1274196655197 1172.1586184891034 1419.9948665027528
882.4765835607898 938.4779204625816 896.3701346084442
1180.1980299881297 603.5802282157435 1323.2764269943934
1112.8993299651763 496.08938206955855 143.45019562532795
844.0064916098385 1009.9896577451889 341.568485454622
1091.301849342603 777.1213779396371 1470.431240966377
946.5374741009394 1086.7128151437043 151.4344018493059
1164.2401983325583 614.5101090304179 1252.5968783133428
1168.3337396330203 1072.1044325293958 1464.0826226950885
1545.4901430051327 1190.2976607568155 524.1053470136372
987.4666938142041 1014.5638003196257 491.5470325378072
654.7550068037206 1421.5095801103253 537.1987846415107
1204.4271970901546 1064.5953125492476 6.04293379481069
931.2518690546293 877.9545681920106 437.2760274504827
1073.3693710817497 1119.993717294664 353.28976130727756
693.0278026464856 1180.7890544039883 1370.0294500240927
906.3513515164898 831.1472826531556 594.3616578922309
937.917582190473 971.8212219686607 718.0034742166017
887.1515605241447 637.0525114356285 1389.7860104716203
805.9232672483641 581.806593643919 280.103007520817
1414.5106363629689 765.8734278458676 1218.4905160090552
1293.997030958546 417.7478564830892 529.9803283858731
1009.9340833652676 1148.1469270410225 436.6550037245294
794.0899627456225 1111.997213075185 965.3051115732136
1632.344597429821 607.4407456842073 385.571991053088
1471.838524008276 748.0701349138153 328.283903312734
900.848358492678 907.9041150232836 838.4553986719635
529.9539236952344 1070.7297390637743 953.206349120396
1451.947199931795 765.1814523581517 1018.6437731047316
788.9337645087846 870.3945414886218 1467.4392341169687
1051.956579558751 1093.2169446957453 543.6170504409725
1128.9315338758902 1137.4437026740884 796.531277466365
792.4561100321016 1017.172519844928 947.4040478795854
1114.2778968659968 596.5217435542795 877.9283102838284
1055.1039700736055 1047.1027406459946 1417.9804301565348
838.2029805642363 591.0349330233071 254.27771373671447
1238.6019873621703 552.2566283898716 651.1896175484487
1206.8429691514366 1343.735254855835 251.21016550215202
801.5803956795323 909.1182020163955 1278.783313825307
448.8806974153945 577.484391193591 269.850810137266
1229.7185875517907 644.109095843218 420.4430768585474
1199.8934570877814 809.8637106209914 1316.5667019255447
950.4141017066239 1109.5815514457327 681.8716431632754
1102.8675492437008 1122.3463810731341 515.5626881248638
684.4537696028576 914.141680370376 1256.8948814900662
1037.8250666502063 1070.2757412668232 393.303184771288
859.0762495576918 959.8474349945059 1296.2599608735877
1668.6127618598493 568.2548143240558 521.6443870152743
903.0738046933479 623.3181683836151 1419.3831157578895
1402.655597942143 1090.4894880575407 1053.4812769045636
1391.6826167777654 879.830095955556 736.5494808094141
1060.392303677682 719.3716463603193 773.8441190466666
971.121621412385 958.3371123398534 3.303122100042799
1143.0986121699348 1342.4883084967655 74.98955834182097
416.17323448241325 758.0867548073413 30.88373715027687
915.6177343151536 1083.2938759648428 1305.9246638229256
970.5223340624221 796.2983871303104 260.8861692902709
819.6280041422798 871.2207968168916 664.0141137683718
1378.0718456696475 1299.049033162451 607.9060498921237
999.1808504339 723.4331400851934 481.181610371096
1084.9736077032667 458.4609755067711 1490.9664704251388
1232.6975903543027 1202.5010998392952 548.948690912652
792.2693354909695 778.4392870796113 1348.352188424147
532.8114079745728 766.3155563806478 308.0933239401769
1553.9850743366765 830.1721094979805 1444.591650880197
1367.018412251593 1332.7621794183176 731.9435894486589
998.2948545098019 863.5860475179513 901.6093710357045
1250.945965657064 934.6166508120302 1499.1479759164872
808.1616338708864 1466.7382026765445 122.00222452829912
939.9945955929838 899.8463267705993 798.5820718219475
1105.5976906852704 1171.7897321305586 290.1758195331295
1029.331831479911 1689.8150786100887 1131.768940799972
1134.304232755876 1191.5721678884186 1063.6635640142165
763.8471339856463 887.4298044756404 893.9827226677107
761.694682318212 1235.3086658408643 33.29617297154519
854.6037540622764 1236.241023814312 1472.7682962761996
849.8397597794182 732.9333676629041 449.840900761176
1291.7592107185267 880.3650379196204 503.14230952258816
1212.3758646560477 1362.6471549263026 1103.0435748283508
849.1471257511696 933.7796280103729 85.97749014849227
1132.7356833473848 1673.6900912933938 535.9115953956999
899.3635126568926 683.2974708041662 306.7881187933778
803.0682282082339 657.0002265722611 260.1793521260524
827.9706091831376 1175.931854550521 1256.1048941999966
880.0576429208525 846.1394030245141 162.34584604820722
931.6196570842467 511.38417209285694 1140.166593327602
931.8154210794794 443.1908420914601 337.3333519699473
995.4304530268143 873.2776342569778 1011.9791749136781
1103.9428907371928 1074.4928519318644 1283.682884760251
500.2974378821589 919.0504964113768 183.64478907571268
912.0995582095578 751.0911946560593 856.7400886799393
782.9103372747583 1015.0892086761299 74.18727022552163
794.4771125086816 1474.9759568543368 734.8459179490462
670.6793458517916 925.4346102781584 568.3562367685729
973.4106841107753 1135.5864145850298 340.7562933292174
780.0914721575834 1198.6976853783585 875.587071673214
1298.8610730404203 825.284441277232 91.95298818803738
1038.3337132264694 866.5737988025771 1314.6548571456206
656.492628842775 825.422548988308 1408.9643734198091
660.5593237220852 1084.5423402986828 990.3362964951368
1045.6758476070165 1306.501426584691 716.8080179972675
423.3094865204513 1009.0609990965226 1425.4609381926903
1186.6036474916523 1607.5822741616948 1245.9356051669595
668.8844812413231 1229.1489776182398 871.139980382548
1364.4583654140447 908.4594087564642 675.1208680731578
1107.1567845049224 1287.0774365357684 134.72328676824236
604.7005690071194 593.8991854235111 588.7182084488217
935.2860541932473 1034.8922658394683 702.706881278767
1285.5024450644423 1021.7201266059606 153.952604624021
1154.475300086973 983.0737917890849 888.0705157986621
1255.8598077505587 838.8580766055312 596.2797637318399
783.5099202978249 761.7078914487956 330.20279803668376
737.8918932260649 907.7194845607102 505.34549318498347
1399.1300977294945 1325.9561802358808 494.95008843419424
1365.8343519816158 892.6147577583034 466.91420076447355
891.9919409045285 1038.8164041996042 1054.3769871240456
964.3198674702865 964.1891541581836 439.262718442809
1301.5426052687583 1066.1281395080325 837.7729591475542
897.5594565689272 713.519089713881 461.21348688994453
764.3496216438581 1197.0701878373152 614.4508064989968
1093.2200439102703 964.6901618626532 1096.9471084789702
962.1777081281692 1056.747701487492 920.8909515366166
245.49729643056617 1049.7141390614797 1254.753921541203
1317.8514248720285 540.739972724289 269.5085147203028
1065.968093777139 1170.030706259204 494.4277002602502
880.8354472889715 724.606424823395 1013.4819131181114
831.3048373330081 746.0692824830066 145.1811677187529
996.1194777489661 917.864182084321 434.14485384982135
816.10495091697 1058.1312106073506 843.754749994415
991.3779879408202 681.1232663194468 124.98597740674799
1199.3834618212568 1237.748734680027 1227.8657840124777
1091.0850530946252 1295.2706110547358 682.5380991867745
1206.9915811613214 989.4780702094391 772.8085945569135
1326.5256575171918 1020.522360977943 249.8771956146932
510.9132503582766 1218.7846315899221 441.46901464018174
1296.076113686793 1071.8329112881906 632.0373319867098
678.3606450989342 1126.1716322017676 46.458257700383534
865.8883200537475 1112.1030243038365 871.1171516065112
1406.0074386013027 1262.4199431072561 910.2680543332841
1174.3053420693543 414.6276188668754 106.06411631341334
1083.7330411409262 826.3916303393255 1494.4958902258047
972.0251270333831 563.6217393686763 159.33238933623085
1522.1767663094074 1334.6292522884833 1139.324747115589
1113.2278699873184 723.3114204629858 483.13155557555046
699.3569914909475 1274.0885321359174 902.9466941213568
915.8337360221057 812.1867318594054 1497.5277085886362
1258.1160733922125 1181.2761454096826 683.4323331679645
1055.1139143099258 986.6608884755689 831.2620660252456
959.705349622177 1248.4791093302706 776.4165947470018
840.9869980103574 1042.9143639153 1025.8862679016263
983.6524696627218 947.5339822779541 222.25623174322078
1328.0267933234916 989.0900003917112 1161.6839454153992
941.6643235004093 973.3216012215703 61.553809239717374
976.2693673403755 673.849791531429 254.66022380091798
601.2055436148969 1043.1418180917628 864.4796154255876
731.7315139710581 701.0259971539598 314.5971131012243
1063.1057515131838 1320.5378621108607 117.24302764304329
941.3072471557792 809.4983601591804 821.4085677446398
1023.5207486263006 1204.9338940483644 815.3184149778535
1638.4718802448997 1210.9609870386798 484.12393655608304
1120.2828924617345 841.8699970756549 111.89765504303823
857.1702726489123 1261.3871162387627 366.36438041949816
975.6272617705922 1276.0041260949406 182.59979439023832
954.6596940961628 571.7839451500627 229.54625161030273
1580.1244646394396 263.5964094831061 487.057890767767
741.8529475155578 1047.1242620893802 1288.1929587941727
1010.8416136234183 970.9793447408349 1467.1761641099552
1099.4717074170915 829.9093436996474 41.67240451461562
1261.1841538266235 999.239538116991 1203.9679533996737
1153.0419093584662 1142.4917678509794 152.76171440320712
890.7070773326772 1215.0715818794558 935.8142241292317
946.1304029739499 1209.5623300716147 671.5941901963496
719.1731946387633 1391.6452618437272 700.9181668928646
1116.9824262877373 940.1041322691425 811.3736961323915
1113.93707452548 1159.7125138045335 732.0887473175725
1278.5553816359222 1011.3645312186171 1019.3052035950088
1219.570437709599 833.124921614701 1195.400190655053
1095.3748817739781 1162.6822158949528 607.7113219991859
1396.5760650115153 897.6104673202436 269.1302939539144
985.9977125641318 632.3581576543921 607.0958349158642
1374.4880178204057 1061.111663402579 1297.7718360300998
1389.489278727895 1040.288704960396 1036.8803497274275
1266.3641139007846 1182.8133490554394 834.4335909827782
1139.91445992089 931.4202933148766 1136.9032243955169
950.2959908246517 1185.4592032372875 1384.4218159113173
907.7451135469776 941.8984698934702 484.95564282836443
902.7790624765998 924.2893529292987 1206.8545310191555
1287.1388835999267 1373.6120445524132 274.4538186973737
1017.6710035030364 768.50316015021 284.7396778916314
829.9145817415532 950.8283879838854 396.07725275818916
1135.8015906482688 926.3564536330385 555.1015158368485
1107.8912247974197 1189.905965149137 1338.420056433024
1236.2187440670004 804.9092103205732 1235.469369726024
1308.848469053299 1387.5017932642381 760.8395135165617
1100.419897945353 1080.0968252915493 1241.22893166533
1301.6910825238685 1230.4143670536414 819.2546558238587
940.0053723868579 900.4982488642893 1345.383973195154
1024.9184492121508 1308.1477956650115 1241.780386258913
754.1694821012545 1201.980660142819 1015.6752239514599
1346.5297009352948 1091.0904377041045 1216.911366087892
888.2446153140957 643.791294219399 387.4817449389693
1039.4227106091791 1189.8460045471547 1392.650497432768
637.884995138633 1056.661393341484 1284.7664194169708
573.8135375028896 1008.2450830039094 816.2413424132366
866.3988184389503 899.8239987427922 854.6572766422723
767.4711110332148 1007.0849385600358 312.23979345044404
930.486551977212 1372.002683275911 266.3726303460449
771.5107501819183 680.6447456560059 1142.7059833963378
791.492100316375 920.7908205016174 1391.608352421137
740.1034277182305 1220.219725913912 1194.6818895693216
885.4672040810848 913.8741893927489 1466.9010437181835
325.47706718391305 1151.681811416853 814.2708869219724
744.5507176966048 1171.2146848317186 812.8332785264216
706.7297262881416 562.3827035399476 1400.0356866939414
1132.7477579264587 921.0609070368126 1478.4581105327984
1273.51761018058 786.0568709514911 1382.4578277943558
860.2367462286453 1373.9080137161422 239.28463755522384
1019.3436595804991 680.8270057547121 522.8247160019358
1272.9336799554749 1248.5899266072204 1273.3409637397801
694.5331772592563 1162.373162596696 89.43557347600972
1109.2403328475739 819.2425342921795 206.720559387709
893.9496895307735 1109.5507880063512 772.0862752555546
1057.4981417336712 1039.6139111847108 608.045340076425
968.1021360245685 1281.2392017224208 290.306532343899
1315.2872920976456 571.1944663780077 1212.0862671910284
593.0771802814231 537.6324091161887 568.2210435901308
1166.8031601791456 1013.7547509453259 52.69646143531609
751.5977351125698 852.1676742590438 1311.787851700734
935.9604380935604 878.9288150412601 1448.200886247581
768.2998965759401 956.0585276968402 662.1773386603887
664.5256182849768 1074.099200480227 569.8007790539727
923.5577884449864 1248.321721548262 815.160530275001
965.6803589152173 1275.453721898228 1056.314701297883
1133.7715381890027 1105.5930696702014 1377.9965970142296
1447.7244856733773 720.9701758007452 162.36688562345475
676.4803053273266 940.8873361764425 209.03141768772286
1168.6538284364 620.4539223758793 1275.4027302081058
788.3725214410158 1452.4613625884897 643.1316038007818
804.1588747567087 1190.5381545145333 1494.2320671760083
463.2093566948122 1007.4000433658317 558.276854582983
931.5541719357784 724.4921043038282 311.750640310193
1008.3520442236327 934.6718851363028 472.8259725900695
1082.4485105896288 625.4204026067348 455.4392541887285
1070.2925156074164 1201.5092441144743 312.5649410902421
849.393826799283 1094.4602106237473 322.1090790042807
444.6739458555021 455.8925219194383 224.28319124490116
1571.0632278348908 667.8300619487552 784.3281868239625
958.1648975154259 905.6767790711041 1301.352027396681
1083.5737299935718 1116.2016179634345 1276.0205342476165
890.2981457138653 1360.6578880829993 118.76083162939999
1239.5149478393068 941.0891477791337 1108.1516428279617
881.4901649536433 875.9008051546634 340.63353078758644
1354.390023812017 626.19234468786 19.752250649949566
1539.780620646085 873.8798694950709 1049.8476371148458
1103.9375966934044 1222.0252161647027 922.99675197035
804.7942272169961 1342.1608062282255 1250.9268222660323
1172.1122166999753 1141.0315000912744 1014.7844445099902
1014.1087451523438 682.6075780651654 1183.5991461616454
1071.6334786884397 1203.59571299351 1246.596653907162
869.9204126279833 836.0827875666856 1448.5092843329166
860.1767094232082 729.7775426471167 77.14694646609377
1021.6511655996206 642.3742574015234 773.7137980559108
951.1189068304868 518.5974943582341 1320.2904707804114
690.3004656207361 1287.4455438649275 450.7533705858624
478.78337479183654 1404.8676428133747 88.35969832081337
960.5006354567264 1326.3282022903354 1147.7467246667748
618.325474984875 1081.6582995646784 673.7522714315973
485.9821657767375 1028.0698014592115 723.2923892932704
1177.4111662342561 1355.1733484940926 595.771545993758
902.6204391407017 1033.7659745683993 1473.6483638579207
1059.7151275930926 504.95144031437235 772.5512189026806
1051.0825334642748 875.8023110411139 453.51187839581996
1315.931982694133 1333.6058929709923 1132.8973349238029
948.2151446807372 1318.9837386107909 1384.4023959378235
593.5937014605784 1329.5057863113657 1252.0467940969481
1006.9099526176852 902.0444658754791 448.2557436447782
834.6314245978026 780.1967140064471 1149.3581367986035
732.9811919076074 1710.4237584554576 887.1932189894205
1296.355191622484 834.1978274835654 1201.167136402789
1235.0696129682851 712.8994745022395 473.68330007068704
891.802605069677 677.2614803679843 375.3216258637397
596.5587429451182 600.8396962437813 42.473417567973904
940.8473400987331 1057.4472630850946 1156.2107414742009
912.2518049049771 1080.320297194505 30.670987271170567
857.3339645255578 1145.3713333405574 594.5210168212442
1026.3432508646083 393.14147427723617 1040.1028111247444
1000.0818791563094 818.9843489871629 1370.3736620201323
939.1117563363354 1131.7849824158411 1470.5502559633285
845.521715886337 1184.6898987897212 145.12177386086617
687.881691545529 713.9644753516111 1227.5296674021865
682.0438261832438 986.5364226080669 1430.242431723466
1320.4171018268046 761.7293975352801 1287.9578643906418
1101.9534730203363 830.2542524413258 169.58679477526013
924.1256420162601 1047.552479030158 986.2242089110298
880.53820685971 824.1723905001276 52.43509422126574
668.5908323366966 862.684004046873 407.30378167435475
917.2473103283559 1059.7297033408088 403.9951653248466
1483.7687131338275 789.1007343022548 108.12161130693143
912.6735815928224 857.1454038361171 1484.9428029403098
1345.6081149330575 1342.005423176457 688.3603116624525
411.6170327807 1222.5833541129202 1085.9765786389423
700.1867504084564 1134.0564000185964 797.1856305074032
1503.1690959485213 989.2262826348185 1005.152360207681
1054.0915400684623 983.1870082018795 383.15708009741644
701.9818970736408 858.8138032706142 709.463864709368
1388.8933843114578 1211.461573470906 22.70897356535978
1388.2504888164099 1089.529240724965 195.38054635830193
899.4642109695607 1384.4960930254324 537.0625414387493
1245.6888773494964 931.9177778119478 702.7489621527524
1148.8479493362947 1286.2316753432087 542.9899409227985
1321.724257664927 616.9548249853145 1087.8748432548387
860.0910735316249 1232.8623479350963 36.36519230821561
610.5561129883176 563.6410707514216 936.1387807329439
1092.4826295401137 540.453716978162 366.12270353411685
961.8514151029036 561.486281075207 99.60660078503625
854.5228438923541 1513.5950935466094 967.9246165635993
1102.6112578161158 935.6036373400788 1157.27142001428
1059.638221109907 1034.7731998775398 1310.4023249066097
1142.46035721318 876.5709772072317 235.94460384510955
737.7314469885462 889.302233464502 23.74741923104484
1227.5236939052083 1580.7206024077625 657.8185482701673
1274.9703817825339 1345.129966540343 872.9896202242355
1000.1829351009012 971.9587087778009 562.7046722010593
1005.3246394910916 1028.2223052791473 1325.9544752026927
1278.3679666915464 840.7200316897056 912.4801401189784
1014.2678686744086 1147.822706567129 1148.013440907301
778.3560373080578 1335.4351400014982 304.3983247326992
1618.5389152074608 1358.8215015646895 212.02891677511155
769.617198235653 1023.3798378884911 1464.6907820132355
1345.2779900247708 1053.8678458504703 127.50666694461799
851.8173293517959 972.817886006208 314.5523964423136
918.7121700811554 1561.028528618243 942.1114923050742
1121.9143587244787 804.8831506362676 641.6086858487586
771.3165203494157 984.4293793714884 309.5927247839138
1214.7375361763497 497.8590756853646 1266.827560096245
1214.1095444510008 753.5383077836044 779.5191315810717
527.9306594024513 989.506171160855 1279.3420940597491
1328.912427819967 989.1117544717681 1219.8636119831924
1014.1621149001328 1112.0539635542286 802.0637657074965
1092.5552470571802 1307.9953819734776 262.8986076970113
1032.7388246153207 1246.6840783011849 891.8623267045463
927.1108137893076 1172.7111401361892 745.6719421481746
507.683621324963 1206.9952704190543 1302.8166079157322
1273.030218699336 709.1982598520459 663.7253303391014
1310.1291983384795 525.2851530424846 634.814909033669
285.48921999046945 576.7456568496971 990.2884162998524
768.1387836495328 1157.9275472480808 539.3285160844578
1007.7628843213661 970.6341165465122 10.89741820940765
1409.0394382470236 1001.081019437212 1288.4429390968419
1254.5655779265135 1586.762704318121 625.18006396214
1071.7055832580393 1171.3427252930444 502.53330010898924
887.3726283458408 992.8823247439071 732.3284113598154
747.0205328207802 1186.0735802962706 1035.4171673866467
660.585942088453 1338.7932126924068 1188.7799331601236
998.637602006543 886.5724525380501 191.13663411521696
1231.9595799257138 632.2776324198398 427.93915100363324
1055.141119368248 1109.5833146869152 793.0858965141061
946.3362062449039 1057.6746277340665 1276.7753031249304
804.9843929232557 1226.084012375728 236.27908452645917
755.1082397437972 859.9862480503457 1412.8500655831303
1151.311349799097 1355.0231474694178 89.24906629969843
962.1974449525167 793.0453634251116 1069.1620373833211
866.4276070094039 1480.438967354556 1489.2495833531993
549.6227276091686 1285.5389835060614 1088.0353395202255
1130.0929682024978 735.2325730510588 924.3777216827981
1048.8713127081032 1139.638387187202 951.1913190647203
1284.3219925078993 845.3237496141369 1351.195184891036
1064.17877112277 1300.1785665100435 146.07197075292405
1124.2498709145016 1290.867068696166 897.6618792304138
1065.0747188980185 1047.8351644170918 940.5335094634412
897.6662015541501 651.8724094451052 405.7904871945143
936.3766260071882 804.1855483240487 405.68870550963584
710.4604396643147 1069.6879962727423 313.4865335820039
1417.2884019363642 1277.185033881881 328.87351414623987
698.1903895688506 869.3222680063836 211.6666474804763
706.8502101549162 934.1822893676925 891.1832915066419
1138.2442057307974 628.8203533195979 1249.1490127886127
929.1892553464768 934.723407653982 850.2022740919417
1156.366690607206 899.491607573716 847.141717833935
1065.1145653457547 809.5837735734962 1490.9633351653654
595.8648626647873 967.8495633416914 733.379004855373
984.643649719744 1340.2673879703862 620.3872394961968
1504.1526304654217 887.865114643095 1413.5748073463792
1307.426120596223 1067.382586487723 1269.7392403348172
845.3752796284277 1448.5471894112661 714.8664704748363
595.6805852545326 876.5019559078236 1312.2903575903656
1081.1998079356888 763.9123011714455 1142.9971152384726
929.5871141232307 1060.3130651924446 739.5620860781386
730.744255555874 1318.6890640381796 1199.2693793729916
1167.724358264763 1228.888866091469 284.8831707380196
453.1654197146496 684.0654713898296 527.728114663633
1047.4414889165894 709.647801445381 769.2195054594085
493.40429129303396 1075.7539120377085 200.0092857581072
1021.5675822216016 809.7828750697935 1184.4207201654874
1504.741678969722 822.4286918168162 487.4825336599415
1075.932277191115 1032.3700430987196 1297.9286673921206
926.5301225364801 830.7886251590958 34.91303499673681
795.1301166518998 736.8166672416581 801.0464940404165
828.517740858154 1049.002592749338 235.7954979666479
996.34708398243 1333.5671831652953 209.48320239940992
1142.508345993002 1015.2151407000063 809.8706154994812
1278.5139213127045 776.5346705934652 1122.797437539395
1058.7239082242752 1464.2412402315783 1184.2553975334392
1125.6830993305105 1134.4706322415918 1226.0667684663356
1091.7162005876223 1258.4812108619699 1386.5378626277513
866.447293501913 1252.5732851984415 430.99791160295484
772.4312811968163 1229.9862642597468 1182.642179464779
946.9054898780871 938.273974375302 1419.6667292781196
1007.8242323992395 1084.9426299145355 1196.7380752061076
910.9734892695074 1176.3414867697584 915.4884757981388
1132.8017580900553 1076.4085250329595 406.3726715790676
912.367879114531 1268.276033749925 937.5150061503917
1189.6088876538522 1218.1141735684078 864.0541519360368
747.1693244908547 926.0766667615084 83.97511275573116
839.4764821356933 987.3766690520564 973.2442483456764
884.6187694844461 843.2955541219978 1312.1136355302922
1219.531962237235 850.3910903571533 414.9540475763485
1138.6090057775964 700.1912414429926 773.713714083415
1289.3091852771522 715.5094790117766 279.5684090657851
651.70722208351 1017.7120775135735 783.8974180064358
1286.2306800872484 717.0556806865891 1464.5817413471102
933.7598438487507 651.7207243022917 350.607302109584
938.7392019466417 805.617791852468 825.2682251090456
557.763484221143 692.2560104909326 294.7980622678844
432.2126036344896 887.7443533314382 1415.5794941183897
1368.4437816767042 949.0313935917342 269.1199614328217
1014.5496262645381 1559.906779269018 535.1042855745451
1386.5704239014779 1617.5768627404557 314.5966052433214
1167.721038805602 1092.6620643182894 852.0873226369263
941.1058582531073 658.9435388839935 1404.7520022293093
1076.5119814183067 493.6273992244687 599.6737584247522
1150.6098671751718 884.8575931794967 191.2708419459865
1410.7260349899343 1201.9610121201067 975.8602229976503
975.7202488390769 1151.36228444484 615.5003322864942
924.286753188492 507.3820384826357 916.2819190136585
1263.25578527846 732.672589574257 317.17626547693726
911.8994069838769 1360.221963775317 335.9727368141621
1174.7162009406838 768.6965653263733 143.0266528200747
806.415188638359 1204.403797346291 960.8571093780203
682.7226083926172 1030.5975340522164 667.268395091674
744.2967491675499 1071.3222916783982 329.95594406359413
822.2176452919582 917.4295625334388 446.067627342668
981.5728682523963 747.2668860580869 1073.6362073758864
1285.5641867540392 716.7694791266122 710.054064477084
1043.0340139575844 962.6860609337907 364.45126479793754
983.0673250030977 669.5812500080534 1380.5009777757764
775.8068231038484 1182.0673832105351 759.8383112385965
876.7612562290667 541.4657507477413 728.1866887495793
1018.4247221067385 636.720034331829 955.4949579870874
1285.6326778134692 1177.561039346801 1294.9162651445965
575.2108401758801 811.6238718438551 133.62857964274434
1126.9710569598033 1218.7497003676656 1276.7535784965185
767.5188000571727 904.569809619127 1198.5706536460575
651.4639483549881 930.5261375918859 134.07937197244496
928.4025806595046 985.5613769942878 501.6808695621878
709.2356112471116 1054.9957766222544 1059.5233743461272
1024.1303554934839 757.5301256134846 1221.5526918242294
999.7821904792228 1064.3818580046557 189.07485553349824
1502.7894330412469 1422.7589983743278 1126.6880796541147
1336.2156202506415 767.6738452799465 529.9268781192338
1031.374138074892 1512.084673902667 158.09993482636241
1285.1489239903328 1127.2815333501362 1295.6575882613472
859.803372353643 1121.7454249070415 559.1984377215208
831.2034777808103 1128.9460597677667 846.8332131018504
1056.6253966610643 1173.1156622305896 1052.2349505351197
776.2734554182018 1104.0676732490015 309.5000001948129
1011.087586641558 1110.5966298531498 27.368092326560898
1482.9716289987991 695.851729384639 1061.6385239176648
1098.4725059940822 901.7937525809944 1235.7860895008412
851.5338939420087 836.440605930613 684.7282690120289
1042.4194656475092 361.61477082780834 1170.00949130681
870.059846827991 922.4999661604802 597.5103977516227
1142.985955473614 895.4989273547686 714.0369067992515
1098.504749278782 796.6084415758866 499.7734102763587
1150.439699958227 635.1570454541943 1180.7145304189178
1084.3629749686227 1271.0198830368854 708.3744205149741
953.338128355593 889.1253822868348 1385.0624579813436
433.52418576565765 1012.1499150130691 1394.8786568035318
1370.2894177255826 905.6838583659227 224.45902782747
961.4817376216156 597.2409241083747 1348.4405442924449
1393.2190086633593 776.0228886379809 439.87980607738956
1176.2473938829098 1072.9177736929385 27.600904093994462
1106.116357394182 828.9367564878089 188.80739820702718
1097.8845387701538 870.0657750861403 368.789353776565
902.6936703919146 745.6262060619806 87.94462288745558
1160.143420752886 650.122926263096 1149.3004958339682
979.5008462345505 975.6046745850991 66.60127120584508
1386.6360307650514 1502.657486582507 16.47500788932471
808.4353638436735 574.5984347842473 1182.223153539094
1339.5458108750222 1089.2251642285341 310.2675291744053
1464.8027533835666 516.0827902199395 582.0643498151495
635.0222584297117 970.1354770953495 385.7813225644571
1105.4624607184012 783.3721563814265 565.6851093060429
676.7961337301109 711.8799837608442 705.0281409923897
1049.2894312198719 932.4331684401221 319.16987589586364
881.730209015695 852.6329023174968 366.9347097585832
809.7628573454554 867.3440172619246 1077.2977560115553
849.7602024958187 523.1718090645074 608.3450619078362
776.1953401689032 997.6639308889264 599.2653699781964
1267.9019646703327 1360.3530642740122 1123.7135352593803
1031.7561393457515 1003.4828409293856 316.46634465900036
1123.9931765684696 782.8287642266836 426.6801231303291
998.8188831548607 1132.9147312245354 981.9205782375548
1006.531089619681 1024.1082485356353 1218.461045664081
743.3589948789145 869.4726531712157 819.5481694872213
854.6249001990889 1393.117701076961 615.3782791295954
1226.4053723007526 1605.0764507786857 670.6319458072848
993.968724331856 833.7762850980655 285.85869277740653
1150.4539382115076 504.6415839245203 614.0584604063806
887.1288181775775 326.5248928602696 180.03471110294095
1177.3030843028837 1221.3376656024172 1104.2470243693763
876.9663081572592 1130.9061785224933 823.7797462476063
599.4732494999045 892.9259087354394 1252.6341150763092
1009.9082110960861 1252.2363867548731 1307.5877227525448
1429.1405080501982 1076.1659608250366 515.8234435461294
934.599148192007 1108.0137959275316 157.67622249927143
1241.1635130655122 931.6538324543652 1024.5178752335826
865.016068349871 974.3709382635641 545.0093208333301
666.9767187675387 432.49466533547843 191.827124695359
1125.9247687221189 951.0595832149706 299.5569112812706
1236.5197693294156 1324.2686423239013 1223.1603499255864
922.4186696627675 436.8191264149448 525.6679975874915
1186.4479321522108 1035.5345531059602 793.7047733198144
1177.3117108903125 891.5477638783453 1056.9927529286356
867.9349173750298 1241.5079548860306 831.3809084715718
934.4329687687812 1092.0634693202828 1437.5797469779113
1154.5375179920368 1411.949857527684 1277.1163583831456
1448.3066801488637 1289.064605565401 1030.6203255364571
1092.5018137161746 1411.2335890464155 1403.2294839566473
1201.1927711665214 792.4674478625277 427.96627850929036
1314.7637567613756 1292.7083564362051 306.3798960400431
978.4448557411686 844.1132517599452 111.03043548055558
988.8468825234733 906.5011405159581 1028.9622688222287
1306.8034100444504 380.6139196397892 845.9238548260156
1176.4274753833372 1295.0198932852081 318.0742006230976
1334.4655233908936 1451.1316133067392 497.9979668835291
806.6920489576285 1035.3590709404075 81.55564378971958
955.1724102414835 1298.9454474651134 1430.6376859097772
1216.995379848335 836.743921673278 199.6838835563597
800.5789163429251 821.1513207639573 1076.3391307649608
1064.8036750228168 1019.3860208675596 220.11685582027712
1124.945751070656 795.8235844065748 1294.9861735977086
1451.856235382971 1115.483962105156 1477.611401576065
1226.0014627641606 1072.70201105411 1151.1778305705363
873.3719704055068 1219.7759434005657 74.8474410189407
1092.2542034234095 1613.3966304309745 684.9517118880952
999.9221919751619 1174.9789181499127 484.3272112439464
1056.3615311286244 468.81372293146535 1339.0974582791075
906.2286841486291 1088.4316174350479 751.6287150903164
963.4525647137667 813.189857666965 209.0823221692842
1271.4416373818256 1059.8934045419724 692.2969031324368
1052.2488629377647 994.8146421065893 549.8443513088046
856.7555152074846 737.9571210116749 502.58270851475277
1463.0125000051955 1193.516281039561 78.42824081208671
924.6857689519562 971.7545695900858 473.64889510750197
1101.7626275470534 1142.258717426756 1243.408315509319
1300.9669196014836 1216.987946590672 896.0162736189404
806.6613000140536 1238.281673267517 579.5953891020952
752.143368375394 751.3140719709145 1052.6906008414016
1064.8912544610114 1105.3562141524885 441.54691255787503
692.1850034670667 864.2530736933121 1291.765593461638
778.4253646454517 1341.1604137533466 926.4969287293627
868.7037299691095 1172.2032042924159 1405.0153590169207
658.6871394715253 911.0724193873951 579.4973809624806
1180.579117020772 1297.9066623323283 734.458627749649
1104.5135257348707 1274.575600950302 422.3118301184703
990.3541215102325 1301.0233815429171 256.03268719983015
725.9854831235778 1375.761033903368 71.78501925676068
1062.17364512798 1231.9377507326528 536.1072210702948
1297.3536948586268 1147.0941841076717 124.95755974068368
1290.8726982998187 1278.9522626408154 1004.0691409583943
802.6803959753547 1115.3920738831594 1078.4301110762476
1238.4456909145974 1024.703939321449 668.3199594862696
1105.5358788463957 1316.1526860107267 954.6237372129704
710.9706028663561 964.0924123521169 10.44398785985412
991.3619054744669 1032.8402180458377 105.24199507139076
1598.711118741785 1107.4996566259244 1056.337782103938
632.2817012663929 832.9791854189252 1137.4760424784906
1087.568146454914 846.0816405118379 1446.8274232210463
991.9850032195525 934.109225292022 542.4998081460661
1018.0879951628539 1174.2082051658506 683.8634796250215
797.0522466364687 722.6129564653886 1415.0274682816264
1263.4676956196736 1567.216710485808 407.0778035760566
1175.188352684298 1057.080832812663 87.62038162945618
1125.2416609348998 629.1926421732827 211.34779374584832
915.8770939879494 820.2526170258318 963.5162714445637
896.4583712876865 950.3024439653117 1305.713490120828
939.9053154481039 701.9260995728503 575.7543366842702
795.6872278331394 730.2336526661114 284.7716660009371
1017.0869605200672 843.7560676728768 986.3873112373826
1160.8116066898233 794.9863831047912 66.59755460176825
1334.876079450165 1123.8432203142695 1094.9254601437558
1058.512062429959 612.371005078345 1417.9141437441574
731.0700513897489 726.6106029293221 251.69845377744494
1451.4925338193048 554.5720547765009 801.2170293354268
1027.5055654972857 1117.2927328466271 765.4591278850121
971.0869171732585 1071.161389593334 1116.2541127086552
1230.109616503185 944.9462848137961 152.08115990050425
1156.1347614751664 519.7687552391818 1230.4225110597285
1781.6714916293404 992.4227699541507 5.386641436682382
1130.469348554107 643.1359354334678 180.08488859768153
1138.4359635838182 1010.9589090017894 168.26370397349078
1211.5361408385165 1440.2975010296898 161.89955771138392
668.1322013454574 1074.5145378530794 1045.5386440428601
546.3507559766198 919.8110649345734 80.27420783341881
1060.7696059742827 882.4273368186796 83.32013882916678
1036.153579284681 1300.4953206841706 194.03758720563357
1173.5836985350234 1062.172585608475 680.0743052639274
1011.1024405163668 887.8751769599758 740.9539755156982
954.1899164849185 758.7005434424415 395.63679739059967
1163.5696904310325 1068.0387274105053 1393.516081006734
1318.4207027389255 1148.350938275549 591.7901397733599
371.3414947442036 925.2240782473367 1085.6781096175682
1318.1818186692367 1265.8751673430584 1229.045840805222
528.4494283914217 911.034588255818 461.2160355767886
936.5377900888741 1363.571314636456 6.654091905317017
861.2081451177711 1426.66380253105 1122.0792531282987
808.4635322286272 1365.7745487500415 975.9383067443197
1582.0385227125023 1283.8615621986846 595.938761706311
889.4976206384275 1257.999046462812 264.6217939287292
1465.2380240573057 948.7078001725805 86.20056118111108
851.3143670601585 796.0886641032344 281.82126801803565
1028.871774887803 1188.2171196490453 193.4703492671282
1276.9227875720915 1254.3704244808273 1020.9744505548316
1229.3210819120427 1262.8998396332618 641.7015599192242
1347.7502408748205 1027.9482485188453 630.5055559529584
1034.5379009260223 939.0042873629485 335.4798668216452
1154.7421738949147 796.7780459873251 205.69936276793504
1192.5086583410252 856.0122000995484 1184.2884221362708
842.4883864960161 576.7961882785219 64.98533062203798
1148.3571698982819 1479.870005795571 1031.1852793662076
1527.0192751989748 1308.1715616768627 1058.0336700819448
1121.5681845834633 549.5712357102364 895.3173251885241
1045.7530244643735 1265.8279685401312 981.2705634531525
949.3929416008258 623.5910443600185 929.8610494095407
1460.4330736238514 841.1099449931104 1114.5252227065914
705.0271125609131 537.5270147844585 1281.5197052094452
1056.9959896939824 1234.0804305801669 340.0438236462354
849.4761774338248 1405.1959011665458 563.3623567013703
1120.0051979190548 940.5463832474595 957.6300142173068
1278.4925698006573 933.5960226570588 461.4631241132083
881.336651311705 1454.8054870252422 1397.6313311328106
1002.849702456035 978.9900931069636 23.42285816769707
1451.6732176715248 826.5684427962966 526.1712566392974
500.66120339333384 755.3093324610368 713.8808174324121
1086.4625131194778 876.4745192067663 789.8687304941748
1046.096472884215 1206.841582430623 252.48365171393928
1003.3082994252874 972.8503174264586 1156.6850298321274
712.3201764269859 957.7745628370527 534.6953901479044
1303.093428361598 669.3516073826427 1178.602342227163
565.7180747827663 921.6301095855943 768.7094001961788
1415.5692652854482 393.53991269406754 1180.514829019202
1026.832786052388 1095.49520235275 832.6728854354724
1069.9830045718081 1369.6721144967726 819.8230992398943
1418.6219657610295 832.2152644434424 1195.6194152965045
1075.9902414407513 1460.7822352079525 1495.6681968368425
878.9747853798103 898.8052025681382 559.2111631570936
1492.7332748016038 734.5603871460091 1260.3858687269899
1500.133331064395 1200.893845511725 883.401659598056
846.8464614982323 763.7875122317587 843.4331845549469
1261.7228492812842 1291.7405742724084 39.72174771305903
910.8460027588311 776.0172538399088 469.1312276536214
1431.3360268312838 992.1800688621678 359.16041451794575
588.6314493762079 1230.7025211703906 1343.206313567426
566.9112668127982 997.71922084808 1296.7842794683459
711.0919675653438 1199.1211742641733 1434.1784911045772
819.2917832084181 792.418569518585 984.4751096729307
916.369403243526 814.0631848758901 789.5935189202468
470.4549882000823 979.6563783887533 125.76450666781996
805.3686857506087 878.1893961555287 1073.1504712999827
1063.0178013067903 1284.1467028334032 1455.4100148923678
1341.0494470995866 1167.6934069900913 24.81922276404963
963.9519843944892 1242.0510285874109 1121.9884660446878
1022.2388751088542 1267.4257861043461 135.78616431007944
1031.8013655083932 914.1535659592106 1233.2035635970374
915.1342159960006 891.6345030639527 379.6389390086398
1085.1213833665518 1175.2070863136923 1149.726705096552
732.2368786604984 767.4403802147245 1177.5965267266124
1183.0085435514713 1204.2220612737378 1422.308953359709
891.3498758470213 906.7483973388788 1339.591234729912
974.7784705949318 828.2130095889665 301.3316934092808
1160.7033738992861 584.0861254075221 1195.7410799574634
1233.6184070574875 1310.8888829363518 36.704951146770526
1522.8033490761754 1297.0636080056772 396.7443500071069
598.810502885265 883.3266374830785 643.1268808056697
1296.4544490997139 1126.9446051726798 604.9261699859145
506.25229280419825 1114.4694475735564 631.2220011016368
1437.5672041524315 1392.2403227823734 1094.3320620054228
937.8813164641256 706.6325598895621 1198.575828982523
899.5147445362581 980.0496334329457 639.1711231263505
446.5013785538099 999.3389023311466 567.6423381501252
999.7527474522772 1159.6659901759278 1480.5472770255403
825.0548781001346 779.4294964346038 1465.0295954609403
883.886382866141 757.4233134881105 279.7950163397748
893.1933570850402 908.983482269878 114.27907739966497
1234.945630992559 1104.659307081832 1259.8268012155686
606.963678708027 584.6133103268451 1081.746319081792
549.4622145930484 427.58947503488093 265.19675921202315
533.131425769277 1177.2907490625228 1453.2459235701363
1236.298567064554 1341.7705311146324 187.04007189035133
1131.0242014746755 606.797944808684 911.9773943126431
1191.4003258430942 909.9810221135587 50.93963689374542
1510.8863310963925 1437.8112655630543 156.6702123824122
749.5889016596562 1486.6777777791676 933.9980738401401
1321.1786562028337 703.8173013359385 1066.4284317168176
1159.1109376636255 973.4784864795727 662.9539961244652
853.9097976898258 1198.0607641370555 401.895542324668
883.5068535807103 857.7956679144554 1347.921181159213
1152.8093375081112 1051.636303586564 890.9760799129782
1135.1552605772954 928.1185417799958 414.1834227298756
807.3472775346168 879.5255884924296 1234.1664275672845
1197.8824268046471 1453.6798818434108 899.8407450355506
713.9756394144192 1643.8482400491482 1066.644587762614
761.7857428411795 1116.1412667768873 1479.156694163083
556.7394961543758 1258.663180087773 212.37190446269378
762.5479040952222 1166.4286073967344 1478.1693419475016
795.5213185976461 1005.3198999928792 468.041038602306
1289.8153663641242 718.0837527231861 818.0712990729528
936.9073245116468 1113.6530539477699 372.30232834290547
1069.6675260022105 1293.2261462784686 1312.572601490636
1142.738685345489 780.507768652257 697.8438255530008
820.4660083758546 1211.1808601635303 1475.9519573792218
819.2997530255582 828.5721301893203 673.0681042382838
1012.8306055329615 1422.3043236893955 1245.0135842839043
994.0381526020021 912.3075741040906 1467.0282896436647
722.4316111897567 1218.9052069835511 706.8887792152071
1231.140644902059 855.4458302459354 1281.9099199429102
1252.2337416376597 921.0182879483805 502.7531375071595
232.84201934654868 988.5683910644304 446.823830450518
1080.5864807813443 851.7120665720879 808.5567311422984
698.1575116379802 1457.7531970317364 719.0611864549973
1122.5342897982355 1090.7403604700112 642.8812474622973
890.7338948989577 1012.4476724264351 317.72056713125954
1071.2107077260703 1114.2215359808044 957.1923934674288
923.4947242452821 1256.1818512824702 172.27055825501887
847.1747552703113 1076.8113032592494 613.3267132316224
591.8061495672341 723.8926975795024 500.46845258295866
1279.931972530554 1362.116629254172 544.008293078877
376.2436912414081 1129.991448595908 849.5176315245673
1383.8440691488631 1393.286874778974 654.8424408568588
1024.4072772498462 912.3106356035707 1038.3163991243962
726.9163717813764 866.8730064849108 1389.9192727342927
1258.6844642250335 680.6345410332583 154.76424370885317
1231.8396873213333 927.5792520239777 750.0163511150174
524.0772445533235 937.0433424161481 1000.1022109676707
1229.4354920215567 913.3139826936319 252.27798783972
893.9729736245865 1109.6490533521685 968.9651498342856
928.5148962515658 754.2097460894785 718.9851447931156
1565.4438448129663 1433.6576746909855 14.86198379682241
356.6731046168752 1009.607641034905 969.9442547210803
1301.9632103832078 1240.4644588862136 652.4574041855999
1117.7036497351414 843.605952261069 1012.1446703044891
781.3888537838718 355.54199915918446 1304.5085026743818
1119.7352034676626 1086.4456845880977 880.6659240508727
1099.1912104355663 951.4722161876844 1099.8072520344995
1190.3977518653412 1011.6944431290668 1091.2171824600678
579.2228791078447 249.72393124195128 47.19270006119919
1230.8773449795938 1112.1541663811165 1266.4536287857666
597.7979797703113 842.3602734805268 1458.4674736219765
1160.343219249514 1429.2918598274844 569.9663423560675
668.3971595309606 1508.7755626825879 188.27371171252372
903.7271119986693 954.801527165972 1192.001708100874
1038.2685868308224 447.06954234849627 678.7858076571016
1092.0102231578032 872.500273895027 1364.6599778620466
995.7072782262173 1314.5551949717765 1479.2645182576323
279.6869017916273 920.9510230674924 867.6659718420077
701.1331349130426 917.9867671558764 27.786956085616655
894.3048079530595 1432.9317755054058 1391.087061204731
871.277733304782 1190.3192523903015 907.0590037959519
1438.4936212100806 820.8122025384382 244.1014500203204
787.5916695427749 1041.2569403104226 770.2456966954197
1120.21494282157 1053.6680242284388 1374.0668528637189
1111.2676202465268 1165.3610689373177 15.634852725707916
1221.9400584696027 889.4562692550453 59.56394993890296
633.5073679317807 967.8915780474067 1366.2720043923953
982.3192147720005 1072.4705643314692 867.5713822798331
1199.6868236066514 744.094128603235 581.0960019416725
1002.5318698568535 1056.8460416271648 781.4792832748626
1035.0404189223627 786.8304108844321 642.411263338023
1254.6391054862372 1349.770369364308 1490.9422323021117
621.7843295601747 731.910725688567 898.0294310503883
1529.681870050878 1167.0641631340488 67.82198713361298
1149.4031870016445 1009.216172700488 229.13267720231528
1149.3986337935994 1149.4590109174387 938.4785375767734
1369.649338974248 1295.5466482836612 845.5105598545294
1385.2359595363664 1116.1131856802783 1163.4308872082431
827.5233031127458 473.3368846979911 1298.0739170077375
917.6434933730761 799.7390261406074 412.6493262446615
1364.6876601079532 1421.1048130126346 604.4085964009495
670.1533980824335 991.0006708221653 72.96759484820153
1098.928028188496 732.6304385904887 947.873026362601
761.5757299602348 1311.0378795896709 446.4952898234562
841.618003975305 1019.4578986739003 1469.4237939757309
1132.7249168303479 956.0173591949509 1091.383171318287
999.4157840352639 960.7636532597576 459.64223394557513
834.6173297956457 1134.8523549517959 885.9638822577667
1409.305089755666 1043.4767683255707 1278.9079786333932
757.9026020514378 847.4829770332535 1209.6475617740778
1278.750971487964 892.9964534386577 106.82328121207041
886.9634864184569 980.0579708804789 987.2676527675799
1007.0256234501837 955.3538238691989 638.7871964986176
1117.2163272665211 1329.2362060749103 260.4006833596383
1114.3387532135478 1108.5981087713017 1081.3743547675692
1285.919771390652 1031.654452287118 1064.425572665297
507.62242555479617 1305.4919927686174 1009.4719205333313
934.6421188446574 875.3323507857039 938.5729668326233
895.9439998779519 690.8174884212578 17.28734476573307
1052.39947745455 1525.43679753867 338.2315093073315
754.2444130261412 965.3340885446213 785.7230852994869
872.2142465725719 533.4147914797982 198.38443046113463
1100.1620515648249 930.9811554425733 117.38439131793737
825.7869432144771 719.2428264654269 714.0936269076916
919.9435655221157 969.2997045739801 1485.500417605144
953.0631296063494 1098.3126701791853 608.1514256082578
785.2197278878082 1014.1635732833134 42.63541929782516
1292.791257308248 844.6385548631184 395.9529493851335
813.8029367951694 1000.5103571135683 278.9126458797983
702.2672717580243 785.1711426100985 363.2691446436633
969.5120097147023 1213.987454402052 898.3360898109117
1085.1446449474947 902.9718782287595 318.63734869690575
1480.6514996237993 953.6413102391695 6.432122640065375
506.1878923709919 1180.707205480256 432.8673001539169
667.4834820686533 1318.97851965904 919.5549333479348
1294.415683224514 889.0513569600171 1408.6046300281862
426.70923479060036 1388.8399066554937 1306.8619529617206
1074.7427871088726 1086.8692431528145 968.9262087254085
1035.7254954697212 1233.4598381595165 410.3768438301788
848.7987462548011 1081.9108216168029 834.1039509692889
894.8995775614948 857.3555534780473 1144.2124885295602
1309.9344899555908 1594.2391964164976 1322.6545688496185
762.0925483455592 1102.4267074607535 184.92845895703576
1156.0857936235209 982.6467353497716 261.4507468663416
1166.0131570514786 1054.1995036497121 917.8510759939321
1001.691509688434 922.5289277199913 1079.950088219895
739.728793154029 1478.5493654808947 1237.1677667370188
681.7516582130027 1205.0339735670182 466.895947097253
804.1990214914407 1098.0006765288947 901.7515625758538
1146.4356118500068 1180.7962652639728 1033.4801421725992
848.838231109125 940.9773441862756 1326.7525233916788
1190.655696491936 1326.9834215013768 298.8816803362256
1035.168971528438 1189.6570583642347 1123.196703412537
1173.6056608939448 723.1812070350372 579.6848175392448
744.4592926735334 1172.645655084494 1254.1048670695075
1155.371627555337 1042.0089715324984 836.41547841072
726.0892448312045 824.3401204602106 42.83334095259822
684.2598107250215 961.8664468974944 430.73323379794164
1345.8336422710897 916.6561777101241 153.3299934979952
585.4188605021707 1008.958233564943 893.5874329358473
698.0576829648612 1126.106156975114 1143.863825935667
923.4597635854159 1075.7299065140583 59.85763856229492
609.5726461138445 972.6500293088965 1108.3907384446095
649.0940329168654 981.6854843437628 767.9915361292922
730.5331878439093 1358.7943605007495 867.5372238763815
817.5709388836852 1213.3883313412916 1277.9142230755792
1325.8805411036792 868.9182337337611 560.2233365609534
366.2139883998558 885.4551839272895 474.71782843352383
703.1668041590549 1377.5308649485883 1390.8527605467953
1119.2338668506418 717.812233972946 357.3034454046444
1202.1912691141379 1088.0248519754948 553.3781290014988
1006.6731517062547 1428.939018607014 669.0385406139903
874.3782634854078 1163.891782085306 1273.179603633211
1330.1100316825186 474.5084850542902 674.2271393947045
1402.1428555614477 1097.878503631787 51.14306338238273
729.0977788513187 1531.7800436956863 1167.888686671496
1251.9926722488217 1159.1853373528324 1330.4480850971736
1098.3191451145963 600.5269800584125 864.5598045920764
968.4611080832724 638.9200070728169 277.23133528469464
969.9789304733783 984.5856981526755 1077.3519662593249
1164.2390438867274 604.5650263982052 845.8983973643436
636.4546897423409 1178.0031737433987 820.9218262713072
681.7950043071697 671.0789714519149 804.807417921049
1154.5678815986207 1485.6463276824172 783.0663078258822
935.3017754292036 1099.2031071950332 768.9241319936956
679.6898707002435 908.4362184031352 827.9751707614317
982.825215586225 1287.1813037157942 803.5779145039636
1230.0372198081668 985.6762653751343 174.58294735215628
1004.4503421922519 640.9715355586 574.8271746348644
980.5000937436444 859.9600423372361 1239.5025294647508
476.5759439148668 1220.698293485598 458.52319875786253
921.8125458141342 1433.9067568927373 727.474861466231
1076.8449748654932 1083.211255363527 671.6425030648148
1110.0031093260584 720.4603672871784 1072.3394186279554
744.2535276532009 1095.2779519854628 1141.4631473390248
1414.223409163674 594.2998280734627 99.64068086396915
952.3355839892085 778.172891808714 1294.224870848117
991.9367472215846 1377.4026474152593 22.91369031756624
931.3818542980769 737.8586290536082 1030.3794538920054
1131.9286097402628 1048.6886291072312 1215.6782115522815
1050.9124189180375 900.940914460578 486.9698911150386
1038.339783543923 1068.627133919174 1200.6205944353826
645.2247570685793 917.8439523216238 78.19673950420203
942.0321289859755 1255.0461519680846 366.478592237787
918.8769396961075 1229.5620155543731 276.3839677171952
1213.8495049070614 986.4132349085695 422.30558591089647
1377.4335752177417 1310.4228161900473 933.2692711327205
880.4482832558415 720.5665901042631 228.18003959737544
1149.700868289947 1467.3525899346116 1240.9731266538395
965.0064557744645 805.6666495288337 103.31276964761244
1187.9441728747695 1160.5734698731037 102.37125775992439
745.4637992679336 917.2824620134897 1317.083899812546
936.665455795185 877.3503604845217 1271.760554086286
997.2915782949449 765.0244424783506 113.42317607599134
753.7095836947993 1004.082526254969 638.3933345451622
719.5416538812533 720.2985656572645 1109.8070031001869
1355.9757430296327 1157.4165552293423 135.18073092527743
1311.798777800903 1404.4971654865321 1175.9140763998105
1292.0204336446761 1023.311024952021 59.66638689233683
786.7671820797326 1227.252749596455 1455.8029867945863
1447.3351930005733 961.15020939926 1208.607284924164
1043.1779445439117 825.8535736964141 1297.7999084770388
1114.609709905344 905.7035872865372 1230.8963705141903
573.7570942344936 740.7567850937784 594.0556789966424
680.6483932585024 1121.8188608491414 39.39875069617826
1005.0517358084892 692.8112769983134 1368.935296368275
948.2566150271698 423.9829437238252 787.2008571110733
560.8116555279728 1368.6108341333907 808.4218006644898
1327.6543391893815 1270.9793695088845 557.7532175108762
1766.4689701817929 1202.4517472186153 37.7792399846657
699.976435165798 1026.9773202667718 22.503614426530927
1001.0720466029791 1039.8306020724297 1423.1437640561069
912.881683276036 1038.5857810093537 708.2220942740521
935.050869101972 980.942501379241 321.61416165329973
784.6348307107819 622.9403880986998 887.8609383941098
687.0714946414889 1093.3946529263462 1238.6101305300674
1437.669057006987 1000.9467474398845 479.67011729945375
821.2881182039862 1089.8042056635684 1409.4362992684148
1261.7588760683282 1247.3410486822313 785.9569322914062
1425.3031778321792 1385.9193446982722 373.7850206385877
1156.4618566261051 793.3934182819519 618.5915230855261
1025.7820311357707 941.08665187011 682.4030809812151
772.9053763551419 997.8686557928219 18.4346522314629
1170.6246464018707 693.8765748551323 1159.4476255829145
529.9496829871646 506.98977551366266 1135.2310019674298
1223.2433395344392 1450.9093438111147 1012.3121525537163
1516.2928556307763 755.8287899103198 154.78968585723192
1265.4950862082046 964.9285246787254 353.4999999558897
1105.7038312859318 669.6623124634227 331.1537544059476
1038.2916572473364 1248.2370402582267 139.9644921942832
1171.9787355608062 981.7581370075019 304.7831714174924
1299.0203256545487 1158.0493722213396 733.2617475729245
907.6417357864801 1155.446008649973 411.29747192175057
814.4642445189643 1024.7951126137657 595.9747650978827
841.5557784479639 904.1746490245914 537.7914208152023
1474.4586236600558 696.5910692579685 776.3020018415616
1237.0759639485223 1037.7509486785807 1162.0558364616445
611.5810932266877 748.2595026475824 1385.1719371966403
942.5667701117218 1278.6178145171302 1048.2938054759707
1068.1275880090566 625.5949774601816 811.7697957303557
893.605898453235 1073.2430485002867 1494.5015597100137
1050.0833764209262 826.6530298524073 1478.6455382758263
1147.6209712757436 1028.0273717467708 242.33203853426306
774.00751475842 1381.2604484803494 345.99677907893
812.00389798125 857.8235400912965 1012.2472117034273
744.7476015634905 360.7153033261844 715.8974113372196
927.1180188227934 596.5148995016564 1105.9660779008527
824.5107160900255 1097.992914553387 1388.8776330040255
991.3810665822435 1210.3024121717312 857.9421295359064
1137.204828001445 781.5283578093677 1154.3435509208784
845.3032281964723 985.0193753445848 154.85008843647523
1433.291673329067 1408.5195851439848 876.6779411014802
1094.2690873837391 1151.2285233439948 1113.7340364695403
369.8156998966657 988.5354997089009 321.096896699761
1030.322765058875 1102.8566678145523 704.1959956182208
1077.6740837698112 1385.7279480531715 1101.942977747127
1030.2622063713343 1285.5996526090935 109.9906500370595
1199.9795721898831 776.4526381150367 1306.168587721669
693.1425021140246 768.3049192279914 602.367487527315
1050.21372250392 1189.4945092133912 1417.3963321367376
891.0352878897623 950.2419650804042 1384.44848737963
720.5616841567695 1089.061248940431 1310.5263319922824
1004.2762620732784 1245.4311593680493 396.1131324166385
656.8763729957914 845.5552860821527 283.0746882723589
906.1872834558537 1071.9480052361405 207.03753913891038
982.3574586141639 910.9530482084003 1051.7197345635232
660.1295428461049 911.3077818299867 1343.6774266427503
1450.4647139228018 1039.9247120102768 1119.336699902651
1181.88210077013 1175.9318741284487 850.4198303438093
1194.5095579086217 861.4616807129881 387.091837724061
1424.0422988914788 1261.1362693287815 725.8869123717711
1020.2613385309882 1323.0413725500196 803.3031494587533
1224.0115207516383 988.9887334603654 493.2663417928336
1104.5504651818615 702.829446491369 1406.6381969451695
1165.7659368158756 889.9625205754991 796.9335535725714
1344.244201239394 1353.9847678492195 676.1652968057466
672.0307745034218 390.9714689690429 376.87738827632
1242.951160881919 1127.1741808591153 937.0506684573456
994.023581565832 1278.1689828351718 1102.3142852996036
1183.7064409194309 1460.6528791721405 1424.2003565109324
991.8519409957014 974.2119107262919 1092.0056022177612
1012.3524180433213 901.7094010833282 55.387261134642316
1046.7156840955654 842.2602568159903 67.7554607020897
1150.7220311188973 1360.812521916078 1399.0264010333294
1278.173376050076 1056.2110832786818 108.20690433586377
1163.093053307322 674.0655633190368 577.2705930583584
735.6929269443419 1119.0699810738715 111.69418853840773
1379.8997269621088 1176.5124530785652 103.10627772738523
767.0227656764823 776.4235816494678 45.78832569095914
1335.327285200294 1433.9561825816354 616.6214769961815
1250.492995150124 1116.7847282597725 254.5128457180041
1067.8646703444401 1192.2043505365814 1428.4449790762453
685.066486803149 1523.168747817144 933.2689711362881
1061.5011013232183 1143.415758126185 1257.256610284747
1106.5854297040855 1057.2291979556805 138.73793557045084
1278.8708107466912 1089.72240912363 514.3342523385056
1155.0123801460077 871.398817262149 970.7125438530056
629.9514432246096 901.45654096465 1456.72595459816
1012.6191965427162 1301.9831421340327 862.1576541168896
906.5067258850895 901.6580272566418 336.61398060766294
907.7286550454788 787.2546799476456 542.4449327535566
1294.6951785822666 725.9733416572367 1349.1975777674527
613.7062548643015 1397.9508173884158 1086.4215291386515
446.5181746802806 1215.8244446888611 564.0740097856184
1161.9197480925448 873.8232937673785 1485.0782419764266
892.7485958646146 792.5589414805229 108.56481046572137
830.0026569336719 1200.272071808534 1285.8490817600766
829.9190097417128 1235.4516288212967 1041.285031917058
851.6800140036551 1107.5491820885406 195.89664326222666
435.06278483460164 661.5175378884253 117.56135882526041
510.8607693637033 1142.5284503279154 727.8830867628096
554.2810224881537 1040.4509294589557 699.9885757691939
963.1303691613169 1204.8556573389044 457.16467606968547
710.3690836853937 842.068012732161 1302.8364299447742
953.4934632907258 1595.5178828278592 958.1881217600235
1002.2084889839298 922.1417681300317 1170.9508251337695
1273.0035420568686 1479.8914909455489 1316.2727545536852
975.3545094172845 1099.3777700780731 372.57887911061516
773.1678444300323 859.784817960037 735.601162628133
501.47276615422203 1321.2150089189017 535.0973062670836
962.3543533660269 550.5395853070333 1440.8966472929005
1116.309242322257 1034.462303823218 939.5019626753624
1118.2995604270766 951.5928940915871 944.9488561463373
1171.4321830066558 947.8421724067126 871.889270059979
807.9430758809019 918.3211676811794 867.4748391735582
857.8243859901831 1571.4066197289417 1165.855546363745
1143.1573549718871 1058.0249087126645 15.059140708262476
821.9721835238732 1115.183547226569 1368.8281111768758
438.3025568443534 1526.0182825455147 516.0430607502834
327.35750380422814 855.2198684459617 1228.3964280185057
1320.1170452782494 1298.0271229752 1061.038821722042
689.8652020118043 1377.502710898855 194.00641387967732
741.3929962045706 1253.6602911803175 603.821762911961
1017.5719689866387 1395.4621499498987 958.9591611484053
847.859734204796 1212.6733782875863 81.04127668231254
689.3243914035683 1355.8058093024526 1091.7943567155019
1334.5447231704316 1064.3866445140804 393.1194213580138
888.298502025777 1327.5370653940906 711.8400966291562
1249.1054119360758 797.4178656322797 1382.6932054934523
1080.209890152342 1438.014125966566 207.78802104053523
701.3270177399655 1118.5272276245396 1237.4448154419752
950.7930766576063 1120.8339705597366 112.6088628259887
1288.2870045412324 952.6967060252476 1289.7072243660923
706.3565570580639 998.679151653365 1176.7068280886263
571.6421093882948 531.3708557448349 1092.0250603391855
996.6556902282503 1385.173643701984 238.7179562860579
1590.94022713376 714.6063811266265 48.21817148141577
1254.2519189159052 1219.693158629801 655.6578436962959
650.106402717035 786.6689890988857 304.22137676606644
774.676564178695 1106.9574987959481 487.2664956150374
1033.5877013061959 1280.4011859053176 641.7265996217234
1316.8977615075196 900.1377288016049 810.4498209013076
1170.4019841785648 1272.549140171764 1249.9976869305808
1309.8905773988597 1015.0204206116246 1487.9516068402977
669.8184871524194 1351.364490659255 1362.0146140197362
1214.9940009170873 1024.6874420690085 515.0454151891757
1021.5348581941812 1342.386449308919 1399.4746420884896
1094.2881963645204 897.1967994619157 495.8297927016566
866.5135749312842 1188.0044030131917 1346.783433230142
913.9877498625253 692.6232704984857 427.85905973028684
1031.6538067071501 1416.2722465737202 1251.175335157691
817.9086360749169 1132.4685620149019 568.2239297096336
1080.601030627018 866.058549655641 667.2608346723588
1074.8321874502751 1039.579348252955 390.80979647295544
983.1936453215735 1361.555604446517 735.489189405868
1607.2387301100944 1030.1118353655756 619.994565058463
733.210833805059 692.5443167930239 1232.9404604042502
1173.409194556459 362.803143257995 526.8682233335018
1453.0450366354787 1113.1529425511171 655.5675493663238
1453.5272428862884 584.5313211605135 145.2866866045734
1055.2174069269704 910.32766376503 1121.1047272744947
770.2161077703968 683.3085266708401 340.1227091518755
615.2142890500265 840.2944231942381 1402.5576550293167
1450.969052820255 836.9237646703318 937.2918083184264
739.9364061278943 1354.9049576443626 980.1335054353787
1173.7153863620085 594.4823156706395 1496.7949948955627
927.4562530594209 672.7099787477996 1256.9067938480737
438.5662304907596 1396.8941202314772 1222.9616836556204
1125.0673634814036 695.2865538737808 720.2228320771476
1051.2638562516295 705.4439196644348 426.6949623499242
1149.2234796752537 984.206598983077 934.1245318445185
796.6792840510561 1549.4219734551639 214.18582397418035
890.3689733598284 1044.2069707123253 1107.6867015591793
682.3137684896365 1334.7243149181265 506.4620650449741
1124.2283877122877 1092.2622760963684 1381.5685333602298
589.570240847548 1206.0696364438577 71.8119842050216
945.812319777847 1325.3238616563626 45.34412878830019
1211.2254529036898 621.2822056598885 24.23852281951283
369.64846353248515 1038.2656335726049 1297.162244941429
1038.4811268401636 817.1946634956191 1294.6458066478403
1314.5533373872822 695.815340119866 152.02982925582165
819.2266281286088 657.2674603000723 939.801665586447
898.81848275075 1391.3599540041873 1157.5274135580246
856.6072818435327 781.3680263820015 1042.3307960539235
1041.1873567478206 1168.192603501711 1093.928379241014
1081.2769509540465 1125.3905105429963 681.0833593013639
1199.9439107981593 1258.4956382307403 1088.3249482365381
1046.231602743587 1101.0648812717122 862.2254098588022
782.459788564998 1052.0332172361666 47.56385862974438
595.7750128015773 1387.9650575143437 1224.944618006827
1045.687995139196 1030.85760106119 1292.7942977002754
1082.5490717968835 992.1577352513077 164.6571065516878
784.1569684723416 711.6066985293502 207.41485562811596
897.0811132318695 791.3384320240201 1451.470151623006
527.6905751879385 1271.9475785690224 33.758536586878996
1098.0232154422233 1076.0700193309392 1273.0003835897314
1477.5547498702686 1056.3633800062178 100.98871051762909
851.7449780798693 881.2188218281343 1008.2971323873329
1048.0969598402187 1088.6046210711636 647.4156443783841
518.3475817512515 1106.5185278372057 443.00048766527
802.8541264964006 1386.0531643392712 531.207130087799
876.2244344160858 1234.0966348087877 698.4558464213512
425.01947372428174 861.1824120521561 1265.7843190798555
1480.9739026623045 1121.649852591628 84.94616578115205
1239.5581119709468 866.5794459305939 1083.2619724817214
1091.8354222449382 892.5470453990478 498.596558517947
736.2530262613332 1257.7952959052311 169.88963759252036
1241.858311463625 964.65942143436 1121.6393780673093
636.4772114948669 1195.4673051640273 1192.638872825724
766.5046455023282 942.4882668300437 1049.9833978807962
1052.1139571503882 897.1411580984424 180.30312556748646
611.7904333986605 1017.4587858259368 1364.6814816550252
1134.012457329443 992.6624286275008 1347.4358034742281
973.7459811377804 1331.1120058021365 551.1574947997237
1259.4315545732268 795.5790836157651 1464.373907601662
1097.4750546067507 1018.8112582596721 1261.7211781975611
826.548915485029 545.1471939903374 246.04060491942636
989.7362297789874 1291.3800923692809 379.74521908304416
814.7298858621843 942.0257121545044 819.577269970578
1276.811432701967 969.2176796957599 1439.0460705625396
927.7137163388786 822.484468516215 568.1273102513379
1541.5954832735315 788.307737925484 755.039532105712
980.3523918356937 902.0037241494417 1220.6504636125273
846.2955126147122 850.3292277536718 1069.075436826059
822.3252943495223 743.3841326084918 1217.4915226807034
1062.6179626102485 800.7635477734827 436.7884824322961
634.2230977611118 1107.546283948679 121.41517853202404
768.1865121701306 684.9791987039788 873.0411813618354
581.5894270177955 1269.5890124578991 888.3401537744247
1005.4593157152524 580.3231494710628 203.41888046112695
1098.323624623974 803.5290347167829 488.00681299560136
1491.5762739747734 990.2775980636183 1151.8260892160415
1194.380418241932 923.9573466935085 803.9408976421927
772.6171277416269 1251.4153813785485 487.95930470021057
1007.3884033787242 738.7508716973039 1386.7262239129357
852.5147064179084 571.0479289356044 444.45657002164074
862.3351569186793 1164.0119500085168 70.11196074992243
997.4828459826676 672.6885252050969 982.633581691489
1223.9448219933222 900.3271556802702 1282.7210916578156
1089.613429328768 932.1831845941405 1181.5846800526645
697.3759289074553 1109.4934655804566 1138.5975786151796
1364.1190444786125 391.5484603016532 871.2186119861445
823.4971329922441 790.8672081982312 300.0278541671857
961.2432592768462 1109.3349490888982 365.44404403085485
957.1434615263378 1519.6829922629759 61.61998429762511
1476.89915651738 986.731894983481 197.29462456526724
764.825250235875 898.3816594235551 399.04787902968064
526.6244442119345 779.1458005832294 1249.9023423595315
1779.2990703113423 1096.946767635313 23.96443257348102
1532.9915689920815 1464.0625118990897 1081.4344462901433
1073.892281521618 580.7739813862522 1394.8744598667442
1369.468023926258 972.6702162100299 483.4928074323832
1118.4532181591642 633.3160027022195 184.01829846772426
982.4510649468473 745.8061625685893 690.4386240641426
1100.7747284096133 1120.6390960001859 141.0900835673391
1098.786107743521 813.5280866692483 169.9689981535093
1378.237695248635 838.9687006572418 777.9117374656199
1309.1377141626192 1227.2493253568305 1443.1036502373897
1311.1057212522956 1460.1623630891559 732.6301861407543
992.307648628778 1382.2646225521883 38.656740270880675
1202.1323430490836 858.7099371251138 824.7347223100103
957.1557518923728 920.5508147207858 130.6568719077944
1083.608099555858 1315.6521589337106 801.7817901164268
1031.187636006992 1182.5625694508165 885.9721306712266
1032.817930757436 1238.1069340460367 56.54993963215671
663.4640847208118 1067.4180637521752 1423.9845961988904
1018.7753324453964 933.3929153718798 591.5887579363205
1001.8016474242639 1065.208091913631 14.601143477981694
1220.3161049689156 915.423863073447 1171.2309101010858
1365.6069124712267 759.1970307564445 1268.1344566880161
811.8770355285662 816.0179542961891 775.1844656560444
1053.57574170017 944.18386107119 845.1158590029411
1107.172415527279 381.2995893593063 160.0350482802822
1276.2234555851383 975.2388647653767 1133.3925274744909
945.8095099588055 944.006453324199 1448.6128625174263
878.1294269027491 1151.4212681049155 1409.5740763159033
851.0408749664828 527.0956408944145 1270.8240227818228
618.149027941143 657.820862226394 1158.4427829962588
877.1357534826392 748.8063765077657 197.79254245551508
942.4404814934564 917.8031552611039 32.72181322967976
1098.5940746024655 918.3380086378164 377.0370669611782
811.8072702253319 998.2505264942484 171.85318965656592
1325.1976041842167 643.3706652401006 1345.335927700609
856.1357049614862 940.4256972075625 153.12633769265577
1288.0246995352543 1189.607918435996 887.3912016185428
1389.2073355130942 973.7303060699376 232.78070940060215
1421.9054394426803 1555.510782068271 933.8817731517034
1336.4738100904535 1103.771286586157 390.7743197511705
870.2487518938796 911.8910078308596 991.9048832359944
837.3389198507025 502.1605654019083 658.7206207878506
951.8323627940139 691.060704086647 129.16993903838863
875.5764389700644 883.4260726140249 1276.157985077101
1072.195415595541 1579.7408874445764 967.8901732246559
711.3841876602895 1039.3520879134053 517.1700892980554
650.5724142090464 528.9798129607766 970.3078262282481
984.1447202360162 646.4740447958104 616.9503442623053
694.6009925272624 723.8774027372983 657.3658858495542
835.7817156279523 1102.3760701912493 1451.1235282155117
1264.096343077007 1081.8983538429518 299.3756528268461
1077.4043175952388 1644.2000917505518 458.5331113017862
760.8972703797906 1013.6218924390805 340.5521770848207
808.5815022029667 796.2058646084618 349.2334475324113
890.8260932278534 855.32482587863 1039.8044880052194
912.7778710007373 1098.7442081576276 1065.3727736138255
721.864849057649 654.193876533571 681.821300106194
1163.7510749841908 1025.8908391088883 616.0131937082482
883.8233510439485 1090.5984289127578 429.74196289253075
888.4346243976808 895.787855560332 169.220127838187
1090.2679700348915 1227.340411777966 1241.9966416268853
816.4200597624015 1189.1431244563614 72.13496144717352
826.7718651232548 596.8890162510208 130.0449325094986
1156.8680040350264 807.3572064036133 834.4204437454008
1251.3724875742412 630.3585313783742 787.3142565973501
528.5147583580369 1220.2515883389335 660.4974295220118
1607.1548625773557 1289.9444288902778 276.67518358941385
1433.1336040616789 753.6319730289089 1395.038231487363
788.4413530115098 1181.1751238125746 880.6134206672884
958.52879832858 504.16455218870533 615.9168127806341
1284.6275755224444 1380.890745506352 443.0469138046975
995.669167124267 925.2031518670778 652.981127227647
1092.1513736130553 1092.117443943409 1209.2442129847902
1084.6076309415096 849.6820066990347 585.6607615627537
1144.380589569183 912.7435431475085 1050.745199573951
694.8155564611153 888.3527574355439 1096.7459589671928
1219.8577283728216 769.8714445885814 551.9105638912847
1186.2875971931373 1020.3126801472233 255.02323843552276
898.4845310696121 1180.5488376971703 1156.0544244260875
424.3386299536063 1152.3780084916632 358.2564632431415
657.6991804762758 1035.6164103708472 1302.8302104094662
1017.2158167048949 877.6018860836505 958.4639859893088
713.2242157056378 796.5895409171303 409.9302428053044
1016.0658081693316 915.3095094898655 1101.3288169866603
751.5372696645638 767.7580003830226 1288.476374549923
559.6397001080778 1392.0670880521898 1206.5968720829867
988.0803011252336 620.2907619344985 54.11632923078241
1060.5899568251532 1138.5748299885888 1167.6326960832291
363.9788811760991 1225.6683237351153 1208.7464882003121
909.7138217647589 489.4479951802079 613.0830597025291
637.1848152385163 548.9610124369304 1037.974661431755
1396.8925242351347 861.3805272946711 945.0409742923304
838.2665005879962 1352.240396517461 301.20560813402847
1123.0198018866529 925.7658483698656 1158.8129268601951
1222.466777526505 1152.6735353609872 1305.2002932039202
972.7981057393936 522.3274337975865 1280.6992644998995
1245.5308864160224 1215.8670329934798 947.9076320970742
486.8628376002247 815.2966173665743 1005.1588670911812
1129.2826867392957 1026.8795935959433 1315.852310127961
1430.1768043525947 1142.5218218195164 1415.6869387528595
456.8004341657504 1111.4221427314378 1034.7058718522942
873.1139584295598 1466.1582582792719 539.5121391334187
1288.9547337162812 1249.9951571083855 666.8415054604362
849.3403221115201 782.5149294092512 999.493228726438
923.5964715304327 1394.2071271950447 649.500289036581
1260.813938216911 829.0986839247147 696.450292477694
1376.3022927812708 1268.4052887924752 28.27206446037134
1306.224633009189 1058.98761934072 449.4874766566701
1125.833246810104 1262.4347305617716 317.9123019922687
852.7922229222423 879.0016658320067 1009.8783991415794
796.2536136662004 780.9638115801878 1405.1809638357824
1022.2238718316175 1209.462842588547 353.2417983143639
1347.6796911928325 952.9066087517956 312.11373445094046
1096.101893529459 647.5216840936678 1331.7429120009483
1374.6695153066908 989.6381444879974 1072.2635221953722
1393.5253207824153 1059.0478022940972 20.888539204870938
1046.7262586527365 713.8018973495466 915.9129706567513
1286.805249005797 944.9005126213558 1105.4120558495542
760.8646163768917 1133.2379227326705 981.631246378271
1003.9697026495711 1084.3263385471355 1442.6321223215282
809.8375855365526 998.5485530001991 1013.806224397902
1065.3969670666606 584.3047521849774 1237.583376703976
393.3635838478733 1124.1998754326892 309.4342733908771
1156.3226313406476 832.6794533146152 289.433603697088
997.3856972369088 1242.5136650292648 477.4116220758987
1260.9177624095018 614.0005984793283 103.77067969678289
989.4380945090761 1253.3442418659672 1334.3862449168805
1026.2138796962297 825.042684647236 1484.8093549893958
1070.6797820688607 966.9663130212549 611.7800627678167
877.3438664554166 917.6243086321999 1407.3218767250216
1299.245497574761 1558.6284611139572 1103.951483954094
1162.3295009846934 768.7347235386142 1292.187892285341
746.5110093330251 849.5231890571367 403.5675691234123
653.6291694292838 920.5160497442193 1189.2944384261925
1165.9092596464286 845.8781844462637 464.24355210897687
919.0381234821959 797.9988999916159 492.80076248021646
678.06601111504 1716.923064592339 1009.3234314852589
836.9137638538175 580.8688087913363 619.733185872566
1435.804492837099 931.046986276984 761.4560322854988
948.1408674341174 772.3359759150208 601.4865481021925
1061.5272356159207 1108.6023800837966 934.0049138775181
599.4536264260707 1398.989521336314 35.23791318674585
807.1823266389581 786.3902759936733 147.07242046785674
1103.2936288106891 1426.061466844067 175.30807374816638
942.6834449686424 1320.8389232389527 214.95138222129938
664.9638239300814 976.8314077526655 687.7437373797999
950.731787618862 892.1920039743586 95.3770366112473
1011.3850346075418 1293.188145777991 1356.0277253513066
639.8378149153407 1637.7130498187362 7.322060382738416
1443.2306433943788 1303.985301511353 629.3464684766852
1167.2053802630671 816.44780262103 275.6245110986324
727.4174007831006 1106.799972961193 1376.4726907986997
770.979796668559 1400.7115821209572 1283.749847581657
477.0995968509336 883.9494785988373 415.36122923927667
855.7899115702764 1316.8884487201835 1123.0018218322339
927.0609960720291 720.8460480831773 1253.8991799957062
1082.840333028882 1226.6011364245828 1440.4256753193993
896.6136805002291 1212.416859723133 1113.1440940925263
821.2800210887939 1117.7631701778969 450.5004439172228
1037.2825296126862 1075.1263053321193 767.3414251747907
868.7952387853392 841.6345648681832 1202.8008532074039
1043.034206442431 778.8088732627327 770.520607007309
1022.7046739102228 946.2880683801186 364.7059710101526
948.2636891758618 1204.3480751128598 215.08515207276724
1135.1469879846413 1092.2171535053308 10.369316656202276
999.230278485369 877.7712358241749 1014.9186271711703
942.0040481062728 932.5740542932056 1166.8380608691944
1016.1258466790165 985.4630492650401 646.3805555638304
1034.720017658306 1171.0881934059207 416.4594420937736
1210.8249912986614 964.8196006394749 55.83002064946252
735.1979200568624 1304.3671973788055 521.4935784269964
832.6036988425175 1171.3775318401608 1399.819837897907
1134.5450652214843 921.0605747268113 796.7955024088963
815.9078303546185 936.8088757085053 1101.3515354044068
1128.259817263464 867.3308113685812 1488.0581638368712
1021.9756095995089 767.936092964831 1257.919079266353
816.2932920956562 814.0911299895213 1271.189814399511
1094.9773310863245 1127.7695067523343 835.5453855497583
848.3786688882719 1370.6312675055794 42.64760304954085
971.577716582377 852.9595162843933 977.9032399479609
835.1180636180763 1528.2884695281753 1331.904974286769
1348.579405141114 1270.2886982241457 798.7379452467409
1009.1485127719419 753.9434355508888 622.7832724797372
1321.145661735456 922.1977359003525 590.0975931534604
847.4995284606578 901.4102279920827 598.0458744516392
993.2862781536702 1447.1789427878361 102.12984343709097
623.7008621451273 1371.0281604830295 507.7998386241936
1060.3079353697115 1128.829909803008 850.0098294103346
851.9993809698088 1058.1927124678396 651.7656355378996
1119.8743865669248 1030.3123376761505 17.68035364509163
938.1950537926358 1650.1485962008796 1131.233793051146
829.4017880846884 1386.3703305281492 665.3567090008996
1265.988046910069 1296.298862696085 238.54514528425298
1280.2571435505997 1082.5907416738087 924.704966328997
756.7637378962988 675.0286108557143 1268.2468033954276
1098.966150822682 491.49592503755645 780.4719712002806
829.1470855754396 844.1583389232487 93.92796165459639
897.6632474364804 1161.1368717367493 536.8463906536589
1311.9176503725134 916.5039011818627 574.1012739928468
618.5254943144362 1146.0756271194928 1037.3959963625737
1785.563902505228 990.99966136944 279.5329004028185
1275.8121413120296 1099.131856033725 902.8770890223226
1389.3903158015912 934.4867324309586 1426.629598010329
639.9885961363068 638.2710501991736 1135.3200047526252
1114.182315515687 1172.284777441182 248.73392491316025
1042.1582370654285 1144.8103160942594 1444.1576943602338
1438.6533945505928 1216.9613076758583 256.2871637991315
1026.0351909200542 538.4272317805782 811.664034927305
1114.019831789703 1196.4652691447207 844.74171366149
786.3511474865953 481.5878465999582 1212.8715603490448
648.8818486540051 1371.1648924156348 260.1119670552865
1407.0751606106555 921.3562359713197 172.65001380804085
1408.3884585454389 860.3949991023492 815.8755793354142
682.4667317332043 1002.1149384574354 252.47540360320653
1259.2941613515677 933.8308881090416 111.54156135246363
1540.2328583915353 824.17312012854 668.0097193362914
945.9077173294825 826.081374259843 685.1259023972069
846.5948564246739 739.8171011610573 736.9305322735742
1251.6991833690436 1117.6625698689284 1002.5376937316869
728.2848369749279 1146.8857184485294 1495.5497230805631
1102.5365109743266 755.9137450044734 662.9238441649521
1222.046222129075 1556.0072474323133 1434.4828137332709
958.9086171020524 696.3460941449936 336.6907379155961
1138.6473955815875 1430.2625835664878 263.30965244909663
864.9744411027274 897.5195777609251 504.2719544391494
987.6146949760241 1014.0041028209421 1455.598259743957
737.0559461958983 1398.677537655667 113.23674607668083
696.1197202400922 896.9523512225912 535.7093721376937
751.0949130214258 818.2582324392929 629.5536023516629
742.0333669868467 1288.5927070119508 787.4406820983704
1417.953990200152 740.7671561895106 1451.6413049652535
721.9255880968688 1022.7637346718849 987.9364549270496
845.9257102516503 888.6617810399842 284.98969809754817
1063.295905784766 952.6405033523929 678.8926208079321
516.2203964402618 975.446879148894 713.2159279255377
943.3796689727449 850.5335794994435 999.2870482934242
1012.0620003170216 1270.809356221895 1002.2251866354167
1265.738988195426 677.8972125419184 1245.5447350057975
735.0121477560217 1048.6306796973697 1451.9961599069538
1139.4953511416709 1449.1732113281535 718.0553137843394
1316.423274519235 1330.675757370569 533.3353369781255
943.691405028523 781.0164174669953 182.68333042656977
737.6239875889037 994.3435007662384 452.9048745236411
1183.2044945002879 947.2937971211358 1144.0620015826398
913.3334281748495 854.44956763842 442.0433883029038
1078.1302926291244 635.0190048051384 381.27217479312105
1157.1851281412664 989.2978160243435 169.57034730884664
989.0931675221194 1119.5583943867055 94.47920603481968
592.2970805801674 828.748762020383 1164.5744072379591
990.4436823946396 1085.370352522415 1265.7924253313727
1174.778460343794 932.6164991570478 1137.608963722968
902.937836580872 693.5690089697263 23.30921783053347
1080.4440584915117 969.9228678293371 854.1178712823298
1101.008164309139 807.3961222132436 349.2365597165205
1146.0063072489233 892.9298978400958 747.6640620286176
875.7831998936724 870.1337203311139 948.0753541162452
868.563603809592 1239.2699535142165 770.8391045952483
1062.8110996785688 1383.580024348217 508.033044551246
901.1697743643479 1059.0621445373029 191.9412295823682
509.2544874970714 1022.2670902348236 1047.2723994249245
940.6262843428042 1054.3831606170015 401.6015560631076
1201.4614931007097 1025.1047440189066 200.04332791652558
902.4371888587851 792.1382575120402 1376.4817494859326
689.6270305088397 862.3890496107226 1476.0182132110426
1114.8633582739328 1254.6036312986914 137.324797514714
1096.4343112460708 1331.7735453743123 1205.7792633540666
723.3925494310618 1012.4036068814898 290.9934108340334
1000.4395858618512 602.8065740308962 1412.4504879200244
1195.5777144368205 838.7394222155898 1407.1295702373093
1545.039389645267 1336.140423913459 664.0138977180432
997.8922960789532 915.2847473053314 967.3912880574372
899.7637888218632 1106.9864346139573 199.70035248103883
1174.2449438395286 1232.5194063506428 1086.8615044795097
839.391485813546 969.9210111920426 133.25753123255157
1200.581223460824 379.0822514810036 759.561060970784
951.0286351565828 1127.0018554809142 1057.3234003884995
1287.8460419844641 850.1966161029843 742.8187997285735
715.8146657513578 1394.0810898480283 858.1277243418141
610.0493195050525 1175.370548603463 844.3831399756176
1374.6400031964727 1163.1665195580022 1320.5712498904838
802.3741823162072 1052.3811700841513 1431.612790693121
1236.7554049732025 1344.115697431823 1034.5843192919508
902.4309934314117 1282.6029733087526 1377.2505942466423
607.7243390438448 1431.7425168981135 616.2384772870466
844.3928396260548 801.6072450067139 872.0851563683399
1107.6116248103508 875.8302783205725 1153.0445529720885
1084.6771596568726 901.9708885198172 822.3110780685398
771.2243963603747 671.0623117998236 1458.5888039293384
771.3928101215017 834.9031966845127 36.31898384051274
1187.7615013127686 1157.093327816011 559.3559118998505
1419.3173188467995 492.97166152801043 1416.6870540358073
816.5854498545418 841.8536050853778 116.36625891292086
1143.2120439909638 662.9029151947861 548.770051488352
1004.614327323343 1078.729286534458 1426.1073412513163
1319.5537985815781 883.5362184062417 1493.4608286654936
1265.279509655644 1060.5102667571402 1392.4200098881795
1668.068500084563 1053.0535974851102 1026.5681932408181
906.9978440768336 1003.4644305398149 1005.2771404135141
901.1771287851275 941.0451820402291 1078.2522005524222
967.8289990015753 1334.4569930573361 1221.4496301868282
1063.7614955774886 980.0959444053816 941.1414126549619
1096.621523677224 964.8808339772721 561.7824529369929
1251.3099186428533 1250.7724963701291 1192.3472703292418
842.8583871177138 847.0456417386033 341.79102940683435
1259.338705118608 1013.4369653217514 1102.7597315727678
1025.049062517266 612.2416769077506 1256.541267163592
1181.8315623894557 832.8048666377582 336.4850992962975
1075.091669418567 903.5212003512702 909.893663771488
1110.0798877819218 796.537001901185 739.4859089407261
850.0127601204637 988.7371563848712 1173.1076320504046
753.0435407751155 1358.3996336984565 871.0770347977235
1099.0583318892493 1240.534234612504 1148.048329830704
499.3735223804464 580.9529532616284 426.1193787625555
1033.0646998266866 892.9107627545316 1181.1755140957625
922.5368752902504 1057.2765395437866 1465.1792810528552
1187.656943889473 1094.8473334585642 177.32934531001126
657.761134939467 1283.0453429598451 342.9753515059001
1384.0849705473233 1062.8730420678082 1199.6232740620972
950.7746926088656 1340.4662254617094 1450.346000057835
1274.800318321724 511.4365303510607 228.49207894227007
841.3996294909199 569.5071383030808 348.1480737817887
747.3777763100748 655.6725720741615 659.3533626915913
1393.659653897342 1224.420252529922 389.14602707876014
969.9746969903889 1015.230925533029 1487.0118134789864
672.8202789320057 1198.070929833266 529.704283602933
1043.1183352019664 1009.6400406070403 976.2318944873302
1072.9843360699927 1085.660039923219 891.9198202042265
1202.5297555585319 837.5498575938938 382.098363331135
996.7160642086859 882.459385054003 292.1091122676959
992.78513250475 853.2871052412307 1499.5213609537943
823.9647213112967 792.9255359492859 256.7276650005669
1116.6057742529285 1132.5201737350274 1220.0543792550109
1250.2296504598646 649.4460289817537 1422.6000013895582
1276.5575943798015 837.5550333217457 297.1311724451992
1234.3345206956926 1109.9600742441278 824.8731463008669
1288.9704411659436 712.5215956037827 638.0126106613205
939.2469316416641 950.068765980268 740.3297540589875
721.7581669581532 801.8230365129251 1379.524863987575
875.3100463821424 1248.2363257445938 714.8040425587992
1210.1464186699739 1132.4528748242274 1018.3639075942045
878.533246494787 920.8686446572098 608.20430611617
735.1717886028426 917.2650524273558 241.03239508585995
861.8181223567578 1041.5188249863336 1042.0895673767827
1196.151119598097 903.0211148125405 773.8656728203796
1109.1059959744546 1066.8577294934098 1466.05335059292
1065.3918291721955 953.7164964700626 381.6633897436293
853.6763482373354 1044.330274982736 193.1013411805873
1299.2461138225844 852.3491803650822 748.168521763439
738.9989567376792 1443.2976409968815 725.0600598635212
796.8985173569783 1651.4617416445603 1390.0163387508237
1033.7321974206882 1116.0063441690202 1460.9072177252856
953.7614630958687 762.3411912137506 798.7999319837768
1337.1411906680821 1111.4341422643915 826.5183581097228
779.1388180267481 1422.1483076588863 1125.566278609219
833.2550544949739 923.8916785238878 887.1137110317625
1206.9329008297439 728.352897953765 1129.7922604528974
918.3957997325632 1546.4713115507034 1303.145969795205
1263.619981495747 1252.4656521722568 1148.3008354774108
907.3755177824082 1193.7725916818188 390.5139070382606
944.2422169021306 912.9936969903704 1270.1194687595478
629.5041620057777 1227.2415732804034 232.57589898775694
793.8009258202694 988.0797198954131 1114.2283889136918
1193.0588372889156 1144.0738434588002 998.0490222953772
1148.6252853958244 874.1224757435153 135.63606804730355
1099.311979892547 1146.9366140023744 1182.5354695852513
1089.9562510306662 1161.9871308152422 263.47884526453157
1127.4693428266132 1216.7160264604786 1498.3871601051294
974.1261733612822 1108.657220607552 221.60511628131684
1121.4054874987205 813.9306793750322 1318.95972233762
1174.351172763411 879.3901797437447 820.2764565880605
829.6891391030658 1489.5942245468234 343.9629900894239
788.3934744380615 1188.8580942603737 1108.5623818370698
965.934708347988 838.1685885660665 890.7282307583454
1056.88783750771 1340.7968205621166 1192.4474243291377
1105.968034905985 891.3407700799053 1410.813664929546
996.7726590754334 1206.7776084447423 686.1310841703773
1128.624780808974 848.2570795341445 1305.281814837811
596.1562299583187 1010.7126538261085 603.2060784919618
727.7329528349251 978.4829209692427 89.00266407656804
803.2055700555932 1381.748015099989 1311.4071915468755
910.0387659594555 708.5453381774697 876.3902012573959
935.7766246828064 1629.975109121703 517.6373162612009
1367.1760332279011 833.9262133120695 207.83087424264124
912.3679912719713 1207.2121127800526 250.23621062808877
620.5292036252685 809.590495327609 1027.3344759013708
977.9363569757162 1064.8908683024945 430.7916437860982
1126.52434223291 968.7581253539463 1219.882575119928
871.5264490563375 789.7149850373952 224.80421831006797
1082.4529442863952 1040.0842570039192 427.348003033607
760.7162618347595 952.0030036326975 1244.0402170621671
944.5677050706892 1125.491781376332 1289.0167676753529
1163.2635484523405 1086.8314877033647 1167.1631143466261
1050.4373952130459 740.4391700184407 397.26986106175394
1105.583706252915 1040.3054774073792 1255.3952474461198
738.2463414572164 1123.189712885968 1315.025885904493
955.7923043284226 895.484211842432 599.3269810695075
1186.5921671857725 894.4227468570032 1411.4392043322598
755.7115560855459 870.1247398850948 123.26564094179831
1530.2239049605503 827.2029550301069 179.64791025741238
796.9208793929622 1163.1267506832467 1104.049111586425
1131.921265919546 933.0072721327817 1268.2143332038388
1242.8671213195375 388.2730742140095 1340.46844512337
714.6358714648986 1223.4182410402707 518.436354123101
977.7697778997701 1082.3757370424 884.0625553517941
1147.610020876553 464.7720518070747 1161.8610492492257
1021.3733748106201 1005.6103609711282 1048.7604364166327
1465.7633790974503 1220.2540551474165 30.161185603525265
1268.3815811634777 917.6341493560919 412.84648542018215
783.5739941660862 895.5542255534084 880.5899169469942
1455.0580665404896 825.4682687187051 416.0280542587234
919.1521865879031 975.9231393887437 1012.5259935180445
643.248021379713 768.1472033006361 906.679301753998
1050.684834819736 818.7779966540058 1239.4308355330197
1189.3832619751395 919.0328100676733 57.775863588420904
1075.4731310823088 1250.7371417418276 305.3116645964989
1385.0145322137769 1214.7781985635768 593.1952752477865
1167.6181952789088 926.128592368977 494.776042596423
780.9743115297026 735.8435992851347 1421.4480759015557
1266.9388297946452 834.3754518741905 461.489111098947
869.2954325332829 1294.5683112158517 808.868364757676
920.7358007144226 671.8164372792169 859.1909997176043
977.3927914577374 945.9980986798626 1207.4630597881871
961.1846696893786 1386.9057453061362 1015.878273423877
1266.7005303129622 1338.3970468483394 576.3420934386007
922.3987955626823 983.7891193497633 915.5299793358844
1272.7747843962097 1080.1429822487783 475.79399117462094
1062.0204455222834 881.4507577204902 171.10618599015325
1072.7741229832393 1223.2604862398375 214.9785223418205
1190.2047860822574 393.6367924341615 1018.4654394047476
683.1661012966225 1111.020163198636 780.2845214635024
987.204066103017 904.9775105262958 198.30152701714505
1242.2490592378274 579.329311238483 1331.444950034686
1120.1512642878015 1139.8079739153702 1218.0546887201494
1158.7873162711296 766.3649067830621 68.70345936822963
1155.3864513347378 732.0839695469491 537.5435031752912
849.3716026130044 1059.8668744502615 894.2313430614555
1063.6784746065243 1013.2116217562874 468.70625746156423
1116.9219719953524 1065.3307705278266 692.5647613795591
1421.603150669821 1016.4147517748935 354.7447299087337
1095.7994993832544 950.1872734790938 752.009252261821
1314.5601065000883 1167.513320923589 976.9261379342255
717.5356869119158 1173.2456800206628 961.5022197409246
892.3598626663797 1001.8626285620151 492.03474086737816
848.4320241838705 923.6336748732346 274.7184387982908
771.0148950074821 1051.83434670085 773.9371970621946
1307.0754557475846 776.6373793087068 488.15508242880134
705.3118262555031 1025.2859364855965 1192.2126687423847
1042.4402979941294 1221.2677010151208 1078.0668656139324
1022.7724092151865 889.2794808805187 420.50335390667834
947.9602748575123 1257.4448390796679 1360.138534369583
1134.9939477471942 1278.9042925015935 1125.2307880214057
1408.4259273491293 1053.084715569776 1475.9298035741172
924.8344010312792 768.2365444660968 357.79195609517666
948.25128721895 1187.7352279423699 1459.024408420402
1245.0806631321334 997.2153702602565 1106.2836429565261
1195.5997742844113 1172.570863229635 659.3284511421872
655.3289689568571 676.305130543079 61.32620294270885
934.4893238394352 1000.7331652410644 886.7456018913218
997.9780188863933 1005.8489473322657 837.5175854571979
1183.8429125233727 640.8120438870201 613.4341660010862
653.3982101167076 1582.0646730316519 817.6876094290916
905.8114715228797 1387.6976636434727 107.44774328235657
634.252702222073 972.8493422461823 1133.6047382926379
1208.1501805016749 752.9275766278388 1422.9484333669898
982.9276811828106 434.27195008678154 981.891625133895
1156.416743682692 1096.7797830783888 488.75285339406264
1018.9500983453021 836.287612678997 121.1709143697582
1076.0704230881756 1491.7274603479525 1046.7292708618368
1007.0881562031285 630.0576207820277 1050.0222925165397
1074.32283136634 999.3919280824556 1280.5595382032905
1277.159580312426 934.3214241994183 1387.0715353553214
896.0650822854058 761.0988671437748 1461.3622441748294
1179.1770217858787 861.718388839022 1492.787189347676
984.9243154765352 931.214128746871 1480.6396220286413
885.6032725986786 850.9426611630148 1456.7512928276321
825.1870432952185 639.8594476493829 821.2919037171343
1173.701914001407 1157.5893182564723 1493.5549680085333
1112.923434414551 1137.203014630096 436.39481920779434
957.330597964902 1074.7388600256381 1098.1225116242076
999.3461869489175 1272.2805783277367 614.9814560341383
1244.8405074702812 1528.9187902206286 756.1433512408062
1427.0304887072607 1115.565542205646 401.48984979900206
1272.8483046300448 1229.9931562120196 858.055117580819
910.4964268203429 851.8234417508157 412.9429491586457
913.019392268971 894.1633582051668 1470.0670490165066
1031.798301866341 996.8004832152645 1390.2717456231403
1404.3916451035075 1047.5291284404927 898.5467249751889
1067.0694425842603 997.4936394982892 610.2092839371528
697.2337863986254 953.0095016957891 1377.591821947391
818.7405435043091 984.6624389163477 654.8693992397409
1436.2510146459015 1014.0079080671017 825.2431508403778
589.6468922925138 465.91593664213826 757.1418363790706
1110.6825125618752 1039.5747836307469 645.2459131086532
1200.7498799132486 1199.01204901583 812.9753396051811
1044.067165357081 1104.0455722436682 1204.1948208544395
767.861401004475 1276.818200567653 674.4448555850751
1126.8029158301895 760.7692646928243 1218.0083432700499
770.2236667874897 839.314052421707 549.5845950323471
1295.1259040788602 1094.9428633825055 1022.161364126874
915.7038229548666 940.3673539653547 1365.6238888324401
845.567020371272 1191.0127916682613 1454.810727331996
763.8079224627854 1112.8559175111689 292.2979958339713
641.2353882339597 787.1169117317979 645.2976229898973
772.2005017206226 1431.937636470192 381.4548563958381
1479.3677780083644 862.755367248281 112.25069791729258
1075.082610547609 931.641743419526 622.4249883885609
1153.3299067111466 1140.4875035193331 266.1623989771783
714.3233316291937 969.1977948240427 1283.7959055887673
1276.6829558018003 1079.2728024884393 744.1912965069007
1388.5983599656295 1158.2229638816825 52.88267684934272
1112.758628185851 866.4246171307282 814.3159970402364
548.3555949984169 696.412163048659 712.6528306272634
1082.7738469433002 550.3023335597765 533.9004160345668
773.3165802715222 765.0078839927402 1257.4644919924751
997.6435832299405 1115.659400425339 808.6557673869235
501.0931998788525 861.0735634226164 360.41289809424075
1272.8397267830965 1150.332008187429 829.8074720781271
1008.9522878728493 1212.0682513684487 578.8237315924902
1067.6679151729888 963.2194959412583 487.45855540761215
776.0034364242501 902.9136485923906 1389.6261082969625
817.4939906413464 997.4938488315178 75.46437521942
872.270315802963 974.109868880738 1002.5881894597882
711.6339844442175 1172.7113989055933 248.30173883238854
761.564528358359 1102.8734652940007 1097.681840441516
1199.1917624326304 1321.7217013422317 973.4736294492246
1049.4222829790053 1156.1946642283408 668.8200074062337
1350.9413109710054 707.2822967261636 1178.5122278090125
734.2102421505538 1196.6078860149153 854.3491393378453
924.0558714821224 745.9057023788313 52.19770195945739
541.5250460304574 1041.1211662736875 1374.3245650849913
1096.7615954101707 802.913717438994 937.183055695229
1360.3075525272466 775.9693418790387 253.07270803219507
733.7658521220793 965.4664285572429 1192.8358006720734
815.0475035687081 551.9255389391913 1403.3785381498424
1082.0728766492496 1208.8625030375663 225.86131127398673
1536.5863483701496 776.6807888685661 692.2224058573971
809.8840600493195 1135.5869998464009 46.86841314342749
938.4109501315985 1030.9081005729697 86.27870667757253
1109.6046826890542 877.0830219569281 291.8428801794014
369.8539928845313 1373.8574920997155 408.5761800117804
928.9740000879871 854.1121233728131 452.9434098881923
856.5999273280108 859.2747097146528 88.38993564428694
664.2719624355846 868.9221842208419 63.24329971372872
1009.8876181734374 1000.9989040238341 1363.9655365621618
1232.873807355045 1236.4050752154963 1281.7078431814386
870.1943105894438 906.0576133188106 1313.7495690141493
1018.7844314843726 855.7548794350503 74.95445116395449
451.5565649323604 932.0067633844724 781.7143236562263
1050.4042002538224 557.921994459679 465.0216497645032
1141.130127612923 687.7236106767789 412.6479208422242
1069.631911294969 551.3501302310136 253.22995469638192
1129.2228774446007 880.8532802601364 533.3302301274772
1120.1661006370443 577.0388184231502 698.6999963949679
1107.2052144167326 895.2499311520666 647.6809884511697
1552.018202506808 1003.328606520958 1052.206523205747
984.7103187055512 898.3187454894896 210.42941782197454
496.17943000917296 905.3273618220712 1181.496752416643
668.4232925549599 1208.8413283595344 708.0890102156919
1383.546371181872 1263.387224141465 440.0319052809149
929.7513758125268 837.8760444152502 584.6557380503506
1114.3386480340987 1176.594958607433 56.7696123753475
1484.796104739199 763.3423662037304 770.7286739933711
1243.139982710939 622.5492810329167 1271.117271608286
892.6332444381004 853.6323183028887 1419.3521111122195
1008.9829665481136 870.3446613986555 377.9471634627872
1204.5855409085684 1215.349412466458 507.0397097117596
1104.8535776790457 533.235114995035 525.8877293640301
671.358678080892 915.1254631485784 1068.7377932034824
679.5002698357732 760.6112426641956 960.502629930366
993.920902700937 875.7608076709676 251.94182255431164
952.1881479181942 1024.3187921683439 923.0329740409531
705.623870631151 1452.207495474373 1332.5619345563962
834.5534574928837 450.10698185804245 1054.1904864728556
659.6032397988422 1110.9999984485564 816.1660229521185
1109.637049546771 909.6175270941357 1202.1196180142795
1122.2931837483188 450.0389161035172 1424.3017819349088
780.0989138306988 881.6581381365305 21.089832530276688
1043.650588577665 428.86825252804965 323.6763782985163
1070.9095494680507 942.0575930272149 784.9485949708597
1048.6935998044282 1212.2601978852024 609.9665539699504
1491.2793867045084 813.5678204850524 860.8100307734305
857.5422999085429 1153.3926716036906 976.463425677981
1199.1126953423345 1119.139755342475 774.6831052210498
603.2862539854268 1184.1569931452725 1032.618352886805
1237.7775035415386 715.1486751135506 1231.9911710987296
1032.2803319474633 1389.9584904014027 560.7439495491169
1087.4876367906525 700.4801603271087 517.807011326036
798.0299654092257 1001.3237104064449 234.47849267303977
538.2400851394217 1241.1488400663766 1062.517528939226
768.6177506479607 533.022912949096 1237.272828068749
1396.2060356992058 1225.1802426619315 329.7138208000684
1053.0291122088388 1053.339420853713 823.6545530090971
988.9338486492959 952.8613097287388 822.4738377546934
1335.665459378606 1024.6500253756028 1037.4119942647105
1162.07163385717 843.0553560465781 188.55065312995117
926.2241089291781 1058.478761238146 573.6377319921734
1319.372431269927 1263.064174341202 907.8249081056153
1223.1324053599863 1291.3672975031272 596.733056505412
909.4218345681979 1109.477370336317 1332.5218620926833
939.2546484329769 906.6194189591253 1125.5331801560415
542.3626380186686 1140.28592488377 425.3476240915095
1126.2285447657914 1040.5771118182022 1436.4318977459927
874.4084792282874 1266.6002759151736 1417.7752827946024
569.6839495483764 1255.2731034889152 672.6695876817924
1206.8106772000306 776.9146655947989 1134.8766884562783
1075.8644840496434 1401.7430096454787 1236.7949876383252
774.4923525607328 1268.969882768066 1231.0746994457481
982.8736571412996 1294.323027166964 1204.8429409265427
1047.5940989158385 722.842601662782 82.81728976751207
1263.2910034677905 1477.5145204318521 1264.3635079945316
647.5798041935961 992.9515166724607 1147.5147858220325
1367.3827386226535 1447.5540607951698 382.7443735311886
615.5712496039398 1235.904125196839 1272.9650107180653
880.3290885597394 1046.4315565705217 261.1346791661858
1131.6555432634118 1069.6660924344615 395.642576460423
1452.0103441631136 875.2670004160087 223.00212547919557
816.2584479189555 394.1284924083758 478.2592850319063
836.2338167489206 1022.6720980706002 876.82332497513
1182.3581440317914 1016.36436200914 935.7409642135758
974.4582478365675 811.2372018844807 1275.8760074167874
1123.0294452550938 985.912081654412 182.34955650623834
1248.4755415051254 1141.5133324968997 58.09294687651284
982.8686611948799 1360.3232766171748 872.4700586684276
1003.4822358382957 1144.7360086177673 1479.749272524785
1174.9180060314652 682.035544359439 114.03082160873984
1198.182030659811 1194.9640905807964 914.920699257505
693.8897369479316 1010.8004718056303 833.1689135633976
889.7066109966271 798.787332276776 755.0697363644744
1056.1275085827897 1118.2155769078024 1207.8129485900738
926.3595454650014 998.533872661259 177.54119971237947
980.4703799987018 918.655176702211 1174.4118482447618
896.2471494623505 1039.4288595348853 6.953109214254127
786.9128720256349 1028.252880024359 62.74331172650688
1265.407313142323 1279.7947546756322 851.7319090038707
872.8170133900128 1138.7523253478146 143.52139037763268
1082.7336869107423 722.816587302766 684.4007556480714
967.8055840955444 1061.0150655164987 1432.7659807660398
67.00353070648748 923.5896976858417 827.7530437482144
365.5781512696832 1327.8461555810848 1436.1117822349488
1209.9468775390715 844.5012547184268 75.58263344175454
806.6372656645976 948.6621676167463 309.9984099319886
1283.9350504001188 1340.8190515883664 1248.5770357242047
886.9047672015803 703.2617117753591 953.8018410339585
779.7362078727878 1265.3873727033524 542.2706789354013
1124.2941794168107 1009.4637674064107 1218.1925136307684
1040.9714389453138 938.9251806351459 1200.4623131676037
1080.3358950217166 672.4026116637694 36.27726240625334
705.4026263186166 923.4730983464334 1301.712956241009
1056.5204481938135 1191.7822890518837 120.38264925645464
1119.6283659978437 1083.4884625492875 1101.681989562145
1155.650465094669 717.2126720255851 423.6020644852196
1126.6886322516818 1053.2666173668354 1130.3207058958894
1205.6896927952657 882.1729006244203 1088.6810504212426
1104.7386488758802 945.9564287434224 260.4495368537866
668.7171257551543 1037.0684793258006 318.73612743815113
1284.2142890922387 1142.791686508158 1126.5401672645462
1078.4121288255137 643.2570247511849 1.3490405019386809
821.1872204396377 776.705957349376 1331.185819951139
1053.8823942702165 1098.4089068062704 1145.9448691449616
1166.4482449822412 945.6477270588573 1392.3229602626463
732.7248395843078 1056.2157209170477 460.373108649165
999.646085375735 738.2876174206204 1383.4141302045705
911.355636037261 802.0869593207574 436.7409247435765
770.9977532591172 1056.1417675020505 1261.8759685528928
1188.9816008092866 988.4334195099736 1010.3666919466908
290.92671350556645 676.104984599722 64.43627823087445
1183.8785596299674 1431.8836989300255 957.8308678236949
860.4037330855754 1116.0678048677842 11.664949773635747
1306.490916414582 935.8174253610906 782.1767416112501
1377.1995670388192 1440.8437839945423 503.3185394741189
891.6028506254122 1154.5082580578182 802.7515592773752
1324.185035117161 692.6087128068234 997.9547926718075
1068.190693365179 681.8082011757668 1257.812464184777
486.6427629239354 1159.7642117827509 313.5431962454873
1103.0111429018818 784.1730279206395 923.1873993999334
979.996800026647 737.6646373949175 1084.0108569675003
1575.944705060603 1039.065383287567 1406.1147900289075
1081.0539773803614 1206.0790399107668 1302.2517752927836
1278.2940232532078 885.7383232237036 1229.9166575050758
968.2086639883648 1094.864212694771 754.0904517650598
1153.7109662986693 896.3578828719092 352.22758185432986
1069.2041666581329 539.796487048224 79.2693064415712
968.8285353839457 1271.5396337188602 1227.950991971418
899.7707749150001 1195.788825772143 362.4989945702109
1141.809108256341 1228.3837836280804 995.2422072696869
1140.3654460403466 926.0746860663771 54.993996662973444
1119.9257756039922 1198.7103289838187 1053.4953714787184
1318.0405914416488 1116.259809214425 230.6285229802378
949.6064655402336 1301.4045966451927 1118.8938787674729
861.3047428968912 866.7787179981294 1487.0528426454046
1046.2677041546601 1010.3402766225565 6.377586836496308
971.728731599136 935.5128835401787 1278.1807424626256
1213.2180603446297 794.298473189369 1392.0345369362408
1089.5608773234362 1043.991185396221 650.2829838031952
1135.678800555818 947.4634924450762 1406.6602938162664
1507.368326696645 1089.9392339407038 1271.3342985993334
845.6711068769584 706.3138434334008 1432.0671417150475
999.3299546384405 526.2197090275226 1355.443579831386
970.3721644151833 974.31652552621 76.3100546813596
1139.50313796692 1134.0050224798126 1223.8787610596178
884.2079216254881 1375.5522901206612 583.8244053846392
846.0092641336671 652.545225300579 1126.9299621189698
1002.1250351596088 779.8046376793973 377.55134202970805
1243.6277090596259 1571.1671930336997 30.121674292972912
1299.97672259438 1256.4818647692678 1133.1962968496814
723.294896506866 1121.106609330967 996.1494601273165
746.5791875251638 980.5095417979471 1326.663358080121
1101.0237418535135 1346.9829971460622 888.5778513063642
929.2775484877957 934.7009668881155 618.7194779440658
1289.775219716932 917.2502906596123 794.7182696809884
794.2194305140953 1154.4022322068247 1240.3157984280504
899.5472000162968 893.733972289245 378.0354322724534
928.0593273503744 1294.1490482549125 6.226400437822521
855.6518416771768 1054.1692347080302 1376.368218543136
1077.4160153794205 1242.9612494231085 589.1172685949609
1286.8653910098637 1365.8244301848817 825.0627249053864
1246.7350083679833 1245.9411132048488 624.4759278042769
1216.5407223302464 1201.2758351024113 379.94109572961327
1104.6243728602647 897.5686403876658 218.72953068437639
966.6069003079599 1232.823315640368 26.83899297004905
1009.4843154044738 556.4581071430827 825.5696748398465
1017.6069385845369 692.966945673169 1310.5590678040571
1478.633220787228 1369.2487731267781 202.66183302728868
901.1101221091516 907.270136926635 1217.125410748339
850.95175100439 1034.4786606182874 614.4089107021789
678.5315289741537 1059.5768098876194 464.07593573963214
1033.4701192539067 1611.3936088597607 910.465512230452
1286.172518912773 1093.493952761086 774.9827165827422
