2000
1029.1187637709827 874.9923931138155 254.2384213561601
889.6197138656507 798.0803591019792 471.5288483631667
824.7694247708347 1481.874886055667 676.8911187796996
720.3110781695253 1111.1902349959964 1140.463726749178
1394.7399525376188 851.5155133512784 331.8844583902796
1068.5378667571313 1225.557521979928 439.1167439321073
908.073485566006 1336.925126498195 1254.381353266394
1055.4214876122248 1316.99134277943 1326.3792947916415
1013.4733445242946 1047.1698890602668 991.912506087954
1367.4929698683627 974.293424902255 1294.3556826440595
762.4646132719192 1412.633605966332 887.6785632852578
1038.8242752470221 1707.676204218183 179.79541462687848
1117.8128859793715 909.1054524372986 725.8549266404137
1361.0358448123807 1014.4810418986613 1401.108229539878
828.8076667771329 1109.226143887534 228.31993010192147
1008.0493262462637 1049.788489960276 122.25244337120589
700.2786390994771 909.6826128150113 990.6186211367183
821.6681029767157 908.0022299891357 570.6727877892002
1019.0499653889592 1097.3386765422415 785.7588492257521
664.8192459398056 1178.843671290611 866.6645698482729
1227.6085286235884 837.2926156244191 289.2429921634574
1304.7964420831247 1429.3228575396652 548.8347185067898
872.0120035830012 409.39129515540947 771.6004494311658
1320.9548552125498 1097.4092146944479 879.4574427078534
453.49308269289577 1123.9870207601903 651.2381027255761
857.8660414456424 947.8249584806116 1223.773781373106
840.5441316424258 1112.7494372659698 346.22510812402743
1297.755041057264 685.0998396397158 1369.0343999172937
822.1587939811017 536.5491211856977 292.0187838091687
784.7276753281266 1020.0116597835074 353.8889319497578
442.42705800128863 1131.101044139029 1296.0060098891772
1048.2064710454647 1251.0614756009095 672.053052338821
1005.1646791171612 961.7067459708435 546.1844355072554
1123.287045412515 1867.8791004583409 913.6004298422113
889.4468381292465 955.8776248600357 1299.600487279007
870.5930413031455 1448.586568521266 1116.4648934085296
961.9233647501778 761.1075041616093 556.797987183754
877.3456952907775 1486.5522829336066 1077.219946690359
1129.67885314518 1115.4953219892525 1485.9869929205024
742.1655451611452 825.317763193921 620.3160961761896
1046.5599905557574 788.5317532723407 1354.7086770747683
1052.4781615661961 873.4515559444359 1390.4674966611954
1015.2527086989816 998.8016720457001 475.38026788641235
1271.2700207949833 588.5890652468979 1258.6093312447954
694.1518034669775 880.4813230954605 211.1618216073238
661.9486820545171 967.1177823679362 245.16924385661255
778.6202043786855 1048.7717052439477 1188.2640088984517
748.3965632703622 1213.1189205409457 1190.564950152459
809.4092129852775 1214.5124598914374 1099.9220499587432
1114.7197633423764 540.9968477165909 1040.3784453077535
1049.796812411571 931.2402537529869 186.48476473619607
690.8808717673771 568.603803996229 1233.9354800903586
901.3329988455031 938.510103863125 725.6515579181182
1265.4526126009473 756.7014833457181 305.218736775451
1061.8354451492294 535.2762758752954 420.06718889724226
835.4819276597251 1285.3289309288973 363.70654173166776
1474.0215954009188 1124.2840797099448 362.8960256897809
1140.3494838176255 1131.533542647101 81.80600746826482
931.9364807388343 1217.8843762164315 1491.3898866489783
894.5242279601321 1219.793186948267 106.99171883427172
906.211651174528 937.2603063821061 291.8431823321584
664.8148475624782 1085.2428354548586 1038.5709634557163
912.6659669046876 970.6970623602274 584.4724641616796
719.0984496103412 1317.0266028769158 114.72113535044248
1031.7096043440968 1024.5807730831427 337.521030014072
913.2260297991754 989.8002189962477 1259.568172190178
1193.4154804413758 1061.2907938456926 706.1840331005766
1095.7041771391766 1217.8389435572058 1343.978304145531
562.8090671614339 1004.7649528414503 136.52842785681185
1417.1345128586447 925.4326030770959 157.61185311198022
1017.6234186859156 1079.1137235602657 547.2176280271696
901.2877666079656 1198.4748666265557 630.7344163998079
759.340194098437 1148.9010514324011 593.4013324494891
712.0827608960662 1032.3511545055906 1380.0774743794955
1044.1204419197666 710.2895838909263 1241.5405938623835
931.6980108631053 1014.6972996717757 289.5167397106717
1381.1459316259466 1176.3681553185465 1484.1672178393303
1234.2000516792427 861.342095192629 641.2068816920597
786.6985025370335 648.0068583806577 68.97288061805729
1065.0677644512155 1256.194367815224 1128.9278329069484
874.5689735158664 923.6267729442427 943.4668457841532
962.7304332036623 774.2508920076987 668.8064343862167
975.1092607304961 798.6009915730923 163.94394893564834
776.1306022218216 1087.275018056711 339.2366995613037
1036.8316938350822 1485.020672308799 1239.2958720694226
1231.1613717164514 1119.503769435863 739.1666209281881
1101.0088963471612 1100.228670794129 506.708038152612
834.5756409154351 932.4143772911916 644.6674270580937
1144.046584986429 849.8129727147945 852.4208219640614
816.4185918619154 1081.6390876329372 906.0351553777413
1180.1810394892223 706.4973958788995 1039.6583143567186
1018.7004422403182 1714.5901946670451 704.1813516454462
1145.8858316664514 1268.5260711398196 1290.2859227126532
965.8479681371191 781.6304956308886 1178.2391094774634
896.8989964986079 1042.898371659538 387.07414407207466
1074.6003774909814 1332.289610458798 889.3257726051055
990.9600962577048 1299.932434612553 642.3109602423689
798.2997287237673 1110.0432120623261 1244.3551807382498
999.9354961623859 850.1614253459005 1225.6456279850065
1307.9775794428888 835.8379889088933 892.0404472683871
987.7571534078021 1144.6549353176824 800.9507398463558
1465.2500338973691 858.1650699964736 1426.2156042174122
1030.269192042394 890.2412748323538 4.649935820628503
851.3760647725557 770.9504891051952 1280.635899056042
716.5557431671878 725.7843105184652 183.49013064308707
856.3567340783044 801.5205764173786 441.68196921312256
560.4177035756245 1046.0106463724978 226.84728644371899
881.6063935074295 959.8000158551936 1044.5011592789197
989.9584671386523 664.5141804803508 1331.8907657659518
908.6975499448289 1043.531921198324 1000.597042958914
1064.8607969347352 1070.6399083654312 1460.3698581099945
854.5571819359258 868.8255810189605 857.5139641767961
1120.9500978162043 589.8205757000812 1385.2690005286452
957.9459108034702 909.8133558513383 1347.2598454661256
1436.4319992223186 819.4119285180919 1077.8542405675382
1043.847998981142 1014.8718397196251 570.5634211914087
901.370647103288 1533.5745836716117 722.2413394801451
354.21077402656533 1464.8708355430776 1328.1812160126478
1251.6799954828912 1441.8768989872715 57.11344079903413
1035.8309354707299 1463.0573638955843 1258.0007587192977
865.5508150173908 1313.5620329910575 1340.6021430663695
1100.982937418405 875.9485333320802 339.13899726781096
1421.5142395466664 1561.6505997134773 738.633807665426
816.5678477874161 1325.1718748106996 1290.168197027659
1268.6302000860305 901.5873101456314 1318.9027546941293
889.3254899285104 966.0336374673112 607.2511706529385
929.118620928912 1119.3547896387431 7.200411818032548
1549.430310210364 1269.4374316356116 1206.1394478003715
631.2262480971999 1137.2957014224544 671.1993736205096
1044.3572812419077 1266.82987587144 578.9112659669805
1258.1594390978175 598.9834443577552 1297.3009569541052
735.5971480432215 1674.6044129762154 213.999563813267
1235.3847721954962 768.3461950537449 380.2034107053004
652.6481045899332 1175.701799378732 199.89008503994597
1310.3669537185037 1157.5851465722794 349.544158631804
661.4427604819663 911.1988811969873 673.0062965928528
1051.5140344997428 956.520796348451 253.10894391348177
714.5551239153576 820.6951134998609 599.5901886987388
810.5281003294588 1255.1822932543987 438.7069042469035
978.1172267485798 1375.4671092995827 1311.479207594229
1363.4842189473002 1400.0511659356093 894.5854589006788
1035.671640070425 591.4332964034443 410.315112939474
953.8470951488544 1139.2783437395392 1431.3716348819023
773.7754087367923 1367.3111476391878 9.86906445551683
1647.5152583543445 904.548781929499 803.8045292400559
1461.1646722644914 835.9495105776208 1035.9004445125038
1175.6510528431386 1154.8133239063523 242.05513650230048
581.4890461452896 729.5386859829282 41.566076568932516
942.1120526485585 1216.6662799872563 1182.1357118666267
1163.718470671205 632.5512284377869 480.42135953994995
1092.6123327687762 949.0610936388648 1296.751602033954
1107.7381037470213 927.1158813069305 619.3497621637833
582.5781592318617 899.2776418616306 1489.3776415387736
863.502867879917 1227.5907124699145 1427.1844348440043
1101.9903033988949 1171.6421537902213 857.9505362965319
992.1798098211759 1078.1325474880182 625.2606571378731
916.4024378210011 707.1321982373495 735.7713193021323
1196.7628253335374 1138.307571682201 542.247006297564
1302.4101886815824 705.5431477924033 1365.0784823433974
1161.4108034980472 861.833066623205 45.84105082496326
1384.9079710025278 953.580949917214 541.7862781240447
1135.023793752209 1052.7525926265916 878.1528402267397
1413.8594830151717 614.7117245535383 74.94382611914152
919.6633723919653 1179.7460837784627 1300.126831884103
968.7207683282852 1338.6636864203035 210.57347898888855
848.9521208665686 654.8966654132694 35.38557714459911
1161.029884320194 1321.4249871707473 34.53791016792573
1370.5142788514258 1365.1831461405482 922.6990331069645
1590.38229948065 1002.2734436760095 459.2260180176927
789.5092756777667 984.9674185783871 849.1572966186492
858.8876789147473 1113.9798646187155 1443.7149987773273
1284.6902272601235 1461.3297329679754 366.26186725816365
1142.1656396736767 940.0936301372075 1031.3867304325315
831.7674703090877 1331.566340356352 606.4297008931655
751.2349352601191 727.9612814531224 860.616755451201
913.6602963406738 574.265645377819 635.8271378674718
931.2639433355635 737.4604309436822 992.2354065780218
806.0493731553568 1113.071344647847 394.4402066004955
832.4681895094076 1219.3877815412689 1096.9677358838144
995.4426302776662 1296.908127686937 324.58861503273346
1034.286607036457 564.5668855644146 682.8711069780414
1437.1481301023732 1280.2548180364556 1230.0984240275407
1135.4087223566712 1077.4516000203864 669.2931662314908
471.9695490193037 1164.5284533854926 442.0436035567251
1091.1255407463952 530.1548894548793 884.7589387513158
952.1906977603096 1098.205570099381 662.0167613263773
1198.3278510877929 915.523467594044 218.30401488070783
657.248202248193 1250.4236665014694 244.36728809229595
872.1891544851879 1304.6630384722891 1062.173447784249
1309.125913536231 1182.8519876207572 789.5674148445765
879.49394297602 1299.5894228562306 639.8887911476447
752.6220333339039 1648.7967951476842 1415.8189562554855
1513.8026836173344 1097.050540377152 1402.0592851904971
1104.2039157020147 820.965281312057 1185.054472202758
1077.289291824233 1100.8537010309474 934.2273901667774
1252.7086778938187 831.8272051986369 415.22531158337085
1335.4421717323598 1107.8744476315085 309.8699826639562
590.9327615225234 608.0051920685954 315.66366120187377
1018.1808930504054 895.8504160022203 1293.987200761713
836.2955129936877 1111.6719033725922 1305.0204724745643
800.0582777185429 948.4963652732221 428.83690595737687
1053.04471056474 832.0498778862066 1225.2757087253383
1035.0461852163921 868.1858469109168 223.02921481140731
731.4144045226765 786.976099355728 1497.9396712163104
692.9265182443203 1253.6347617747724 915.4603012080895
1491.9743599909525 455.20675844204925 34.09636384406522
1007.6623851917853 1043.2670239973006 632.1209018982873
1053.407844829865 1158.7877367077674 818.820559838335
1012.9542079348488 995.8172561623212 935.3828865374696
1337.3737553521898 897.5603925289186 679.3709718334823
899.6441904611298 773.2435494153749 1265.135691329371
1029.4237292818484 1041.978872442417 1031.7430070895562
1080.7759955519566 1447.761706320565 1005.3215741202412
963.7404737607623 1229.9680847699806 618.8838453552776
1071.3653108620758 1097.710044403417 147.034775508671
923.5929098462805 759.9216961745568 859.2953883356411
795.3515795941856 1133.5041350764566 526.2022943111451
890.1374631816562 1023.0550976922135 171.39894446052745
973.4664780866343 1099.5434258402806 827.1762938274059
554.0810646580992 916.1517595175 1494.6841224551813
1193.5965419406782 505.3164170695749 768.6505885180949
980.0373844599906 1340.8618785626984 1193.0925971669044
1050.0075822080807 1321.6314712990866 1050.1433261531454
647.8731507431575 413.5993730494582 1176.6627638786445
1126.0112337470061 1027.4696513400454 339.12886876658973
683.1715177765515 637.4863212015464 1131.791161850401
1133.5883187633938 908.1724868609616 3.48801660437581
1208.8325904240185 957.0217014939598 792.2696643333617
1002.9713853961592 821.3769401690985 681.9633824674968
633.8145682602435 887.0444895525676 886.7246826164192
1172.7211098486102 1337.941387972178 715.1819798754186
1515.6112093597317 762.0693084134832 738.9989365680901
647.8877992270859 352.51648800981957 659.399435778494
1202.6096800565836 1075.9984730395984 1.5676920623359791
934.7616299635903 907.6311360101898 30.189268624085276
1173.3057972357137 1214.5808044713217 1231.1393244760277
695.7928127069548 975.7420957271629 534.2798560010987
857.19339388973 1059.506739436887 37.47964977305346
1088.8852146505833 1119.827727692087 1402.3167152444234
945.0143947878271 1009.3115314815766 566.9657383801518
772.9464258392504 62.65586068131813 101.9458487005419
1091.2697158118895 1331.012180128882 1211.0446621410858
1096.7575816493672 1124.0853665131146 1288.9828721358108
1138.1430941998567 743.7919332575452 1297.241819768536
568.1918195207678 706.4453604026304 434.94223660352486
1514.961509635721 924.861819419398 644.886522203984
1059.8376913771026 824.1311554612848 1298.0519881683595
831.6633839712405 810.6677266433302 843.7464103933727
944.7981572665534 714.4713192326876 1376.6736521442858
885.3644496248438 784.795835978839 688.9984251651247
1111.3003912747147 959.3263589514995 342.6840877754534
1005.4184780488837 1016.4025537481934 637.1150871134387
962.678291195412 1232.45346820298 922.2159199800549
877.8347087349823 951.8018865489328 508.83677422482737
614.538611817135 1504.762062401216 1011.0253421817201
1085.8724069153916 742.0448267108625 1244.32475330277
930.026414763314 1103.6713401882132 344.2095442189627
1461.4385495629672 646.8713165030381 1203.4465818715796
1503.058765826593 1501.8130097527733 135.41814163613742
751.4311948031618 768.5553003829011 1499.4481780397202
1138.8402005117493 874.581725432775 796.4624652402132
716.7884631550027 1221.2147548030086 1302.7323930052914
649.3866355632777 1067.3585717852045 741.9772088935698
1314.3350009785204 903.219583247269 1031.6486839645847
992.8054798189044 1026.218681938155 979.3963045770017
767.8487672812241 895.7074162236921 944.7978155067204
976.5190752656907 1658.844200345071 377.89152089973174
606.4393894315538 1110.4846803004866 743.9198877075555
1293.330424773899 1540.498032550197 944.4948608467718
1046.4715738226841 783.8080646513637 795.6173106937059
1107.8808351601365 875.6895491205465 1185.321651143165
1481.8303493638414 840.3433428124822 233.93359642688654
707.5674963593121 936.8128800058519 1007.469757167886
1094.1994576700624 1192.014285993732 26.66160256996336
1222.745653938959 837.226281949126 1393.9568129641384
1106.239152665856 1142.4479221442623 648.1298874377144
1182.9614831858066 1375.503440288165 725.3915307963788
1035.16935788384 1165.3169955175194 406.1473029537044
891.1682397964194 1505.9125403206308 196.24410498327111
889.2691719999686 855.6300505471609 278.5941358918754
1470.3393285475518 968.6630341705073 233.42028558254052
763.7658545586257 955.8784153844246 1209.872669683553
963.9487999452246 1253.7091465539982 718.9905350788446
719.9828077157265 1150.0302273978493 1189.3106624330628
609.607775159617 771.7313835364426 891.1434293752513
950.2430602896701 1115.9372960029261 38.708235380225
496.09985563076543 1411.776701560773 856.7611604424079
1052.4678978473905 835.1719013720443 1288.7889511746998
902.3791193825369 1288.0550329361927 1466.8417762169627
912.5539776136499 1193.6162761473151 1103.2384818679222
1282.6123284233984 1033.7291767270567 1412.7590248704598
1168.4069836080498 820.4105658721469 382.53845729950126
1124.1491535455114 1279.0168352175106 620.2070044134995
1420.0887170102108 1101.1823408051325 548.186837069351
1356.4882109827963 1309.7730491534398 248.31229286797702
1490.0748523132738 1370.5153571015871 488.5202800948979
881.7090566045473 740.8074306801228 1265.3798237561439
912.770571912368 823.5339196288339 589.2967395945393
919.4548315476163 925.5462013620415 1281.2492683022047
743.1293615362508 897.5179514482559 1217.9452728307372
1015.7738294995899 584.9018756978605 928.0956162967593
442.34341493636214 735.8069015071698 488.47437645630583
1706.1289021304538 859.7796616616238 338.4955728754331
867.0850199472179 1511.8222611387944 1486.8847200177802
1408.557655720659 1431.781707217085 1187.2706094926284
1480.251091803873 606.1471470298363 481.69515650601187
1135.3329578916803 1000.0411951614425 669.2002684869254
1289.0275270969714 970.3605674732984 430.8862794511289
694.3478497660387 858.2946622092102 1395.108273803434
1043.4411306655902 1280.5491268388987 474.7147174940821
1099.2951782835241 665.3620964702606 967.7840654690423
1335.326066547148 892.450445441764 351.1908956686017
1138.2071677550314 935.101792186783 1252.0981885817644
719.6163286897443 1025.3106173742556 628.265179340829
919.339594110892 855.3683059315881 241.02608225078941
762.2445279213154 1159.9603901040293 450.7664423289953
1242.2166365043445 825.0622202744149 205.9628872726445
1121.9184440619408 979.3898612336167 1179.090198635076
686.4492903943609 962.806167739212 1485.7840027962138
957.8248010492546 1503.7095716612766 331.1329049091616
695.9525262670331 489.2839791762572 1081.6049061989638
737.011362404984 1200.240645446411 1092.3456138443487
1103.7518223484424 980.4753334164923 1288.3068058808935
558.7618725846352 1038.1004627636994 917.0487514515645
998.8515394335943 1045.4830774514944 793.4783256974484
703.9084386579336 1085.9577404788265 1387.0394107349805
1072.5581620474923 942.2768998646809 1331.962800504192
857.66182071966 1376.5811156061764 191.43871752940512
1402.0454759233203 983.1784838103792 455.1213564372728
1262.8687795372107 942.097264736081 1473.0853479129278
953.4372772791204 1086.289013909595 1268.8923970965066
615.4453315591659 1074.3704833688118 1179.740077329927
1196.3536475789672 1187.0709061468804 488.4979041508251
1067.8746773027667 1323.7207358174194 1150.3640910058
754.439249938372 906.358502144513 1127.9499028481637
1241.2941163901976 1198.667069041514 881.9152467469356
805.8248143425179 894.2947578281177 1213.6848645722741
898.150018434819 910.1113682255686 628.1355904403338
1270.032081678538 1017.7322421670964 84.61103668854209
1545.7218015620028 957.8777556496498 557.9698931383667
1085.7199473419778 841.7753182469199 100.52906285643004
668.5779488763528 1148.1245722454062 940.5940250054626
1032.4153789017357 957.6327027266085 1029.8788396943075
724.6435369741678 1157.0096829810573 649.2256917073139
526.6590942948908 831.6699394318665 727.1575545514073
1456.8577840848943 1022.5127796182982 914.7857974343906
1129.0108442789015 1409.041996813551 849.3897788421642
921.8494818833223 1108.7264646225099 1210.6332114187646
731.9060423941876 1026.6195825544778 1204.5235766730848
1345.286003766445 710.8021912296174 870.0711552764336
1404.9793234075394 854.1997460992261 992.4837565347678
833.3072722176287 1090.2027251230074 23.711295892733077
810.0080489734719 844.0227985128739 1108.8901006987471
957.5333840619091 927.776618483036 951.8303961073718
960.7924104107813 1056.972775101811 302.10953244997876
657.7202244051216 990.257829460252 1255.9072839484636
772.679815304747 1243.2109262284198 1370.3075660313123
889.3790374071186 901.5358337425446 1228.294850571744
1211.4126041817208 1359.8070922950749 89.72832931226465
1143.4226974417522 933.5757789546709 372.0250156541007
938.3044199919776 1348.8639638198586 1081.0508776566771
935.3299382295654 953.6357919915756 1109.1647879864236
1215.2015648720967 970.4324820071297 218.58950924623787
1265.6093047665397 1325.2629608009515 486.9981547158277
1434.1831001221897 927.6410563887991 1268.1120316954202
746.7905546760787 744.8249347282829 1189.430510006432
1202.5119679969027 796.2774239406316 1187.010649685645
870.2877212312288 883.187736622424 591.8816455349398
991.8166740873766 823.878498534415 45.17358390959358
1006.731047266912 765.9963226951454 264.2317361068405
1106.2728676803526 1062.1388641777073 1180.86705883179
998.0060095101037 893.2369981825038 21.94224805851219
838.1509726024092 383.7372484877732 1078.0211865824783
1181.0065798008593 845.561280177621 519.3409566909761
940.0419298606433 961.9453722035404 681.7498942525459
583.0022201009112 1049.1092557354018 451.2259698038157
1281.3377347735402 634.5756829001862 982.0122540705514
1155.7932290364756 1018.9682210501604 508.2479001980237
954.6258457931118 491.51341034217586 860.4484406108648
1190.8118897504096 1046.2734718047782 52.25345700650913
982.6122645491387 1005.7931702206342 342.10376895349225
1482.0012963668123 964.857557133407 15.263836931051767
807.772564799213 1055.5789097438226 1137.5047229323102
841.558300839617 909.8533430091848 649.7794902770537
817.4278818949792 843.753666030837 174.73978813761488
1343.2474386172519 1234.1413955679327 1467.1041010234248
1012.5058757926549 803.1775568665889 55.201381390651946
754.7498351164503 730.3904937966452 1215.3633636422817
895.2516910377249 825.3900585486971 1439.1758670056713
1180.0681665810503 1032.3444202646156 204.6585392624734
1181.4467805521365 1091.4810429505967 837.6515266136015
567.1557498857512 1270.9992815113815 531.2034395667698
992.5448059788067 748.0929265594821 1389.4996607847609
1061.2117340032917 870.6232645451034 945.8121117586118
1067.8261438621087 1309.3698037565446 149.970098418002
1056.5114258614735 879.2287181265415 371.3586725717077
935.7753173921596 1058.0505834563373 238.76804609374952
1361.420556992528 1093.8280900498041 1145.7182203946593
1205.6248482707358 1012.688977232188 963.1650083561678
631.5276182170664 748.0695438065168 1468.1778451511789
1185.887645433509 545.8929456674482 41.52823353688567
982.8577448456205 989.8532592975498 656.2107590709094
1077.4526659145909 1267.4472453464562 837.7046679650812
1102.3531319172027 790.1443342770883 523.1692241491163
498.66278951734375 1012.9014528566448 120.5656269906612
931.3126819679542 796.4408080144173 181.58403627404152
834.1633960997874 1044.058936776052 725.6208829140121
685.6253400391665 760.6950913775331 1324.1640307110633
659.0404389392647 912.0540296715982 1413.0500533177114
1334.3206057900522 781.2190044832912 384.5399510730399
242.36744678910725 1376.0050240198284 603.9989320953397
906.7662831651863 1023.2379812588656 298.91189226420676
1251.8310132440752 1112.642548869311 885.8742259829281
860.8874075489135 1222.0973218222261 109.21684898988926
1031.5896129389996 652.6717924629447 275.11996612730184
686.6052103301738 618.6434768766442 1026.6957937477173
847.6732934966103 590.2152750250764 847.3526661916304
1362.9913974432527 767.1801507523039 218.78848215750912
716.0768543637474 1029.3157149830474 752.6780617192901
1018.2671662420826 1226.6486463167457 512.3407519593358
750.6904552224127 692.8109825309355 254.7407000853562
810.0004006861343 997.6293929670751 304.20931035148493
1305.2987988424393 710.7994546830735 82.1261022551416
1216.406054112888 890.6017040037316 1244.94254745679
783.1022794809546 1020.6082657657754 924.726158020366
804.6477976417831 976.247622207048 1480.94076944191
815.9097731051424 1062.7006778858693 865.4791396295551
640.6356446035882 1068.078113178049 691.7265966568851
739.4410307133069 992.2485295801728 534.4696067584065
1198.437672743876 719.7735872278112 948.6814793066865
978.7488034708326 633.3102478380955 232.20090385845683
1161.5751528443166 998.3623380887699 677.166885804648
1279.9144745042831 881.9532648391753 930.093400678058
1123.2100995908895 1317.6718892672843 399.8750687968793
1103.7460856898283 917.9232412872033 1184.7075992990024
888.1377720388929 1031.0654748842012 258.71224611035325
913.651308426917 831.3560727629529 1439.13792142697
1649.3576182322256 768.2060996920478 927.4252265869367
777.0017956756224 1360.396965741977 1154.6288911814668
949.5091558257948 1039.2043513643846 300.59271831957074
1008.0505243034062 985.7839998123522 1282.1467812794197
846.4341166830503 890.6026414033496 90.27699641296716
1086.6598309622957 1262.5603927381828 184.94336999350014
1035.1661444110005 1139.467994249921 1427.6386976890878
838.9739928150389 1426.161582095531 1260.7578054731584
968.6502413716559 1581.496977541657 503.9484571589362
770.5842734965453 478.01629091829614 1047.7000486420754
1252.6022142652496 683.0966245570711 722.8037059297229
1075.6333098175628 1037.3339417218892 1254.7790766742908
795.0934322764098 923.1324054381025 646.1638951475204
745.5975986788559 939.8855486526021 831.113634472285
1016.1165824185354 1231.881641579319 504.1562902220302
961.5077908233422 998.7252697157751 492.9148420036906
1316.8392482189377 1348.4735442129147 291.4644182195437
1222.3012721001758 964.7316670319613 521.2700528233212
1483.6272908696844 456.0134013373622 1091.1824012229204
976.6588448676728 982.9933183059313 776.4442029148361
1230.5647644997068 1035.3835595720443 678.3806432475508
751.0481951918474 1073.2852981191922 664.4130301104449
562.9073225014063 1558.5135258882622 791.686036338078
1052.720777597426 1288.9193971749623 1350.3723227890491
322.7955195813962 902.407233565406 777.450774452819
1726.6568489591778 875.1679291639155 392.6953089827334
1116.0312739408394 490.27968481799223 233.52583360574454
432.9134523419309 480.3976961367914 564.5902858859298
977.1572083574123 1084.8287474759316 1366.2582100943014
991.9918901569057 1065.821926544815 891.6560359699837
1069.6671623277775 744.0246934203092 1136.79678396024
490.30183697224095 717.0320412030367 398.9760288879337
1354.3411206320811 1832.9843357710274 194.8336824897014
654.4713043971233 1064.8882258413344 425.01445455948834
710.4153483365488 1003.2181931490916 305.96716533776095
836.4070736109566 941.1396968932004 706.6520866506519
902.4689130359073 1320.2248591031907 173.6075183993568
1186.8149671958847 1069.5327898261735 971.0120546712815
966.8654339705869 952.5467171368099 947.0510375627856
1134.4885398781926 1532.553249813619 666.8460466102999
1071.4198875311781 1365.2217108976588 673.0247435889513
1139.1864504672699 760.7673651607325 1261.156655195622
1104.9230765958298 873.785163027265 76.79527199733266
670.2568349825484 746.0390507297273 175.71708580666728
1194.7556399931748 852.4059040867136 256.3049461659404
631.2811522231241 1360.8879708501236 311.558303044479
1048.1704672107423 1136.1848781157832 1425.0502489029477
1153.134104891154 1302.1693959733689 267.059090080325
709.0619024513951 964.5784442259472 82.30654212330619
827.8673586581609 1080.4811170470682 867.4913854803406
853.9711069361675 1211.979304420983 1097.1691152253131
715.101889703036 1171.62871209053 149.0820774392026
787.1747645917952 974.3323896714875 1339.803988031725
949.9545135602093 889.5143918374685 481.4501527647022
902.2018270524034 692.9989681875925 1314.081297591891
687.0601141890346 1003.2707726352216 430.1243363502428
745.3297664815886 1537.3347540369039 461.66151591504735
1026.5016004017778 1368.7247104781618 545.3705317242482
806.7032470265862 909.0278219246824 1050.7185699269564
1019.5607685927112 964.5213166183706 563.0721432941768
654.2499321728892 813.1409040264509 1188.335273267779
1240.1919277719373 1038.8560806229025 735.5469767990022
664.6786325328535 1169.6524579016584 5.560946145990675
910.9183738931436 1081.5522834431451 929.5845087541289
593.9477263115115 1277.5922621068194 408.0474230360818
1110.0902606128902 1283.8575317081325 15.649732594511024
731.8491837668995 1080.89086624106 1114.5248706843909
1165.793024673686 620.0776123302174 1114.6940106353131
793.0911092902202 552.5427635841087 983.4287682378985
912.4433948595475 1151.0092251091448 110.3637385378477
981.499211314585 1230.5839875448391 389.55917313504494
1141.4223738372302 1332.745430416346 751.8295804244696
1384.2752732630179 860.4805107737897 1224.0062793327447
744.5924690905761 1083.332409417613 99.0401934165876
1378.7306362649183 1131.7697249368066 1105.1275269832672
613.5481626885805 947.7710298097164 208.021535783177
716.7006148923442 1262.6468310723376 1354.2481707237373
952.053918607078 1239.1272283363458 617.6273606225091
564.8733750909348 1052.1160851823192 1273.7185608112675
1514.4015054921308 956.7078241643865 64.3034895378889
757.730015773942 986.451435013869 828.1114703984318
1039.931239410833 880.7598862470738 1490.0380683817943
1370.4572820885144 1341.3339875660615 1120.7822727058372
700.7827105245461 872.7558890840012 317.78216832744425
986.7034238340043 1097.6638329865687 1396.489716286485
868.3283458288869 942.8488668672763 1162.0309664293027
747.4117919693238 1367.5890430068312 1454.9368907285855
950.8646047908559 570.7500216277808 674.1526373755001
765.9831498072683 801.3146299050591 475.6259549051224
622.3905774288509 669.6374557132935 533.8664914484866
1029.139787146813 937.1774485646087 10.144117056268387
1561.0903943264175 946.2224148675965 1173.6181614721067
488.0303505564162 769.3297400068311 79.16206965110867
640.8294328664356 1178.7701632342385 1307.8686066410717
915.691061001398 696.9187001729149 667.4484189992481
987.563967103742 935.1257053947636 1480.2730306664378
686.7674486112885 619.3644951119495 1446.0124159116185
581.9176338718689 1344.7921681582443 939.1216955083544
1008.818534299636 1292.8889652690311 1155.3554943102909
1336.9875732044788 1664.1434624421975 981.5936473625975
1229.0902576459407 962.02709353352 225.91595404876952
754.8337383870962 1246.7124268589428 604.5700046716833
887.0582329391825 1397.6936403199634 355.8457912230105
759.4733545102638 1086.3950329056488 1142.7908842523627
433.737084314359 995.9630647503258 1304.8619254097396
444.9859806216498 1137.720238190556 334.65617390904276
965.6303496726508 954.0373293613628 314.8383805567391
954.1508170298043 747.5941254726879 1099.47420153573
1053.8636467852523 1126.8947728810308 850.0671996213075
1503.137893670875 1114.9811937038914 52.49104424701084
858.8312289833435 1134.4680364988194 1021.4481659287771
1016.9151389016464 1024.4310279678066 1348.0270634190003
889.2105231358098 722.1986244981688 1265.5219049410548
1122.0071141681 962.076140956392 480.1827747179888
668.2699284769899 1058.5079959981972 1371.307012317293
840.1208129585655 777.7037736092366 64.45057953450545
909.2454705468201 747.1255922513651 9.451007344006502
709.4246746198698 824.7497535212773 990.0989779249102
1043.0722349622217 1001.1399980339584 944.3156590378878
1030.8041696956275 986.5827813296046 913.14920427557
813.507499424349 872.0670641227764 1431.4545397120603
1115.97725744927 1086.8806706530265 22.725224168314906
970.5507170738058 920.6987862856049 8.760957739500142
781.7103119223883 949.5617843844844 1447.0236396489045
1535.773294112145 882.766099821637 1022.9595019934843
867.5487947717269 634.4434402166211 805.5599283394088
1192.2186625757988 1170.358063379387 899.6601134666165
1010.6965896209114 834.506939143274 420.6296817357657
746.593254402945 1117.5939112977953 1029.6606806922523
1443.2239246274867 1225.5461254713773 1181.160538681996
905.3773852384313 1020.824365824145 669.5233514669296
992.9670921933466 1059.267802329512 672.170564247626
1235.5795663299396 1281.166815554097 963.4758195801652
1106.7407264860287 716.6090614891838 66.61235250167135
670.9491574638399 566.1945350270836 519.0963741994165
887.7578663412012 537.2453426543811 466.4400065632358
929.3868538686247 1442.919225655826 1340.5413186503272
1121.8152706006426 1029.1167953698678 1150.5386475787072
747.6862029754147 764.0839192725015 548.6587118068546
1503.6262054684132 944.5817154878941 347.2283483143996
948.5062073274247 1111.2963336001135 121.1845110334666
1664.230456261959 1262.602877809473 1270.8798672806088
884.3523331785357 1160.3193036044715 1228.370583376369
757.2927019415351 1056.4235807199375 314.3213361911194
736.8619903879551 1235.2060883011761 424.1276155834544
1015.9169805424804 568.5647495286437 1212.1377780736232
789.090010125526 646.7684016702796 1021.633107780835
653.8425398528645 805.9852526299732 746.5213240391382
755.7037249869267 814.7965710143512 794.6059822560655
1452.574374382233 1441.3486669061322 383.2131903553899
730.2740834271666 1047.7483233493672 1438.533302873249
1127.7019324999349 1151.1795822040594 905.2722466787064
1391.3646555458718 842.7153992026875 582.1552050679732
1156.0572789381938 1066.63464353239 211.31868214499937
806.8256088613264 1450.3431845776129 1214.5640275637443
1102.7346097596553 552.6232180671561 0.16793758289318506
601.6681473037472 810.8527306160897 1140.1628706552444
895.9612759588894 1463.4241239260423 1308.7569384949304
1031.8774087567406 1113.0301222870653 761.5207027367653
783.9576106464231 812.4911116111784 430.6570615654211
942.1154744135176 1095.5517458989957 1360.544016597823
1234.7314442463912 1020.4568587352699 1452.7342569547097
777.7089180004402 1161.4268512134386 947.7573970441783
696.7841723341803 433.7311988461165 1093.2203949308353
1358.9264454987351 1313.820648764904 1471.732468437921
802.8848560936077 987.9047008589154 351.8448007382959
1186.9785768565848 1197.2038309180139 800.1276882747181
1129.878667099843 1215.9992636771212 844.7868032146815
1095.2932303384646 1566.032857476745 1351.4196010440087
863.4423123543947 900.6089460960168 62.53728204767617
550.4220302404656 1597.4923341895933 130.2868432146904
927.1197138540709 708.8698135565426 637.2431448046385
919.8780742099489 1027.3954280816154 229.75844565611715
772.8894338630944 1159.4094533192622 551.7032410629965
1402.137981720769 755.3360023061556 1146.6486333718237
785.9927134554533 1102.2349556751044 807.7376528835737
1260.593296075128 1039.2778267904157 1409.9825093638763
805.9561612211999 819.4874299112558 519.1165425634505
1531.7688593309003 713.0998852361981 410.72828414823795
602.4848713166202 932.5936201804125 1168.1345506007624
1348.8465531134716 1344.6265295094784 201.59592020961807
795.9962464073046 1200.1220764176792 1341.8354728242136
854.9774754544135 1248.8207472999768 879.5484389908378
1102.5769499500584 610.0070951320479 1171.1865808223836
1082.6520541726522 1354.6130595104316 178.75594316697718
656.5681118575569 910.3809070531744 170.86863310585758
912.3721279775589 1032.6427384353697 25.12977605141209
1071.5211842671226 987.6025625928979 354.00515143087154
1218.8813032429828 650.3157727971288 530.7368893801743
1065.7057475545942 1472.5937727294354 393.8798794707667
1114.0064080828633 1235.7841888703208 968.692962830328
935.0735843161134 1089.3962725070305 1323.9880052754268
1009.8886837175709 1268.9194767948645 855.794955813793
987.8502343063411 894.507659236117 103.24877640642765
705.9297627404759 1178.7782350130703 560.6830197364134
939.9336775269205 953.8524995351961 219.67564478907593
1317.6126616162153 755.9908080395766 842.2489276365408
1089.822534807409 1053.2203864750059 25.324313725761606
747.2837505538869 1017.7876278043356 1050.9430001687967
657.5231165958115 1209.8140988585535 311.52184703491497
962.0105561822515 915.3787028554602 1417.0383779190536
1304.297879215852 1006.0555249695726 1370.0874134489668
702.0522898301608 814.4626160999928 542.8617497897947
727.8475785089424 1504.5609193778919 89.82091438629774
845.8592323673104 1136.9262711497313 1035.86045932531
1023.1148031087215 689.2967460936216 1302.665865649297
590.0090816104615 1030.1572043021322 287.97574437171653
832.0534659989512 1044.236979974455 222.32374034453838
1209.7273111101028 1077.0361810446045 715.5415924713785
1066.6112252513274 824.5534597993617 389.63990692090874
1293.221385671157 1456.399871404281 126.26276612298065
758.5125782502942 1093.269413917085 1198.8446151841526
1228.0595368867473 1017.872234315624 103.06704015565698
1092.3853056479088 1043.673302528252 1289.9441241945344
953.9186196726382 1020.1708166373867 479.69910486022496
822.66096236977 900.5348196264353 1265.525914987149
995.7629716155259 1211.5509017710192 1388.2537827761357
866.1607097581464 1137.173122800924 978.4390159219303
1045.0348007999114 1293.4979941959225 1346.4432604653211
943.4455588779773 971.3546749908552 980.628455876797
942.7588348988837 982.4416231568622 189.05317855167186
977.5717000552858 856.0605518228264 311.2905318801003
1335.615627215713 759.0678257072243 1211.5532986131946
533.2358048740851 1239.6685971137824 121.19874510392475
1236.9088432450794 1227.2873613240329 644.1701115472285
695.4597642547058 1062.9771860706835 1480.2738143093386
1348.7135584442854 744.5043798908632 1068.2241800499094
550.3074011674134 935.585208218824 1302.3894186417463
1118.9298785056872 1223.270820043409 1171.9886165306111
766.8245980789345 673.682041954474 817.3547353350731
977.4081835626479 1075.9598349080743 47.24978154899334
1000.8928378193276 1043.6145081594514 1175.7427187555672
1165.5514225934842 1196.7953487878108 584.031940966026
1393.238950156011 707.9925591666243 1300.2805092374065
687.9891536771961 1130.1648232571943 795.6953249218212
1146.744372265363 215.6622849897924 1228.5978961564351
1045.4445936844654 1119.700189211846 647.9148439523102
1227.565978922492 1476.7959176928366 418.37885039164775
1166.0730792919228 739.2432089652686 1309.5059662091642
1075.4989831125201 764.9257141335783 58.39568295356656
1144.6534006501306 1325.9751053676675 387.0214243425602
1813.146911807631 1312.9199048469582 588.0107929001117
1002.5556516533464 1245.6006731286761 421.9062260750192
865.3075248747816 758.3278959173733 898.821715624625
1079.3692963265094 1114.6185020050889 1470.0306287196054
860.2738620946633 1474.6076251118907 1423.201813186264
500.30006028904864 765.750710557209 474.7515069874966
985.2902775180074 1289.4898181973601 163.4454407943736
842.9219977541509 700.8754905942669 1430.6411043096175
998.843146648441 1041.175830901537 700.2747140360547
1167.4584172611355 683.9213772136522 1369.293901050946
1206.1814343919636 1372.7098521537737 389.81993814723944
834.0233743407352 1313.80823523952 32.70468006024557
764.2852287335762 998.994416009138 536.7376511639974
786.0365634536727 1256.1720254784318 578.719348444942
1068.6606649288908 1201.9374929600863 689.0405424401993
885.8736290891163 960.8093540999735 882.7584374886218
1116.6771573797612 973.9358534138732 11.233178241358555
799.5790413208757 1610.2745189189125 1448.3517306485974
1064.336324446377 1075.503221178985 1383.066075157383
529.7664223158338 1159.3109403119781 917.3728437712859
721.213144119185 718.6436390537118 1326.3841104450364
1177.496658159117 760.396743713495 639.1386626217055
834.2114888643492 1228.0664852225998 1071.8324938603275
609.3104722692376 1069.05491374138 807.3775029669446
929.1557908842002 872.0904799311268 605.0902915712519
1118.104565961195 1151.2514666446004 654.9804912671389
1037.7603585479371 1021.5877022099005 407.5745598927216
651.9369361128514 1009.370246409172 408.69546631063787
1132.4593912257596 1094.835403412584 916.9799192606231
938.0575811077792 926.816749941715 589.2453944474487
1245.1970255465772 1205.504292078983 359.4609102779496
1498.980108412984 811.4594867508333 296.800944640848
1415.5307262221777 904.1985013924325 580.1136315023111
969.336782194467 1532.7869377799848 1155.7896139715638
913.324292043654 983.7008406532995 833.3874261980939
851.9599370280276 626.3000820983045 750.7399452053938
1071.4275283765164 593.8765663164161 900.0930571285842
932.264455327806 1095.7819410664904 1063.5222333131605
744.2013162382285 1087.058099869514 1026.3334262831886
1311.011111176543 1035.3380305978121 1437.852545578095
1079.674614692973 918.8813523301878 760.3804283526567
648.0173157469408 1279.0328683566129 207.55350972576315
1052.5787893712625 701.3816114684612 199.51760931292517
886.2604824107802 1520.0263488023224 297.38135700599
1534.8731474223155 978.8700832242922 220.35266462821195
705.2568820497884 1205.1809376479418 161.54444231369035
1104.0215991343405 636.7869253436586 1472.2822499107333
878.7341635461526 1327.8046924851938 995.3749996722808
1275.6188020837506 1032.1313635646136 88.46038927070882
1133.9669963271924 721.7353028915725 960.962319567747
1051.694591892479 1286.6945259370095 1186.6228854585454
1329.686317740297 921.3937769720457 244.18322178034262
980.8820285863047 424.87993497210243 452.6035298622824
1316.718376011494 1141.8679882110187 1011.4402545364802
1240.6591176338911 937.0349984805994 32.112395820576786
738.5836197814683 589.231655617182 172.53066061780981
880.2206174343542 1340.079424890667 1456.459601569773
1013.0961849250156 1466.1053526103487 1347.3077059531302
1162.7360535454209 848.0684933108023 729.6239459552316
1239.8192314752969 608.5428063607443 663.9689452754776
941.8521533937061 934.8821127956767 421.00821560230986
701.9313392017045 959.7625665032239 501.13696722297834
969.781967752595 1018.9937244198646 190.82339721624226
1112.6325389618705 573.929500372511 1076.0869898589528
1537.6734136433565 909.3170758462556 368.39112201985404
1232.3999926670467 1244.939157442608 208.8582631266434
1234.4924855065653 1086.2818661855426 727.7537931695338
1023.2016481544428 1140.455072415269 487.56666308241
843.3937248815896 1391.2951944132762 1463.1249107882354
1105.4393920042141 1050.3637812689308 798.8203258330236
938.4246237872756 1013.3111822221572 920.1049562539437
1108.638266384397 1133.9385222483363 862.6588899430049
1002.724293016914 740.6698303930476 457.9797710050794
1199.1143390710313 607.8546346806189 580.1329406543376
1048.8365834065994 933.1368779013987 812.5332779848857
1109.3459232630819 862.2446963398697 1141.9064547776265
1336.256608030464 961.726716407049 292.82204763812774
709.179009144111 772.8149208278938 1489.2640616990454
890.050944990753 823.7221966667231 1406.4908935733768
764.0002445888372 949.2220432683318 1083.5235735713002
1212.0412381856677 639.2513467153308 543.3534041913657
1078.3168969819092 1013.7659094106508 113.8253692219348
879.0041795142415 729.0543361843808 1258.167395363931
807.651461373108 950.7883655213826 227.53874634285876
952.7480783582275 1009.292555626005 1050.4028084339557
1209.3617151419633 1456.2671096900633 1143.1189347514817
1033.6629653366306 955.0786223323439 980.3597288241896
1059.091006370384 810.4367871860895 251.0147732787783
1042.1818295583864 439.72723670435266 1126.0572631707528
806.2186990141304 1390.4694114604013 900.2382651785537
1400.3231237708144 607.0341398468859 396.3420597634162
1100.1144036307796 1064.9437973331605 79.71735138270603
1118.3173362841885 881.7771147668387 693.6986663116919
749.839177866512 1633.8938478160774 86.98264021348179
904.6837316573572 704.9767775477112 1068.413036369916
898.7518351719804 699.1926054251409 1043.99466063624
1202.9537841925348 908.2771359487939 1248.6316394671194
1170.483564128062 962.1243991997212 242.9733432018925
1316.7618366404195 620.8835198416688 994.743008894089
1004.6579754282327 1303.5365978233597 1007.8914937420261
690.6353573473917 1063.035761012837 771.1344997552815
1117.9331847843564 848.1527898592237 142.28678041318676
1082.4384842502946 1152.1849088464128 354.75327912252305
780.0114268353667 1043.9086444999132 356.06671865824177
1016.9987110768413 1040.2664916287654 634.5046594925624
851.1826866885306 1012.1397486334607 1485.7260128138746
1063.9148334258061 1041.1304682781547 496.54767337662963
808.9106013381589 1052.7315560266372 1489.0674047781629
1647.812850945508 875.2478093036561 979.012243363177
1348.5096070553188 1111.5183705571394 231.5346313540138
1080.6782020833984 934.199330608206 955.5800991640464
1222.887882775864 877.3009764074476 640.3132020990006
865.319771841904 571.0670608448768 391.44203419667537
1564.1761159002308 905.915835367462 532.0674851808897
611.209853115031 1433.2747945495075 1409.5076292483488
559.3355843436691 918.83453438979 747.431625986776
1034.1868296730868 1154.211368027622 939.8654932614355
919.00893129514 1110.2012317700687 1148.2482871570971
760.221292848215 1104.6706077197723 1212.8223153956105
1272.6235308520254 1369.4446902477252 528.3588647317987
1040.8574556683589 494.24423658955277 87.54636003535016
1047.3870756935262 886.0991013688296 1390.423122395161
1039.3946352146784 922.129481419865 1158.8605267089722
595.6794664648769 1023.1116407871001 215.0607685972219
1143.5338710158708 831.981623528015 76.11098687320633
925.9181531144761 1305.8337701589794 1491.202795417519
854.9927666702329 933.5763979093591 119.26491339019346
936.8358775607232 768.5606871500147 691.7427922153385
1038.6078852001287 1047.3943888587123 1317.2488760370932
854.0120059108923 1292.5475601971987 1282.9239684027361
817.0363888729075 1382.7276663846114 710.7840631619725
788.0714680108854 1069.903176346858 1467.900188038507
1008.8028144182741 893.6123321183608 591.822995202635
459.77693659907106 1119.4418806566587 63.58157897033551
1459.7630251834769 777.5942538893433 952.1639033993722
878.2077971024714 918.1486585977339 35.04633355128384
1067.7077755943737 887.1985816965987 148.50631170188277
912.4632136856662 881.9336619903515 1386.7221766894456
1206.1300190090897 743.7230505285648 1212.4587856973308
790.5259147249599 1261.8652000069708 1147.9343318499486
1154.5221737325899 1277.8183048626895 157.5416916159494
1182.0910484815306 1030.1880880832216 956.1161644028027
926.7747044096706 1049.465172385958 20.188591058394156
992.2810931427894 1514.2384363674873 878.0362076678102
1466.6125642367895 1300.8314821511574 1065.1488835843006
1125.5762956285923 920.904376458263 750.2319801181493
1299.3463936200012 1330.548474974786 523.7060354755421
1285.7650839508235 953.587993891303 233.65079634410407
1533.0454342956841 832.2236392392084 1303.6810998449957
739.6887867841035 1262.8674865744074 166.84773395112558
662.8648131587829 1307.756752068484 244.16425792331725
483.19699814312276 1033.2906756759676 44.464176900062654
1190.5306138647568 1101.3814900426398 316.9947491607463
1199.2622444360702 777.8664231271978 834.6743071852895
1178.7019045552192 1271.6398018120015 1437.2845045363017
692.8333829411295 805.0337015785526 1129.3827216872073
1083.8614073256733 587.5240894062508 1400.349168347259
718.5062238710686 929.585147030914 581.5859111608587
736.2217474177373 1012.4835328718443 994.3110335086213
553.3744801932426 576.3160986146411 233.9697758376555
620.2858393478493 1426.5603604627229 1362.7982377323228
959.1249093403427 818.199601157316 94.19727298402026
1000.275252542009 1266.3552195064517 332.32787541198155
1060.549007072227 943.8796299960404 1385.3070507632383
1344.4034324335719 1133.0489464017264 1223.6615576105194
921.4516737148263 684.7801519918203 1420.913071142528
1255.4055403743957 927.4112086467204 307.8368882056405
1175.6948120414495 1375.4399904019194 351.657474789815
1489.2576086271656 1360.3416140872894 1244.7111269354905
1589.541208360236 593.2907588608991 1201.572115076443
1077.0054468247404 1146.9045522624472 928.5490102449714
878.7631258197794 1018.0477565293298 415.38522128525807
1182.7145536131493 901.6501700519257 1263.2673326952772
769.9421702412798 967.4932526453466 1334.766376935421
1203.3352825144937 1067.584019157507 938.3272058863018
1087.1434527146437 789.4297513403658 1311.8432755532883
599.0588381857992 1126.0058753226006 1410.4489496555912
1167.9660440117782 1159.1641957026848 606.160803623925
649.2847859687994 1228.409390116297 829.9906225694904
1467.7760156561576 768.6510476296531 132.02177762455912
827.3133300010593 1439.5557755264917 111.76753314759813
854.1789641676907 906.5594004953734 1460.6254638873313
1120.6976718253609 746.5152053079364 85.31753350963861
1231.4691932062917 1117.0335038797762 600.403642191995
828.3968121200695 673.3991560072104 474.1536019848989
1052.1958524520724 772.7638772140367 22.669386105559685
930.6832017336759 1444.812027153937 1081.858000398157
969.4207830039184 1157.8418495228896 384.6861591753164
1314.613366793752 1054.7780825749487 292.1561086115396
1223.5324455417963 574.2442519711819 475.43425676791344
1015.203539149634 865.1764204401097 407.61341150252514
1112.4202781431115 824.0927039714563 420.1651537891789
892.1293705910612 1069.23836867253 1352.4220150626293
1162.075399211217 1207.917158939888 353.70679870610496
762.4047470506729 460.2438653271853 1060.4672512075927
845.0208759738514 896.0530280925295 480.1970064260335
1237.6984778407975 1327.5679411664157 120.0287590312652
1097.1021354916577 1192.1446916896882 658.1579699636167
1282.4947846337586 961.801762010764 0.4095922991427803
1153.808247098571 802.4401767361652 382.50848868672404
955.2531366144789 892.2063046016523 667.5402041612048
1095.9570177243481 1102.1897015740687 68.97975336084534
1243.9285778011415 454.7444549392984 1103.414369156147
1077.1035877960844 681.844958779944 163.5549695132054
833.7917470917539 917.7113787569832 1147.7312608961267
872.7009583910052 1015.1618514004394 759.1050368670448
1075.8307836039946 1342.4580779056869 1360.7721376851778
1293.7937911122754 551.5947765598892 1492.558413575563
901.5245248746868 980.8276292365188 266.53730305661975
1839.5625383863107 1151.8847917823382 1406.3409583742432
961.1228080810347 1277.7953134778747 1360.955011923264
815.1324816848952 948.450014208051 533.0368423293987
792.7799271257633 1051.57737652149 329.73413330756176
839.8296212918199 1242.258539502247 565.2183221127347
1516.9197580542882 1363.5053472435866 1397.7186263303327
732.2150873249573 1085.1272745429835 16.094259418756195
1177.405701786857 894.4554732773169 1402.24783265332
987.8171589581037 863.8367830050456 1402.5788542791477
1170.4223067988287 1075.943350923109 1396.387132839438
1068.5200887002593 1003.4216152269692 1098.1052535212846
1024.6470124575096 980.4989533522037 1242.0531875189265
930.625673240705 1000.0754053805267 711.097160528461
1000.3974973107674 1502.9022136942854 977.9685159190152
1284.8056862211479 972.4176276408526 198.70474126284478
1456.1960523839093 923.5616244235148 807.9051860894672
1057.0014027424072 1264.5590118543823 55.754556477563945
1096.1105105439133 887.9800723341691 144.85341274493086
677.0963137592965 1233.0327095611456 1356.1171668910356
625.7978951098899 1506.508313912569 654.4581747317885
801.4029710243154 972.7455154618775 645.594331767122
615.2433151091271 768.809175367899 732.7817523590952
1027.0518933762016 1216.0381711083824 672.6331166242586
846.5234103791317 1125.4961179888662 1291.549918885619
875.7350614433192 1053.8279062010336 303.8909726720615
1076.3010182175478 948.3214212419246 982.2036921652764
880.2699910174232 1542.0924450796642 1003.6841072710688
1466.5707120172433 729.7563841949657 715.2599517612351
1035.9273376297942 629.389056332363 1020.6476548107875
847.0144093628065 1021.6022738458313 1187.8217157465522
646.5918472293583 1121.1096879594177 443.5966669967732
1033.0595468636523 1000.2405865213843 1110.9770468219554
1263.6730700341388 520.1617769565275 935.4299949163869
723.9603606511525 1288.3611062424816 1441.3106728447538
1222.7921500076957 1111.2272156190386 96.5378561254011
435.65448782327974 1464.0714038954807 1320.556797149467
1255.3585956431507 1022.3098292807142 201.84057167849906
1293.1688393897502 1454.5369956981478 67.5097488167058
1096.1213663483466 864.7885062624256 821.477369109696
1322.960295409412 891.2044537815228 423.2775011079503
843.2366839610968 775.0182317741544 193.16559350218805
1136.2096502205354 767.3357831316227 1390.7115288244147
833.694985062439 1364.692484327304 731.1212202411174
1291.5105041697984 802.4463300103662 475.4862776059219
789.6050525715418 1399.7045136434663 1245.2359404594529
1232.048335002558 658.2907429483179 650.8436918956629
754.0963530835318 865.9349888230096 760.7055018180774
1024.0212369777696 902.4160632045472 851.1325567100304
662.970977268202 614.7799338490863 1167.0168764410987
731.13642136062 1258.0039416383916 1474.6526032484
1094.795966370023 1522.1308546903197 231.65791538461056
1359.0067222207776 890.6233057845627 810.6566552344708
655.648848204584 852.6140495842774 1244.9833085413604
644.3815164955421 797.198170911854 1190.4588762268438
713.9811743704295 1092.1680526653613 1173.4459159782366
1116.3781360381981 682.16469008582 136.808987747311
434.1786274218874 892.9931246066224 954.8833806510884
1079.385015364712 1256.528079765753 1068.152367337667
936.6809259627129 1143.603640766898 1172.076430399503
999.6762790262522 998.9048235241991 1057.1049472788661
1123.7159754243614 737.6905286631853 1282.602534292255
1018.9778728939579 832.334642682525 860.8375422578177
1424.382885049481 1072.198031670575 783.793411653838
1501.047940313615 836.1088407402164 154.3059783603391
1134.3147630834924 887.0988568815496 1255.6351047049168
888.4763443252317 935.718501284238 672.2367044003258
702.3443220484264 1391.8012965877401 397.474393181611
744.210242988331 595.3599832074635 1440.1572141578213
975.5174801905814 676.0392958104885 1128.0310431992316
1097.5985258174376 901.1778968685702 793.8300589217491
824.3598314338248 1034.9286209456893 894.1242764768944
1081.2387267124084 545.6708700909201 776.2834039994448
824.5489352339337 929.0859026319306 908.9391797264694
1209.8094057652554 1219.5123283772307 811.4237462999403
795.7957315305283 1091.479988320152 1314.5400847889505
725.3268041839656 957.704600325692 552.4651414907095
1126.6817158841632 712.8944807539087 674.450195407393
793.0481997310351 948.1315442004043 816.2932743116485
1014.9387522901533 702.5649862127284 348.8933886816198
823.8875512332685 669.3737885686605 901.9270049437265
502.735322307994 872.975891307388 1458.0828617288003
824.7394566207057 1216.6314579885077 240.92725153107853
826.7492597953658 1258.5269004922077 66.31760525699958
818.9459226449608 1371.366204101696 1424.6076748576277
850.1448241759533 1542.0916192923428 112.42044950124847
1326.140620173789 813.2126117531047 114.37589085345424
944.3735216539657 1019.0404050111035 726.1827176892864
1387.907903835486 1327.7463168537029 1339.4788327034641
937.5302554839719 1040.6159209581795 541.8865955656549
814.0261676654773 1220.811446020111 789.4447735045622
983.0424466528924 841.3840816268956 1489.6427933559728
1168.7177230229213 1253.4597394249886 579.8868579319544
522.9540929213406 945.7095484813103 745.9049841882901
917.2446877796508 613.90421974583 948.1139591400507
1308.1579324929066 734.8131779531693 512.545087003126
1209.5606245264526 763.0825463519843 652.5016734070625
1270.5569712646193 789.0047201883697 63.92402530976693
844.0235656664242 1040.2669389285938 1415.1985663436217
1277.4020574258989 1099.2792368921505 1025.593870481272
1188.1085690883806 905.1061239095945 842.3322291158968
1216.264953678051 1214.3492072013019 39.8334054903352
784.4336246074431 682.8619113102253 871.8849778106984
1474.5979414963533 1313.688353473491 917.6975097995714
1369.4468405140378 506.7238540463398 892.7228213665448
840.0764011450203 1231.4576206436477 1300.3730836271377
1043.4494997266258 972.5849465159113 1446.331581945783
1420.642479108448 762.8350499010487 637.584762909987
696.0606235808591 1261.9827029215976 214.91732468769627
1193.3903831616958 1121.6951501230872 1150.683276314097
1264.1240805484895 1063.468876320872 199.3288286456547
1021.4454938394052 1356.7792541180447 814.573203315502
1403.294536541448 1017.7859940263352 614.8169384007434
1069.5565870231508 1551.5145569733504 359.7843579735354
1157.5572464445388 1208.7976483935054 1314.2381894479809
906.2615878221633 858.2859010208867 1240.4068873787464
1264.1600063259211 1180.127534219034 180.10046906208865
763.5812413969077 1085.1181249947317 631.2070512135942
513.534587171485 1035.2375407767177 1148.2984815711227
987.5372910781814 866.4397655689161 1456.1890114635603
1225.7900752977635 1098.2707197282384 667.6626937668377
1138.9785667868139 989.694032457007 931.4885693124589
724.8928119157971 575.8112751052242 651.5673639766687
1404.3691864814498 961.6557751118404 695.378039688412
871.940204553817 924.2693042505563 228.48114303120903
1169.625517506749 860.7766026175821 1391.868186580928
594.1290614368236 913.3225875749764 1393.6924196804905
1191.3380571282564 595.7258620546645 1114.9549345367393
1134.9402782031063 1210.1147965750279 463.41329832803416
1049.8170195125938 1210.2737585949692 680.0395418272176
1011.5013678868605 1095.9947717179214 1272.7246283028724
994.7858629571394 1151.508891061004 678.0918075005092
1237.6636585870888 1037.8892571983567 267.7135603348007
652.9883850429527 1167.9576258074028 703.9166152686558
842.4357868497115 1009.3430175912374 1423.5601124611394
1065.0769437237634 970.9781914472619 291.5311549363886
801.9536086303301 850.3612208447539 916.2405713521969
851.568247098525 793.8662401554045 791.4855442023412
1425.7570508119672 1260.7783935564255 1175.8628165028938
412.0156366340134 1135.9298277933522 1449.0071464578582
514.9845448438235 788.3427595440464 1059.9870603471334
773.8872871033402 929.1443685169013 1274.4230651062965
1136.3055271496642 1048.9432365954667 974.7229295478854
973.6382148572509 1044.7164093266288 125.10355610722922
1052.4264527983532 1377.4062826041772 130.0571504096001
777.5009122017428 1349.034850662235 207.94396085437867
1001.7151147051527 1012.2343603793825 610.8394582230737
1562.267322963316 1021.7464656098962 351.5061007404642
1202.4388243284811 1111.049996450586 549.254133580431
550.010825502367 952.7638667575744 39.29960376021152
916.7129652490124 1140.90221041955 1052.1460611517089
730.3140515325692 894.2367109169883 1105.0558874851151
1318.4408017292544 936.9044211304567 1391.3690397866308
422.32950690015196 838.3657860168457 60.65197489295898
1124.325288526985 938.3865992493182 112.3470103783219
1268.9689646084255 945.1464430107249 1351.4064180838527
611.526180132983 1023.8375875655458 969.3185928882831
734.9118049349577 1091.1671873558146 1151.3307176691194
1233.8936763272739 1169.3175846289516 989.7187361120159
1062.5601459664356 890.4896479195048 789.8669998313464
1246.1417097041844 1144.8053116145188 124.97155244031582
797.3885418084587 1318.5729746172708 890.3186437529255
1108.1183850045904 910.0534426802822 751.0163601764899
1059.0389138202045 545.0646915438057 755.294240016526
948.0609208634921 950.0333646989596 401.06379213917637
1332.0129665015115 690.2365324983662 1390.8646583655013
1087.043496574518 1027.7033064747495 187.5784829082663
745.1616135475799 1262.1428014307119 1426.1114764892295
889.8268031820824 695.6993482549587 754.7132128968444
1009.5557002683186 1072.364768227211 230.83524039068033
1161.7209438468722 803.6842614101839 998.9194446945904
1147.692069531663 1191.3650183269685 1038.2378581528228
1290.4917438867699 626.2642289780324 997.561913746186
1130.1559528995867 1042.6743770123223 1194.4228617988463
526.4491853264153 991.8532116297612 539.5340273245815
927.3570302607045 1558.0729510303238 498.9789489375211
624.3752698335313 1068.4381180952282 432.65769210180065
990.1008499290651 845.698613732868 1133.5525751586424
826.1101788765316 1255.0891157301585 1118.7262751870837
676.9156652608749 904.3853972618251 771.4097359980153
1184.1993351388699 1319.764056235494 76.60759891398095
666.86288544235 1623.6981840443175 1173.9790878085767
1428.5595660557904 1287.4443043548492 1099.1636386195623
678.4620755771791 1209.3784345901965 571.1267197114761
1246.9699990489166 800.383504014101 385.182870948912
923.0971359847185 861.5576452228661 730.2950906706031
844.4840958837842 1064.3351495299175 306.37607829913554
1074.6181525571908 989.5953495810264 502.4634674578242
566.9096037973854 1239.8955441048165 716.1911578666777
1078.3985917091209 1121.3781847473654 1200.876902515214
1156.8847881689096 767.0225378153276 201.73237332564113
877.6423011802888 1066.7563388190606 80.26475751339396
813.6051997698844 859.5498068474178 1488.5211296159634
1101.4028787446061 595.7375359884188 476.123477338631
914.348253682139 1144.771852812925 1170.585880640014
709.8513331710117 1152.6005851519299 1132.9403662715777
1108.8698641318397 973.2131773020224 848.3504724593595
987.975584952342 522.7078005581818 78.281665468315
530.1647127810725 1102.2174752148148 1134.7400470035366
839.9453389670222 966.1747689304558 1316.2178365964082
1127.3345185563808 902.8089600373829 1192.8093876226555
1367.2506699792646 777.4395190742997 476.31886587381615
495.099566122714 947.2061384954941 1300.8430771278418
1053.0107712755878 714.0588745768339 665.190386388793
1239.2252018294685 1166.6974005158388 982.7776507432533
1306.9754209030339 1021.2748068940272 1455.777797959208
1167.8001357897078 1074.900094109977 570.0421344575847
938.039254792667 1101.2568074091375 1130.6178535874344
1038.6671268084037 1147.5474754507286 699.8579456530593
1091.2864009250395 910.3225654940499 550.1563748486418
892.0806881735693 1153.8490590850083 1095.297744614056
744.591832350067 235.8164933513724 1143.0456537734583
831.6139681519835 1044.990062065801 1156.469624890423
1028.5174084991145 1194.8040296871795 1005.9573537536645
1232.6262578236176 973.2880218021986 1135.5836763382658
916.7749708131885 621.8443913859946 1278.6502949876124
1082.4758951258495 1033.936368398283 553.4130616432983
797.9784732886333 761.9010388146312 348.6013543414318
1042.3530231429675 1013.5190565763345 385.24704090539
671.7278751317515 812.4265346220354 898.7675723611834
1229.610855762824 1077.8171232567054 928.4848413716263
1108.5985052990593 423.6408967199877 922.5123648095346
771.2611984010919 1231.8555684924997 685.1507383942554
834.1674757749395 1115.3729678816164 990.1086956658905
1609.0342390175408 642.8302792131095 8.025353770687026
1398.1440549492409 1007.2797996424862 1465.181302207908
1101.9568313855734 1285.3906327034679 909.3157267040956
1246.973117444345 1144.9038279706338 482.7296916240732
1108.2071705100639 1065.9024185709545 651.0573287292864
1119.6969833024973 600.9769896649262 1492.6339132944083
1083.7163738867953 609.6942968588661 828.8418676011452
948.3150921079387 931.3891023194842 706.5540202146046
1022.5580165334445 590.6388689850169 695.0153148118666
1223.332218022461 1309.4784403237238 606.815303126238
1042.1194769758588 872.3798338768224 1092.4340930723326
1008.2743166353602 788.3720187334409 553.4582441816707
722.8465290373733 657.380760143093 791.3590611529959
1150.2838949812806 1042.683978134779 22.39472854075375
741.9054474519513 790.5050560689891 1376.1852317498353
1256.9622002012748 858.8099170066571 247.09163910493913
594.9826901040714 1208.01897096843 783.2158814749313
1073.20073476601 959.8665695796335 1207.938262574864
998.2945850300325 1000.7877891763537 229.61047742223016
933.1576336407732 1153.735990071477 785.673379450903
1037.9501702723044 566.3685421327135 930.2400285541482
723.680834273116 906.8980038432697 562.6162253073836
980.030378005127 1056.9151079622927 1373.946818388375
1129.3262719068607 1178.0240775737857 628.7316103699407
1051.4230238999196 1050.8286938484437 316.5078542538887
508.7607249642627 1046.2707814733249 679.6919246352492
1136.3538569694554 1298.2181225358984 1147.5942806839996
863.8455694011197 451.7886370626853 206.88833581951803
1048.240019886944 1255.5720640501368 349.2971316834775
815.3710538019291 934.132626129662 1242.1975186083375
559.9942053030927 1015.8886977579562 1317.7409300695663
836.522587700115 1347.0872873964984 1209.277417980561
429.3766268911187 1248.345510966122 1188.2596120792518
917.7926582215911 1074.8985250394378 98.7333232354225
617.9936730057841 439.8609119890218 858.8843978192988
930.57838966716 1325.108780399651 112.05938839893092
1046.984447311299 979.2975940891172 167.1037022126572
786.4903283450859 1302.235024224918 296.716398781141
1028.3884586559554 1408.8691613884648 227.41786280899856
1143.4900925341906 707.5233879116856 1314.142399880301
822.17257923015 875.0251603649976 838.6787305409442
1196.1532219799478 1242.9544677453184 1064.0138508367122
1348.4835599583907 1311.9817056661093 310.7988489162822
560.466417940361 988.9229877416212 1115.8118100108554
833.7624527667348 1486.1338312943667 399.7092387399192
851.6541547553265 551.3210021312249 1004.5839820223893
889.1086025039856 679.8274031898014 1088.6516737962504
258.1741912478369 1051.3080726207154 1264.9610271413844
537.6445712836381 595.1368183604911 936.9227974637723
903.1886763099913 1108.838031208793 1096.9000882059051
1325.8921654652338 1092.902943419877 679.667610694315
1246.0577181267035 622.6667507913696 1296.4747008386464
1140.1402403049592 965.6455492397364 671.8406067568135
1124.8351729875412 757.9097947495392 807.7943008222945
1016.3231674230432 1308.089909875005 1378.5247380396447
751.2770963267038 1006.8271126217388 95.07402361710798
914.701654097599 552.0322204659699 250.2285947547333
940.5496082435543 721.9758326034207 1102.346664330044
1043.6546374370528 694.0257214902975 1373.847096810888
1181.5508888965144 1086.6346914408834 859.7584314537198
360.58841441068955 586.0120495152875 594.5747456988659
929.4149940860547 1549.056234320647 1294.0233465533752
239.52295119946234 832.4594704936964 1274.3420160700568
1326.6140138481064 1675.7963489324711 1041.3841289599259
1000.8206303578605 1043.91557678556 45.8011283109348
1089.5888111215422 1372.7003164483428 1495.881291496109
998.7141679583175 726.5261366594519 920.5241495887404
1022.3290648427969 827.2241587668374 1013.6554432639557
1089.685924029551 943.0281116203832 1053.9365902334907
1545.4042136491291 1078.3217343125211 788.910608954998
939.8558529292436 740.5682457837232 1305.806919403495
1190.9637779248155 812.5897193178962 1211.9998926679152
1035.5724203145742 871.4812804895533 658.8266124408491
1203.1980529849207 946.8470180133461 64.06208234790711
1230.7563893924425 982.9893924680914 1114.2904316642862
359.1374050133137 403.75605530232656 206.89139002360602
992.4188490032243 609.6734752918053 215.63892948532924
1603.8928969008773 876.9380613580277 1100.9470927626176
1374.9090498191126 1176.847351411624 1102.953638053117
1032.6912895258238 779.9992400662886 1320.5353545168223
1026.1565040966489 910.1379997227177 1361.1514527039055
511.4415359863631 1049.7517959911252 401.6960730148362
965.9599007444269 832.1888490956144 77.72636537679406
858.6871797826922 783.5864365556565 1477.0863358209629
1028.4260369354834 963.1496024183814 845.6769953785043
999.4821550823247 678.5193250693299 129.68391563378228
1088.2295312827812 561.422639943559 1484.4963032349588
1267.4306885872347 920.5080634946398 117.24116225711224
760.4892360951621 1239.803808294602 929.4477576397787
1112.030630313685 1293.6758380611222 249.81077467123487
1084.6113163203686 1259.9392743359297 149.31798138175512
155.57533513511464 1320.2851477736526 971.9997478017766
1266.8165373174297 633.6133076643939 1427.7946969689506
904.8994914242265 1086.939680918645 1269.0043822845025
1481.1156192502262 1112.1349174003776 1203.0065351984865
1318.446585563447 1272.6874614439885 998.6009709410534
1053.6539674280662 857.5537545426791 271.23006428456563
1292.0365448870882 1225.4660519247036 501.3063370777643
1185.0180103622183 672.6385783497617 98.94466963545118
1359.0068788037418 842.4812480028222 455.576289429433
665.9113530107165 1031.017453881715 1080.3733670451518
895.3195113626955 1588.8079755482113 1499.8236460853807
918.0063136637818 1106.368776194727 445.7025573413319
1029.3100884770042 1126.776066074585 15.365717595652306
1157.2980085101187 855.2296229099686 230.80309274330853
896.7672546268415 804.8460819011901 1198.2037865453945
938.8439295283285 1240.962315542505 1150.8186367345884
932.2480454505279 1350.1545843751678 507.6904294214902
937.4285663806503 936.5562132135445 585.5539975293012
1259.8851191139183 931.6575371165001 688.1338969539534
922.9462434254617 1120.296383729925 954.9283943463013
1011.9784197466269 1269.4594980490665 196.10980197527317
1000.2489693038997 1050.4407136327873 219.15618301012557
1140.3214935089857 1135.5478591982546 1208.9054030241025
616.8211306176336 1041.8563191878166 1175.0426659007098
1001.1047690335853 1095.7539130720754 827.0419599583576
991.7141216963795 1025.5280838127856 954.3537270977967
1215.7573463976325 978.0509191639162 839.2992652178131
1004.4807608147295 940.9948153493226 583.6044496430584
1488.1580898772631 1333.3426415109905 166.29393992476022
681.5411154348201 1175.917922287132 1079.238377915706
1226.934309249837 488.2741985097863 751.2704895572975
1087.6946911984985 1296.7608945979466 1203.8356586461346
944.9162346343393 928.620065840607 549.9318120290451
1262.582567535927 667.3109525211926 111.75432047280736
1181.9481718291308 945.6856882016477 906.989661776533
1207.1689154925307 899.9625496334012 984.5689770756734
694.9042723403045 888.9670517394158 1312.6503366028533
756.7705555715338 926.9827546844595 992.8474962714424
1431.728863076105 1395.8316560697658 356.620621211791
1614.1916707039907 583.928747686939 956.6619701662127
1297.2674073766666 746.9495478468937 1314.084228181529
1340.8768432229213 601.2806593649134 597.5671360701078
1069.982746335955 964.2769944587802 1210.8157443392843
930.8442493647755 1012.4263853129366 199.59792021316292
1065.9436320156356 981.6188994673108 919.0947102198411
472.77440148000323 1157.6613111758877 1278.9930489741512
826.3485955651316 624.0418553429461 1297.7270729008515
1086.831671519165 1095.7922171005566 827.5821288900231
1185.49256383499 1026.2350770781152 587.544681858032
1131.889414057 1251.3786244989756 1215.6370519647235
1351.6535606858881 1139.4951236606973 24.95746169271962
1142.5714893291415 1098.9848546361077 113.11475468105664
1323.932772680937 1240.3385436244166 763.7482612130449
929.3470287120198 1259.3203264080444 503.45436942426323
834.8132346122626 964.3207295532558 1069.5026061258184
870.923282639484 946.7533569899286 864.1311982741103
920.0214210162105 609.1931646311373 820.1173976471579
914.7978763798947 713.4377439700527 1316.1072339807588
1195.6676430672944 894.1733566794928 179.25023514914807
891.286343110661 870.9021048396689 970.7266982765709
1025.3765959575087 1068.4426740164365 929.9273935063314
1320.9974807077558 414.98014785556165 1028.7998456486982
820.8028097477203 1244.8357040511369 36.769688002267266
1262.9817958724911 577.9621759713514 1374.3117383949314
787.177023108904 976.7184954417193 262.06546453677527
1127.711205729795 1241.6719816035595 1243.0649449911675
1057.360773992499 1679.362250702497 519.0596536392665
826.1992566677477 943.8157609803416 62.5577332305805
1049.8266214791138 1348.7553753900806 350.1667866487471
701.2504540737955 1042.3674673297069 1389.817327726865
791.9671902161895 1374.4009860000301 1135.8786982872764
1054.4611513184545 981.2361331819117 1477.4868727322391
1060.5046231716767 795.5722824344474 1266.2132151388244
682.5171994088498 807.6092307374585 157.93968910630275
439.20987610976556 807.6258953769573 689.9099375895333
1358.3131085994337 1423.8439456760102 869.1435670264622
652.274764030474 1241.6830593497561 32.17271798593641
845.0173235385894 1377.3094793609284 112.45453265242617
1235.0124578115554 1438.3842397347303 1279.1336242477307
568.1754571527688 1040.4316444436604 473.6394559905849
1499.7615100094263 805.794726825096 503.3063836090351
983.1670603249528 1262.2441663420277 962.6335001169757
1012.3605115740563 1163.5659667776272 1135.4263567294431
1189.5804887434902 1529.3557634320382 778.4175594986539
1284.439943612384 717.7128121232048 1158.5055347410198
1118.802111335408 1366.2994923971075 961.9980027563035
1105.0034092095784 908.3051850338472 953.6660763832228
666.2211365728185 975.0737438783736 608.6717660735458
929.9487957430161 867.7721859931207 1098.3878427214447
1391.5125046422252 879.4623905464014 818.1081632028805
690.8262699753673 826.228421084021 1082.4372330549072
850.1493349086821 1181.9962913287522 1484.3905143338914
686.2506562256112 1032.183266818094 1384.9867529852434
1014.8625990748812 1324.0123513932258 749.9034888157829
1116.0652258689493 914.7997345956888 169.5748840719255
762.3532573600663 873.7260317365007 118.01283373824445
1148.9359322922642 1167.4427082143054 700.5124321356641
928.712435987707 1159.7839045616752 544.760406324643
552.2607074300752 1177.186631626104 609.1373302463041
969.5545626330259 1159.7738874543247 162.1919087467424
1000.2741980596776 959.1876793752679 362.2784979187349
860.4110093006939 1079.239174244923 804.0622243816644
1261.0564866615048 634.2110991831623 328.4155762158676
1083.3430435768144 1093.714698425327 1054.5340604622377
865.6467895396158 1282.359533778175 349.1368778648021
1104.8772087614072 707.7522698122854 766.4151471674019
584.9659930117418 804.887783389046 1123.7555019533404
854.5410777805772 1072.7012473007276 105.45864851127284
751.5579634455115 922.8789255047034 492.89353720230065
954.8523926711122 624.4560162655134 236.00294048988758
1114.40868497273 589.2460696458672 294.7784164787947
591.3078399798908 861.8187596835372 453.4359405273548
1099.406009507866 1065.8917128265798 1058.8336264287464
878.4856275948995 962.2235447146721 484.32304780098286
1165.989973552467 1406.9047660177748 299.9027638965694
822.5876826058794 1141.0025299846766 555.0190594163212
1218.467758679724 739.4541008540614 895.1114854140965
1117.745616664748 711.7926996660867 639.9069836300667
433.77458199962166 1379.0279107766885 245.85050526523872
1204.331677390711 1061.8294026925266 1314.5301980429929
722.211192958656 964.0703061138958 900.1427363994071
800.0090801134036 1042.0724925282207 455.6521632332565
537.5186453036392 1232.7617482672022 290.1620969929331
827.030743841933 1388.5694940287367 11.203481636634095
1011.863186666377 1521.6115608832517 390.65184186816924
1305.2134845128637 517.0989753966153 265.87607403090175
912.151558499819 1350.5326702202128 1179.809132693325
575.7406762218757 1007.9748350012654 961.0915860092766
697.2511414228595 1056.263013654227 826.5429241529206
868.6239021259534 1074.6205498009447 652.3775351530724
1409.5944253699124 815.5857976065822 40.42147301337279
1369.264020511276 1171.4226249627004 1128.5362365437718
992.9956260106317 624.953601223904 1128.0466265666003
1208.920632710212 1083.8027989535137 652.0167898125981
1073.4986645843335 637.4281527931915 116.40438614856686
1008.2816376661932 1214.254956122701 16.695377087415253
1215.4087924520024 770.6222723613872 444.45222956334595
968.1860593695794 657.8597135157836 248.08066136275158
882.4941454003845 1344.191746874905 234.0099576652314
936.5428263765741 873.7225161677907 381.4411385884299
1000.5605132153504 1039.4569374777998 1349.8811070073407
1226.0608914717686 1041.3842463103103 113.32573856056888
1216.51379415427 682.355003725812 229.58200274873258
751.3163302951318 972.2067933114356 867.8955817067682
767.0724007350507 749.5839591797484 368.05338060401317
406.70667798887666 1346.7134402758793 773.237510134302
616.6463689592498 1272.8092080850251 875.0094470939998
819.459306001033 1262.9549455357064 631.1323775890586
825.297331706857 1010.1368452449477 650.7217272392938
961.0971771503412 1234.9053614876661 379.2724279580804
737.2502886278414 1026.8741611397566 642.4458258297416
964.1574843835907 1323.7546426971546 9.330672301240849
1175.5980813465455 1249.8807027971638 265.51308005002784
1175.3816330262655 1313.533758864012 77.01965245719677
768.5749978867044 1139.8819125422194 1175.3099269977918
874.0586113192367 868.9895373833274 1055.3179599691643
981.5216004149522 1282.6713766279927 548.5197632811506
1027.6145766134025 1008.7538302369506 16.226742460825673
170.60481225966123 586.8303765899673 1044.0004909098072
787.5358376753474 1210.768797027853 846.4539722549052
832.8629073717793 1530.860348127516 796.1212072730631
893.0143963063479 802.9119985394454 1035.4979863862884
1126.034535602225 944.6700052168289 1131.0700957710503
1501.5355743901127 823.5734114813195 1013.4882021952334
1058.2534369136918 1023.0854400246607 1222.4451146722527
1198.712243183811 737.3834703934975 1451.3353956830576
1317.882920254724 1069.5617543563708 280.6222790224468
717.9570818471188 821.2476718915618 578.7119176006299
851.9236322710452 1467.7952642881046 564.4838790710387
1298.0582343391266 1252.9260550356505 575.1019545825384
884.3553924480099 954.870180377392 1391.0560752931067
1055.6431058632313 1462.441427377846 1441.3801378662663
1051.80054753344 1137.3408140239858 1321.0680670749746
1539.4745967488657 969.023199936314 1246.0488117097557
603.5076141308801 1139.528633955548 638.2627450083918
838.9259919304234 906.7014910280549 1232.9072412487997
1093.0894666762792 1389.579433308931 853.6556789851146
952.5849516831652 756.0351292812418 1474.9702149821155
768.2812086770286 769.4892790647395 1196.5248160511967
1247.3529692478417 972.5753381171028 1055.7840018564716
866.9947361408421 699.6122318040543 583.3196916735716
906.1110799137136 1326.5556504588756 1438.8008375672196
634.0621922800756 992.1963491746992 120.71779763954049
577.2313533269105 1039.8280580955793 1025.0491424838006
1029.8369782211614 1178.216420131907 456.6904046505069
686.2607645131095 1026.1333641033752 617.5619269768786
1243.484146107167 728.488836193613 937.3364312648296
1189.4509820330509 687.489868985574 1031.9920884094156
1240.6294761581441 938.0811655289741 1183.5477157025873
449.6646304693985 855.1889410396234 405.9154407108142
854.2222095290839 1077.36651664943 1435.986128651093
1015.2693886886814 1273.0197114375444 353.8045005597384
715.7757895448186 807.4412714624591 915.6338725891336
713.7229637866147 845.4657952785643 14.20038268149726
945.3848065733143 792.1190048901644 517.2962625666015
1032.1219598224302 699.1062887158782 417.37591330947606
555.1857485888963 777.858576173619 316.537533246174
829.3967225872816 615.6174736106119 66.38250456644046
935.5522639343171 1181.5095665402634 790.4217044393719
584.0567036262423 940.4652466581592 425.387793151677
1135.1286140356665 963.0553870688459 1369.4144955191175
1370.7778387785766 481.879565387424 922.7135516614794
933.3587160372699 1505.1339299213057 786.0961777310196
982.5916962693249 971.6000524921269 579.5265998022753
1095.7303544560143 1419.660403333051 956.6385546044845
821.508312475272 594.8371945255783 899.0460389437702
1095.7262416572698 822.0777975445267 1177.5367965583212
1138.9923742584824 1152.4206183274534 438.6845667407899
1003.3338570088206 1045.505330106225 716.9754208051569
1080.7675402856346 1115.0407305006588 182.17308286735744
312.54640477634973 702.0829165615244 319.2778759126302
745.7331861222535 911.2149436457328 164.04985036277614
862.828380838486 670.8464259921045 87.15965072865662
907.1721916121151 1316.5357669632351 5.6913226770959895
1156.5267349585072 439.95493936583046 874.1077221752479
1041.6788114608714 1103.1297380926092 12.226465039328339
847.4902793263363 585.7169649423201 473.60014462757124
797.2298925454713 752.7701679758294 254.4400830106041
1096.4934558581538 844.3339863297278 48.16534086375901
1206.9072298178448 1005.1727685726494 551.5337203467724
416.30530677087665 910.3220887375167 929.20268085136
1157.6574038591577 919.9715028751078 327.4805309016819
968.5739998724333 945.1460889990087 1076.9812088466665
678.1818406464097 477.7468550784141 1080.05467736662
1486.3473613507545 910.6175802059652 1321.4444972668475
707.7799113434314 979.2539822137038 250.85587638916928
1075.2501995758005 903.6592341804508 643.4365918071303
925.3998161288291 921.5320345366539 159.1116238561594
378.54921047042876 931.935522334267 767.1886079653199
798.8658373493881 1176.8531343875586 64.44269466555468
754.5552635742969 869.6993600377956 1286.4659567967255
984.7650599993623 446.5008458218606 250.9645402485267
760.91522129959 1005.3324586552607 153.02291135671996
1015.4609831434898 1369.4947091657323 196.09262768737167
1160.0639820584706 879.5100973272891 643.38724989247
621.1824995007661 871.4587049634295 667.5877856111954
814.286163347004 692.100827329984 997.641825230149
1088.8213192337912 1598.9155915231331 513.3359868256034
824.0742899534164 1295.5886410542869 659.2804624625225
619.1995845518284 936.3693827279031 1074.8260428280548
596.3640952419577 1564.573672595477 670.0434210640483
1112.2486953953253 998.4395649972677 1075.2725096236736
1575.5306054125099 1499.5190086003909 939.2643731094504
988.6396202464011 857.1129199070758 1178.34235505065
1060.6865216815206 1360.997312148258 392.34581698289173
1020.8912734550968 857.2909933077656 236.04192964396685
995.0387788152274 748.3824732827461 1283.1510623539223
971.434397491776 1126.3627099054484 1054.9893173635114
997.4036209378789 1103.911523306792 450.76971571793354
676.9254768325876 1221.248325015091 885.9061539427604
713.5463669212988 1662.6959199197695 1402.8048625330002
1133.1777409508327 1015.9832687896727 815.554904802424
1395.5930322408085 980.1748242607628 668.2626933115254
842.865179098582 898.3644198984598 567.1335930275187
1073.940997880878 1128.9928967021956 1095.6566099884426
1214.9074024431059 662.6481478604018 1388.2913646713807
1015.295684472418 399.9128209584592 1332.626156768347
276.59032214872946 1727.7395270761056 776.031778321731
911.5081807633301 897.5080897536944 213.7836163928082
680.611757986356 852.9449845889029 829.3293321984213
933.1909974312703 794.1095903448094 1351.685502332972
838.3194182310765 825.3400140922608 1361.4697816120567
802.6166949391073 1062.4022073555755 1448.7853105330082
711.3946114452132 1060.2937452231226 606.6032023141591
1066.343790140386 745.6242562835331 37.52989757323466
845.5690544658335 986.6913542232994 322.66657466961306
1014.96387258554 557.7633601979926 855.5947375578822
1233.6056354746138 845.193317852668 1265.9400500838487
885.2951276250385 1318.1621598250017 514.6187431011471
1156.0199051379052 1398.0912077396615 485.6010024348603
1127.6073752616621 1100.5522460370996 295.26938439612707
721.6978938576971 908.1055080610599 1067.3333287643538
1328.7745964311132 498.310248565999 132.7812448719208
666.6905943767133 1265.8777700115293 355.8873933559884
597.3461333468391 798.257148157637 1494.7537725821492
1244.6579297831388 1143.7467352348376 1244.4863448036615
906.4409648560068 1273.2015915878505 1367.299547326474
610.2784361168531 1233.3272705480272 1489.0391289718775
1211.1508856984121 822.3308405195341 1118.3586755071383
824.7755126825997 1313.301542816819 126.50936179195588
779.5075739055928 1550.512754216039 1468.3287894226671
1188.3830093256456 1061.907618637773 170.06972055849312
1183.924084720968 942.334446287692 96.04167044678991
432.02930739369424 1235.3364868259025 1373.0581023509376
944.301640098147 1052.6628299890156 575.2059690951826
1175.1537685011501 955.585211633608 754.0973264452147
472.92595010219566 1190.755004975165 602.9064703090326
1274.120599380623 1059.4356089006735 655.5438552878268
841.1882301673388 561.3423534225357 75.18912652166199
1383.3043284019177 1019.1624659425945 1250.2587674648712
1285.4642574279574 1122.2843620906715 473.8835741886765
1619.87300723378 1023.1403956386725 520.2381225630777
564.9252278797849 1147.1262641189867 339.403019206547
1068.5064206852282 835.2926294822511 1045.4278937739325
1054.9207584877045 996.545282154453 826.0347338501037
1389.0629016759704 1347.3795624097604 527.3130212843035
929.663566147054 1107.8538661138691 385.3365023511784
701.7347199545995 919.7826747226973 1231.4790334789516
1363.804737714218 774.5677630693922 568.5240214088193
881.335876061012 978.6670654769998 351.69344638379204
1261.7814974996577 868.4272550142696 1447.1761965558044
1161.3195997928242 691.6916357783512 161.68423061548165
695.6097305980136 704.9900760346134 745.7118711376402
865.9058952570892 1034.6637487470052 533.0419621948402
1083.670651028174 665.3037326567796 817.0826368963401
1141.712166399832 668.1238928504125 177.27958787574028
946.8259322084588 1057.2523492045702 1319.2424397542109
1473.9935832723193 1039.788939813482 392.50819664742403
1077.8239428973716 163.9558678111273 1176.7638153881524
817.7258670348965 1556.5165702410432 587.4032702218921
970.9793322058345 1246.8748221332555 481.9163999930361
785.947772926395 1271.3391152037839 884.4116973717794
918.6320637757607 752.000762448641 401.121520616486
1359.7827369452975 1137.830988153782 152.07496706620455
1090.0276271628009 946.3165997654729 1101.606728434778
744.6071783167288 971.7184115929791 750.0725289048
776.1147465588024 820.9629183576722 998.6235141290455
1022.8188131118803 1095.6509749893387 31.034754683862076
959.1424047511994 1121.9128002737802 383.66882553206347
849.9265421606653 789.7027846888365 1316.732332197335
1011.5853681018256 986.8807340393168 178.35865002451
883.9590011127834 888.9154864192418 605.3336329269989
435.9627528983839 738.9382379853337 1129.498600433651
591.2080972854383 1244.9275693689353 1142.8332216480821
1046.365129430755 933.3576295849307 411.8354385449086
1033.9840205586418 919.8363533700592 296.4675444005653
475.8827278536613 1311.2930853761966 1123.958042386463
1063.9455671155522 588.3902695358031 767.589510039201
1075.200969815062 878.3665058207121 266.9545015777518
1199.1300686192142 875.6276402937015 64.49326534087984
1058.3990481163637 1305.7299148499155 164.7347550367664
868.4185721685454 902.0138536322281 547.9915746353145
1011.0482626237771 1378.0581920149084 958.7150864442395
1082.3629221365516 870.5450753689947 1054.7354962988566
1505.3100593134677 1192.8463920144557 426.02626354929026
835.3176494868019 1215.4018947853435 84.83102303111167
437.1605511707669 653.016725207146 1223.9942144601753
541.2798843949107 938.573299962077 891.116106256074
415.25943641157016 1128.6525460012424 691.3624005095876
1120.4653582748833 453.91291325306213 906.3388036724157
910.7854363605699 616.6401437099591 280.57505380606904
951.3035125145108 870.8898400864636 1486.4745636780322
1023.4968771894096 662.5609397425083 601.6292448522356
1217.1704506922863 1152.3419132264244 1494.3605376836704
634.7512549597276 1268.6993192603588 651.0588308966134
1390.828576613751 1087.3660936880829 668.8465961572452
441.1033784534162 959.7785549543944 244.39621334369954
1197.7730766290565 1176.5672360950969 148.09497556954048
764.9827761103044 679.3046196196693 820.2493384553502
792.5350996955879 437.0315014897735 634.2516259667689
1050.5631139448178 842.3339088962251 718.4008426987934
738.8179673437639 901.2941710721242 753.3258066041518
1286.4025045756102 860.2054069067754 1082.328502501926
828.2372770415122 1074.5705679650623 534.8017331291594
1052.7660048870193 934.5622086335899 1082.0871114697916
1373.8233597491405 1596.7022397743851 920.3060116246613
866.9142777456585 1153.318313379649 382.2592746085104
801.7236249960599 849.5019264739198 1144.270531188495
716.0087594897699 1096.3693282793083 624.385402295805
1559.4572914149426 1131.952188596264 123.06198441707733
853.7870858257452 984.5028651130667 259.23741999329724
868.5672499523962 924.0929239755013 1175.6059522518026
1037.7587618222742 881.947690415886 1188.723818392774
863.5867703167405 828.5961762125804 338.420367148618
962.6523534788608 948.8031577283688 678.0982154139878
1208.4532964650489 1073.2717943959249 573.1549367828978
600.3927395530297 1276.9693082820922 267.91575619174114
1450.821669959252 1040.9933967505604 772.3635075660137
752.8968997952333 1280.659498978502 1206.7194640951645
839.4310560217059 1416.2174327918374 190.25314805602207
1199.7103566568915 1083.6127840760464 39.62525785646981
1354.9258776753811 1125.8577486188342 259.6819484938755
644.4466020032872 1039.1201209068001 64.12815475853468
782.6416019360792 1384.1056523818415 768.7507032223401
656.2431043116782 1143.7991484378076 100.06102076422918
1169.1700906512756 756.0616777317001 269.8482019710407
922.0259606130037 870.0832519847404 1219.250995258298
639.5229006929037 872.969835862286 1095.8295689159074
513.1793825969637 1000.6014867512868 694.7861892174765
964.6983446657497 1102.4125846930617 106.30481514358364
1319.431799180167 893.1958478091193 1407.8101374401126
769.6065872380011 954.3752300934392 533.0489447118391
1360.5685994780767 908.5840421809656 795.0394153679063
1051.484980780207 1189.619616893464 901.0399251951166
1416.9542438891283 1070.8612657552176 560.9466514678336
1337.8628504829603 812.880921684553 837.8690805764179
902.8518058757058 994.3297829481251 928.8614439060021
1150.2815996586457 781.3058924850793 1283.0902879527591
1214.386511413096 928.5601341914268 50.32315232398976
1236.1559926494654 1084.9799228649042 978.6833533669633
709.9190744241657 941.5950466659058 66.5008647122981
1508.7247564816432 886.1862997830275 832.5985462003732
858.0000100847946 976.9503286101341 454.27838097230807
885.3373612392336 1082.244081466535 159.2987764351918
1190.618794143436 931.3467046887575 1412.1348973264642
1136.2464961074124 1061.0519075451107 316.56670403905457
1399.704187262599 1259.227379913467 708.469371783385
574.8933756562001 455.49704404722775 674.9323559276008
1141.392025750994 1253.9465040692414 769.3489396813203
906.91566715128 985.3711166915065 513.5577127348354
1172.4136513581666 1110.1708563960497 942.6690287475826
999.2380743908625 1290.2547270604405 983.190159424228
923.0752785439299 507.7073560266645 496.11295831459387
965.8007161860099 739.9205920316172 1260.5882372749397
1095.9179863854265 1108.3107362709823 323.89832862339836
1022.6030491098129 1099.2141909712896 1190.6214689000367
825.1693930486563 1287.8162518016784 32.124399036488505
532.1418028475848 558.3712368833303 1255.9438131138666
1191.4516475006278 966.7964218559546 1124.3923259855167
626.8956194254604 686.9660705146632 660.4191829598299
1040.9898294642362 1178.414961367821 895.7333239724684
1277.9823739689775 1271.0120146827428 204.16911787608538
579.5047473387957 1025.9034862846092 1014.2077326948917
958.3087603926899 977.949519913708 1252.7055990356391
1127.3850652151557 754.4580312280473 203.43797158022852
1112.6261333920936 1429.2893767460378 1319.4442308171713
987.8288859623432 1192.4895153591701 1018.2440648416676
1273.9859945940384 1179.0175896189116 1129.3565736604548
972.7208924359539 303.92219646401713 888.2676630142879
837.3898238225632 818.5828190832613 579.2166687992571
826.2178297271139 764.6503403367444 247.87124493891295
1397.0722698524587 780.0607641664129 382.05961503847846
781.4959411753365 824.1474924011261 1376.0787607681173
639.953897592381 1053.2395458140636 218.27282319314816
1268.9563513873254 699.7093668470081 1215.7293784413655
961.3706003745365 1354.5900309684473 79.39846329506578
1260.7480397772551 897.0397877606649 293.3362196215825
656.2179860049023 800.6715536183682 559.5174838423909
1020.699580358078 1045.94527655609 1324.6574060734313
1318.5144593499238 849.9342216785092 62.27005000405234
969.143398892683 899.7247606752835 529.5292739300648
778.27729438239 976.8145805855019 1148.1079438703348
672.8964758442896 470.2602996667048 606.4950513023509
889.9703340102506 937.004552297224 1495.8130546088169
763.9250154885493 652.1770644008648 895.836751622365
1040.1904905221236 653.2557998063185 559.791034226052
822.42468631359 932.6084926530094 751.3563588738283
735.6852659569029 1043.737107638562 389.12594598555467
678.1350258511131 993.4936884012956 1011.5564844278872
1310.8150514075014 1293.534286721063 275.79040317618467
916.0924998042123 1025.1611327073856 856.1827831063958
752.935135893718 1193.8276457164561 509.05014140442404
1153.2216283965013 1034.3932960353077 1305.4466011624136
1334.7300955482697 597.2356980094647 500.9705236049908
974.3316961787168 906.616928995946 1471.1490339656807
916.8345784354962 1237.3323007108042 191.90775431303604
841.2171760780961 1176.9748589623716 205.33850738260395
845.3920291927386 913.9852807091149 352.9848398049806
1056.2067528061139 455.9114940652747 77.09907033990027
877.2535694737977 932.3449412383167 365.65922552448853
821.9636259645652 1451.6231942728953 48.025668734689
1076.9945880433668 1126.94241389449 660.6585379389617
469.3986103699473 1134.4031540398112 839.6673666625998
458.91226867815794 706.9660170557888 76.68229187969527
1117.739190043198 1173.1899113907461 196.61936590173107
805.5949987764111 1323.639407224171 974.2305145210983
897.8797840747202 847.19471612913 368.88739184196425
1205.1493484120892 1219.271877288047 144.02144174064213
649.5793801248383 1345.1629461041473 1376.6644801851041
875.9229758984534 798.5517235715545 559.3111474348417
946.2411561173712 1284.2010540661743 998.3977936202173
1166.4920125124315 868.7790391909409 639.2812953144456
1408.605673444662 960.3390920112405 261.8576238857154
1113.4537304950798 1250.7609659524228 324.5829756183693
793.7743476961488 1028.928351666231 856.3699137194114
873.8071424848202 929.5557547985445 1088.4106941160808
1108.9400947200086 966.1884890696125 1386.420668027394
753.4676261659392 1103.2315896294942 1292.9346359311166
1137.7981877433062 1159.4928342320106 440.8778558266219
1050.7888941891624 1045.7112762456695 199.84233827054592
880.1274377833552 954.5570452808694 9.265035234577168
1049.5332177208484 1148.5325701347174 1134.4204781903966
386.75121056292824 1387.164105432261 484.675821160494
859.748258990973 855.9550268590513 198.09133187428714
1054.7943306858135 893.7710157778477 1309.7925545380795
1387.012135041443 1037.6294239773113 1314.6542217808633
1237.9230783356381 1116.984141680448 682.0941708901236
1383.346557187507 855.2371804166353 1048.3069280447608
704.6745517784098 947.6055977999307 378.36674721975095
1238.82161739099 714.210012315003 815.0864800819522
1079.828877901271 860.6839642013905 1339.605182312919
1252.458068737605 1163.71385426587 594.7133610633958
1071.576535205563 1050.0042753751563 1202.2538945157296
1078.0044239427425 347.0132045129501 179.70259942653738
979.1491172486761 1028.6785593455556 193.60529392596575
975.1900778317203 1162.4594614946282 783.8196879119556
933.3098694295068 1350.4972210983099 1230.143850150479
940.2601478512904 1410.0679621143922 821.2371361098109
1432.7776598177154 951.1965960284997 96.35973731213198
1033.7654267479315 1371.6948462966684 1309.8126828436093
1010.770034950344 1123.967537582089 124.29559568958226
833.0537501494117 790.8762903841895 253.03404865299984
1115.5255811406803 719.2214460715134 1136.7177114655294
1127.5868750350476 1063.1633393873387 337.64229812922997
758.7957311391128 827.5296442572148 899.8945641562794
523.658331606774 1371.2595004510051 361.5775853019725
851.5589164575911 1170.1773971374682 1340.1793839938518
1106.9256578066677 1240.531814899214 189.18920807709867
1155.201821740271 983.634138395323 235.0198548982899
1136.2476869351851 1277.2086367799145 411.282382062442
1057.51941737543 1048.9370226510935 1216.0774427344616
1048.5579501624075 1129.277293151858 777.0837439504558
967.9418895827191 940.0965176062006 722.567802020428
1208.3987832347402 880.1909477435627 1102.9075498064701
1226.5335691191758 991.7938754514643 194.52206100572377
858.6611131278692 1108.5624412077507 499.07232402311126
1157.2629993242185 578.3248318628558 1228.2898965430327
616.654927529119 968.8282223500821 1111.6874002540906
561.1048490527057 567.6029622875358 610.9778655783792
738.1981859482269 1102.4805749614113 1068.737574606317
1293.2236280190202 803.5910228505476 696.3851026891855
887.9680098105518 951.3344352579845 51.942503763951876
1265.005524671222 862.6446532221228 1362.6987519808185
1016.1221591546758 1249.6108881821942 1308.8955213198226
1154.6033712981368 1127.7575891167155 980.5432057729741
952.5142329714989 1009.7970443909123 1160.1423925436836
1294.3263506233138 699.29902860454 897.6158121085571
1041.5415846056221 928.3405420481085 922.1568491324037
1179.542104371351 1502.6888232235326 1330.1621334384276
478.054996213212 1401.8092902344529 611.378991599761
1396.791308015418 972.1271467509026 1005.775357873807
722.3469922281304 606.7917097945522 1018.2760475856636
775.0009423067656 1226.7987206799403 1216.0087129611318
1365.796858665502 1594.2786428651889 1306.7181603840163
1362.7672439490657 868.2824286391831 1057.195994092856
743.4149294350968 266.0272121410802 603.573599818964
1408.2606060109122 970.8579219823337 1367.5395212244778
1122.5767178639621 937.4337555186383 1031.135729150503
1236.5510246481956 598.6974043563723 131.81189420276286
1156.450793830124 1117.2834742933885 742.0988323601657
867.7123581817191 869.7359701870621 767.9679774450659
718.0636468083625 1243.7416968008654 408.88480701469507
740.9629528412238 746.592461035929 1420.9709430294606
986.6268444171269 1055.7475950199794 434.0914157190977
723.8696334537813 622.5041850139088 528.5121704869927
712.833781560508 957.7415838672134 1397.5094687714743
894.3158817981479 618.0253151112609 604.0705520213513
1040.5555043508375 744.9498671422905 1362.4930109403597
1068.7152737552449 627.0854088413456 759.5695128263549
922.3778228411611 1227.5612549319371 512.2694111438044
1525.7963406808926 1521.554636654033 84.4694493571928
501.0163470901911 753.6020165271225 990.6030685924483
1224.8820963516027 894.775068326709 1377.3229710899157
1318.9586359603513 748.5756644942223 1153.053486688322
1179.8564135778345 1138.5959409997627 331.2580693588961
1019.1219628010558 1379.9619977284926 367.93529994833784
968.2580120087465 1215.4796480960435 1198.685103779258
1200.525961370673 1647.2992217776473 870.2826646762056
856.0406504736434 589.2806630170458 125.26542526915402
1069.3177648903059 510.3077968160407 71.86552927722306
1677.1859181689183 707.6857612652725 38.262946546533946
1163.269543188419 1177.0964425536836 1320.9079336076413
768.3874075384284 1053.7816495591483 1444.274945568701
1241.079805908572 931.5876885836968 658.2560393717476
741.4050754524042 793.9220920635063 831.2498796606676
819.9637644152763 877.5547501878906 756.2792866322725
964.2714368409659 1411.573902539345 490.1722128401957
1345.0453011822424 1253.1311769732902 969.7273072707712
421.50447676567273 598.8987276466041 69.52372253341765
1215.4630496989503 1177.9483509254742 189.36203082749154
596.6377019311652 892.3893486668358 738.3304780098174
1337.114075492063 1047.8364451849784 1056.3273555689652
729.8706472506904 716.7501201192806 64.67302009400522
867.263678555635 1155.0901588160566 577.6344489927218
1350.5237863683979 705.6226159229399 676.4294376226356
807.4499738713967 1249.0316942678487 1261.492260337363
856.9237932264053 1504.468196464598 401.22553215247353
1284.2298447928702 724.3630942071497 446.5521804659231
796.5047412562844 856.1959304674003 831.8567303832087
858.4667854101687 1237.5674439309894 320.99483980184885
967.1528333490296 1076.323083587627 1376.400371634327
931.0680710054121 963.6407195570232 1023.593198558849
1196.0845569377598 810.5374735554287 1407.6832266105205
1090.0926343609071 1014.3504758908924 1080.6501369162386
1505.950041537709 1040.4541957936792 1311.1903797146629
472.861841587409 1093.001674001527 226.8156196495771
1260.8605225134208 993.1033120473423 223.61039632081858
585.7709957888662 663.9348878999824 587.559193361439
1027.2878766601493 804.6974877241371 671.1815340645651
1213.7487329245 648.03468448045 945.8056034372772
1225.5031948835947 1110.7503220540077 1094.269147209054
786.0029297954661 1162.2243056113423 1102.7749415932212
788.3691400842011 668.2003743679229 1317.4044078801314
907.7290532872258 693.1905047661583 1483.0379845723635
775.34684269932 698.6199447086957 856.1324249621609
1218.1272276180243 1203.6662787314 546.8494927910239
1155.2034116574491 1192.4060469781773 298.83344701976074
937.6207376159482 676.9956010987144 784.1988677673304
913.8982882753347 1296.8736277038072 492.8789110905313
1307.1305633319585 1025.8671897794538 728.450412997874
1474.9159478314568 715.1724324026895 76.41708055395196
986.1433534236672 1265.5440339678146 876.6042346664195
688.4913225842101 976.7302066402642 606.5966245777782
1581.3843702997463 736.6630774601423 76.03249741347918
194.54027653950334 999.6292970781872 676.4755926395422
777.753726336529 1304.4615264272975 43.769987721385014
998.3666457667005 715.6632786567341 427.640510607794
912.7076438611116 915.1350982361975 1361.145340853757
1259.937706302304 1129.2765839683916 949.7464145723588
806.8577747837375 1312.8090028867184 886.7915576587263
854.2287462944912 1154.9056243131174 656.6098623521327
823.7757643065404 671.3310484170777 53.294808730641904
381.59716303727294 789.6938407931891 1215.7418745284351
1066.0552685375276 971.5552941680395 1451.6356947218546
1252.537500937323 1152.0555070933522 500.98296702300973
1038.6058935892634 1079.5368731707158 1078.8836707061498
1508.7109484861328 858.7090424939427 388.5734952448902
1197.2468150966604 1147.0386893368523 896.1154517400219
812.7927952904902 880.203262593327 1154.0586790730647
875.0751198273709 962.4065964418655 166.4767883148895
990.8133638079867 1086.029651144693 955.7337880822055
1375.7911494019618 1279.8245999605888 1020.6703433915213
781.3757701749953 1033.4143410669783 356.4869116704119
1396.7038586153374 1191.4811019511612 530.8696069477647
473.51644988749297 1229.0511716509934 435.20063966590345
1020.2905290968727 1150.4286637537575 1173.7603238276236
768.703038187729 997.007614413272 1391.863394483143
1078.628037062209 1255.9821046408085 827.979142136651
602.5884595795412 866.4854715888349 54.22825360849048
1347.3294725911492 978.6737521899438 825.9816942011985
1152.150449547283 670.0444530871657 996.2756412711387
1382.4694802866775 1325.0156884459052 964.2543789715328
663.8043139797369 994.1988752144628 1206.8920461512746
1174.100494884619 1055.479748236779 1262.1674672298313
1032.3999986892297 917.6442000591759 1321.5016469316001
807.4947847052179 751.9091326640662 87.94418243826013
1424.8779863561622 1011.1360820528726 969.3324898445545
1232.3895065573145 1095.6291187712172 698.2234890486683
1217.8622413098744 503.93494746929974 1154.7973957193092
912.128513823385 862.4465958561977 91.52640276734736
1323.9789041674026 1289.166381133092 513.6849194752886
981.8430912329094 925.9308947936086 1416.8015427069904
1110.3001143619347 1209.5978526691333 769.8993700095264
1005.178192949037 855.2350107288696 166.0898490523569
957.9612709582821 1101.789262378656 264.78438534612775
881.0469654967961 904.5179113078129 983.7872228715403
644.8407529467598 758.4827334843217 1038.0966687516843
1219.6276042637794 1174.0537942532087 344.22425405252744
589.2116441303051 1001.6353669359999 1404.0210991154468
840.9982231560547 1475.6249626520923 656.0979661397004
1394.9616405986862 859.6456203011857 1303.188736126334
1201.535448123746 601.063120057943 538.0127082040165
765.3306578784291 643.9572725528212 145.54877480377982
1266.223781442472 963.4800912366321 370.30027348877616
817.9077591033079 784.1006175303135 441.2316166925156
973.3797777712397 600.4224895849909 519.5037669746868
961.7477955420653 1154.352036074338 160.85297851600612
1422.1899471501179 833.1132068002075 158.76198619974176
1391.9231204204784 1203.412892934333 227.32157763494976
529.0159645835922 579.075864043634 210.8208932235337
1152.2506636387025 1271.0209966536474 1380.0948950424454
838.3717242358331 907.4142142210771 732.3616821367018
1016.1313322766769 1448.9621107640585 1393.420467999813
763.4736608962569 613.8298142119847 416.3293398335438
869.3366105692198 878.3986597434073 1055.0955582583647
598.3812177974469 529.3793930405743 1010.2285846473779
845.5016035139755 928.7613299572372 650.1734052897426
1177.9197687392073 1044.1015747142062 1303.1021115077774
698.5580006153818 1159.1741383570863 819.3954896440617
899.0111064202566 925.927161440859 1060.4043829167313
681.2836264310548 1218.4769302010814 612.0154291984973
1200.8356902924986 1166.0958598540205 1121.2406171352511
1108.4299672492807 858.0993406663804 942.7250772922275
901.099264550739 1138.2917494739 1245.8778666980963
606.3445091281149 938.9979832416441 69.75017823837537
664.5074750078463 1044.805719051637 551.2304150446153
908.0899193279635 707.4452329831272 445.55813052633044
789.6649911250639 727.3742607304893 814.347905854219
1263.0211341677227 1230.696370053085 272.97677776097936
880.8864095468863 1105.8899492579792 1347.8716566798882
1026.4735154630885 809.8391280554702 1093.086800997727
970.6290256522715 1379.5363101453129 363.75151233291746
1183.1199223371664 1067.134414608367 1311.7788512514755
693.5581261154389 736.798763018503 13.416621336404255
1056.133076918955 1413.635749333449 1284.1582995437343
407.59417786891584 1312.184143298747 1259.3566649254105
947.6791815387 777.1740939971872 1359.6367172854666
752.6472388651358 942.6879054156846 1073.760011620625
241.37264301627965 731.8506959540744 660.124634397023
842.9343079223397 1295.2888843325911 1435.7705433996407
1401.9048381992257 1340.6838787914353 527.585041921285
927.4169180468308 339.5489823220554 772.0396546213134
1057.794183486068 1293.066279730383 858.676008413964
643.8894023667499 1070.561109588643 337.8489794358707
1685.7866016874273 1148.0124459456435 945.925601677634
572.685330017353 939.7840652526048 282.0513687637824
899.5557657517052 1106.4262744122723 1097.7599979175209
1001.3395910282798 1167.6365479034675 1379.9642954830838
1003.8404559490477 1158.7294411592889 721.4053779803914
976.3868950992868 962.0533700333434 334.9254533732067
1121.784176898226 1219.232640430574 1134.4049745319799
1001.8729375608316 1266.8148535806536 404.2293577613965
909.9886368276866 855.3973629027764 218.3535747249062
1402.5584235088502 677.599451888057 1066.1453666086013
1159.7639778680716 1310.4428500333556 774.6825188280177
855.3592049457477 1259.5241105541943 1063.3280013880246
969.6230402045956 980.7203469363119 1171.2825499518271
790.0620032504485 1042.7315880304923 1433.733318104151
1328.3815560849166 1051.2860988193174 702.2317983109555
917.5731047731772 1233.083483816205 159.58730642774975
843.4243054633564 984.6789169509519 1278.3675022414104
924.8563184230661 725.1768160313927 610.1383491938094
1138.4690997238738 990.125527332174 345.0591562975533
746.0136872215542 795.9159710749753 867.5902351638524
1138.2428611540404 553.1767666684768 898.635400890936
997.2683026689508 1018.1388720656123 213.7361702018291
603.7276421450723 724.5796583202434 1472.0491461745144
734.4402592481478 749.8784748411301 342.3944574448702
792.7333223308984 1180.8431947196548 993.0662838441525
1247.508367818683 1306.1710324262642 9.898703192661563
955.2555303757531 1062.870220615993 303.02446878692075
1227.4994539812278 970.4386133493306 1002.9383256662759
1075.298008500462 1075.351866977959 1113.5622611193492
1258.0068526183663 691.1760102416587 454.1682712223898
1409.2589918378562 811.6553496463154 901.9479101485044
1009.2391247723544 900.7750829711218 742.0235925654791
1603.3085466347975 1308.5096392294888 553.9628335022405
1266.744153601927 1169.1931975925447 1248.8054372405982
758.7050166113862 839.2388201641609 1169.95178328444
643.2339290563464 840.1825257936905 568.3237139302928
773.8048763547835 1343.7208045246798 129.48848318581142
1056.562049985763 1136.5190303059494 934.0796508406878
1534.2362852028973 1099.376767293182 31.288721289292496
852.4290621603609 922.4929254844183 62.37850380506854
1264.354906239666 1018.7534615740705 1293.539441188453
1037.2574525587486 1462.213028067233 185.98285573318697
1217.6431947532992 1524.098089668084 689.5607226368454
1046.7514796446649 1414.7995057664828 374.5608415422027
1571.807743416426 755.3282797243712 684.7646775648777
964.7058068071241 1153.729231206931 482.35379531891647
1246.4642469326702 686.1285199662157 342.01639514029404
633.8536555840715 976.0056636693236 1411.8211453588099
1004.7987688305183 835.1321451424719 1244.0680921704334
1197.1779134207482 920.1615653277602 735.4541924371517
1118.4243506819455 1382.2616904258425 206.6668480858267
1112.429453850862 1062.3009208050894 773.9244299075601
848.2786800535035 1119.015440621271 665.8958348674354
801.4990020459582 1053.2773335770903 390.02612395790794
779.2120704929683 1197.8253057322775 1074.5404947769166
1296.1083841492027 1168.434698322379 1157.966646776645
1171.052850855834 1235.2814313663248 1445.2537639076254
1040.956203076032 845.9826699111741 967.123130078809
720.8974065903658 919.3405904540782 1273.3828727807663
997.6201901681505 1076.8235958609816 1160.6543980623235
988.0755362990551 1186.4974874217435 829.8037027949542
1625.7410979913884 839.879203919992 1096.652961911411
866.9683004502562 1043.5695592230177 259.1839174941998
828.9085704332471 631.4089673507187 359.18754056653745
737.5143880557437 1048.3144149016186 902.433526040799
891.9825846527298 1264.9819752910962 1397.0710710502763
1015.8047128598301 877.7898820187847 1474.1200689777133
826.1782084219766 941.4520665887844 634.1835560322452
855.5307436031552 1354.9051017670088 294.32629723782037
704.2206402287561 636.8715734383036 13.33151808498112
826.6066929807016 1193.0795886881783 541.6291751963346
769.8074391565792 961.1355392036621 1236.7793862307544
1271.272619106178 969.6565765916429 796.277370832183
1177.0237009706084 1263.6058186085443 860.9767225440412
1222.6109673467654 892.6898199408251 549.3326081372303
1042.6407224615537 1233.9670954689104 946.6265682661555
1012.5130737148652 893.1142813405697 1270.385867485217
1377.7903751792653 1522.9670982817117 899.9700885679514
573.2055199857955 939.6396839761526 12.424800194429707
1040.922760425827 1119.7429557540884 650.1148781752673
885.6217063143007 945.761343347463 63.78266580065289
950.7873927412378 1114.5309905688996 908.4610252142037
1027.052179658421 884.6144322561536 84.70311988726986
874.4896437569397 941.4343052598634 48.85553413795052
1665.306298449603 927.2807841032032 988.4305711915531
1121.6693695325623 804.7049949277173 356.77735838977645
643.1304182049391 910.9430630547275 166.0958784392062
1330.2126159135119 924.6466808711341 1166.2707614887536
990.6088791635121 578.1752966045265 922.0893569858497
822.9989025715956 1157.7580488897427 688.2901709363881
694.3987392504159 717.3463131182792 642.93209667333
1305.1376552653091 959.1938653177001 1300.1642332991905
555.6256576174983 1131.5295347500605 971.7719007161946
1285.6064872931552 949.6398925910834 517.2469597277582
738.1171028988774 1507.29189681424 1119.1690524345772
1034.2788913158645 1264.4330031963173 295.2517966196708
1230.751235298562 1138.6957087587323 295.75260057440875
531.7855039472711 816.2621944913967 529.5622641111003
667.2635983186184 933.3222851597374 760.482087037193
872.1964685635385 1367.57511842277 425.03598999511377
848.8609300665987 1124.7641130440354 1438.6802424516193
773.2501613546506 1138.3345718443281 1413.7241308412401
920.5815910050292 1271.159152939382 1262.4090650500193
1067.0408432890313 1193.0996895338324 1418.5368487897413
914.8307668643727 1101.1571289115202 320.4915642187275
1075.252929536888 1011.3352358839427 1373.9006191016592
1108.1402663689264 1075.4936428103506 533.3589570291141
1183.5229114387625 1042.7876697822787 926.1379705344034
791.5175046565649 590.2263756242822 204.57830627186007
523.8104225821977 1432.1711632790168 10.587840277497262
637.5512323779927 853.0630972632881 1131.7612929282084
1148.4920864609855 1273.8421881553525 729.4190451148635
777.5025645233709 880.1738603638381 679.1203429144828
1029.5493157046471 1189.8426338533732 1378.8111948589876
1265.6629791731636 1204.1521059605661 691.2644454737964
