2000
1094.5671882311442 1010.5303762006541 138.1549892190938
518.505859139786 918.79482628769 990.5476611532572
1469.4827100128189 878.9499219965568 1377.3611172551377
943.4561272919686 1308.2090031172486 1392.6046938747993
232.45003260288763 1317.918511529579 99.14364816987653
980.0271257179302 1178.5038247101604 300.9234293096179
911.3890302409034 804.8174831695712 1103.8204079558654
1139.6840999071026 750.1724623219758 80.53139891429106
748.7973063138616 632.9829153395121 602.836026473391
809.516107904733 673.4748051756781 220.42367254457363
1003.6367817817495 982.3970924620313 466.54391855920164
982.7675124857424 1357.2968797898388 837.1008266995254
1233.3963543814161 688.8432797706193 285.9179665674599
722.6075221511558 1331.2407109379465 717.9058095147923
813.3701114599127 1295.3075337275018 954.468346869953
1348.9325576838883 742.9966727583301 1225.4812373919967
806.6350474671652 849.3865907230767 101.83202493105698
1028.383280270966 1160.9705634424677 1209.1207661088165
1086.6268725970508 571.8357857432807 1077.3665775384336
841.4044253639187 858.0163112336849 144.97841660308347
1128.895609708025 854.5118209741438 452.7356809611235
1007.2984655025825 1097.8535521502265 1495.7212956534804
971.3071039397051 932.7778708959277 581.3725875451161
1004.4277940830174 1110.0095912044185 1032.3214236466363
313.53263522387795 1442.119647440502 744.3674332937018
1091.038922157072 825.5492986786538 1356.1431499118978
809.5001332245115 1084.9944655733198 1418.5355579675593
696.7436693845682 1645.7809373589216 984.2406560749766
1264.4356166980635 760.9321191281879 1135.9477605515963
762.5460048232203 1223.238296952171 845.0514633708998
418.12803638400953 655.4568381072544 344.86422051165357
879.2309687418506 866.0532245202902 442.30266929576965
1134.9046597487884 860.9123176267763 396.5444994557612
1143.136527219953 696.0154829685083 66.88973011705757
1113.2795864318798 1178.9033409054543 713.3868438596286
1728.898342783542 895.3132299022382 355.99097460919654
1089.991758134088 1174.2675142660594 648.1982682727778
985.0514324865285 947.1516093563085 1267.792402975371
850.1271510280035 1067.3401892115517 352.41516923038563
957.125113270579 1259.267151581325 635.8653219140929
1292.7212259104049 1151.7231272697363 677.8302384425733
673.0875188123298 829.3431073820759 920.6995905914362
1070.6849377444212 1047.48425271078 1222.589260496556
1212.9740964989787 788.3715931412103 453.08519917760884
1158.0501742565934 439.61414928328463 287.7397553470057
1502.6629895432409 864.0035904632339 1200.0784433611745
617.4652487283204 993.3773040124123 1024.880005871727
1726.7459619677852 988.5962792023664 1160.08433602918
1045.3779116048643 1184.0223911172482 891.1182133303645
956.8849697922119 729.3987136089213 1389.8556538063253
1118.2813257544876 1341.830441969942 669.3369892170052
937.5865443952184 984.5373647191457 16.482326703853634
952.5131952788895 781.75150999521 217.82350057217042
1256.3794710823256 1032.8267361268051 1070.5695019934617
1031.7539035459665 1197.489329808687 1125.6724758146283
863.1114507091416 1083.3720546867598 16.467748600352106
942.8590745718469 808.1203277553541 11.796867903419772
1239.6547124016092 1006.0090121128104 313.1420055873543
526.6959864315245 1147.268619641545 96.48802613384943
938.2295083528961 1403.5611547816327 1024.0985236630406
878.1563330554482 1128.533533780748 101.36134438816453
1544.1027067637187 1027.0316199959966 1433.8845063119013
578.3799034355743 1030.7848095489592 206.4813701857468
1105.9627025958366 899.8857544304982 622.3182586998175
1153.5902285989882 606.8984545874883 788.1136849188704
958.7836654007439 867.2744695046247 1497.7319886279008
1410.2431838600119 923.9978400137372 1089.4251417266357
869.3651778200968 879.8537887033422 1493.5338915915986
1348.0509797551435 1348.6757319692865 771.1250455179364
1017.6443422331077 495.8143610812624 554.8125208286727
1166.0727058786647 1078.2589845512773 117.31510905960651
1010.4059905557051 1407.5991426517212 1209.9152392604497
836.3828926570931 854.5924840094776 762.5310075097548
639.1825207927749 1061.3816201529296 661.7793138757347
877.8780811668604 814.2384873922397 489.96893571640106
905.4560355228905 1266.323529034261 1381.9881169595576
884.2627932319112 909.9186095834588 486.20374936185556
946.9486061465095 993.8124302511278 359.4977193793975
871.8503321929487 605.6006047095794 432.0136946540215
1218.9502615907043 983.7969078066253 523.4058582952198
1115.2462516883922 1366.1997629010532 566.3687564360679
1032.4010370838669 1126.2907120520772 980.6668981037194
1140.873800438094 1439.4335650122682 282.15501426277075
455.4180451953806 961.7470196486281 1349.112875067698
1198.6497699150332 944.9143403719728 1431.614109453088
1355.619194169373 1304.6319896589412 1382.979437369615
477.0676048636798 989.291439189639 604.038011624446
696.7699282850634 1357.1472719455967 213.62573870427886
868.4765898276444 845.0821855312686 473.25892288381914
958.7731196545035 1010.3649050870375 686.3944206943585
1183.481542094204 1077.8759092200173 215.99320072018935
1225.9256713153452 590.0033503812735 832.4538072622614
399.92530792406865 1162.331648138652 1419.308416597089
1029.436007324356 957.9208691570138 354.35200177423616
1315.4798563788445 1308.3705980979475 864.882852518356
1219.5116445096498 791.0818190016143 71.0777356192931
853.1994815169635 1027.7621386524495 720.4416948286471
1232.0036029613284 1002.7341892779668 1416.5465437733917
899.0674667415158 1240.4607314937498 362.03775261196716
466.8341787430727 1128.9864079689723 1445.7904975883007
1058.4142419714317 1016.5112594726568 885.4904142473596
892.7340689676167 549.964665045856 456.32778791330225
732.8727815937167 1008.1111707705736 1116.5497621380132
994.9040185791968 1248.0133809756726 250.67614952048868
588.8396272939357 1303.8872661048383 1227.5584596491344
986.5323075737749 816.9607030841207 827.2876657636805
893.9925273189526 775.1832705986242 704.043852413378
1022.9958322492135 1615.1927130925928 486.482610401293
773.6790235214617 1420.547197587667 1185.9560530571027
1311.7271954771682 1221.3789722388528 1252.1687851528793
1256.758992430808 1200.902268351487 333.1773817432461
1047.7265775107644 1169.912168247071 1356.470268649672
1268.107843142308 1207.6152617482232 1328.7316115266103
395.79267791322866 1330.6188316498615 460.51470424672
799.3905640593799 1306.154603583751 314.12485270047915
838.5114375147565 1267.7525130452238 561.1830263368505
1010.6018131502917 845.4120740240343 1458.9152150810814
831.2646490174633 1569.0776572184955 588.5105488032755
959.6816797801807 1031.2853178812434 106.81105690406106
1106.711637874717 1124.7782538387107 649.3549788936502
955.8991062681702 651.4301509780851 1497.9555680483468
1124.1383153623128 929.1454043893079 710.1036292929389
1213.8518152658553 1140.9238401218743 1447.244642956696
1065.1500097157223 1167.957733326191 937.1839283072201
599.8837426805621 1124.3831964170272 1396.3841370161545
1021.6236229125352 744.5942728740604 607.9841021682979
673.4140399334422 912.6995964562313 96.76102716298557
986.7878442380826 1257.3581141892053 821.4567862073802
1040.1732441684264 1110.9388782972346 1244.5894175807707
1042.791146505923 1465.7928899082676 281.5793431655182
1238.62897497888 839.801446258165 319.75209857186354
861.4244853418174 1467.178098607672 115.358728733849
668.1067837833766 795.2117930617671 209.67858429972807
861.3184354228802 1193.18132424548 530.0929302893223
847.9239304933889 793.5630840123455 1280.6030080792334
1344.833213457948 1088.379539532311 1366.2262150615554
978.4183892483723 937.6561784670733 740.4446095676308
600.4884697257471 528.0990963555705 482.95585607993274
960.2333970345891 626.7462900342778 1131.3147093287287
996.0387175114768 759.6209137988164 507.41714132521946
1298.715440869567 1403.5586930083412 1008.2507008179174
1200.8604736612256 1102.446737386233 783.3885948435051
1039.6316518259703 1060.228090151275 283.57605438935656
1124.966895240482 1021.4725462576791 453.3952731973191
877.524694688294 1397.9728918542564 1032.3458009414776
964.5922360474262 1046.6342877530697 659.5396325108067
414.7707557895992 1064.2701198681448 755.4305314206696
897.846559723377 493.57824448609244 958.3001717422891
607.1225248154028 1285.6151666695405 1293.8703168931747
759.2382889946725 709.0233487023518 1387.8197297227514
1312.1510855164163 1008.1806289902381 647.4012054029982
1025.942443168757 769.363179790178 1015.5006664808416
780.7434514390411 1316.4641694915704 1050.6618694171539
459.63519060296017 557.3193932309132 1176.1841076144676
1391.1145662254112 822.4771672012748 323.976276309339
1023.2372599743567 1092.253938816125 1152.1364272086212
770.2755361170763 1366.4565602580888 610.1200168475427
683.370707462027 837.2598739142871 77.83326672872032
666.200492992431 1005.2763829285739 789.8435236562443
520.3053017526435 1143.3302333109127 1268.3425276664098
692.8083076155657 775.5833387308874 533.9160125230101
983.0718205847759 919.8867029776419 1430.0281824649212
924.4045791497508 926.3511097839765 1261.0421970461286
913.8420998266541 868.2944142904362 92.69552580964758
1069.8369763714072 1154.5763108020387 1455.7399914095192
1123.4264314105023 972.0070263321206 759.683448776622
959.6322874284947 1009.4520948588671 651.2076515326853
953.3935725881989 549.8302304683438 1043.9966690769245
1019.840641843928 1434.8083457519106 442.41451411501043
914.635306205307 1178.9519072556545 296.86779427389746
1136.5798895721425 1234.8261299858486 1406.6667954574702
1338.6011552919772 581.7327834464237 833.7053218914856
708.3243569230201 1403.3286658991487 801.7607531763448
1205.0066632322882 599.8276428792142 176.63985124873415
1092.5094769348357 1019.2634503633633 1194.1731283311356
1051.2544969741268 687.18887132768 829.4065637677312
825.1334674066167 943.2616626025131 893.5326619680294
849.7375463144309 725.3188250425587 996.6615849790136
814.8573335716825 1116.7965409637557 792.3124807343357
1356.8827982047999 866.9931977530297 296.3931444757244
863.0273001531099 948.3503759803098 1014.7428583166018
1006.5895796752466 1243.9864485823007 809.7480320443372
773.0701896829509 1153.6170611961527 169.1570231726355
1089.9242183706215 1084.2498249135544 75.40051547661642
1188.0392529117325 575.501229335744 194.73469729241077
1220.5108449714178 1089.4448062731426 815.6942043324403
1181.352162317343 758.5577421637911 865.5283656925185
1235.2623487081623 1000.6285353005655 1006.498272419668
1112.4254579815713 1453.8188010050803 912.3321917817989
1216.4971656479142 1179.3548009613407 1082.3748945967502
878.441148425421 700.0383362533689 734.8503139825153
788.1464494804354 962.4389253488489 972.3784765988939
968.5146681758314 895.4790489332518 927.7275682758817
475.43885046513753 1154.2656121255675 1213.8081115257576
784.6442263971937 940.5898871106899 718.3308582346868
415.45253172513094 954.6007421391834 421.16897821605244
951.8582589561078 788.2284630067036 665.5600641561788
860.8041734509121 1165.0807031126083 478.6932211553506
1015.3313313182562 669.1582965908558 1354.6169751172445
723.0148528875295 830.8772578868758 317.9581654181111
894.3929059639643 1157.143208305277 751.059569282861
1095.850305600397 884.7459210892013 1116.944689639648
994.9228206830907 703.7866742084553 808.4501888328111
632.768190752585 1229.99347921665 867.7260340632602
952.9822604491776 1184.9565085421605 1175.539246878174
994.5444656018755 982.6798500606578 1422.4450406329718
694.327428144699 1079.7867477242442 1293.716138549132
979.7708691404124 1538.6202449709551 1123.8714243837978
1008.8632510425043 1868.096751600034 192.35807757128165
1253.0215582316237 1227.249555651988 305.33586607100716
1295.7622009303852 1315.0243503708086 578.8991437445936
1533.9382089074231 1166.784870323074 379.987559543858
738.0149527177762 941.7738495298772 866.9449893008032
1106.8423409985435 1486.428718200462 338.51276042601455
1057.4855034300426 708.9440093309227 833.4904798801664
1325.6342822058568 975.3173438604811 101.56573750953585
862.8690592542072 1014.0255446860377 818.2114873361256
841.1606790964767 1168.613913793522 1178.2279522908336
723.6488504410806 696.7030946933178 411.7204684509321
1027.3276561205216 1100.5470974503933 1395.067401720953
973.4873988311203 1384.7033912385536 204.07687901035598
1088.4648642691718 953.1262072787842 1008.9280371746884
1529.4305221857446 1059.3798641051303 994.5035360105278
935.9939050531062 1259.9965379108196 350.03561909253506
966.2639150685802 640.2038436151076 457.78332246515976
827.0098716447756 1139.9573402713913 1111.6977821019923
968.9656511748161 1051.8040470802407 1227.5358087716445
990.0813590108284 830.9344519638333 1496.4140785637805
1019.2127781873137 1352.1443022511767 67.9978821150321
692.2042910193508 924.2119576620756 192.34353110308982
1589.893335376352 1185.493236765233 10.536748919922456
346.56580983385936 939.7950625221057 140.21077505791746
953.8256571481319 607.4465883723142 927.562619130186
1060.5038551192401 644.5948054590087 699.410942643733
741.0704064269772 574.2646582311551 1079.8044579843547
952.8287001939096 1173.765044580307 1257.9420738665194
883.5150673834468 822.8385200329259 1374.3977157202496
1134.8537349815745 668.262806497371 374.2897859783005
1483.0114346963564 990.8321580839377 305.42497784096906
1280.316676453177 1331.3417953059102 1302.0632509180382
998.5631625743558 1058.1691897872645 1484.3520855885213
1049.4494716356876 964.0192369410001 315.50574524929436
1063.686556268657 846.7783660708337 541.9214725594743
1020.0051549933047 1050.2101637561325 6.530758285101356
575.6485891132108 771.6551164857278 1296.6885252898744
717.0865479760994 1168.568032025896 656.7882424625233
683.0499190834566 641.1205480845553 512.7984803507696
745.4188515671891 947.3056142953585 185.97623399714712
1197.1550865943984 1379.856767353773 658.7308679641257
789.9164804680231 980.6094731902822 1104.6056340075277
834.9263656072742 1028.5325893976812 1135.1759494064077
694.8391810118119 1234.2076919592241 1476.035287534986
1152.6524859895965 1040.9083106008866 1066.969728216985
683.6607827015931 816.7083966226319 580.0270405900962
1337.7155500107638 828.173935631515 1371.4154218071674
988.3455659061337 845.2906548182555 530.2275198239374
793.487132079159 876.1239930260496 376.78278457168074
925.7465097338027 851.6194315063932 128.9892711163756
860.8503247311903 1057.97844773942 846.1750090669829
1353.9814302184905 707.5924141140919 602.920828730712
982.2753323057702 1473.3207485225644 1346.154800437746
866.8016457174444 678.2565117761117 1376.809003798228
729.1927105485909 1788.3530446097652 1384.327441170667
1005.7902142575275 1355.7648063675392 919.3338212110111
1387.1741538946894 958.7547186540844 705.8301778604788
824.3960980747614 1373.7911387006739 883.305972856605
905.1523455968584 914.5233580951442 1122.7014382969214
876.5275648148117 504.44853884139945 324.9635106126079
1307.648451853181 1108.2481372826983 54.449527590909156
802.2879012528906 804.8531227299807 531.0444542376363
1043.1493550799858 1018.885939832391 53.67449099094601
1002.6138930128544 660.3465674785543 1099.5202919460476
1028.4056467569837 779.500282518529 780.9228444860593
879.2978052114526 1142.9223379856558 1104.151851162941
1085.1058284716999 1111.320499966156 1349.4907390382475
1243.642919280291 808.9640119646942 883.8108690741612
1326.814135418939 1212.8332754911287 94.4039115724542
896.2004444356446 997.110084602865 726.969304036923
736.3891143047745 989.9258397702316 72.38561585838188
943.4648710687543 544.3400238352003 444.0317414859915
592.978597692307 919.0873176511925 1007.6634746691785
1193.8375396385404 1275.0456423814499 1198.7459375080466
1027.020957903946 956.4265864122605 1240.9767182558226
1363.101334957927 1010.9484282225671 566.5854269674852
908.1403308846409 922.6952738543797 266.6693116070994
855.3065959730012 1046.3003625584827 1384.9336774681444
967.026497696398 926.6602359370579 832.934732403528
825.3225911124432 986.9650697884941 529.9713911324876
1235.4853771788403 977.2023033921639 1045.830297570542
1231.5466660164452 1175.3068771174783 973.4640644356855
969.7899359850909 752.5092582206594 278.12750114032735
789.9492003899439 1042.336250797533 1281.5488488824687
1021.8875304082036 735.7075621603678 703.454611392502
909.1450427690584 1195.390596480543 206.37271237336546
1355.6211085461287 1324.1274203022897 285.1803356352713
951.0889353012259 1000.2495528471622 115.08105284093129
1897.5382026218422 886.6673603011767 875.1740774142222
931.4633945480181 1215.642603600313 76.10378266731016
1175.9209286123119 628.8109832494483 1041.9015347943862
995.5960491614904 1420.2014083120205 1274.2935781552528
1039.4880325552283 1359.7967548741976 15.458566577225719
930.0715604160575 1222.5978183560267 1090.1252001899325
1036.069020724442 811.2490404670358 1455.697304193471
1165.3295259115407 568.0284101803937 341.656631784567
1170.45351407651 1377.4813616367214 207.38969464561495
792.2104178380985 1082.6356107540812 1410.3863808925125
718.3916142195778 1176.1925841276766 699.0271034013194
1409.3821628854141 1481.5795423598893 1369.924949621123
520.283775248766 902.1118339778964 1452.086375242845
897.986136652991 1259.1042575447832 810.0344298415637
468.3531600312151 1194.3342983545733 384.9682136167522
1123.6300111115354 957.3880855620698 686.1569200533694
834.803733754843 874.5781956029468 1321.1556119274348
1108.643044986291 467.6399977571914 616.3607020250619
1038.3339742417647 492.24348250895787 993.7040443135905
859.202858248058 659.3720868955495 571.481171324691
991.2857138238307 907.5181412728346 181.1811789477525
1056.034315637991 807.8025442271642 163.04973875913294
950.7177234044642 1005.8218060141044 846.5241531656537
966.4347777788864 931.2744383506513 1426.264057327803
973.7555623223444 1110.4785794864192 714.8674772728745
1100.138822735769 1141.37379249572 46.24980560866304
1254.0490612634155 1097.1221921737642 396.70671939432657
796.0113813798212 918.6460471776958 1026.3615811077411
674.66456114319 1079.194291908757 902.3559089191206
1221.9985514930881 871.4095779479503 341.4481097679636
751.811966454783 739.2715193041327 332.8647108669779
1106.1243285834214 773.634472645396 424.08012986178045
1022.1114037601756 908.489896500669 1029.0771312988827
840.4905871145903 908.4398890246491 69.24922998856192
962.6863149344765 1160.5770914533805 258.38855375637945
1028.7842396882966 1236.3616860089496 234.27582398268527
639.9787730168373 782.2067560389273 1390.5278310091091
894.2289260379937 1539.8416496904972 338.72750635497454
964.0704335444143 680.3608431584225 1371.7878890234824
1063.2001989459789 1176.3093589908594 933.09965900282
1133.576821112855 1448.4773648343228 738.6753464176081
809.2995942918027 1321.139921764966 455.64962723056396
1189.0248766754848 1016.3539376754509 65.70747543950817
549.1520824268221 1177.2768311414343 67.11061357143016
869.3056682211012 931.2594268993425 266.89362847794945
1371.7233570418907 1326.6176230150627 857.1079275137126
1032.5771192461455 1193.3614205903405 76.97787378937132
1541.6141863169137 1095.62333184851 95.01672902702768
737.5064404218741 1114.5436221336006 439.4342791811257
1333.884995470553 839.3050026329427 377.3080441882906
505.3264430452845 1493.6561583940713 1422.4675386051106
1196.2850006659467 1388.6819618572465 896.0419978244329
1094.4711214909712 569.9039539260025 479.89822488523043
870.0648218353031 1521.5196613475296 343.14600734698183
650.2245109748958 626.3011608040495 622.5874417689685
1346.0080083002995 1038.9562391941436 145.15338150776748
667.7796258115307 1327.3799036271446 803.8848961605248
1286.8913783761263 539.0801036474272 1228.6099228003677
1072.066784307899 650.5771758144921 700.3872927562161
995.4816849999073 1043.741828317239 558.8616322764505
1103.2143528931074 703.0847362584568 1230.516344705606
1379.161689136771 1049.3743280745505 660.8641678811506
1120.4710128140364 994.8006607393899 1352.3338780747301
1175.1125765720171 1011.6656005135193 850.9188559255407
885.2651601963407 958.4679384822944 1167.7495519996985
881.004144275538 1227.9623627376222 777.9669665244436
1183.93081609775 1157.1714294492997 1002.6094920926337
1151.12176403315 666.7562861063561 411.50551530696043
1317.7018606801034 900.8341998588978 1251.6603460706735
1447.755596101273 1113.4961632987345 31.698666089591544
859.4463777572041 1151.939699565914 657.4266941345147
892.7654451951513 805.8260239745601 918.1266668868545
919.6362261454339 1399.4885429583903 300.12221515507144
1026.544675485345 580.3971407360661 194.06386111044404
956.9785713832528 976.2840559283424 469.74671185731756
1042.8194020106514 1200.6909224432766 747.5967093162551
829.6615921322684 1268.8760250909095 573.2650692110643
764.562357609753 1110.414508369041 669.1270539202881
555.8591829383884 787.111780596568 1403.428089181954
1037.6168563889787 937.3841294092712 175.74988653526052
1126.3512740079698 1038.226324434535 986.8454259505928
1029.7244571533897 1561.7523875434827 1471.3191779322551
1224.6507100875895 826.4743520792229 976.1645486606837
1033.9316672044142 831.408747892462 225.1475679030367
1350.145517490019 402.32556551136906 563.2198582910581
513.971003915503 1262.860498761275 662.1768505556955
1070.0698645259326 1424.8301311671794 1127.29727388546
878.2343664678375 1286.034424546231 1034.525503615079
1166.8791880776134 1117.6330879572831 964.777094406306
1516.385320102019 916.424413538265 423.8994923889393
1080.4187806549107 926.9075516671253 130.8850326343054
1452.7389842083815 1175.2448465279153 627.8972466609644
738.033227270126 441.7094728092583 618.3946913677637
1271.5447419421155 741.8932829238771 1377.214390710498
1053.8454475934984 1287.6028077531225 989.3448003322246
1239.552272895427 1010.3599236511978 967.4887491623672
528.5409576276886 1030.3627611818565 531.9006465404395
908.0441132547281 1270.8534600085181 1477.8145360130225
1018.9325431980338 1286.2301811695784 1007.1169360610835
1259.4652441848277 864.7982864493688 448.49775714942666
935.9723075146817 1117.1217846785878 1208.796474934833
431.4886102839647 723.4852774813617 1312.2845072834673
948.1750624506725 679.2312108066147 694.2430617692501
750.3251310879383 882.4593143485134 98.06342686080937
949.0422266692326 876.9963477235431 1377.7919234456958
805.0947156991799 983.2364296757285 1218.8956996760362
907.7866983286309 756.6056945060745 551.057443674154
1035.3315967973595 1057.1010801830946 1380.1077645212335
1317.6492872874537 1118.4789922129341 295.90385807214
984.997532842029 862.5740474678768 1348.5883326411442
1107.3490765889032 279.7782944438587 955.6976824487887
599.5675063720473 104.73529545534961 1148.4045114569883
1195.7611301122786 1204.4429137276325 39.362694295812354
1116.556833827689 834.4586757337042 240.75483723432689
1100.7267113108396 970.6183179982157 679.9665126750897
993.0263340816769 1084.124596086905 940.4726712760878
1718.2355423975816 616.190895893408 596.5050499391241
1036.8593943443066 1304.9665913157207 488.722557058307
945.9235607419433 1145.3587148760257 778.591152500495
763.9081399842104 1006.4165910664814 241.67059510636352
778.1442902507591 599.5128539455652 1090.8777294359552
993.4977257996843 947.2415613379812 669.9718203440013
856.4950860615629 570.538175460515 221.52693242217185
890.864960313909 1142.5986196503923 1106.1140267305514
1217.8947726427316 948.0961034847005 625.6096485512885
895.8666461531609 874.5508114550087 1065.8818432873084
1404.2547425002886 912.8662983584176 660.4075825752935
959.2414139364881 857.5062812800086 1290.8937306398213
1124.8334859524657 1205.8012477568768 1066.485358748525
682.3654728279319 1114.5875114295307 56.98405180778554
1387.552919619398 588.3636842594167 787.4953342108588
970.3448310086789 1185.6395177612521 1265.0667442744655
518.1945550330202 862.393126018033 1483.3579981783923
1018.0760652484223 856.202749443094 96.89642831257717
697.1564257656214 872.6234465383525 1203.8777982190325
1306.6823519632003 843.1773440644288 135.60964242747937
1242.4631547834238 795.2677772868385 795.6630263293287
783.0380038536268 879.8847436603974 877.5101016678922
1078.2381683043636 1172.155203778781 1034.2916018824826
636.5287401109662 677.7694148318251 1307.957642075544
1209.3471002132121 1125.7367860174961 493.78494932564723
991.7115219123217 1222.4871998857316 750.4079131934164
576.3602175760665 983.2653467428767 849.8985242341256
1187.5379303071245 1146.6952429388066 1314.5440876788969
919.7494840735764 1135.166547617595 416.4723018971761
547.6062365808215 1237.667129801357 932.4327517122373
702.5656706112729 795.0178265506147 477.9831510373489
1160.751203777017 1270.1833155916938 423.0767712970419
1254.802509884332 961.2297297902625 241.0113771619473
1259.4018399176484 980.3032344797807 725.2025485678382
1084.4110253038314 832.1177951495372 499.0125345698767
1205.3143953695273 1290.694142164212 1028.2210749620483
842.6368090879608 675.9393136031181 1095.721693865006
1025.9261295942708 741.7916780124358 903.7984554620181
855.3134511663153 764.0855504480984 1291.2165010530987
1263.5269491106324 1411.73850802634 558.5470701052704
1081.6387612999185 553.6986806284071 659.4577475349649
918.3273801784948 1214.067659846536 1053.0562888974944
1375.792363725884 1574.7525608910728 1077.551633146081
1141.2784127211999 1115.1297406946062 912.5840632941256
1076.7295230721456 877.3114358891794 95.15166991179169
447.32570946239537 975.5093334097021 681.5688972494445
1156.163813947347 1015.469277277993 1113.086161510161
1235.9852920666995 856.0459136267764 1287.2437378343361
1300.3351449594602 1012.9589948757542 1321.0419567802353
724.660406121209 978.5916452911081 576.5301266376002
1188.5950219898045 1336.9742263234634 616.1775527467912
691.7191958682427 940.0695869945843 709.6437874868989
975.568912981365 840.1936087283209 694.8769243752652
824.6341350421843 1353.5884240411024 378.040891276689
1331.7441006623365 1269.700358355654 238.6747718240379
1084.0706343015281 1267.6133143408824 1092.8890922384148
927.2930892387883 1557.9664335276955 1305.7391642409136
1105.6204829916742 554.3628472751423 873.7259737899152
974.8629036267595 1338.9357787387714 1057.9530456297312
1058.8105302751594 836.7820987906391 1399.0995792857254
417.62637018270414 922.6382645875243 893.4450219066948
1040.1249579333407 636.3003917414421 809.4620975052708
1189.3183094471376 1053.7605008775427 207.00641972212824
559.3664382994798 1122.5181368547753 409.09719462741515
810.4519113658079 987.7028802014512 1005.3745981962749
612.6768505321206 1418.4956367677307 252.22537052381782
919.7762673933942 986.3026260562954 1102.5082360834592
1334.058708443262 1154.60488951302 1148.9828526569163
1258.3032988729694 1013.6203315081963 750.0838193566758
538.5681434720888 1005.2838214438665 285.8730086356912
1123.736193792538 898.6275663707909 1015.248940579796
831.8693309992306 1057.891318304548 339.9917789193676
1170.3789056537903 1078.7883339974942 1130.0556792540349
974.3543752692822 927.3379489573098 967.0820946613399
970.5689676001057 1260.85563780537 1381.2185647996166
850.2506248455168 1022.3408819653469 1256.329160692015
590.87399214444 963.1166494106291 398.5542921539272
1015.2185226069957 1318.8067452265268 1455.099409795941
1347.2763822662455 595.5899573129926 748.0930102556517
978.064823904063 969.1356598666985 211.65916251744977
1111.981417989496 1454.9263754165916 242.92442771678125
1027.512956129775 882.1465824316858 35.680771756980924
1050.6587420481878 971.4822691619925 598.2541959923003
1024.3522909910314 974.5738005520844 1176.516084076704
1045.321076511177 813.5865438560533 1074.2525124466054
913.9052643662577 1095.5120287635523 884.4228008913199
1562.7097254529212 975.6123061231169 858.8068738040108
666.8905405378885 1042.4758677641216 1477.5033376474078
853.1032255463392 1452.120757657933 1148.9673423034208
1063.8755013193047 976.574193365063 126.91562781880972
826.685241729361 1121.8255002630208 454.00076924113955
951.3285465660414 970.0749031501534 1494.0784734857116
793.1018827594983 914.1736952627723 568.8401335849495
968.2161999177283 770.2195358733369 491.5609303155686
1586.6638077921111 1066.5459298100286 958.3307541631193
1037.9316081963004 867.6685919526745 347.0867419989594
1443.3226046915045 582.8331183366633 823.5705088861833
1080.3927404309056 1178.2422578925168 407.1599128282297
853.5017473969883 1215.9758085671638 1463.238691800272
575.8059584356424 891.2528979405214 334.3616236031426
1067.371495787465 746.8191855033028 191.91143906191803
683.478336396624 1417.0452390561786 259.4016632017692
1125.6530356490546 796.7158358632093 1382.2454891195634
1069.2480496055416 1353.0447290298746 1066.6072377582157
459.7859024341417 1014.4334352837552 763.8539219502777
1068.5241046228823 1406.9164874754124 1407.2664537368605
1031.1480332793003 1016.748809855883 1449.1922025918243
898.2414296361147 1661.0439962461855 732.5411530516847
819.6144675462064 1142.270703109086 1119.8556730617718
879.2981789663465 932.379469101248 582.2316670535877
1146.5868138716678 1209.7906724296759 768.2978199944959
1237.7380456627018 812.1966506789319 1442.8510511676245
849.8898704695088 896.0888782344211 522.6870198429941
1140.6902254428517 1071.2490255099303 266.02518865050274
926.9619359758119 1246.954764193158 1056.5781434280532
1173.2137656502534 851.5000472489605 1390.2314946612278
754.781876726161 1136.509440188004 639.9693868422852
1009.934756371956 915.6948615602525 1298.0032718785985
1136.88770358159 1078.3805445540638 633.5579657310608
1406.5920619139767 707.4344073925595 31.615936314425607
1045.9509494484937 1173.2481365509907 1086.457204907625
885.9355107233611 996.6981904689113 82.02113066119976
892.2653685160162 984.0028835959005 1123.2544794994099
1322.729501358433 812.6216512897827 306.45775292153485
897.4971506148381 745.6058057587734 1265.76598124232
1294.1230940674436 1424.8456881857053 762.3826128555454
905.1059147152954 1150.513298987366 821.031572136058
1124.4598764563107 1026.75200034814 910.7894409364228
1019.1414880936875 1304.639780393744 602.8928132429156
1323.3901614896108 766.9899103599552 4.559692103921764
1005.7291436463731 882.7244598973837 231.95607999901353
1233.5024681766308 936.0119825234696 378.56279526728065
1430.3830302983297 968.6131817929768 72.15977189073014
655.6319643968886 1235.862283935815 955.3300577416895
786.2700193387781 1264.6671104345955 1018.4424239307986
1166.196784097026 1458.2173621595816 1045.9131700748094
1009.8643238826702 983.0388397960737 861.3518133744816
1038.0147759463418 991.5850247082135 1411.73005520656
1329.7605087458803 958.4692973070163 955.4941690143721
577.9525423680336 1246.4021592788376 1037.1542520009637
832.0016158618564 766.9653337363859 964.3008390818753
1402.9981249458988 946.5468542529746 1274.333932881811
793.1240621083675 1015.0355026931111 1287.5800982105086
1033.0977026745218 1167.632236172048 149.7401646510704
1363.6434359050063 1314.539666391382 983.9312389222596
553.5150235894666 1155.7873729311173 425.5998334977531
932.2429819840509 1007.0237286958251 208.04277683581796
893.6672000110574 1163.713175828859 1299.26832966337
1197.2867886853537 1231.137964340567 454.0533492442895
764.9352373624213 1141.4413137498514 83.90755190008437
826.6163079968968 1037.5920280772455 624.9736255112261
769.4103355939346 1106.0647594092345 716.7092191135742
1042.664611587507 989.8345823675518 1193.5437964077298
758.2849330543797 769.1360044868426 188.14123016088035
787.0973003977252 1179.8208632169199 331.48026660438705
467.90224920531193 815.3072684092075 1141.452238764842
658.1122320428021 1193.8959748598957 903.66852240708
669.8692645215108 1490.50765054843 256.52160262845615
735.788061481463 1290.988816085978 924.3420210366726
779.6560884339567 1187.0084184579441 1259.5991288171076
1096.1447828075086 531.8715199583854 918.7803755010979
682.0117718166782 1220.6910207895548 1461.404996193959
986.7621402870218 775.7073952260328 271.06541053284593
690.0837496554489 1164.511871304601 1243.5551767629886
752.3150546606689 1151.125622371254 743.7232438685926
860.1094389291865 1101.8173582729087 118.82388207434086
1394.420732202384 1096.6085995083438 119.44107248429032
840.5501320097588 637.943828173169 1103.7924277004902
1109.7147924994597 971.311707403423 615.7728116143646
1308.8117581277781 1085.044045182885 1456.6371572448875
1239.4986591834884 1073.4893836276267 326.1022693984745
1000.7292137281906 949.2858766101037 35.43134585328844
753.0816087887194 1179.71800608045 1287.0855310744305
732.5858486423298 749.7927306433289 113.6953515883139
969.5294345633688 300.1568619508171 1321.997501784067
1316.4731102236447 678.2350274937744 656.0001177248422
909.1055368043266 812.1571608745476 1292.0485640673423
1037.031624877304 1215.995182635094 166.85187690020086
956.4242335499449 1121.8409385801176 1370.007854577701
851.7911904095001 1212.4397743033057 1304.7514983827305
1458.751239800953 859.2974872670562 430.0885193919522
1140.4490445604742 685.5368657152683 317.5933159942408
758.6530975954357 1337.2896179161144 544.5855187599295
1178.4182192926671 646.1713528853645 1451.7976516235472
1389.7473244974276 912.0195439510474 974.110285200818
864.6256824110802 1059.6636254104774 595.3713674682663
597.6266517782467 1166.0924611581922 891.8391330889725
1457.4378758053626 638.3600962859265 290.99841189522476
1024.2139226806285 718.8744753302057 514.783488903261
971.3106471702183 1075.1262136878306 959.0269530661197
731.5729813367564 863.2855798630538 1092.9788218281692
1137.6536902094108 999.3240811991311 125.51775362137502
650.8679380674471 898.5955927840305 313.83846971601565
671.3112564324388 979.2696085442519 110.78976787680872
1129.4024100539202 547.2202385010642 293.7947353634366
844.8122333864341 1200.0237620563057 734.1634124850268
1056.1400807744437 679.1474785832851 1388.8692347410988
966.0953249568948 1390.9066086858074 765.736378181223
1121.4390444373826 1371.3801586708698 111.06537229694746
1307.6168704877832 621.7027717313404 327.4565925800333
866.9014284038674 1125.6061899851286 1276.339626007511
928.789937840288 989.2912181265451 178.52180712595884
738.5085265226118 648.3343179623741 760.9024733091446
1336.1073819038315 686.8178790072448 73.01237144093497
856.7706607963396 1212.4827023586045 226.13984921148216
1129.2988586512968 1093.7918120264649 1329.206549410482
491.25387772080586 869.4867977634177 293.83830714654215
1259.6264088783598 1295.8069960302014 574.944927515082
1156.4904755525586 1133.7309609198564 155.424714543817
877.1358428372284 634.9144633675226 1465.3841538024813
1041.7629424798085 638.791829788049 530.4025598380824
1494.7684890091848 1041.7400910915735 698.3265453454109
1037.1137943065216 992.3906195362637 19.100416632307716
858.1796146409099 1393.301422414393 933.9099465823558
960.8618568360064 1298.6703537191263 951.2976102153236
696.1554045747531 982.7484410778723 962.6687589104313
1288.8498042176761 1213.4799569959796 1178.8266330082454
988.8512769202799 733.8974232322939 656.4438170033965
655.5644420611266 1234.5896701113697 559.7501727785416
868.500727613236 1824.6053483592764 1255.7692335976799
681.2761513906219 984.5215050263173 215.69743629053835
1052.8009583870314 849.5919995467923 97.61067898977322
1332.6218991225112 1037.127423184933 399.48668889526436
1115.7384788823513 1157.158139053161 922.7395261806595
1306.1032915417 857.8871611123725 626.1314849335521
1013.0754187918703 1103.0308459918638 419.53303722587407
1059.7661364051403 608.1062776903398 1176.9256876895759
911.7243135889917 1201.6680164300808 195.87973012953515
918.6488797346587 1026.5232315423707 491.45341265598114
1228.2356164875316 1314.4528902879529 681.6153014851856
917.0075335316184 980.0324832634122 183.81477949261514
1278.2241501681924 1185.1890844531235 1024.992314264316
976.5307783947969 458.31532912325497 479.0564181787348
1242.6353079955065 1034.9966701012236 1469.0056406025183
1160.3808087795824 613.3628533362373 262.2994072945089
1028.665561754407 1127.1254838721334 135.15322878524694
1208.6911385914575 732.5629802299511 1061.4220798432862
977.9036175564719 879.1147391421157 1006.5754003473779
1177.0005885314604 706.596437392837 1350.9719999999893
954.9896973290327 1054.421532878889 1078.8024080717505
883.9785811835535 1227.6528299095985 1469.8015960388327
750.5254729297478 914.5143015701885 995.8446204483288
1005.2089963188363 817.777652487905 975.0828052281678
923.7063197815344 1149.60185785205 659.9193570609546
1239.0306874971147 633.3777403418687 727.577505671402
850.9455408506655 648.0178672852273 518.8156026266621
850.4092326673841 1086.079007425958 88.18439238780678
1065.3029554797633 896.90314466752 1498.5537084380546
1287.0827881362097 868.3285948438316 132.27115934759664
1612.0300758458043 924.1068519757797 774.035981434792
1043.5682759528474 1128.8510148267142 972.3894786057945
735.5651536495083 1203.9053603564428 847.0730862361607
984.0307537149984 978.0961258383315 888.9384638100819
1051.3634456034486 1275.0282658863744 641.9143629117748
754.2588401581435 774.3697339094476 480.951412487413
1347.1042334618369 991.6960389142637 269.69365247283656
1280.3106581997092 1025.9246297555171 317.16186572075884
1138.1771962746345 1427.8724715144128 140.5331553546781
700.2971047540354 705.3967652169745 154.1820731307038
1017.3732649118115 829.2852486516337 814.5630202395998
888.8834879569666 1210.8526766626003 687.8404020827819
522.1502151385611 755.5155291264863 1081.637076385551
1267.5325713789437 1047.6065096932427 1301.4146265123004
1395.775471872252 1262.4504309227407 519.8304861005437
1080.886517575674 1123.2488354280497 1027.7239855914943
949.9017443263099 507.0155974760333 1435.6988406688315
662.5350372382928 1565.4281964897582 673.2740046041296
820.1066924252432 587.6117641589079 534.5292310030159
1546.936555351014 1169.4104137225336 1283.4650209312367
904.7462623264197 1182.9006265598173 961.2857487742979
1064.5546270954223 776.2985777421632 267.708618657951
1018.282497968053 984.4293799099406 87.13749324657233
1046.6482296294462 980.783465376762 477.803845356797
901.3886330571122 1252.973002043735 985.9649570183377
1249.6949001656133 913.624826959928 564.083075039434
1068.286214146053 794.3135957402097 998.9094943770391
683.8598678000341 1285.2889179685699 78.37782503419044
1174.4226362483125 654.0928770040821 1410.9091340493464
845.9581465264936 944.620994141394 678.7405348019097
1014.7021978769568 874.97403805254 1251.0263967048288
1065.7783470130717 1241.749938321469 1375.349397409811
881.5551966645206 948.0673351209849 353.6413173109956
1041.3750758394544 1117.489815302767 1203.2011307872226
948.7283414206286 890.5618078405307 304.8113135302637
389.4921752593609 984.64320774728 1219.0787842420837
773.992070964419 1218.0888040266693 1485.966480920326
974.112716725991 1397.0152390317185 1084.2514989461943
1044.6124974135155 735.1683875040292 1475.8267940962032
754.8020652180304 855.6837200055294 514.3821438972305
1127.900076580591 1237.6621074241843 367.15066989237476
912.552483584016 819.963229140307 1053.5279009893893
724.6083238703297 796.3321584262868 1488.6057055519348
1015.3346380639213 1121.821413672158 1094.6456226567607
612.0335706402268 767.9888089761582 230.668571864943
1017.4415291363724 1262.4224760201132 1330.7431351730197
804.2151114653404 738.1611867602869 1226.053774469881
805.2387419655638 901.3224939174361 234.2199741481165
1350.8085398076223 1522.6069368111189 658.7384446817243
667.5055064016904 1414.5950130488827 196.55181860566557
1027.362145365413 856.9031280881991 594.0459603727335
1297.861509146539 673.1255094669203 100.80067473395543
864.4085561516503 1003.0351207783315 905.61259385569
928.9692974242607 1117.293786833614 1464.8148298751369
610.6500036428133 1264.3699557763236 441.09795495546086
1203.2978829331716 1181.212744452821 407.333445155963
1370.7266577241103 1124.049188882795 1011.6650733176086
909.8398115036298 1198.258157219046 139.2435395819966
752.3833338452233 1358.4926254821646 962.0820086637143
795.7565598688219 1330.912521087853 379.0139002096504
672.4623897810657 1067.5131683205939 376.9687532354561
1139.1393371861582 559.6888527389532 365.0572131710782
741.0442585028245 766.8278850270549 193.47248174143684
722.6859501851175 734.2671349507011 754.8037364550092
926.7590597443045 755.8012139158436 1025.3426418289273
848.5143283800054 818.2020222933395 536.693465339007
1629.226842592394 1042.9225236540358 383.8922542915319
1020.2811421058498 1854.1640938293745 1435.7586625880879
1092.4548496734085 651.1125479757056 709.3610407001526
879.798845557307 900.7340300123847 546.188467777682
892.1379175716684 1128.5722952882893 227.5036166454925
976.3187460532205 774.8975998976838 1364.7978715852466
1075.7792493475733 819.5062645598997 566.4809792399709
954.9436469471576 956.3365395253242 1030.54421971656
994.7577824416489 1185.594981370148 551.4455265010439
1258.828022788598 770.0756373900838 174.9426837219888
1235.8275470800013 893.5246924850403 409.31580819939603
1086.0221838342488 1096.477261272767 794.8250626129513
1441.5565666345783 1018.6125668342355 944.3061014119039
1300.4747735892547 961.8331940275879 896.4342091577926
1304.1822999566962 1146.8430861095908 106.23409722301852
544.2022020477875 784.7313443131466 825.8464952202917
877.1919897342107 962.2087398659382 233.31479264711402
633.5780395266363 950.9946029910567 561.5439443736093
1117.881416764475 887.9738951231548 379.24050065395375
973.127530890276 1083.6635744539055 228.9534340760931
713.6088385381004 777.1956985995623 236.81277739175889
1321.7963522077357 862.9416845627293 1480.6435286799804
877.8788789040477 1002.3926892729506 1057.5725815836327
1149.9361895698673 755.0718436293482 146.76328659363247
822.4290551187801 762.6723416739994 1409.5303679084132
991.0564671146326 916.9889269328935 657.372403023868
1296.883045903327 920.3562303809315 630.7491715040787
860.1151542690727 1062.4003676195066 516.3001293101022
1024.8967866190103 1299.4436365629556 778.4620285759571
1065.30126203481 606.4470375170692 276.88209576340864
1154.8388004671015 583.1016898299924 1489.915349826517
518.4438496802959 915.517216467239 774.766173605894
1058.821901522537 904.8299214423366 1276.1495399545372
901.737696423887 865.591375384073 649.1658190344097
915.777053508088 802.7296231347751 31.125511997971422
803.9682979875834 593.2628559813123 1152.0761927277458
1097.2375057553088 647.1230818777235 579.355918185812
1337.0693256170584 1240.40675570025 1226.5924937840732
595.9344128449236 919.1464459814154 725.6625644109927
1047.1250431961223 1133.071153934857 233.02602326274018
1017.9927228750164 985.6712985654408 546.6594988219806
1386.384251613542 1398.664169746872 333.8081503078027
1152.125147613761 1160.2876360256885 62.65743327755624
560.2256625259624 1093.8383932375016 350.47141093658007
1584.19883033131 1023.6758788993959 1144.6389918831023
941.4673044640218 659.31890183724 120.64415309976472
1112.219051188175 1171.521640312987 1396.0987026018647
1196.5832283348475 858.3287628806092 499.3183508453521
876.6791633368359 831.8701410322395 759.8687544407303
1338.338609574751 1312.439399942261 429.595413108103
811.1814831071824 1039.5439020332306 102.90451092140141
1053.357507733493 921.1373548524566 1068.4842038221745
1030.855685376434 1268.2038185837723 444.3542075289071
963.5823349948882 930.4521489497403 930.3852842517565
1504.6508807093276 741.4436117111111 1079.1877445421476
1384.8833554123178 685.0932328840113 1051.4848721187059
751.7776001981475 1202.7904493918327 107.48820128015218
1843.104626528143 1509.9082319903746 135.58087866586916
1083.7570232034734 379.4779712791493 1039.756661607734
1318.3959166995617 1715.1851886341137 705.699791767435
1180.8932337313963 755.218471184314 628.2672994077491
951.5379161552678 1079.831313768503 738.9237277198362
938.5037283277237 1150.5583240246585 1053.6872263770017
1450.292929918668 1353.5827360291473 1129.3982730668363
774.4673662381591 1181.4543507910307 876.1358986833924
1017.8704936990121 1059.727735529936 43.510200970516834
1135.4442366843991 973.0291647119363 41.62486480571831
537.8433438688935 810.8271825082063 806.41717959502
847.6570636908247 1205.9949283624178 1380.2774509271298
994.7219374135171 1077.3620705514854 441.2893468065914
807.8076632688267 947.5633325668687 1278.7293804265685
629.9863940225741 894.8432976706521 1097.8722657730198
944.0359915112258 852.2568839756864 1290.865697864567
952.4829564235893 1154.0579451336566 1282.440035456877
1125.7040622491782 848.3326605151659 206.99729494777864
1073.486808878256 292.6726138573929 1210.6432386752524
1330.9853736464854 445.89289732211 1440.6300286761991
973.6547394265391 739.0818716401635 1311.5565485342174
1460.7332668540653 1155.1114573808882 326.9968378107017
746.6103872601057 1209.4128860475018 28.615275641352355
694.286347769485 877.6418884205707 196.409293808678
756.2042883665363 1421.9616334605118 722.1527151513891
932.1811057793137 643.8168233807774 765.9955254782881
1347.1205916624708 746.8202350281621 50.15831512872304
869.2675832884889 945.5271140381803 1437.7829018292598
939.1948900506438 873.9924333657216 1106.4170879042747
1281.2160393392958 1059.6831582884663 1005.654199430299
1393.4417105028235 1114.4312583803378 226.47722592527498
901.2672143166708 960.8696195063372 630.7225527749274
1027.060604523061 886.8042084870348 242.76866831480993
1239.330930640969 752.4941653231826 1115.0428879245328
990.6251722962377 789.0995467225147 1133.4534817659294
995.0731872865792 1161.011982610053 1364.764341338025
1179.7821106034762 1235.0313937260287 326.6385361186565
776.4112122529151 719.3860310084812 407.51319434943827
669.4102040371364 731.3528392762017 1431.6265605846786
1053.5409481650345 1399.0938185985665 135.33610862283
1242.789020514033 783.4259048362836 1464.4647261741256
761.490807094329 1008.8643945975065 853.2770218502384
1255.904276840141 892.0489923940281 161.84925535098338
1284.48972991801 1316.056830742003 140.11911057117794
1245.286684824593 961.4104300863368 423.6112719298541
1125.2787043294923 1247.5233967757567 1295.5395197787159
837.0419216014075 875.2039807304311 1449.699244363315
618.7408595560723 538.0546008715962 962.2103637051541
1320.2259884607936 732.5613478786713 84.24679018199981
649.9836365537394 1015.731342337552 299.666904991431
668.5536395495697 766.7566691364141 1378.1477897352913
1095.0984181034187 1456.7495519620986 331.240488416478
1089.1900920488922 1324.6102167709673 1185.034077512671
824.7169233415688 1077.2462915997994 378.7468313692028
702.0763359614953 996.5348280664826 195.47730865069875
762.4412928117292 631.3297760560863 529.7733191369608
1196.958841923307 987.2629840260608 24.228045965131617
989.4475243825971 776.8796671005243 443.70607347395486
399.9654280703703 856.5176715795454 594.2948933479481
1168.0847175838287 1089.027251528331 1093.9861089220942
693.0244963155001 1169.2883434892758 1249.7843576558687
1017.8806984970805 993.1616871867577 1226.8364481075557
1042.7208777042042 404.4455734915156 17.106399352742997
806.7920714290187 608.1758552253851 829.9407329157692
820.4093921664055 949.5069883470326 674.8073271164172
904.1410116118777 999.7575137572851 971.0046855376528
762.4538369378686 1261.9057763547899 1441.719242861234
821.8224180086687 999.323640576237 325.98848000528443
1521.6682410382762 1012.5439501465638 448.68654220064394
903.4275081835142 974.7674078783102 1223.6015012618295
953.3483228748437 570.0922889287431 1176.8632224385356
1552.2024372184671 955.9207027700044 745.287027706776
1115.826489924666 620.1603679038992 43.289120851497664
850.6090075570733 701.8342048577995 557.7962110629428
1207.5688592496074 780.365294560664 1497.7561918012784
1236.529510999006 909.7548396456175 1241.418863224475
1131.5154425649205 928.0736106207479 485.3392340517703
1336.431253211393 1335.7004039042836 229.95528532493537
886.4804730706478 986.740007632202 1485.8517229721695
919.4578591598547 1568.3867672460378 848.166604248089
793.180048514762 1278.6180290331122 1098.3807420149183
1164.6856322627339 661.5231515161358 78.68179718503832
951.0832465252568 1029.747696901222 891.7187393527789
854.3893142897196 1125.9740925063281 739.7232401149579
1282.5476512204114 1049.1778323432918 710.0272099983742
1087.0081446562906 996.150609880729 1477.2892611076963
1184.8109602959087 1317.3028478233732 430.7427786345239
903.9668114531466 1325.056566870183 1289.378282111263
1311.080685322501 1223.586152020403 743.4933914716833
1093.1274846699746 290.91184376789374 858.6548742495606
935.5294183665803 634.1108254956329 1399.4823089429158
941.2937140063597 752.4287858701656 949.6713546690397
994.210112464771 848.9181040052767 1251.2140153448477
658.9612169988013 1010.8011339803793 1279.7385668028662
1176.7850241498563 1338.3951676418487 1105.854564832486
1132.3477335127066 917.7520605988791 1175.5211221288466
983.3191622305471 1070.0658758692514 950.6621649894217
747.0157607909518 905.1856213414909 987.3760879103821
1064.9199801652176 907.5336700396296 1427.8883627446203
572.7438814536268 1163.3030567247893 472.4206884474496
908.3637594911584 1195.4720397104725 352.9567585552309
870.4115487979382 899.670223143912 964.5445593787264
427.9324475741373 1136.2980669683452 1448.7995463065406
942.9168113855493 1004.5781789974072 65.08452512411395
1000.5633076355449 1240.1479578973522 81.34932432155601
1247.2865045564968 1285.1594660682026 856.2560910908448
943.343940639044 1063.303341654126 165.38907607520386
1579.084054368605 1153.2193857968412 173.9195289275509
1112.5615195468235 935.2463558259375 1463.9115288470844
951.9712659934298 938.8142315341742 1166.2213467022375
1291.7920326457497 1119.4540104673579 34.80994178845115
1484.2240027250782 649.4910643765802 453.7567604444717
713.491105730433 1088.0529563761302 287.1054084285177
969.8450973443834 1154.75796992716 708.8901430902592
584.86017172845 1354.6998055198264 485.66410330655225
1270.4530179215174 950.3945525292568 1000.0053300542437
546.566498048837 901.3673766115083 1117.21933045612
1238.9247944210126 955.1004673479492 291.3645596373305
613.5419521769387 1184.8745151301557 824.1804641641116
994.9910154998472 1375.8372392579752 51.781427576508165
746.4046006688795 553.4192012494498 1237.589680116897
705.9938693512091 977.8692269606478 479.8497162653312
989.9704920819743 736.6813055845262 32.402853746146654
1131.1679463925038 1181.4312228968936 213.07404483789495
496.22407442712824 1097.5841147924552 146.96283777368123
703.6127503435298 664.9345789727838 82.6517901949913
1534.168638922288 947.4748581668468 1485.8121662614578
1232.3527940342542 1104.8991159453562 1455.007447417067
1053.040239322622 928.1104473574369 196.86659196776918
914.3897219839826 1151.3395375049786 1241.4837870360566
720.3443623208453 999.4632878093021 1466.937958484786
435.20070617135434 1371.657083389557 1189.6211195304325
1026.7975939211822 1346.2376610361116 742.8001492873663
519.8760075624949 965.1248109760351 556.5778445984959
802.0827702630457 916.2532625148493 1250.1558187742085
699.1745049308872 1528.6160143217426 122.01242414065815
922.0905219848463 746.3716293925215 122.35469880284717
892.9363837115338 1236.0650930425702 29.441591188807237
1002.2112716347305 1242.4379380034322 463.8314019474927
861.5199275863522 839.6858411713232 188.3616481761657
1044.3400629047305 1182.6079741750314 925.0508441164676
1033.5354704493964 875.0473182658667 1130.0732325983997
910.8683690903425 1232.8560259289757 751.6968672091892
593.6140190540457 1175.6180510728263 1323.525531188157
1489.0021996182156 1353.5939008889627 707.638272298659
934.6030009227239 1093.8247340601308 1345.5693519200488
1075.3259365892136 683.9156243795665 231.53371226139146
948.3772280588845 542.6731871790311 349.20184337847536
891.145694210464 1531.1730105566724 228.5478515414206
1413.6690551302115 959.834315935906 143.4488523898258
700.0953713202034 927.1168165661326 1182.643470621388
933.0684880730621 1581.8886979987399 826.4546264186214
1194.5011810620695 853.5906279213382 1472.0196961189922
1317.2848059344628 1196.3617398383328 577.4964863174846
1098.5322288590019 1112.2090804648235 801.5503374547865
757.5204632353011 1408.335561353343 485.5400742112129
841.9653325808986 1216.2759783251643 369.7262149257493
768.3820453569422 1003.4864711379909 495.78283103120305
1254.1327116826312 994.3534141549219 1371.4559378537774
1446.8880261267464 1066.3233201738628 567.5097061670142
968.1659997601181 1481.910084465626 739.4645647642178
1061.9696311912078 1016.8517568521019 1349.8996417589512
1063.7212530502134 999.9869242492997 574.1187457910042
936.3023686213913 965.7347603761111 1152.400508159787
1130.8872923955978 738.7687102339927 389.09369754467934
1473.6355807584955 861.0446753252918 1210.5828950716354
1130.0467998552872 965.7282810155239 1426.9736413605
889.8958053685789 1254.0135920312064 428.7987959656645
741.9744553733054 915.7191808706202 658.6535007993053
1138.042047968766 1063.8498103634684 442.0311761042153
1350.7979414663505 832.9418542738363 775.172864210612
1167.1782242430745 1453.9670673039009 1049.6157952019357
841.003687197629 744.9905033557455 928.2948273181606
621.8261043805726 1374.9320453862317 1417.5328585368582
1045.9767865958277 940.6268058460477 861.9616417044233
887.5628650029721 1224.5430650546411 571.0431164472545
613.1379099127809 834.671265108208 1050.884288668955
886.7504966103321 902.2595438723791 673.2462513017913
1141.4791224922712 1096.5505367149422 786.3689892696242
1318.9996840582007 1168.965795060324 299.4713351885244
1066.110951452959 1037.300122400322 204.5818653619955
1361.9668195329814 1087.6026391504874 1395.5417365555154
1194.4828044155993 1017.048427070404 538.6081532294264
934.0274843547683 1118.2787327425378 897.8156811533773
1198.4541790301218 542.35231173042 214.88350669143557
1042.2209713815678 422.86267921180433 284.74669792677525
1208.3417596918148 1266.1205151219092 699.9823262886093
856.8522297522206 952.584376826984 815.9718299547791
849.1118678262692 1251.4430939512326 1258.305377824433
1036.2912251735502 1273.9148539412197 49.43801502000195
1223.0130728231672 1105.033893047488 445.95100836582236
1184.5468929825902 682.4266910704489 348.3935089208429
1186.0847543809414 1008.4758722470591 271.6906373658318
1139.4357604091156 969.0863205328836 955.5800724104623
720.2450040409117 564.1455259595064 1323.9095581803372
1023.6784353440516 746.1599702396745 1213.1775899164613
965.7859188121004 728.1697462421006 353.42025465538865
641.1764269823411 1356.2598023721234 1393.7704311355362
1013.3734413800564 797.1429848457295 186.4565267681842
1125.0048791637778 957.8992649832563 555.0551115820892
1171.973671856386 1502.4757054274448 207.18352127057466
826.3596976399568 1421.2541839691323 59.879704168556756
1072.7771334406489 1342.9626563415395 716.2769246808932
1033.7579147055976 1232.0443698085626 813.9890358945249
1467.0808599688507 1087.030850329174 655.5258161885133
849.6810943108205 1121.2147757920413 1398.3190031265808
1034.8469366641275 1057.2322662784175 67.53055488593112
1174.290185087194 1093.7241482348493 780.6601864963037
1101.8101623830164 1045.2309902682234 280.6898685643045
1726.4397721058558 1089.9749795491873 110.92832068300052
660.9005624969885 836.0299188081075 983.2546444839709
994.7347406240768 1052.4724511124346 568.7769583735809
1030.229358304484 303.2620177730032 53.00647657239305
1021.2906068689992 1018.7475109502606 1392.0997077112897
938.1530311485459 504.6131476634773 982.6312964456743
800.1472640995079 964.4489714961414 436.6904320348582
1078.533111879397 1210.637564545279 295.12385306171876
706.3312488497821 883.2219158020188 63.93536154279889
1130.1940308421485 1278.4344059038508 1271.8726692136954
1041.790785927532 1077.1849793997167 80.6494197258692
820.7765290179552 1017.0989140810896 799.1282286637997
923.849266875311 1197.919124084816 444.7459517982595
1678.551856734668 1330.0829320615212 1361.616849013148
965.2762170029742 902.360915197753 285.55125318173975
522.83021936873 1244.785995035336 577.1761943878395
906.5172765147352 982.9104294444087 77.889484333519
982.7735531980915 440.1427759014971 395.8129444832144
925.3986037114432 713.9350237399163 828.6013582781067
1090.2549385245443 666.3647618137603 467.7548034675818
924.6990919978134 749.6607131157884 1100.5919209031588
554.8819020745859 1116.2943607177292 889.7644060712573
1005.0589160222356 1223.6761137813592 1261.0170969708201
1034.0804010604952 841.9312039496876 500.39400128177834
1214.0600570507193 767.9274162591287 122.93299920028761
1012.5631650469443 1131.3353892028297 356.2553167436714
930.0089689506499 843.8265426167296 1276.6547761119093
880.8530640009 729.9944761821448 1167.5861161275072
1254.6852656863086 667.184142760951 1073.557733665887
1145.7241352990436 996.4190935756964 1408.1179797818131
912.3875379368654 1219.2793395042777 1484.0085726920665
1169.5112740164038 1076.1630182778583 1113.376544299249
1303.7895085020589 1130.9480166085568 1345.7503994754466
1237.1047243403186 1301.2694553234526 543.0926842574639
1505.749642247291 661.1598126594965 1465.327558187371
1150.262333705133 897.324896491248 541.2814955888433
850.3653414496234 885.3280322757563 1006.8699720469617
1193.8377833390487 861.3357375001312 372.5356179743985
823.9346307198491 973.3489808174271 1334.7751944879617
969.97075314076 429.0856995638999 654.5519337990174
1172.6833278804147 828.6201607396866 1216.6221888874754
1311.6643101282812 953.3113144273891 429.70797371000606
954.6509726496781 1614.1464297199473 868.7009344833261
1137.286356682863 1204.3018291326134 350.7248898214497
1251.347076075339 874.8150352585525 1054.9722641964534
1161.266057175735 1028.294776552963 491.67872214454087
1072.1219713682901 1310.4062528591865 369.16547390321955
398.61364485684135 862.0074304811926 323.2619054912894
1196.8856191749742 998.1429662967275 1291.0885997917635
1068.252960406716 1061.4492522761925 885.025148643656
1398.751366872741 788.0684277963642 1463.6115647461681
822.7900102909643 1237.884954729114 787.36033402179
672.9508177800355 536.6335093070527 176.3130468067289
573.3648897868379 1016.6002422933133 830.4303019428984
1409.981104875171 1066.1214476853154 1252.8794380400748
1325.1378468047587 1403.1693857594828 1156.8695441754128
1079.9741324423708 1323.2151761978203 138.5571979539641
1009.120810859588 1586.1540639043624 883.1665818606424
1679.544036995319 1161.3098025441784 1302.159819107656
556.2074216067103 1101.420804084466 1170.3032426668358
1079.1898446885016 1319.0679689684484 532.061596362189
1011.9574752115294 924.1657414878007 799.0973998339143
1118.7932777638107 1156.650428065603 335.3341263107333
1164.7599942299887 867.0950494459983 147.23852633971674
1135.3734133860587 1002.7871332544961 112.48837462195455
989.3231099712646 1636.000497942016 990.3105528593239
1119.972594904351 826.4441493419691 1168.698016475887
1112.6626546425516 887.939272378117 1243.1175818213192
1026.1543097102192 747.4564292611625 502.4579869109775
1287.7095641436767 859.4413382257422 459.9150342761037
996.9495338296794 543.1037786050749 1392.5171780540325
734.345427323742 1255.2367680647903 1246.8349220924595
1074.271471197022 1361.3719570740695 762.6674333475835
586.1501679095923 880.495779037138 882.1480881528222
1145.7684713381993 1167.0368712199884 1456.056353310206
979.759422635977 708.7778569605279 951.6794889723529
964.8524614850967 1173.5256308960754 698.9645442904961
937.7282613673959 519.6912277818648 956.0348384945273
1276.586306557129 1201.6997944619875 1060.8315384349773
939.1465740411327 767.018988253693 1317.4013441016887
981.93409311412 479.2787400661275 773.7611847186976
693.2469076662 529.4058385850064 230.93986028411229
1178.8931488531332 1444.5481163449172 701.0589487741884
667.9649363094891 1088.4908724807426 850.5200858324719
699.5659246301723 1254.4164381017815 1245.6860504264753
1332.0040789153497 541.6665308284391 1196.919968457712
1070.6245759807257 1002.2361013369622 1192.0823785225473
1012.6917759995458 767.6938896727604 1088.8116690745376
934.2493715288397 887.0448056336588 604.7342856343367
1253.2193768393035 1120.0653146179077 1147.2191080577197
748.2612514212263 673.9227202166894 1317.213199748328
703.564117365225 1192.1546887910824 918.9747031843923
1006.8729678027494 654.5316307963474 938.8350179220809
934.9451979496796 750.1461755154598 85.75928330699534
1049.6585716499496 680.3282681829944 47.02473595633838
850.7954213902182 1039.6159968671093 329.1857939981172
1186.870807465386 1379.3405791399368 1461.734164922047
768.3769186521723 1465.5212945348085 1422.0979143366096
1201.0210725044544 1114.0104355356264 1247.316981449048
967.9119503900863 1040.5470359813664 737.4460780347728
1283.6268513752166 1143.513316567788 114.2075267940536
1002.2042161537685 747.7476122988903 1101.3561015780892
1039.5244476671035 993.6032128827197 1410.0232638742602
1650.514466437512 1331.2104670970587 377.5376955169709
944.804844807557 1147.974060734739 521.0419929200633
1088.831141753397 798.6816313824042 760.6479953742884
1008.9669073281324 1151.5784962580076 189.26314524519017
1556.454362574102 579.5730790722181 884.7143579520655
1033.1509312958146 1054.166603090819 635.0448307805633
681.9855384547559 1124.9817454411989 516.2398248809611
427.84416877944204 1078.1708649999853 1448.0029545697141
674.689195055623 1178.8628204885017 1148.7772023159407
1118.448173586257 1186.3744072721088 651.4556474842271
853.0277087131776 815.0933482680382 1428.036650464534
823.6010998294192 913.4663733861662 930.1112519801486
598.1534173418472 1006.4708221012503 268.8587367358818
1314.911856466785 1037.2741937029411 1125.7577939524588
1088.4226620532834 1064.9085764747856 271.5267178258836
1009.4574101960915 538.0533435576045 440.8848820800768
1192.6291791363742 668.5104233385657 958.2893305328864
1184.982761642691 1364.2371728232895 1334.2588281310063
1307.8719517609761 1081.0456502019758 1012.8622132180218
1252.616393447186 637.991493019389 706.5494600515474
681.3869649035447 1387.9878734988672 554.6777245578638
860.8277353251456 1087.2767794246174 1060.1325071333208
906.2088477418062 377.37858961034635 454.07039224131466
1166.39049250834 679.2527984499906 516.7208300384691
1522.244671865411 1095.408182336571 569.1621313273315
946.7419547561852 1128.5777620570157 854.8947354801849
782.97501396349 913.2245224783773 500.14421371057495
620.3098870822719 1414.3228938743134 922.532660957267
1000.9727004218047 733.2480417817592 518.222905779615
1542.020198972015 1623.007068253667 269.820881363832
883.8884170135454 1006.3399946297576 647.1060537153136
1062.5157469452713 1334.3128850827225 257.83067119706203
720.3583575751838 813.2577163827577 1225.1773954708144
896.5942212322558 911.2739782457483 869.2033023741392
1176.9164782215535 737.3145148680302 741.6414369567316
1040.1180736111046 952.6420123929005 467.42593209304454
1273.1402643215606 1323.8150437803774 730.9629981796604
821.6612518806204 1116.8079358078303 721.0646751355863
1244.572216249571 1241.9447266817708 740.423592117427
1072.5426729896644 636.6686993720264 878.9964522338541
867.1728314172527 534.4756837114604 929.8492957605038
846.6966503533174 985.7391870583025 754.1411652484409
1278.129889415126 1399.0546001047194 525.0570081492617
1083.9947076053668 890.7805809815396 1131.583587041301
947.0778959344011 661.8454705280867 1301.1816729115724
999.8408827912295 569.6844224702445 1380.4736152851247
977.8416047405032 987.2772618120422 798.9063915835964
868.8417859414642 1012.510328336175 482.7339073380384
1089.7042728855283 822.5413359597176 731.1920414534759
1432.9581937677629 1436.2821974530857 1433.3556301094886
1231.0859538444338 1413.599124910661 103.84324607481726
820.4034404725642 904.2640497606548 286.6475504376433
1023.4019784604111 1098.038603273957 506.22247621730355
938.4978964813845 858.0174349026727 41.00327301699191
1287.389913751271 1340.1519094474547 1035.4386649407113
833.4955762082109 1581.2662534300907 806.5831343157257
989.9554041017437 1218.9447940565326 981.2906020880677
1397.9034127061232 1015.7098997365691 619.3175676122089
1160.69240791162 1038.3266346087253 649.9992927423363
1375.867704792739 952.1755565006604 1308.0551167314113
1099.097339411417 1120.7939448225857 1307.172264805925
985.6143074992572 1487.5938311393716 575.3354894090987
1127.984578747974 724.5357644341274 1307.2216432247726
699.7044605763485 1532.2692041852208 1314.7323191792054
423.4839938903624 951.8158880459524 1191.1455971729429
846.6137343249453 1129.0293332247559 513.5024457263347
1043.0743567387965 784.423928237776 29.955086729768265
952.3115556252478 1024.561758607414 1491.6479714478137
621.1255381252003 1148.175109405368 187.29129616086942
1055.6348245430238 1545.6328257332348 471.7749332385889
568.2915253805885 1264.054734749844 1134.1169614514395
1052.041255642786 623.6096266417867 580.1510351674392
629.1301928861794 861.1208197661746 103.34201330874227
1516.909378784338 803.2849442188835 1154.6303375268328
1106.1357938903031 745.9405324438227 1360.5162506863821
1160.8026930884746 749.2856156075499 1106.088864407333
1406.095386047211 1296.5778488754245 171.81629893771287
1346.5525408018764 1289.4856226536635 1495.8703466683135
747.1231385843059 1095.5636638140822 1364.4104024809374
745.4837336953225 1411.5167611041184 1060.018373908541
710.9985310977916 1153.4018415178396 1109.206016622152
1154.9521371254145 903.1064264005279 337.9936745991561
1363.827289084716 523.9727299759571 235.64153165907254
905.5671679240379 704.6618716104408 624.5747085110338
809.6506117789147 746.444000625049 868.3794009473309
1286.187575224453 1104.5281770177507 538.7279271897219
1034.9661385499335 1338.8637162601622 212.43140784023333
761.9437268872327 878.7876575936803 1336.5807138933103
1288.7135599800038 1080.1119551291554 1103.0046576979207
1322.1746326297261 843.1016427952306 495.76381759671966
1161.6569053839762 1312.591735492243 1140.9039176214176
1544.9778681413093 973.4662548166212 1168.1459570076122
1132.239921387916 1311.1826642616597 469.1230775704724
750.5010412073991 1240.6173605626234 102.25705007073977
1482.0837978556383 848.7185347205266 707.0093308596603
1233.6637741448458 1450.3702544287746 796.8386507678803
799.056575318684 727.3955733684161 219.12277707690924
563.8031611997922 1221.5415723545116 1037.4046095239414
935.6925143331882 897.0968905705963 1280.5012346683563
1098.7311518220522 840.4195397139655 195.21353897898058
1036.8456895100508 788.5145540429236 133.07063853480483
1219.9555727607485 1142.509198557078 619.8874951924829
1389.9197497855516 1496.4135977380045 1065.1652916985718
421.036677850571 294.3319565010539 1351.182162629036
920.9527039544784 705.1523411438867 412.2775194878504
332.54435238526594 1149.9090187464392 1496.5463863799055
1222.6404982047356 1247.3741671758685 780.6567840438205
1079.2988561362165 539.1952960943497 632.1836698855068
1092.2352190150427 1365.452230392013 36.499652834813546
1211.4778452398496 967.0963979837661 1237.200356969772
916.154775669005 1266.8740287251783 1024.1157369893572
555.199328613439 758.6980937467799 385.0902073409294
999.0280312356696 1138.965578141856 462.4977063136637
986.599530348132 1344.919110527316 1077.5460055127935
1186.6267816078098 1528.55689500837 1254.352106302876
870.0871855308086 962.9527537224724 1105.008055792816
758.5440104443553 910.0579999577855 559.9965988240737
1000.7482287923137 850.9398015556195 343.25171429748065
520.4696422981336 672.663472682283 1115.763881469956
1298.0488793047061 958.2262441334134 946.3325870336834
1229.1898105527828 698.5755912555362 619.7837703816133
1257.0864954187855 772.088622548329 896.1924421740375
1177.415507545586 790.8430618181062 512.8082808009549
709.7481683545029 875.7423756426674 1308.3976061227274
788.2631894193862 909.8521414375562 984.415033334383
1027.8802384453118 943.2041877851037 1472.2327536177856
800.4491506429881 1281.0937772149214 406.4625946118578
696.8414313704504 1154.6554708007325 1134.9701203363245
1137.5872598420303 975.1000281014373 271.3318042583267
1094.2100070449953 971.0282447095396 1210.8589444893873
798.3803620864385 1433.5361087339272 359.60648670165284
1060.5982654378172 941.4155997626287 331.5860795575161
1028.9482143856012 726.3713262636022 1010.857109959579
1248.77474378596 1193.6268404190191 289.2116464405201
823.9417312774854 868.4575234566973 181.63302822638633
619.8128264576052 837.1075301351415 1264.8947011045839
954.215574369608 1127.3435790797791 112.78782365279221
954.9273983335988 1087.267125305917 1129.488679806328
1395.6364952112058 1286.6400387344163 299.06326862873243
1102.1366644129284 972.9547708357546 820.6591979491974
1239.2337135078164 858.3050856039877 899.6741663617207
1413.9016294408125 789.7931317372334 936.1645603598686
1088.6159379298704 753.2380658390693 653.1309948068371
685.6860513072979 374.7943348008042 426.63888779436246
621.3704102400492 932.0678832899338 898.8236049991867
828.4287152718034 892.0122157375431 682.2010613326555
579.2124154824774 809.6315095893438 781.2310315631238
936.3770237450742 1470.7791853126657 383.0453331390659
1335.3094335564765 1020.6003261030078 1169.237061575918
1014.8920412187146 1496.239964333849 419.80579544561766
1396.3271780693913 354.86927479824976 502.5072615315507
733.9980335948453 812.9182328878132 149.1349456194136
1232.5434289452007 818.5601647778217 254.5285862263966
1074.6702961888998 1587.2004676508445 1310.487526337183
1091.530622648892 1439.0696865312343 590.1546865847569
981.7444411817476 528.953404079908 783.9096502765905
603.0968355665303 1052.2749220019973 1224.3121146537349
1141.0459480655334 853.0493104769981 551.6525657308665
960.9244125257047 1375.2450260488915 304.11605989877785
1369.4225821091825 728.233375117238 1033.2932133013715
747.1909436343147 1105.61733857654 213.27360538859998
1181.9499280742561 1396.2166230919415 1155.7304417260204
1373.6656305995473 1085.951845323545 327.37736579872285
1151.4844195502722 889.224833966246 201.1396722719817
741.5275778789985 1261.0158821550276 956.7884791945032
1028.1386706471085 971.8079933285076 76.86190132460486
1042.442023576192 1119.9111965300872 380.55687368002873
1147.2061787878217 1440.9033069324628 1055.950855198217
796.2254577096903 1053.5834659686334 303.93277828349164
1000.2167810506518 1020.2245400535899 255.8207487594767
877.2822497983318 819.1346018230988 233.6470774057378
958.090561102306 832.0798324201544 946.6488454033675
681.1831685493285 1353.130369235239 1428.8604229604525
1124.824577244339 868.0645407226366 778.3743680643245
1197.9244572706355 493.4763987429617 721.2656489758645
1480.6238502514714 641.9030558328714 83.26037998571594
762.3943130245235 849.4727303297173 566.5061483553576
812.2531812214904 949.6559366046229 889.5711599706882
1133.4662445979934 1223.8629460739908 286.3611582941534
1299.7831674905412 792.6199050915797 1437.4963195842824
875.9792345987186 1940.6681846516403 933.7251689713808
1197.7634403053262 500.5854499185978 261.2809398072393
1052.3876325078822 1371.1123227379514 386.20068538512044
1211.1029084683714 1279.1784448057647 131.68790093180917
838.4395858426267 1408.6994699787042 1287.3845126556807
1209.5231572417615 1199.368557925282 120.21384132541257
1464.0200907516564 1392.2846208087053 1249.8133546328204
1111.0061347868316 690.7777167627416 107.56919971263356
877.7887372212871 531.0877660667475 690.5249233223542
1079.6505461352199 434.02577383542587 1481.4420429824509
1146.2106523007517 1100.3004382317354 385.4067481644419
1175.8296844408794 1372.980587424949 1089.884174815013
742.764786113484 1264.7847688315264 1356.7378320098233
1332.2104718867997 719.3356594138896 127.57000198922086
675.1230780315988 911.6276226749782 716.9648022173443
1072.9968705759336 1052.989176210937 1182.4008573770345
1125.6665882873206 884.2108614682277 681.8905517215323
1312.5302768900253 1006.774190193047 161.64827499616226
1100.3390208796527 783.3184996883352 707.2825723617029
1258.0729607152357 1004.5393368620526 1046.3047001257175
1056.25496266789 578.2368107280208 1239.2219104062633
1230.410480257912 732.2188635792207 1110.0129710428487
879.2388010211106 927.4733795232044 538.0912008524091
833.8164121193918 746.9524496948369 696.732514488765
1261.5058574852776 1039.9158773897161 950.3823218573937
949.8520661045461 782.7010606048361 880.3689486292776
620.5847891036278 1012.0046067716528 727.4433272450339
1100.1905767256571 669.8614236721844 277.17278698254364
967.1668172375017 1400.1843840734027 1049.4054310276779
1091.194257446346 1144.8815734570635 149.84828930396182
1543.3695055564922 745.3564631887666 1073.9077162177803
1370.420770167122 1113.0302677056854 865.3547195772348
1103.4825524753599 1045.8284120124404 1357.0578328346164
1448.7751269482505 629.8534019532117 114.938690866082
1008.7331864494997 279.21054690490416 714.1504089627001
837.2823994853021 974.7578795421806 1222.0703698539244
1113.6333549427106 766.3526732353666 1112.1569387477664
641.5743903368736 878.0002556119917 1386.7350664444184
919.9859407435657 1005.7423190302359 838.873316696401
1315.0542785993496 1341.7171478011016 757.9754320298472
387.92080913158316 496.060143731182 351.99143212214665
1297.8676057494165 1267.4333299283462 252.50181920779625
1028.3052293084531 859.2292854241803 105.4052111462454
1255.9608156900038 940.787213502258 212.37378715302373
501.70339166634426 844.3277265570923 525.1242567580074
1049.9919710700367 914.1328842720231 1312.9019031390872
893.7083604560634 651.5791058791933 1267.565448591091
822.2691266547664 1261.0706614697337 91.3814843024186
915.6511216359951 846.2363608163514 158.22351229394704
1099.8259176770914 1039.0395726995293 50.46697243292603
885.4206609475682 1100.7455758936262 103.02775405248421
1054.2411306176134 941.2019864585224 1497.8062645820717
360.4415004713924 832.6748533336223 721.4079372573314
335.43248404778717 1048.7590393386722 517.4472550990837
906.7191937268612 739.604525914219 847.5947937227404
444.9355564604523 1006.4267471445622 1103.063015925121
1029.4715077673432 1308.356012751448 584.0663578200144
1207.7207965155092 1335.757294485924 909.6629519195923
1053.3160471920946 876.440629052102 604.4142642822864
1164.7660345263712 789.9622738573487 359.22827847496376
1014.7949545217352 1046.2374235736706 932.8920933274686
806.90418500479 1033.0039603168786 686.5067222495185
1413.3616607435638 895.1269551372391 229.44044660828516
1405.3878936338228 1539.306662360504 1157.7276712294376
1330.7781493523364 915.2280248459986 1388.2878995893768
1176.2589994331418 516.0072324341709 314.8815961764525
1082.4341513937416 949.5014065846668 1006.9783596139474
1156.1006999964638 774.9041513328172 1420.8631907354293
1075.9678477684874 1198.6188241358045 540.1453956221077
1186.7854624794509 794.964498181256 1414.9341138851069
1233.3356908282503 690.5438035821403 415.150771401985
1164.4854270147625 1138.9186602484797 445.690410914555
1155.6201125268242 868.7557864262868 710.136475665373
819.598295065729 1036.6609137954192 27.687126432157537
1263.403397904083 1162.1017265709738 990.0250762371595
682.3897818375592 814.378099520264 585.8824294907607
1075.189287865277 1142.1992169044893 1224.9251671256727
724.3478162358454 1214.2539455506505 665.2745127054841
934.9265566055647 558.0263143345119 1216.635010432784
1184.9667238779227 835.4734893204891 1498.0124077322466
782.4452234171412 535.7519336612324 361.698020050045
1041.6032799126097 971.6214748394182 481.59546364890696
771.3626086183272 980.1451033428128 1026.2173188089746
1125.98486158562 745.6951901289867 767.1095093010977
838.12511326546 814.9558513877621 1265.639416995657
725.0790769780527 620.1212392353425 737.0374071174966
1056.2949807680548 835.7270738295706 782.9112334965093
1074.4384800770774 1017.851938495335 949.7028510166317
391.2031202314564 895.1558184611478 543.7323569717919
1180.2485094210263 1366.002274819668 875.0033472830158
593.1802620708215 1415.1573533270912 507.4499065865719
853.28200187142 856.3399827441635 188.95695919245915
951.9499014967565 701.1052268326089 703.3525925632927
1022.9133084611109 748.5243219872696 976.0761815404927
797.2371799274736 1311.0940346272714 995.5323598571326
1110.807829535561 820.0386508301676 464.8237782373304
1114.037268448667 729.4104386117817 1359.089234427721
1392.0965420401863 1664.338086236609 517.1296491913274
1246.4638278234243 1287.161896949433 1035.8362407377099
829.7635483737507 1133.2803709364125 1246.010116084204
1104.5079126885812 918.9890997476409 607.4826414037948
1293.74399211259 822.3671327441325 1143.6461831019728
999.8423601840515 721.0742036819529 1062.7026561337982
1028.5095877834647 1240.5706438370817 1028.44637772686
1357.756092268824 944.7889934578765 740.7682266136623
964.8701062687162 588.7725592774359 498.4559195449521
1214.2379413576487 730.1994711230611 258.5307612068756
1440.240592206795 1403.2714049126173 605.7845402777647
1075.8092600002922 1258.248411853402 376.58592844438095
1422.9499174779967 707.5851385408164 216.104787587469
995.9855659874091 667.1857195666475 175.37092798988107
1226.8168856147227 1561.614585857619 102.64443148880153
1181.4037258152835 1009.7890345868058 1106.6256940917735
1035.020843366101 985.3902448475559 1257.4602986474201
970.8850843328464 1219.1123623905914 66.91854649854123
760.3455387317891 1054.2998062136917 812.6247749081825
1016.291874354662 1115.2372340164886 895.7978433843049
1291.9205782189674 1178.3799570927729 1337.3379658757244
1193.2310157359148 1350.1118691881493 676.3422566384786
960.208431857167 787.0509754512855 872.8430080326768
1036.8489391381713 980.231469094481 102.89471704664288
1546.968751091285 1042.0695582541414 1321.3712174276345
869.8700503283586 1398.5933363377703 757.3265841836569
1257.9862031675484 1442.996163972414 681.3392049645354
1259.829746910619 1173.1737900908192 412.99646667138995
891.8170946487602 705.0263004923354 531.68277121021
1439.3237264663587 1461.777043834677 886.3270321535115
813.7775102340827 1004.2608576525452 71.64050291000368
556.6364270683515 1387.2595695887273 983.0381961353979
922.1138882497319 1000.7523895298474 690.0336149530957
876.3809560726552 904.3543897160939 984.332803290679
1350.4927509736153 1215.6549682034117 1245.2784903243908
910.6136392618957 806.8986295741876 308.1742200514558
1241.240717590572 1125.7432574986326 117.22448624967913
1047.1390416044896 916.9572929335948 255.88746083553238
984.7286120567766 1185.9169537572843 893.2639753157025
1442.671215540056 1062.8666837272579 112.89284658845777
976.7432992596503 1103.8113090911486 1355.2525847104032
1243.9028317409675 1159.283440730644 1002.7660853506508
1038.094174369246 578.9194385871782 972.9442044265253
1019.4218679257741 1151.4549188280444 1290.7298004947122
904.4893824398223 493.71916584869655 334.91011785944255
1136.419347858111 1091.031581060121 1094.4783233406486
1082.071307481534 463.81010173832885 1291.5794882160299
1592.4810140018144 436.8683367319611 41.18064849385744
1173.8379613065674 963.1355634272652 264.31746001707535
627.4560657937334 879.1832588123385 213.09259255685365
602.2761892482089 1162.285534726639 225.390982753511
1090.106027943865 747.86681200304 270.0677653406123
498.21686236918737 901.3923556578809 62.326772712553044
651.2079992023232 598.403894156131 1300.057523085891
767.0623900865688 1219.3233085952158 551.2980979047146
1034.6337500547652 1324.415315034097 577.0941807425223
1170.6904918501116 1171.7096283577928 51.198941966868915
577.7103067451401 1268.0922064852828 1054.3228924580028
1068.0415817207436 884.8881169174492 1190.8894393395808
873.2895171399952 895.2553519024203 406.08630942880905
638.3890517830438 1059.1322715992465 589.7834389378509
965.7130759027064 1008.259305184302 666.7626124477077
753.5103308485376 1086.2739149145136 1490.2199359533413
315.3078709834481 711.852799808308 1066.0802593302997
906.8145638185705 779.553163492267 1122.273775007534
988.5134870059202 1134.2632886526278 576.6350865885479
995.4044579123046 1415.0318887911624 466.2438633475539
779.3122478543029 830.1726634474725 462.018474790091
851.2138804545198 840.9237266210586 131.08927211739595
891.6547992828484 1049.5679713381853 994.9923367266824
840.7661441456394 1315.096124749477 1243.2547594417533
951.759006270599 1129.5883443797102 1214.1367501277853
527.855468054815 1079.4795052947145 969.4790942199921
486.72817695872106 944.1955453800836 1156.2451059132752
1410.753867955187 1184.1326417347582 385.6897973749888
1569.09704899147 838.0822716361996 727.3720534648545
970.0029427260794 1172.9370953504429 339.7379984521154
951.9969537643605 756.7160235959633 47.528852931738754
647.4763266443327 961.5499779280941 212.7131101410848
1197.4567233964303 1313.6865833088111 323.57180386754465
884.2906503736388 838.5397378952282 533.320989511829
1402.809881572739 1050.9579088944463 110.69599942552676
925.9286172636216 829.4571594810244 152.53842131614297
619.6294786682388 1115.8398787083165 632.48556022823
1199.9794981479592 682.6291964007182 237.13411522998268
730.6800841260822 1210.2328834965945 969.3936957028023
830.702750769267 928.4025201058982 29.132295679253517
946.5269892130792 859.700464411224 537.8899740866178
965.7694933337847 974.1344503046254 242.81278811984913
943.8080592302668 736.3580520844989 55.49749331214143
590.3652462842549 970.5697170899695 962.4049550106206
1137.3270481837567 652.8627742984729 1322.3410363368814
1300.7331726285574 1252.1106729589014 1072.452112211677
897.3668628907698 1605.4957325167552 129.52081250912016
1121.8704044164263 1129.37153979658 481.02029875670996
326.2852345520994 909.9817436317537 879.5354877373403
945.6669437385596 1389.1836698763911 851.9996878635775
1309.3905973785347 852.7230075710193 1226.3988080542754
875.4475466678148 709.228369180375 417.1443550090362
1212.7242656235164 1322.649588163357 70.48021073145038
1012.5862855376837 1296.8148239960824 254.96411587886635
858.4492725253024 1080.285011749472 274.5481124399488
585.936719562579 1080.1085542898045 675.7123260393253
1006.7073329615802 1186.9054983070837 186.26512324690557
536.0349615609055 1041.3269123761208 1040.4134061829957
1010.3052025460166 1189.6139040263984 729.7493321611545
875.1196935046378 1079.13112064738 1091.321144960034
490.6350067306556 843.4935969797805 270.87172509797057
1089.5671183090162 1137.9224892347295 806.5909853205826
949.3016006100122 926.7806778585118 1191.241480333761
1324.5514893026545 798.5747125140067 588.3305889587734
877.819962828316 1131.6993215218642 1257.1892453356797
1120.969428094444 1079.6804033451003 993.3996680781788
975.2492557722011 1041.6444040741446 244.28182143930516
627.2388549068485 915.9865336642914 942.4306203814496
1374.9078164086998 979.6900702175615 1436.6154446714856
1183.636381666459 840.0600275143227 542.5549599216429
1308.7616001934223 1340.7025761621053 282.01120008186086
1030.399630199334 831.566245853428 938.4361462805141
1186.551139820389 1143.6670757136512 963.1498861054567
992.27690980221 1232.465140697805 1020.5244617164974
1075.1239261452542 957.5300196017924 89.19183640275979
1294.5248279154096 835.9057505290092 613.2055106054228
942.6988042755765 787.4299795312405 375.5894758150839
1146.9687351136954 1074.175374886225 676.1359917175689
891.7641640164956 756.7412217275794 1056.1345121897814
512.2502919311644 1068.8652745652046 1098.6488514019927
898.311226092043 673.4403403116523 578.168080805749
1167.8280937020036 1071.4878011010953 1461.4352766385302
1016.0908900012784 1005.5800008591191 895.0031883204115
1445.681128844124 1020.3945268968772 1141.3638730950092
692.3583789203742 463.4978861097136 1092.820240451102
842.3737952280266 749.8224893920237 1038.1744880848628
885.884567054894 830.7504963942955 484.5539743857571
1202.4514435638423 1006.8344385964406 443.3077443856246
820.9048754634691 1055.8809198313218 334.6682677531226
889.3120730693514 1243.096241107904 1333.3518683826885
781.1724393652629 1150.1788465724949 458.7408716822028
987.2988107382353 1181.1298670798947 1112.8039285732887
724.8642905810751 760.8131951863945 791.2814863998425
1233.1496242170501 838.515613442732 1051.7524236072388
796.9490405438237 936.5718908090053 1497.3592312368703
904.6713788801729 1349.66596060226 1216.264374508163
1560.0222403678708 933.9291336938159 897.1883806410816
1020.3419031828978 1104.8179463083209 755.1521150324442
525.1431600745469 1271.1973234720276 943.7812921583197
853.1807556184087 1302.6709050768109 1181.2661457777886
993.1950530458606 751.150794556716 509.8111781283223
1179.3259564401599 805.9426297271895 1414.0574074088183
801.0031474888814 1023.3940734546192 740.9695628072809
1319.8314831813807 1172.8315039956392 1213.7034921774066
983.2520851373531 1313.808754249016 88.59974553041883
1309.1824325683583 1294.4146325918487 755.7046913654705
1003.7404364354595 1317.730194473095 1086.6227663827947
1178.44346039706 1362.3740271230972 1403.57628418011
903.8270415501872 914.2973335144978 567.6909977858481
852.558625891494 775.3676810191523 1307.5459123722833
977.3259720782162 1047.522198354236 1253.2169917388032
881.5759728988432 617.3125452658046 1201.1048964660536
1260.5891423898465 896.6090473482907 1270.4565993548651
652.457857187332 1350.1523476414554 1483.5027523597344
699.2589084016188 1210.805246278931 235.60335583285348
856.4644154506252 864.5129020920849 173.08838067515313
654.1973416970898 1098.028861098307 730.539991091521
759.9964069189766 768.8951119312037 1102.9742299296147
1061.5747792581233 775.542333255788 1086.7610134992897
1145.8002114458586 1157.9530797459415 257.6642717591279
404.3524855103608 885.884638779167 117.19667505666791
1163.6622921698856 808.695194820641 127.51809749249904
1010.7842527106242 949.4139285272695 1482.171067239216
1170.0147072918162 1263.3398318041484 25.86465202608357
1069.4789063360383 707.0944696547671 354.4269924619019
1069.9139318811222 1515.4609622712264 383.8331914141973
695.3141000026825 1237.1918540691001 158.34608683366642
1052.34408640723 1208.651658965888 812.0099373193946
1541.5560854431064 1564.9244398228454 621.9724208307487
1084.3423240954876 1096.636891017588 1194.9560101882928
913.9450557277523 1191.3479357236629 14.409743624080317
972.3273693557512 1209.031417830975 533.3265436034641
1093.6997192271233 908.1770218877173 1136.1237673734354
799.8545864866156 1381.9236743825056 606.4775930784265
927.5209463378884 827.3686756652385 650.8386792687674
1457.79350718415 997.0785358469996 556.1147206474334
773.2319551312431 1375.0433486955862 971.5163775286807
766.4934718242727 823.1429159836263 96.47478702772105
802.8806487025718 1097.7147496216064 1477.5756240728615
733.7276722031414 738.3640000851997 473.91342127065576
980.1970390729415 1003.8035990833595 281.6576668978692
1023.5971432275677 590.0189582009202 272.83666054166935
1118.0853906854336 1442.9381612733396 86.43316700497562
1324.9184652449844 1196.4300674039252 1054.324289753665
928.3723788441487 1164.7111882646982 1149.0630929530976
1300.0140882810263 730.94579191814 1073.2842638241693
1285.3555129410472 1288.959000526522 1443.6804706687615
952.6328108213086 1099.8237450986499 560.5296634675392
1230.0689577514358 872.5567354131849 642.5507975145653
1004.2231551286754 928.0206390409253 1230.0748035636934
889.4841500688138 934.5496245401256 1003.7064091964974
1594.921374020825 1416.15835029358 894.7376035876441
1195.4801128744007 864.863942561178 586.1208026784417
750.644245151798 1076.0690587764263 1155.6291773869477
1400.9665081002784 1026.55870632245 813.6356825333813
1081.497788010621 1188.8578001071521 22.4809784596392
1067.4254496008455 1386.5400374149422 392.80001506194054
1018.257215675035 1005.3308572567387 967.6492331486476
568.3866588620469 1285.493237120528 304.368424625538
1190.8159527456733 827.3373166444622 1125.4449421469262
741.0692708702045 764.519210271608 16.92849668210433
604.8942176725068 684.9012545490058 1181.9647402256276
1155.6909562705168 981.4474168453828 82.49720552265954
1020.2510094211054 541.5578636819009 1371.1439954936388
809.7076933087859 997.0181599566479 175.30873457514434
999.0565608632278 1363.2372036804375 855.1562397905346
984.2528590024998 1312.7326480701383 756.7781748166246
821.1241543084057 1105.773966846678 991.7617266480402
867.6549987695695 1435.1068195661967 1474.3158276935399
1058.7130467874163 1174.6426946696708 588.203863769519
1189.351061854537 954.9799158074801 23.38421487549358
1380.4092810553575 1153.0084297474302 141.91638395611116
490.14371948116155 1117.6065670923556 1427.511268226733
906.4054237171293 928.3242510643582 1354.2291958527153
395.7261449365203 1225.254355674475 228.48426038163717
1359.0245333184193 1449.0120832779653 1247.2840385694215
1538.9137852677982 999.170208704571 647.9293945516077
943.3204643315792 1044.7138367345963 690.0836637463984
1036.8024844239446 1318.4055290303518 417.12961733478204
1331.909098803691 1019.5129629524954 870.4644698563823
916.115660774189 913.4593604525382 431.1052236824799
1218.7147582309585 843.5043620536688 933.0373308280291
991.3940836923093 932.8958119132606 1482.4135656962003
1526.1529410231126 949.777517827059 297.3338224390432
1048.7202925870397 831.2626495293906 279.5757555706214
998.6217238918439 1456.454863503781 1016.9172093853476
1029.4015768341694 998.1834780500651 1261.2482577752883
968.1629711014392 1394.2707540706392 56.662160851586485
594.8124706823663 1052.6888427738477 50.82790236548801
1486.9086863085743 445.63700953187174 1014.4550964106429
968.5077951062858 966.7804305344421 1315.119008733996
735.116553923094 859.4414136723689 1020.5139436460026
1442.5577481076652 1272.4424033643945 925.7960117995473
954.3924673203868 1411.9681992550811 998.8741388474575
410.00194880650554 402.0638853188734 554.6484816061001
766.437088729134 739.630740615095 27.846165624489995
1156.5598782319596 1006.4222278387665 790.9576483855363
1145.0053068428115 520.2944858717723 474.8957791259852
1046.7967497247917 874.8983429553022 765.5587457566475
1203.4130390970204 1226.3722898558729 942.601044495453
1373.760168803841 940.1990906726776 302.3566175819526
946.2034535771146 949.1307818263197 1002.1162216208585
1016.7616670217633 744.2847802574908 535.3793059349144
860.8300890524242 787.3909560881204 1221.3943876743033
793.6196563366861 1254.981406554754 1331.8848429857326
1175.543826146614 1083.7099366498144 363.8913645393617
624.3839597241777 1465.0257422104328 463.7142502488949
909.2328144265277 1618.2514924484728 1294.4666526587557
1212.6173357030652 569.9602638195686 1437.5165813296146
1332.0364939838423 1292.6482264449712 475.66506184965056
702.0535257485533 1035.2149901908956 724.1016284858113
813.6657786198884 934.1967115459476 1147.4610557968704
1341.255533920728 1087.1267363394877 50.602756095111054
811.6679150770387 835.3036151037311 87.57429051478194
1136.6430707664135 1087.1136499661577 303.9853645136575
1004.996420526554 1113.1533287455181 1420.036768601211
970.530765414474 983.51590148367 980.71439208
482.07119620075184 461.057377268923 420.74176956953
414.8626405857806 589.1218523270487 1105.707604520491
852.3327364005476 824.0381483785718 1001.1565664118682
1216.6840211625251 855.7072266890287 861.4377584896171
1151.1838028257432 1033.1051703511102 1322.1399909815375
1043.8002907032453 978.5676639552325 1019.0437496674701
546.9134388516146 934.1661078117983 444.9074287877472
491.48704105191234 1033.836981339989 290.4071139738357
726.9514284868033 1113.2457421861345 331.84047344242646
1161.0832845950447 1345.263576072606 460.73013640098975
882.3391067822267 962.1457564392053 1382.6452119714456
856.9410608872664 417.6223070442304 777.5469476469683
722.4904376499687 1241.8155147422747 1192.406925174637
812.2645262282356 1364.8212812418892 257.0775239989314
1095.508599972794 559.8486733346547 973.106042998745
971.6465401589004 840.9275636497755 78.02332145770657
837.6486192977934 791.23412145324 824.3841302377706
790.5215137687806 897.6454998236646 1327.8043352836603
1138.6415292589359 731.9943071015875 1132.1596895239607
1016.3482945089527 782.5926857010692 1417.7210717411867
1236.1550115639943 1249.2872770364188 146.32460223994931
1613.2271277974264 932.0716680683183 899.8019359091671
918.2545191387392 646.9203660083406 81.68233036357081
1026.7872449323197 992.0453874430681 774.1332143765138
851.9056492203038 1269.3161483966062 411.47203331947276
1136.5758729715772 1223.5363292948425 952.0689360310027
1030.4053142850164 674.1169276077053 920.8355158146545
1093.1254958289333 646.6906922996063 987.9957936669404
937.0939231660465 1032.2607313549024 1396.8583470394344
1605.3791617101756 809.6205414061869 1342.765080926069
1119.0683800383156 1142.230440488479 1066.520930360827
1387.2330944943037 1027.4384203866293 565.6310644648163
1141.969435682015 878.1417809468161 259.3381201970357
869.4873222124727 1310.488408088674 668.0708539484663
1444.2737210439127 827.9790722488788 513.4901690943092
510.6475632397265 591.0089782261407 304.9066640307483
1133.416594194754 893.7896185585175 1204.821398485498
740.7656930455896 1556.2297579600904 746.1878835642424
1118.6629633990083 867.5803563567218 146.07505208426497
1043.7641315439585 509.31907480199004 844.9805907671355
929.5364546721787 338.31814881501725 719.9347731343153
1023.9686392002515 1510.41948678383 284.15819747100767
1049.9454991058872 1059.3988148959995 1356.0685705221924
1029.5878963215996 1262.5249856426567 850.7329475970378
851.8838843065829 1101.8067242720265 637.0069212353883
992.2104622985928 579.3755842796165 648.9115533448601
986.8685331450923 440.5599419087606 1445.936654958694
810.430117455772 976.8761629172075 511.37463264061125
1039.3971715247387 772.260724854782 72.91659565970127
880.4327408168415 613.8490659530157 867.8366117369644
1089.971691438339 929.0594502384661 1468.1687439170748
1007.9336277694018 1002.9158676061221 1237.9470474785612
933.6305735948124 1134.9582346933619 936.4438469087966
568.6759786969451 1131.5235483872566 112.6134458774542
898.5614058134628 792.371718887067 700.5843290875574
1056.7333057173696 795.970193769117 1318.1939076723845
740.0645092915336 857.723695948084 976.5060284815235
921.9350659680986 1097.15687180973 1380.1330649629015
1176.0393966196154 1142.3963755745795 54.34803953918982
761.934447979172 1219.4907364523915 113.1266402417681
794.4230686975563 1022.7304277363507 875.303702276574
1162.0208123388168 555.2589699855628 1375.5659104976362
923.9526286483265 896.6466242258981 1273.0475688138224
1268.696531664225 1383.215091810753 899.8589759677897
707.9894867079715 1192.1146131553219 713.975185271405
679.5157564970984 966.6562468035733 237.33452724399322
726.8382686817597 882.5889166513008 230.7480328522607
847.1707266659125 740.3271651105481 623.0056196519126
803.2729508597424 1095.1980153512907 298.1601954984115
625.0492155465714 956.2006962774917 1118.6045128733085
1248.2085828770962 1014.5674787111341 1281.499169236634
833.8368698949179 1147.2398777081182 161.7102621927544
1082.4344056548734 675.5666381665819 652.451142968785
1085.557165959901 864.5087314766647 311.9566244281766
764.586173896045 1029.0555256322198 1092.6375872816682
1243.3665805300564 1355.1690633748863 1170.6031009872243
694.6670941370903 825.9460637430353 618.4688346765203
1053.082000106411 1100.17227853264 453.98853800235713
716.9513117637714 723.205691812879 974.7071010056678
1118.15296993669 1106.6032673699956 1105.4679267485549
1164.03578217396 1083.14795750707 457.12174753623214
882.9002092184884 940.7049822483374 945.675070677077
1241.1131306384739 811.7191395848814 307.39956551835996
1263.8819766225547 1396.320775177544 1382.8260301147495
932.1116637946199 689.1465895407449 1425.400586499683
1314.876004399607 923.8417239645808 380.15238488846313
949.98379781308 1047.40602786756 266.1210429895052
1350.6348647935397 936.904149342046 1355.9518073821764
1240.2553487139141 1101.4237150255508 864.4349155335459
889.6727249566169 728.1958486693006 450.33611881387316
1197.9969270555112 867.139985104671 1081.3206037742511
733.5293517346518 1230.7916856963946 394.40880074809166
494.8061914894927 913.8858985513843 154.34446601796654
789.5989196582741 1526.9327035546632 807.6503829706976
799.478363615749 774.8594665418907 1261.3463574567534
1033.0440726878314 1132.1519005192772 408.6876663925956
1031.6298984979555 560.364457144477 373.7041191869687
1093.434434473744 1108.0084338377255 680.3047912592359
1046.181869532842 1018.2315697097386 1281.8840871385714
715.3820024894557 977.4203941383252 301.04951998920205
786.0360411394406 1301.8822324790322 80.27213578572373
954.2895860233266 630.6415085245354 1325.4945066455327
912.0473486574679 741.9270456207487 1160.6046750054666
1316.6100435199023 1203.8799351593675 135.5668077209281
960.42002390581 862.0221168559211 1328.2089510911494
763.5697804330522 766.4834873129703 165.2468101692116
1320.3331056145544 1449.4730840250604 233.70662336191168
425.3681547947417 981.0361699900507 350.0257706207153
1078.9313169601085 961.0419142845806 863.943079704871
1243.0563400828653 909.4467870472951 240.42686124828117
529.7987710244975 795.3856697755145 888.5851102230478
1295.52419485576 694.1892249819095 1239.9358785043664
843.5189210988381 720.9904183377381 464.4644253562412
650.800804782556 1059.893735338791 219.58589963562102
1449.6789792876282 1009.7609353545267 538.1407325386521
544.0520423108792 524.803069549181 1110.229735796222
921.2200116699349 1282.7168528232687 91.4484681067107
832.7203945720132 608.3327415277383 385.5201772714593
834.6110200540206 779.5739958595888 1289.8224372001957
1446.5144974567822 1533.6145915860704 8.485492879243385
1794.5233150731924 807.654597160498 702.826724844721
755.9150504886633 424.2391260511471 972.206872179364
901.5634411371823 1226.3454026361073 258.16909523396373
810.2799512839297 588.4852548014467 1045.3849738120007
1507.5161683455115 728.5363340312431 998.8845103053443
939.6764178266518 1058.445425341407 278.7674847602426
573.9042238332247 1187.1527480306531 313.65243964945887
830.2393436952759 715.7495154282699 531.7148456579229
1032.0229125688638 1004.0651385827623 74.94820594725155
827.6206625852848 603.4706374454634 980.9624646925092
1289.6077456193575 975.6551416112668 549.072846555572
792.0856174264297 654.2623085721792 86.873508628446
735.0485649088398 1176.2154859199068 971.7016169109072
779.6353684465181 700.701537348486 923.6870924959826
561.982127775812 944.2287686651904 247.40389540716308
1249.1935199945954 1109.0317505774763 1166.8535134936537
983.2219040568434 996.9625544777317 188.6365956553303
1023.8077703278245 1055.8119205732557 81.48448498102745
960.7482663447512 472.5206458480559 357.97485756311727
1251.1354495422686 804.6216556104409 362.4819828168017
852.6776589019601 819.1885203069359 1074.8572290275483
1123.0936360453547 1328.9076360151275 561.858355899292
1289.0521070066484 1065.749248969201 220.18126205462656
1137.0307810981315 814.642167130486 494.2920740906875
1082.9519139569434 1205.4497284727406 209.8015573869606
1231.9192964980982 937.9740653733082 827.7116263857395
984.3857037614353 772.931270206893 883.0216857896148
948.2396696644889 730.844963974758 646.743218041227
918.7387485836804 1141.239059198599 973.1580727190128
1440.9333779920585 1218.2986612743487 984.18569887545
591.1123540532366 656.3798955426103 1233.8571486986966
702.6738181109156 1117.2269457092793 189.96914479602904
547.4895268931593 1389.1643348918453 398.8221262429957
537.3106590119048 910.6004900580974 1067.641578563484
974.3635898806068 1333.781382572279 464.7477712356765
1106.610450988914 1256.0474061848972 700.3546590846634
907.785543527458 742.2261513442597 1392.99621516249
918.912215520364 1177.088676253106 724.6019736428835
849.5723568536108 940.1063279357635 0.36098734571637925
955.8544943190223 806.2172392735654 1306.8337341228073
1132.8898510862418 1083.4746406899264 1433.6804045569074
1274.6946208817603 1328.9681362202793 1270.6857197624772
924.3945677160098 835.1443123690017 241.5203900403667
816.2601797704131 1412.2201463276629 410.6285158024422
904.827678257401 767.7385415798198 746.5877886690079
815.4826342257227 1426.4408078278116 703.0145432111024
912.6436046820967 956.4467737024845 616.0168260273543
959.9350838634895 1270.0400822025906 1324.3076477345464
1063.6325956661951 1231.169804163959 1467.1191431071184
1216.873682646284 1009.9711109798845 1477.2929849804252
818.0461460578867 1226.97777878526 1139.3188752591861
1311.3145970499904 1428.7564128111662 1018.3034545583613
1093.889560866309 942.7492977828149 1370.6185042791196
689.5132491306771 947.2623692057285 1107.167625543762
805.1548657975906 1120.4003421363593 377.7483923944845
1007.4992065994373 942.6331806811136 1145.4513309860663
1528.7254023644964 850.7299835855536 1027.0066189595582
1108.5607644456468 894.5607328703389 932.7424885797722
617.5201491225849 661.2978624996708 1173.445568327202
644.1924349283343 631.0313209385888 606.7328719314223
909.5709173503761 1175.655877357785 333.47133578784053
616.1296025506414 961.5029803678159 554.5510835228255
683.089605184002 792.6700362439367 604.2437879466548
877.2993519767415 1280.4826735064428 351.87104351634787
1015.3862536995476 994.4535853146497 628.557522517843
934.8969437901969 1018.4843871550157 866.3337384720671
1172.4621596955187 1026.3272740781742 1488.2546334935314
1155.7746901486853 879.875535660294 675.6714108100842
1106.8546501237345 1145.1794122095052 356.34968755041535
900.2459756162663 1336.972439811956 232.83292547773027
805.7060711421007 884.3274650986032 147.12355518643767
917.3939217371134 907.7042725798719 1290.710636825768
633.7030108326244 1096.096293427393 100.4224265678274
1188.4978962527482 1090.0021708882882 10.680672718037798
1251.2803438387787 1144.5077340884836 509.7526426744674
998.8681982234644 791.4235857005453 863.2279160515311
1092.864589793447 832.5576794031874 1247.7176266387307
1059.5112793519265 772.4819717700743 456.39635418282603
1143.6030073068957 941.8883569384767 1206.5062142417974
575.887356863655 784.1338370594349 774.4749920165165
792.4685777184693 1014.8170244191502 455.7622160515679
1142.6166998870212 1248.2598138770659 302.5905843863577
1464.3321576731237 879.4536097293912 1109.415209460967
1321.3451896632105 1557.0578022886693 1299.2656916243898
1187.8064257544368 963.5063377380727 904.1231730689367
539.5958394730258 1194.8498649654807 552.8849260892536
625.9780715266375 904.9588017905705 257.9288062773492
1024.9561486493117 1247.3165124189197 684.1282011083803
970.5380471295566 1666.814599960315 1109.8243339301405
988.9706667157834 1191.137099362663 611.945685613835
1268.8439011464604 1362.2619296210655 620.2320203491932
1377.9173381916225 1062.7715506385937 262.23202035982854
868.2644466714752 1129.1959771900254 669.346415930381
1101.5924349345166 1112.1620740291764 1350.4039974393772
1245.415702466051 796.4385889331005 68.04635953262277
903.04544307373 799.5707382770102 840.4523637517307
722.1068695030943 671.6466327744555 1412.4444751789442
1152.495171868359 1249.3072089746888 240.12806591890296
989.6536117305214 965.6538024147072 1198.1067137456525
977.7243859938773 942.755477671507 1317.4902702898341
783.877265023802 1063.2421452542496 454.9704495218977
859.3410505194895 1179.9347261523221 947.8512438515008
1066.3425879239057 1333.0411030931914 873.6401800932508
918.3696028022115 611.0269198710637 870.5041715115632
1027.1573830469829 650.5251393312813 1302.9255165558702
1025.2579049797073 1020.4272145202077 638.6465615600264
1222.7603067925709 1020.8704044764809 747.0918137464831
1051.1920385726485 1189.8441900909454 731.8030309100226
1311.7639693081953 1103.3673761791028 1339.6508273862783
797.8279723344294 971.77310290492 385.8047851308027
805.0611578465121 1128.3729593694716 767.0478195786728
1156.7038195568462 1017.3917083105089 1216.9754967528443
1159.9886833151058 1500.9907739172904 1211.5282479742875
1522.5068401969813 1448.0423399303156 860.0934457649242
829.431102443122 678.5260547871144 475.6661207191701
885.202928177556 792.4907354954452 4.659008587594382
1410.0142535952027 668.1128353787597 1282.401332175687
906.5915624067653 486.95428073515495 536.9259865787145
1163.817637040715 1386.6648205427275 1297.8798600956097
651.4114148144748 948.5839128756886 1328.860289626899
735.7491482475139 790.8887102159159 1307.073419081877
1351.3230004713741 793.621344246566 1304.278972422641
1172.61001136428 1427.8020471275008 1208.3599620767989
1240.1172772282496 884.1415153909113 731.6120525119679
879.4686847501011 1087.1755182681022 1058.4489043154929
1448.456243988556 1378.396095511328 937.2861883934991
619.8314279337415 1038.9762487788178 1103.7271410158808
777.6234367410927 768.8542414926544 1197.6501565065234
1394.8498066143727 756.2292095378546 1291.7233080044343
1182.3880832766454 899.2839637731059 613.1001670258286
908.1607742017968 582.3415437999374 867.5108850813625
1090.5726773217416 695.2522474308606 1093.52004762008
819.7182552842128 1310.7382627482814 72.84221504600569
1157.4631110671169 1002.6207161757092 705.9255712159511
1063.8678211473957 558.8838386892057 796.512899075936
560.3484951347809 1215.1633304357997 1319.2748115932984
1019.8036607152869 1114.946106737228 1108.1888541690478
1034.320875850018 1078.4063224925512 1458.8525799735098
1026.3923760331197 869.513008772161 1300.111440484064
967.7190218265945 740.6278156599667 548.3134962801842
1182.7639417895948 1053.383671074489 846.9567408684666
649.9307031983442 1160.7718269138293 1465.3207513314953
1054.649277080606 872.971663583896 103.48284486365911
1283.0226323518414 1126.1237589248335 887.111216799333
834.6979722020294 594.9655461188488 1328.0308357679644
1030.6002674277306 811.5486431379874 29.06204006275992
970.2281548378022 1049.276813452499 1474.5467087437717
736.7572491827996 1094.3869608255625 1342.5317113930182
1470.0491631496166 1185.2408284246142 106.28038838382342
1122.7586768735173 1065.0419604036415 663.3558168303757
1053.6197145678905 986.2675187850502 78.24431023543121
1271.3413062037052 871.0551098015271 240.78536799281207
1041.3326488998027 680.0013654035224 778.1578266473269
998.8749147462478 807.9496678081478 824.1670714324862
1172.9325599054423 1046.163272491283 220.62835479581867
1106.1308445136792 808.1634967577022 1300.1334012713362
1107.806801007505 1333.8306241090324 910.1948692499814
741.8634115014048 1226.841387535815 614.0171119265767
1017.9555441255646 855.3871545010697 198.37980528813503
940.887058478668 910.2341019753038 1149.2362633369914
1233.930772858069 1264.4591328096217 196.90821015045896
1060.2055217693187 722.8093554441447 975.6967224773912
1085.7039902621302 910.3014838986655 359.9407586541333
551.1706184839691 701.6317677133643 356.913236817821
875.9371031230675 1334.2835050452877 611.8403847075507
1161.7089158477902 1736.293095355462 1040.9359389415513
1128.2170223761188 1011.1575572972449 1487.1368262673943
659.7750741226148 540.4178475117437 83.35170902800593
702.6221389541188 922.6296612352008 1219.9180755007083
1428.1568834686796 1410.3868223513448 1363.8557751917504
476.22449584648496 917.8169046251205 1138.6208691226575
851.5821243208393 1160.9612732611927 759.0711042527371
1168.0381530167551 1006.542781904456 797.1750884462563
954.9410368146569 1197.5168963438932 25.250989844201154
1145.091842625265 1320.3360168991185 596.275026129345
922.048108112496 923.5049535842232 1121.7464338079508
696.5086175392821 921.2224505982962 1392.5863718091923
1201.5202718118321 716.7940064000636 501.1158716838673
1504.4241497660423 748.4831158857171 708.3715307965548
742.0662141958385 1402.812000946834 124.068970049385
1105.921584500733 833.9491265263987 1024.2421319316181
806.8329418998272 551.2246831096941 1299.5033897175244
1412.3070041162166 1709.0711688887363 742.9685710695861
1077.172320923338 866.2372245930258 1151.466843796126
757.8669382393192 1103.6457250102824 1374.0648115482009
918.729592800858 908.2130079503626 697.8830378206804
1043.1164133618702 805.0533883293472 976.0305969049491
1314.5393031219025 1408.135216068749 1147.6335325265359
982.5710835630236 958.8502522390567 1021.6480161390936
493.50209946810406 707.6347932475292 1282.501154435306
1121.0632678772874 961.7026708118327 632.907945764325
1200.9635407449668 1072.2642754962042 322.63653017839
1364.5078112364065 1457.0106786917538 349.7088320023406
1172.562157391417 1052.4050521609274 882.1322679218885
900.2514155941317 1011.9494022336398 1455.7089872039087
1268.18247059463 1045.549479652933 673.4183677449678
998.352906212685 1341.6245946016816 655.9142778803617
1109.6885088347476 1037.4644218147937 244.0731878649078
1031.9894715849862 603.8880691500555 1253.7424279344855
495.7085196053328 1457.8698023736079 442.5547763510506
1642.2143675959492 1033.3824624724446 388.31681372437697
1070.6379643110868 979.4226886057794 1049.7269035629722
648.023342484622 990.0276658373947 120.39429757434323
784.9025487238372 678.1389404232193 1178.6168707128863
1039.1481586657192 1202.5065844211726 314.2474729877331
694.1313203518014 1335.5191189011102 753.7298798394851
810.8711902878931 1046.7182974562247 1217.088397753613
390.694363560602 1171.5885994515386 630.833693505118
1154.0653246340923 820.0748111753746 665.6297107372262
1273.6495064725407 1174.1493370496294 924.1927342679028
533.0402718728988 750.0276083498096 850.1349694892997
1140.4045448383642 1389.502861858493 139.76063331259752
1277.1823098694583 583.7458036390574 302.32693993828684
1344.2553954977084 1248.57902619114 347.5562359325775
1078.6268956092933 797.0041143474607 341.4364306802985
1156.1444023978045 678.8842788664595 20.63984152291437
1139.5101211161762 963.9678392267498 608.5629548978795
915.5935281158829 820.5026188182509 1204.0676026337821
858.9860243770618 1247.229100254946 631.7149272554176
614.7574464160627 728.4345060918463 332.65247969202005
877.3303355472011 1477.6394446164902 942.6085718343578
1239.6472260807811 939.7582865929749 1484.2119925112709
1156.6136063699093 919.0729761998491 657.804233113211
683.2455010265626 764.2496055700129 1410.9978067339364
910.6414385639075 1113.4844355894381 1023.8254793422097
895.0342253370151 1016.1258874181617 1136.206147086288
651.2820659348438 1297.6924836650378 821.4657921797435
1082.6245757462925 1082.7462756319642 65.13315008913972
796.7620514867914 1593.8412797055717 322.57130818842165
937.2008212357132 782.2772833907514 95.67943223877911
1029.150380986991 1175.4635965323287 23.348566035210183
1148.287290976055 1084.7360810108396 1379.3876132130854
1193.0039120300698 1023.8014650925222 849.8865652719965
879.605940549915 630.1966568201268 1356.1434657508337
1026.3259408746947 602.9155346405221 1068.5753214571114
673.4885742534924 637.6964854147823 139.19367079833205
884.7345014075775 831.0697606100471 49.724914325536
560.5011179560956 1282.3195582322603 1315.434991889986
1360.4278249475692 1249.2324865172654 1215.4926042289337
915.9461423536395 750.8293577207584 1348.4582811815626
1063.5572606020455 1046.8829594087106 1483.3710589544648
1327.8049464255391 1000.3723786352944 323.72308227985013
564.7674511428397 904.8217468294706 563.1919179870403
