2000
1122.5423425948907 951.9799071829424 395.2398076303413
943.2673594823418 633.626539158837 1118.6093405812244
1147.351884428066 1109.6276081416247 1206.3056530940958
736.2284989847135 624.3694120182647 398.724573643621
1065.203906727612 1208.4982340091315 527.3478267202554
1035.8750124217308 1279.1901673573361 52.04140831503712
456.6782413047695 626.5812713636201 300.9168682225373
1145.7265395702223 1361.8732489823656 532.7945731914917
910.8903951825248 1161.8880324277914 276.62160178285814
1028.5960151329825 662.3563608055376 1051.937519188
1170.4067859527986 493.7501035941263 929.4655777189569
760.1130734088404 580.2990962124184 1383.8107915923074
977.9668858264919 976.6740126983757 1297.54065813274
943.0791044076293 984.2312284527765 247.25402060803592
1158.7659797312892 1397.4150663836203 1250.1665683622443
581.5061380937688 618.0797986635528 1482.3741129721127
1083.058629260509 954.4102749040206 541.6450329269696
1222.876712232527 925.4058651469416 1056.5720716070928
1015.407328708295 758.8932867294989 760.1025938784145
931.6888166276674 1330.7836899923095 744.2479993195318
835.6291902174596 951.3643035253012 517.0859460259991
1050.1440294587937 1441.6996880820152 849.887536943725
1203.708103386826 1043.3062335599811 720.7550199018386
1056.845981103088 1053.2931798295033 1352.5864106201716
1374.0231509846865 1487.2633216214326 435.4727514555743
1179.3172817259356 803.7568362491346 1121.0681673253443
1201.5260788911166 1029.4294690394381 895.9054099825215
978.7802595294983 957.6523279433254 1453.1706972355569
1052.077750227766 837.5010087959406 138.2023571221942
1172.7133935371726 1344.4338842729198 652.8196522129039
873.8739636810147 702.4712667558144 523.5946808454808
1457.5053742856694 1107.2719555590036 132.10533542826315
990.8317160166108 754.3597891307242 527.3053224582578
571.0836453770253 1244.596074071527 112.52036154333817
751.0092896103533 1306.3773825729254 1473.8447147689872
1046.3152940217624 621.2946705630079 89.27579897087828
1044.2863026314685 827.8260461703936 420.3095238488789
1271.3776046752714 981.886440474026 88.41962170025202
448.2498377925534 950.3212797435541 1277.31469974083
976.3348509055054 1670.0551007623253 947.4762655147363
745.1585644785433 976.0235201739099 715.9120528197822
945.4074827300951 984.3746320616792 956.0220689864717
1180.4280315408173 518.0793196902509 606.4663962793024
1127.9768515503536 751.210076298734 1054.4171641813757
1259.6475841525316 1008.7225797323252 1192.7169550398144
739.7068068176867 642.6719209051485 1292.9535831854516
605.0438025689069 1360.321528150899 1092.8079668279197
808.1696241485824 860.4414098509 1231.6874366834702
1465.7929855046364 598.8648561113303 1082.8095589829413
901.6545941287526 930.5209178282064 352.7003757130005
925.8553402191736 831.0761122384972 1286.0594063283747
1082.1354774730994 1130.8157601063904 1371.0904165602851
732.7602719712503 960.7654711368438 134.94589167387815
1126.2179945479434 1053.5939566708341 1203.5200456895159
784.2810923581682 548.7967842396979 1375.6428522785525
1511.205065731216 1180.3868230864914 988.0168631386719
1122.0607339056157 1146.6029538065786 436.56061629833516
1123.8714076903952 1098.7265515898532 1286.9077559018303
493.5454809637737 853.1096088294769 377.5220362562178
970.3533408354052 991.9306293148877 563.8938738047057
1234.6124900583463 742.9659009060574 323.4207977878018
842.2329738440502 1270.2913160062033 225.36826818920736
1243.3113961801803 1113.1471597645243 1126.1420517670365
1279.1926086532899 874.711250291598 1204.1716824207647
1082.295913797721 868.4181751254237 1437.7254847422528
1190.5933206854866 1525.8408387795198 95.93973510811077
1104.6736808654819 585.8528463686346 452.1230049538422
591.7880891083275 1134.3955562100355 923.5810136750896
975.9139075521515 783.4034461745907 717.4573335633355
1286.3158923701271 1399.9379048821916 991.3563818103974
1041.3211899912367 770.7815317250042 873.1735334420371
1057.4357278225825 1057.3914718883973 932.6095255665091
1114.0024462033198 979.2423962857001 540.341145845279
1104.05499280289 1122.44167029483 239.43410862446547
1440.6763473670446 1217.131114047865 388.61008249862414
863.2427286777212 746.15485974626 215.34754235893644
1109.141099001777 918.9441799874979 314.6439752110929
448.81446281224044 984.3234252583022 75.40092661674235
967.8567929901669 695.4108261320071 56.83884347560525
1035.3153055269624 859.7978982567796 890.4827145506795
1078.013921448897 1097.0799211007356 371.10259864018246
783.736409908665 1261.7208829992278 1476.7084616076688
1199.0543091325017 944.1919916815935 1101.2056440618762
1622.1573688849294 804.5145172457821 0.43342621687852967
775.2433859094433 1284.5425410708337 1041.5762641843287
750.1242227354469 1550.7576744865278 170.69148651816002
969.6187426377242 909.9353471500498 1037.979655185237
941.927884378437 966.6763451871835 509.43517543289465
1230.1325464752472 711.6525322443993 1112.9775030248793
1417.5268855598465 1337.895184042623 195.91946110763732
1058.047967038216 834.1289538154638 40.94415305317695
1108.814966208335 927.0157940460982 1396.1847946686803
1313.4537300404481 1271.12184971815 307.1387376879633
604.934386015246 1408.4915135039762 1417.1549933018914
948.5902185538828 844.0941164003734 712.7314501070828
1328.2766633386955 847.8005560606173 1211.2185106718507
832.0884737062943 367.03166818464194 439.39281616409943
975.3700157684298 843.5241238344299 677.007458213115
798.0542286182075 1077.2990883330979 136.6886413118269
1077.9249075728922 951.0193400475815 362.114248811212
963.1427607077366 716.9860880199101 260.60274738480445
884.7136184285298 1064.299607724692 561.4123174681839
1229.4372022252228 653.5525769392226 673.2544479984833
782.8609201855197 917.5152876556918 604.0533222965489
886.6570918053026 1032.5976226013563 1011.3265656974407
1312.2396553463236 1726.2782439816888 1003.3959357509071
1011.1493958300576 851.7994720521785 952.9703725319522
931.1284994639946 790.3226204151778 973.8606478249515
1070.8223371062645 1419.6853109891201 1361.3601216303873
918.9496776993793 793.8460745976575 715.1531653173271
844.2093124785722 704.9812039053891 604.8675200366782
964.0099457315914 1050.433695361909 1458.8089283736865
588.0847692226446 909.4844306708732 809.6222884824336
1211.1914439191316 886.1602531479434 113.08578051452362
952.1962474424248 496.06410443120154 1349.2366310797486
890.6778828967688 1227.4060521797485 979.5444901895739
842.5503589936034 1331.4036389296937 155.5260587354678
1058.344191780734 1164.2821609296934 333.94978679585984
1005.9040610243388 684.2031523477422 466.5173067713196
1000.8168976248885 1482.8197213778212 1091.268012095971
905.1484836162668 1335.2514720840793 756.7014331248704
968.7604081777351 1116.4793591980915 263.54655505529695
754.9580147861576 1069.877687144698 1021.2765462056576
695.8977765896224 507.10246280480084 1405.916223621741
1037.4345065839416 436.55100812648584 1442.6869351806588
818.6040193257862 1100.249055003376 102.59796796241532
975.6059716955842 693.2290157575602 930.8972610220675
872.2696764210124 858.1117144530695 886.809920171173
818.4797835384376 1283.5106725568787 1105.028148665073
936.6582623433419 1352.1797480452935 951.2237221187961
757.8194771826036 854.1541257504116 1079.0185658209552
1536.8301287754898 1288.1902301244882 680.5938216153213
618.1629817126461 1125.829921528387 635.7180960300149
1044.0116359528554 1507.3890864466912 1351.8896992497985
1410.833443297094 1015.35894903896 742.1962186574971
832.0613282788413 337.9828854254424 214.00853736216013
732.4690338785633 1153.453653423821 206.37868083838583
1002.240848233223 1757.2742718918244 428.6194674792589
1063.2669052103638 1158.941317774182 627.1297546280407
856.035847725583 963.2521751314748 1259.5929566892116
786.5132902611748 906.8919797786294 653.6514478657294
995.1640154243498 862.1624016232676 304.10256947644393
753.8640599186378 823.1827958606559 1153.1807463735065
1201.3105754785154 1383.7869286064179 1048.93608309648
803.0704074323305 773.4903547197686 227.9566071087022
1311.66531721532 1130.5976676380164 772.1979097925603
786.8422809108594 411.04924728624087 58.54956966172353
976.290339195142 1210.1500777881058 1242.0848147913841
529.5638086306724 1105.0985400065201 678.3480280592742
1111.070181611596 1178.192782705137 1441.044602222019
980.9138628907555 881.3519364653679 1137.464165848364
965.1280679545007 1316.1075537672778 1028.7629147681303
1352.6792050379593 898.1443888397001 1000.9690386349108
1068.43980074017 768.0051635268128 643.8652434856481
1187.745982405278 896.2224747858996 562.9400415900283
1067.6157623203505 859.1550574241049 676.1850781284702
1056.8119916056833 714.6465853656562 1323.2548944172465
831.9110921477302 1459.029645771896 121.21784397261715
1187.3412236925913 853.407691383399 35.77044575342603
938.1435886052669 1214.8902103647767 1366.8017370384694
1025.253244275917 1220.5146471731603 39.959861236889324
780.3475144756421 678.6889017693293 910.1807331906674
1555.3668699491395 817.3607129956574 683.2626433052003
1336.9495179850337 1074.1673296850818 1458.5976469460225
867.110969225825 842.7026305369125 1016.515400392389
652.4464286170777 1136.6594294441882 896.6083905933758
729.5243012947361 483.93505557347373 984.7057745227401
1317.1869053539729 692.5548117771252 1260.5600888449123
1087.1709871353255 939.5519105521759 728.6029023651834
703.4920817575612 1003.5367406682545 1095.3252675223086
957.124605991062 1247.0624584039997 522.3189098169687
902.8152432816789 1157.5449159454995 1359.1214616028485
824.2410248324322 923.2408660239546 308.68267329044085
938.839372924634 751.2965425980825 786.1588433971483
814.7976396657705 737.1075924975021 817.0812372594339
1195.661959047638 1352.5115773159612 201.10662804240675
1298.8733001261003 1099.9264029532242 1107.3433427887028
1089.538168953648 1218.0804764560514 1163.9194199021651
801.3130136597663 672.7775813074024 372.42187909510795
1218.3345167497228 681.4521674078298 643.9064762196908
1339.655648933286 946.8537608672387 331.9102532945996
1181.318013709835 1534.6904311283697 525.7809524032048
1231.498299126563 1174.7841542669905 1169.3695119939193
819.509198467392 1328.2991326187794 74.40403468285129
1136.8194455172352 855.2444546388166 228.76147177959473
1455.8804345590931 454.826559674318 400.045339069286
797.6748290726239 1013.4124781963394 356.7510466200163
917.0862196673473 1155.6571880732986 450.52545451556153
540.8294074025484 927.1296180763374 1441.5375714746197
1095.1915123338108 1065.4697193910724 1316.646009318873
1013.5794069645073 1118.5882709030752 1416.0605956383838
636.9095960232216 1163.9787745404842 764.0091608283194
939.5787687356141 1218.8040249238848 1076.3781164821783
335.8373306257855 1333.2364651884955 1303.218945660271
1348.3143312675293 885.8944885679782 912.293318873138
1122.857507506179 759.1024272635674 380.33120543643713
832.2921818168144 988.4459347100233 1266.7474029433013
798.9256451919603 1097.9805378848896 353.63935643011905
852.5169830165048 1116.8259637987198 798.3446796691929
976.886062771378 1186.9908206691302 11.93568052097832
959.8471817598322 883.4892353514541 1116.5209918140945
702.8296197808684 806.3543814835243 393.41270468673196
960.1211155609467 670.7973460819153 53.4231397029995
1014.71180465139 1010.382748705593 1172.2553299977399
1024.5740455533848 1197.8624302018638 1379.1123320816878
1059.0629840417541 832.6999111354804 586.7987814016394
802.2058443802492 1193.7127433698404 437.8946742878168
1312.392416538674 941.8518010114658 1038.897720938756
589.8164965348576 1037.0804857028888 872.5380292653551
544.2367768197796 660.5762478452314 1142.3904753952588
1097.0038741497056 1036.8598024784521 1244.1478165253513
1106.7314838037419 867.6086911055198 1335.4812659853985
1199.9283437132037 797.9085951443162 560.0146659890079
991.5859872746123 1087.1121373718674 966.8352017520992
1113.6734805026194 1510.0648472613243 1076.004614090566
1573.0339715376795 935.2120996921337 603.1499812703286
1022.30675114274 906.4148911129125 877.7530147035616
1135.7971912301932 746.5795290045958 192.17866458584675
1154.9030314501995 1256.829928746944 1003.5616380980637
991.6609478362254 685.8006553803436 52.616900838634294
1483.4045133620134 1228.623925955365 1046.7402574742339
1151.3005665586338 952.0104439519429 622.4512179794285
908.8931678626168 545.8129562136058 104.39107428782995
832.3341695983979 1003.8851572497102 1338.0284898568777
658.6054129441322 928.9561336402496 458.8677817996137
978.6241181884467 1138.5125841224458 1170.5492526579371
1097.2358985846702 1073.178844953477 1430.3339064837023
659.9966556877961 754.695601013581 265.3605365954952
877.5740636573513 889.3034849832562 1097.8943062931332
1080.024354641177 1100.1481359326951 513.2868793598997
1567.3129004311352 1170.770460853809 1122.0246032483885
840.2761001132253 615.8921666599371 1101.2655361241316
773.9272850042805 853.8647743971735 1423.2180300540679
954.9009985544509 743.7438711836289 825.7064960695028
1203.433233511037 1194.0202594826858 173.2234586195716
762.9710128524739 643.147840348245 954.6813621779838
959.9495494161346 1397.376338501459 1368.278934736022
1150.9998503985043 712.9677250075317 864.7620293450211
1102.8704803878413 888.5263895669264 213.16494475856769
665.8719049180747 897.1615058029014 958.6014746961672
1015.0669289420346 912.1779550822037 1459.7294384684658
1146.2468113799948 1157.1286438017255 529.80162313259
977.0888162556731 1452.36807983483 887.6314536158433
925.3276275711307 1081.1450130783055 275.8995950445279
1470.9471479374988 729.5363298509649 840.7931606927168
1414.4047945417406 773.3154058787077 566.930076007755
952.4945836012895 578.7357587721096 347.33371415607763
1196.9975111645442 865.9352931904143 565.0153295381946
1396.9570519742288 1429.862343504699 1359.6049851706985
717.9013857012269 1145.958611877621 699.7704624552831
831.596429022808 1022.7547885717668 300.72263741409876
807.0278259919716 582.2796062124189 900.999853114274
959.50291228848 689.5884785333017 116.55461078230095
833.9839676986585 958.1405259918638 1042.3988942648284
590.9586730200172 1276.9301530376208 963.1925683483049
720.494042487697 842.1202473736387 682.53338528427
1116.648625805376 1071.7314089262566 406.53358355787634
1179.8813737658581 908.2351431592532 996.6769017287389
714.517944969889 1204.9375213562462 854.4280081333925
1288.3666866737979 934.7503676772999 949.994096161372
782.7581145961501 1227.4376064343785 359.2085333958525
1013.5247682867099 792.6215435199292 1372.6704221937134
964.447447103255 694.7607791438022 508.8338863520456
1290.4042046255431 743.8171779796118 220.8459575331239
966.008893005064 878.7132450741445 317.94468799004886
583.6010619684685 729.3231315232285 1342.7182548178248
685.9209443811574 753.3590356519701 118.07526574384592
785.1615183144705 645.1326728950495 1402.4059756662346
828.0694212399862 836.890408262044 449.18461762562873
954.5562310865813 927.9295014530154 939.6558095122801
1245.2510392209444 1226.9731173476066 609.8673083898508
1302.7639418803005 873.6603289528041 757.7756913908199
675.1171071943246 1177.9197666162827 1027.6460016422964
1227.6392899076425 1297.1454127284355 1008.7182285682941
862.9137562800232 1097.902082148766 1153.7650999912782
760.1243241355379 1114.5592039880296 495.5544366771156
1179.1974087899941 710.9144323845148 467.5629448034453
724.5413686553428 739.0251945845469 1245.2038035887183
1098.341730599522 1098.332072574527 790.4505581902794
998.794795510274 919.9718076929324 834.5353120288956
898.7705216950591 704.5381815304438 1161.796118835359
1091.24860101587 949.1604302408681 1403.7777874125588
1292.4215610073354 1001.2449019846282 99.80698505705776
1187.9841137931298 1155.3522718043064 498.5328068311381
970.2285350285173 669.1168331562773 1258.3964280849605
779.4106146813814 675.4923530919797 1360.8088022819793
1070.1370070385756 1246.824434053803 1151.4046162630868
644.9707683618839 880.1758441870245 906.6673428330167
1424.096857937965 938.1373547707828 322.6621142813392
886.0298692074431 1233.9814567472192 33.070232345466685
1237.8805515037175 1049.7166556122395 164.41220627611276
1004.5280120693384 1001.1074321623408 250.25155059450304
779.698741986167 819.6620201370976 1002.1264167357209
1185.59630226331 987.837755794137 348.5069108518527
813.8352367120822 331.76011753775197 697.5776048819836
1254.16449864558 779.1266466732708 642.7770829915229
824.2039429875808 1003.9914355007327 151.00202187879407
645.1211438831524 1239.2987546724255 646.296316494215
1258.839357300411 1451.2929532054054 470.80318175932797
473.3587703840518 859.9615956892162 1360.2064912643702
1031.171146431771 662.2606117634516 595.5339711940226
691.8324065081177 1216.5010059003416 1410.0559551559688
331.3995293651857 588.9811020728642 23.456374787112434
1141.5715402834248 975.3007521805089 749.1139152587058
663.9314141528041 1189.5704798779027 1399.2167393199436
1111.4683195812818 1055.7749053872317 1376.2329674783168
1111.847615924401 1217.620726312383 556.1583213847709
934.429106039916 1048.436878672182 1244.462714431801
1670.6167522182018 1365.279963524833 388.32075006833446
1329.8955510473627 1095.8512480008003 1452.9706744357986
1022.0380725370779 1039.9645928493255 1469.8430943235905
952.9726069616822 1010.7985496949348 319.6750238690758
979.1708746089471 791.7875924622336 1433.151775893017
983.9242390427689 1121.4080810955015 888.7496604351844
1375.6847171467864 1089.021065972944 155.76273729944816
1395.754805647871 685.675293050188 421.6943765782459
913.803751052727 689.2674261929045 158.6763890928156
1081.6372584389858 930.9129246065824 1438.0543163784225
892.6680678570114 990.1672210124597 1002.8428904819733
998.0342085636653 1037.5009037766217 917.4760315135668
1064.2605300263097 1033.8123758834734 762.7532459897075
1004.6350868437937 819.9926827005537 1251.5830517403324
1175.4956900550978 876.921760788016 526.7661162128742
1027.677271806511 1092.9158206492937 924.1740499431012
1156.599993429233 1004.1449551398506 753.507501441864
1133.3062233158466 781.8174584464961 888.2629957932814
1198.8347853680013 1183.4558761130195 450.8765142982101
950.0470060448878 817.5970193221285 802.3732204328419
1210.9383738664565 745.1433212232957 156.0653659908114
492.6885705914281 924.1818316529742 292.6474108079008
1409.2847114641754 771.0479387491372 559.942318258332
605.042577888546 947.9435803010978 1446.8400594141397
484.8919093182227 1222.137144147043 548.232087213058
1071.7873580159805 609.6113910755005 1290.914138309582
1356.879210959841 1248.843078257511 1002.2734328160569
1172.8893300091008 1368.6112214073155 152.36810400250866
1292.3018743519829 1156.0172704967028 865.7007868604719
1424.1809390983653 960.4441065233034 501.50077633665404
1200.7726774546672 1292.0362147050823 91.62051074115391
679.4797908404781 1130.4778113416514 726.1123209134181
804.4587026602799 1579.8219242835758 680.1704072071564
1128.965733901005 1079.830377481812 977.425201077933
1238.1192431775996 1141.4339512078766 1171.1437734805131
1565.200785268564 1261.8128975809332 902.3005090498417
1109.4336316912816 785.6513397858134 747.0545882223876
693.3175137569374 853.1198126165575 1448.7266147079886
854.8671556342164 1348.5031278974143 918.56255221001
1234.2970074641185 930.1494794207005 323.05092167930974
617.4733119164471 999.6250680401472 497.47689296522105
910.2497001240769 1014.8261687478533 421.6094678958519
1159.16412479129 873.4600025216408 1426.3985869660876
1158.661516084313 1425.1273423824973 347.9515534954834
827.6264435657954 1139.2584454584066 297.7991228859824
1601.63983133628 845.1081790476384 98.71697981415467
563.6597976943581 1330.6488171035126 1075.4990889871356
1462.3781482168129 863.0879994500215 102.86597800361253
1002.1499789498699 848.4772104644251 705.7000025371492
1063.7560109564922 940.5882358664387 1.3035933217969697
1142.9061371211733 1114.9766589487167 712.8101802950883
738.6954699903305 845.3678251559764 169.70941700787262
561.4409945085093 674.9561977335574 1285.890165622241
1387.5841071807938 964.4935314055672 723.0822139573373
966.066379665052 343.92145024363606 58.396895325156684
1052.6140597881406 552.2158082644361 1097.1273184156084
855.3685966823065 809.1788104785797 840.3672174769732
1002.798334858673 987.303852063628 603.2095977866035
756.6034281997064 1076.8998267626127 803.9017797215748
421.84212167090243 1391.296435806286 393.89366916312804
1382.6113452842465 765.9976894665218 724.943790572301
1378.872980149729 842.800135814651 731.2977709250115
1370.1718884142101 1020.4827188320903 806.5469345059232
1121.4225684487649 1162.306524583747 1357.0741117304756
984.3326550990867 735.3448215460619 1122.2179011716382
884.7663108214783 861.04533239585 1342.7158135094926
1268.3698056344388 1243.5094363013488 828.4591952108667
911.2715260254843 787.8091856974925 453.45152016671983
581.5973132814667 1175.2249352406395 1405.2913748312808
1100.8672429072622 1109.4941176797763 164.82648971411606
647.7125696755809 940.2816113940268 53.525815923538
1067.1160474147614 1408.4196232476784 962.9851634513335
618.0245109460491 844.3056668528291 345.4934509839305
1392.7900514230712 1078.4238352855916 1425.741626876974
782.506334743591 1592.3261256226635 156.79649233986504
697.0295194377245 1354.0936930492799 881.9879563961332
841.9073024629516 1010.3053522467834 230.84461493376563
884.3211353327846 382.4139243858508 939.6677116411513
449.82180687358914 946.8262637811835 138.20596345008036
1067.4506579580084 975.658850856651 265.8992150267538
999.262952546693 772.2962694571759 286.61866898296313
1454.8314132998219 1160.7884261569327 277.14440106305835
848.9537728899146 383.8475330881341 950.02840106512
1184.9248761650413 829.5457326734286 1403.7946701511353
1297.8119929182703 1096.5559948854363 362.99013334785434
1081.9588883669114 1075.2652926861135 1052.7694212535253
887.4461021779995 1122.2192227118355 866.2483684205162
1527.342135006932 1109.1541244005418 756.649424323883
1236.2583928104318 1106.7390189867751 1135.1663324847038
1432.2945119628318 507.53618801374495 1080.507264656279
697.0438294957235 1188.8126616404613 212.4770925731267
1039.652373191542 613.3094297258219 1288.3827701041798
1191.0007196102772 707.4790185703232 91.89726524313141
1286.4340216299884 1239.9617907107843 508.97559367953176
1268.423129026095 1191.6289374054181 1052.3723813193146
1165.2235705971507 876.6495085466263 354.83137010134345
1120.2888850270167 895.4943135334033 1364.431753890008
820.2302938438896 1119.474059624235 673.4701319874744
1085.3347326817773 1006.2726632033758 954.6368491011026
1203.2491566707922 1191.8267495189066 1055.731725742613
705.1914892699892 806.7378670680915 282.6079522963906
1105.0141378702149 1237.3742749440091 888.2809978508676
1471.7104290700659 1058.7222914776546 830.2203884126808
1259.8050594168033 572.3742065411976 1132.2433021146558
1519.0864364787649 876.9695584471579 1202.7389006251349
653.9599665924841 1477.4738930803048 293.63740126173997
1396.1100676445035 1560.5686598359714 1359.7128443523598
902.8123260729964 1021.5518353787414 1048.2892545024051
1060.4887443614873 1061.248914341686 462.05134413323844
1161.2646202049696 1199.8900276904494 1195.7447326917054
1065.72261577451 862.0794874102249 868.8240926651232
769.6996695788434 1116.0967320751581 1269.4692315708526
640.7040131496908 624.4551368786088 921.3415527343969
1369.9114849905986 1194.9032084359517 124.21849336179541
1233.892885628356 1109.3770247349603 637.6653447832921
908.1355104534516 1025.7360856306443 1488.7559585294844
905.1065127677326 551.3789653552659 1490.1361725483468
797.7038256928884 813.9106098028793 641.9487974575396
775.4582194758365 827.3914206724232 153.07361528807184
1008.7109532141873 1067.622836301562 1302.300615063543
1151.3601544388455 969.9401294243601 1259.3177774550218
1321.1042319301469 1052.9685620424104 67.17439357966364
1264.6389534242448 1272.2954425869589 1459.0782091545977
1046.685854463563 756.4016102871176 1292.2070148140922
1287.7295595468113 1238.8373855355533 1325.8762795068565
805.2676087457999 1197.1420123943417 233.81840379349305
1086.4800561808424 824.2059571187691 638.6270136259054
1030.617546360047 681.2750840330225 1380.8055808661375
751.2927128743737 591.9115253686819 1075.927951630881
829.9121040124761 1153.533652193723 479.41952833523055
745.9864785970706 838.1022419886056 825.710578139882
781.1952366996759 1227.4558983759384 144.4860268491685
932.0157211541598 831.6271860576275 1343.7656504154443
1228.98232202154 1325.7761588243782 1031.8935493139911
706.69538468667 1033.639517066066 711.1474835396194
646.3099069475323 1410.8237192525944 687.2039678766855
949.3701825742825 1409.8242673153354 60.675342678736534
771.5896882512129 677.9726699764174 607.354775935752
1192.6264895216361 1079.2787155087021 1089.9220498662114
1143.6245680574616 1052.251788021505 1225.0651586624194
851.3803143336412 1108.0524588586777 828.1024271414861
1046.9555652653485 1503.6817313375213 1449.8716005084236
783.837896753886 853.4285407524044 484.82282137826553
938.8119188150254 1659.0740094555554 490.7776416248035
1179.5297297928025 696.1082406996574 1452.9696481615
834.2169486303433 945.7158891421539 266.16990816320896
1507.8867161811552 1047.0084073588177 801.3170867644299
670.8759200611037 932.8624298717064 1403.398388956329
1570.7501337175029 850.27200447557 173.8752833533508
1022.6141416750322 898.0218225373624 473.75883969976815
523.5055684856907 943.8195988490132 569.5181752611625
778.1731798150555 966.2483127553828 239.18205711014207
889.0611117127278 905.9979414581286 627.9906963726229
1041.5242593230264 428.33636191934295 1202.0294619427016
1196.7179967774027 1106.6815335410438 1368.0027098229293
861.2449740646131 885.6502043406001 593.4493069323703
631.8836885317696 963.4282725227804 1200.5403639417448
1060.8184629579207 773.8350727606191 1259.449487317216
1004.2064705480653 635.6948091555404 805.8165006155443
882.3167442491851 785.6059548137564 672.5760446755331
829.0527995280881 895.4584767524427 377.26710492783354
1231.3299581339902 757.2241308970498 231.94999113086368
1212.720011098591 855.8776136814246 1276.665790594864
967.4573712990399 825.3021106800438 147.32309263035287
1003.1123647253517 1243.1612125542335 1087.310944699246
1486.6014051396892 783.0299567282627 385.9260716352898
472.7095863635733 1078.724499049816 219.87129733579087
1397.052104437528 1374.9783177327588 864.2306807811143
658.587172294858 1184.026182704419 554.6731908837328
1083.7413284763888 865.134233467536 798.0403659749295
1079.1595185875933 636.3222069420891 233.5626203829681
995.0372667772122 1029.0803688186336 828.2462456087009
721.6648885595705 953.6675450406092 300.79587095640846
800.2590083024197 1290.9677281315112 7.019665180424295
1499.0481347084922 1064.2331579598404 318.42984437673397
1201.7137713410739 909.0764717265474 1346.6166821149461
994.1195340399855 861.5362670338452 936.3171882286025
813.2746463577283 1171.308774046629 748.3920486046578
624.4926485480877 1270.4406944785023 437.442432566203
1130.8943144885457 1023.1852995496079 287.55184147357244
1139.894286599294 1024.9864056277554 1066.9165091203645
845.8255523128312 1026.2245274250415 367.948202011723
982.6358174185312 1100.7073160817893 1395.5942832384578
1277.4989696555472 885.5588305241511 457.13594725873963
891.979847241785 564.8191035705072 505.7971855804129
884.2525642862729 592.7764380477443 1284.4919980141813
763.871439346027 1166.2816630539837 860.8544236231359
696.7217297193097 1088.1151398798402 1215.9161237315975
965.1650678684439 937.9104352024978 590.8892176560009
726.8535685487946 1265.2611965634749 726.6034086541806
923.8792112693494 1157.881406541567 125.86240017828382
879.555127090558 960.9236825999785 1458.4086537175149
832.1041196234174 976.224672645152 564.4660821717381
1068.6500363493737 899.5432635966545 406.1548060370969
824.362414596476 890.5687572045366 969.3657647215798
1093.6480730712715 1172.2302379931775 90.39421240750012
1113.4844662690366 958.2330135467812 181.51240467774966
1002.492371424472 1255.1131232007747 839.4177911649629
1578.220469147776 1050.4383366307875 132.58615489257687
1443.3951861311343 1494.916565847453 923.3806759609588
1019.647239649266 770.8216470724191 1173.9466875615437
623.5471751272023 605.9562301145784 855.933921097341
912.3117071336092 1324.900763088386 1247.942098614603
1179.5009462607686 654.0800737821776 24.53928070444111
1101.561375753191 957.0740830930242 1206.5030957559284
517.8788949340408 1082.7534973572963 597.5573505748414
847.3540036443995 1440.9975128097794 1057.5628683725722
981.9412836222756 839.6925960291633 310.4541695070376
923.4623742660418 1174.812330424812 415.8293098758734
1256.5665651696982 564.6289141059713 609.6200104669025
584.1795531879661 680.4680575090968 202.53920605518056
873.2919566085397 1071.4265672295205 727.956579788865
1184.619348135799 931.3352085136071 1123.4832409973276
1269.9009541434211 844.9218185696582 1205.431774272689
595.0041436739147 1135.4099247484598 376.55146477265816
946.6153756090631 1407.120212857573 466.7979351891406
1179.3951116566222 772.1864580815214 1397.1149060040061
786.4313113324317 1046.4385160455934 1081.4955588602754
1002.6502258325262 1264.7400939339313 1077.1940292034965
929.2380293715073 939.2743902749356 1242.6629968097832
644.8569178120025 896.8938546832056 105.36372975087028
547.0203091249371 782.5765404834855 608.6152548549732
1146.0129288090488 858.2457019193164 934.5195553800263
1019.4082267278641 1016.046731516113 356.431955158324
787.5033519280622 996.1090739356564 1107.9301209429289
1411.7435420486654 1171.2793622351928 663.8795553248748
687.1703930382171 1080.0224877571347 1017.2361699931433
715.5057312713805 955.6354940716412 664.7107960132303
1209.4386972108177 962.0326698815559 1397.644792818706
1262.0044442936246 976.1912530309967 731.266543869025
785.252527850782 1379.1718344465205 14.945112678915685
837.9568062150342 623.1497543859668 999.5540150361682
1241.8281692235932 805.4448236673545 256.3049066415891
795.3479695914324 780.9741303272885 509.1095475777193
1607.948854952947 1162.925642219285 1055.2376435146823
1048.4954523174956 515.5782119466958 1205.5804372529585
1107.77178983948 879.6545139411725 173.7657308524703
946.8236215227322 353.10588684935146 293.123749216813
877.8714035288774 1255.4827528537867 314.26479088601064
824.8767326824247 1179.6127311858006 1480.8404979401455
1014.3834725543871 1132.2820168037606 430.7464425370726
1188.5819183855654 1235.9596713018177 269.8720065466449
1052.3599221456209 631.1756112514383 195.806623057501
852.9575040988075 1017.6513776944919 751.1098245452815
686.9363515549462 813.829882388826 939.74462212406
1011.5883415084817 796.7537459691926 1327.9702292578959
1112.8643897844122 1110.4412445736573 666.1544148230788
1024.1410862839627 1035.0954175483394 430.82147353181557
1005.2818382782831 1014.0143096981815 33.53421381485572
530.5842230760034 1041.2080087453444 592.841985836507
729.4891324536306 758.2311556221837 315.04685389171703
1078.4702171427157 700.4005760609143 377.9535083764384
922.4387649962521 1043.9262033394486 1415.566551253669
741.3820276118897 743.9401468545009 234.93660609009459
989.6685572374523 1070.260118818771 874.7663971127855
1377.3024991506145 927.47257075818 1105.1170219891058
1201.8973529640084 751.1069915656532 795.6436167433055
1274.1254468483776 1572.9015152702902 790.3604218658246
1385.3420506514221 758.2804304229016 1202.254383589431
1082.9641117266674 1341.0451468097208 458.0859842455385
786.1902958558946 875.4494726269719 292.27818967969233
1037.677655573997 840.7602575956543 383.83868799953717
1074.7031658154763 1034.5084526259893 46.72504334652056
690.2760323615767 1061.2084985855108 933.6753233250132
950.5029492148226 1524.7980360140104 1103.2449379917562
1102.104908576178 1132.1241993802125 1289.4909657730839
1243.0917274278584 1048.7134434764928 1314.0304691925642
803.1112411440532 815.690022319166 555.6030891498199
555.2701935124092 1078.4135925062951 826.274461949442
1589.9943661422617 1252.0776458903183 507.8383287008474
644.992234467272 1115.5366280359701 906.2095323468858
1026.4524103928195 980.7706538126282 963.577715520999
976.731742960218 1364.9270202507269 697.0876939226457
782.7945936273583 1446.7788662215899 1297.3874025648906
1040.1246307364963 1058.3498847845474 332.1522116911343
971.9100982911643 783.1301395283297 49.314455569881844
747.6638541688393 729.4771786005801 978.5674650510632
936.7890493195217 1404.1043707862991 1236.69334524817
1247.7042261544584 916.8989976117822 909.6610224653884
1396.873453302816 987.1783011143177 1089.4710545642738
1217.478404082362 1058.6119482868735 1039.7368907450284
994.2765150564458 915.4559635258605 963.896714574225
1149.7897535615275 1167.265910265943 1349.1547655265997
1186.3590578194878 490.9426406620122 501.8524551873285
1102.3903947583015 968.2360848092673 1061.57242531594
991.0777005987952 706.391310459725 1398.2559858740324
1077.6823953603518 823.7804590926826 1257.2014250013624
777.5375818052463 886.3586168321608 819.5958940922861
917.2533264484326 1297.1217432102694 1251.8042196054016
776.2917830982142 912.2986187650629 1480.733689859312
1320.289338913353 872.5454285886518 1265.5951675754068
1418.6693093999525 731.5703999645755 284.52893770704776
738.1665393539192 946.3403715358332 1189.9482884699762
1002.7848458051544 1166.1607274608646 1150.6565855442707
512.0523457021507 895.8671624534556 445.75601207140926
1326.4479526244809 1071.40575448971 1373.0654706002742
582.5170458059426 886.6037674758984 1227.7504353647391
890.7853685403649 1119.8909571081142 68.95709257448462
531.9494702380853 791.2706100308933 988.5322849669404
944.3074072943036 1158.4745792656681 920.3014229013829
968.3785196860355 757.579290713497 686.8897349870297
1130.2791078047221 945.7116346186291 1031.014297244215
954.4128562517083 898.5825553332162 1427.0763652865367
1082.1682143726646 884.8627248774333 534.3621630797222
1045.4141743653217 722.4636276670617 860.5711707801806
900.1018095065034 714.0674404359011 113.01308482758033
575.6713533611048 854.1123126081728 580.4963116912834
679.2325151905225 488.55332606081726 140.00239306359668
1046.9516118693537 1073.0851066210184 828.5997984659972
952.7112440129666 625.1475132407804 1134.0586366302032
979.1351743129368 944.5072106778273 975.9734162629752
823.2205435919116 1184.5463434438232 828.6213854245009
373.4596843360355 1509.5957490359956 195.3280530040547
928.8126872890081 979.9614922639438 906.5825672133773
833.8902554596648 939.7415942778083 753.5699296824789
1403.5017041596152 1274.7871070716117 543.7154965916747
1122.2636419475755 1413.0277060054664 313.4236154771038
1206.935262353021 1507.194141287448 91.72570188348739
1753.565567184783 539.8044325531796 1269.5275250212414
1683.2609807928734 639.6722564938259 741.8271365130867
996.1502001226181 757.2571950380926 50.36611086250403
1085.196734530828 1164.246360297732 470.37593828236845
930.2468395937226 1056.1035725077868 1281.8695028220354
1065.7980365285853 834.5993901259444 792.4618820488861
434.9200392596739 916.0250613138373 935.8526908044033
947.4770118723073 1302.3163388941682 694.1849616075733
1226.893317770358 991.1889228400286 1161.335683086778
1020.8744093586511 843.3058100500818 325.91719016810987
1097.2081468206093 1330.2764471369226 1443.8239501886937
1277.841369016166 704.7161178009927 1267.5070991590658
675.6126330506422 1464.643199721786 1192.063946969432
822.8542002598057 920.6069247351834 1227.3779087373873
1297.6416777627733 895.3825567468239 839.5921200917657
1328.236477888552 929.2267464718939 1191.6484232577782
1341.0424516956073 856.4093802582431 835.2598404669445
1293.3483413318822 1116.525895582247 699.4139978158433
975.8116860407251 773.2024411298921 459.39885716181243
1030.925185729549 709.318226675299 385.4371025621974
1003.0847811420024 1095.1450142202893 1183.4981315991306
1125.0042475599248 905.5945131962096 869.7046493950611
1173.2816371408471 997.0964438089784 153.41757073958772
389.516991098454 853.1666379120505 560.6731212138152
973.3796490246446 702.0231979610653 741.9531735680002
737.4388761254555 978.5205734495471 1044.2381105820923
1081.3969345350827 502.8647396168191 1202.8449174328262
451.5904976624979 392.2244188268496 163.5459833590358
1096.2197318600843 932.4559285542541 157.21802494962088
668.2522754642433 1590.6436136733155 966.7833070411236
1446.7205907472103 837.3691934423412 720.8741468030158
1244.1675232564255 1082.3659543477354 1099.6943505914896
690.2203847884798 1348.7032262561283 1425.7791949323068
601.8521835707776 1392.420629969965 565.5713245568578
1042.4702147453772 1138.0654548964842 1182.4367307660755
1176.2108573191585 819.6569968198787 1115.2718234604476
905.7416719861423 1158.2584256165148 278.03345887827635
983.1504363052051 519.2320382254027 1449.2271476435737
891.8758494418821 1318.730852788105 537.8012737376789
788.6786485131281 1213.8881608113827 1359.9691284042415
1013.1589501360243 904.4706198000838 368.03763080875666
1424.8834358696665 1126.4389905074388 1474.0301579521954
807.8289769335748 1034.9803360780804 299.2988213813778
1199.3119699406004 1444.4570150139787 1112.0536526766914
969.3785115428952 696.3343415632169 316.20955337551896
1333.794946870437 1367.721972568947 1341.0325127629587
1024.0723242566485 1295.7658294995072 1003.2216219484856
1042.142712201713 976.280767468567 154.3333013152332
1166.7669118314461 1085.8725122155452 1351.7059879118146
1478.0708322869816 1325.7770459241337 1287.8302598017406
1211.6578035825567 923.4287184010178 1420.7212929186446
980.6891485739424 1022.2506519313417 1171.1123997138875
887.2908340794828 1082.719017351362 1423.9499124309057
1546.5916628027078 1381.0443863821538 290.671354590336
604.310274024027 1289.6440175150071 1209.2894679853705
781.8852398552214 868.3756391738912 388.84049753726777
1223.119798641756 1169.357511443274 17.720545540037826
983.0845663139984 1047.1918074956668 644.0470229156078
1083.281790868548 1272.4985725807314 1003.2013259748525
1239.7683654873329 778.2123736895817 1081.9919418085979
1148.1736904809304 884.5471830126182 1381.748702995833
705.3563854720655 766.1331351869496 1315.0288568283272
893.9447694823813 1111.772558378823 430.87062271784396
1239.8050631738063 1247.684787941363 1471.118788136958
1092.3474931719998 942.2955729369049 1142.8460987303408
843.4498713566078 1421.5511963752583 1163.4802072551436
730.0713980463679 1360.473027344599 1418.5988552974993
680.5781370091319 1351.7293570509078 175.83390387884086
687.1605201050663 1016.825823761013 607.5526200755797
876.512212989199 1068.1571517862956 698.1963309376623
1240.7856871221504 961.2230073368384 608.7032067406337
679.8918809081058 1041.2228448403753 679.613707767895
738.5903424983624 971.921830183123 1067.3134002088884
714.0365709576573 1037.8752966175862 481.6806031944473
1160.5600698581345 1045.7799306509448 913.5975211940745
998.7239730013902 507.79791281666667 342.4613486628336
919.0700762509878 916.8522924450383 1045.9238378526393
1275.0177792515472 1141.6307084812067 1369.187599673128
963.8768499863096 1210.6508380586972 1017.9652543090123
1426.9325815524837 693.3347978435022 722.8601607766782
909.2860049207867 1386.8217817323143 1007.9814251018641
1027.210329058668 1061.7069165751295 416.53870219468246
1069.0175060623937 1238.2870741003292 143.0520673587201
1222.362103172761 1149.4363570308892 1051.440901205399
732.8024321839471 685.3598931673431 1044.4221037752445
901.7621988067633 1272.2066451934181 1127.3674036296095
1058.7386189136143 1159.896276872793 1168.1445793329435
641.349387825928 1165.9496502805218 460.31603689525986
941.2620591866973 1320.8178608737044 721.6958484692572
929.0383421030972 1106.4695310334646 1174.509640683556
836.4647084342018 788.3068562688741 1453.339408439891
1334.4450613241347 739.3534004465344 777.9492577130366
1262.3258854384512 1157.5009486648144 1173.8876327298065
750.4445188425826 894.2367275982303 1106.375078453858
1133.7426906053443 1954.9372559628523 526.0542579098337
1138.8007688437876 746.6818031414834 361.892632258729
837.551008921974 1065.2840969464573 834.9488126642834
542.2508784034225 875.8231213626271 306.33921722481716
986.8907386230046 513.5525373593781 71.57800591680325
1090.724245175478 890.4578102146882 343.21452433188887
972.1409106663505 1002.9571916924374 464.0034894683033
1075.9330126202121 1296.8100421333565 29.325507965544727
929.5166616010401 1031.40252375537 1123.6850116571898
1119.155274670982 689.1579579295445 699.0130399836387
1364.9162407831188 545.0219269442316 332.94024844939065
1443.236027452945 825.5518229174817 745.7643537901724
375.4484738245112 1350.4149954294974 86.22868990287425
862.9808368183278 1021.5795835574423 1111.0984662890892
1133.2124606529053 882.1273504269802 164.8069625632786
1059.8508518460371 1168.8827593622768 853.7720963617609
1109.743280643472 937.3441282740034 1160.1132984847948
616.0949250102774 1203.6130190197046 999.7581600005757
1032.9633120914593 1490.3180663376015 133.48232609237488
979.9180869397001 1483.7133541656735 9.484451923947478
1197.3778868962982 1112.27345999905 108.34543506548916
817.1851094283908 941.2104874875056 865.9740985866338
797.0573988623735 851.0868754870748 1449.2571461980215
870.1598249473635 1472.490248321426 697.1443528573406
1530.1819382857282 1228.1006265108022 279.86796409974824
1142.75623927469 936.6668225646383 259.90102350486336
1277.1339494191552 924.2487213004842 489.247936498155
1304.7706681975699 1054.1334368916057 689.6194510417878
1034.6668488687135 271.9018674738078 851.6454730335133
781.1905378385986 839.4219188993601 1492.2181884967238
432.2211260476554 902.8280017965146 1299.054918542493
1137.9599410839878 1439.0759000516857 625.1477354271387
763.0733946684227 528.852230112348 538.2260454982079
891.2510506783158 866.222322185974 1208.6918210365122
875.3267826042538 376.7365604691744 453.60113899678174
1061.7065427476764 942.9218198097876 230.98646241193333
1081.788678014331 1246.6841738330575 172.4594664755083
570.8037979862434 797.8393245088898 533.4379584473963
459.31729032128976 991.3862730641055 135.19815977556925
942.5111244076563 1297.4952482026906 1220.6578114205836
995.4565783103428 1081.8880828866975 341.5313666915543
989.2108618582474 766.8763747851018 885.59646346504
651.0928932228246 880.702138252317 737.223013879283
1116.9899903831829 1179.598482822869 889.8752760289326
1016.9442189038846 1101.4590104745478 702.9734404601704
1018.5023342950931 1119.374704497006 850.3572521453095
1484.6571769643615 745.6386855535794 113.57409043566197
932.6587437998043 1040.4032933121846 566.1470108432234
864.0354238619625 884.2818419097362 1101.5580616002087
1280.8435087221199 1134.9820867686378 823.810496751782
872.5017466058777 948.7993477221388 1107.8419386066641
1322.4175803950316 1084.4038073479178 1129.9816924905076
864.9275300604476 957.5234741694458 618.9892279366308
949.561652873582 1166.8302704466983 1485.4690941476733
1088.1560330611048 1080.9563526603672 342.7669610068422
881.3330747953171 1157.6249465468588 1076.241956200345
1057.7423291118046 987.4337104389191 934.824533109763
956.2865657460363 808.634008916155 372.3694881578676
989.9452485317281 1198.8712704252578 1358.4538055589
1040.244454408027 832.6329985698069 436.6473650018272
1152.688974355099 1083.6400643333573 1043.6434830232668
1200.8821957679536 1158.537748481628 1385.3589629911728
849.6772944439075 842.4672045318293 205.26641433479392
1026.866257188112 814.62051474049 1010.610586691344
997.8543275808994 949.7672237173186 1244.8239066845017
949.8177292593874 925.1683495908243 549.6718285483215
981.6862317544759 720.7034532418405 763.6407748026458
996.9550797682488 539.4643138771601 1273.5901377504827
1003.9591157413804 1109.777469336263 743.946044796856
704.6366727271804 589.951848329089 125.34473799721901
882.0890256828263 643.8758602693287 1081.6304853355236
1160.3954282638874 970.4986607147544 312.43743410493823
1200.3214603934382 1022.9023217625787 216.0725166333134
1122.1052952097953 926.4669090527434 949.8709057320955
887.7001092357834 962.959329972205 561.0692330631387
1348.409817419986 570.1505942619849 641.4776219141531
997.9383498816637 1070.2960526851703 1084.6872851741887
734.2609078457267 617.087018680436 52.354195438625574
890.3065234429514 1236.1043115182351 656.9075624977338
880.5389906596031 1214.4299159974737 1035.4427459140381
813.7587217152778 1212.9188181381141 1155.7567780520378
983.6265473772629 944.7977206112306 123.01729189001598
908.28638494658 1068.0609090388832 811.4526271125437
528.2652522912845 926.9472646196339 598.6162987888163
683.5668177777457 854.0193104677144 192.07260398986585
1004.1497555866362 748.0867063804303 648.4077039279714
1179.421677826836 794.110834637285 1327.6615361472855
1153.4674638871577 726.1503871594815 573.1660295200504
1130.3316936127208 1126.3968315183436 850.2773053276942
1433.6544197395244 1412.7390494718961 418.39577308518824
755.6421823379583 937.5399248849027 880.1954798105664
1534.8159543991123 945.463176250813 868.6409754476473
1630.5078152526055 786.321289782831 291.1658693165424
1249.2985619633664 1174.162737784335 38.107253114145756
736.6266230815074 913.7513797034276 909.0657149607289
1325.3841814373043 820.9307424277796 1420.3529730685843
949.4392636348042 967.1247470096899 38.99692349201666
1029.4330944285905 797.3357705197886 370.02649841596434
860.7001780440733 807.9905534724301 765.9421006936169
839.7355882988824 496.98487327691885 1461.6272827873051
1205.1116228761252 630.3938467238254 682.472075517265
894.8889425353666 825.2215356459425 768.6799405989162
812.4314043339485 1335.8810872481044 107.39438821872199
1227.8038421183942 623.0294866462368 1252.8669456316554
1253.6326863338566 898.3111808361582 922.8971565209432
952.4429680698786 768.0461655140106 1462.2889639230436
1138.031517791067 905.5890192476368 664.6526362832677
849.6146073294733 857.6783106858761 29.305960384451268
747.2732351965249 1152.0609959487456 694.3001812787269
550.2127692515029 807.5436374036474 732.5631673796262
1056.6516123068839 913.9877466983661 739.0724432402941
1541.617005740019 550.9198410471981 103.37492355444888
966.3139769288814 996.6017630782054 769.8026248347721
1124.1698013155185 532.5866906305437 1389.143089526745
770.1989177734738 939.028421636978 397.00210291667435
1350.8370211377596 1326.039583065557 1438.0792675385503
1166.5442604926134 972.8165761308112 923.1817119338591
981.4868387268633 822.0224149171851 1473.3121173804352
841.030873571931 1284.4417444334645 1398.2722271732782
1122.5110538382007 1070.7009726189094 313.17828427413514
1012.6813612420333 1306.6005398308005 1263.8600687517892
1200.2622308604048 1183.5526309485792 183.1404768457608
701.2255112541081 1333.4856456434864 1360.0261069201513
1332.1637513419366 1171.420122747039 458.2435994686014
694.6878022644073 1071.7137484368097 280.7109336782657
1133.8313977165367 1086.0449853484097 991.0276516255324
1661.5358719605306 743.05679728117 967.0727264332724
1051.7748694873171 1087.9500360848801 1489.6136930133325
927.4989175228018 752.210990740909 687.0245911604376
851.1454715064476 1288.4015895573568 1141.6207513250422
1004.4347886463479 873.4700530449215 1127.6285108278835
1282.6408261340143 1733.6863612267762 1105.9509770606116
1295.2402242494318 891.7403089723213 651.2631702166232
880.7212360776663 1102.1053018981054 303.5828406376185
1012.8676486516317 1066.673703748934 764.4481215064932
914.8499980356189 1181.7775832298596 127.52652976505475
610.894275086544 998.4186128390554 156.1034803945202
714.5913355833834 967.3039339511356 1409.0316391644337
795.2933896586649 1244.828282433477 445.0004184303388
1007.4803763038803 592.3928892656406 1459.6645332962644
1444.1577156564717 781.4930736324126 655.3434957497248
955.730645664458 1339.893368392352 26.067581815350238
1123.9212394403278 824.5043413941287 235.5723311261881
615.8788858136302 877.7538865415116 1065.9961224505819
795.7501054536783 756.701953346232 367.8633181353703
596.2690153708941 761.0329434041549 1125.837103582211
1036.9889994649318 943.8553222406019 1469.8128196698476
863.2605792356649 1439.5660716925124 691.336088874949
1109.5551159289014 892.0071868436071 1125.8281300767965
1053.3180090140202 730.9739592306385 1488.5926489184417
931.4064662510781 938.1776098213485 737.3676103874344
1023.0476132218453 880.8319974504964 929.4015652634539
1422.5678590922425 661.9820717060014 924.3924886419255
1113.9865098040505 1196.558084590155 1138.8727167615111
1096.6654619587182 926.647432323279 115.13586857375813
941.3803150114088 910.2032076045573 1163.2523434322895
1157.2029642721252 1582.8063814397392 483.2087749294192
804.4740916473328 1234.8859542807822 726.5650470468846
743.3162317102817 656.3807468243444 781.3702190141908
1100.5025252376352 1280.3340921354397 1039.5123619227845
1204.4628254901056 912.1317846923506 1444.0391502442883
1183.76344178144 868.0206860479394 1147.4229155238131
498.78669302419166 826.4093701231077 1378.441086987701
972.9786124516763 1174.694912328027 391.45767323116615
1486.7715424414455 1410.279857294359 147.90338611046755
1164.3364432359358 696.1659870198673 173.92260621401607
788.0303078940724 699.7657845856323 314.3147376394888
1105.46869907006 1070.4447698070658 646.8814271335046
834.7233882962837 1194.7831218738454 75.37325111070881
803.4296409779214 1157.1450712594626 343.6539180079615
655.5693494641359 1195.4295724200965 700.7894738341861
1007.9938080154762 904.3781034441769 1077.11046322857
621.9138133851603 1022.69922840025 1017.9374254154811
995.9276687613589 1025.6792606853153 903.0282633199599
1050.0407675177453 826.1568357527108 1385.2460195359392
696.773470377607 850.2304184008027 104.92063698173726
1550.8255521991966 845.256210163215 775.6631533634218
337.70330264151823 894.8886085484064 984.3475552071297
938.123932873993 1217.269577010829 1223.1770947671491
1058.116999242224 829.2537773277118 545.3382705499455
1218.6506071497738 983.0552818321686 229.75712213435563
749.7743085408819 983.2714928230515 845.13356158503
1143.8782321409044 825.4841812915865 770.9558539727379
1176.3286657442873 1079.527520424224 365.4843843950486
1063.8192717907311 713.9445584920372 1305.290965204684
1130.7490545874764 681.8489519014283 191.51507160583358
1032.1375677020624 734.9380273016416 1368.6246618233572
1098.3423721349927 799.6441507616305 441.1171756241661
766.2739018058567 748.4054151005707 40.32949695789778
693.2049423879562 1008.7821228211718 876.5105502753764
985.9950544237055 874.7355307823666 435.5554145472825
986.0672863605968 1023.3764976895369 719.4607829647885
1057.4336001498452 1165.0054952338621 546.7079336511136
968.9533064127324 1259.1260572433757 1204.0877882813036
816.4866195264059 911.9876211631175 1013.6169624910768
1176.2184835243381 705.2759544589253 1438.2567823517618
916.781955684912 924.933711404914 138.48644608756533
1093.4966389822962 1184.1474603844076 421.3399580043374
1330.8895622112223 857.8532474143066 1345.123465998758
1349.1083330495849 1180.9879524244689 1473.7302288520489
868.2431305491016 833.0824261566677 725.8781468776891
1003.5089605642545 958.5375281602405 351.2200081955628
1127.9356513567373 827.9793923550835 538.4359468361648
814.2015817072231 983.5666082872716 1149.0526669236722
1433.755554571645 1003.6114983620325 533.4942203409033
878.7774974983648 646.2782960254174 472.77671934344465
950.3817029658321 1434.191048976302 1260.6748061756794
942.812042679438 1118.7813817416265 1235.8687856093222
1081.7874666896637 1045.0129425044925 701.2393969952689
1223.3661112885986 1344.026485473767 744.3068705618316
974.6889027350019 661.1771611394215 907.9390624383549
927.349464993738 1103.4258738711317 802.1383301891495
886.747796047583 951.1408410569546 336.09873536517324
1211.7294968425367 1134.7245081545996 945.3394482351406
921.8489072471506 888.5584266641138 29.032296073621065
1089.225134659582 1250.8897662523268 1385.741805024222
815.7087795439052 1024.972173998431 1105.0349493157898
688.7632476000383 956.8596217962404 177.38187006668448
1116.9787944366983 887.525015541223 1342.8179021030362
1019.943094457264 809.8962772274633 305.32863884839213
1080.9112032042294 1336.0885989851367 515.668216552759
702.3135369496586 702.7088584342382 815.0622909727284
782.2095379571035 1587.0813056009506 130.67434292057823
771.7665584576303 894.5256584825638 832.8222675560801
791.3722575545492 1231.583091173399 570.7954244521708
1115.1357020925248 752.1500765038018 739.9164700491099
948.7221442313574 791.442288592053 184.8427734882621
1030.009833414344 704.4020367424926 614.8453893398134
913.4862817526098 664.2871576955822 648.2252927630991
1127.9707479792692 859.3874258682581 1482.8024028979116
1112.9918507008813 595.2515218376985 135.6561745893134
1015.6845423751529 1034.4071481433352 147.7189782600432
1124.5115163799758 1080.301490426095 916.6290423271971
1256.7662342867357 1074.1695718747924 199.29265109347105
804.2845995814366 1058.5978021355306 1226.756419775173
854.0385734581629 989.6757447464831 902.2692454778453
1005.812374092826 852.5384078468353 1345.208055443729
988.2018860849844 632.2891728726695 93.87241211439135
834.7822972259972 1262.267058228681 844.1941718029761
1116.3885046414923 1189.7878551045071 956.04098467033
1132.3344648506402 1196.2583063792563 1477.9620070623764
685.4757802694578 1006.5768113493513 1150.5109299899166
1243.1368455634242 849.4880085031485 444.7321740385091
947.8047294694622 982.487658101196 1331.6502501808195
1240.46473634836 1149.1189040267868 59.87392757970167
782.4422090279294 1259.6999353970957 719.4577084000201
740.162963950124 1216.2003826531998 1265.2177303616866
1240.1430949245819 1477.9914342148372 689.3190004837734
1068.9830347276516 863.0198505598294 521.841252021568
771.4147399739601 935.8832568518145 362.1029174310776
1336.8704290459857 446.1497534863363 660.8330727308844
1093.365440321441 1356.422490527219 449.71319938460044
1436.5659012427095 1596.1876689260587 1303.7666884525386
1068.3643987571513 680.9440025979277 418.4515028681803
620.8165184726404 1050.603887777052 35.11230177711761
465.18428243573294 950.0354404392178 1150.7620669568437
1365.6828301259186 1030.1413935769324 776.3473313744229
789.1841131256068 1183.43455287075 1104.7427528834173
1240.0917244121597 1068.3304181524095 692.7686920648664
1441.6325033312507 1315.5051214334455 1068.3073218072386
695.686236022812 1013.4225716183453 1496.571074663125
1440.7169417673013 1528.881485418443 1482.0716941743901
610.5302659432036 743.7420552478135 1473.0418182288408
1389.9297235615782 1572.4503763662267 144.9015226133571
1110.3114693789216 1608.9923342167672 633.406724319637
792.6844928845823 926.2970849264324 885.5201146196816
1052.511023616023 1132.220835940307 1092.301721855868
922.6444397550044 982.4113569960231 801.1949929122188
1322.136844470317 858.3556469789296 1453.6157978291756
1151.3296338876205 931.9838391140057 1487.462160330378
694.5830139221187 714.0745061122468 1364.304340804335
1184.7061482143597 1126.6205239784979 1008.2387996924406
1029.4529572675751 825.6198898996943 512.3139618613832
1170.4203198873633 1498.2077306627689 43.726519456831035
974.3612615397695 985.1078676986377 472.732384784615
947.1862299955637 945.3858919435941 299.74139311445435
1176.118749681618 470.8133601415276 511.8141023940709
1013.6824364986136 1047.7169630507385 1090.5497891591008
1213.1194359487836 774.4368462905759 1273.8815753687177
1272.8507593409483 1021.9992657263521 856.7053612711799
1247.1562792641544 1142.625841617774 271.3707583749637
889.4148679874073 726.8155571412542 1379.2043118743165
1192.0350603405323 508.5517109029741 1127.9708546324234
900.3569639409409 695.818763756113 397.1652607267888
1517.42928495365 762.9795742457192 0.603447384228184
1557.286438654337 793.880399867566 8.395557216090143
918.9385164919961 878.2003337470749 536.9396311995787
872.6561155212423 1137.3022662162202 1054.7481937304224
1313.3901085735351 585.7385149872389 187.6060409462832
1170.660313864738 1020.5698744825384 392.97253534732874
1284.7970743409041 843.4791552282092 614.1758990403856
977.2040514011744 1258.0472402990858 205.04761400646132
564.207987574927 915.2601575323066 1073.4527251837724
833.8668665264557 940.2745254392364 1172.866388395555
893.2080882931449 845.8127389937966 331.1924693972826
962.0471686769026 840.215903185677 497.0273919706294
1010.086667787161 387.7016261442028 1022.5651906522666
1143.0819025340256 1474.100259142419 1426.395478556648
885.7716551978898 1120.869303788078 913.3789152775385
1401.534509884583 1058.5991302503392 1452.9756824930373
1226.698795870083 1099.5839319042127 226.13606617216237
1347.9727683940746 1036.0761124887904 937.3601929912878
819.3964193523861 1217.7610099367193 1249.2678452934483
1765.2772244150747 1003.5325080317192 880.5035734417481
1018.4033711082432 687.4569409213794 232.17558113857984
861.8855409809224 1160.2579448633137 1213.997819749109
933.4679887685993 764.7813697191252 307.66564622526397
1087.624466461279 984.018470770057 811.491782184176
1336.239597427068 1200.147260056028 1081.418667358639
1064.1906235329393 902.7777549749903 447.27305713104766
990.2524108044814 1316.3584031998869 1039.476479349927
1203.5276384928661 637.8293814296951 292.9385085669954
1281.7991597484247 1273.6920048217037 561.4534685828331
1374.1196970004967 1678.0645337212072 27.558644251575835
1213.1337955564286 1060.864702692711 679.3266426107522
1023.2344647916059 312.10109598504414 262.495561500484
705.5705049172664 974.2365196378122 738.9479801242393
1135.6016710215404 1161.3845915984673 643.9536432736819
1188.334545107372 1175.2064883934013 33.651307836125355
735.9865007720321 892.8650557827506 525.5071218308677
1440.5577212587375 704.4261362463566 1470.9539926338425
944.8342037945752 1292.7228902338213 854.5438786136865
750.5244033565964 1028.4599622386522 172.01815960936878
855.9003013346125 705.5017954340955 511.6467900482815
1523.6404104247981 1158.221057014753 580.1249053305156
1109.710779567401 939.8037765552218 377.2963735512921
1144.9760146993035 999.6694388911462 1459.704310405238
753.8276252822126 703.529655229925 885.3802325375973
1137.354601427733 751.3937532486675 282.93261743687077
1156.5075765108058 1249.4696301583879 692.082368541718
1213.2616467565247 898.2769138440995 539.8141438399771
1364.7541325597167 699.7576028731473 1319.0164983788925
601.3945422202191 844.6356815456157 558.9210672740112
1302.200251607009 1255.6978465811223 413.71735741327876
1302.7773530016211 782.5259276449713 878.2392679319081
742.1049466611403 620.4928266953477 1236.8163152720645
1168.4998633511996 860.844193203843 1319.535023987747
632.5882377908385 857.8023120526464 287.9249931847819
1112.7214389123606 1107.0394756037717 497.70520336219124
1366.6642473247257 1436.2396369365704 644.1760842146447
821.7784477636109 1362.4677437693758 272.26858025250755
1471.8772677492739 608.4949927076848 1003.6820738761817
1502.4856795543692 1090.3444405573546 929.0600005355543
700.4400558387067 1208.0631620041545 1212.0032378624974
1071.296368602641 850.5126155456386 261.491221994123
1002.1860061357645 895.4356794219186 385.2434801862828
1047.4475411774058 1081.5575763497359 154.45354092782725
917.1321886894723 1056.8912962029292 1420.073763043751
908.1043714431443 1257.1244953397631 106.69216712870534
1689.3401252277934 1087.9376960253126 1213.5804031402265
1175.687125833191 924.8109031967266 1181.3718270283584
994.6716523854745 851.0001302276585 606.4726593369793
900.2547395915108 646.7953713792565 952.0223458599172
585.4311491171547 1218.3537187927311 353.085852622605
1287.834702529241 852.2686370125208 799.748246536143
408.64147843716955 1038.4779039663931 924.0944338465861
711.6565327087983 1124.0072371986619 517.4516848250396
1466.0558266761243 928.9936920729153 452.4781134046579
1038.0918504017684 527.7907619756031 430.28905484731524
1644.5361480766537 1102.3588184207515 688.915914232935
891.9309863712192 728.1885576761917 1071.256235527613
1086.1794806501493 664.5261277693633 122.89836618439497
1157.693913449152 797.511415816896 618.5204519340964
815.2041605262334 757.9052154537937 1141.5599760766152
773.6294378300302 634.5341461734394 118.91812670839636
634.2032995294196 857.9751665755138 1315.3184798081825
1390.6470110812043 1066.4491957111636 696.3892517276607
1252.1132382053083 988.5660320221123 639.070983936568
766.1629956664708 879.9999364933713 1005.4188039300707
1021.3600362526859 1268.2234128828436 141.1185925080188
936.707815838211 1348.5366483650128 1494.5835092184589
674.7342015688814 1061.3448048431414 285.96887458628856
982.6733293105381 1110.5857976540062 267.5266159359442
1275.506035537747 604.8277783156082 488.76761913822867
503.9799361828217 1010.8622248172653 967.9463505843256
903.7914624208333 1089.712896178084 1187.0796004883189
888.1949177471438 1113.6535337612731 291.5766863863296
1071.8021942880696 947.1993265744412 1228.4337744157447
1034.5376357689386 550.672860453516 743.2332750376115
935.5524337440067 1345.5213396940687 458.30944054184573
534.5942008983875 1080.6281239271375 498.42824514199316
830.3939914724684 1009.9204379126394 1198.3382829183433
972.6464492650952 743.0607131650879 515.3425496822166
950.1719605389942 683.9668889418078 995.5004594969221
1042.0289988290347 1096.1003507318653 1132.8497359107682
1084.8573686368352 585.7821443982893 1346.0672591074792
1290.9321193946132 1193.3251328654978 1497.7016522200609
765.4217185340593 839.8195031716425 1165.2735038401981
600.3395939484535 1076.8642232307368 320.6171790783943
1032.9370022010116 1025.0675899129128 1234.4563150830209
1284.3993532868142 1033.712012849508 1051.1731170124704
914.0525830010642 794.3867907136193 99.00761410337655
1281.41103107465 1294.857169244834 756.0042259531892
1014.3916793377073 1389.5640868704493 895.2466209156426
951.9382501825273 1148.2452982031 1256.7574952655118
1342.7460064279676 983.5681172385606 622.4389883733447
1452.85679482049 1116.9486374583107 718.5452981757094
860.839145915628 663.7048855237297 553.2545549149436
742.2886622571336 953.8952946623614 1144.221150549667
520.834901096857 1004.0417075833708 670.9979343545095
653.1564625270896 1220.3416906047692 1075.624404178152
1047.1937941272179 953.8610922448046 185.01451181645794
707.2711808536044 862.3265002992257 775.4531966776742
1258.3409592007756 1204.9152973575538 285.7786555815876
740.3926260240517 835.0145274918491 555.9872449678941
1248.8227803686052 1062.1884287862076 157.96815604546865
423.7927906986813 1144.9091177365206 390.6757336180246
617.126589773125 874.0636399953834 413.12588053443085
1548.0392831240006 787.9799762865233 239.60375055273164
940.92046050817 1281.177266741684 11.90673694531913
1043.0877945704788 700.952009175385 316.356979586946
1329.0750831427813 1369.6790135013964 1380.2392909439045
1180.7966057572946 1046.8129456101965 1295.6167736216837
621.0754671145994 884.8852345343189 701.2570574618095
978.921429495603 1041.77176984298 809.9210081494468
1127.4957474513594 522.4494507387747 898.2545613070723
1311.6557849940598 962.8916765162586 429.47223943422705
1286.6214429524553 617.9166625222404 896.6892093986887
502.5195264746309 1076.4811378515558 792.4296650886064
599.0197613578121 1275.2561632618504 351.8345628074063
1099.380539240642 612.0036855120925 1240.2479022542577
781.9442282376979 865.6224935994544 502.20100589131374
1531.096909775222 1231.0663332187903 749.9761605401866
970.5208601477791 1425.5602856471858 1028.5459865130438
1169.7137110046463 1284.93972107463 511.5670735568145
565.2128969311416 715.9716417166638 1392.0892366956514
872.3700669271825 1347.3177159781076 831.588445795712
1084.4201745033438 1166.9998435596196 1242.1879659238652
813.0567501482016 993.3093304037235 570.1461554500214
982.7439269805151 913.2741609119412 1369.0267853889543
1071.6049742112625 911.8845437954168 706.9990881875242
1169.1199977469612 1446.717961557095 743.5765225426352
921.41336101489 1084.9116909182414 1034.656524923084
1022.6968621477635 1000.712986898579 276.8331465487594
812.5348889281238 962.0078084385971 682.0260266796793
832.1835210550415 844.1317845819871 274.72348701705465
1289.2311405780683 833.3783492764674 776.8134340644333
887.8565522707058 1197.9080617996672 1037.1756093666431
608.2446120314044 1286.51195219182 1288.9806330642361
1161.9157977498585 925.184812165859 616.337767284104
1329.99598818664 835.656370261369 1310.4265015433107
1239.919525750302 975.7304539726719 190.60149410922867
1083.253408587828 1092.2784872256382 1334.9824258370577
1212.3367044301247 1031.7781906724322 1084.9808042470918
1092.7959303565885 846.686345825102 1240.3980033943901
1258.543842162995 904.0145593542102 300.76678593274283
1165.0860956846461 1168.2593876700516 1444.6365792478043
1175.7288853805724 1209.2093085801332 376.51729113676174
905.6896332884662 963.9414753111226 250.37798991730898
822.6691376901802 1363.4779893117131 16.46636560963882
889.2831490840656 624.2285468829765 1269.0209324412717
946.8657792074742 1203.1763667657356 1253.9549278523466
949.0549778110443 1095.2542945114574 443.5622275265434
1560.9696613919984 1076.3035618986198 488.08402803159515
1058.5587102757738 1424.3028247563598 88.76982732471461
1182.6451836905924 1159.4572298032324 213.4228453127888
753.4548470771622 1314.9097631011741 1053.8836735969167
1014.804018210972 884.3283504817598 489.45997525773555
796.4219751622704 1564.0129205338471 694.3982960014465
1299.3925261640597 1020.4909032060868 1262.2515069425265
1263.1520267255346 681.5185353162503 835.0503016534176
1146.5050647187645 1351.381672733676 951.4720091024991
1552.8370069121543 1002.8837259720741 133.83858147941336
1055.6928951249465 1185.8286522608269 665.8560862249946
1279.7315082734028 895.3245112683065 1252.4466036289598
913.5414384513444 1084.3524425427347 97.10479319964533
1315.65093209347 1342.33441968172 307.4408887214789
762.706163402275 953.2739755486888 1467.8202052316478
1223.5185352747742 906.3078627073685 1489.8523167534056
1087.8388923025138 1394.3764458262283 1168.7732385097227
1721.0874897103354 1203.4217928454352 1157.6603356899961
1288.034950265713 824.0840088968225 1083.1022607909163
1272.9056699011346 937.1338075323864 1092.7374660864386
1401.2379879995303 789.3676810182259 1382.0875183219566
767.5532775225172 528.91831597078 888.8939499738289
1213.5334341980815 710.4263059759294 46.641004659454424
459.4974547817037 970.9343393303731 1131.8842259774178
1176.669757576135 1019.8390739747439 1145.9620701376386
1218.239246418459 976.173424768826 1111.251145795059
1123.176835912641 985.6884113823633 531.0517513545284
1089.9635890505156 1191.0418026830098 849.9251261129377
901.6966385881325 1915.6383937299734 923.1950453493484
828.3954031948213 789.3840342537067 1174.396828895452
1074.3315884337364 572.0029742498825 1272.02040985526
700.0282996367932 929.8816161181439 134.0089098463168
829.60547427778 1385.2514852794607 680.2947220853505
955.9711385774006 895.0850890335373 600.5275866034274
1162.3478003976863 639.3504249178402 648.3396556588847
1237.7221130308642 780.1938091719642 449.24844727795056
525.9396985853805 1263.6692018655665 752.56076629226
994.105898404195 594.0401157038543 19.38761872157835
852.8901814546017 925.0774673062572 1215.3477950417014
960.069552068301 1090.0580762102854 483.92014716128347
854.12562540489 1132.7253817507028 284.90108070008233
1195.68484681653 784.1274847843321 837.7730671502208
815.2147583257769 830.8850552987819 610.5437979257854
1017.4087168557636 1101.1264817418178 303.2462333085144
1322.8482394547445 970.5450030479967 207.85269351895315
1302.0863781290193 1350.5787749287451 1283.7195740794866
685.5844227020277 341.21284108511645 7.136200537120995
1369.996255937537 1022.8937172303711 593.9728510488726
764.1467415195199 1356.1790531384358 1263.1747954783928
1007.713197877162 1324.2128075666308 16.149882238615078
1050.069732771563 1123.7263098436458 718.1437099148496
940.80597762297 1001.0738754542735 246.70303885138333
939.955882998509 1615.3987504156999 413.06288951984226
820.0811746988361 917.1856055006403 188.68826820879187
677.3277881311114 798.3405671309536 877.6476017923683
1148.7244638334614 746.2021164447688 220.3095130867782
1195.8448365295503 1427.4731963655001 860.5908877263137
889.1750644945122 799.941790950154 1469.417270118477
1033.275866307165 1009.3819366173564 1246.8897307740538
860.7665238893363 1037.3971138894262 1352.2167948550912
1069.967819496313 1196.0619805067513 438.14102923421933
988.6460791271431 822.7564822029722 1085.7774684008098
833.5509288204441 1098.8430926218675 956.1973828547975
1149.1450523170192 1399.540969425091 452.8827143130952
1083.0516981625353 1333.7984249425333 29.115061610887615
1278.8544576030204 555.6324928560337 918.439382095091
1422.2166674824693 986.1106363439443 800.5283500939028
1116.670780500617 782.8124550156875 397.6948954470843
1234.6735272783471 1416.7545918347946 1242.2696632080942
1127.1740854500556 731.1788279013817 199.5427070439889
850.9880847274761 865.5897163524198 406.4031517826852
1237.2706559738403 913.1941409831761 212.63139380322193
1280.0520449030525 1180.913816890851 730.8577672584795
1002.5184622209188 1354.728518547687 1395.5601785340493
985.3206991237441 1284.7764790400556 337.63620499851834
1299.5901612027437 779.7041049946854 515.4451267665518
890.8952057981204 849.7263839574647 367.5436192986858
324.43856185674565 1181.3450485478154 661.8884618520551
1153.2482165741226 880.8927152391345 236.69351492975045
1212.589002024076 1141.3998702984566 641.3511579903817
777.1083418191768 605.1145396979521 879.6110015546918
929.3471016143612 911.2140647942562 534.8158405526862
851.5837708215755 1143.2467293436923 1317.1740792961687
1330.3563644305218 1124.5629579846113 756.1740993191472
926.4454275821219 839.3122457546173 695.3236492197839
1038.124348098205 756.7811442160685 78.70443660392723
1219.083960114192 1450.967843027198 1406.2546893446874
1346.4375794315124 728.8780433285356 1414.4488915480526
1303.881037198892 1038.532403582577 957.2831130793016
1065.1720176374263 1066.8112275687074 794.0457992014876
1046.077672614454 1172.947866616719 123.06429991592283
1090.0696111062284 832.0024282519688 19.951429702902036
1068.64364534167 1046.14649615089 877.1432093012924
1026.7896500458987 1103.0369376919066 1059.1805418113222
905.941907552851 665.4140105063608 771.6886087907492
967.5787679584962 879.2458834956005 1416.9054625262736
1121.9658373134523 943.7230369477313 811.4356567973746
1139.8974948612824 969.0586778476808 601.8213165889719
750.5760697154445 1077.5334137125121 112.55246432350552
507.83221553554654 1214.2234314824289 557.584096636889
1002.3436666874147 774.8756439354888 51.01565471546765
924.3221813128541 1221.252397525919 1434.6428304009469
488.3984887419839 941.3384236193501 1469.6287345822782
1163.6182159888176 711.8313204639678 1090.8719464349429
860.8966570737255 775.0930850971004 201.71427656362124
928.3840078188247 864.7378367971585 495.2120724166323
743.4133474091691 906.3234147242196 466.2397626022799
1210.357769310439 813.1608723463487 966.8963068229373
1164.7919577069852 1328.8586528755804 1248.4940892774905
1296.8178964856786 992.0496284536164 1340.9749031397691
352.10189812366445 673.6202728530347 481.5072858670368
1154.0639878376774 1377.4822398952135 347.4516812945133
1043.0111318300976 914.5750084274069 246.80742418748224
869.036844270221 1013.6472702134228 740.2355853652928
1050.9365023873156 647.0021386474763 981.3311062552784
936.6726022310331 786.7159014672648 32.19627692021848
775.1919640250599 1051.647836379921 545.8602704802016
701.51330743137 834.4273510785404 1198.0754523698276
745.2609220451099 1164.4569346334729 1384.192811187171
1016.6471753910528 801.6287721904284 887.7022567229651
1219.0171368611623 1404.3033342815527 494.74805999840675
1193.7398995939016 798.959763979259 1136.026387627075
694.8462814524567 602.7279753365027 368.05286458958165
1010.1088863005391 1174.5678150211918 1420.0905303181949
980.8434631441488 1379.0237377982228 732.0938306882788
1217.4504978166258 561.601914852149 1079.096777433801
683.2619215554241 1033.584380692209 1228.24109247905
1018.9658071813236 892.5822244930623 115.9132633115636
646.023814902436 788.0705081028797 757.4418980200153
861.5323614440786 800.6252652785184 1422.7183887107374
480.376356168356 1564.8867736104182 971.0171549447479
1193.5269576937387 1226.115616202111 1300.6090774314189
766.6531378905655 835.7315878105366 119.73371785339882
1372.7977235115839 1465.7437792979572 19.080892068938148
882.3817360540835 1171.1025886206514 176.12269981810746
1162.3237647730957 683.1553775347768 1331.927215634111
897.6971606893824 747.7374526450302 948.3618458307559
950.7321586586227 1227.3532922071315 951.585666790916
1063.5403900144702 866.0344725967295 257.1550024712489
1230.6475384411112 1460.3759268128913 641.4910711972663
915.9779643738245 670.9794951117299 1087.6546487501994
1096.004554573016 1035.232042742583 302.70707900695226
1168.2795117928395 1180.470194034473 1420.2578398948497
1124.5374324845982 839.0339253856422 1241.4667762992663
1119.9368583711673 1122.765011115135 77.62384111724518
710.6160735935844 543.1279283081323 543.9751013857987
1043.2336363448546 966.817958601884 79.13669956551684
1204.9884675509384 1008.4927754410436 562.9636373722396
780.8919178048864 833.8919248941068 875.8812753081994
863.9714573952805 1088.0959366431296 1070.6604262370697
983.9412623538544 925.6565315630161 482.5897030599029
1242.9067531767487 1071.5812733122168 1087.3766156745833
742.4359661972959 1066.914035844223 501.53425918906333
1170.2712898197437 394.6767551227026 476.7882513660739
1325.060123058919 733.2430785922636 620.1927069427046
783.4210745909459 1444.108528541641 1062.36868746715
963.1613769626273 995.294186741675 37.198661014560706
833.7877696141934 1394.279672027204 100.18619290622516
1092.5972415637534 1227.7765576397048 340.9131464717518
919.628388643755 638.7481447732689 1194.9056090583217
344.68642525615155 1144.8588390836271 272.78115962128913
1307.844061138642 922.2944035632509 925.6393847484151
1307.9146389038178 1172.629153919016 970.67775611405
702.1705241697246 687.2756096888806 679.853779230409
823.1626168860852 787.1817191714692 1261.6953643393988
989.0084411302613 1139.5414225523307 399.4626048125342
940.9780504547333 710.1679889041261 1242.3425615355804
515.1731046964785 1167.237075763788 1453.885679803929
765.5263884503589 1410.5976619573053 613.3310372666672
954.5765490734506 1292.1996038279215 251.81124561826485
1337.9952359844992 1128.391474195413 1102.1970563161203
1423.6372648847525 967.0281208534421 572.9162106637575
1165.014357033731 1170.9377405418227 850.0019760045121
1317.6054456971738 693.9626305197401 1353.554901067587
1691.8870008801973 791.7440772179118 25.99034309913201
1065.9065600452734 1228.71381893957 492.67593796594895
800.095234505678 1112.4595614840234 220.69142394370073
1109.5874867094378 926.2534996022616 427.5246998865273
768.0758058218756 1060.6022652747615 479.1348509960576
748.0724779539865 713.5692533286393 928.6952876670251
1067.822620028248 1080.8477869630096 22.103861735150055
1057.6001165248344 936.5742728941665 707.1160443337604
1032.9334874959384 1105.5170084141173 127.5816096614621
887.9493185853324 1131.2358208132173 876.0513550985821
716.7924264275466 945.9494713253265 243.0375774012467
1289.219999935886 1332.6115209545437 346.6508667498888
1148.237939174069 1101.3676102639658 679.3847344885405
770.8602416044172 1083.303396185241 314.28748588085773
1211.8837959531368 1083.4222252848824 1457.6906754884992
1566.7942660723274 949.346867567271 1458.4134645399768
1144.4563038734536 1019.6198302318261 1402.7632631176598
954.6591870498548 1066.6609639191652 422.4616112736169
1134.7719481688243 688.7840728528136 1068.165791189747
863.1498907802763 1387.7822784733316 815.5116906904299
920.7418197388454 863.7858713781262 1295.8663412707858
768.9146121621691 904.9231307816763 886.1075942568084
618.7532964882748 888.8166074459854 1153.9541264152338
922.6299214510134 1085.741904006053 1.8046447593825787
752.9680870242354 914.5428122956072 659.486226608556
1238.407846149279 1049.3835243432427 411.5217214551107
795.5314069890176 905.0307468630119 310.4289991027246
646.9082896649551 995.5449620502179 1284.0484832782374
1010.2611048341726 756.2552153954654 355.60871855391395
1155.1528633574856 1218.4675824869328 704.620839155377
1200.8712614411218 1257.2187223504761 1204.2733283655305
887.9808473636091 553.8309002496537 361.0457953691872
380.7707506417946 509.45653869541707 1404.3230408481434
1152.7335659018265 961.045295847249 1265.9164024812924
962.0756978348619 1159.1002614376407 1343.5880523325543
1263.44496755426 1012.5722648311958 1050.3988353774246
1027.043498259186 1249.6956679327461 903.5622802293659
1173.9058861301355 972.8087193747324 143.0316196256935
1109.9759217264634 1264.7015952866086 1356.5787495126144
1135.9076059176691 977.1585147768116 126.89451890383823
670.4658006701595 1173.6384713289642 229.50649744259533
1411.9168804480696 969.4809479381782 812.0266028066676
1018.8366494283922 1303.747152913166 722.7223158188773
1291.2911621838296 856.381438609844 754.5453779702419
907.188793591599 842.082829281634 425.9988687491772
915.4481282370764 1149.0303613367787 1395.1170013541755
1360.9950125423131 835.9908240613508 339.64629011463666
962.1758863348178 905.9510125975619 1381.3981782942046
963.4570159676778 1385.5662256994374 1214.864360912771
1118.4184669879185 940.7399025427808 136.36180628270063
871.1613582093324 756.6314262562469 460.87722078574666
1196.3220756305416 948.0997837443136 982.0530872789085
1258.0798672732726 883.868724429676 324.35136968634527
1227.58438977836 880.5718753178076 27.066734368222324
865.1448977226966 468.69547333689115 252.75279639639842
875.20944063385 906.0555403378169 1158.7634885345606
772.8229764517883 1032.6984468105481 985.7090058762321
673.6475710010019 942.5898011080105 249.53976620553863
1294.0934966725033 741.478954437106 1048.170288170915
1145.5330079903954 800.7123079619989 896.6509661944481
1106.4314565583413 1125.0319580017008 467.6570670181964
1157.4822727957444 619.1221833551281 1334.3266920005517
1110.9151640653129 1018.4255798318572 1416.2804859441983
896.0151995083065 959.8021973191803 840.9240604593718
870.8738997647856 899.3041468218548 1433.655851163788
1248.4087089512286 1266.2559992112765 1192.4343647225064
887.7583678281188 869.793381622959 149.42496930007127
1317.12373431401 907.5949547800831 535.1246987912218
730.2667945387483 401.0598921700822 882.7545489385338
976.60139988669 738.5291432228817 303.4153579688972
678.9351570186589 987.8187199224535 1179.3157818226239
599.9177121961806 1274.3880655327769 227.46811693789581
886.0553417650457 913.7596717659237 540.7450392888466
1144.8908543247194 636.2016041671418 1354.1885315641587
1017.569044659409 760.6073756891063 892.0621472367073
834.2603945662969 1368.6230421173932 1080.4341789579687
1234.3448796647492 1105.1410614604945 1146.7149825820209
1138.0472322416465 1004.1165330346269 47.98785436850517
947.8502409623121 760.8453645287408 273.4938879036125
1196.9225773851053 837.8784849160804 749.8782706011566
1154.7125781306677 1176.0507509059526 199.98166442683203
1035.9059176234086 581.3166520962776 1172.6924271886087
1468.3396825680434 1591.4462716735297 874.6409129592189
798.244098725393 847.6621919648338 21.96069046654725
732.3808147327406 823.4938412607754 681.0202192723875
1042.6919634537492 654.8306905603354 815.8227087132692
975.9105009801801 995.9680083676802 552.3953601964251
917.8485607990613 739.3500072517893 1175.2244854257701
933.0235147906545 1101.6934281027623 665.9224403174384
757.6464271246268 811.5308564944477 1461.7367179252983
1188.2643013942602 543.0813063032062 1008.0111152703064
1141.4925360761413 1266.118494229332 1041.6968243108886
1061.5082269296506 1198.256009000103 97.52951182530944
791.0992814201861 1320.441995488231 1185.9343377434545
1268.4252591524466 1191.0970285240323 1241.006674105942
953.9016662166588 668.1291392950664 1307.1953267120134
1320.2902323868539 1347.3117629808899 228.37413294836767
623.1343697179448 1035.8577427321227 274.7484022828756
1657.3986644560018 1151.422866480139 252.68009583230193
945.526536100492 878.1726944924596 1292.5107317705845
1194.1458654382254 1283.1562617133732 115.40146667689189
953.9459944241045 1216.5553497411884 1337.23544981451
643.1779412431881 972.4620097844889 931.2307973327792
1214.1203336376202 590.6742435584758 1044.7852505496032
1119.6971140705216 1293.8294249293356 1402.2993475610297
936.5320404873676 1214.8259631327787 727.5888791233104
1193.4231750691933 1158.0459297732375 589.1468230064445
1109.9543588101144 924.1764148204242 81.1894120327073
739.9480320106816 1111.8331115457013 711.6737385467292
1195.8296072937114 824.5717039354918 406.0442272921931
1020.3767098834489 1135.974668311069 1373.4679601548944
1298.343983285583 1303.8509474412892 1071.9149202179174
1282.0800260049564 1181.30538708108 970.072782928043
1284.8445315134734 948.6121061911443 766.4740106448021
1064.4684997738584 849.9076978584563 1461.0452008545763
588.3741387448583 1160.7299894840214 742.988897966292
1183.0241097332905 1105.5299788357954 999.014259128749
627.5381967156434 1069.6507668603151 1089.3917882730846
890.6173726827698 1130.5382541459978 1304.7773022686595
907.2432721041819 1290.6463120274657 257.5266529132464
1200.2353492908637 757.0704679392564 1127.3730388721394
832.6817750141407 882.754383580343 189.0721699508328
865.8087438413673 519.8648995475235 1467.4747419557457
1212.1122486674658 775.6905149047526 443.7450774732312
917.4340857578095 832.2322623116131 464.1406100633438
802.1628279502447 1274.4613819441918 1112.4845354053073
883.5683412924697 580.3074180458267 156.11345631003536
1258.690142877045 682.2882762249292 1181.162921847022
1224.4285433285804 808.1079324787818 1282.0549192516833
847.0651533552718 861.09234277805 614.8493315909043
1359.5109866052496 837.5630188998458 1179.493296029623
1168.3713172410605 1208.2998160456798 481.76141872133337
668.2254835066198 1560.0959471717833 499.8310633816187
1296.8624675012306 1337.7726097890315 1302.0389708377315
1159.54061372777 1276.4681773788905 565.5401033564453
1098.19162300201 1256.4294135606988 862.8111124620444
979.0511090590044 859.5203541766131 847.8466897863939
1269.144556872658 983.8749241826248 471.8725418019495
1037.115997664546 619.061801067113 1443.9593881767473
851.450236978304 1182.7995263089895 479.89497917880533
703.5011624679661 627.553127154185 31.294978614150093
911.8916123512165 859.7184820501694 533.5525932917649
934.4924140075599 873.8440623537253 451.4968668928172
694.3093089838518 899.2004116335409 193.73893447769686
1053.2221016745634 837.3025682916451 392.9821545695713
769.1957622082502 1381.6323910998226 711.3925735520011
525.0437176140034 1202.1321955367905 746.1458367687069
1012.7492462913511 964.48841536185 788.7018370551384
1033.1758347227722 1333.0482676435843 104.48150474382939
522.3289422455636 1299.9627286440077 953.4351900317304
461.0210637965714 1049.751840288614 1297.3050575696134
990.6429700157122 1136.3803942438844 248.68656761386154
1032.1956100749 1263.8514358354364 425.7966002051051
723.2651424040444 1022.9661818207558 1120.6565326264197
1137.8240760288377 911.8934772362848 533.9911321484731
904.1431651915464 1527.5994132507772 760.1544933166055
931.4079657867351 1296.354990841118 562.5049216849801
1071.6732513325067 1004.0835440495753 546.0233724079167
896.8015270940156 1091.9859449020414 101.92617979239654
871.6786694965751 591.1623922050628 620.0962895597395
852.566183537296 879.1931831962954 1211.246752027398
928.2888118172334 1069.533872615079 1115.5094428486236
1028.8456829859501 873.9911423905127 325.12860644324155
853.6064274314424 880.9342393352172 451.8720755568246
1190.8180024498092 950.2403831238282 726.1862633998388
458.28906459696793 927.8258573384501 806.3968650849525
1281.3145763684706 737.0165391112233 1472.6672828550254
1463.8295325933045 1019.9690984359465 798.2825952493637
788.0720275451501 650.9861959444968 374.49907338815996
1520.1011623969002 861.7001660788558 200.47361079921066
1127.0199443803303 886.7429180660595 1284.2900963326485
1157.101309451604 1212.074691736304 1257.3470953680267
1158.910422158425 1043.1328160462413 1132.3991013878697
1020.7923203031211 938.1267869270661 1481.3658911596576
717.5798683101316 801.9422100511397 344.1442199310966
1137.711788899508 965.2884043055881 136.56480781646397
1200.1269244034086 1110.1786664158574 613.8831485778738
1518.1393368337885 806.8757536517342 1117.3397372507316
456.287362342714 862.9352907898844 1161.7414992409526
1058.8086138393603 1595.5151116925376 1321.8739680673914
945.637843332492 975.2693827887996 1268.4383668621963
1120.1903197261477 834.2473481319464 1395.2914853268833
1507.8775457421862 1041.8581624077888 503.72703831526786
1269.602112681059 924.3596300379284 1439.4789674315957
1248.8677405889628 936.721261675405 1026.2818809215232
1358.8398306486479 991.8572603628627 1294.5503033385369
1110.1354765544977 782.3761547824004 1429.4907271250922
904.6129589807797 1276.6196897452157 1251.257660136094
1006.0644965103744 1441.8026059833664 106.46981415660423
911.301190915704 1180.9644476537906 607.1200989271999
983.9793368233398 586.8980349816712 1418.4673813698537
1027.1332699266168 914.0856784628252 1014.7443611729532
1120.709130834556 992.5004375236614 439.5898095127988
797.5377342561108 581.9752950379226 900.4301368399006
958.8322044724301 1369.2802913141156 728.6510023040461
1425.5299302609376 1114.6168348432761 308.49378511546865
1123.732352771784 775.4318825204016 710.4380668887044
651.1610532187046 708.0899431153595 673.8220424520465
1147.0416490674743 858.320414722043 435.82196776232087
922.1663356149239 985.3120206776828 391.08197931924377
988.492485191884 961.6576305929639 1342.512827076846
897.0430135522402 893.1621281918683 854.6826009715439
1496.7322001358862 1327.4309331127185 1067.5583511027837
1286.524248240723 772.2054697656279 639.0673937008272
1081.967956186151 896.3788578834233 657.1375086874029
1239.9389652724358 993.6726253693305 301.67483438235183
932.6380979736557 1444.6023613272819 1080.449534649311
870.6517997152393 854.1460622205639 699.0603799050866
1084.0320039340336 821.3106271422389 726.5817185516388
1475.3186796236632 1422.2370485722522 872.4106534012998
706.6323815063938 1109.7025561767375 1034.4689508097756
1392.27263705939 629.3429340036826 1210.2424616741491
1197.993455373395 1276.977990033225 1124.0512049709084
753.775240276311 940.4845812206511 406.8653988470703
1285.6033908475579 817.7908942369743 992.3662882409417
1086.2674644733886 1194.1974020286168 44.68941508643975
640.239050095453 559.1620508905892 1461.3674588215938
712.6168926492494 889.0914526505393 1025.2071299476447
850.4995707442705 1173.7273740830938 28.63266043474688
1284.16996905509 789.9630346260345 276.9383594975918
752.8531144043177 1419.6971191098594 1067.2277662878485
1316.9120752296608 1385.6998388496954 1021.6132900458472
1216.4783549301485 931.9405346752484 53.680935829421074
1249.103310473627 1028.6739514903388 620.8414200107876
1100.3198018048404 1030.000414532412 989.8626438595605
540.720245922996 763.3101229551852 632.373870573284
968.5967037059886 1051.7455809923354 867.4578897165931
1040.413189602874 1111.6037358047479 1335.7680490188864
1103.3905597575354 433.43462395594565 104.41649545334641
1280.0180432261727 854.3209580908849 1382.210576073801
873.254506797691 945.2754402909391 572.2588424433883
1181.8911777678545 973.1848240682514 1410.9647623724045
629.6920183113612 1207.3177761181696 1408.6981905206808
1062.6669666486614 941.375568921085 308.8657600922602
1080.7213077915508 918.9259805307125 735.5379475174067
835.0803571851815 932.3394651286334 495.34553086556303
1040.143841771043 487.4121823322188 226.17468347772768
907.7888343543873 703.8516683501757 107.50868658983225
971.3786243483773 867.0325788746982 1337.1580032491813
861.2169388132822 1111.490027329514 935.4975985407294
806.4524922409757 774.6075955152088 804.3586248876729
840.6750248467365 1517.5915217159998 967.5635026929048
919.2034086034726 924.296599837222 1156.1222343077648
533.5656059708961 1175.9675909074003 1024.010817679685
1288.8068817944734 874.2770392066916 180.6298663157348
781.3824620923147 949.809021998129 431.80381584874175
583.4970557547326 1269.1578980459333 403.97579609273885
1179.1584625972837 1272.0225090832218 1090.8351883149853
1142.537439355078 855.4821327150614 709.9776447238963
1064.7819653497354 1261.9906494138536 742.9231445676852
1082.193416561284 770.4492431010268 415.2161404337554
1201.9474778648912 707.1168022432392 981.8391776583028
862.1320069094683 710.9186148517188 307.72474512061484
979.635296071625 986.929960534879 360.22240656057824
1384.473377866791 1107.8934158620236 634.7668048674394
1318.7523931054059 1059.5864315634167 338.41945704312985
1507.1593981648007 1150.604972439402 1454.7857346586525
1416.7109581886875 895.3704629252746 64.68250183682461
1330.197250223022 1098.6791257643006 233.51367072025408
794.9314105097546 835.4900036912879 922.5409963059595
1560.2883313560274 1065.526218269437 1412.0921408397023
1366.7873240339936 858.5342431533234 24.062891740085803
664.2320417950165 876.7377901430389 259.094734067377
951.8801431776394 550.8667687262147 1389.225722153018
1295.0480407164223 1472.540820602962 1135.0455502104846
907.6403884907738 855.6475514809267 1280.0352740848875
1253.0156928681993 815.4702765684096 88.38861377186441
887.2181485973689 1282.7438989142274 167.7394734458087
1513.204571530485 797.0927556055658 836.3446657901818
615.5447863915803 632.0183259985786 671.1088889755437
989.9193518250836 806.2758162881897 879.8994214935071
716.8617732417206 1086.3534562361197 40.35076911640395
1005.84124356482 1365.8308657706482 714.5073260244557
1124.549121722254 1556.4221704057568 1444.4314116540095
1201.2783000660966 782.4479526752001 1404.1156846088738
1147.4873518724355 524.9015813491781 1497.2517173875513
1394.4755577822802 1528.1384625086084 504.9608422262312
1135.4361169388008 762.9617478663123 1026.7383370931193
853.9675804024323 1212.404615536427 36.01412374040841
788.8053717120523 864.8546819494946 641.8229423334218
934.4892608785409 868.176707493128 555.8415210210028
1009.8513296136363 798.6649026218785 1325.4656130014994
1096.820854790305 888.3561812264359 674.9615236358177
755.0491931468217 743.9048240768414 1350.964054232871
1226.731368641061 817.0844473276297 54.9289348946419
1045.3197926537646 1056.7392015866565 376.8672541567748
1344.8718277172188 793.370314966012 1316.0423728781866
1535.000301050024 1140.0544901761857 709.8938602442414
1113.9270948882886 1087.3030700698275 473.56734928743884
1050.8901674356882 693.063130182986 832.4247960804125
1014.450673245397 1234.7759984251677 170.91417035593165
1383.1797850296489 1383.2790190852768 948.9961604953929
1271.8533483867427 815.5339648068943 56.16061536120137
983.139419242392 606.99651027606 1452.1694696501183
1075.1825523324585 642.2283011728382 1191.7449132646393
1006.0407031744932 1099.9840755692342 292.429003150131
1161.8651765400305 639.5282015795808 451.9282310217695
1141.4239010783463 1132.2665759902939 406.67445882729453
1526.3984329795926 1007.0011640428148 597.059975774053
1368.1390867235116 649.5350789969032 779.6938317351244
1228.9695362097377 1524.6284755788997 1403.794427736429
936.9157489628926 1078.5239994384738 1208.1190085738772
1031.5478572693012 949.1810045500742 1021.2508215079231
1437.7275760142968 1024.4704874754698 486.94917089792216
824.8733930373452 1256.2102353692449 1315.5919685955118
1129.0959725322427 1051.3607406789636 1140.698652722007
1008.558829735423 1229.9489136082411 754.6772887573841
784.6286761537629 742.7585512665557 973.9229843446632
858.3143570934978 1456.025029987314 425.01134707366833
877.4993354415698 1060.9266844656402 1336.4953603516021
979.8123763266442 838.7553376881818 940.6345417613983
906.758611285436 841.1504232358044 780.1881699855045
1010.0183291345122 1069.888045143695 488.83380351329697
1091.6401679057622 1223.0524013547624 1091.617015364621
986.3352298997554 848.3326819664826 380.441580159138
1179.0773589899518 1063.3334822214122 646.5978380183238
1096.1510912378242 1212.603409158077 826.2679003286498
1234.7285542391164 1206.4776247545644 697.9844195436043
544.056963630758 1055.313475932428 449.59142429033636
670.5088689699767 1390.59150971599 1154.405573169589
803.1739102101199 1034.0001710835677 24.321996903046706
855.7639890311041 958.3733475456698 809.982254538083
997.5630218378651 991.7781352015171 497.3116353175353
709.4763741155045 1099.544911275838 98.59778684272536
554.6505187935998 1351.7516326267955 24.32066440658337
1194.0297711863345 1860.0516127157457 641.8000580215788
1223.572987601421 669.1595881482909 1254.9396817040063
936.7534479426793 890.5532915455805 761.4846502895685
836.8462666924416 1559.8990772831703 306.64618454154186
753.4141839793593 1063.661683963952 1431.0460192522014
967.7975416611171 1344.9842419159638 112.41107366196884
674.5272900845839 1471.7196810389885 1126.4573642708021
722.7168608071438 1200.6383035654235 1117.4216343353564
1155.9003490438736 1152.2288914658866 25.518792683404122
992.3037263840246 436.6335609120614 269.5569863696491
752.0787050092661 1233.9130877295863 1192.7348743521293
757.4647185157453 1521.8459852523538 1349.7832479675108
838.2386130513751 426.6747425682846 43.05242330147957
1062.690692519361 1145.4812620372222 998.5532091481859
1283.8104911492428 1047.7162857297599 427.4116697879935
741.0779816780262 669.1933402848081 1144.2351186790754
832.2498221026823 1344.805623654543 1122.2415541780886
774.9181412479124 862.4065149220419 203.50064180413625
910.5506978146126 941.1338707300388 178.2379818312973
793.6151962694963 1060.802743334009 1396.9910283829342
1264.1849265815406 1060.2094730894926 346.65003677948357
732.2718047534302 819.0342579508492 426.1865719686432
1214.882960884501 1111.615096615948 148.52409338152682
595.5887613372847 1242.9304376105683 1455.020024313166
1081.802116600969 1002.6022848648142 1469.2189682049282
1117.5421433112263 1043.6308751957997 1259.0307903018622
882.1824964503235 906.5500543543618 1226.5034318145351
913.3941341220709 732.8322621799765 352.8555792363547
978.4179606486856 898.271261788182 900.4786053939205
1105.9907259075449 1021.9480633504281 904.7737151905095
779.4843290091874 578.5373365820615 156.464783414055
954.9028028549372 1040.0948862498403 1313.4601841390406
608.6843606790694 868.7413122703206 847.8355542651809
914.6172593855044 665.407863505345 1393.1600132854348
848.2806378562716 1140.2713636297935 1178.0803102720724
711.236702502094 1080.0901987623436 1200.4094219185397
1005.9733650784891 1444.4179550456777 599.6421163465169
854.7884168821079 1326.9870464197932 163.8342413568602
860.4584339716212 569.5318559205962 455.1327957074749
1343.0172258006062 868.2454289923762 122.03573477522295
1737.260445266177 657.2110073250701 48.949456136520354
914.5877343868856 965.1641520020056 829.1066360910861
1012.3414346337103 1095.9913400226885 828.3924841487801
1186.0472659495058 953.4109024854555 1221.0782407594345
1083.2493588160694 1035.2965270136367 373.65462542719325
1277.202224700006 1317.9763522065507 851.6334262253359
1048.8005121353083 1084.9832756173212 1479.1047052080082
980.4048964319526 857.5998291484008 887.8594900277143
1350.4245312039607 728.9199101164327 345.81574259223254
934.1273204415686 1105.6458053028396 915.4574081477897
1037.1242984247726 1395.3676572341026 96.37084887734775
1221.666871758985 796.3947540812956 832.2407959963067
989.2009136216183 1122.1742408447676 25.224751251856137
538.5288863885947 634.0071086858966 1476.8471835028524
824.7204864549517 907.0263172707383 964.626435370889
1046.0941935560936 774.3043125726659 570.8750850671074
1507.2011055649475 750.5310098895765 94.74831161552433
989.5084489329864 950.8533316010806 872.787742841318
920.3942706816973 477.6950493244193 971.7108524322152
1225.773632264437 709.5041612241454 1232.7983792979403
1048.9076923589994 1066.221857404625 1426.3393640025765
1223.4783214311126 1366.059897866393 818.4631723944113
953.7796334874913 946.9030604148479 392.8846905708256
807.6386932728946 1166.7944717260004 520.1961122297984
1321.9129940765388 1105.272369900617 434.13038598790064
1031.8107746640333 1205.8101588708168 122.32100350665543
594.2239311509846 1403.8460968501827 48.015477475365884
1477.7755456215498 1135.6451704291626 1399.3882429515916
774.7450606444531 610.4900515714978 1400.0050601095993
1121.3586958227788 984.8324340096744 31.976452466139506
788.1998784936294 1480.807084487981 468.4638662119917
1116.7752680016301 694.8527977802896 1407.261025427042
1017.2668718958652 957.168937984038 996.8783810744889
952.5641292861454 971.5958621755766 105.20395262824528
888.6448422253135 1455.0213816103505 1439.1682630517562
982.4510816115364 905.0555100126077 1355.0792676956846
1435.71789957697 950.4416343294308 485.9020283949481
450.2590131007564 977.7847741458863 945.5942175428559
1198.510537375408 1571.5179808201208 714.7565324564795
762.1698417887317 1620.8652156482776 954.1278128730427
910.7996190718828 379.21105631073954 279.21688451211685
719.4026913098344 606.3379090187627 535.4507760680672
895.3304345933278 758.2594776242203 636.2197315373312
997.0568813201811 1108.0458170953555 1198.9632027065718
1102.9521964538778 1055.303661498603 482.42587392114547
1608.6742512404976 568.7822546560296 1499.4731523001774
937.3680056017431 894.3567375675655 744.6348987804066
974.5198417884217 792.3478981915941 1368.2492536906375
848.719252015225 996.4071880183834 1078.4108068663147
1052.602239371255 928.1170958483425 1196.711245988039
576.7095968569329 1415.111995677482 27.88275957034203
611.1255013482523 1037.7766479926502 697.9051358932576
1081.0338983756117 1133.9183688343724 880.6196638861294
543.497449305496 886.5605831862291 594.5437089845684
1365.0457935195652 870.3827698321293 806.4868441496112
1474.6786027876146 918.5496224295316 1215.1288895066223
1126.7148633627073 786.448305696227 1327.3697051760314
1194.039567733726 1036.021973777687 987.8782013272432
716.7921347986411 1106.5492452972314 1311.7298400461434
1131.9407700939057 827.439637201904 886.5879186709758
976.5285600436123 927.0634047159479 581.2021512575382
897.7106067658954 905.7492104427771 644.7253246468999
1529.6547979668553 1196.5703191032653 840.7991146209463
1116.2945903668701 683.8754578336734 777.2267097608982
926.4347294789084 778.3237343060962 531.5654992708363
848.2015814577109 1255.0786538600623 790.8392034027821
856.5413841063901 976.324463057407 716.9084883399038
891.8891788740398 830.6770409771809 1406.8401618095434
831.8637512891032 1013.4245388063794 857.9466704908174
1054.1140210515798 893.5495412383634 358.48773058437536
483.302455955372 938.5150859111009 1328.0193746260115
1172.6210589984137 715.8722109190337 189.94083387238115
1621.2225693060532 1230.2033707975538 1434.644653933827
1010.389230266351 1134.52062738096 1448.7597224368517
1027.966999424058 919.7508043757147 1242.132216774979
800.5495201830709 823.5079528004021 896.3684062397052
744.2397801140955 1104.0203300233975 110.96187810624886
870.4912341228123 855.2291103100478 583.6542344980875
343.1078767790518 1415.4715763022627 321.610507625008
1237.1152268100063 777.742924914089 409.32143965332074
1136.0103890663077 854.9554371940276 982.3264618400531
541.449231138427 1161.181753324134 1446.8350439123462
1111.701151118717 766.3789455336303 789.3286246855221
1163.065717261114 1126.7842809893993 304.2281975111768
1088.3955469121868 1378.63890357545 328.25472053125503
1009.2873445831557 1020.3936868128102 1392.2900606239136
737.5907048795725 881.7490528870378 548.7574059349247
1140.5656227915524 838.3762073060373 31.133074485519273
1309.7813171333382 956.8049063551547 993.0906815925039
1029.9379683547554 928.4997176197026 28.100656882211528
1348.3843014828562 759.2735867340562 581.5579345459892
723.5411894301162 1066.9105643588834 1084.9004048794425
1218.603304716966 785.2168952360935 1485.0278398716189
1318.8566928222572 840.9651325108954 424.464145929288
970.2679809652064 836.7428175159973 970.0796605704909
787.9693930323799 1203.9387630269543 617.7097685620357
1122.546635512007 663.8476161946819 387.07089532998964
1179.776888573245 1077.1456508480017 1013.5168398654257
1323.8911343075758 779.9525799929639 949.0977512362501
1106.083700328075 1084.486415829164 123.3667962781692
616.1041475527791 1094.0624736342843 203.0277924488656
1195.0897978935106 1040.2143122967148 1333.8660853496103
770.376031147787 1074.7606397558811 1421.4073111945568
1067.18508754804 1224.7903291367495 953.4310486837874
1426.22021705701 785.452211088457 803.7166008472138
1150.4352061075379 1043.5099427853195 1405.1909942825841
784.0983168082347 774.2305920661541 1093.2037188420895
992.839975592402 1344.2650396055058 283.0647495490594
621.722956265142 1133.5910885724313 325.7720996938255
1310.4697004418404 712.7080176270999 1349.1274450530527
716.0100391566298 887.4123630617344 765.6161543638402
481.12651887945185 823.1400497801064 1484.4075829312767
709.3685097905616 1019.1948408594064 1482.4522485009043
1222.7453003687147 1265.865744326208 979.8970970494815
659.9866927894225 949.9690698116949 35.42367309414374
633.1356786943322 604.7505416467502 99.15505381761514
1272.9322730556808 1201.1936094413757 145.03590257595604
929.3982118386941 1005.0792843833276 754.2898669550427
603.4715313801802 1576.8693289071657 205.08751824301407
1221.351001238985 490.25189298644443 758.8561452110428
1266.9792518494544 842.4149125538094 159.96058322640377
555.0268967998886 1012.3992128824959 665.6757717762665
824.0697132504827 746.9536338466592 1288.713205721132
1218.4294902238978 612.2794743912862 1016.4079508137196
1445.7327679914156 1006.3232349561039 1012.6576016385425
1124.6615092263562 828.6351329823744 1480.8304480075958
1325.5919641705918 1136.6425802267029 1359.8904760700718
1239.9779686478225 1046.1120539318144 340.59123942146937
533.0986099994195 1091.3070150264443 833.7879778549516
1505.816758324643 976.3385038352347 767.8248999615644
831.455612221552 1124.6164968860137 1373.2144249199691
899.784293226085 978.3795347474002 1056.2919706221967
965.1633685547425 1081.3368256479157 829.8979120810596
728.4941042685418 1127.4136216091708 141.05131127710536
1475.8113153797058 795.1595320526931 1419.0493748034673
964.7825660813941 930.7732072806809 1470.9428707593772
1986.5978786867095 1261.1625277171127 1239.345930629495
1206.835258469412 1099.1408781952061 378.9240042238662
1450.7529329106842 808.5383604802379 211.7842801163004
888.5004793691473 1118.818613493115 335.5899092977864
1523.3006831623425 1184.7378700042725 245.39683373828265
850.8172465767727 1040.6319444982882 946.6803021973511
757.1516747598649 966.2434676926038 1069.0067280845262
1053.099264777751 565.3789509479902 1103.6284454856059
1188.3667568211536 860.2751322703814 852.5801860116981
605.234089091478 1000.11990462485 785.7836288501561
1020.143988512679 989.5648842095973 1308.393001848724
1165.2984374402683 1295.7803010586324 777.3214740710445
1212.074898161264 1130.4482655475051 617.2997773181189
1065.3764213767702 947.3049531651232 707.2724888105902
938.8841741153581 408.6632548988616 422.24716075139474
683.9962040336356 1766.724575410507 1444.6301162872767
1638.3329915218537 695.8180281571373 464.5306136842221
966.6412438365453 1231.5346168383076 13.288426490754567
510.8534136892557 1246.7909334706032 308.09454719650046
1017.0984408023284 1412.2106562250667 611.2756135778804
1044.3853385686662 796.5610339291076 706.0817049857906
1206.742060554463 901.5935427274693 968.4997604306169
1244.647819328276 1110.1902933596955 1187.1387357567894
1083.8455980148276 614.613208391839 136.5879035577351
1307.8642067723954 899.265905508907 87.02951068095649
842.5356953953391 1117.1214880842103 1166.4382949987364
1441.2225309959522 1026.9357611763278 891.710219473229
731.345710216177 1110.4693879650779 1490.8925356295508
497.0000901024897 876.3942673693119 457.1834861165151
1306.1873555094207 1117.6123182066997 994.886866233597
1351.3908518891647 1075.474766306077 1159.150470832276
660.2412858074651 1049.5966282655174 1146.8494621091015
1039.8589586359533 1266.8285478908683 637.2746811753506
1134.9603683264372 830.0216190342328 206.30297487604378
1148.1764552214313 1187.1828542832698 606.8446037250114
1404.4166428227938 610.1315795198341 515.1896944668367
1044.3018203822544 874.7711515868601 940.2670350285362
1091.9335923591661 421.27658662246915 701.5558693909059
1456.5169567972443 1126.198230629838 707.1524306018963
1181.460903160206 735.6363042168875 1284.3623862957509
1188.798801793819 1023.8238918083838 1261.3297489476824
998.8246142526481 1212.2275888102774 1496.3921002142345
672.887304615778 1190.4393103671853 1029.0346204811738
840.4918606132874 990.7848676724149 392.07879969327314
1280.1489801836715 1356.7625712872118 1009.0431496101454
1496.800130927373 828.7974741743521 427.43449906696424
1306.5812064966258 1264.565136438845 50.65668551838714
1041.9101643713318 784.7739855880673 157.95353748426794
1065.3509635354637 918.7091502675332 283.6673369090408
1051.9000488729714 785.5244205176632 50.832945601053005
783.7804497149632 1215.1962494222141 1405.8384279469863
888.7635553951385 1044.9347030551598 1000.8856367415434
1161.300606127089 667.7516911116923 34.34759550942124
892.9292049857776 721.0936270282853 1394.539446751397
904.0460792754322 741.6888733750579 295.7856202850315
1266.7820746673947 958.1150724957214 110.8691590985496
1119.541081976727 1073.7137068870777 943.5199928161837
1263.2600399384046 1126.2956701740088 1242.1050970599501
859.2264668450929 600.1929999264796 998.169310827931
994.8346440323684 1153.1132716757152 118.44949903064428
1149.3519697676588 1049.7553741029478 104.06004823893095
1061.931300263481 668.1442993719704 27.32906318716688
719.9939209369934 881.8972125140409 409.939359210454
829.5572081672605 821.7224925678576 392.4608254165086
1206.7969215319413 1206.9354628210876 1169.8175908140022
1009.3072872808234 1218.224779447253 297.4999186414255
1099.768226235147 1404.321739790355 1455.263165216285
949.7877464366431 1081.4738218504317 1321.1331094431496
884.442854155766 1110.5213142290738 289.7000424876175
660.2536147110711 1358.695342880796 234.38672200485678
1063.5385230100976 1226.4145520139336 1265.0971441718514
966.269077887418 1038.796558627194 388.56131711697856
743.2303512864912 1232.1517075509616 1253.3995236438057
703.6405635229755 434.6345004013998 1311.0268950745499
1199.891382592078 1410.3732679554003 1388.310154447035
1290.4390852498545 799.4523281730162 1463.2144172933956
986.7783432937883 1068.3653976922405 758.9085388104569
1072.2912607322876 1230.8801074081307 390.7987601149598
689.0373949747815 979.3933697273199 531.5130362917862
746.3734793912466 629.3223923907369 454.3369189464071
1212.24294929718 1421.8023236569243 278.9145391377778
799.7115578589422 1287.03442347473 380.0479593708221
1116.0236227134246 735.505596122777 1263.6080783053899
896.4362922584253 1016.1618755030169 83.85176168891401
1094.5885291296281 565.4513860881152 1485.5975265936147
981.2376999018297 1219.84605995258 586.1173991017614
1173.4364877283085 728.7515538943098 695.6399483608282
831.487844829657 855.7447639486395 689.7896719042653
969.151604839511 387.04948840312807 1092.2973273433938
1057.2043813426856 1247.5170196595955 1127.1660394100213
858.5513556652884 906.9464374362478 709.8504551092709
1332.0038947693438 1062.7825611779067 678.1281204172356
1007.4530728181486 568.0721490975804 1213.0421265032721
1494.415572806312 1389.2056094165064 10.812339945540206
816.6167095869885 1271.3383127722768 297.5717931464528
1227.5796830151612 273.2687442851636 114.29557134603935
1336.2102434040617 697.1354490779856 1291.5490034198085
1035.2837102732028 1067.3680528986479 1292.3255003541146
1252.2184647962426 1048.8216106676382 530.2760187735088
669.2915418742461 959.82439857503 1351.1532214619094
1405.244422026443 1486.524838725877 1039.1716130434577
1025.479716913932 1295.3656597821114 183.43192799009407
988.3999512561181 846.3531672012309 1333.8271544883087
932.8481828717272 948.4128939621556 908.8706507239768
1058.8980483796238 718.7766822436658 554.6462030695682
902.2996797728164 1252.1892098925935 56.25895570221812
673.4368878277573 772.545988286731 121.06868767533769
1146.5301965994604 826.3618216414548 52.164463577562714
983.5430924976439 1247.69788547693 1375.764683693109
746.4908652680846 865.9236857552721 501.50475240724563
933.2409269600003 839.8397835179055 1168.4195004357261
1044.200706101523 913.9127125628683 610.5659557958231
521.0436958919902 1513.2020356606863 989.9835468640674
777.0927527945203 965.4614385661523 827.7482851525001
981.8991633780777 1051.5039934613028 850.0510750754756
1064.9804648329693 936.2346525984652 984.9708161625564
844.8111018038942 1042.7059289262666 1477.8469991730435
1058.1779117207755 620.5570812413716 774.4782772344693
461.02375932557356 579.7074218709532 517.683275721899
1070.391176772315 1260.0158922293244 843.34218134994
808.3420987586517 1277.9455480917354 643.2585891987524
606.1546899019377 1479.960824973932 442.88102840217283
913.792812533203 915.3501617875027 1168.4558383021056
1072.948682437648 654.8238654187537 1440.3343089064092
925.9073636422867 911.3927662767519 143.19092571551505
1056.5686379042522 963.9842437935026 988.5049865053555
1309.159145640468 1254.6580028096273 1128.7695410188403
1611.9425476670995 716.4260976922419 1070.7750860266335
1384.7071140187554 1204.0492417047562 179.04249171025882
1040.7078332703627 833.275232273498 360.9643048785133
1522.7014214541448 802.0973749934686 299.91550103543653
837.2991416570479 889.403774619423 894.5321106830228
698.2353127362339 1446.5772545498648 692.7585806666239
1431.7302029577086 710.7730363318783 697.2571253314302
888.5698453232344 557.02370680951 589.2432905409053
1079.5095735193486 783.7795854416199 220.49771006291857
1158.8457718264708 1212.6745173888412 155.71283811685078
421.1040827965687 923.1189467280303 1396.6720802411492
1173.228751769775 1379.1721921298602 665.4998826066048
976.3815589275196 670.9325845674082 918.4242370439005
784.110679177253 1534.5944308058167 1060.1175374280822
1180.0350119963482 712.6710084807526 903.8046294294387
810.5261111688098 1170.9939106869472 1186.3215284495484
973.4800918157297 1266.4836761883453 33.3921759650449
893.9309331264724 1143.050008191959 696.0188997623804
1103.3848897385367 891.2138812014337 309.7908346460569
854.4361130311283 1108.0275722148701 314.407329747218
838.580581311841 433.29783998091466 1436.5921038812862
668.5032668558036 1215.136132338465 768.1072743704262
956.0059524351284 1100.930557772164 1332.0609863132067
862.7359068559492 1307.8037397763237 831.1505668480627
545.6677261948705 1092.8411230084128 500.0737855703374
