2000
929.7234760548283 1301.0892133268603 745.0756357703494
792.6531240856089 1054.837675676765 410.0112672694812
1161.7971888924583 681.0778355398652 601.866186050463
1091.8939524900736 892.5502754788437 1447.7944810246138
1258.134661365664 890.1353147542353 256.1373475044818
1052.6225365230216 962.3362573182208 938.1540720541236
1104.9171248901357 1114.3650930436747 1331.3797723184225
1225.689750187802 597.6860716529092 891.1030582509883
1266.4712783517657 1532.8555039402268 1094.47609028402
999.6845779787153 977.8870060749607 199.9427806394601
1376.2655494721935 607.1599240753991 1174.1992591762933
507.4945998917756 702.9223818010553 1400.7156538745057
954.0246677129912 1220.6888425761363 1436.7092501615666
1229.7710802878155 1081.3698004762907 816.4536179121825
708.1179118881872 917.6105419619511 137.33445670009553
1464.6653353322422 687.4037265610974 1369.276494292407
962.3495148185507 757.0881100262801 458.2161068840132
1074.7172544228738 1157.6868146016275 743.4752982160599
1124.1903319384342 905.9070423250679 1297.823036009651
1207.6711397632814 837.1367410046495 37.35434466920962
1226.0571325053597 1437.281409384219 1232.891182995647
764.7619029732003 899.4825253944344 971.4109502301334
816.626076647398 681.5607961869954 362.89036360064205
912.1913887740618 938.2277625989437 1366.7809086855302
892.887404228301 999.1069438799303 124.0774742324599
1298.8165342516445 788.2650529196894 321.8648284773807
871.0068420087075 1274.7477115458325 1228.8859370763364
735.8846740059507 1098.9982274343788 1230.4693992705404
857.6396816876756 843.0783752544282 772.6005863501828
806.3708241049546 1042.4229118196276 716.6705963637021
827.6955130205215 829.3908920871681 645.2280533901741
1282.023837346276 1239.82651189388 315.951158331526
868.824020097649 850.1569559007512 55.570006317658404
951.1273095307374 1263.6546277831565 1494.6256481706546
781.2350900384095 981.6410871948992 691.3502932445517
647.1375007017746 879.0576623541648 1472.9765465850164
1153.9506054505814 1179.8535587253732 298.18392178966053
1118.5589118761036 1271.220690647241 1301.2231427895754
1388.676422297362 1021.1348060653539 422.83152430928556
807.1666432321931 916.9849868196916 281.5562846613761
1046.4321493666857 846.9061172872823 976.5052994791776
857.9474338990257 760.4681896968793 975.0851514498386
1342.5252142221048 991.5108726840117 1010.8322047154793
787.7824772173009 1121.8566472777648 542.1906297802326
871.45805413426 1046.7835653373113 976.4606531028624
1118.4794555339251 1144.4399507254584 773.8047134903434
737.7235795944571 1399.5374103102395 397.4268249097607
826.7900776537963 860.8990777098277 1317.9230930117064
1380.5750903325606 550.7933284001214 712.980990569701
536.5450426802727 1084.4793277606523 496.43574458324076
802.0768201438343 1440.4287832621671 576.0384394781192
1143.7796328743948 788.977693117449 281.82581831949227
890.0973593321407 397.2243146560131 756.4571467664996
1175.267477313941 1093.28576559267 627.7973720373698
1012.269113639054 844.1027936624467 169.58584054174992
881.5139562069917 797.9249942544338 567.9918636695186
711.8150849286155 685.4029092655127 572.7677316209349
1027.0791212005868 610.9538110226158 15.734185450555438
1162.530160305417 1228.9416404981357 207.47206369661754
1182.1762967638704 1134.3738157080286 1339.3037768181473
1171.3359225419777 1410.385173721651 770.1489913447083
860.044162212014 631.1135370212962 325.87817635740834
1141.493755380589 1018.2476071248859 1054.55764239492
1010.6472520472954 865.110731040611 1321.792131028997
828.560030657982 1137.7896955077656 199.00909562302266
565.4026553186038 1123.015482200727 389.0317782091316
688.9376270779337 939.2109892108311 880.4236006999754
1303.1716424209192 714.7465901981898 381.2385445273327
1113.6678452314034 1220.241625490462 1366.4714646543432
1277.8753407186414 635.7555074971716 649.1238051691838
1209.2222254324681 898.4044229722665 1434.6234472811389
1141.1029756386272 1085.7962992851362 402.9089471616237
1296.8625145977778 835.9640750009022 85.90927548202649
1068.9943021244712 1002.8838139844129 1251.2748333092027
863.9760971205369 664.4588759266883 675.2180348188429
764.1959086262759 1088.5086003231072 273.56382390976444
1029.2625869807414 1067.926244571606 67.5482157090757
1007.090438976446 722.8478667664103 236.57531149317884
793.5183437930314 1044.161241874665 1046.429557476887
1226.6089014300396 1252.8330594845218 969.1570678261347
969.3952041245487 1251.072882504884 462.86792243100325
1075.551407614982 1040.7755269191466 499.83346054723535
770.9849357324422 970.6201568847813 1393.3363737702784
708.1571397180005 1017.8556185102368 494.968346030578
1223.6206898979362 1114.907191184507 437.74545431268854
1140.1173337215719 1498.950796878228 627.8903673031608
974.4616214234876 1392.8301857852612 1332.8009189900336
1263.3839024460633 868.9391293684725 862.0025653824044
755.9354399226919 688.5011684880038 188.16251016035756
672.0047785201036 550.6178916341338 1433.7292406852175
483.85498297713025 1120.4116471820141 835.0993093308688
731.7076566240002 1033.1049964558676 51.35789625301146
777.7342371760242 1155.5700970142952 85.80779631060464
789.7163399777672 911.5022762774405 779.1997526390044
896.4340420433775 966.2719954290063 837.5722486136466
391.6651786528266 747.1177736040538 773.6547812790204
1085.7371552835493 1104.56485887713 434.5820919012948
907.9784538191932 1275.9513604760737 759.607734287546
932.4372936581137 897.0451123602011 526.5467325267647
1038.2082669103993 1178.444965503744 1093.7892397798987
1358.9006602668678 913.5411896254999 1349.091594660709
986.941427690692 1084.330769618053 1339.3352455599186
612.2962185417928 979.6271468689137 816.5138139199026
1273.4558814697018 909.1175332308588 1239.225654103389
848.7862450756878 987.116348772997 339.2807617131575
864.7728111231655 722.8185554903434 563.52868347174
1322.2585382420689 560.362994924232 831.8702870678454
977.8233151255118 1027.2463818879937 828.2700354773339
841.9992246979696 656.8632216432557 1234.8280399277169
974.5755321152691 686.1195160119917 964.7402414255248
967.4504863641827 627.389945946125 76.47508334918213
847.0336795019514 744.3201613942791 288.4813269245921
768.8347073404118 773.9874875714311 73.45220943421465
1218.8820814188618 923.359520757668 196.64056440654127
816.3522489816393 1060.3516293140315 1204.813603884764
1089.8607621390852 719.75090133309 583.02385343052
845.6672824463906 1417.969571464011 104.79601535651013
661.1066551350733 996.641008272632 701.3047340930677
585.2161019353209 1270.7380790011325 1206.0299428632168
1305.2827251211434 1190.4372350783644 372.5329628718993
936.5699563616944 876.5227240192099 98.0731690890192
896.3215213305871 1195.7400696894283 253.40003846995128
1132.1410030902346 976.4334979834672 703.6515071297874
1165.2226891478279 1113.6929027285296 747.7980460476796
1324.1546502136848 1032.0755142844496 1211.550767831597
1018.4688402593292 668.9140059218142 327.4428958253485
951.0859221286996 1087.263582949022 1068.3350802132666
867.2565147493407 1280.5415822915618 992.4375659109905
1421.5559521607722 990.1504886432435 939.8035822349588
926.8619236765071 945.8555174367749 491.88481555548753
700.7145646244503 1212.280490312725 1003.710327550653
1384.9809990328752 803.4410350574074 672.0886696246731
904.7376794082517 656.4846395861293 226.332960627391
811.6994121332614 1041.0146113633875 1329.8711151304678
509.513681603564 1101.9738155387497 932.520130352782
970.8187527997438 630.9388557687282 313.27178234999604
1385.7620182747978 1165.9328097820267 1003.5725198550232
774.6929343936515 889.7963066501877 993.2446718128795
660.4887706818427 1275.2736330308403 1373.228151173471
948.3547360807613 809.1325485872502 1122.9153074492365
394.15070586679155 1415.5907266948718 1025.7590961647636
862.898558382983 884.4403724075926 357.9596701842569
1269.7862875633705 722.5997271400779 684.834485599018
920.217975819609 822.1166284416802 1382.5152586099825
1114.6082240715202 882.6404545853003 159.47719527245823
1105.8989813788612 874.244642573332 154.17904076554584
764.7031751451748 850.6379593949247 206.6015484090239
1262.3508130825194 1488.4679758115205 1125.795237750443
1320.073807958238 1372.6934950992843 205.9705592478015
946.6114348551574 1173.641547851365 640.0503724078935
1004.4500216587271 1727.5393705758906 386.0854852996843
881.3648771457039 972.739285912033 117.27668544169279
938.5480174347724 1014.6632480005953 1349.7686224811684
1344.9384172895689 915.9098865299966 1.5060667897522362
1221.5384707438075 1192.3938068859838 292.12711999745306
1025.5199846256673 877.7164079066188 7.627476809079326
1199.862773760952 1210.6080629306302 255.48201507869578
1129.505422059498 1446.3392077540543 940.5355204455359
1046.8310290578438 983.4814074674664 1470.4242577676473
838.8943415128438 1342.338220080799 246.78510599917013
1010.9055637434121 780.1799483615112 1362.6578543554083
881.655705821865 654.0659935851941 1363.7065742009497
722.8296923629422 1320.0644740234466 275.41679546355374
1524.6990445885717 1277.3491876239718 937.4982253945007
1377.2746941155729 1054.3578750429965 1488.5312815157765
549.179051056714 580.3097840142983 1088.5525842268105
744.7977419616531 1023.9205186564634 1412.426252274197
901.1729393139954 695.2392517670548 300.31005742483967
1200.0096086794288 942.2796129031382 317.25965826692277
872.6052193133502 1328.4373164135106 401.9057670189814
1129.0997896428266 1327.1319555456284 1103.738037729487
1128.6544083794874 537.2513588564549 1366.2481971252087
861.8258401819014 1083.6273971506723 1016.1945145718007
1285.1577018123276 758.4979119386347 1287.9799177111747
762.1264663558117 1054.0650062664893 292.84950131446084
1014.7837307252144 774.5931372425571 1430.683755318733
1202.4937740047226 708.5751978557438 360.8140020022499
1180.9813638684982 1116.1896762237618 843.2811882823687
1155.044969145317 812.337752082228 1417.0878090758047
1367.5222685561998 809.7829314793453 1049.003885244595
862.6462286856449 1340.8731263584884 937.7862605266619
905.9625112625517 959.34784933333 439.1587628274036
745.3855712459964 1242.2516721244267 177.60207256582706
1312.0214025287764 1129.1440014442683 934.965299980623
1131.1270094043175 1037.9969400003588 152.1304737021821
1319.1901682391301 1413.7037723534143 1056.035616573
1113.9129238502828 984.1380627627165 1027.1547284888359
1099.6632123586332 859.7745700888574 1016.9765175993545
480.42117257301413 576.6119836090795 1410.8856228816032
1188.8967482858397 1096.0007915550477 857.0107966495589
1411.1978556507868 658.2932104792956 658.9679844619383
759.7586323136433 849.7115839306862 334.75770664869015
811.2803887100177 1020.5990293524909 178.35184785779694
891.3502735827072 963.6342644137138 268.7629295364042
804.438683518555 1490.7651399521076 372.3231241380454
1166.749626390312 964.9321574746457 700.0116951489413
1052.5551396053015 882.2739143668316 1275.5163479437235
1398.7394545482657 1320.8145117355734 599.9003063854291
765.764083606841 538.4540412799297 654.6000980097558
1017.9045742391261 501.66149186087 107.04720294548137
921.2333980545363 1152.478703278108 1062.1608366612104
541.918008766211 920.6491987029881 87.82449884712945
792.0267744993369 846.6125994258144 542.5224892210048
1265.8421435770458 944.452950803011 661.5833643701176
1264.0545755788976 1348.6178137929162 771.6161788724157
646.544924476979 889.0512372343951 571.2077089565114
914.6160296954456 1006.4038085579245 1492.7205445458544
580.9936768682705 1182.1272106237536 1222.1115673251418
1515.5356205966673 1148.4371891629091 570.4403958257877
983.371706386886 591.5365106086729 166.89607804039852
853.3178138632113 1014.607668391848 1031.4873027406347
695.2232753823855 923.1152727512617 1313.3344138057914
1020.3938082238353 1194.0129589561602 1368.2436164723908
926.6599075744585 1535.921683034367 170.4699631296291
741.7210970692686 1206.880420145244 1306.9072717995973
1425.8556308848997 1175.2853782460263 864.293163753322
924.4618870722343 1070.079434645065 1387.3168038720132
785.4805992041343 1342.4772219404006 555.165697705922
786.5629303053819 1236.1527347246026 273.48699829714303
1155.6141511357098 1149.2484738206483 1221.9860862269595
1371.597436080226 1191.6732086514814 810.8486181141344
960.875025145523 973.3438791458495 820.822413394749
1350.1029104277209 883.6041515392229 1435.2884423682124
629.7713701238084 706.7965683503347 1244.709060380201
959.7440848067523 1048.2112732142043 303.1629319772818
757.2316246130979 1298.7721636800136 185.59020102973867
896.1192946809161 757.7260866864581 824.6934827304725
787.4751340780974 1138.273299015267 556.4682458249349
1272.3088656983537 774.228724509479 1105.0504357264313
1374.9645661258583 930.3702264504868 251.96577380897338
970.1563607303669 1093.6138293251122 651.4555708105032
1157.9679954185422 976.6414009122736 662.6191205802776
1023.6842941426225 726.004060263859 166.8330698126509
1425.5593800966515 1063.1721538323684 963.7596946942958
1181.3871680621235 631.4033193767441 235.19053546853937
888.1754053294324 1425.3882380500916 1220.2111006179714
650.8625143488621 781.2798921756943 483.22219039201866
705.1247733429191 1324.0977920860428 686.2434354131162
836.6092150856167 1481.4696168773232 696.6579378806643
1131.385796463894 1017.8996897788396 630.4686531189776
1065.4748006715017 976.7061661748013 1196.4428856601446
803.0738965083586 1549.1599189091057 25.824759947030817
1186.8028463958358 1403.4589232081423 803.4471425490294
926.0466548621015 779.4375963840143 83.8885216668811
412.1312505735964 1004.1116780402031 795.7899436652119
1024.371988740378 692.0725487683026 1305.5383846428458
1364.4651912800682 1018.9860947941365 1213.202582818761
1437.455887152015 1059.7830135981983 127.04725537217415
1017.4074674428051 1340.4065210823942 560.6199043981477
1046.1913957436486 779.2711056994368 27.252456782799694
599.6605805479757 1469.583064522505 366.61136743355706
899.8987138866488 1057.5694000788496 1069.33973559142
600.9483488482831 942.9334041845533 918.3188339765438
975.7527742797066 965.9265595240303 964.1497108612892
1242.2238918522175 872.912928118191 1354.990217774832
1171.0311089549439 1083.844401062976 865.1490385848258
992.0087729026015 974.9617002961727 454.12368310285126
1591.9262940222288 1219.3864055594165 250.28144113581746
1282.0110045252595 562.85695055411 1122.7611268661856
868.8941537639377 1185.8778872086825 866.3044696215454
998.9314780890799 777.6851013847499 1052.822605080646
1497.3403621524876 1465.5852917736295 1420.1569272977754
295.96478871363377 1425.9644787214424 1137.2868677335343
1432.5506052321557 1083.166347883693 1172.926271474183
1077.6538180281743 882.1068943462583 534.2333112539345
1224.6731004793128 980.9390912014865 1145.6663569833197
1314.613097581398 690.0248095502211 309.0349435073328
886.4619486982634 1030.871573530085 724.7028582496484
1290.7434602155759 1263.5484918992909 639.9316032251804
939.1228752599709 931.2140925812811 323.5031438164838
891.5965827628162 786.2466582751372 44.29998382589906
857.741717043453 719.4385744209342 210.87002762439283
1138.787872534478 872.8113840259791 1128.591299538746
1548.0623274782129 964.4219550376777 910.8184203430915
1480.2875929523266 1643.1017777688126 1113.1780898478717
1269.5021032636794 1033.0950463603674 951.4885559997078
1132.162272864982 873.4524020321664 123.72143008510483
1058.6054613035426 564.6555332938519 1115.0232484684316
1112.7584413845825 1025.9228990162062 351.02002586807913
1005.959359031818 503.3414799533833 582.7136701668206
724.3924029677783 1069.000953934556 225.1455659651394
1097.0361177756324 939.6825633530264 261.75469763175806
1500.9151634713749 690.351729043593 577.2825049457435
1225.7910124462119 946.5256895690324 783.6582918961085
937.3380693007844 808.7056926523319 689.5097774096536
1212.7840938592444 1005.3507475310232 972.4546884946502
1059.177168385304 955.3084686727561 1337.5527760165921
1328.6049841602758 1279.9461775073112 1389.3581365543153
1433.016716819442 776.927534866947 405.9624291162951
806.911740367402 746.2834956110637 980.6410286702677
742.9061239419409 988.4228754231042 869.7357611084711
968.7774187165362 1186.846634117986 565.905852234289
605.8095034570254 1029.1513353733392 544.4790984214563
968.0412869368388 784.9081426863381 912.0042585402604
1373.4159949321881 900.7095293092468 467.85870403675176
960.4034053013892 1033.9993542206114 186.20151621353904
650.9595255231055 1418.1741434645176 771.5544213258349
1156.7257804998385 381.0820319489061 164.12587754559593
907.0377173116256 650.6168447048196 734.0585335522501
917.4316037704488 739.06884309086 329.4291204366354
758.3580772504199 862.5199866205571 342.93576212164373
285.34240180301356 1034.573749292226 1365.3500949948204
856.4515803381632 940.5484019337594 1162.7045725610562
1284.9857167523598 1206.714261893379 337.21654743681876
422.5872921213594 1171.8043196985245 1101.47461658566
1333.1462485374352 1402.2068173562268 47.1666229482467
639.7519208933955 1178.3035685359048 389.6431861409469
715.8134108248958 735.4284652983989 596.140377732823
865.2317473035434 1180.1620159612 415.15500395630175
1245.02469937353 1098.2848772486718 1018.2250456364046
1174.6925601340895 462.7059125648376 863.2767380080328
707.8232810306675 611.803028742839 1480.5800151908802
1002.6657301372878 906.8240714713138 533.7944835621273
1122.5435392425504 490.9419537503834 1311.3361228476228
1092.5754348810576 1090.6239192303558 961.068938573899
951.4378353623913 1145.2484472908436 1369.2248512900658
503.6665686025495 1072.8646238986942 237.07899890850237
1138.5744084218675 827.7830545519292 4.452242445260824
861.9759575462313 1020.8081323247085 192.7633508203407
1477.9271543476189 852.4952615778145 987.9558888440075
669.4100382178076 952.2238549627983 1392.4795467001084
616.9033673267159 909.3158880776446 836.6799694101987
692.8336168147065 854.2019635485838 660.0100177901849
1433.751290285549 1124.9038083789053 971.8562805253367
1300.1404390024638 866.7814153501326 1352.0126782153673
751.2611493133116 1054.603074418074 1110.2470998145964
734.090709574464 916.1604349406674 390.9087951243684
1155.4930493010793 1072.4135884810667 1411.1387765754648
840.8439446466282 753.1903209823872 915.5146209999876
1235.9029069713379 859.9975650156437 793.724583151044
1075.870710653846 761.0386895804677 128.28970047532107
1190.022335844482 757.90378184356 1142.4368300864014
1033.828613401946 835.9664344922264 798.5455079346173
886.6940845014606 808.9252932789251 697.7841813358503
740.4346683977612 1147.948072253575 1149.705074214604
1097.4556841125852 1378.3551279320136 899.1545619801628
976.6493998269051 944.616169007716 1436.9249066274485
1017.2200109347848 1104.9913696502772 1339.579556699782
736.4604436538588 938.8222375586084 159.81128947919586
766.0868660655183 758.7838490821135 489.69099413047076
1269.1196451951098 915.4859310769402 957.3955815647641
782.0461715936899 1107.079523959194 734.2483067283616
987.8140036537112 1055.173556641136 518.7537689367568
1231.4458792439782 1439.3802026474996 1399.651211716338
627.7899866039463 608.4086715103076 169.09306703452165
1111.4780088758523 888.2044913452512 1175.1880363515443
1048.994661697723 672.3681458599972 108.78472173825243
469.44671998413526 982.4676949161419 400.6366289435013
792.8757569730735 1148.3775184664255 1241.1318778257769
1303.5140556584472 700.0927360764528 384.6677244220718
925.4988089580419 1195.5746454731054 485.5804665055697
1004.7875850839165 1022.2196577637446 871.315173470204
1065.586551593632 1457.8793831595872 716.9204857609237
976.8302672750551 1134.6866848356997 776.2578946588354
1294.4592361814787 951.9164913939403 465.5179435968068
1185.7168437160642 853.5832312734503 1151.6600478038868
1290.2532712868656 1028.1495986193536 914.3116086607777
599.2703299649291 973.0871377521773 1475.4003090350932
697.6144101671932 985.1170924477087 1401.0195208372797
1574.3270430044556 979.7636787979434 1494.446559801057
646.812929348192 824.2410400305035 49.59613096487242
1487.987982797262 931.0323441989041 995.0571244759665
1493.650633335724 504.36921191928656 84.75854616631861
1037.9932112427139 1253.5319890791382 198.65754302100856
782.3471013177403 1159.8688560629512 985.2256730312871
1136.5083345865291 1119.5211644882006 1361.6918026972398
793.0244523827033 939.4288558126602 369.1339090407628
1319.5395686244415 532.9996086158112 152.8574211344193
873.1702428396534 1048.1664767636685 885.7996036613689
1116.8351883254713 918.1222393221816 1057.2420888164552
1046.5649610701366 1105.7762702960504 1412.7132127151951
1173.1228259604125 970.5929702125987 278.86604316736435
871.4617807203259 1111.4688422723048 269.606200964712
1150.4119045365296 635.2623851594292 852.8318397805932
1216.0707178095258 1085.031598832596 9.218618803268463
1124.3902150811416 1554.1286813947872 553.2775909534997
716.5336583659046 755.383124327832 1090.9970312686298
1330.3078858841238 1035.5247864850262 119.61572655497743
1198.4754614434792 798.040726338033 280.7835232309034
1651.4028170463475 413.73603130883487 4.90417980771457
925.0255305618455 1280.8420911230469 941.0262438908242
1109.3812876040265 673.7261420296938 1106.9622528574707
1448.3747406747887 1130.3295626698368 990.1717879252095
813.3828671415254 1313.4357648104005 499.0830275468594
1084.05463863999 1121.3673806387242 106.92443196183737
508.2277231157576 1013.072052648084 301.0384501349506
936.001183856154 893.9448890084532 138.08122584747383
1201.0904330549379 822.0815476388505 531.2705309290353
931.8095810204421 700.5351712231035 1345.643693581747
962.4510588790065 977.5655213983027 90.93747346772734
793.8488411453305 841.4328309377565 1417.567641519955
1272.6811608303592 1427.7660988835626 505.12635596594816
575.5360306077096 810.4864228591014 689.0501999752734
1320.9259105865026 1366.7073711861394 653.7443162204167
679.888865686215 880.9480397795322 1190.7366189120694
784.5052873698328 968.7690371942081 1088.4923608540737
1029.166586853123 1008.6901636597155 725.6121252301555
1425.4104194208287 1277.0669891974567 1082.697728805323
918.8910777098532 838.3103646759664 1394.35898888879
858.3417733617713 1147.060840443185 1176.0297285930385
729.6445880048719 1176.615786690108 365.7599756000175
1087.9411372491352 1095.9623494012635 621.5644723400702
390.2126246595967 1292.9723959505257 807.783530394168
677.7972773974919 1077.161185271073 1189.1300121479178
689.3374106767419 862.8233184402511 833.2886905225084
1290.574907572208 1225.417664094868 831.5951472873679
1024.482322528903 827.7925103008428 570.7078142276085
978.0218806432318 815.7723397138891 71.8121436656986
1059.9940432976312 1620.6332929160062 889.2078067701095
792.8309101588932 1167.0187753720538 1449.0817909228083
1488.2533586395878 1197.292597153954 1117.4953376052122
957.712637253404 321.42616117109844 1210.8497763118073
1140.7377826302084 925.900919299649 1393.3388981291507
1174.251187959122 1393.646458432746 1115.5567865562061
688.8793662990522 1035.823769318408 854.9272859103303
1022.7441867111091 1177.699852539838 1072.2954528742484
986.2300885891781 869.7997577335423 1373.0755707190374
894.6406187318287 754.2192159915315 17.278487796271726
1335.1826422076292 1058.1131055434162 71.39456482675166
1074.8338220384455 692.1733556119109 1331.9442291524254
1067.3561185780763 857.8906460512968 935.8960930940223
868.2462589869044 1317.467889171558 23.36919774147095
1123.8223264803344 1657.104586841388 1091.013801868699
677.6213047011041 1415.0379597613435 559.192443126878
1331.3867598447248 1306.666178818757 693.7689648070195
923.0177714460183 1422.499624467871 1234.0769048710174
692.0155722834113 892.5187581475968 1039.843319210231
1319.3466731912656 1126.1807633362898 172.19717637141392
1182.752834322193 1131.6454894889248 495.18622454132463
883.0938745374059 935.9023927044161 34.15288202739247
925.6491625407978 804.0572700377334 344.00400781806
902.1214555868419 1278.0060608455478 1126.1168015836913
1275.313421165025 1082.7167488280274 1495.6213598995264
613.1100130982871 521.0759390240079 824.4167467157796
841.1741175571053 838.3939236756022 1008.8716276014609
1059.1246621630228 871.6410691203874 288.4375289295191
1118.248762990368 933.9974798131907 883.6205479378181
973.233802557507 1402.6041513845287 1221.8691026032309
1317.7189945892037 1186.773675611419 1441.2500332311924
1428.9921424905183 873.442365263467 794.9686359127685
1185.159754476552 1033.24249891917 412.76468029517065
974.8975766371794 1128.6863757811273 1223.7949347013598
1335.1962713271344 1100.9677167361428 521.4886138375358
756.3023493760835 874.3455635614424 1261.3956541751143
762.1360948649544 989.2859038760613 1114.3370246595143
1173.8320462360616 870.2301851914351 1288.7413500569573
1076.3064811584482 1164.366137459271 1274.6196302625563
459.7891199201148 1506.658947089681 1040.4925153243844
934.6248162508803 1039.525996480146 910.1622805353862
1118.4083559648752 766.6451599521101 1316.4776577531018
359.46135205004316 1232.7155522369808 1294.3873653926153
915.7759116788973 803.7033369258749 1023.5602000077621
920.2284310379745 1469.6862072389301 604.2239897452032
1169.0280856827985 832.9957688404893 444.3915214671394
791.3390042262179 1074.8237773924054 435.5663073131145
806.89978697139 1216.5596188206118 74.27448880243703
936.6133718316021 1138.6436686622617 1229.794942363932
678.4499117185046 1038.2384481926244 358.69089745373924
891.6663652063266 1409.9456578926306 1151.8122809856188
1297.0358568862996 1194.3264370610862 180.0063014994261
1326.7988098540402 971.9238848118455 139.38547776200133
923.7580703202569 1051.3985879766942 1481.8286740548663
830.6161674500122 1011.2420949248359 374.56654534420056
1267.3970567354504 972.7219805604238 1153.169884686537
794.3379840442697 819.5945758189645 569.9260845141348
1123.7029241326481 1045.5617470259667 89.58772759774087
1121.5173465513985 1025.6877836660478 455.6124605248902
682.7748583274741 1290.522046393788 1393.1411480650881
1452.8916031762155 1008.9638150717776 36.34239537433764
1185.2749726980137 1151.895846774965 941.9631287979774
1130.8337245425253 1447.363944930075 646.3501615580742
887.8018544167212 1116.9651580901493 3.065735228162614
789.4323101547011 1265.5615086653086 770.7094857537896
1200.4745294593156 694.8768788884753 558.2171840637704
928.8690025611021 970.0420118245054 255.4394659442853
736.8227793261659 747.752495731462 1273.4234926551621
1403.5797942288589 1057.2129836590632 1411.4422849674565
1381.0651562822884 1257.3029576095885 941.6652210102064
1221.7529955749026 543.8024453487393 1144.2423482494883
1114.0781764293163 815.8717003418602 938.8679122754611
1019.4294184438836 1054.5159234918851 691.0810907190292
861.5859657016601 964.6266217105759 843.6378347252106
1094.4056406214108 795.2103181533754 1413.2572844561155
1055.850143793621 1353.3537721086304 66.18891318016318
1014.6255197882282 1219.7583320398408 702.7541017612169
994.6269346860703 1523.4656678527708 962.6397794905863
1048.940578891152 1073.6514391707299 862.2273662301849
993.0624031109203 1088.3000086183943 1176.954406531163
797.4585079434497 1057.0003164641575 73.03219632409474
1344.1322781060348 1306.0413660347538 822.6363574772831
1004.0041321244257 1389.9484560357334 664.1487397669002
1091.1339319953006 816.6108336772761 96.3673620908086
1072.7056298227274 822.2667659332533 849.0285452407747
1322.193927884144 1203.5358447534425 863.6260111349104
827.6554860387278 1502.228643268018 824.6198277204554
862.8942505643898 933.584128168559 1308.6020584735331
855.6372354551718 1042.5759134482419 1286.6515234807841
637.6539014525906 1139.0184091171823 111.69432832779897
843.4710028487748 596.2736796154098 1462.194866105393
1095.262425996971 1362.8444698962483 960.9178723973162
1079.1296851486745 1081.4713837178424 1073.6861344973179
738.695081254468 631.3193264212205 463.9206084598447
1244.426192138547 1102.0978144047936 217.9821431646511
1105.4264097835717 521.5351090144568 328.38793393700007
1005.3352334874091 906.0030587334901 1122.8787330464518
639.0945238369128 905.2891470085922 1076.3565814469055
877.9596080934369 1095.7194402753798 1215.1187083244927
912.6192212504504 429.75838984367726 551.3038406850043
942.871837412606 779.3460355426228 449.51986076363113
607.5046225824893 1117.8243867598044 1268.2394164283255
1090.9516130542947 1261.6107765835745 1166.9801524929198
1281.2387201506988 714.8120545315243 46.54254064623986
769.9193789714067 388.8364435026202 1440.3385304517471
1434.355930925862 1106.500296151174 605.2525276518734
892.7103770928103 1276.0522973839961 591.5314254580389
1039.3641368736446 1207.6470446159533 40.08515707530258
1282.348692761597 1082.582722488236 223.0702499362454
1289.1651312437987 1290.1466423659012 1448.9948740078826
871.9166054899587 990.0650505562895 119.2105121022457
1312.1283701647633 1147.2823164971699 867.0343905578661
1331.1272728738763 905.9416632266239 88.44972192012712
996.1583789342532 580.7990757568064 604.1397749556635
904.4131900854674 1222.7633525180622 648.2080239506352
1193.9875170402017 766.8691304187 847.053635244275
1005.8715119193054 766.2013405324273 746.9193749365962
1371.190947705972 1058.6916433946863 264.352524112769
722.3541232135899 767.5388366875984 146.39054716422757
1773.8220573023561 724.9885356206325 307.20654973478565
1242.1601379864135 1026.5678042470436 1067.2374167312137
903.8203586380575 1168.068310603254 1310.8790277823032
731.7908803726095 349.0529099192379 304.98555266367043
764.3037492576195 1223.224886684714 28.72236238194803
1115.0441035985384 1622.024048865306 513.1819125433016
1376.5465363462833 762.6042254599911 186.1392090962496
979.768765883066 1100.226723058192 766.930977019115
1090.948871734297 968.6556623254608 779.6607179130428
585.8895894125085 1131.055130558021 740.2187592643854
925.3584080442884 1009.12417087791 844.3362194732572
874.8466146097628 912.3875057084401 1168.9089461407928
953.4510142316003 1041.0421966540696 45.82482094680218
960.3256976246028 1047.0936426915375 50.894783048885614
1067.985135750016 1068.1800682486619 984.979509000823
1327.3119006606667 1277.7482143183174 143.60118364689117
1205.454743519907 1036.4800213571068 289.62963966454345
894.2382192120464 770.8652715612618 251.8126580841396
1026.106832746065 767.9782080536954 523.1836530861783
1468.214584298438 1295.7869217821662 368.74111867935494
1203.38669050894 876.000567568022 652.1829493658712
1150.9888351488346 381.93851265221656 193.8729773967151
707.0066556130566 1045.3114274485476 42.83144148580853
680.4924694966669 593.9829198499574 1395.8670864083072
741.3313234413895 1482.0034116775707 305.8275474855436
1206.811117052434 1218.3630949121625 519.701044534033
894.6901131249643 1120.7166272421064 612.9690285052326
853.9737267299164 966.8841091360889 636.4002444333911
673.2449711070699 1023.0755951750626 976.191865335348
883.0872184259108 492.07950746550665 31.856678545803206
841.1109363285892 1596.582189843233 894.7739322106994
954.3555636505727 963.3373196615796 1308.6647091886807
974.7020920248029 1296.8034737463147 186.30078601403665
992.9018631894862 1060.3765238423412 284.0280357971452
1072.3435021355579 637.5357977161423 630.844947898246
802.8012235163912 511.2161195745405 1074.5701958774123
1078.2601382356079 967.1883782117936 844.3119737004123
1036.312308220544 1064.7008057927853 795.9215885192234
1218.1891159937277 510.4144710352194 1036.2052378668238
1255.2073232595053 1276.9239478598367 1314.097583543383
953.1032991947624 787.4573391779752 1283.4095722053703
488.89036359764935 694.1289601311466 352.1058319706722
1074.3452595075466 727.867602398348 549.864588028645
721.8375415909345 455.2760433443891 1204.1113557098822
459.44953388172496 913.1017230378311 1341.099942337092
656.9658099572232 847.9748631583095 817.8067410802884
814.0082647235516 1561.0934468911764 414.26016753501295
1006.397130067363 784.0207590565856 37.35428437320043
710.29485490455 916.3757137605867 514.9687490949221
1493.9318184679883 1375.4098552764685 387.44727329484965
889.3978383434909 897.4956807453319 417.12592056410165
901.3508587517598 1238.6629717040996 722.9985838191284
967.4840099638575 1212.5595971153618 977.0796903529862
960.1158963365655 882.356605417753 422.49222310780203
1009.4569400738867 517.8584080784518 253.6173536782701
1077.472140355877 1264.692657300859 1225.3469069660218
1094.4448803170383 1102.0865134132998 1293.2661581781006
919.6526070906002 982.1472559458782 1440.5632788653875
891.0274817469124 977.7163365256866 1332.3029596812282
1132.8997582787226 575.0523193377229 416.4250058510439
1176.4974206915208 1383.357610417488 1359.434422088096
722.7423080554393 1118.3847759683097 903.1911374351037
1076.74583255526 997.5619414937987 379.554454503167
871.9516234789359 1058.3633874060004 601.9242469901061
798.5413949447945 846.2784920209083 364.74726170057244
1078.6934816949909 640.5542754729443 714.3787150518434
1414.0558693722169 974.9301498167166 1148.6769442075895
994.5611043958397 937.0291563959033 682.3922604047657
492.9745029173991 1042.176097696047 446.70241684040076
818.8361138264133 1287.832842209838 520.3203754648239
1064.02921145061 1048.6486161316145 275.0387854318454
1140.0275224180427 1010.8506566573312 633.8990612282505
1056.4701783019375 800.560627305525 648.9870295262781
1462.6865497726085 646.85603495235 460.11623813495845
1296.8462225452652 1289.8519788953643 670.2387266722302
1079.3299242281837 963.9891234324102 1484.0115672790498
890.2618131336682 1366.9385880597838 710.0044517646888
817.9168964508176 1108.9467314685473 694.9652992323958
1054.6292845874061 1249.8059829846516 250.9121683607735
843.6193487345347 732.3531863743162 358.375303805172
1085.9161836088197 1098.111456145899 712.9437569979434
488.05397087915026 925.6685315149895 1183.2299694211947
1058.1035096397604 1129.3759210283463 532.773009610973
990.9345363341428 850.3877411707213 815.6863970033363
1194.7199946486635 692.1245780892352 321.0429939352982
924.8898789628273 1040.9273335354417 471.21405012122204
591.3322215390839 417.45871273311013 1231.4684576266307
1156.6225965012509 991.2659035633285 1203.3530467699181
1206.0304349681633 1040.4299724644563 738.6054781552039
775.0333163146882 1113.9453256952238 1216.0927271240828
890.3978988210919 748.3530683638733 536.7766762735508
971.2508481040084 774.70152858078 1126.289937824426
998.4643990739565 1386.2839088517899 683.9973868634956
1457.2743311946567 1427.113749349906 203.45313246790747
1173.0447223403994 895.3983861604179 126.57147320930589
1193.3935697684312 985.4482245266458 126.42535777304093
950.0323955465133 1242.4324609984578 35.856377966923645
981.0930693812804 797.941908151761 870.2856602135147
1169.3935304057118 1228.3234511341798 1334.5359509528976
812.7679089049813 831.5715386429625 384.0960909221111
1145.8494499725382 924.6551480589188 369.4120627939042
602.2083765488413 1382.5091544276424 546.2548328005598
1344.4959789215427 843.0604568025603 1497.1123813976956
1165.1925571173906 409.59582105006984 995.0284989135992
1269.1319662741234 1175.3975748081803 620.3545860663625
902.1236226432303 1028.4639256726916 583.2175650601904
1033.502386930398 1201.6587404444049 1242.1278815606638
1070.8499276116831 1206.8630291856816 555.9881605691477
885.2393228333121 1193.0968900473397 157.94380868401754
1054.8912799436455 964.4699981087631 1098.2995348820352
1124.572172425511 360.67874515158564 403.89066993652216
1257.481329935649 1095.1913043499492 467.75151412451453
999.6707153295778 1280.3524764612243 620.3798814627102
992.1348457536026 1206.0442350310711 584.492641459439
635.2209784355717 1146.7367251303335 1351.1326553790873
1067.7957102307025 974.3431694850075 44.83435845259076
441.18429019626944 825.376983432094 684.1512498738304
1124.5284686851169 1083.3325415068168 793.5013167945705
1043.532497255736 921.8080617201717 459.66991059942484
1251.7207452076457 1116.0034835124975 950.8498825170639
1619.059703835782 1167.8590509489356 1468.5356809543512
1480.1619435072103 769.2069192914391 740.2629232363907
998.9881759581257 1039.7896578636824 1312.1639789138762
1286.3854140846147 1090.7860774736905 408.4082867646138
1060.3762967965836 1097.4575301522964 1424.904982317807
842.002976092173 936.8301552968235 347.75813969678694
757.6967136922075 1045.8980325303514 1177.9865367044688
1249.5366020361084 811.155529043983 1055.9173716505281
502.7848770258141 1036.445115081705 1481.5114862797407
1537.387551050371 1089.585033598481 344.51747224788454
484.0354132950656 1179.6935521980963 1083.7149129721886
1063.0091226836919 1473.2873730086856 901.1897300697195
582.5876917752939 518.1632112892669 546.6865412462009
1040.6446612023872 941.1301949309426 692.9605097130192
1205.3946467477822 1099.708861317099 914.6546252115439
1108.6972463330167 1111.0945561973567 444.06567359929716
941.797090060899 950.5017536173741 701.9282808093766
449.5311555685695 1136.101324443384 17.93602073630407
700.5393611987408 793.8449176787412 823.3888006019979
1210.8663006888844 953.3121242377086 1412.8895649479825
1043.0894084928748 644.6979479994855 732.0541289297284
960.8550060927803 1240.2277099825003 175.82645481660464
1065.2259623940977 1101.2893271512373 0.8815902250782215
628.0491242725644 628.1103449242257 1409.1285879997606
1272.7057792904282 1304.885185859828 98.38911030985587
647.0437668485825 825.0270944026822 650.8010283836037
1048.2995023021954 1179.1458410433177 558.2347125040228
1042.0995433154033 939.9255473696624 707.3626077487895
658.8777805037287 432.61992739145114 599.0894760757269
843.1500182170695 839.0516778416268 1239.1469789190726
574.3590356341165 701.9147493876364 29.126326758688204
747.0120537701489 1109.6248811067421 626.5798945769155
1584.3081801730964 1062.4477275019472 447.2174001364802
1039.6934994790913 1464.1203332707478 233.79095850211286
1081.2645414207407 891.4752282614943 1179.031292983657
830.7215418874201 575.4756181994925 1139.7726340847935
953.2068893714264 1044.2515752895388 1228.7152549040554
1214.774785504022 1386.1283753677662 157.43307134760028
833.7047903772655 782.0851640493961 1170.9975045813342
815.0392863546792 869.7333911939193 23.127536669807824
1187.902650742629 1179.8421121018305 93.47669970285733
1068.3610401596175 1250.2183964407213 64.41808085794042
1140.1810377969327 790.1613449390774 923.550865572179
814.8728431209285 985.7018308397126 692.2909835086734
1368.629291906407 776.1596415662267 101.16338650715362
1229.4199869302056 933.7968623115921 1053.1093326732941
1039.4211892620335 586.5912397037646 505.40931190137496
1159.9872885527275 1120.8980992112433 50.48299917005161
1064.770795816647 1374.5362657776316 1214.707438057457
653.5281609175445 998.2719222070333 219.48129210593675
847.497815777294 483.3081839056222 872.6371428371043
1097.6464146401072 976.9527561065039 246.00202129605924
1271.8874612337554 930.6395590921717 1001.1605266798846
787.3448829828465 1016.3487455607162 912.4305033756817
865.0753117428725 1042.1930279362743 277.07241726859104
939.3550964040494 1126.495714701088 890.8718936508119
556.2870278385972 1011.8862693978034 914.5953244544256
985.1401422950852 461.36789954085225 441.73102581811827
1092.0410125644878 1000.5572539073221 318.3671084560932
946.8357785095297 667.8008306358088 265.7615076718676
1027.7302395251913 1177.9268211987335 1144.1775480081951
1287.4693069320742 1197.8375039110056 29.276780002504665
963.4715646916642 440.65141118013923 1082.2869008828873
960.2551209684183 884.2443056185714 871.083558659815
925.0564761802988 786.428780852646 325.3975976404397
561.0030276438251 916.6083541061457 229.3472338195192
979.5551883548663 1107.1217003331053 813.0264760493096
563.5262365488973 873.963164178376 1427.9410665425444
1197.663032787154 1323.2789873186975 876.9518698072785
1083.4550608314187 883.411592818681 530.3551717171237
866.8406787604902 1173.4839878840066 660.3641673685541
905.7112850978158 1488.8577886082087 1321.4378791727488
1135.2066054971913 1052.5036395803245 1438.6245463807952
1346.7874842347846 1301.0773550290148 351.19646171138953
1069.9472081403624 1597.2493365201435 1037.7302330222208
1067.3790061817892 748.5523587632402 60.708825147325896
1045.861660484637 1364.3441023315715 167.93463025314875
652.176458184475 548.093640840658 703.5317204800126
748.2595984668474 1258.8999003602544 493.7158574516309
1196.4626221393034 777.9701683976275 204.5132713029154
799.1155081329911 1372.4218748599544 901.8584884026817
715.4219997102898 1099.0981324800507 777.7012681817907
892.879754302524 917.8350245750435 228.7691218543787
988.2377227225513 1151.9063933524415 577.0502383651794
1133.6480160639119 1012.3297616622648 83.93561310594016
1048.583090065189 1136.5141115393901 632.4022116315397
1308.4221862070337 486.0039658699525 590.2274991427902
972.9159319686314 1215.9367529622302 488.9102821977896
927.4054248389814 612.9657322735845 389.255103462785
877.8711324606477 1557.7122646756025 1466.5277760251915
927.8067312577452 783.5752694225907 1102.952049477433
772.1042486805225 1068.1842777657596 960.9605771816753
1224.0405964735364 721.1461109985046 1364.7409423819495
788.9071917665215 665.1659791018349 235.41285936556494
802.9097979401031 448.5527245880876 584.6650998299555
1411.6749376422388 611.0395103562912 1243.5246097298525
1085.932598826149 1331.8981985743753 707.6655198847571
765.2971038586443 923.259498021263 1432.6636143609971
705.9449473984187 862.190621257069 828.9449461559033
1195.670234247947 933.5624103551664 1357.3046932538216
1065.0156285612281 1044.6066260737878 1026.718541689454
1169.0987074235334 919.6610272257763 1080.5865416065633
735.4033550690377 824.6249348896115 1441.0187524798598
979.3733682192279 866.408761082964 357.5304818404483
1280.5712371970126 1165.754742750603 232.7326456133899
1194.0347235567367 878.5041090043704 358.5376218290612
626.2287804162402 814.4930100719911 1366.9466673369607
977.3146781871866 1220.798506118855 700.7660978310902
1442.7521630692697 952.9488224880912 121.25761632119404
1406.9059142395233 959.0549516303154 132.9826495757267
995.3595322797347 1374.7327940449177 2.3684769038480047
1292.9900533138764 826.8746758821039 752.6774492208625
860.2848297183554 944.8079076745838 76.32827902710143
1234.3470707864963 879.8313746533281 1004.8023241295091
791.9735460773708 890.8003992555587 587.7542316671544
926.3784642264168 1035.2761477346228 648.607748862305
503.4548819426835 1241.1452708202353 729.4337065896743
1017.9060820995242 772.7669429318801 1153.6868515901224
1522.8580268366927 1253.230440958326 978.7023540506962
1018.4431617425009 595.883006940136 412.9950558125547
774.6603524569457 1206.2904372044156 1258.1842138218908
717.6658419108896 1234.0610967290845 216.54104802000816
1068.1260642798286 1364.1031946878006 1105.0643578067666
796.7507280971183 1227.4916544338498 343.3281018766905
1170.895335917076 766.357907416961 839.2254020330183
1196.4372809207182 1275.6310429407795 1215.2967570737028
1042.0603544248934 847.5112729650033 863.1660015160737
720.1656073001316 1206.2265685603113 1175.0739838157754
851.7078907875813 784.775362980417 1199.479509261177
552.7950742586306 966.9800206038544 713.0328286352941
1406.2352035171498 1134.6556092007913 1025.529985421875
1111.111664840818 829.8252709259655 941.7167427915655
1644.957097939953 1348.7321083098395 426.0919009607726
687.6694291439928 889.8640858426124 1010.2355340279341
1118.2151318650547 1012.9002483305742 68.75114460429077
1097.1461367093327 793.1392697726158 509.55169160690355
423.9593046870026 1121.3772088780577 732.0405106635735
981.9529068779682 1065.031032861075 868.8560736718567
837.1697679831852 1074.2363569127813 349.4567637024769
730.772062949244 1206.846869223017 750.3431158751732
673.5753056832648 677.8893072051899 1177.9865085606548
1395.7849002302416 809.2351608466797 317.3269082175968
675.9212282126255 518.9392139238468 784.74256827148
1339.0713058506558 906.0425139840538 793.4614634591879
637.5382571401327 1167.448191949586 755.5345397640306
1253.4933311955374 1238.2430270514074 165.24909943445365
1469.4595888018382 1405.2652733604127 1419.0495751966837
726.1182397455505 1256.7776660319705 1272.5914831645155
1498.2185920252314 981.4651237213013 1456.8478097879222
734.4206724156115 768.2850311692479 395.81031275059667
971.9293165237948 1086.6624790281714 1162.6500227937445
909.9119991305237 1092.9773232122338 846.006981329154
1026.4687027345856 854.2250589959352 1481.2073996779097
1326.0173697207424 1006.2567808891808 1030.8575706996019
1084.0899929890363 1171.2109434906397 584.4657341451658
995.2042789655997 950.707284253477 1008.2201733862124
948.9153224810102 914.2573377418611 108.67542306757166
862.8223152721166 961.2248281856924 843.2874327836757
806.1101909448456 889.1681115865202 386.2077735477173
945.2109591574035 1067.0933314111949 1287.2625099307725
1099.167221999087 1091.496073834744 532.7466814957113
816.5043804992658 892.9329432984002 503.70228129497207
913.4533255974532 852.9047163079233 1034.8086776807404
705.7272887546068 1317.5353201820585 1475.7957205670104
844.8215612822773 993.6652486743573 1312.3491759887647
1111.1941479160516 1337.368626350526 506.8696141076344
1562.5562434265244 1084.7184254088897 697.9336444003509
836.9420059641184 1058.916878498447 22.088492909713764
930.9797083312228 1190.0058870817675 1160.161713966397
916.9475523236135 1688.0854778437729 1257.198700274027
953.6943826238352 1000.2437324561067 641.0288081660337
1418.9187889824148 843.9421853137515 527.0187026302589
725.6060031496869 1103.6378698576818 873.2112331455209
1085.7580036219858 1412.1058847850654 623.254895884027
1111.408656134307 1043.7582022714657 1008.810553188468
1067.3055537901162 947.93219463986 216.31895939935615
1302.1480876282326 786.5253021736676 481.057018793818
765.6115024753884 1390.5777046338 1077.3168745753214
550.6626469056491 769.7186118142074 717.2513385129746
780.3750511577675 682.4726746501609 72.54480028005273
1242.5138007091705 1310.548718395149 345.9365079230282
1121.9348176490366 993.5889311232869 1097.1600250929803
998.1213190533089 866.011740043858 476.99835672087414
576.8059003247324 880.6641356483697 18.37756419406622
1114.1961960253686 1012.4604495521587 194.30194013800266
941.3280601131266 699.244369286889 214.10343059773444
763.1963889131837 942.5808787162837 1324.4720225932565
1316.2493947703035 917.2286773810365 90.53807036777994
1125.6623696520742 1323.3849433834985 218.92956691808806
1125.1640696284508 1610.9733909022389 996.6919087406394
956.5710630998359 1043.1753896873386 1161.2152350298406
1161.8231913330087 915.3308264771608 895.2228713535627
1023.9250206648703 1098.4574327284859 456.2277535789494
1178.9662493057026 986.9450088673508 873.8077254760366
876.9082632673649 726.0678787257694 1352.7090738110173
1366.6559509257406 1509.64010089054 794.012889425405
635.7444255614944 960.8380697018595 345.6297629479941
787.3576448987287 748.4992615155577 1294.5515463079746
1051.4429437982271 1241.8294910030993 1176.734062405743
1262.3534051314177 1077.4289054583994 975.0578399190214
816.4670735205844 853.666877299847 1035.61006857364
1021.4787101850246 1323.3661966708937 1003.0582775318594
600.1294182705449 674.615182118404 194.8147204770405
1301.728955038607 1267.8893018658903 1026.877541180304
1053.1284077466767 896.7206054182119 1238.1142585775426
1349.01641575832 944.9053056187556 1340.8158886107108
1000.0525381872702 1078.9998335912765 252.57663883331023
1085.5163953807516 1192.8117092322027 917.4117304184058
1488.373971725426 1387.6428966909427 654.4217169500766
651.2177222098893 976.6602303039276 1273.453919962894
1202.8351658570848 1411.0282699692664 35.21753136697525
810.7582507720324 1094.95920818196 200.87583281184968
788.3852674857386 925.8783272614818 446.1760580145856
956.0121858049029 989.7893953485814 957.4893798616897
1290.883000151247 1086.3968794738385 514.2652290063355
810.5189625935657 697.3451866803648 1363.7002157875493
1414.2536673167353 1340.8844938238365 236.64175042776108
1332.394496371995 984.9664406988526 398.6601930511392
1224.3492838352925 1029.3106239463614 1338.9826851530056
1068.5995312318028 864.804772798198 111.61542692967808
1014.6920386020993 604.5023478888412 1027.9925123117803
1055.6318588510521 1525.1003479452643 521.5343572087787
925.1650771126793 1321.3112474462428 483.5292508335236
980.9486290328074 938.6210291864262 1324.0794977645412
918.0228548552352 811.0729821682879 439.66811482978125
814.1471081722756 1124.5813982019824 507.7278212913885
964.634391751866 979.8061398325987 564.3743718575217
981.9637981656317 770.7680086402488 1142.0607035202725
1123.0041059097043 1061.2634224153053 213.7208685210793
523.1115995444181 1186.269488930067 986.2097997854514
1033.4787489732041 1038.4988048420473 58.22530724069364
993.0214254771812 965.9269050079523 904.2114348736905
530.9054373973161 1467.4877151293886 1415.2875140367883
1318.5504580228817 825.384263538109 903.8299629227387
771.8069003142443 1278.466941365405 10.758333641089358
1137.0928200403162 1140.0739385876575 768.7187388372035
951.7825411824971 570.5855225519629 1413.9212528039768
1237.2123107527473 758.1893062432955 394.5358236410623
1044.854453298562 901.4016687110307 249.36428951388217
873.3057391311238 688.7276228856929 293.4396417083061
753.0207009760225 973.8069028038016 166.0075156133637
1087.5632529756328 912.8582703512158 1490.3257019225111
1253.010386598731 768.1106151784757 774.0759332068851
1366.5030154744097 1037.5260541572602 836.3935358185859
796.9400959122065 1145.064518001861 1024.6687008742351
1294.3410031127573 983.236440843693 469.2024131688757
724.7691457009591 1541.3426442476289 1230.1801228280278
375.38795382956766 1019.7516384110476 149.04194566835326
1238.4762688139358 642.3589757254325 752.117996135565
980.4500746494296 763.3829628001943 54.10651709635344
1072.4846274531367 1013.12341962761 1367.1268814646305
1131.8882542443296 452.1880396029991 1009.4283675455329
1173.8985489385198 1221.9648999887152 1008.5384036904574
1369.7644500333345 1240.386505928234 1358.5143667331884
1128.888548911738 935.4553123640869 654.6769306597316
1482.65173682877 1415.9450846861741 613.9215246864094
635.6172136694693 748.2343591660206 333.8100475117753
632.0681654364869 642.1064042867503 1341.5948147587771
732.8217706461833 1224.5399943981852 1072.563545869952
920.4866455643554 964.1390830983884 1463.1011659860599
427.7544009351126 400.89914149795266 636.7522961133684
1248.0163949693444 1266.570318988121 1197.0711684242326
838.2940376049344 1010.7418663879166 1187.8113416929934
1077.9840061926177 1028.3500503243083 1027.9906941476415
1295.7443564930488 1228.0226021885055 597.6866291754989
1275.714315020574 959.2971611118626 31.951563869037248
1279.3412485830172 841.0275280137519 1135.2975090837783
905.0777070625994 506.4260169578428 1300.1899413190915
548.6926861334656 1041.5230681488054 990.8671470862898
867.9566399454944 1018.9155487434738 1448.4104283636902
891.4943512006645 839.5092091782485 106.9389120755696
979.654696930773 1095.3400668710408 1010.897500285098
694.9731435033086 1286.7487540649354 686.9274335423339
1047.7700859035856 866.1538571770172 817.6814260104163
846.2364322207734 803.5862185936029 365.07945473535887
834.9993594543521 678.7638355077611 1121.9364103837804
445.27227319282974 846.754834660601 1184.9513133965318
790.2960519978685 1035.699340116529 112.74790371320626
1176.50132571725 1348.4123008627187 443.6210167648902
898.9135126793169 1465.234619563114 1340.549770578032
597.8364408159395 991.5365213156438 1150.994485200945
1477.1035250354757 1095.844683775105 242.98596595704564
1099.4713657256743 645.8914846608325 1352.1002633326584
1140.6790649467303 1286.8593514297534 686.4068075215293
1365.4072242571835 850.1387262584193 242.26486429023512
942.4503307218107 1325.3923972981415 1248.3949073916863
856.866815075442 823.600106789467 411.25811114761507
1181.3266059261728 501.3361404193288 1048.160354076513
1037.1651476772086 551.3568293857027 1230.8517399094494
1392.4980430875098 791.5229018389687 1242.5988984265537
1152.6948335496209 554.2285272896356 1011.0174023700717
1013.2533865907906 1177.1221863051169 863.0540603486712
1498.3637328378143 921.8415957767569 1485.3885393821247
809.9651992052469 1239.3064087789749 621.5984499272017
1012.6436866641757 827.9312898959843 724.4136659463699
1014.1632606104014 1561.8037283959138 892.8421741927216
1263.3307181759128 728.4778052747162 596.5011556802881
877.4310558597174 1007.6250742989563 1174.1363561353035
1161.6254056694595 735.3847465951401 113.55792595723102
727.5616656084778 811.9084292825493 1271.787976500743
1241.9693641854678 1447.979139277444 208.5798473883722
1024.8981618880955 778.736529269591 5.325190939179381
901.007791354767 1346.2269649953564 834.9041411886868
1162.6744992600338 1069.9114339770738 167.5251028403348
604.3063779450101 832.3565766658513 221.68228932369288
782.3559028003542 933.8480689365058 461.20091821326224
1179.3254509515532 1186.590385498658 1042.7555906073005
960.4297297097366 927.1055132066718 984.6802173618602
1037.958275905248 501.8537308759958 220.40568780390606
826.622799503339 928.1465861262085 66.08870360988605
865.0646755918956 789.0485475735532 882.8227227974209
1046.1619931326725 1209.0982496727547 1489.1742726065333
1903.595384435654 1156.641128742034 480.55422284473207
1326.3084375168255 860.5515370928282 912.6432968540486
1692.4362745930603 1388.7531975491422 126.96659148836953
1084.5496982030797 1019.259745153342 1445.1344240006426
1276.5159906757087 711.9718659214134 690.3247217402717
1398.6757162854142 615.0118064154119 1311.6431673827421
959.7270368608899 1471.0057488638226 1004.5619947705185
955.2545835204304 1848.4490833669247 370.4452032935443
651.9465872836593 617.1546231089835 236.48397669709394
799.9094540245765 878.6120065568064 649.5328558974504
1023.8543245683421 1051.6431406038696 573.0238032557747
1127.407973758046 609.8693042652303 727.4254675213155
538.0043286455868 890.8531332625863 1487.6251247064818
1147.5789451344904 1093.7816213868894 13.541165564599611
854.3945024751513 904.1128041315505 1182.0783067239295
1407.252202007739 924.9257120803529 497.7796361046308
993.8784411344884 1270.7624804542886 486.75196987001215
898.017875322113 776.550177204009 728.6500846070942
970.6083353405602 1247.777588529669 388.0251321707549
1004.377096511465 752.3265167698044 336.377710185874
1016.5115416981281 1158.441423263852 1142.9194876265767
780.3322016358023 1311.150206272641 413.21055727595905
1124.7575660162404 941.1365654462768 669.9491947755354
1348.061263782455 1173.0363612342642 1364.782663257292
1116.2329676112972 778.4756788781085 1116.9714992833574
1058.6981940850785 1146.7526033193376 1297.568846207232
510.3430259802208 987.1916251580311 1291.4787086477024
922.3331516098558 1076.6824607652518 164.18251678826906
1537.4938084346982 1029.7688742547389 724.681405030539
1091.500444405367 839.3964570231967 1219.132376078266
1031.5583188476048 1313.6552686678085 974.8527433355478
1052.426151918347 1076.750841363024 1122.7549153105624
687.8191495561257 1086.3768633694253 1193.8285130171507
853.1996750707966 1062.4537178261426 276.976428797828
1339.5530883189185 946.6907311072329 3.5368977151328806
1158.0784130018867 1237.4650614938328 534.3548899900833
1220.6345655254993 1108.5904646528138 750.2936553713781
1283.4883294967963 683.707355309921 75.69753497936205
899.5616786191574 795.3031060482176 455.26548457598125
1031.662428015561 625.3914739251765 780.8899704318146
791.898022315298 1197.3318910093099 152.5932893086429
1117.4109176233146 1296.7569828481746 1089.9073933448183
1055.2917312410368 688.3157842063226 1184.7811784256467
919.2339625433842 854.8184009968737 22.094290138960083
883.6221460640013 1105.5030271024605 122.54486482891747
860.5981329809382 1389.1428644505017 947.0924635368882
1309.4886763706 815.6248752907104 660.2640158113436
1009.5093610794729 1102.9103807595432 1293.6242733109661
1044.8696571761475 1096.602421896885 905.0468720034478
460.083098695882 1135.0689396821342 1423.3838388840709
1127.6794641663084 1148.202285105128 1231.9305409828844
615.1270202935216 1022.3303372741512 531.48050611801
639.6290056547293 679.4550682981137 638.034755537913
1135.4183515662464 1262.311979036828 698.7569186487143
931.8611601653497 1301.0203979676032 688.2516604466438
962.5012240772338 1078.631503246673 722.0786869806951
638.3175388326379 545.119633216975 594.8529423208464
794.4185509008023 1040.840453642935 1256.082696751854
1038.7429295504596 995.4305835229366 809.0659060648964
935.2725594935018 1331.2973281046516 5.219345364996519
1328.673252530423 976.3603366853904 256.8437926344601
701.9792198482457 774.3327418162526 989.228830657099
1223.8223636597754 1021.6036333115579 225.4639097446193
653.3505085840432 542.1775229226158 630.5364873395769
1181.0598048510951 715.346281054784 701.3670601069867
1569.3318961487605 1265.5910490501024 362.9620820349918
927.548792325291 746.7549318636301 0.21270338484219442
1248.84219167017 1230.5880451039893 1150.2675460884843
1107.3661649538803 1052.6001129746533 300.0584194696114
1064.752966324816 955.0319322227675 459.3304155151603
958.4039274071454 608.0751386469294 819.5636206329965
938.8393830119209 698.4002243355633 1373.5158102581402
1004.0935067555847 676.8606417153936 1330.5244423247343
742.9994094238737 868.0868498316548 1167.2033350179192
827.0447096115095 1232.5104576420865 294.80994268881443
1316.4783558906408 1237.7472403618863 794.9368430934492
982.1348511138315 1185.5378567227976 845.2340728128675
1211.7982166532424 912.6537378791757 634.2670838948077
820.5911371529972 1313.5514778432766 974.2985340176065
711.1771493864676 1388.8711241914061 743.9698570974938
1198.9268230242656 816.4730165376003 104.05108515904715
1113.4529953996978 752.9960061912827 599.2345145693009
813.387037334832 998.9995974247273 222.32042791298016
894.6771519564292 1100.5532183264356 336.6000412195377
1256.9086415800814 1140.50078637877 38.12162616832509
1114.1554532228624 679.9298851149065 1450.6942573724905
927.588401567314 599.8996420562701 874.4534009817279
863.6371700023819 893.1748241979091 724.724334038197
922.2243539262062 1188.3726177566966 864.3113684532557
725.0752660134885 1398.8615168411027 673.9408058587264
1049.9491170110005 1405.831913478059 527.969878178448
1279.539488725785 1160.1997703229165 101.51931067190934
831.4225711315089 1322.073413998741 41.330972538718036
733.1122754588175 926.2622433561924 229.0361751421494
913.8501811066578 1445.8500332328267 1397.4048635469437
953.9796253728332 1177.3142673478303 59.7843110752877
981.9995744971811 866.979050153529 106.1577469917126
744.858439438427 939.3970318101717 195.0402107331755
694.3634532724129 1089.6041700262094 585.4780351764995
573.4930946890831 1018.503771528024 1074.9609068859368
1010.3849488026829 1341.286834808605 390.29796959287336
648.1790687078804 531.6360651830505 433.1712824943473
988.6876053545593 865.5596024397406 708.4376373167203
985.4545288175469 910.4542208294273 682.3266415107433
894.8973716002067 1594.3374082021146 527.2887699966496
1102.1349527598684 1027.3375921069696 1440.5431237404177
926.8685976751631 899.7708557425013 1435.4402020593939
912.4576479005129 1185.4060293941313 172.04196884585932
1470.9257957559057 749.4226116209277 998.4721125003538
1004.3624445306434 614.7332339139446 1493.3659228176439
1189.611477794639 423.30368119667014 542.9040258681537
612.9568153346765 719.8139672261464 1339.4399117562518
923.8448625547578 966.4653827965259 744.956601076941
865.7564999642401 1410.9809705181858 1475.9403487481702
1597.7412568567463 725.7007668752777 1194.980681483635
920.1836186161397 834.7928613227217 1157.2738236357447
1201.6070470234486 1020.1082433990216 651.3434886357204
859.5210042972352 1045.4154575659206 783.0885611748722
1065.2420005836384 767.2084705314174 183.73266969946027
1014.0019996041827 1128.9942968590647 1406.767396464246
1264.0820595702523 1310.347408902046 951.2972741228926
694.5033542060155 1153.689396978042 325.6520363730944
933.480028289481 1085.165157920033 1249.9682353179796
649.959665819359 1493.7901829244777 409.73619355347194
736.7751313645058 815.9810658369167 307.2138415256763
659.126893274317 575.3225761814754 76.39277601474659
1335.479139091234 1138.396128009217 1412.1289549082537
1116.8958009040066 1078.2790338145164 1164.0387149615917
650.1887793453634 670.0868092340031 173.61226860685548
912.6870633171773 1225.5605212414948 1004.6056111737769
1216.3479550329666 927.3495409650709 1148.8822926101575
899.4700557911143 1393.0873883459371 376.51438592696235
785.1026885699255 1136.1963937067108 873.3419243483635
1157.0854769177297 862.3392835048088 1018.4734467004088
996.0942928456332 1280.688841574005 100.45729677583482
1072.1443523393812 1212.1166698474105 9.62271140114801
914.2378508988162 1036.752569734872 37.76418284060945
853.49774080211 518.8248579278101 72.75714439789161
506.1798180561415 590.1445732003373 1310.857313109808
953.455171057736 1264.7066555185777 1287.3121697515824
1261.6975409395554 1143.9716731041797 1290.7762872439184
885.6090882750423 988.3777944566903 772.7928433201961
720.2288550169523 893.2695021849137 542.8993181821183
1252.4749789714683 680.2226184537491 1242.6357305964775
878.4029658478657 831.1062421372335 16.081190388183952
970.7275919938799 1175.4392037743557 1065.855649238005
1201.6407170073398 750.9116810824781 1403.0912800449423
1307.2622725808963 1171.1784183979562 1056.8764611953693
1208.999358530692 1194.3068332708308 82.78643664274938
886.5334742166518 1089.4198295431643 330.4163156731091
757.662922976249 637.9084291370852 860.3439460551158
985.9361358449859 921.2938954118197 67.00832693096321
1044.1335918453992 1125.0543184045832 587.5290173479186
1251.4497848898889 1190.3768286014667 309.9499622783201
829.1504235623842 571.1157508820759 537.4244521247831
1004.9954379802252 886.9872082836398 120.96699034656
732.8810005767405 904.9636391885906 1299.7124886535678
906.3869780764604 957.7962889930516 1012.776602655044
1062.1125950766568 1314.2841314761288 582.6663776138931
547.6495560090268 1260.882258014517 698.2848028223732
907.9588860423586 547.9004231492357 843.7710046895505
1088.0374942073468 1198.3710525699855 1443.7150588486172
882.5574420353465 677.7841072174822 675.0062665775553
624.1374143445116 1254.8788268574292 1097.1733645724457
1024.4203402957476 475.6575178183638 660.9463118574066
522.7766481461927 498.3318606571977 830.244444078326
867.8796712566316 584.4433723819052 299.004961312316
567.0605552677785 1166.4907928662092 984.7743622507262
1079.1792507078717 1175.5044070400877 506.7111776774748
843.599549142074 741.7051628001068 79.61795838972569
732.5741959002553 974.8361200148571 319.0857285921783
786.6671384633894 958.6700728088435 116.65976451646803
919.8215901325267 1035.482125192807 1347.533357142713
1191.0639226287176 1105.5316745178322 945.8824004200242
1262.7904211998812 735.7386068144405 1464.2259277946155
1142.7909174620327 977.1367601929999 14.71773436202911
1041.4646096168947 300.0538525835633 976.9579694053366
1015.516124470218 558.5879664022777 1017.9232835385101
433.19603628911375 898.7505824442369 774.180196741472
1148.9865032828127 1320.7970122389281 460.84485617985604
729.7511121384089 1272.2614508256265 1463.6771757082672
932.1556488450348 1111.1919318846608 1425.7005881602302
913.57766916064 926.880102980957 307.9090830842418
736.5959580203346 772.6759119191555 276.95370232628136
1032.2796171467546 794.414934667508 1483.6403184628796
1132.660846559098 1052.7685265707382 70.06321051062187
756.5866192383282 518.0650720551691 627.1038812123845
777.9064461031952 918.721158178857 44.16630699355279
807.7166180815062 972.2397317865627 1040.3267995262013
675.0063782342834 1310.0537286421102 1140.9268182662995
897.0953576496188 980.4302740293672 308.60826391689676
1026.0182083716977 744.3425342380748 1459.117950016198
814.7191474221058 771.657075165758 880.7188232627132
656.1116197414993 1007.5893639191481 1076.45448591987
1008.6563873548602 737.0224315186982 410.1601789656425
666.7350119541702 667.7033157554998 829.9005363520341
642.176691865681 897.7018695539399 273.2958491424009
1277.0965042338748 786.508629343457 578.0257908762146
1054.2114130218981 1320.531748062918 452.19190710310437
1109.279100684099 1172.222885700388 890.7479059614676
1105.203254581071 767.4383467701587 849.7973362515881
1521.421429609176 740.173375364305 263.7021018196661
451.9332888660199 823.1174746047354 1065.4137265951329
1234.910647356854 1624.976658954899 574.1380007818939
1150.6450817446782 1111.4230944732817 346.0051037212938
798.7504050695013 874.4649306182856 671.1492546470687
733.3356433711668 922.0811137360621 755.3615077695802
938.39543351587 1213.768886785812 1062.3127430493994
988.1596419682866 854.7925454649683 944.6439567208788
970.6565227917778 843.8608610750518 772.138672856181
1050.6167347293006 684.5686309120352 10.317581635766127
1214.534100676887 945.7528534287844 84.33758274113539
907.3473504429052 833.8039957740209 818.9319832683971
998.1534999761332 782.7322941558275 381.86699377653105
895.0188585817176 1211.8974995511553 652.6975581958627
753.85328854518 531.8664208412924 1168.5747603017437
908.125770398515 1227.7814612566058 376.8709861405698
1025.1353784416008 990.9956218581382 844.1880868548163
731.6655066182359 877.659927541682 252.09539637552058
1072.2100280656766 1367.0014081283366 589.4212454427129
1164.9391581446616 1538.228816988059 1425.2490771352484
864.515231293856 1120.2209086161433 123.04719150822046
839.9112329261536 1196.5896749678311 1412.2704668163158
1453.2361919133766 1274.0715257666025 455.8510775538929
651.8490440613116 971.8611686342202 664.7356024837388
1139.5125443562806 1230.8032651647422 667.5935743676652
1052.473861774393 1167.128863204657 1498.8417560991086
1000.0455085835615 726.5222800802316 1288.9460012299983
1042.154816055135 999.7684598835505 1210.8952832421187
535.2816819663718 892.4688858210694 1353.3216806334706
1207.3462287709744 442.1805898916473 195.15415313303862
878.7929566482201 1359.2587087087563 499.9937129426137
948.7474466426718 1359.0846333552208 677.83883262444
869.5205368613507 886.656491623933 1401.9695496073373
1505.3652575883566 1047.1889090408122 115.40885927443617
1005.4707321098448 1048.1769072817347 1132.6568225842734
788.7712458748556 1183.212813764935 105.99425589398548
954.5077435472588 807.3538400610645 194.4831185356047
759.626321415264 1395.310193834433 1311.5046060477587
764.4921796701489 1219.755056697839 1139.9358382142796
848.0233040370416 906.3003708785055 1013.3444718612849
1270.1767624237457 1003.9541714709966 808.3830956780225
770.0277298357777 839.7955060339543 207.54098492399774
1091.2746272478428 802.3853801765188 1494.4274029332864
885.7152046207542 960.0614877571852 958.7243540749171
570.829646402034 1089.7865833589794 465.32008494941954
605.7819523452929 1182.1122386987279 1178.1002556900116
730.4492164914972 916.6891351885376 1184.7903934776089
1153.6337832597603 992.7390087226559 585.6666563847489
894.2271070319746 900.2406067967918 664.7845500705467
824.982801051737 679.7698132443747 1185.9842555922971
560.7493950065668 1300.2278519710974 440.9433436956002
765.3667291245008 1190.5004531027203 66.51074571178323
829.9529786280393 925.9874355201014 365.7633138707138
559.5637665660537 1202.6066788663063 752.2056076930202
946.9602868519954 1258.1027994268202 411.6978444340322
701.70030232465 442.42660069709825 316.998417412484
550.5425291341628 792.7079042374213 1187.5106596254618
999.3028796731006 1267.3421183712865 86.95543752444462
1351.5745368562073 1203.9467999755575 72.80909717279205
1000.1013565192986 579.877653662758 1320.1776653166241
1197.521772168428 1221.9119291458244 439.1730828295492
1128.0866409920482 1242.722953804734 33.19457224981903
857.9445359377805 1274.4896180449937 991.6725435099288
1353.9251748869674 1205.8524129168584 1124.849870428388
971.1671421877563 801.3420180966723 1194.948678694387
1032.5687708527296 1452.0387170374995 324.9657813386574
1360.5003522508239 690.7735132769768 1247.945846135831
1345.710853483141 902.4288277351751 1298.8558641245138
753.1832446484964 404.50297201942385 318.40878793705497
1053.9073011156402 1044.995354130329 540.3584007890435
623.7669549302524 1132.4517832063134 548.9685568451981
1305.5201048932056 1307.1018960200186 1087.764507708569
1270.4512142043739 1135.6078251889169 1442.6869811124398
931.8612205000492 1117.3406324062112 866.6171077596987
1343.9367694379177 1106.7242800114418 724.8843554256681
1189.8271688277018 1502.368976234899 412.9412781314846
1055.857105947256 939.4309905819835 890.8314402772786
1276.8825390630327 1063.5227204958937 149.37781898857645
1151.6295887158979 1359.2966149796753 643.8689425009675
956.6147097812195 764.0524669311221 1269.2105885406293
1353.650202330576 1192.1327934531134 928.4360796858294
1185.931052730283 1476.74169304146 476.8856048934768
933.57937905977 738.1996474069985 489.19660994414454
724.2068154524909 1163.0056799106153 1375.1924085331748
752.405254349418 1099.736865326827 222.42358828255004
1020.7792418610331 921.3386295561448 1149.6637808803268
1355.820543371005 994.9409658375668 250.6393558071156
1222.3367425140714 1112.3396090467818 1149.4104896799208
1050.450408357265 806.0057516292984 215.17805834905562
1148.6226691671216 752.3820635773033 136.56480476053213
1211.733076546968 943.3608328363318 562.700371005849
894.6502788465895 816.1140785807918 514.0758555860288
790.2047945513245 831.1825548751968 52.88816224108256
691.5606581416432 1222.838391849749 509.1549526454415
1083.1660270939778 1026.032358530423 1177.6871830007778
1531.2099745736427 1191.7297860974538 67.09057632527337
1215.3212556487174 761.1870823023297 1115.775095956862
798.0039685182699 1176.0583811400634 18.604954496696525
1273.6838232664195 1116.8595165687625 1029.6855919664124
861.1251930565303 1196.1121186002883 384.6843018045547
1118.018441406884 1142.622540874161 997.8934618224868
1079.685109936377 857.2773126786087 1082.4091191443108
1087.9447629862289 1299.0944932623438 354.0734488959463
992.8492297942101 553.6192535277903 1282.6338718270938
1319.9677617177733 816.7643939844498 760.2929164932049
889.5653945301101 1164.6475642793873 228.63503397185337
1179.7323667354758 1362.2238808631162 1442.0030526693724
968.0480928650492 1128.4201776127854 816.1848617185808
941.6128325128899 843.8497803352878 284.79710667691535
769.3126572151671 1035.800744557719 179.70374394771937
733.8655257042815 925.6609349595836 89.88662461037855
358.5272725628282 345.519273420584 1488.5555703310333
1013.9929332101763 927.5121627149742 283.51374017413787
1060.508031067516 903.7658614622435 734.674951676423
1480.2674161467137 1112.6041901852386 651.1587258497246
860.1247187724839 603.2276743578325 827.8735542725396
658.7785319685167 1241.324725101561 1464.633714177662
868.5840705813332 899.5482333724404 225.308640167272
874.8514162402496 1090.4359945452711 645.4840952185147
1052.953985638396 532.3550393308217 995.1001554373886
1061.437135721596 1221.2641403163657 424.9446910140816
1339.0010593407812 941.5228102293488 1480.6444436866443
1366.0904706439155 1138.4269967841178 530.7815935261009
1499.0631338883497 815.9392697010592 729.2165757466953
1061.6408926910879 836.5439278016139 832.3557225309411
1199.4568372977337 1346.8710919149064 194.21202514913588
967.0855511164455 1188.3939144519695 1091.7278942518856
577.5018096904759 1499.8074009716006 694.8968027346418
1264.6649132752625 788.0208029435295 1448.8189274019708
1145.7590192737803 1367.5359326079383 1445.8498466850626
640.4038005032023 1117.7726716114673 1189.195233878979
1080.9033747451572 812.0352897652785 426.6154550872095
425.3158117856634 1227.3932106911902 1318.5051028808412
673.9663534449926 816.8618326697526 394.5039330209781
1505.6156384481733 986.8649268167617 99.60360179667343
1170.8132250421093 1230.0352258041414 385.65165423599984
1311.8488011797479 734.5885951576404 501.74797819940943
1209.436501994542 1074.7911146644944 1252.0927347555676
886.5780153552003 1132.35350154449 607.612233803237
1223.7897422500855 1252.3216351182368 1350.632373223387
725.5562596017447 1234.2292268822982 371.7754086684944
727.3589552083464 1067.9444700066106 592.9452146254066
1057.6247352081798 602.6390456457202 50.652661647261844
1074.8092695796481 945.3926008262963 1434.2100270667959
1232.7405679246913 1152.7765092178552 653.220959844346
1351.3336935363175 1011.0286878276456 815.0017936466262
1147.9747500560543 1130.0350204004374 1316.3176071612231
818.0115037105627 1165.8872555347757 1301.7700209139598
1049.766966798937 1137.859005838772 1433.5568996674635
881.3495259495008 1436.5425096259903 1025.0259808012822
1333.5700807614808 896.373858528109 196.67736683032123
612.1878888130746 899.8993406391503 801.021479080593
1648.5741091476384 1024.6519845885186 1243.57676628974
1267.6336933348923 1360.0865846556137 444.27563566512305
739.577502332648 1088.7556709545177 811.685392283846
1254.0270334148568 1175.984104812796 1032.300150019077
1308.6693611085757 1139.38655065508 491.99400794845997
1097.7120403407619 1104.1565137775424 1430.701842093567
751.5786485565985 1299.6937405962344 390.93548023030814
665.2237464161308 1376.6748952138505 1146.8666878241202
1122.339269627289 1139.1428656345809 503.25882865603194
1187.98528702465 801.3791478743109 1488.241490277486
408.8523697728002 929.9726589185032 468.0919191132653
1026.539735364169 926.2889874260243 84.32389181260369
1128.8083763620455 1244.6116102792969 1395.2122601138974
1104.2069802715705 837.6456744315341 24.237233564344372
1057.0321174502703 1154.6869966479446 1060.9323437615174
1003.0073488694981 1044.60393307353 256.1911088146794
1348.1266876912655 968.1259809931594 897.8938743456641
1131.358373667643 696.1529339130325 1142.4929464035001
1110.804191313255 978.5781710463464 322.97924359151176
706.4325616191798 1167.5933707810032 161.6734863242606
619.4698545998635 1311.0574537755294 1051.2028018857484
874.0255315431708 818.2458415406742 1078.891284901355
902.2959210060924 1549.7436865211002 1403.5331912035547
1326.025216511304 1352.1913787932954 891.3594007669233
658.2689547286654 1124.85398795449 276.59930033604326
1065.2966057273354 868.4824463675054 750.722062365875
485.3088625537855 1137.73345545318 679.3325151249371
742.0852112650462 1477.910164927092 215.67868043957083
1158.5048717552809 838.4695085501269 1185.3277639583384
702.4056863337481 1286.298106310229 848.0256818259089
1295.813748866127 373.2197383818958 1419.7822625326473
1062.6682676745545 949.7801840001912 214.55279455504572
1261.1715495796395 872.2783005807423 580.138732994511
671.0594725581063 1031.9861826327324 1480.9772043029723
1391.6571454715208 1291.7515921835923 1118.785272180045
662.8995604235969 1058.566536111705 42.90156034298992
638.8400925616687 917.7735852537793 768.3782932305486
1472.3054286161998 959.4452215054254 645.3446201590077
916.5332806236626 1096.8346810984283 522.0198652736105
1209.7894601511107 864.7512020581441 507.392722583062
1027.4668868250203 702.7467330036492 1234.3766365247795
642.6944050251045 722.8884301381479 590.524418886851
851.2612191040243 957.9205408116301 548.943653346833
1097.4079754358356 901.3580980058257 14.936459691638316
1692.075062565417 503.7181103235793 500.69227192012727
1098.9595015753152 936.4416109859935 75.97047067419355
467.50936466330165 864.3412098620372 919.0622674659039
727.7816010672019 848.6086588047509 656.917997084515
699.9578116244412 1274.9447263804725 293.26574453419477
861.0077196534231 1057.1481793974954 69.83121274149923
1087.8802182670415 1267.9363130607414 1098.5650250262693
1061.0898824860774 756.8473279171033 56.68667457291565
834.2579841433094 924.4837926521462 973.6009395611088
956.9432117365351 817.3959288820317 140.43825253333142
1030.7260028350192 870.0519380439451 109.57905311878702
927.5214080326181 753.7979337804852 369.1695308774736
770.1132692188013 1165.5842342240385 88.08643357538942
889.1016137329561 1074.2210079166034 474.81137126311427
935.2304338539341 834.0329691426994 269.27635358594534
1167.0587731673995 1159.1087302639216 505.32299090237336
1340.261747289616 1271.06922372299 672.8333968900076
1069.0395546386833 996.7248907174595 1479.7840429288356
982.3803201902193 1324.514852856326 135.96440118576308
984.1264081177953 1554.4649505442403 1455.144321633384
897.3161601531236 328.3852752267526 1264.1042496966033
1031.863731705793 1001.3833820983095 1464.2255234531124
883.1232151372857 830.851469079566 1024.1973964255844
1163.960206460783 841.307165205536 614.4164178436156
1207.9600335181744 1089.7548267504335 717.5009171735404
719.5289054904055 1184.1480337631021 808.2891146730996
1090.0146779770364 814.3478026133564 636.4258583824954
731.1499112039351 999.1915201477559 766.0466071559935
1017.8815381670207 748.0821394830962 416.2475836405829
1290.4549899577044 1183.6361937176905 1406.2199249704297
744.3730534975612 1114.9174708012984 721.2996027142636
862.6720448541387 903.7159799727624 981.0283821377576
847.652824627599 739.7113571268445 1143.468994131102
1082.785900819398 953.1008323658717 532.0482084601456
888.4461917532332 936.2202375669576 1.9156136485072306
1361.3413464334694 1130.4597546485365 1315.9545614419399
802.1996436379238 648.3696944238059 615.5511189868133
974.6870389465188 1304.1932464941888 872.8921279247683
757.7639720957974 1343.6446334561401 212.5154624724755
1139.3132262594434 1328.6009949076274 1249.2552885626574
1126.651453128757 1012.8053751567147 1421.0028658943988
1081.911468473489 1015.8577372191926 950.3729338515498
822.9028287312406 1292.8475343146433 714.2952858154297
1007.993177861836 1447.8917733460185 1125.363289743709
1074.543449022282 1103.7909319949913 910.6699794236936
863.6751961252089 926.172808287368 1104.8705578114193
1199.1148502861636 743.9999534587714 367.9975539262011
973.1909666878271 1006.1426067098549 288.5535051360626
1102.5562368442331 1061.703524059944 1211.5580201905466
1309.8885507357459 1236.8725521090578 287.37430896097516
847.8320987271559 834.8791119682147 943.8819876702669
882.1267192958699 755.8993869901572 59.78080364327487
1385.8490769894804 1480.142200947414 448.9083405015776
770.3851888806159 874.2178410976002 1391.4115692767518
862.1900976593497 833.6605432417036 1346.3699013156531
765.0377693227445 894.2633688564282 609.0927885319173
757.8422836417253 1117.4690694051199 226.37714248416248
1452.5044525427786 1159.8416243804209 673.6507833519091
1140.2689470642745 1411.6360100179368 667.0430554445581
1258.2538683035227 823.4566305553321 1220.9626353468304
878.276231109964 862.2304669871999 218.96747538329964
1153.105633614767 941.7754989839949 521.2600177472015
782.7897322648864 869.7353476299351 471.282675677297
815.3450249433438 1216.93502590898 989.3530146870461
584.8863794942583 1041.3017956423603 108.32980475528537
955.6117137134869 1165.8515626072535 925.867012239831
718.0868172803558 796.6965468612503 1191.279257688604
1308.2862663034005 1045.3341365375218 68.43936410387712
845.3018180267886 897.1066620851713 721.8894707596639
1176.4534149351268 749.8338181915386 415.52415921487085
864.4734637643547 783.0553503240724 1204.9707085696307
1158.6895647654328 909.0058440016314 341.18415365534224
852.534823559983 765.2950623663852 756.2199886646944
1100.8315362744922 1316.2732175766969 682.9809466042827
1029.0974779538572 975.3679198319323 782.4105597965016
1062.166403892009 1134.745487046761 1408.2137379262806
988.675201711188 1548.3036310969624 672.2496081168515
783.2796513463928 891.577403409447 186.8790280480805
1009.6457430751572 1005.8966312941685 1312.4726940624923
980.850131572725 890.3428785245196 161.78164049045236
721.0573639988143 642.8704405120457 1259.1938566679128
913.5873398666172 1121.084326996126 1462.6613011561453
1000.5129513856429 1274.1329917828718 1343.4334551924048
873.0254524598342 1304.5749310605431 187.53136190567326
1180.7354673212824 822.0395477989241 189.8028030770837
1082.550295622688 955.1251526687627 110.60721181201654
1164.3317405766554 1138.8957681980662 1343.8864369763608
977.9416219963666 1072.4681245776428 445.18833385307624
1119.7999966687157 1286.9868629965526 1485.307621872539
829.3153220657654 600.9567665265156 877.1004983111467
867.9619191211091 949.7167791376161 499.951092506124
979.9564467081652 703.9688540644393 978.2458333675801
993.1960062906271 1005.1705620670955 231.05670585382327
1467.110608545121 740.5982178035633 777.048024149895
1180.9826443218358 1218.4372989876952 722.0296064691717
1218.8457292676267 1407.9325079824746 1340.0589298198497
1333.4574345923534 1115.3918969044698 1008.4713516491801
1317.5709255640159 973.8697920505143 104.41338550596646
865.7275995303687 848.9756109027254 1407.263515329037
1129.0937634044078 666.905300809824 1234.7422178995714
880.9423835403403 1178.715376940382 352.2675523120353
1175.2913609162085 930.3302854601693 1178.693191212842
1030.6200237514122 793.9139895949643 259.5929618879326
784.1278942777888 685.386590391604 232.39180364716094
1280.816226862501 1169.3537089643055 922.7202456935946
1393.6983926917533 1369.8406166208515 780.6773153565985
952.1558412094478 763.4062594714237 693.1734636671239
1053.4751513652022 705.5875382565551 1357.1512059664758
926.509283154156 932.957894544028 116.78803135702393
952.390063184288 968.3384316601456 722.5600030912678
987.007864612397 1024.1025311722756 428.33642175691153
899.4493936073801 1156.511650735216 343.0296290180452
648.3397408309891 765.112361772892 533.118653127476
920.0254554201838 1061.8817798606135 1493.2303500301618
997.4655031230553 1184.0817997225265 846.1793081507119
810.0394231585854 1253.9676159558862 1078.0356937857134
524.152176622496 1151.6583277032598 1442.296403064693
1272.7395526676532 1125.4637886871578 404.5898022398829
617.2084396455282 1146.2969657475549 1218.2986346174573
1304.374805219029 666.279890794586 127.72674291907116
980.3210666941965 751.3726306056401 525.4940209554729
1825.333396248816 863.8115292904979 384.69578607966594
1025.8543132147372 963.3103098206325 1180.4582690422028
1199.7473049348255 764.8252667760646 857.0854530866786
1158.3754722159902 920.776322423253 581.6083361425009
796.9493186220875 1295.5797641170311 662.0525566943597
874.4151407983256 918.8416865065518 1043.0881281561435
997.9637242349354 808.7169738105129 1233.6974799025006
1278.326587538574 1394.6734208871173 215.05014953036755
726.2632431168274 1200.1205693321313 861.248806714079
1275.7783385979844 614.4057885894995 671.9592199884746
490.4671091802613 860.9039641281051 419.99638122963916
1243.1701970910597 929.7113121156532 1293.976967331537
1127.5183548785346 1057.9737357210743 1132.0009767195336
1100.4894979628637 774.7871360224476 320.4489265445467
773.5124819319565 554.8054854968599 928.4293033987497
733.0060993675766 1306.365928657771 1281.5593671080173
1329.3531645094017 1596.1796468564467 799.0916180527527
1231.1829985457664 762.2936420136725 312.42583468059485
1214.9982840749594 1396.0532859558336 1053.3075337844652
987.1513307331902 1437.0438225530024 1193.4019835931251
1004.7848645630966 719.4167120424964 420.649117443382
858.8897884135282 1237.508269659707 698.4498596174819
1414.0484219227603 939.2940733669539 612.7058754381371
969.2322879781356 1149.9709761094266 70.47819823110568
868.6230480341643 1513.5076809923837 1384.9735985669354
1552.6643935528143 1033.465502906909 1145.969426305655
1174.7584582778093 715.0921157996797 1430.5364762584315
1335.941141127891 1448.657122168302 1273.4278707339597
1208.4572328679037 879.5492800077968 1359.1206030286578
562.5226143327326 1635.243447897968 1266.3769343043741
867.1077478000594 1296.9007815388536 834.552275784963
696.1703952706364 1425.2855976561805 1432.2240586990883
1183.7516204574206 618.7346861855273 869.0114411053737
1033.9813849990742 889.1503063505689 2.3301010264120126
1125.0077569602222 991.1204796398864 470.0100342366864
600.0470238697541 949.2348898426969 749.5108016530717
1022.3103602796539 844.4050972569669 59.973181934822314
766.3150141242726 1205.3479033422097 1058.1993824192807
1101.4516844134569 698.522333789523 1392.532419857349
1304.3826023228903 600.47046401497 569.906614077248
646.6665683321016 505.1242490433974 352.13659378705677
501.86204243041055 1109.4859665193153 1200.9783050200338
828.4622696458679 1133.456290767084 320.22821274779335
1083.82295506301 460.05392516213885 248.48463797635628
582.4163983299851 796.6620001279703 899.4257958648014
969.427096033068 1297.962534985538 1272.915135183432
909.6446469115097 1396.8617458086692 997.1912310037017
1067.737068639829 1077.1835012884676 806.6778307810379
539.1022744922357 1111.7092639735267 1005.0159974550704
630.7836726559307 777.7494984761072 1222.3544007145267
1228.0259758292507 1058.3695772105957 1021.3088150179126
974.1419610764624 1279.242079013835 1417.0129865873498
709.0846946019283 1616.3231478997905 1228.483534760591
1084.790300396877 935.2915894757627 607.9804697858775
1426.8971526171908 1067.1831877796546 16.210718073443985
1046.4564186880302 1598.0706515655838 1157.618627071553
1139.644663519059 1006.4533317513881 958.983230755584
1170.7702841959472 1406.78769999531 603.6437286465491
707.8130794482961 1119.4928914742904 1357.2740429085459
793.0208462119452 1143.0910364586207 480.18071121414033
927.3599705424487 1129.3784727696664 1378.2790122455956
1174.5150942127707 1092.8686359742528 1430.1604384082352
852.7650427510288 1217.2570244424605 548.6388441950279
491.2517323265857 779.6951792836597 824.5855917038441
731.08248537504 1216.4329754886105 796.802771037717
908.4680197950926 756.2548533488925 734.3081401884084
737.1091792323325 949.429022755624 29.490601949808017
1593.8164522022457 1336.3786394447332 319.9784626832957
670.7680495117165 1015.8352646670213 671.2519116231373
887.8540849252731 1178.1658190918868 1288.6863542266349
590.1335546718914 1181.5181032290043 304.53621420976276
1490.189126776907 842.4689684833261 1001.2031911898342
1433.5201935223768 1031.084150857651 404.2972995884296
1033.89291438883 909.421254560966 16.89196121920311
910.9000045654149 1087.029431545898 1370.779027521294
1119.9499103513056 1111.424934106931 755.9932213571653
1109.1118120041212 972.1483344563361 1464.0086298349493
1149.7316266783384 1256.666543797375 1456.0074632350127
1055.5551868380462 737.4786958155405 284.4132999950128
827.5249221778661 885.1177282550898 271.9315310474502
1037.3618667432786 1089.8284047642876 299.7966803217475
1278.3213466282298 1378.647513725635 609.3892449055844
845.3910708225233 1085.5280711184512 1367.010720015754
1034.9409073834033 932.9221864821859 311.93297624258486
799.2867388859053 1082.382661844349 1300.3863303382802
658.2852614011599 1191.0777552402512 1067.7376311292107
1368.87876463021 847.6790317658256 626.8562059527254
1067.576128932383 834.8614150941455 1231.1280563197959
1108.016129502924 1053.8257906356635 867.2751024466593
778.7041291113632 720.5309017271927 1490.7415630666012
1299.9423368878838 1121.969537585018 174.71048032601894
873.3787616022375 1454.7926828771115 1456.3959278086186
1113.8418507883391 619.1127438806914 1163.1942099490532
703.5238660295046 911.2795967749767 1036.6446443859884
477.37149049702293 843.4214314259459 1039.2131447375345
1174.8817972385311 1052.9984597515088 938.1774066849345
759.3088399909857 1110.017565045707 225.47603311720792
494.41898999229215 643.5377124525594 642.5573590028577
935.2007042220467 1218.2192713633792 32.53547817120178
1203.969802173272 601.7504891905874 608.780871139662
1104.8139691099736 773.4423545925374 132.22172731025537
783.3669548310305 1752.0962141879882 289.8960541365867
1585.0135011988293 1160.7277335485715 1428.0240644224052
984.9793314393739 731.6795249345394 211.2017434604554
646.4905089009028 563.1757520405898 350.99682293520226
877.7238680738449 1213.0637229088748 1448.7786274803916
867.3433040365994 1183.0830991346504 181.47148845853837
1234.6489400858325 1118.7108840138326 587.2399773189067
994.806054544275 1271.0949158304113 814.8823032374007
1103.1373914003404 1462.5003047235111 716.7920245313578
900.6962536593549 1138.7029101515004 892.5095161630595
955.9000731145131 1250.182408601639 915.9576238565626
881.679160167808 1873.569861726267 400.76937627072954
670.7287496133141 1165.172836530058 1321.403751001632
1202.090143037167 583.891535643836 669.3225772717151
1093.4544712858656 1436.9499994695152 1256.0022395946066
1380.56893010225 686.0052552616837 685.2449314680053
836.3544081189915 656.9795255368643 618.237164617297
727.0321155241454 1229.8588290596067 161.57173648424305
568.3676134364296 716.8664888381657 31.107854387590727
1072.584148022716 982.8271741650291 202.29819552645444
1220.7505029777726 1213.478907870341 318.54112273002676
1323.8143854757436 983.5076398317709 501.1368451366248
1147.342982184005 1076.8977682909415 747.0876028275345
1040.8068095669005 1103.2758693848386 615.4081878310091
698.0337497571481 1234.2347798605033 519.7484286430064
1261.5610336560949 596.0360500473125 738.1422464037338
794.8598507071156 1478.8313638347477 1205.9413444196762
1058.2308824961704 1646.5985488340407 182.03173192722994
1261.5480159876342 1282.2738022518217 1189.2723563509503
1038.257778236669 1039.552703366801 1392.9759454194927
1056.9354525113524 899.7912560965972 240.91353230890604
567.3305498557373 1198.312462799339 1181.4059587453228
569.3761087301418 992.433087494526 211.23124204716055
941.4113393890818 1031.135645555159 579.7520022284422
1502.2338313552198 917.5821230337762 885.09584065295
582.6779500379301 879.9485614077223 490.13474663136697
818.6904967211542 1146.0476065964274 188.42085237077282
1066.6989682352464 995.5954164776431 239.00109154335868
940.1125972199642 787.3812290838016 454.20124944921605
1351.031325442761 1049.3254841774658 882.0798831935326
957.2095474089648 929.1094668502609 1078.7625883222033
1420.9659354589298 971.2741643981686 604.3162793213705
791.0512415071241 1227.1170737759858 888.1639503573614
1079.6668897328216 751.3138227155746 93.36747242270022
907.8403437906512 764.1264875665803 657.0212261949919
1111.2252976643604 1737.992454810392 1158.8335017943768
1178.9872931654022 893.785320506939 465.4185359559029
937.8493671718877 1058.4985775781004 967.1545659390769
1513.9335471000816 1567.9412559852053 1349.2060208449388
768.9878350528486 1128.960791561 941.4711130330493
910.6703364281241 829.2228338052706 156.59537408616558
392.1244593922919 1052.8876189030354 66.29644460724032
1137.9444719015619 1368.648456460641 866.1412048718857
908.7725380649675 608.1911177958191 748.1775350628359
1284.3793462595468 1466.9760862751002 1224.5280988228626
1352.7621387578681 705.9000590429694 676.2711565104845
950.699879731326 676.5964955247684 635.3633252390458
1068.96545140863 1139.3458562251408 296.19226624972964
919.9562857564991 663.3145610833922 876.5452356133122
729.860914471368 903.19465490126 40.71662073349719
1103.2988940168682 945.5273311426065 1397.90483230117
862.03589946994 606.550304670289 360.7999488162184
1403.9733848549652 1139.4246809831989 948.9594832247903
801.3663550861745 993.1366534332349 996.4902932323204
850.6419634495053 697.5018135098869 179.53864159262807
1153.9346958710191 943.8316722993976 920.2122337187907
1154.4199205454875 1074.130295269415 466.9645093212956
1133.5188961871254 958.4502301113523 1170.5016317505706
937.4017271781499 1081.5680486956423 848.9664874189244
1193.6029827243376 1049.9900455542402 97.82594615693036
924.0541246228331 1043.258217106351 991.3581194088387
1006.2615139616116 1113.9931011602137 191.86081791715876
933.1978403233435 816.9285967582606 1208.3791756761962
935.6359901643135 432.59025780932814 777.3103539935348
1522.4880849402507 933.0430809058511 161.69689539795706
1235.8201364807887 1134.4369278005167 1057.646188041368
1047.1172862710362 613.1711660089393 779.892015290634
656.6807517775403 1434.2843959268823 13.797753798918844
789.0771050628005 945.9082937678992 622.6409563968299
996.4925971124443 746.2281415967104 908.5437476936239
772.8358757023027 892.7384761025176 1317.879577365232
782.8259610939244 1034.27355219029 272.465979810417
881.9611606157861 1373.6999060029839 1365.7666400316343
1190.8252003377834 900.4738230528556 202.54219199032985
1337.0695506830643 422.082573500163 393.2070915475868
921.0874982659111 891.4625959458657 724.0132861050845
1368.4019743337258 1012.7458015651748 391.90715242354804
840.1098998969169 619.0840155521487 1367.8140322580807
1636.0438708705715 1508.6739386047989 218.90167249680908
381.3972088761726 1443.582517317485 1362.1740019252272
1064.871361291663 1074.6368875166409 379.38664262489937
1160.7696299457143 1183.677940461779 1013.8926465186727
980.3546916737806 1050.890592027936 955.9340602179312
1056.884555596421 823.5686597437343 788.8060052282787
779.0150815847917 1154.8165670596707 712.2434430884231
978.6295684883501 1255.2150634147056 159.43526650610835
868.363081262971 685.9968790743599 1018.8763095561147
970.6121305986659 881.1158172929862 1095.2573168097963
1167.6023305070305 1320.4277785933414 653.9084613470493
1252.5844761591413 1445.5361719424468 129.4640785015826
1077.648424450524 742.306427773442 1453.483876184844
858.2805118780509 1014.9297392792545 206.19833076289174
1345.4981154022657 1390.8487301851283 1206.0196269281619
1400.0209526740332 1068.3995160450547 374.26421380775287
1221.985311220392 1300.0829906769143 557.2917167445763
1476.5427193091773 1181.222400980801 763.288060964015
970.4757630297416 1009.400285604424 1053.9301399296132
954.9890997238481 1207.776732702357 1151.4014724356898
775.4478247699826 1417.4900644705367 561.5445002858537
803.4036517786448 867.5817193649664 1149.4197313125842
1007.9563867315668 987.1249766613058 1308.7050512313622
1291.7970503110241 1570.7276708667787 850.4034106870791
527.4686424613903 838.4467207362998 1102.3463261884037
1081.9692662825441 1257.4184845899163 545.8161699131923
1026.7235036252214 921.153182246368 69.52784010801078
1078.7277745990107 1282.3619477448754 1081.1031373811134
851.4343623207931 1151.4899983035218 1458.3142821147617
1220.0914889237315 759.9307072871009 1215.4737916585148
1056.6750302746207 1163.9186236940159 1139.9720002783454
851.6947361865679 1002.802664185169 1368.5230724919063
985.9624909038322 1413.2494985702108 1365.6084857180183
1122.9027944805819 852.1683386955776 211.41651773736874
755.5274871876004 1315.5786043307116 129.2853325362202
1163.278154378491 1155.547321215601 319.58414978459524
684.5050193910405 814.6235093650332 652.8539067296813
959.3080834630704 1042.350126061596 160.39322446207177
718.8690397149057 1701.6884973422007 709.8494720641131
1086.094623585596 1108.4734387384513 1087.1892851082694
1071.7402239422229 610.4354434076124 620.039155623316
1066.6209081265226 1087.1672924173185 733.1526318275006
1170.2185160034282 1103.714295441159 1128.2196309218039
516.882424496692 834.2882451486298 97.620434309593
972.4105976688024 864.8943461614822 566.729158189994
797.2437815844492 1063.7733998931867 1303.4161208210571
1372.7773905024897 801.2406327944154 499.2969421625707
680.7686764381565 1527.9933926134981 32.92525163215016
984.324437971719 972.9494405956923 1273.91308166073
1064.5477231470911 788.2169224226625 1073.0700541842264
819.1084458631815 624.8426762614597 1320.082050586604
992.5408301172213 1198.3328468373902 1301.156633662615
1042.5043103848723 701.5477467406204 1130.832043524736
1145.8161543376327 878.3370256972139 430.89191635424487
1291.2651151249838 841.595289039002 1030.1114079168542
931.6618561261121 849.9241486904948 303.64443282228723
708.0741279975382 486.92128881480517 221.0446319266568
1083.463670192018 459.23516831775373 811.4417397860404
1110.2450169100605 1502.2444272587982 913.912931510959
985.173011618477 1144.4054137309124 1452.0128849391115
1110.857315383869 1491.1093539837411 1071.0631655561642
782.3877503750592 512.3769768636548 72.49707847169057
878.6225711129946 662.4203259199878 1138.9149009254907
1274.7932344741516 777.8541822370739 1234.241903885881
859.8326794271258 827.8833277224037 555.50356008622
1009.4856456627454 1241.1343671445047 180.9250083500975
890.3646473060595 770.7706066153721 1054.3267869553974
678.3423157594962 1315.5300414173516 388.4628799412201
615.3695173963854 1040.0503442295678 1113.457369434572
795.3567213472612 952.9623083938246 372.9851041399508
818.6724066259592 1146.9649260383571 1241.3469155313055
1065.4987471088002 975.3208110125436 767.671854615292
704.9641862942216 797.4354905206272 646.4833624423462
549.4880215868984 823.9082588443184 1097.4331060919706
800.7864164671096 1202.799662564746 602.9058408202649
1225.703279811243 887.0853091901029 185.91955437556996
1400.1630553785394 1057.3108720324117 298.7305593463417
958.114678885312 1135.4014239362918 1448.9754711140722
967.6023154573294 674.6269681327547 129.51254508250503
1060.6438890680847 1226.85185717498 722.9233861631006
759.2731411868767 517.3406866824919 1412.3949547449556
1255.4956649776732 1339.0372871179989 1467.0146409459649
816.6885618062265 1061.450645093667 705.8795471032134
1085.9712586293713 978.465536505013 164.5133679766735
1554.9399493895169 1250.5487289079242 179.5559122991603
831.6720297835266 609.2458523842442 1271.287292726149
928.692391899299 1494.594069144943 802.254510165448
961.5925608179667 1413.9637208283366 24.524823831211073
1027.48017820717 902.5290821514333 1151.1096547832544
866.2373681433863 480.9132944050697 531.78602336256
837.8441121991851 1293.673020237605 549.0782848058634
990.7313624286882 915.1289138498134 175.5644685272073
975.8456294299912 925.9355477835618 1266.9532614307889
926.3304880048754 1164.6264980024907 1405.2330414075043
1311.8352169550349 585.3879959303938 355.6757594624324
752.2787667914479 921.7449817087597 119.70138000266128
508.55881273467793 1083.907016766416 154.70034336662408
1136.6825801566752 723.3790346962015 729.7963519933493
891.534839803265 885.1886452778845 539.9491579768417
1421.610401752163 764.9775979863382 1394.8779857657007
1009.7456149537325 1322.7499108672498 609.0154382184592
1109.2513625015629 935.3705378755761 941.4238603111429
1329.8136059964772 939.7453935810227 525.7424126725932
989.272200229662 598.7257281530128 1432.2523035554802
1738.5931760355647 925.53161149876 912.2776995844058
1409.0376426156984 721.174819317516 142.5524525952522
1401.4858179773055 797.9366067009844 1196.0299560460517
935.6967628134797 753.154057727055 200.46949415840342
783.1631794296934 885.7136155145023 490.88829377341114
747.9637687396382 1207.8038841584853 397.0946410503257
702.9269114287908 1026.5082075047233 1087.2121612231085
688.4254107444643 1207.2695843659747 523.0486099923301
1158.4162018962438 1335.0417386623922 821.426245991242
897.8133824921865 333.5747795731388 669.2972620913133
630.8383543581318 1088.1877102073113 1069.5716540984395
689.2394543626345 1095.8589082738044 338.24932158354085
1135.1214732853061 1067.582447630587 632.4209555441539
1100.746869980481 813.0556252550589 592.1153826435135
1371.3784933434001 947.7153492502837 1482.462639211234
1094.8413480361753 809.4257017087889 486.3925646562189
1412.1579523264395 798.1617379404048 984.4689606108689
901.6647114482515 951.9277203581607 26.643375760944778
898.1191158445272 1403.603163715997 1245.9814109756378
1013.9424512473325 953.5156743377045 433.91580622609683
1175.3298579705338 1041.6042466764843 1379.11714381872
906.4899506001202 1223.866672814399 1415.4717034422308
1076.8835942418884 1015.8526030165767 710.7036324546077
1247.5629442763357 1080.8788798771668 503.4991441592972
1572.2119976206545 1093.908258111212 692.4327065582253
679.3961196022635 793.5604931156099 152.7924554151175
1146.339070184329 1226.0187671888095 436.8912977906562
894.3013808055151 1012.8183197959722 1152.651611842578
1039.7878853243406 1275.5896077760344 396.5054918555143
833.5537962967351 1044.5746761725654 481.0398390382345
1303.0013871484591 773.5285936483654 909.960716849049
1081.5892099256992 997.786355028043 292.52537288589826
1329.3048977606309 528.6153348194927 859.1074584346298
640.4020133514227 982.6838181522938 1368.0912471578602
648.6917242801521 909.9725019087211 715.4879036211686
1258.7010903295077 1244.6216693683689 597.20404786007
675.920861112306 1065.4122482395055 1094.2216284234416
883.8250457893527 1514.7055230461133 1118.9914458126177
1117.8897899474512 926.9964274067307 1252.0832713971524
839.7752188824232 1156.2599125753718 1150.7679675171048
724.8430197617388 1108.0800041677796 1110.0061692948111
706.8253827698745 547.8553541319775 1258.0587041437684
1172.3829947238366 912.2566894914785 1104.776010184542
1201.7048614356734 1378.777160663271 1285.4048277701074
1069.2230036103983 1062.0106391402098 1400.3113039808748
1101.7554454082672 1288.5533823657547 836.811886982395
1182.1036603038508 963.0058975344691 467.44571237543676
1049.4566348291153 1083.2805546555555 1480.7306538185599
793.2093037506355 1099.0409255107975 523.3925566270105
979.9957452292354 1269.395982361917 1345.7323021994898
776.7928637222318 633.8738398455275 219.41358073105337
826.0969415211403 1017.8625432625607 853.7939134221258
1078.0599799642046 1004.2541643525021 1320.0090615402314
667.9074377566216 851.3263109227848 973.1201179196316
1409.6205405150035 1098.4239169868156 684.9563195455004
956.6728943475426 548.7525685191547 969.4224575196558
971.4243570063954 1352.7296095713948 1107.0593869776903
1110.6271115376073 1173.0304201833796 1461.3050991227935
814.6720940391928 931.6452173605356 1443.4278703736522
1033.7494254038975 789.9710149173638 791.546951487076
515.5705196609714 1744.9558780824952 128.44346847748267
906.61310031052 771.2028431228827 385.55710981022554
1230.0990530119 1713.0788279699113 1355.2898376250812
1173.049280135226 1283.2832648628091 968.5009937658167
1170.5360567475989 1025.0337245717903 17.787064176583435
671.5419325620423 1012.8086828843133 805.397629987008
1092.0363806995454 1060.8101295665563 520.959608119251
919.9428925506663 754.9475686995594 522.3974431820305
1148.7606633513885 762.1074736925597 234.41104452434325
894.1807416587865 1332.264584253215 1215.0984828681758
581.9131846260614 768.9168403497029 86.36185718402145
1194.7088471106097 759.5097224351912 1077.9819266607694
914.9388707948883 883.1028889704501 378.4376819498769
1217.0715352743593 926.3467189522072 568.8273389482106
967.1621797900629 1479.0861648105988 863.6478301588577
1208.1333596766683 1483.6599199179277 928.2216902982207
814.2267860242914 1211.8315754686055 1074.8482334276998
907.5645697491759 1125.200159653657 526.3115413417194
1249.258925718944 1250.0750347845046 265.5314836441295
994.0269512187054 1351.3111708982583 1084.0768837000562
1014.8969223713983 534.865386593704 59.133996966288294
1463.2963206900035 1054.7296804535206 723.8727911806623
554.0708170565254 1042.732535182121 578.0580238920837
960.858779836689 1041.543945972014 537.30949029965
941.062812173098 1508.6899106747062 102.68372163867929
1279.9761210172674 1104.231485548017 289.1895168105831
633.1280899345611 1132.17903799778 536.8191400781418
1085.494351593426 1235.7719131651024 254.4491377839912
1197.4954728259502 626.4735628947075 1307.776273649959
935.0750691896583 708.2634886245505 135.60731712822005
1167.6054828392685 1108.4274179300623 587.4076653627503
768.3220051467202 642.0446643050868 190.26408983749494
1142.1273291241919 1250.1014813071647 451.5194100045462
1182.9033060613237 862.898531985953 1492.1221279477966
1085.433491923683 813.9458763256697 991.9737725778767
513.8107815371727 398.1112824444573 664.3347335634094
741.9201104187205 840.552930587156 54.47398446915841
1220.9147204719638 1198.4946979383963 124.3589654712795
1006.4035469544532 733.3903572815684 616.5291443390087
1362.4586592024298 732.869698233673 845.8766378976161
919.04791014465 837.325122794846 262.4490607761912
1031.3184350868808 685.0163207754063 854.603941735441
659.171411446727 1212.4379479879146 825.3915397600532
1052.4876766823932 1033.9189038179989 408.29377675715364
1172.728052526355 783.3281298757202 148.57278563073717
864.5555239413798 699.5603500523804 411.74809868488376
883.8800832347368 854.0967992207994 1370.335136387365
1088.7218801060865 1466.8615781413696 139.22385325163506
1174.8725111868516 1007.2704937701927 1083.682713109612
1027.6695901710252 944.6366922254451 800.1406887212511
606.9239869275725 1342.4779374184054 674.7822046632397
1141.8587681590336 1145.2385396895802 874.7174962326842
957.0214514929721 1321.3815035009152 1000.5459231353392
895.0898281637072 1375.6232740109008 519.7580377934373
928.4289753039661 1057.8767847161455 253.89248469780895
695.58955248128 1157.611128622769 561.8578041255322
996.3696043427182 1014.2332390663861 951.3931807552724
929.8551671614592 853.0496604080965 1135.8608180425465
1252.4914743606446 1324.8279484070058 893.7805197685786
900.4783583198562 976.3848885563748 300.4963024848826
862.439398915931 731.0902524986158 314.2486743083662
786.0572099143446 822.6222508299996 1008.5951795358834
1097.5544760573603 1083.6822193259081 1434.1011037672997
897.6966375649602 1205.1757009392181 426.59070043764416
1305.7401435311272 981.2088609706994 1174.537001552521
939.936049799416 1103.6689063501417 1325.5415051430764
834.471507946953 1474.6821230890127 1423.9244322559612
455.6636274729383 775.5896702121662 81.2388717512354
774.8513179478853 950.0420460059104 101.71378137263287
640.5309404968965 800.0630175312052 161.43743287944633
1070.5208656677742 651.4863337344873 751.6392749702188
701.5967226758642 914.932112358813 1226.6093694359122
1215.4282099243446 1165.2664106154932 301.10365765873485
573.2579716235512 675.2079554416921 1295.3021028010726
1214.7936746533287 746.1695553039258 1323.2425821231598
867.5285425081349 778.2522820956026 228.96819450874222
876.8126663762224 1117.2971352419004 401.8965710132895
976.3822709496179 846.6109957967434 1450.6569968983179
1465.9027747931882 1083.5224276353856 647.7750606319644
1279.0064532590504 606.5036170931007 922.0783269032064
1109.1130400070726 827.4742258188213 36.48122029486001
447.24463581147666 1025.2389809868987 531.7966114513256
1040.0595130461556 828.7884853839752 1305.6102913734624
1151.1712079674326 738.6217586892144 588.3056171388673
840.1617028683439 1246.9155579076796 393.69421618839147
1295.2913025698215 1043.8815406736924 687.9175748346496
756.6670521525184 912.5125129644753 647.5007245202614
810.1943205977711 614.3157454493866 1381.5211922818862
1282.118245456304 817.9830378068585 190.02469880819655
1207.8036785655638 1163.6912234869649 711.0101900438382
1121.7400021787034 875.4729517437665 195.72063637376874
1117.9156426861073 660.329151491524 1395.5472263926956
1151.2037238152293 1134.636540947499 259.2030735638647
466.387800594533 896.6634928179427 629.6285042318581
1087.2842960397898 918.3798415452402 1403.6261071268434
1078.5428997322338 644.5095745759675 1035.6714148814103
1080.3214502612168 970.0010913563862 1223.297574357975
1111.6846054792074 1031.8692898565805 112.3369833555175
1144.5114032298445 1400.4747681038834 46.929678968522126
861.977565262905 1295.3378827966799 1455.3885915239023
989.8066775434448 1389.669469930764 1036.7874037351753
898.8829575131762 741.5307391953586 1183.6513385131827
1084.0873674116835 1134.5894763813633 908.9824144639804
877.179246663798 859.7048350950324 1274.0198969721905
791.6347837783103 708.5163985944503 950.9966315861898
573.877722435819 783.3856846649335 1498.3080225684741
1308.1357808192624 901.6912023228388 1073.979962447681
1472.4212463162257 668.256076581983 1178.067109058874
949.0617454053338 474.5245043893992 470.3015884018407
1056.4927407322314 1331.4400371256058 683.4128096728253
782.539032368976 972.8836744992572 383.21344409486466
1019.3046521546801 1132.9679650416206 1481.691750180404
1133.9489404574458 719.2813592375098 436.02906749338655
1206.0513015020958 719.794087540852 580.3508419705528
903.2106439481224 766.8941213682536 311.3295691908362
884.0551317561085 1169.5388074104615 736.8190752913744
1206.7041933073217 984.5527101426683 102.84414384859569
917.8415841751736 1278.0749309032087 491.8285263907036
1199.736531976328 631.5477766489101 249.71521173776355
982.4723375586264 1300.545656964042 1291.542496070212
1256.106521662211 1230.8640586564657 1190.144560589974
1080.7480766471367 583.4749181170064 63.72098367830542
964.1316141129684 1523.7761640411507 1114.5645239660414
1225.134638571588 771.2236926185036 732.2126544009741
642.196704899801 1132.079217599477 258.89135178839643
1634.8978107336507 708.9568503920748 484.7718609135421
886.4490238249515 1035.3079374524418 852.2462655897178
989.9637879066325 1003.7623414550194 326.0376483031554
1016.356340573358 734.358001353017 1386.5392327544253
1326.839448552628 1066.2380779635048 648.4232365607006
922.3529773689241 1050.6692224886506 250.25112454002635
1012.1796876399189 873.8640159967603 587.332398437514
799.2060803013617 952.0534540355409 306.7444632654127
1511.82135678425 853.0822668716506 709.792558164791
1175.5431099785976 751.7384983244294 912.0437108293588
1180.0474705776546 843.630672438911 607.9629546504439
1136.5802248533817 909.1492568912912 564.4183970138529
705.8896754486195 1127.8612511798804 1358.0315100453297
1087.1799502766028 1078.4561820930264 739.3854545827817
1513.0731076566535 1117.1027715818132 1344.2814407242547
1062.5255565155242 808.797217215737 1037.5098155326036
1274.439922044442 1373.4739919218891 576.9157488578645
686.4038434211939 1149.5919588246545 700.4245027035331
717.7310841120377 1373.4615282944 961.4645471148394
498.49528806755916 788.5824593723808 795.4257403018861
984.878721031189 1085.9769257170171 1197.774741475587
1212.5715767992153 1061.97907598935 1230.3004539662634
941.1557200330451 831.4134619617653 205.0957598894907
1052.873347147598 449.6892144364085 1122.3299205239507
1474.865089873886 1262.977847013518 339.5059632403448
934.8449292660471 1010.5126415575722 1411.2290611625967
733.5816148420506 1065.2195801519017 157.9413874242024
1022.2571913715639 688.1733525947836 471.4527381554661
1296.4463149281062 1082.1252533695304 794.8038075161629
904.2024107660254 1476.2945768452723 499.4721276232963
1290.4862617843185 1097.3558477415993 717.2988997017193
378.2999057374235 645.0530797115757 437.0476687139453
1175.3871553818776 783.8104744890969 1137.5944726569392
948.3925663708453 477.13123995609 1333.7736836543522
527.3039910117158 865.47121016544 771.2471120225903
1225.5114621907771 1355.6970259535615 1429.982815020129
1116.424415661606 1024.0004804417392 392.20255402841985
1251.403918754078 1149.4966030535527 928.262235588188
1224.184746437532 1249.7541552076573 361.6311582951871
1155.1488568984828 1385.881557513976 1188.6358870473007
939.4979039361776 978.1693572602777 699.6564147596512
1476.6609949357905 1369.8432583328406 346.75341506450366
968.0900592818197 936.6531931183052 1462.4871754819549
1161.8262469888691 945.9537353581262 278.7615479600606
486.0346167655183 824.6954239925963 305.7920545539477
