2000
1207.7269213906104 1246.5448326397343 1187.6192494599932
1466.9917605063924 900.7694293372359 1181.4239166763925
781.0241964578615 1392.4836539540756 292.4254439286251
1302.058497770007 1125.8896852352307 1391.546772422498
1089.6080882678434 1217.1169575929957 637.0301770618892
1216.086888419812 981.1878519762676 1388.8467933366385
575.3443713957728 847.8175854278634 1439.3235631588395
1349.4150526730655 1070.2828553697595 378.9051207637003
1113.303073860344 608.2166193651208 605.6883428409685
1238.8365969118217 820.9975413430939 719.3287913465629
1089.2257453205223 1169.0200727181468 1206.0163709233773
1078.765214169338 563.2297941525042 545.6669730389876
1139.8281407141687 972.851391968164 1176.1127681230867
955.8210949698953 810.7215507284817 1301.695743974859
608.5914152774669 1240.6143502353805 1066.377849556728
1306.2964710611575 1183.7400098201358 532.1408352235367
1402.4873112140374 968.7083704481576 432.96995520564667
967.1572232454984 548.5824944449253 345.6486447160513
1193.7801245067174 1027.887250094366 863.8027614977817
785.0502067302914 395.36860614451007 192.9180839701166
801.6361363966669 1010.2258444032295 347.141239623101
694.3465985670164 961.8127678237202 295.097006643048
1507.0228720748435 1082.249195171873 1187.9544006121287
1006.2046540717823 761.3549935535318 30.38570516074185
881.8906413820978 995.7751527197297 259.59262098883744
861.2424905757222 571.7376316382517 119.01991784117178
588.6314370480596 1123.2092500973927 1427.0290189612874
592.9656453545656 717.6305843503906 1220.5060462437882
1211.0266708903425 777.4374581149225 258.65177922831265
835.1165503999728 921.6173314700637 624.5953974997778
1255.6676900281257 1128.4664617779615 709.2755184547892
986.5225562011889 1346.880309198476 1347.820431636593
252.2443043998967 917.3027574494986 1461.5643994860723
1384.3864797268566 1232.903720716188 335.7976243827935
1254.0114002190917 793.2158554918766 1148.4604679874012
732.7096704445916 694.862662971969 1346.6694780000823
943.5728862380901 1112.970735407329 1225.4861338728258
1150.7184127306555 1059.6782442165957 63.042785542114125
617.0491270484516 1118.6498789098932 832.006150644397
1084.066492711481 1459.0428582660684 389.7954924278475
634.5339651916858 1317.4954033932365 1059.8563197712008
1108.1844215273354 995.3689340001827 582.0606192232469
965.8784826147647 937.8122315984992 73.14599795918619
718.5437271728272 1112.5726138857754 781.4416818852836
871.90267992146 929.6006903759462 882.3180400661898
1167.5111252508711 552.5264343246338 1453.3292738203684
415.8497676662331 1032.145499823534 9.156991352270937
1079.322081497981 967.8369474087671 1233.122727446727
1307.8135593332777 1008.5245820962795 260.45790658199905
808.5344537480021 1233.8324763778796 692.0489346479135
1210.40581473408 1310.4162250846014 758.6646679478157
1228.0138884335472 918.8931962351119 1475.8384512839461
958.7280428637538 1334.0343002309814 610.6044192558109
660.1859880875202 904.7473270141314 906.7260874349033
972.6944812115738 727.5031441114792 725.8638866971978
996.074674962439 941.5145089066651 509.69922412738265
644.8176447737303 701.1988848949944 929.4794680742933
1046.7991267582058 1625.2260303614244 1167.1051627177233
1034.9105076363921 830.605210289209 75.48723373009098
1267.733715890442 869.7441955937832 943.0407959099679
874.0576350987352 1114.6445235569736 798.255806355219
787.9009973683278 1131.8572081895668 922.837842301716
975.7587554077408 727.8329619706439 683.9682429367167
893.9573192202953 931.0023557497725 856.7641271385563
781.6393676187209 1015.682059508967 636.4504538294349
1270.0214869115132 922.891454895663 1347.8826887736152
1203.1622851190286 817.2590068700339 343.96116785957156
583.086198866737 1212.7786342984714 618.8360325752988
832.907371260975 983.4271703560595 413.4556853375412
960.3670845848445 866.0687297902834 352.21682024742273
1034.028712031607 992.9311099795425 1388.146043041746
853.8760555804882 933.440183156584 1434.6067559552355
1473.4017538415096 983.438495310266 87.70459331013159
748.3848328229401 1052.8971590280141 169.334473575398
906.3646977764607 1093.4027632018574 633.2444448165744
503.0128858233986 850.4172706729427 943.739855828747
1157.8835986461006 790.5351151721421 303.600685985168
1170.587667716657 1136.5774833167288 460.1951333090006
1270.2717058317985 1192.5233714337674 1179.3052436291491
1120.8132588046963 1115.1252209858885 1275.829800743417
1257.723412306616 766.4698480177074 163.03064759057605
758.1031990744091 749.0018815799287 672.2472404540192
581.975241663303 906.4030904082629 823.3280754111541
954.5798369791628 841.5935808009397 719.1590687494661
1165.843013730843 1336.434574976198 1008.4641989275614
1498.1243123141683 1343.4895973678344 1448.5998678821143
911.8367062992758 857.2068243603637 953.579379852175
1599.2991559416369 1109.518268254414 1131.5775817030399
588.6417803843176 439.74588903435324 1417.7259301639242
1152.3953600943337 1232.6824701033215 333.4627627335939
1076.6432790417987 845.8952646655565 1040.414324961636
1047.2254630968303 981.2795126100327 599.6321624689805
990.6106545862133 995.025775896504 112.08275665877093
1160.1928726409744 657.5383037187918 1247.3894215133782
1023.1305388457896 884.9229630765257 1413.655476339258
1007.5528112755674 798.6309969626752 204.53047402724346
1271.4683078529904 1009.3844178215165 973.0584338285718
1548.8411305900597 1089.8670801292058 1424.7004828300949
871.4070863821803 631.583452256079 970.8504729018941
885.6818470812761 899.6339981021459 1149.9201843823948
1529.3699822261847 1351.1501776259847 1219.7212891904912
732.4406842935954 1129.4663469763782 566.6020095698807
632.4619860902178 1032.135933012518 738.5104448687769
780.5252723906194 1057.9835869313936 1397.7447565243049
781.4814552113801 717.340500484806 1263.6997656277563
1082.9873525013777 1059.216705762517 1211.8367523710754
1126.3581950135256 1328.463703081068 1422.714251150058
501.14909754879716 1172.5499954367094 165.18840565820165
1592.7881592026906 611.5776582303123 349.72668508251496
706.7914232864202 1027.8233160179086 626.7157114486788
1031.3592508677182 1223.368323321367 53.87072998052489
700.2703419097857 775.5426956115057 423.57396340286135
1059.7899563313247 1132.134171914739 431.83488518066775
1059.3173167102927 805.0379293677664 1086.407728644405
1298.384718649106 564.7581491250785 1095.744797369408
1068.9826670919397 963.6060776554491 1386.5516809430976
693.4620292206604 567.3400688363122 892.342040527757
1623.2404370083386 712.4868390604622 1030.7518589868832
950.1567063278826 1040.3452299794449 212.28647589482853
1086.2781514696055 1157.0471039249303 1004.3880617282841
761.616972796058 954.9293048894039 29.861349303948348
843.4383884346726 1157.0795998948365 109.48023567436799
1043.5234593846449 1142.521478075897 322.31909896158857
1055.0214707190669 653.648409950267 48.76574235574693
770.5397491347085 1189.1151249201353 1315.2555983593024
897.3203578331595 759.1510680705047 949.8008915258334
1116.6716220574442 1168.3826232700173 1129.629272791637
732.6494642094182 1225.1179430712402 442.3178242457994
1285.8358281275343 904.1469224330526 1342.9874555707074
1130.1275346944135 1319.9626795688232 814.505627204755
295.0653282020112 950.756495814139 1321.204167734823
976.3208349261149 813.3383144915424 48.6663977668505
941.4616478345382 946.7570426060499 926.3333645190095
751.1348068218724 1082.5577976089496 1000.4699374045966
1190.1060754216956 749.5440071281057 346.91665931909864
1382.2517412862087 801.9956756410301 1425.8838524747193
823.9108552792464 1012.4606460709123 481.2663637836571
973.4158910726269 1230.5757073500095 593.3382778102342
1012.6534035176342 1451.1659164016492 101.50305405294834
1022.1542335880696 896.9576892519747 42.793550573495764
1027.3138698896926 1594.0037697536889 274.2477476673862
1064.8095562581332 832.1874751717503 295.07659493452377
988.8845597786499 1244.935456916482 904.1849025047818
1571.0107275395167 496.44682091019786 822.0810009051943
1181.0007572885042 1154.485207037242 82.07780060181157
1023.6971908535833 887.6416417388957 281.17879627394655
1106.7710618854028 992.6002301423139 597.5242362274258
893.2995549901882 1462.33549866909 975.8652808695613
889.7979943892234 1267.1804382011844 1165.2769154988503
772.4129949571253 1114.5666343629835 1428.5181898819915
1150.9815484189203 912.9999573426549 829.692529457046
786.8258262910264 1811.5138828076251 749.523712613225
922.1067566046288 614.5071215051289 1361.180185288271
693.5576582433812 824.453723796531 532.9263329067185
746.0289889154991 675.2567737984294 1202.0635542243688
1090.9578356268426 770.4180862826915 405.97375058914815
1418.382197059565 1404.3677633258476 1079.4346853467205
1165.4276323866711 1193.9914037773094 387.06179781540493
866.1365490463152 942.674627227817 146.7085119651091
1168.2654188140693 916.176186540664 1274.5471574775313
1127.9779221643855 948.4337769660849 1030.9842831112746
1193.245254599501 948.071612927791 521.7702955745343
1700.5926007987546 707.2644639195516 1306.2034195127558
1178.287765044644 645.0660356344714 285.4196373966538
724.8142975021641 864.7597263231117 1358.2278477432828
1271.9812397036571 1232.310694071742 1286.2109053007641
1234.8001677204097 1299.3990500337127 1223.7890542548994
1038.3193174494224 1017.4765847524075 1483.9195665511797
1584.2399224522892 1258.8790903572424 647.4296273661371
942.6554575154132 1039.7444971856185 823.0962867792158
989.6205787329644 712.491559884739 751.399519887569
895.0052160616042 1245.122571194304 537.9773125005261
714.2000629357135 1036.2713007820255 84.92253029701102
555.9304527852787 760.0321338987861 292.2102398765035
1277.5419642240106 1144.1485700420096 1468.5244845149548
1239.7661481584478 776.6404332358319 1202.9612025834067
724.1791892270298 1214.166999626792 564.1404051426794
697.2361522023109 655.1230331058208 1155.451075396943
1225.9378911381682 1193.0353243802183 813.7324556908565
815.3848203834216 987.8807574666117 968.9888774507906
1413.4210142946638 1501.2528524619884 207.0681625082712
884.3821653478769 1340.9450148846122 1182.088583573813
1239.1071200375177 867.4356941613229 341.07418227089033
801.2500171871847 1022.7356066070643 359.9937967772523
523.0558261949342 977.536604864197 85.43321946707339
1086.9173610860921 1139.825766673493 104.15552037876147
1243.0422687287023 1397.5404142037255 40.779769130113664
823.7904769690842 984.8338874013448 436.23063439097353
1113.1566065834832 1054.246409869847 838.2923269344396
998.0344040900158 1550.354966043165 961.3700077075505
631.0213309589599 939.8604804640664 980.3543913986978
1165.430196789 979.9649861145758 920.498220256893
869.4879047666482 1104.9118142362058 62.09237956489555
1046.4370295466576 627.7488825946016 1290.6746146820944
1185.0427494699525 885.9341051392095 1260.0449237960534
1026.0608068205336 1014.8820241468184 1097.7072986029088
902.6194712094557 1262.9439629059132 1321.3483542805827
953.1966438180156 1534.9005794874606 176.28615234227922
1169.3825409436788 756.2073289624286 221.837108387318
784.058072575402 707.9491389786322 508.27427059072517
1094.5382815554583 1357.1374874631338 916.8519297920526
794.812937420315 970.5705918303729 1074.2688696575315
804.3035633779375 574.8578638767417 1478.8560798176825
1100.5118317888466 1196.1781889731965 1045.1789165854354
1030.9672529607385 961.2917604591049 52.782409992479295
1039.8641514603216 1211.7670540342328 1197.2927428504554
1197.0321439926602 861.3363899033823 583.5487052061054
968.2546291676447 963.6958489739204 1017.0279268382166
676.1821437491539 1316.1843304988256 112.77476061601577
1297.4068530065344 1367.3532977682987 411.32067005046906
778.561937987229 1015.4847962976206 909.4269343667794
1047.4776078049888 821.0434176313702 1057.4278319157654
1401.957329517646 621.0293959764258 521.1062150158833
886.0135264154086 1059.5389377548422 908.7264643417572
835.2496947419509 1013.139415900924 54.97175399961812
909.984703122621 1078.6513412853776 887.8816342041891
998.7082397426311 577.9359377148556 71.87121113748168
1062.440263813182 933.0920011895067 158.64982274130713
1365.037359191543 1286.5764501870367 972.303550292893
1296.539556036669 718.6025705527014 1321.9280961150828
1098.175632759729 1267.22242749605 1150.650764089475
1160.0558020302215 1334.4177984032835 307.3858422587115
955.2936275483823 1009.5029131352891 1306.3137943776078
704.259891276386 644.3088839065279 918.1439136639233
1128.5856579037384 861.3291483533175 142.94405416482303
950.6820739403024 635.6123511809067 1208.6908856818452
991.9104431733421 1084.9312632507629 243.2454591174489
986.4367577500549 1326.6935691268936 1320.4567731627008
1081.4512272242077 1244.5370252100915 1134.3865277977702
833.8776154985604 1194.06610491849 1471.2232279062882
991.1140661584519 955.0807219972354 905.809526867314
768.2526637703031 883.8866946049098 654.847244815116
1100.8642606109922 643.5412281412948 207.79269578881204
948.7340880470673 1018.7526409210461 657.3560537138304
483.8923371521406 1325.7700849646187 281.5144838005669
962.1384963794967 797.8940804688535 1217.6251547293775
1294.6941661386713 1155.1626887554785 76.43681448776718
742.3317411931132 1108.9459162355292 433.1898107392631
711.7343512348705 504.08289663904395 84.99931696604307
678.7095749191974 891.1217149196301 1406.5766912020329
716.7676832385425 1257.5240065985627 453.21526524473967
807.6696255941254 927.6243044903013 187.267690433436
865.0211863524936 919.7937115096291 1331.852471661732
1146.2490019622778 667.7474375234744 438.5842215270891
901.6502524711236 1236.746351575057 826.9025726241584
832.8283062546241 1058.8516555408412 849.0306832788636
1002.9209534414904 1357.084962247554 295.6564509763194
1237.542609675854 833.5492516137331 654.5722533583646
828.7625653776871 1283.0206949846004 690.5632752577203
836.539497745932 799.2155930869568 1224.983646552767
838.8344818824141 1002.9532534542952 520.556222797649
575.3502602010594 1157.325721247702 1429.3728157427909
767.2979668315451 566.6261267518 196.88146031005687
998.6247766815235 830.3124808330483 100.9086122225723
967.8517316718068 1167.3485505953843 1494.4870787243563
1093.9359708806805 1167.770273763982 1494.5559982859343
1119.8853014834444 1347.272481331997 312.9035507211974
424.1615276750749 899.3386963188788 356.87487764229854
1342.0865078357874 859.5624041938314 906.3362099136909
789.5022719662802 925.4417740949964 534.8660741479397
957.0381182009054 931.6901005564755 509.20327791479565
1052.1314561515903 1299.229602751715 1395.985643894928
988.2107962623461 615.5768928545135 93.78144480115041
893.7625146134574 1004.677039300647 752.4909057816044
1100.4032567152626 940.621513833658 860.5316862259908
1187.1488748599058 1074.586128820338 990.6614834148993
994.632368858358 1096.3576655983745 196.55730602847854
1019.7429215439327 853.695764692265 598.4436992573158
986.3915986893637 1145.5083064771907 1488.0508878798144
1143.4267024304334 965.7252063058318 352.3936040390741
796.0509930482581 1455.0416403059262 1322.7843910226454
814.0574616549633 1383.8451506917586 118.6741096838293
1127.0134937132946 1176.9804423601404 472.2869033734569
1288.1218115030797 774.0891433504619 312.16333637114
841.2764161789976 1190.3463777392892 277.6892552959226
991.3975454331701 1132.1465332003636 163.35318457957038
898.7369207728383 917.7190472800168 1393.5712475586315
1286.29380030869 741.6055516320281 1454.6814442464226
1218.2837542836248 989.3879851547132 708.5983571954354
1111.570384643567 769.8625574785011 192.10458988437574
955.7545762431773 1486.3767317029617 1221.0668407221656
940.1989438842915 1366.4104993630854 845.4555430286947
709.4818029411579 1061.3739844148902 1453.113515723399
741.4064598496784 1522.179601689331 320.55393842526394
1014.7419166543389 1039.1886457537798 445.192734897691
653.5247124137657 722.5040132715467 1342.4161193583593
734.7770871439587 985.7638520877858 364.38737087310955
1059.957151906432 1067.8931359048177 831.4315309595777
1027.7723570873634 1423.1286604491308 1383.7631416737768
1177.9658805593128 1308.8420904775533 857.7653123727839
983.4585254321541 1116.570386678083 1280.816743174552
1409.2847094356011 1772.951022640671 264.6668375039419
1130.232230775643 972.2298441619724 918.0667553608783
1596.0696115588223 1026.7641055543932 208.94228930363656
1258.161179811155 1214.2302430380034 249.68670433805556
1158.970293996729 932.2353134593942 402.27584995174664
1209.0114785912501 752.6340235749942 1156.8007237674187
1019.0939294966139 971.8338186673659 1426.740303628225
1009.6710149243414 837.5866904128585 1115.5717046773614
1333.7308696738792 1239.719159277371 1170.7311960676475
898.2246226513554 981.6093328603154 408.50079475187226
852.0003055470062 1372.3473449641642 803.6081733137125
853.7985883724319 985.3072029497599 1253.2354810140203
1123.2027729869637 1260.9074445931894 382.21801176534194
651.4693161356071 847.7450046351858 1438.3014634090207
808.8703404786215 568.781514367181 281.6445947164121
476.7426050171282 895.9854552026935 1424.5143022102927
675.722137297683 1349.2891224866205 726.2164959641133
786.4104779178241 553.8750545562655 1345.540048170938
1267.4148265853712 414.16712351463775 515.6071160887745
957.0195242272686 811.6536368477298 711.9386798098695
1482.7839080517808 999.0513644031349 1004.9184104666779
1094.0956046769963 1103.4478376116301 1298.8167867804711
1315.653965710194 994.0743428268256 24.96691853779881
776.7698472183588 1148.530970035747 831.920954682792
1139.9421425016114 1085.1692687502502 1297.6884857813434
1386.8753158002837 926.9395245546546 553.6096113520357
1319.984013609021 1095.8185343993 398.67700047677477
1485.6827068070722 738.0050129169821 1228.6526807871612
1168.8591329134902 1298.905421992372 1314.7562693444806
1351.153905115921 857.7183116364042 602.5385443869361
1056.8439473141223 786.1925887451334 1273.550008648081
1042.066111820918 1039.8412376655774 804.3620367812581
840.7210359737805 818.1714586402155 531.6366527240946
1474.080164026232 946.5982423042478 446.1966274641274
963.0342305536789 422.91585412880954 1455.3031128789073
818.3291800156846 1233.2948017936765 160.57241736388232
1053.2387888964763 801.6488562415851 1041.7709088360705
1128.8589507818904 1074.70297469663 786.8656657220713
843.1664117048385 895.1961107960317 1208.0507957911702
672.4601857744218 1010.163852432235 1385.0192029620775
790.1212249098862 1192.4041556259158 1430.9970891863027
1109.7017406350565 801.2606022031182 703.230541530286
1013.988928366923 973.9933762285889 1247.3571558241717
857.7328753987711 1304.297273636585 578.5125955888074
1546.347799371099 1319.501656960646 601.1103528262094
913.3391543615738 873.0691016151277 969.2636065555334
982.5533234926388 838.8890743856573 1280.9455367350376
570.5411102558412 855.0573675160114 626.3115657726867
812.7975503915909 1079.5162786098701 707.3370365325843
1206.4450740526536 885.4652096033915 271.4750357620854
1277.4553060118049 757.495178182839 1227.775990862103
877.3527001126862 1219.983709901054 979.9579297366523
402.1248425355849 1215.5733482066823 59.08434438724747
933.3416467047907 1156.1457753700424 1418.5242835116853
722.5093308562034 1128.0358677910558 426.0485551904167
1105.6439527063567 1206.68173640428 1019.4997283159884
632.9231858712064 1197.283964012508 1332.3928962536113
868.9997812174722 955.9429887632652 1400.6755320261425
1179.5900544081574 815.8217305317752 614.8389189614176
833.0337834912262 767.8095180556195 425.7639969619008
982.7809038367964 717.8865334797044 1062.0239958679433
1133.4902655210042 1135.1057052952297 1141.8436995419956
1122.8870455874667 1160.8963704769521 1436.4554760534693
1028.8923462435632 731.8625307956662 1318.4696448329273
1168.8230175078825 984.8817973274587 208.4080726348851
1061.8155534741504 700.6910749882484 1419.4049016808146
859.1835970778922 900.1074572604783 1369.2381754786873
874.0773360359667 1208.1387481910497 685.4295241349026
1322.9761932178799 1090.5903210708948 499.92777330522887
1271.9003119471668 743.7344399835675 675.3853141782546
563.264867401132 890.9540215774337 323.3361591300197
1176.8646504979995 854.3737477789538 1014.7918502079756
1102.5557950004993 675.5815200775802 1049.9172929472104
1214.503835952331 1017.1842561304109 1244.3164889979087
1000.9219295221499 876.0678071206504 1354.839755103781
999.748151228876 1512.2325605580972 1490.8415187092342
569.4692390827327 1021.1215156177207 428.97386433155793
941.6153375863058 1236.0391063324885 1487.8379277225374
508.5482203818627 905.7542618821801 398.1079096012446
932.3215451887577 817.2399017674715 837.8731235523405
1241.0843232296768 587.8203038042928 1314.0652578112333
1007.7610562667713 865.8637190838352 1179.074364645577
1247.1949472747315 972.528547622691 801.5257222281322
712.6133658642939 1221.5099236963824 692.0241527345797
836.2620154146656 1299.302462517035 457.12215788880405
1152.9825590047055 1016.8635431193138 311.9004572231311
1052.2812698164048 855.2900869279558 234.87053837323808
954.1928897543115 1290.9538979128872 285.33979189974997
1391.051079417451 1095.2499161997612 43.85497462460092
1492.1761716882615 810.0900355983056 402.4965761886419
1002.1530730382892 1098.0930358740761 580.5418581451949
908.5802156792038 313.34640207965595 326.37347269722994
985.8813129103472 893.9717558199343 257.76436936465876
472.32875019452695 942.372281842734 1494.827678745868
947.2006508289187 1104.93168229086 377.29728889550336
1204.7897329153034 1407.432628367308 33.49446674381856
1110.8257625966253 1146.9086240331046 415.35760683353647
926.8113270321624 1298.5864437627993 1189.3292258861786
842.7261328442738 971.4178574553839 415.35542011428663
1091.704674784324 747.6413562816781 929.7758737559217
858.3897400215578 1100.8355082217574 635.9903818566122
1353.2353622419096 1148.3659345879532 715.8081143253419
770.2132673506478 747.6125926943596 1184.3792808599376
1095.0490243540953 1007.3067248791434 1210.2263016461904
707.5884074120061 755.0784635655746 1464.1841142665392
1181.8346020463866 718.2620749706427 1053.4755196881545
1386.763543116614 1247.396249810247 319.47716646847374
972.8492227750887 1244.079748626496 916.7521923187643
939.7694298373087 1028.5579248326744 394.46402268838096
845.1327999800278 675.8117314642031 1307.0524202763102
1252.9041935973196 929.4035264517004 961.9198997033963
1285.6907706983252 774.3788422333611 569.4770455807624
1195.9565403132542 1134.7461787734376 224.55524284363548
618.8708927742473 1075.626278024455 1100.2472962059858
1408.209758850332 956.0780397708274 1161.3650533976274
1161.736648136287 748.6206023455767 951.4109184342022
905.2670866834341 1148.7833168388981 293.37023683269456
1281.2026010258405 746.3578221968542 265.833330284552
1252.914486798645 845.9971592660421 409.37291697811173
677.4454666163305 1085.3871522058441 747.0295876504113
858.9845743441563 772.1292340438698 347.7129827005894
642.3992438236224 994.1954318240549 39.859442495832006
1096.79278370161 1618.9557607089191 59.40842313913763
1309.054981455498 919.2905263205713 651.6525313146824
865.4790975095464 884.2949677012848 967.3418742059572
858.9988055750516 1055.0277866936883 515.7490713124029
958.3631036446671 1088.763096965499 890.3883116329265
690.7985607104806 1061.4543572820057 828.4606442860799
1150.7757482648658 830.8467893982598 634.3763592805695
834.0008862658807 868.2658508143074 760.0637416350902
997.1316969081383 827.8228706258894 1018.453457540061
1186.3553081423513 764.6147063861755 233.29169208409323
969.1410422560137 1067.3905722954908 324.07386999825525
625.2792574529465 1397.1064858643992 700.457328556828
1204.786960401104 1060.142664064799 1010.9669990874808
577.8545394254293 736.6148423694506 534.703082157228
687.0971887719304 751.7600515893484 766.7847633220391
876.1377152832747 760.8619637400186 24.5497208189695
761.3565718633239 817.8380969981383 30.698485199520565
1224.2472441060945 1295.838883604285 1455.2484366456895
1321.149233847569 979.3991503315128 100.0496282486919
605.9371046034025 1054.7050825935548 1182.538533859095
1016.8079819150007 693.1146651833787 221.3616621528527
1048.8725892138698 904.5129253988554 1453.271747431526
1172.290484663884 1190.1460484726535 1248.9911421805434
1373.5829261586957 669.236795755816 1152.97542406041
1231.1386061823273 969.6362457106185 715.4834395578299
1010.8291548979146 1050.1830310710106 1411.734328333181
1212.662181975922 1202.4376709945502 1272.130314366512
1011.2207827776461 703.6195683059659 621.4147486331362
835.3877784634585 1388.1318231883763 1246.156322632157
1083.7435309559808 714.1496972794947 1086.248457050833
984.8777937021927 1070.7651323847624 1432.6304214523743
940.0935128950003 1061.4104217044783 1270.3875357958773
1066.4204127044202 847.8405954446625 1315.5450302695838
626.6458263517786 958.1879469323999 551.3320610922074
911.6831780433881 629.3255590625372 1396.4062620330453
497.06257310302783 956.0824072086529 288.22270334194167
1126.1295319159465 658.7149625256052 830.0818785996835
1058.261857929713 833.4258130482381 207.57034581110983
1227.9515501181982 809.8094983496151 101.75429173923229
909.6451912438233 1116.2261160129008 1388.7945837419106
802.6364349176058 804.0290038194294 1169.5036699544219
1135.047840533966 658.576050466378 287.34752452610894
1047.7244772260467 896.6461221474863 1220.081676925055
881.212639259742 790.7250418711477 944.9367247454649
1385.7729864781088 1278.103170865008 190.0218973703587
1124.7628082577253 818.8632161922251 23.800064770899688
1077.612179963632 1325.363571077384 1469.8138790702783
1118.7170184849297 481.9313361054966 905.4918708049668
886.0298838174549 1292.8186586833217 999.806789963071
1183.8563972469399 1001.7668883505074 483.7753800315316
1674.419215511697 1554.4940138354054 711.414362651951
1144.090924792239 1235.077160283492 1078.1168584251093
613.1495515112932 1022.161850175117 652.0347865068031
539.2451747469813 857.4366310418825 560.7907566408335
1051.7701924121948 751.3805584514059 1197.3942583785658
747.9974439638263 891.9662742005888 768.2208994265847
675.2012657512546 640.619885565385 1212.182442586316
816.1940447274771 1184.3619644637145 1014.8067362096646
590.3314262289333 1521.3944669830582 462.86301310334056
1008.7558614140917 1429.9188623887374 932.3870827606231
470.478766954569 885.878113454671 528.1701529746937
795.8298766881959 976.6305828279872 782.5764823768399
1147.9842840719543 1378.6724121397278 788.2356923860798
974.5886843574216 1011.4228446123344 143.09590600857004
1366.295929083847 1262.2235655128195 531.9124220578774
953.8510515651469 894.2872091964583 933.485524733312
555.890203351481 1214.0437989157529 1062.7649347865067
1325.5115205795141 959.6360503161177 382.1116588130064
965.8057040763437 1066.7197574023671 276.71005993886746
712.0731427813679 891.7023188573714 1084.8562007485648
1244.58524234657 748.625042734915 761.3439166078155
988.9418040479999 888.0172223417283 725.7188830911288
942.3021692392092 894.3702322690533 927.787913574064
811.5586215391431 854.0911583344944 318.8794176909308
1109.765898757072 1159.0399048936197 545.6116041586355
1029.0465812662567 973.8057590419265 774.4059311159332
895.0960676471345 756.7792438138811 1214.053045566738
608.0936574258121 748.44787344747 1198.1221788786881
673.6378921554108 698.4589099606512 97.48563078164474
981.590062928291 524.4422249426675 362.7790527873409
1422.2262294319653 964.2487956096982 445.9482651697429
1126.4903126928853 954.72136158374 451.6655117692746
966.750752174866 1329.1343498485214 255.5034347851255
1088.7112852358764 1027.9460778783325 306.3775358068126
943.2448537972331 1345.6393544286075 1388.669557597414
709.2977919460486 778.5677513841197 178.70612379223027
1335.8122197310345 1012.2807083521828 377.748363099096
1123.1599208509213 1516.9155991167522 1018.9593892142817
1319.7623718772147 1282.5910089663812 1459.3822869174485
861.1255845684834 989.1612042070185 1432.457421362955
1101.9342456424 1104.4087654884056 521.3871064287963
981.056715810557 921.9578705254173 276.7137935469676
1151.3807076417615 1244.3745842633325 511.0834072795945
799.1294552766774 668.5783408164698 1121.98109423482
685.2461933762634 1030.1874212019923 120.36496173318062
708.7984763598063 1333.3695035941598 272.4381993445277
1159.2060606796495 915.0703280782373 40.301393406973695
693.5867735664272 1201.579727349135 479.36946280776795
1448.7444580725041 1417.3343605365008 310.3171877076321
1011.5476947840568 1039.1939937496713 284.35891887940716
1201.4949390481218 1502.0927692522475 1068.7464735333235
716.0207420730185 1159.3831083543944 1347.5851515731704
892.1898685150306 924.3611286426647 316.5311752188827
1120.3848309468844 627.2892516169087 855.1417503425897
703.6100312608061 742.9881013730268 1098.1199489202133
1081.3892447758835 579.0108355514755 1304.8418985469443
869.3387928979541 963.3103087093444 84.61542815494045
456.2958791354058 1316.5855504854949 994.2843490868216
743.2978902009875 831.7863240705822 1051.6099220946592
1269.589184818361 1220.5726697768027 1292.964640270679
916.6128456097567 814.5315631729766 588.5003984593094
759.5243774832622 1179.8075816955002 26.664767547331547
900.3499811923118 1274.8994949084758 1333.190063406511
497.4615786462059 1137.5404469530008 212.85962013334665
1065.9702651686564 654.653292148848 918.4279052241875
951.6429188432031 1302.6680929574954 200.82521503837364
826.2589725569832 1620.739969888311 1426.260472629436
1397.848211854344 1355.7967789943225 1364.2603424298784
792.6527888191193 650.5052159618508 184.18394085778016
877.3695291093701 1016.6603892572506 950.1475532565003
803.3199818756473 1051.3976570424445 577.544284423587
448.70463338619663 1183.789404620441 642.2543337077743
1372.8724557343103 533.6295989210415 866.4496024508234
933.8227988893469 953.0317333273317 1184.4064367748954
1081.7542672857585 624.9526435757045 855.349329839186
889.8180595007344 1116.567349687336 847.6630241852152
1060.1440493536934 824.8340144741603 839.2577918511306
816.8518350671566 781.9522210400935 918.4199996259133
847.8397452223519 788.2229356006898 434.13242527625783
1040.577932986313 1152.9204445604464 986.3777028438745
670.7706169558069 1211.6510349562507 9.306055944214576
703.7708329467773 1353.2916469119061 1256.1146361895135
1233.3811059993245 774.6961511017035 938.0415370270489
1242.2679991709124 1135.3521673481162 77.50696924192718
862.6579543774267 910.3474681903816 1147.888869036574
1156.0530528210022 1066.432800161401 340.61331584846516
1060.9668419112832 983.7445745873202 925.4321807168293
1110.7523804759003 948.766576751644 149.72728286305275
801.5918956634066 969.5016202949289 664.7662171628572
980.2517947232002 870.1012047876944 1264.591980707053
992.1433131272794 1022.4796072698675 458.4570857762697
465.77459444194665 1131.1033099780884 972.5298373260965
826.7080466717875 1470.1254332566748 979.4188345818077
1177.8144563082185 737.5623378112423 969.5581412722008
811.1050983816024 766.963069046159 1279.023717723004
692.9035649344968 962.308855560178 1193.7233586140856
1140.4893608708799 1048.8263207601804 1037.4240338805869
621.39943929944 1029.5403852035147 783.7423028660852
772.6712172028398 1372.5825236405258 1414.5756827729058
834.8645672147331 1227.9542675595997 1153.5214920458075
1055.0008669064425 980.070121661954 419.13212810400535
753.9105300868546 1137.6293852852248 1171.9465159659926
1233.144259993744 749.7625741870036 955.6481618536592
1210.8859336134012 696.3288680946155 717.9616119154754
1022.7370468880157 1323.942232476444 1258.2374122867898
972.8746178472145 655.5414451524323 887.4259643492668
1134.5181733578183 1127.6256105401076 984.9484966868771
677.1654524700638 921.4990718121495 1189.5881562181373
848.5270055085828 1541.437069529415 273.5817356575899
923.7933076669906 594.314522729182 1073.8654019510984
580.7149377616078 678.168139730213 262.19800263719594
1188.162542664138 756.6333325210497 1488.8242042715885
1254.7274640079545 1212.6066964925856 1033.2560548216456
1292.8175832363881 1122.5607341551963 962.2255780092559
867.2699904116643 945.0244643898848 25.45099690919289
1305.7861377859956 1195.0555811342447 162.57172039564867
1303.952926842352 1300.4509741644024 740.6194448549408
762.0932454387935 1011.8025475443559 635.6672580497224
497.42637724538054 1013.1937944183757 542.6870445428218
1272.5013110629634 844.5146355914957 1390.4345436882793
846.0491330335642 838.8721424316366 1367.6498998355614
898.4973277703729 1513.1622898784449 1284.2407410733106
616.6063636974927 1055.9294913207636 81.88242593499389
1141.9487787503842 657.7352327124268 680.2303333511759
1255.946474843655 956.6491942836773 155.45549176289097
712.1289983566198 1193.9850374640305 998.5886931183215
986.9882277591101 1336.352034646447 1188.15916687713
1275.3732009864925 773.1890009585345 1004.6579248992491
1300.2604735018635 1309.9858547297706 15.724447494665949
1185.1061369028516 1287.1792693999096 931.459900289141
620.4599831023315 1067.8993714056446 1487.5341324238696
1060.193037652452 450.65740387253254 1337.33890173588
590.1742303865624 857.0315566428317 184.95001176706478
897.9630844388221 1027.1822320124031 225.00319057650754
944.6234464542808 1090.5075928443034 354.73238914356693
1095.4207467796336 963.7837265861389 234.01586967164585
801.0054001124007 846.7425517619201 1272.7515427502567
1378.7384745956278 1249.9646964725173 831.0212235183675
923.2745381789698 490.22983899842956 1026.2451548030378
793.1615983097121 1533.1236917652384 412.08604567303513
1256.1150422688374 1206.7786441763237 801.5433063497344
1167.140492080785 1695.527067195955 856.2030823318601
1021.7627481713587 1206.5539569768207 140.49490481706312
1180.3876789797534 657.0807582589387 833.954559887824
701.213125948419 923.6110734428772 1237.722091197852
1023.7634662381378 735.6056106912545 437.3035887856528
958.4879276629923 1083.222439262358 1159.2566690668743
1155.8850679395464 866.0578187366498 517.9440768213557
750.1757682322913 1576.8833737873606 483.99413062941875
671.3552770045707 1088.9112059009956 647.5685657135099
805.6462824223174 1125.9353542476736 848.7162553921019
1217.1615100839888 1364.0269368108752 1294.428991276062
980.1486934859411 1314.674697416846 755.6279233700251
777.4699064710043 1044.2352189157534 1489.8847005067605
1370.0223698153939 1629.0365559637962 128.33544230255401
1035.3068533955498 643.8111367175936 809.2070608433796
956.0901743366621 1131.3059043595158 301.30118404815266
1032.5034645542019 1060.294627752225 1479.6235846219488
1404.3243683418252 1516.0169140448984 564.6789397133298
1069.2804009911627 881.8150378392186 358.6944904305486
1556.6549678242068 1249.2076588811842 436.98733673381133
879.736407913795 578.9337323985719 140.5050636295898
1099.657328634536 1269.7731088632522 1241.9191661682917
949.4572410502323 1248.6889774724284 834.6876073383859
653.9230108873492 506.4718186155268 1065.929367553499
1095.1213143728705 1403.633859121619 985.3108155783245
550.5367377202967 1184.8379365680587 394.94687996530035
1060.6617854420508 918.1646206644546 839.9873988513635
896.4999704614988 1260.613431974913 530.1289866369816
1283.3442698132033 1275.4378071822052 133.33107454584064
951.9357625427017 1115.6791875648428 1135.3053104816267
621.8298903055702 1084.816862186952 1219.882612622781
922.4810445555963 1164.5555500027303 342.0847666063508
760.8306585108651 1298.896069322022 772.8437752628341
1081.9429832567928 759.1495066761911 644.7075421462886
1332.5450004339 915.3569382733526 85.25199054952482
1192.4593940029456 699.6102004818871 568.1931557117614
1010.6788152384917 808.304628636997 41.89720552567494
1372.7194238111501 832.0940148977427 396.5817328442216
563.6080932814796 1020.0353342673588 1414.9319736369612
1258.2501460020897 1466.0694061002414 1058.4317703057654
1172.5061983908895 872.1558463246329 661.0260831452397
1343.4187456273335 668.5558276245628 1065.161365466934
911.4971528469007 804.8074692243808 558.8745495634821
816.6207113731234 1073.885632721673 1304.504071485643
754.2635845542982 1255.1163498773712 1415.3514524329212
744.1820074356289 574.2128210697335 135.67619973009383
1135.7326293965416 900.2692563099884 715.8596960012969
801.1168353824958 1221.0713532208676 981.7306515777215
880.8748653350431 977.0907636884575 208.95351065744373
1183.5702600831823 787.6246019505534 546.6548481019657
872.0389562040243 1205.5240844702153 1113.544892638715
833.4472787111118 1301.0109012991386 181.33053049995718
1319.319890399634 1332.4070519365125 954.2233547169317
812.793265059124 1098.5840526312954 628.0831046033537
1279.222963591811 817.2585353419536 1291.7681047887647
766.4341145758192 1111.7697664697193 1107.6250458284649
747.0083194862652 900.478903493484 789.9530079675701
1531.8415025525064 734.2972859528711 247.74305391190083
1281.3657909505132 1276.1063320918947 1184.26143286752
1213.1720502776682 986.3456088740969 1265.2010956363517
879.9082281866799 1082.6026388075459 1043.2411031840425
967.3136478046858 1399.45905092473 1128.3433951094137
1490.4190143689348 1414.1558742397092 507.0208663458325
1102.3448091340783 849.3841948090771 969.6015967660212
1045.9669280860792 855.4630121597213 363.76075597380037
910.3674803801093 1220.6445829660252 831.0475753376581
1185.1492528699787 839.2232066037509 883.1808480353959
915.8868184125901 813.6407890702316 1358.6056143006267
1579.266135005902 1448.8026894414422 991.5999831285236
1206.7007376332783 667.4447046226499 615.6003012306849
1210.8576585976925 1071.764011003811 1157.6621758565586
1158.315946561348 1329.4854806916123 172.80231433313858
1225.2063119312745 1066.6625243447152 1037.017607381999
765.4984027589649 1082.9987321828066 499.5289341924286
1472.1587417363478 697.9460518992508 797.8159735950953
808.4623437189283 765.3183828825302 826.1979627899028
818.6350165595165 1203.018178073496 1458.6833127927623
1095.9913825177798 1196.6286294868778 587.0209869763935
1230.811463092632 1176.4711502288824 21.48778951567615
588.1811744354547 731.9658719904662 1174.3347742070823
1394.7428162676304 1051.991534140625 660.682038635732
484.79062978547154 805.4421838004926 294.7359069789622
652.1975102454849 663.1032908822028 439.5896141237452
637.908218610038 828.1331046104283 1424.0417457953697
1286.0561832419974 889.7798687892442 921.0461180945687
955.7152678012864 1186.9826346074258 948.2040414575413
976.4931374589366 1360.2777565475928 1329.1595919211975
866.4161106825632 1233.4157017763564 974.1448404989533
804.2099394957957 1050.9019136024617 387.01877429435467
1278.6029486701168 894.1924548682583 816.4109321859437
579.2253691416496 821.0791186454221 876.7824584813612
959.5475883295427 1156.0770955556955 1376.2023994753868
972.2226028958049 725.2441090279491 132.23351255924592
1513.410332626703 879.0372186908604 69.9692088239739
833.8673308494585 924.1980014561656 1222.8108420690917
434.84474057155785 1426.6862816765145 1474.7377811745946
1213.1035684627072 1267.8223405694828 562.5938241816655
1266.5561748537848 1217.6449041687247 1373.0864652495866
1292.3178036391755 956.7426085433794 332.4000786059396
1198.8491420997482 1203.2060587516442 1322.981979012639
1142.0431097753585 1090.4233013321536 674.7760125612956
773.2132620357977 1245.1514690539295 589.0316563635051
1284.1506703434188 1155.289796162962 1314.081622766546
940.8709826529445 1015.5561928903795 387.0967798061241
958.9079901831182 1172.063445689035 540.7348953353538
1273.95756572308 965.9067142388809 807.5505227830843
918.6716805734644 1223.3289024407063 52.03668066516304
319.4289996911764 1238.4696545693355 384.22354959652483
1220.6641936764952 1107.9259448763967 616.2029771521766
1064.6881311610148 837.3706069506077 959.0906440909434
925.3536842575511 453.95880584143515 1421.5617614495152
1239.26262088187 790.5803719891713 1308.826302371054
1142.8004096464192 900.2629428327784 1239.8665372163096
966.3875323566181 959.0276824337085 50.83068358361065
1302.6610859219277 1029.9150903267118 518.3200221633962
653.9516063448928 710.3889234071621 1061.280355566101
939.4133951936466 720.4898504711632 432.4713570743532
525.9400252827113 1213.9229428605547 1088.2126703064073
1035.2536103402463 778.0751274785557 559.5913314654214
1304.6050498049178 1073.9314247689215 1274.1774924242904
1287.0343096333283 953.3076764336956 242.58569094750987
641.9508027109579 870.5820237966715 621.4116509099863
830.3778143573288 841.1718598779335 185.00001441465324
628.4395738466483 1163.9956658980407 1310.50061258773
984.4091909523935 996.6881479385302 727.6891966401342
675.9946904802367 1437.3178773447712 646.35659445067
545.4462690286201 1253.6999075021888 311.7128020608101
823.3283583219919 921.548897660761 419.9095463431152
1635.443658180388 1055.0493839670512 948.358142678664
1023.9444823925649 819.7609582172438 334.42820808694654
882.6461169412705 1138.7412363285891 480.7953869630304
1010.0994995694772 638.7557526285719 647.8568098099082
1227.9451275475203 867.2177477133366 246.75260913713032
1356.749493972939 865.0807884995978 1102.7121061087792
1319.9804151769931 1121.8183910836428 1353.3093935935417
971.1307945130144 1319.8206086759428 494.7856511867452
1064.3641182502668 1185.5102711204265 897.5674069641107
943.9787192478884 778.2625623569074 1167.8222261438027
947.8308701011596 985.7602819055057 1473.2061799212793
1343.4267417283986 1021.0073437043515 458.042237839117
1101.435771828118 963.8777940812843 412.0800986617449
1039.4963088819036 907.1211810151585 1450.7781529176639
414.94199174457106 1307.2722931334156 1216.4429886131397
997.7777407139719 941.4026943954095 1258.391160980929
1242.764094666816 887.5299282717209 211.51188435497298
975.6262836136873 997.4535708931916 115.7310767164626
1122.4569310561294 951.5373718706895 1176.1776914618745
913.3170659148609 847.0634852439322 307.4097777795195
1096.0475458050819 735.619492292321 1056.3948903628566
841.4251843936242 829.3028816954885 1269.8121022239272
831.3440697378492 1050.0047561948365 543.728850737372
1232.664719164586 1126.6675214708039 1493.245518409773
1282.4245475015387 970.3859845630515 176.69267962141373
312.105791095379 764.3636596736881 63.099491183172205
902.8655877300007 1210.0685323772173 696.6544787395243
1233.5389470673451 911.377032053526 108.90503246696015
1160.128194944839 1327.8353523806597 1236.790168797264
747.415393342332 1081.6344362612724 1059.61021372981
810.0488536437412 902.4536813748027 1255.1001628439008
976.7416726975179 1216.388703379712 396.9224907982935
928.9918455012028 950.7559552062667 366.89697786178573
947.2711695833335 1300.61567178934 977.4282371137274
264.0263649020744 1463.5451067309734 664.6732663857161
1051.1693604067414 970.5524548960533 795.3918325978069
1543.9548155154357 867.6046413871027 1044.745521626248
1278.0382339258365 794.5052038361812 1483.7128675257463
977.6056342585532 1014.690953879363 126.32513027685555
1155.3038275550978 1092.0011176842784 851.4382118659026
672.3377714670105 932.2993365820928 494.9237193881128
1027.5489652181259 670.7258981521072 296.9628766853068
1139.702387880814 1354.3545591270354 153.25866590834352
1027.64535424145 1222.7170021338943 774.1652841189351
492.6920686748013 1358.410277991156 417.7051279420754
878.6278098519074 1654.940899326098 1191.191540138542
616.3175366898749 1349.094468927895 564.8372187831129
834.349799704392 1000.8083009333235 648.8727141166801
747.2491050657696 1245.5452252051255 524.7075049590061
1192.8090395070378 1047.3303719937567 381.02935251876175
1659.0298103452092 1400.9336810669884 740.8107139548638
1173.5135072407327 1078.7632639152205 970.0107497884968
1256.6164150420213 1031.9088140808287 1010.2865470768079
744.8468200725757 1085.1284836160733 355.71804383004155
1249.046876455544 1089.203467029023 90.93610835362625
1090.2050508164232 883.8007087126289 1442.5428440608052
597.3576506602849 1249.2982981757682 572.7720875558446
922.6075625625723 750.3098706214541 907.3182770343641
653.9470605278996 880.2714535431961 1052.5500703738078
1180.5877781364777 1014.4887447677271 1356.0641730247278
608.104265159242 1339.662002740702 1412.1967790011402
1202.1907382208137 852.4860303441376 277.8366199788818
1176.0718891998927 905.1234223561571 438.6041108477407
1579.008537085746 1093.6627715039751 927.8368346165007
932.6449058979152 789.2662103060055 400.7992422746695
1106.8611748020871 1179.2363886787857 212.03090703327965
805.9277045444818 689.0237378501483 1068.24561685621
1241.0192422835285 949.8020651438421 156.3109003750928
1542.2159799208712 1438.508011651292 95.51392751896209
1271.915409616106 500.803914114471 588.2783930122176
557.6495991082106 1323.9836234899744 518.4899695002232
800.2366043371053 967.4793417029845 770.8515517683217
1178.0011836139684 778.2731206312931 1428.7726206933053
1099.2704838576087 597.1206695706352 1305.7567050613327
1047.7221668173313 824.5605197919413 1377.0734601323788
1508.138410133835 1086.523263375271 1300.0169948104624
770.2888012628669 952.0974445454315 1411.9477840682664
1274.3520489205853 869.1017997278622 558.9179269224243
1328.61384008663 1062.4758690407991 67.71432336886302
1057.437082236751 1061.8608713258504 508.8417993179853
641.6281060490412 963.5761147871608 993.0231364367655
1039.1162457827697 793.123499216708 1437.8116995645908
1352.404062099067 1070.9333963790834 811.1099460983698
1104.9912157787473 688.972215463717 693.9708111493627
1074.2615369621308 735.3758620871806 186.61443372633306
532.9723030476583 690.3662579384043 1475.7798885467766
814.6256431291026 1060.3673526200475 1215.5543960439327
1144.0768700130463 956.57449524698 854.4787816703279
894.034627420413 1047.138363919031 662.9174885192765
1207.5587767419402 1200.8324197182803 334.6939439688306
1108.3810478818418 1211.7269657171353 1020.6675665568506
1190.4709111874513 846.8598696253696 1363.9949708854417
1038.9429800192538 858.9095490343371 611.0881923880025
1035.8918718069756 1314.1218758218429 966.9104542531929
1200.8722094245863 1195.3031981335846 495.5960964994221
664.9110472137987 1106.797399538093 391.46444084916084
910.2491810018187 1186.0562898889941 1254.857168651686
1152.8730107080878 831.1151401303715 523.2077542604225
869.9164040589985 298.8558364650846 592.1738268909853
882.719617958867 1150.7356099825524 14.443160164964553
945.2564009490322 1380.7998287446237 980.0979660779325
1199.0688377281067 854.62895782086 1330.9962639408911
837.110130758264 1344.428082571025 682.9369911273042
1343.0443313612805 594.5203092163412 840.8785625272495
1271.68898401763 914.8885663018267 1346.2439574023924
865.3608503376338 545.4635341652072 865.0159079515784
1264.3782251289558 1267.5917629188798 1135.3002298718375
972.5337882767762 606.2347860816371 951.6126860437824
1128.3710029697615 1626.6787446015287 199.649896846593
735.8905452152695 625.1965002272548 551.2224341000267
926.9167605527166 1213.8294993903367 824.6676249851818
890.9296266030756 1038.636620393504 138.4104485686129
1327.52582394866 495.6442144641793 803.1440361126024
737.2354348146204 785.5952587448461 647.5344248624748
1084.4719425019196 867.4682624451509 827.103936338065
583.0392710590405 854.1441807517774 906.3342751562744
626.5248355912721 1089.6507994899061 29.342240736426106
1119.797828080687 950.8389081679247 1038.4761428837903
1061.4004037242034 1140.9540628810112 23.73268680534113
1160.015643464223 1667.4533832231323 96.58444261396826
895.5161968309336 1117.3264003848008 388.3719177058871
1029.3097393861497 1295.3748553155312 463.54651401654434
799.8672802951326 1092.7541249097276 1455.6671946117044
996.7474940990608 915.4242922134432 62.664711857615075
980.2711503014007 870.7992348193704 860.3157592946798
476.10536093493533 1467.4541452877697 370.11380054839793
1083.427007556486 1239.6281450003403 687.6441555599846
1255.82688556764 704.4464832215815 924.9571598238675
412.65498771347814 1399.298740028165 378.9645719011023
864.1688890536348 688.3869684487498 746.3326165245028
838.653279586323 1440.521059221729 1107.617436369015
666.7309037553971 1071.9462843576362 250.19907317445112
698.487023539388 1092.730429577437 1224.03547818477
737.1831700097706 669.6393347073245 197.96317329867958
1386.483276518963 1042.0275921079124 228.14161568966668
1283.007185795749 1078.8232678403258 686.3279316547427
1119.0788546511233 889.9437550941238 833.5213601319189
1259.0843815593262 1039.8930467434352 89.52224623516464
1460.5393010610533 488.54680098887724 34.01119573777861
1473.2498855978986 1025.657646980502 767.2966852310509
1285.6902335060554 972.1901118609962 1181.7238348241294
1207.1820325833849 1470.1494214323263 1288.3308048049616
701.3516841210434 814.8508553413881 1436.1939803308826
724.4008459787717 1200.6628715240881 814.8476846623643
1013.0245664772435 1126.0110586124815 805.4321710846543
992.0768558703238 1091.1710202960646 1487.6912403043677
1222.8303932174429 1098.974614866658 1258.7253194005693
1229.1864961854371 992.1832223544433 1063.9178712891955
993.9550253862335 604.8170907991215 806.5454981813929
886.3750554542925 1167.904750598343 1398.017170621484
694.1902249642422 654.0842583881363 1358.0506986367502
1194.8964076436457 797.4914636593735 1032.6679839569163
1185.395877694314 1162.2341366886224 794.4435370186599
1302.694901763216 1145.464211135008 503.68170939273585
1219.2723702136789 798.0634100200708 1338.2112107766234
508.46331717900904 1061.7876222408588 153.6638948332289
766.278901760672 1078.9106459317509 690.0099739626216
664.2586386871894 1122.877912886239 895.0376035288062
895.9350747896904 967.7398745541542 462.67034955210426
1062.9814392588194 1126.6596878427474 263.0943641511041
975.9027160709853 1313.5608042116155 949.9852167069494
946.1142561918027 884.4714846211432 1458.1101773499147
784.6718208284381 761.0135526200545 1225.7744872356159
985.8130005828588 962.964821148124 585.6394786431888
1050.5190134615705 1154.6353175172176 495.6903830240343
735.5911787181782 598.6625311126359 89.47868254762665
1270.546128693695 758.4955840033394 490.9745904958288
1145.9748160673576 1392.454450496833 714.082821773036
778.8552135856551 892.3657898735798 1126.2391351830483
1062.2006955657419 1153.5565079867188 1276.4285833301524
1673.6285596426533 1188.4452915591864 1352.1377407064908
792.1426869765678 994.1467664412398 694.1489396075093
913.865998402438 808.1086885180891 1371.3483980377953
1362.0596321221965 911.8512877636796 1199.952242300929
1058.8365748141503 831.5207674872639 672.8522661031132
1022.259468020086 1159.0605177905181 1194.1715918640812
1227.0803333038657 731.124137944985 44.330933663533465
1367.3907391260489 704.0327081345679 1365.3067529630914
1156.6507838615757 1095.8309713828705 711.3394824227981
1340.1234984197094 669.7205567540514 976.5828906852486
1463.9171163660978 1383.4706723907243 990.9753327807341
1244.7298192687185 768.4842878786974 1385.5827822441918
918.6840743945634 884.0923500332779 722.6102482031
571.4209152472515 1187.6968965603194 644.1926006264603
1116.7286159288371 1046.5784775792997 1351.7447946422665
977.5497896388434 899.3597479386157 618.4794093074639
954.7597980951496 1068.9781969689489 1341.5398132195803
1145.183234213843 970.5749468549136 1324.89114749765
823.3689361742206 1017.9048206372503 602.2002082596609
1163.773471074532 766.9434871513071 238.88240219964223
804.0982407383206 685.1827125793493 904.9576486641602
929.1281279288462 1352.2611506308485 57.08392133862505
913.1856864949517 1210.281315332291 632.0782656384778
811.5286748670823 911.0814710782943 639.8870201898715
1164.4947640178634 1189.1592318387143 551.7047710766552
900.4702213360251 655.6385455342346 1023.9037730569139
1152.8761349492854 623.6320043945545 376.28827480468385
893.2074424306212 1133.4034831041317 470.1760596099483
1064.3682066938588 1053.9163176767165 393.77522122170507
1012.1224976518041 696.8236359677497 1321.4519883509117
1151.2271304729086 1083.3905156975977 81.35732002179024
861.7753903618054 1580.2998423679733 1488.135544524473
953.0898259564372 929.3300352706175 858.2265253342683
792.9542358614153 959.5261238829675 941.8234050636727
999.0679917816042 856.6694380399324 136.90682983321173
906.1093183633077 871.4707092768219 798.2594501543952
1338.660096747195 823.8533027528334 92.7463834861822
981.854343974875 1176.5740551224021 941.8774348182858
1163.7623746900533 943.5279950546249 103.36466614064088
591.1430485284745 529.2280097714547 96.01454127697329
1167.8715384282566 960.7018781111674 751.1374858436183
433.1629771714428 1514.645594129333 1489.5791430409797
944.4440071198578 683.2890554084886 685.7147275475397
1015.7550423711856 1087.743522731602 789.1418851832157
495.10259250114206 1022.0890704810547 601.2830836659224
961.3096714961804 1291.9898351161935 631.0205041569471
790.6617187843077 1126.3655712581563 743.4834732772329
1126.6132429769955 1013.0799401299425 168.54160195689383
541.4568944904029 804.4527906127522 1111.9058759032628
797.0055503181113 948.040221414198 268.92204919128517
642.3683652054466 744.2148570957671 514.1015105787334
1014.1196560757829 1062.2843093715373 633.2193942284857
887.0382438275869 1362.0246638947838 81.7168005404057
1142.2232206732147 1544.3754966546553 617.7881502498543
1071.3513739631685 808.3921260137921 880.1159696702863
534.062798971462 473.45053311986374 296.23144970161866
806.4039592663944 1248.8055970922296 1298.7738337006708
1456.638249783773 938.1053996644474 788.9394607534099
1194.1314873337876 1302.903696981649 1487.9523867279177
1092.8650937007383 1031.855118893083 878.7871816454876
733.2419017492712 1061.6051215020836 50.46146513598987
875.7985040194045 557.1433034510487 581.3512158830644
1220.4076325073117 998.9630065160746 458.83577245001777
1071.437829971111 1492.3394713217606 121.67627835909167
1072.4342402882532 1141.0035826076642 720.8053296806652
995.2124087905602 1001.5503159439008 767.9732589443079
877.6955500944633 1334.6373690616617 80.94446365085794
1312.8713406575164 1267.1569718539404 836.5114397382146
1057.520107196031 848.2113275800875 1128.228655061495
169.2976146457239 794.6396046696486 783.4822816876367
745.9141856947784 1001.9213259841242 816.3985272731499
716.0640223210054 618.4913196983141 597.8725450337266
932.007113596838 1087.5520929912045 825.9878940435032
510.4927259990349 800.9068978847675 841.7553634377192
1594.558316876783 1053.5244344229416 1014.918909722063
912.2154786294003 1113.7091151377322 540.3797001065402
840.0062044964548 1097.299669022942 257.91024675126454
839.229933680637 1283.7251351144414 459.64265258353424
1043.4798592371126 900.2837895249004 297.66605413375675
835.459845631809 819.6753135055577 1264.9622362551952
640.743726549968 1595.0709850935718 900.1817096998337
1520.1337440230113 1022.7487397954875 1444.2999582084103
1012.6479898668158 870.0173270185445 1.1066670498900422
939.2635368076944 1094.1311401201888 852.774446060673
1006.0966390765792 1166.107010966346 1287.5581794950945
1008.8342401580916 976.1917399643783 306.387637911994
578.369928072018 968.9649056390845 1409.2420963801146
897.295049808726 1118.532935390871 373.81690444418973
1050.4877940011772 1204.429244148761 1390.9453175011624
728.7493824250155 1157.7473481129261 178.21197882107975
1057.1936643601803 876.0768542979021 1200.675317581629
898.7154904260282 611.4970645828785 1178.2127746949495
1155.9936099512079 876.253259749735 1218.2587034011979
996.8020478655565 927.5373068302312 62.97670504195951
1026.1786501861545 1146.1207246159843 516.3549548851769
1209.246794169259 1180.6625139793564 1145.2372619867322
1143.0589604783195 662.9125731708034 1368.9244648988138
1159.4784542329387 756.5162925778919 1422.8582049839931
1085.8415259473995 1189.7139151300123 556.6662233235551
1344.114923592877 728.7504558412897 1390.8666527704556
935.655697685892 861.1178381899736 558.0088981870405
1067.0835976387973 1191.9058307547175 996.5097533650584
1112.4212941286885 858.7406906324072 183.94278724375212
938.7724309163698 914.098510221596 1498.0997450933037
921.8342895884441 690.4268896967512 1266.2361277661419
1287.6868738764545 1482.9078152880804 1436.7277096102569
1392.4649799769556 1230.1441384571149 1107.442690896364
867.707143097728 521.3387614667906 1142.4939311982234
968.0814744339115 1274.9997994927426 1104.4271952744705
1239.3160816442658 890.4458120171207 337.68514779681965
1157.5601955357988 828.3082242465382 1306.2038482929206
825.5468660232328 1012.7697120427841 1074.0551724124614
1064.86914313978 1240.5032572180564 1204.139475931373
1038.9332378635318 1142.6335209944907 968.2057812804163
1054.5675258708638 1078.9108150770012 1449.509279155047
1025.736331990257 660.4227677878189 907.1206569656407
1019.3727279377586 1310.0305243599005 1342.330122117321
1101.8828051474472 1088.6629604723305 307.21654687471505
999.481657191147 1048.8915479137181 841.5364431999169
1057.9990007506192 1122.6597654995326 331.8418318889639
633.6103117636479 859.7878000518415 1384.574775737337
698.4296167629956 631.774659532239 719.6640504859338
1040.5596000279797 556.4119756326751 628.7288441285041
1318.9810494277183 984.0517876293167 996.5009236985334
1158.4941866764684 1090.266559049292 647.0491206127616
1256.610763936502 1275.6297601416134 1091.3310594391273
1087.0698014204563 1500.472410347292 498.41085671608323
1418.16533234599 1055.4500661231834 1022.6009214134214
533.834783115494 1224.2241571772206 72.29216909668406
854.6756527674971 885.478880534131 281.5957306915244
954.9652540440309 699.7215067148743 963.3788266375017
945.0553495927453 1426.8156727867354 78.63706212775229
856.3819954015776 959.093668217708 1050.2753281156395
1119.285525148973 1119.256445023173 737.447649931384
775.6103922567722 1047.3089989772905 1070.522690535431
696.1287903578059 792.0395107656353 1058.8436156436471
1225.393776286729 749.3790717626595 1079.9435323025448
800.4283819947542 507.3684282512304 514.0709158081287
1779.9114144829477 930.2969406274647 608.122833152168
766.2047380608423 1142.8887100664658 528.1122884089207
1353.3968787054062 997.1270901963725 914.4970870812784
903.9244979130075 1420.3872838378347 1142.5041867687162
665.3954408113533 937.8452630492286 776.8155078010135
1179.9901193782466 930.7595748079967 584.9987789623578
1112.5087541064215 806.7093369439397 840.5300428416688
1030.3180949211917 1239.1906685163076 9.497382061523618
872.9853470528678 735.5110078332898 1131.0431797851375
1102.432788609719 1367.924849911571 59.14701994984767
823.1118500662153 1033.8667551147855 457.24067175261905
983.044449082026 746.8896408055853 1068.2776966495976
911.6640407681314 1002.4707760156083 121.88438562091203
1219.223822521321 899.6567508862112 1477.3593447953501
1103.5002193087453 907.2740071295568 1093.766964484175
1398.4790408076724 1126.3514051505508 31.97254970031632
1387.7406845958856 1246.1551539790214 1088.2404908034503
1135.1793755595609 1129.1258278251735 893.933044112611
886.7009211282873 1018.9465895552227 747.3554285627793
927.2800183657172 1159.4139288488045 774.7966325509447
1138.3546373820839 843.0847175512695 194.82715287721885
937.0047426689002 793.2070013074895 554.0988847721467
670.5366293316133 935.2138294460033 462.42932043282553
597.2260819310275 1030.2144011394457 653.3966202198449
895.9821755833848 1140.9307948969144 716.5513742827403
1447.8053228329732 1443.2531283169787 405.8009358319179
1252.6870343906385 1100.673948932484 1401.2006627804285
1252.4012590140992 1430.8149525218041 266.664202178739
956.7021552811896 1358.4378511823036 1361.2379182759748
923.1871656912014 1265.8335556954066 1088.1004976918202
795.1105236807654 1468.5601581370222 1038.2003022636275
711.2602203947133 896.1779627921345 1117.5037420399694
1143.1388418564563 550.9336508738613 1246.0478996592142
581.9373339624553 1036.015273804556 1344.8611925058908
1382.4743553973583 1286.3946072100334 177.35720905335424
817.7397666339979 925.3632066669669 635.3727143663025
719.1515382918701 1129.0286396093343 940.4889732221509
845.6807798507583 1325.9263674777067 742.9077544002066
853.4488466319099 663.1873059769027 312.6146595355097
956.4849994836601 1062.1156632934596 1179.9467975393795
844.0113873437518 1279.2391214277582 1356.2622025268754
660.6046627613292 494.87899252154244 1299.253033542864
977.2727119965111 801.0774707033892 1177.326185583224
817.0868875352255 838.0702858572665 793.6652448283987
681.8934792046857 1371.793904451055 84.02146484266288
1030.197011368706 962.5249826524662 75.55075381245096
1105.2537455280928 940.5195833038533 1397.0809193005116
939.385667782182 1085.5071073260644 661.1980476151675
931.0852909031832 900.3086615203322 34.44227426702135
1290.2544939608517 680.8078751956169 1391.458269448978
842.02868513063 1299.7595430647661 1129.909699300364
1131.7349756274489 1135.4869148249486 870.6433716473888
920.9718073379514 878.6392089471996 204.53555953014674
922.7237207453559 1194.0940529170439 1333.8409879792625
1512.600972490306 744.9414524715893 694.7092683759483
870.1961419901872 699.2563407885764 1109.319908477474
1315.9394766356058 622.5325665715825 575.1231785172918
1293.6086700193202 1099.9567577824928 119.10917168424112
977.1122507567217 682.4405702373315 63.83448470122705
1114.5696953783174 1000.22801955558 1482.973024272467
750.5809679233648 723.1915645409961 398.03556977703045
908.504365503545 1018.3567806567978 520.187958215035
1442.0069997584142 1301.8315645090051 1364.5120123803267
888.791507577834 967.7065580704547 880.8330011733896
976.0479032333452 1442.6020211285008 1276.8883088032758
819.5952224410394 625.4271554635253 65.40244432080789
1225.4397592529735 1231.1776367971852 1041.9671296586014
1220.4279291830712 1087.5834427515397 1118.8515762826555
739.2370207231753 1058.9713255227693 69.92614283862636
829.0954376685547 958.3712233401731 1333.989470226237
1043.889957258464 1201.9838201896605 1093.004321200313
905.0792428623799 973.3879599294964 1073.2971342809567
1381.6407102225483 1213.176829897252 409.63255440650454
252.70697962007262 1455.15235013516 452.1750282542331
1016.2089546784424 1268.9994393003867 690.5935728872317
933.8147523863254 1163.260918854894 1054.1002204954655
989.6291602911049 811.2659762437006 635.1298408644565
949.7155481886034 472.2101280688255 1083.0085953963533
1030.4959442667578 903.7046095000411 152.72649054224496
1275.0746367478632 1167.8965776248024 196.96222773596756
1140.3876353119679 805.4373290231599 871.2950039023087
1177.9640082948074 799.5908376482132 836.4051261397876
1324.8535228314763 1436.5570616847356 1336.9080417167274
819.3301408590886 948.4445624605613 1262.1287335471366
1112.7859186458593 499.2439460280569 94.53857798060244
802.3690139309751 1086.4762777483088 957.8561889250345
1414.0519490949187 896.5453596739063 397.24739907218924
1240.6430937514851 1234.0771921449698 810.4924104655055
1563.45511402883 861.4579706945588 1272.4870851795517
979.137113710396 934.9662497691459 156.96207350238507
812.3259750020143 1213.5307802577047 912.0910934441005
789.2964554413355 735.4536497817546 593.7249980819569
1193.7530838412488 938.0252964135058 1039.9077564889076
1190.4207435136614 492.9703763676225 153.57724207713102
1122.8845845747423 1202.2906440870556 531.0726190624687
822.6494757195155 1070.8805406117235 393.8502059561167
921.4280560676597 938.0506397068282 157.60575835493017
1147.6655725264322 1100.9215473343043 183.67664679241503
932.3066657517038 1433.7477429580586 1269.352416699443
903.585654151896 1003.1135212827751 717.4765923387646
999.735892220231 1065.2436614367077 502.6045959899274
1138.7928624183746 1285.2560048584205 643.9025518559847
1212.2768019189782 952.7283876624518 1077.0600511178175
1048.860393297782 1157.281439138917 712.533824913915
408.04710088774334 882.6331143241927 1194.600305380691
987.0468921547069 1285.270477650535 332.0010808343829
906.6211975337088 1119.4581631859783 833.8174308732819
1632.1017375677916 585.9343737308523 1228.575466753516
816.8359273482606 1384.4911157294912 787.50158406734
844.588501093318 1290.535234319425 813.995658950828
1134.1557781581896 812.5201106091417 750.5555167474549
766.2214145392996 1006.1563084468477 1137.7395418344506
877.9243541985064 832.2556579810598 708.0420861423686
549.2182679115609 1413.4129323177972 1260.461315226361
625.205065321051 774.6278106211183 828.7430599764049
1537.9538071512013 635.9444536074161 1021.0119846905358
782.8334921600323 856.9958718046308 1388.071137882114
861.9807696877842 891.4934319357048 559.2731797562428
880.4602801554593 909.1802358112078 446.30243598166203
701.5689431059207 941.0619853644749 551.6322919822576
1215.731709091881 866.9163438200334 332.29861468240307
863.1520418565847 1236.1890035075571 678.5411075973589
1376.8435015714722 1162.2393536963539 575.882103140462
957.7790161173706 872.7684978269722 1028.4595398233935
980.7735212930552 715.2038041424717 411.67955381026815
993.5387975156007 1116.9215212880956 535.4004044110192
1098.8538721643072 988.2204449292836 652.1926165393713
911.5567304219185 1007.7930371847202 1030.4324002039446
933.0805233260343 812.9926437623772 499.1224685953974
1699.2952107737901 1131.1004401551868 117.69691003821842
1311.2534473631267 912.9732564410795 1264.1122119436104
1014.58336855896 696.8797211327869 212.29407082357193
764.4168538354397 1345.2328114198788 776.7696245627214
972.2942953233126 620.4850078018038 1357.5115180936098
841.7635306872451 781.2304694338546 1124.6739864457732
739.7836183279476 603.66567963953 193.02265971615267
849.354548020073 1510.5538617341185 745.0820944194762
1048.4513533405895 629.8556156214017 7.8418224275266235
648.7289965063313 1133.552322334122 1091.5339650069143
1070.999281281052 864.5273113831338 156.88217316380215
522.3031954615662 1413.0575805254016 624.5509401394607
1194.435251646225 1308.6481753236187 908.1240490284372
978.2387217589627 822.6469053040031 705.0461468246306
1116.8363167002508 835.3058491709921 775.7725294819957
961.0027399890263 907.1933129619948 1146.6824848736028
579.0203167585241 1038.2054337399998 759.8987457183092
433.29058842106065 883.7648131006284 792.3076033603269
804.6870217012158 946.8320592305583 196.80940202581954
1004.5039309072163 986.8214654018374 929.1359071917216
626.5653396692326 732.1862905229443 698.5191917116249
1087.6821996916099 1282.0916246752915 253.56670570317485
876.214538500418 856.9460226414556 590.7705492871735
945.425255908989 1075.6149649746028 962.2692360374941
1077.9717465162832 1063.9700611220037 1095.1980703936451
1129.549641860125 1359.0126434612334 1469.7270867542768
1062.4389648055965 726.1506857609832 1339.5547845316455
792.1604490060066 586.4720749874491 1451.1755423337966
1156.3231365926865 1258.7106424280464 458.62274236789
1234.7263474146855 799.8277305586846 1125.8804766108751
933.1155192507349 738.1054378073168 1065.4111853466538
946.645937389956 857.3048288453501 1036.7162311251525
1140.1272136495966 908.6873399982102 844.8211286562528
993.0983682033063 1279.9288605855445 1411.7161816117443
893.6702918527278 535.5438638377851 1248.4887875795491
1224.6884159090291 972.1890411028647 1328.2951568759888
891.8403551185698 981.2728530472746 341.5479767402013
1187.1349058623398 1154.7800990081996 227.26428665309533
976.0381568606559 1161.9683191253973 1331.2886865566486
632.4841455576234 1386.320916313532 142.98486567423745
610.8924377771644 1727.7970508322392 807.6923078865419
772.2669617254339 1133.0903412376883 459.32046004419044
1034.4465661322317 1375.7469030535779 1450.0060258659666
916.4405320405759 1145.573302224938 1303.4977895884565
1312.0697641577062 843.6068059115265 432.0367618088454
1583.3341241154185 998.2482953914465 263.15643590176234
860.5687395146357 1202.0454562417647 1313.6534325626992
1363.3042143090324 1116.0483062234505 1466.0530443126925
726.1168066195464 726.2821773312928 501.24093226830007
942.4536039344524 1209.8678775354053 1432.0374822695676
830.9845685022441 863.8687192701412 1435.9460395389237
771.2340761809412 1185.9634213114346 1055.3245385572175
1577.7043509713308 670.6794403150598 930.1729869264503
962.1222645936957 1473.000744766339 1455.5984061058684
791.4893685462719 578.0945687579438 79.82135312277249
988.3005776949464 981.4851502417962 350.2887368160236
894.6605371970765 1091.2835901526687 1275.1725936585867
1102.4466424001225 1168.3547697189913 222.2899121008105
1363.9650340605401 717.4230604202495 858.2412495116398
655.1629407508136 1346.9846355951743 1013.8711516061244
1212.8998179146743 535.2074693761779 1314.3631353885858
811.3622676334319 1146.7546314810068 262.98849805233505
952.5283756183948 1062.7366616445881 1167.6937015006786
905.3105701075806 1035.783595687323 55.264475171430405
914.5068775847423 1003.5050982709397 167.65833224476202
796.32314692932 871.9171491004902 648.3994822180517
1130.1574258405908 1107.2322573897654 1011.4824607063516
1000.2511867816454 1183.5303367045926 51.36944620544309
1002.7205993667932 884.4865878605012 1197.0401174110816
1119.5412493454567 719.9354467227208 1444.1140005632897
971.6468206387949 885.9046334137861 1096.803062257185
896.529249418903 1194.6888789203344 1129.7084170384717
620.0966209558924 563.2334876548059 873.2804167385954
1032.6752653571434 1030.0880494786586 886.3016805507098
661.6825967602474 786.7812279543892 430.35887279757276
1033.7088317372813 984.3036708428214 791.5340580603088
1014.0705284658061 1121.1456204368537 593.4626157026107
1310.0174653445713 1177.6445419961 872.840838185302
502.182528486582 1197.617502362391 41.485060850506294
981.6565514796188 1070.9495191436167 1074.9703133689309
939.7251757957782 1118.4686068839142 982.3172776755555
1051.7623373931187 1005.6338180249755 787.9890459245216
833.9775124551147 1160.4418949850399 433.2669520806573
1102.5124061905258 1087.0967698401853 255.82279585847385
925.1798262150498 523.7989316912123 1291.527387704204
1263.6513962083995 831.6312514994095 1454.8765679407288
485.95640084918955 830.5989236210708 1487.5716757664725
959.4975943034822 1334.0999860571978 1244.6049092065182
1131.8625326327315 927.6620640196029 794.3724545068369
509.1448993000708 730.9760640039854 984.9586993740704
949.8758439112725 1060.3106960389662 139.22161724883264
965.1948502556054 1016.1552813491265 1059.0156180034912
764.4024647026501 1399.0465769987725 657.0155466913229
1005.3640969048571 1016.6104241395861 522.3739521862364
1145.724924461447 922.150742316722 198.88933200413322
723.0719418740084 1165.6699493779286 1008.3347162906894
1002.2764158339696 1306.6816332862227 185.7196995316503
1239.1992928691775 836.4527580987599 1130.6280935080192
902.0388284166313 1077.7229390507673 394.6323152746432
1047.4067770635731 1059.5622014423882 708.1173227218246
844.8782411046511 498.7737984185778 1023.9967227485048
673.3516789110123 1301.9520626237038 441.85307319994814
702.7047773029669 850.4317792191725 177.67560959439538
1233.2503522501065 744.6510584551856 89.90912845879411
882.1661052472886 919.3978713196608 1111.1875580712124
1280.860560205263 704.9017697979164 379.763890721901
1305.454147420296 1324.1785769990643 963.7220442193093
1225.4585228728636 1229.1936988803982 1371.1825517742047
831.6832982207186 887.4701866547456 13.223573014645162
986.8853896545103 831.009864464559 407.9020206911138
1061.2461253749889 895.39360736828 570.8085474146009
1185.4719398415502 1191.120656055447 1235.5708186372196
939.3944654621745 670.345028827785 1011.855242988251
1345.8110362607968 960.7808075932113 661.8240894559187
908.0031897157145 712.8847938045767 238.66472835010222
909.7565846025633 872.7464565082713 1325.7463554819099
1433.1671614088195 928.6100542361456 870.732047757364
757.637818508654 979.895061825762 1313.1223051931
1412.5524440982995 1112.5017666396514 316.9313439762162
1072.3019126339532 662.0994002954174 1393.9677586319817
1157.9605097779224 1143.0597067410242 195.2047762719386
1414.7725720764574 997.189100591865 199.76375104312083
1196.0276136667471 944.8341840497282 1289.868697528824
760.8826249976755 1141.6380676131555 400.1139450465697
844.4077548385237 991.0398181712213 957.8070999261826
943.3773689035608 1312.3208611790449 1037.7610135675075
815.8253686558356 1125.1628963017472 1236.8780041516961
1033.1226983148576 760.2165963758632 1120.3386675657466
818.3600668759502 740.2054257587342 643.4935798762032
1305.3549890008221 597.0559987417523 808.0340798806886
848.3531881766115 1134.136515133129 1453.9789349668158
1314.6605608839018 1361.404629188252 881.5518171400865
670.560162790079 1252.6888633781828 51.326657599461036
837.4327509751594 1075.5105007704535 100.63888216561162
925.4227815736405 820.5086242231486 919.706618824422
1534.8126996348733 1424.7358115733955 745.6190661217114
1284.656307656915 1193.7506781266027 1016.7822235938775
555.7466044716447 1030.8755780875458 690.2293744503156
1282.1663343701714 717.9255678266816 534.3395866480138
954.9702561103506 982.6649359545723 982.8366857787463
1428.2677355414894 1001.8539116040289 1224.3856603530016
1298.5895069745507 1129.1443089587492 1252.2106241322158
993.8821428902387 1016.3792526692882 112.40785795479596
1017.9076726400198 1216.526551192654 990.6282690320128
854.9409474116899 824.2130877478478 1021.9167136730609
1167.369593940722 544.0265832465361 909.5959670722077
1016.3814334536264 939.9501070267295 599.7223368081378
753.1534692539902 1072.782925673415 174.11785884315677
615.872398319143 1048.8969777459758 733.5000253885712
992.1677992443622 928.24060958737 307.38733914414223
1098.1635160429769 940.9420416122455 220.43543983380366
581.2437442888977 874.6781580886968 1411.366273914824
1025.5429956456233 1124.5896747806732 810.4054733190391
1353.577707397902 1382.5696616990722 754.2055199097115
863.8904702811001 985.6980595818532 798.3845710938
1419.5622705906185 865.6116310532602 155.38490871541123
1225.989640726659 779.9871322110873 488.0809286546471
806.1029181212735 871.4508135046221 503.25569101450816
1407.8027837002428 1148.9253738735881 613.8132950575477
1204.4308292955789 1068.719245426702 112.4432826203316
1278.9746582434911 1023.2903563556899 938.2767553428918
1115.7001385028505 685.123950846923 1259.4707050140275
768.8652804123029 1094.2782579089057 94.81043810706474
930.6468692125628 955.4767967276247 1211.3015623122471
628.6511478199893 1365.2671197408852 435.67887603581596
984.9487934040197 828.904608653429 796.4060195382001
1002.6619939715544 1332.7269789918068 242.59401100534956
662.4252231173991 1146.043486539395 1063.4368833462067
869.9246912568161 952.2816706208674 1363.475836483447
1317.51683573811 1262.0120171147057 112.42258359825891
957.428037216078 1024.4821154683552 647.3442159528626
908.0588555692112 723.5693450691754 794.4026369802369
1092.9636799062882 1305.3092279910036 1425.4258935870541
1065.0227581060858 1092.0518500823791 161.3328522309525
1018.4658260814775 1153.5839185305367 141.60294794854084
722.9914451178721 1291.0018264830103 334.26059492495784
1410.401780840229 1019.3251270914957 563.0851083373863
730.4453687372957 849.7412037664667 435.7102636245892
939.8282599693357 648.4199681646105 1413.6547180745893
1099.2869304376875 732.4252775827559 96.9769915279164
1001.7339330178006 1195.1388375152462 1211.483556211457
1392.9507182236705 794.7108212501062 1279.2301949774462
919.7575211988494 1421.0627737088955 818.060697704807
951.366683528122 1162.0060099471634 759.1172329924326
633.6185408221262 1041.3446615113085 1010.532667217742
669.1837450902377 887.3700624248479 716.4172639019725
664.8937230471222 947.0388184696747 112.35124850634226
951.9851630502862 1172.4210765971063 134.1876146399037
617.1438100498194 532.3345775698837 256.5112182651131
1005.3346384462778 828.9966047273117 442.9741463272327
848.2978198308085 1212.1183172140109 54.24461793937968
545.1396484836238 935.2188795186896 1279.7777925529922
1024.6193720100093 434.0737253598602 283.14283039094715
737.2585321524518 642.6569509204242 67.038286629789
1072.6224720081266 885.235507001828 403.9181740520894
761.9724962134454 908.1233576368713 996.4566573485148
784.8152767057454 991.384741608134 523.7572446525278
909.9462848040266 846.171279037359 1476.517608039326
473.07298702410435 1346.3078416583594 49.80940648221049
554.3539497551405 1226.5349382405905 1283.6429831745077
926.3064141953581 958.5112386213191 835.7202123754379
1195.1893390556506 400.28118263306567 322.1011730542897
1441.7360047980612 1176.5296361804374 1419.1402543110091
1051.4838783727523 995.0796382751486 388.6817954226213
1599.979940203925 940.7681457394248 238.35815535445064
967.7820299554435 590.6511017790424 1240.6449150147366
1119.2630871965098 1135.6489750502133 1441.6798489011342
808.1739920103846 1070.5424242158883 211.71778281710985
1335.4008575093244 1017.9534265555745 728.2976507000571
1171.450060733187 621.0878072173514 849.1137466220226
911.1081604250625 1109.448310186674 1194.6798938186091
843.3794683027817 1474.7572787694392 1028.8105640308843
974.8416503244147 1100.9864091560717 1420.9742792139632
843.8150112412164 1308.2456733218858 766.3266044340648
1112.1309374887242 1231.1387625971217 319.79831436962945
740.5029729910884 1059.1726143013443 383.01633200821846
1028.8090584506817 949.5118429185438 848.7032022411215
1036.1800511981182 941.7102623863007 1307.870949289801
814.7863953056138 1237.5054052058922 370.64471798532236
1153.6966166671043 1004.3176264810509 316.52671314753513
913.4928224940752 833.3140381092951 1177.045316994979
1182.4905625887836 964.8757511340564 97.71967863108839
947.345265621746 1173.755393500401 720.2744641905053
1306.844401728958 1154.6303660106837 738.0417100737774
1155.84145117975 1090.7223538892567 466.4454703081891
1029.9610052623477 1336.9913354150442 557.5940549271412
493.9229500326501 833.6158465948182 96.19390802774092
947.3631341643509 1034.3032756476557 301.0669903975172
1106.3019735641815 1256.6680986928877 1240.8017169484854
1017.8322658458665 647.7405567930822 1484.1550431521302
1082.5945085647131 1016.0597090848186 480.30037233732037
937.0143424875113 1065.4851547965297 1326.4179420390824
1166.9918824293118 777.0798594522269 113.64875797203217
898.2158941580934 1463.5074324557133 505.12655929915445
639.2209093616302 844.9664595731805 633.8469489568989
902.3243776826622 1044.0191115866621 12.415859828301457
1212.2900857290913 1051.9932131310495 1416.594760011501
698.1747342337212 1467.4631778514438 1032.500206080511
1299.523635760961 864.2586793326852 1217.0257896043458
1314.4039977923321 1507.267496471492 1160.3961637586992
976.2018256872047 826.6386503814531 379.76863947073304
1137.0972979360793 901.4811656279907 1489.1472915371698
1359.3046474685489 1175.4796860340746 1271.2082924993476
1564.3127616847062 708.3911487553708 1223.8794494972406
933.5129808455382 1304.3462146443242 1318.9380888497512
993.140052856651 1785.2522120499502 28.72527592297264
1041.0498681351298 1095.1440397389854 1400.4240447372306
1403.2592983777338 1029.0313306484868 43.6545065951599
1297.5358615284554 951.7600355670378 12.779018141547581
377.4275152266174 1107.736666029995 1204.790431899668
782.8362441831649 844.3847370974389 1078.7729196560983
1158.9791266417535 1276.8589447207082 942.3286082876167
845.9018590847513 653.1219030633084 790.4458528134462
1012.4502641579893 957.137649406862 388.02292409421744
931.2249876625463 1030.4366912437156 1497.966093071817
429.30937639580793 620.2912898365958 758.5576090667189
823.9712680081716 811.5717289517029 1018.1429180903071
839.1115554251617 1054.8491485972409 1134.2775183158244
796.4028841517609 952.0069944045373 722.7954672380342
1262.5364094720017 1300.8032931240248 563.7611133726572
1309.8313340786012 837.168252794084 153.89207461886716
1356.7387829329632 626.2689801389879 617.1541709247277
675.1054359050879 960.4192838971317 1426.903021510884
906.0619672556547 1157.3562834636286 487.7317247210629
799.0008068146616 1136.0574814075649 656.0855534279123
1084.7929438978738 1045.7592817915606 947.8286755828741
1217.843178872624 1070.9597201245874 847.4599162545863
1035.8963932502904 848.2132957037643 267.84029946148735
1052.0457535096334 980.3460981205485 1352.0106454764664
1095.732872581678 1087.5258630985047 612.2046123240789
808.196360547265 782.5597104859565 927.3932300097777
1083.9057949650355 1087.1799395487872 891.0067353555924
1473.5094734573433 1135.5016637353447 573.8126155613813
979.0524167806301 971.8147077289796 83.60296564683006
1180.4369184632405 1269.4433182594307 1204.090122511052
1044.5182343312003 1438.6724307131608 336.3518961494965
1208.297655558999 655.8251268791494 92.49126640645561
644.2466748907008 598.9040046264365 1385.4430591022194
1250.495738233799 1245.7330399823502 666.9419969372747
694.1083736694418 458.9821086670818 635.0549520743702
887.2229533840398 1164.8857270487633 1227.7483218449195
901.5115313973765 818.2252015196003 1026.664396499242
1313.2105504859205 1130.9321260061831 279.7009897360571
733.1696251134251 945.7363528867403 1344.7792183926501
862.812211916904 770.2164274552381 481.8904187913822
598.7955882906665 1648.0212537719892 566.3243677649939
1134.7521549072137 1048.208488675485 986.0657550800123
1165.1570495944188 1012.4797180793742 813.0839966755312
999.031120006083 1381.6659576814525 1166.987418553843
1079.332006276604 872.7027177071477 531.4207180435965
1179.1332924239161 682.0462113141659 810.3137544849923
1287.7892205383669 1299.7621030036073 186.27486588925146
1193.742161440686 1008.7877174926201 861.6579157478903
1055.030619652962 744.7097385141162 1262.7762686160283
1070.4092550641274 1230.3125591296798 432.30406464333157
944.0850183442182 1103.443352725727 852.6853804343909
896.290771481476 1133.5358773621338 168.14303278883014
1312.3743473139475 914.0148184406399 871.7886906063792
1176.7285323423255 1252.1416245442936 1309.0907397122414
1120.0629435073051 1084.3499796165859 784.278120191001
896.8733405146583 835.9514339948066 1223.829667036361
1159.395214270384 1137.805692081697 750.3310719504797
715.8265860732683 896.3485381719481 1232.2887788052399
1129.0000767067513 778.1429453450918 9.83351116536907
1287.4781689469894 1173.781621660762 1240.8710564832086
801.4892418235593 861.9263260811836 1331.550954924572
690.726973952198 960.991699354111 387.9987846773642
1228.7651377644506 718.5237342547489 1078.397947999002
684.7070796096084 728.8266861688339 1100.0700108176043
905.0147266797657 732.6502468031881 961.9768068659297
1179.2896935071108 1307.5913202695644 1058.1126073260036
674.0427601906031 1009.8113093836419 654.7767522953923
1012.2215188602787 951.9126652482936 1326.7540426671699
707.0420097060596 953.4767771132837 1150.5530005703815
1145.1744080160522 1519.963000274764 377.43254507369204
766.4063009477095 804.0200175506639 1420.7079699262138
1060.2421498324984 1154.0447106132997 491.8657356849177
932.6423192915323 1048.9037873996585 1101.0289359786327
1365.874138768815 843.262569423456 1356.6617691064919
1522.921973485943 1035.3442830434838 1358.4114936867313
948.8464141105843 661.4801011325643 657.1062009856744
892.0430535487561 1448.9027859849757 907.4129817510182
624.2202405526925 837.9064030059001 1194.9934024874574
1130.390768982389 685.1420803983009 118.2195591075792
1197.116000167664 1084.041901244252 989.1874388760566
1622.5988192372347 1221.2825420711931 280.986923816939
942.2827789765203 727.5319335204924 306.7173449970187
617.9184195585508 1352.429177660012 755.7536460206453
1380.4864155376658 682.3234969852076 258.2756087531279
1274.1363515678213 884.8364079952397 1.8909114553883888
482.1654804105407 1171.6844493651088 160.21919554049262
800.9677871989373 910.086147539549 902.8920426034165
897.7098506081985 1099.4242511757648 545.3243425638582
1109.152262074246 1214.0017651650514 1083.000197674467
1082.9897117191977 1213.8972129061665 292.3085206582051
1414.3097189360496 1275.098759863881 285.02663176191135
1255.980700351804 869.0052054364977 361.006678895571
575.5560465875552 1210.9599265478591 1044.963021377936
783.5958556876958 979.9110129687828 328.31808767513866
989.3734092378658 945.7922210771761 1064.370756594933
186.2617592694263 1139.0520435057472 340.2825018681495
1050.8564341952315 940.6385268441505 796.5502880645096
1283.5274034033564 1301.8527751982656 117.19486245572725
509.4756854289303 985.1641926987246 797.2994188339167
888.8915894305736 1478.9130038271335 646.9627929140299
980.7243378541611 1169.6502262375702 67.43757723931559
926.3591394867332 967.7912509196535 1289.622395418655
902.8511648595961 1081.7597658349312 1489.7967734407957
1034.4336231783475 930.9153549848979 432.05104168694857
762.3217389043959 1216.498186181975 1260.077114636142
1207.8463938134532 1367.3111709024877 1187.7291057027842
1103.6443509515484 931.3115130805004 1077.8109908432318
989.6542540505152 900.9895598652239 1299.1687156533505
1164.9521472859205 772.8923969903377 235.52172720503034
978.6381303491976 1308.7849342017155 249.91195871106504
1294.2712595445028 929.1875403670839 1079.6607886799752
741.2090574185472 907.0789575987021 511.3776513772667
1224.7823049404408 1192.3899917281087 896.0458096026304
653.2980890818139 1056.2248707931492 201.01072154670896
1129.1729235443245 621.7313144053408 288.48629851030023
816.2942766652219 964.4363603094356 1002.0614106304519
859.0570908970949 1177.2064639684615 1396.117862510596
1279.416803069367 1117.1824820869897 473.6894417758703
1035.230395380703 798.0890823719349 187.84524278154728
847.3174653579434 1271.5283174692856 1465.2805206607209
446.355912626394 1377.353740130281 412.9762641156648
896.5804596664476 676.231338823703 1271.8452112869145
928.9295991501723 946.9413490715825 1118.7642586695886
1112.7482677211335 1363.2610479725881 1019.2232485323694
963.2085698600105 812.9676758409072 1269.7916097192444
445.94918166106095 1259.703273133678 1163.4333833694207
1174.3896065733247 705.8974187265005 621.9331296289058
1237.439204672975 983.6071672437807 1424.6941378825807
1019.562418875674 846.1692972068286 372.4333734406575
661.4778552857867 837.1288454586681 792.2624242892757
553.0918111847459 869.0463722835533 193.1920635567015
769.0427261913712 995.3662145666264 600.5446108834593
1197.6618588227263 1213.4785097524243 1442.8411335018677
1137.122908847455 706.6500621649114 1345.0366047779453
1360.5018455004997 988.4074887790673 226.8162092217185
645.3177857993185 753.3739468008807 430.803684766623
751.4469131582857 833.0549714681049 70.23975992085497
1097.5723215677024 856.1931176619023 81.96623600178748
796.440405149423 1022.9248328722646 1277.8037389975648
1012.7509207484267 1200.4619771422838 917.784437713463
549.5494995229456 1141.878866612631 12.849486848754587
595.3455119169084 1322.0579317343593 719.9295056957098
1049.8022780803703 1443.7473453891025 6.313435686608749
1027.60119359759 1230.4512102624078 1403.2395175250758
1007.9461242115727 1137.635265359396 1424.0704789975985
825.241983901044 799.538532591767 891.8895847478303
1154.6784827776487 947.4217534863914 1090.3777422762573
948.5507854593257 1209.8774730017287 480.44988741076594
464.7597329531752 690.0448438996577 503.3782147555741
1253.4293939795139 993.3804899067808 121.99872816912377
762.7270704261033 1523.170728292878 1139.979720530304
683.2739961309913 1103.346110711281 138.62629736642052
553.8946140108422 789.7745496009206 981.0520826005619
1152.1206791597233 681.7202942656427 1406.6095392202667
693.2452193053654 983.745137976886 1463.1643276168015
1213.8882231204648 652.814813736306 443.8456081861778
1069.0603577232182 1000.9704481161536 1428.1987419237068
740.2572642805648 762.3131906172064 1245.5996640704648
1099.3884092316257 913.8180943434775 1263.8575012667966
952.1398582101219 1270.7849146630992 1052.8377761610507
927.5874937858467 890.9624665673398 33.320145624709085
1162.988563006177 727.3166674572924 575.2611390707556
1365.9572219703468 671.7641225550105 794.3400950560982
1075.8457428026309 813.2643540172339 1209.9036766253712
786.2736689848816 357.1037117003641 226.85057266967019
538.2532925514306 1183.3607283220751 699.8365190979508
515.6568904760167 842.9999860769615 319.2871251506174
510.47142604360045 829.391189072166 1237.7890732099142
756.153727190445 1261.8831053964482 1155.9112842825516
1302.2378960176018 683.6180992322443 618.0019500552592
856.1097910766672 1058.7667150063169 377.24852944717105
925.6569376948662 666.0177784316286 1123.7259298097783
1140.6278081125438 1237.2873279501382 1231.396961109425
1095.037991226575 1135.7369836832047 323.88297434132255
912.9306097584252 1361.0086483710566 288.61315131524634
1108.5581850543813 1136.0229516350103 188.5928167797038
1040.3421141459266 1042.184640552617 1387.6084419875533
956.5637851929731 942.0712246586468 1060.2970743914934
956.722520884505 821.967964213331 99.08097770428265
1262.8668743422004 920.690342277927 144.4514123558327
1118.7117569476757 694.4191935444633 740.2866580739696
1058.1055130181157 929.2235216334058 443.8357640392157
1066.0452604574025 1169.2520650749575 339.63811262125137
793.5306562344302 1254.924900427367 1211.1871283087817
1114.4219704480838 859.0898576271104 743.0800025164345
1087.1479309794374 877.4004399935354 767.0333919486854
1310.1638500810582 1006.2945139251141 104.42133281083498
878.123343468 1036.7441878868106 1016.9831591744721
604.8590512406157 1280.5127561768822 1373.0690024138917
1072.4813878446475 946.5457399609082 1477.8412075767778
799.3566198376359 921.7053619667089 1024.273227993048
1013.5018438981684 985.9764056158854 209.56847894777718
879.5225935736014 1135.7762475110878 507.6271369582471
923.3153833712636 930.9979110124544 1040.264371801715
464.2738285019085 977.8982695038503 701.7009734348474
1347.308291963656 890.9144909940879 1083.0408646133026
685.5396911050113 1012.0680993652744 51.48550381671724
997.5306259085988 835.9727236617329 484.857680813242
637.3198304595637 1147.1720695483964 1277.2931547925036
792.9923646079969 1476.584959772957 258.2081478084025
853.5251788805465 931.8788158885734 523.5575514981842
1224.3549049244907 1212.3187215882692 965.112921826961
1413.1940128837487 1130.1455541364928 1286.3899160207914
926.9112589367027 884.260783280229 1199.0030231439011
1138.9463613099574 802.0267983153228 716.6914463031584
701.1374793401015 1017.3784512081471 726.2500483407322
813.3431142573338 1376.6240236860676 1191.9295464672996
836.8806499599893 1147.5125322351414 735.7067456628048
1179.478613556985 1089.8122596105009 486.51059595535816
717.3876838709011 1102.125147553357 657.812494397779
731.4298626387722 956.9889961157006 1459.589376076713
1319.916946879583 617.0789494786364 1470.3374926209867
777.5464059159829 1177.385849587416 191.19941645405603
1204.383989674961 820.6504468818789 527.1770718529476
1538.385193066285 1059.1386554588496 368.5454409519573
940.7923199375618 552.3539081849252 1340.2800940309016
642.1716838803037 638.0041562481413 421.0658480122303
1051.6056941607228 1171.2642655070997 1090.982485999217
1140.855457949267 913.6552020810336 593.8605119242966
1080.1346108586201 824.7839738325783 1150.9971493391733
774.7538196610572 937.6464544680339 829.6381462613286
1435.9499334812367 1029.8181204338464 58.17468067507908
1705.972202101726 1034.0162037887008 1349.4350771638567
946.8961791030617 843.7349663812637 1465.3524171521176
842.2989222547009 1136.16797123673 1366.143765476977
1106.015304759385 928.8242968678095 500.98608095780247
759.6590686310788 895.5259331050814 1416.2834071731643
939.8767660511917 551.5905122988221 870.1058267261975
683.8227530958429 1110.0813982107006 508.93190274864224
1238.1208510067736 652.5848575300583 77.71454514606319
801.3471014535615 735.5636431010446 317.8357441557967
1061.2992510276983 969.3129518886495 935.4156959177509
760.6632689449864 971.7242732805521 1296.380544608995
1744.2847335416454 647.2982454195983 1011.3804899787443
736.0782047436257 749.4615872907805 914.94879620705
1210.6240744598515 1023.040259034165 1461.5663337878452
922.3195243234615 925.0787344487633 206.00412461402078
1062.3712475335758 1561.1653997540693 1186.3766989060566
976.1854204739806 840.7585662054072 421.0102589238495
1290.3461552120248 1004.5852091968322 741.1049365041797
1751.8019013514036 1152.6679125862859 494.842533667903
1074.1621370378466 846.2300672700752 592.3686494084104
633.4645985524107 1291.6056444714081 1220.879969945456
870.8213146270232 1169.9240444703712 437.206671843733
1068.8634320672245 1425.6630331427243 528.694666705283
1654.4585349218528 1097.6356885542114 756.0891848089512
792.6789239695279 814.9372545596812 709.1555298026017
1194.128394635157 1188.0785670159744 1437.4548977899365
1315.456698319188 1006.4905936691325 1083.5376872123531
1190.5093841033422 1238.6571557781785 612.0446139013275
1115.5042149922572 852.0842326021582 399.048065015199
1282.4980115578865 1417.8482281262686 970.4229284269934
1053.2309109978548 946.3715032175692 665.9689903248494
368.83196447805585 964.986141714115 647.5797085638443
1785.2716143158523 1375.5727518859105 1330.7430110634034
1036.0699545650898 1071.1486536264517 439.4298079216212
1057.151606736389 1005.5217118646303 830.8388092040993
1209.512389774616 636.365959784793 764.3555616243415
775.4746042201592 1141.991011488441 85.80802721678715
819.2649765785684 1138.1677718147632 816.6109095114628
981.2632440056223 797.1398893448135 924.3223137901438
1098.6938407109353 1196.5113306636129 562.4845832553068
783.6145478047944 1128.1100093377902 45.1383611841471
966.5377795063272 959.441487710464 809.5887388916267
1257.562965023779 1227.8370627137851 632.4062864144175
876.7661549287425 1222.6402893191184 845.0812161705873
883.4014667734698 986.9086266730033 1301.6937050601744
1064.1135070068594 1093.2928693109857 95.93712215821864
983.5573333495885 1199.1337202727416 1169.733620328016
1321.2407021046777 985.7374278261245 191.73845080130647
1016.1609614713133 1057.5483166539736 1172.4957748049524
883.2811745788593 1515.0534673126301 179.21875268950217
995.2403158981492 1042.366243794506 132.84965108801055
1353.252875026836 1400.5522468913096 1293.5243075567157
726.8038252938927 772.1011584073947 1377.2479119335953
1398.5592835199743 1512.1989075031292 1499.8722740982923
628.2564205935009 940.294565596021 443.0141076715816
869.8250204616786 566.9379072799154 1424.6113082443912
658.3408413893849 1119.5148062301062 510.1139543861359
419.53390995092354 277.78059313010954 1361.3119571382354
1210.6488598152791 1032.687301802598 1416.6497651755788
457.99794160083036 1368.8881899647627 1466.5240308470509
1224.7538479377833 755.2384098709706 75.66130340822325
1492.4119342879346 1047.6728541182385 292.0918388476998
1231.6873987943438 1166.8233911897516 443.9197476374545
1258.0191652211647 1261.868446810192 914.0477360249716
938.7309768383589 1007.5770413323615 646.6839875856393
918.0445010896495 604.7193343062258 1269.0817524182496
798.6048601614425 1076.1193128729633 323.4078215240829
872.7143143249765 1288.6697888020135 793.5287382400701
1032.1933092847264 1241.2497499627311 1000.6738751889719
419.85899092295847 928.4794916486961 1398.8392734749052
984.003149813099 923.9287409402076 670.014351946409
794.9645132059336 803.9798977897476 1278.3847532347093
825.1313093380243 797.740933061114 61.31630319037712
1085.4479014149151 693.5986418544417 23.806925924890976
650.4735042261931 1387.6978078156553 417.4283219419017
640.1593385734664 705.4563468946848 1059.0374604361562
935.4356306262448 1024.3317611718867 1034.3503133029994
1090.0159897613999 1184.554536371903 1416.4936225822266
1205.689954335921 958.9211744930373 1180.6368412132222
1033.1537276069282 1342.3143645026207 1081.054396681069
530.7751671201434 1143.7298831268859 792.2586516653986
1232.2906104315744 617.3910534301247 945.5518410072988
1109.2385037783083 610.5054436329269 963.6454579784399
1059.735330873605 1127.269842979956 971.8487624650647
1208.23119810334 1176.0230712641612 1069.3880129072775
881.4837697572088 1160.5764498638166 277.37607812535225
569.4751663905174 935.4831960465007 1040.5635020661766
1084.8487337718182 1031.099142418922 305.7587929170894
623.9190096047885 900.5060520382768 1215.9188714243753
801.9945395729401 838.1212449746339 1272.0930789060974
856.3745800223464 1139.9735108555349 408.6663459578529
1211.6400634154438 898.6578481664252 213.6135309840192
1150.617919522379 1269.6960752640036 6.813481144088307
1029.4173235127193 1147.3156697083075 872.9523108510266
777.8462260432431 938.4371179489938 1255.613837743435
796.3295424055708 567.5648518960692 873.9915228754492
1349.706023461536 954.0583018365035 961.275057560903
1020.2644959461979 1148.9152417124417 533.9855603108707
1271.336867870774 1547.5633041524516 616.414381770382
1119.1410734697724 1348.455935098672 921.293797450248
1241.3104592825214 991.503664006784 1040.3074921953041
1322.1211793940474 1187.1568422275507 367.1149430071434
945.318780619427 664.6377912031439 721.5657191285754
1310.3631604316124 182.81111518873126 878.4170200359732
941.8820121196412 1304.5099286158152 971.3177424848258
1150.0029268508183 1479.693111251795 183.9900690110079
706.6619600655679 1318.96186720261 671.1229546956438
839.598784933074 1026.3773226316846 614.6921676904511
1047.002871163361 1687.453674615102 461.0052775429072
1011.5071438875808 1195.3746074527842 1425.7264309727177
803.7601631307339 1205.771348239414 1443.76503229664
558.8876089376972 1588.0713208294792 801.9381032178525
1145.5017281413889 1286.4056321536223 1266.7861208495049
1320.1718799676219 1240.198463268158 716.3676399577782
801.3033488642876 1094.5398844154292 505.3947709013126
967.2912882928574 918.9842728508299 480.73123503162367
1040.8243433009927 810.3072488842442 1262.2704004106772
1024.1189899988974 1119.9879373304739 559.8179034910646
1116.1428216903062 872.1928702403711 1251.1713492937376
823.0760614703731 1075.8395812748154 1074.219150056103
1335.6508434916502 718.262972632364 1432.8067383143891
884.8675100887147 492.43376687871523 91.30799154015389
724.638006204809 941.5589687507544 296.45425020071855
1255.167299334952 990.894734520578 847.8274093376376
860.0661769095321 1402.7421386738454 758.73853060476
921.5738777764525 865.3740982149629 1188.5567002938265
1213.7400791531861 579.6202554048033 761.5218672193275
1271.6698761181776 1147.037737549931 391.47451539667003
1226.0019438299862 1067.1302276177628 310.9779577565326
561.8839668142798 685.1918910312281 672.8051502159875
1477.955449809468 1233.4617283146474 371.9511752247818
997.7978616895424 459.752920533923 131.43640304566338
1089.2941063950952 958.9129196248551 1058.0452266041148
1160.5149724424655 749.1181793064072 1012.0598674945337
1108.757381871207 1196.320376798879 436.83853717309483
1050.0001759005652 1047.9185597243604 1027.4065280346622
574.7565802030155 920.9674472424797 442.95091163738243
1385.730989081514 956.1213923815706 1389.638275176279
1207.2629991640936 1370.6400670393668 1206.3298565164605
1057.2361481174441 915.8981972937048 725.5694081412333
1192.525935979041 1474.1241705649763 1219.0022550487113
1473.9038632198524 910.752043490068 956.8286021914914
783.3761429355627 799.5275498420381 846.228536346747
1043.8597739293757 1215.6253446930505 721.2561036337031
678.4395600757615 827.7338035080586 133.53219226549746
1152.5277889751983 786.4468082316291 1284.123908945742
1219.778103867086 908.440499844114 1275.0641645661788
1132.5497786524022 1474.8179174010588 245.42903910061992
1173.0295477751588 863.6937719595685 1323.762368128393
646.6395231877436 588.4695804486953 1204.9920381529055
1249.2465857041595 1390.835523676675 1254.7940809324327
1070.0637937778793 928.0982330560009 192.5129257572966
1057.1699789156012 633.8562655766148 99.57811251639065
838.2755406425147 687.3434880310031 529.1657756378328
1169.2143013404966 905.7435992166282 735.8471096746196
1148.7008293643526 1025.5348100352771 1187.7178027023417
1082.0010579211312 904.7887639716017 1476.5641002334676
1062.3091548608502 1249.2983985091416 1197.1190432839346
934.1637244138681 1038.9185188410977 1449.818466953626
681.2786140672852 847.7273587587318 1212.5134699880064
811.0971710730187 520.759718718668 279.3061597660806
1103.7754033849742 751.3731252283457 133.43306707777307
828.2460488254321 1182.4179065022693 875.1677806468864
795.9554577422858 1380.2847491645507 1248.5199699042532
481.01047604521966 1071.8848734058106 1016.5534757630435
1069.1363686162854 962.6966466522495 898.9242060491587
1029.9023522952991 970.6613283580284 591.5859261087907
1020.6075363637123 703.8016776433391 1445.454016011479
922.809589121099 1226.8434990997682 70.72462030068088
1113.459439081538 1131.375203724218 758.4826074459902
765.5867386028917 1038.551186624835 846.686048063726
1105.8535329133445 1103.4999530700761 369.96577108814284
910.5570780072392 864.6392619224466 463.178714427963
874.5057969381746 432.6230866225452 248.61459857385321
1112.8450139403176 1073.009302564484 749.248432968622
1238.0150291786633 1078.7629499954417 84.10188487159238
1011.0015166000321 1281.2569031493872 1463.168975054853
795.924384166161 1193.5776489850432 559.9943481571737
1160.9763618137686 1142.9196570075 22.6969573085572
1295.6361089819231 1155.9159349956271 985.1628075614612
1070.9205764991725 1110.5556292469864 159.9516507276576
1051.1337338900905 767.9463661376305 289.5623728735928
840.0097817018935 1434.4286767939493 1461.5033749099841
1100.1435718191672 404.02051407660156 953.2210702928415
964.774262253006 611.212282310028 152.01228561519625
1396.051609948596 738.3610395386371 1455.9262158547315
1184.0021987985594 1090.8055530903516 243.18400681269452
1325.7743241627015 1195.8734888771266 452.3264418837828
1042.7941253014906 748.4257038881901 786.7157306966644
823.5208844121471 771.996821164932 306.73544009198696
1394.2498614492658 613.0119464819834 1412.6101073922619
632.627673868938 1051.9633851195838 1428.892310011914
909.5256586720019 936.8919953665019 1285.4346849475285
858.7777194890926 1194.2012016740318 231.0274454492368
1707.3483186373614 1308.4429561066922 819.3402303107642
876.2583896792581 1059.4555285503106 352.1514577552124
816.9550574689076 914.2821638157018 118.27014968082483
747.1333877962005 845.0372420645178 121.48569203396897
550.1360727838635 1310.3822218893652 715.9126881159157
1139.3257485600232 621.357615776084 1360.830284831222
1578.4555140009102 1192.9623681948738 487.0793116195422
773.2416970086663 865.4919849944126 920.195834634085
377.4368110730951 810.2007802766738 1355.305110226544
813.5050681022915 726.0681793955046 436.8175710833317
821.3372768254424 776.9008105675246 332.2271213720599
750.7998700905989 846.1913013584569 522.4182400866896
509.10996254407615 1083.0070025650311 640.0047355776295
1084.4126845972246 858.2290312161751 48.703212737791105
1338.4789504293676 1294.557960282615 636.5775587891798
1042.120718375483 746.0405867128758 1465.1286529966146
1063.238302627553 580.5273037756609 1358.5916539815069
890.8305102921736 946.2606269776484 650.0383401713287
838.0791269618826 1155.171094556471 222.58671802660535
1255.5675766409793 862.5816174459583 207.1940185059481
861.2357376570537 1241.3238870428304 105.03574997031801
1126.3288713075115 737.0765452868524 353.60130522966836
708.9650498608878 823.9899210323827 30.150320115852836
1084.9644100264568 815.5316486153106 1109.1431741095887
1007.3194560726503 1360.7736181933515 543.7827024257014
498.07674284472967 1047.1951004816976 299.60885268765674
1138.9462299435907 1140.8106337096594 588.3693458395953
727.5222725520719 705.4659898284624 1249.570508364989
545.4495442767411 1039.9292755035667 977.1176834414981
939.5219572601956 909.3351536881672 615.1086326635324
828.9372037479679 966.5222251252159 962.9961480869003
1348.7513926655943 916.2577996303553 1272.094025963864
917.5662706422999 903.2739842654194 961.5862236202698
1020.1045370893241 936.0466915642659 511.00479589898794
740.079359011517 1037.665613358943 961.7958524555318
1111.4584645150821 1268.1585302834515 649.7142318388668
994.2248571592531 1116.4728912374146 116.03204854061138
901.052975624717 626.220664314004 348.4289636301044
1369.2097436347785 845.789628022775 413.20249741416575
1125.2448757867098 1018.3322765540464 1265.665228117684
1073.2766654937816 1039.116453309239 212.5491596343032
917.4727558068616 967.7992629665421 539.005583500002
1050.7854374741567 1488.3147716906528 577.6988785891986
1050.110124162732 653.7968733773077 1233.3303662520434
660.8904256204237 1232.4700516961905 1389.6875089476184
818.4119759260905 574.401143887675 1239.6044660550556
1000.6148482953388 1193.356394097384 1004.2598266166352
626.583578323846 1028.553319679174 1099.2127019394393
985.0139080450901 987.1275199211124 1389.559251027372
795.4559594761504 1263.319726971304 1006.5853703520248
1251.2326335974585 1075.3162528891555 688.699630461195
1243.994262399328 812.73637284554 1244.2261334982047
977.1074369659578 1022.851452250379 277.00065606792964
1098.8094343445584 1334.4709159371832 69.56926804263675
911.9952097168053 1198.7724320813743 1366.9688250791073
883.5899688054052 1332.3433559126436 1027.7071586384043
1175.61781376803 1020.8213221823235 625.6425257923038
1087.122382238738 1060.8085439749516 682.8363959177699
1007.5251387822691 723.8415968192847 136.38709896052208
873.5656892910313 769.8048149398189 508.9694409238685
1179.4068604780568 711.3482663391571 101.27503315416642
1045.1411390728374 1148.6138682671187 1409.6120977859875
936.1310130322001 1284.0232964444203 87.9850246481737
1360.952787384231 984.4218410385689 289.2243211920133
1106.3066906822899 278.94198063739736 896.2207018926576
1184.1740693454317 918.5166147298114 571.7198477123463
1033.68238371903 1025.346377964835 831.8453359338753
1165.5207145588374 631.3911562946639 406.52831007462476
1049.1021798092702 893.3371086748598 1017.5615434068734
1148.6727133645536 628.7753799503295 811.3916651735298
931.8635050377187 999.0156076877372 517.4703845844303
775.3847334864167 1079.7795843942172 188.45288847727858
849.3404166109024 971.299031858656 169.29736988503336
917.4876894390118 1068.6203027074964 1232.7483149268119
1019.7926305555994 882.6206943684092 404.64560664399323
763.0138519537893 915.6289183705721 1187.493620946638
1051.0830997125129 748.5936171446073 151.22616733000348
846.2423387672532 1075.6074622276492 774.7173669664387
1256.4520380064967 1352.3895317005165 667.8939864312346
771.3751041966553 952.784058041808 810.2674894113215
1149.0213106341014 1070.4617911012263 1470.0638267693043
1013.4547839765755 1269.1212048518494 283.2584138722983
638.6958108397985 1208.7179610702774 418.6750415846519
949.4743659480996 1401.732810209534 381.29122837409733
1112.1964246144391 1437.420303217215 582.263149498301
1288.5026422582323 515.9209184562328 838.4822129635136
875.6174262734735 826.2977398309791 298.40178857777585
784.249490554276 692.267737448836 1070.437697405127
940.6654042120624 996.3966323744023 1366.3765688620213
507.0017615098022 814.8852057909016 285.1413766825868
1140.060396004712 909.1573364286733 236.77912965787874
1054.9597511464506 1674.2915018535136 766.2236736086783
1179.0742919364288 1007.0636064172522 290.91815891575965
1280.177758638356 1369.2262949134258 661.7132987297834
958.4834029242184 775.8188448115188 1225.6632895178063
983.6081885413319 783.6260434963874 835.5109287191301
757.8242261127563 787.5735018621397 589.5546394201539
1257.8735481006158 849.2671937072347 773.3753921117863
1244.1508949737836 798.4258703349846 4.688171952041909
988.4358518915438 1138.5332303498972 51.44984994029067
1109.1354690265682 935.1857951307898 121.54692588963134
1128.068429363052 997.3591676381375 225.38954305709075
592.9237627249034 961.2653203666305 1092.334589888322
1450.0406786804515 1362.5107342294166 233.72279155404846
930.4483570555311 997.538857323087 93.05983796409711
796.230275860443 733.3521598962225 286.9311894591594
1153.3576068808918 878.7462755176275 67.89829041266665
1445.2564228684814 1100.668242298845 1475.762162049405
1119.93961582496 912.0432993564646 427.5589727994638
1090.5451268833972 849.3091325647027 811.327240956106
928.9105685656341 771.0761208571371 348.91965782057923
1428.631240403203 921.5950686932468 1491.4399695389134
1342.1644725611045 996.688608895636 1242.2087459376203
732.25436366794 846.1533056104051 517.7849573415559
559.2027209382497 1077.3931054139364 887.2819783571435
386.8561344133549 1234.0432809236222 1435.1293607221305
873.7017452084862 860.4518036740584 972.8906031262663
1163.7812878447426 736.1526188545122 1314.2886045972873
1183.413758928344 580.7117242421252 415.3337676372033
1255.5583375426218 1005.2017489091882 102.13104221478159
997.092911012507 910.3355829146992 1036.4392793842399
639.5317054490802 731.1557679321472 437.8484865663808
729.1169051509901 1172.5265678499125 856.3010795748269
1069.402034035782 643.760093107069 1318.114943617223
477.6017516025023 1209.757869783657 663.5554147278273
1245.727755484072 1129.0288879117577 717.8551808495234
910.2416540301227 927.2061197733159 56.984211159368805
1202.2470771371168 742.2793874369777 325.5360634383311
1263.2186319563637 1082.7822442319243 1415.0155097674458
443.92786737068946 1428.33446937694 562.8098467031125
737.4418312240455 1173.3981864245468 1107.4559770612902
1080.3540943691776 854.1252453190501 847.608951314978
1075.372337079062 731.0406753313646 114.65549477393921
736.4322841892458 1004.584054246764 205.03085612677856
1055.7172369193563 895.4940879925673 993.4556873652184
1233.038996194649 827.0507535021661 1480.6242371930355
1218.263415939597 712.4693938549565 380.5092486322381
960.1738578972611 679.1695519966014 422.51502623063885
967.9677457313472 596.8191080492506 547.5697978699784
1096.6221432342409 692.6691613515886 1347.9571387809879
1153.103263821415 698.808905154455 1371.1748045261836
1166.1606480003345 768.7435033405525 379.0779134259307
1031.2480168432471 858.7067600582254 773.5267432448784
767.328742887827 739.6956182864305 523.0533845099832
874.0893855009882 598.5540187662098 364.55808040068155
792.0767027258871 580.9102361569617 112.2113685969926
661.8855272624829 1159.9133980465879 731.3148640262852
812.9980498390316 1235.4900835560586 751.557947096942
1195.7462173642784 798.7755681634595 1360.0798504670574
994.9697432291689 1228.7014876934354 1142.2264162857616
717.4616899385967 748.5564407271393 704.5329552466301
697.1761119310784 1140.6397528052305 878.2760647441838
957.7338354475714 983.3532266717144 1447.4306531942484
642.83335669663 1285.3248211590255 1240.5833900604846
1090.517992653929 837.1588513617187 697.8323952499704
610.750633060887 905.9825973590858 123.09515155209976
1049.1911601661106 992.0180067831404 294.40370001619146
761.2809434934264 1268.3392183538826 665.8335074343238
1175.6579444930458 444.0948857597765 513.538849314072
1141.5467935746947 1136.9150276473283 719.9065085881169
1103.2573682754085 865.1642215473374 485.89696682820824
1190.1795885851761 677.5768241204466 445.50400024521014
1065.243805949277 934.2732116950284 640.0733299828612
792.1532137489532 404.98719632238385 267.86157587221857
1018.2619808312088 958.4371362225246 895.6620291354502
1016.5069900200864 1227.3874059900131 989.9796145524522
1166.1245084155985 683.8791740654954 1155.634453254069
1269.8760307512914 904.4919182182751 1007.0619921025511
726.3983509182948 890.5835313606133 926.0737910148688
918.0335158559426 1269.493141419013 28.268198392570774
