2000
893.8332154906494 952.4311010809217 1183.859416041989
427.210357700799 1160.2755409972724 774.0425680375865
962.9304872266756 604.7918552240199 195.09745865445132
978.1858759474808 823.6628645673532 1104.558429971003
1133.6065802547084 887.2219503670048 1269.7138438766272
1067.083994381226 943.3612504434142 1195.9414797237546
1245.2632832612892 1141.8795515479014 575.1552901055221
1072.3898920423705 786.4207232370806 296.6456939155205
994.2068734847371 1171.3804655764068 193.18644847176864
591.7272258362923 968.877685772021 687.1786394060624
655.3086222501634 674.0623970887744 1333.442398979685
881.8103868472645 752.1005259730192 984.6952786212728
1279.5853496369357 797.8626571227287 1468.6382813377888
896.2726317638695 1554.1470125500437 332.21812430322694
1026.1280278494255 1190.4977049545507 1029.4362129966744
932.6617701083953 829.2386639725744 225.8358208988852
1206.350851736614 1007.7796949483096 264.7831833827061
612.454662563676 892.6435773937837 983.451941211282
1189.0987879219338 1278.4677740009752 890.7104562193124
1215.4921319396901 912.2801838676255 249.3477959909031
994.9886379244059 1022.0914644932284 563.275286722499
944.2514362508141 906.1254211279708 1226.4510452573224
984.3180631325322 1154.7036497473161 680.9294181060293
1127.1228268732405 1029.4231225752305 1485.5640566738034
745.6738489297146 1321.388813984177 437.463372595959
1257.7173083512214 637.2738286055732 1090.2402178431391
1134.4776609666246 590.1903103153677 550.9080357929354
861.4913062229944 1106.020355753709 1408.396948394703
1494.5919144793984 1540.804421177068 958.7742845087948
864.5486244147828 615.3376077204873 570.8705073805163
1183.5746649642542 985.8440730350787 462.0369974969658
779.9362257487068 848.8330957068371 754.2031141879842
847.2697240918412 1011.3539056217606 439.81199329115424
957.1620615230041 983.9368057314153 196.61290448106473
1345.9445542049239 1290.2955508409157 1423.2639369372366
736.2813914061934 978.75990516974 1229.5680052607074
1103.7634837699743 820.2448845560706 1327.3325663154299
1070.925538595571 998.2670309406672 503.4267273786826
640.1509787965729 576.9794666081207 676.7870746307673
931.6556820313112 704.7642928765239 769.8003164271903
905.2682189660428 878.7583955403434 1002.46964411145
1144.7922209535232 1279.2361097982268 810.8493997037796
915.3092259406316 1049.8558688706448 324.11398544336265
803.2590963367895 604.6852933833022 285.31594353856127
728.098783361945 756.7052225848315 355.30901450778623
964.9234143988646 928.4721277634786 108.529137552484
1239.5671833657575 1050.786236473243 179.870020753347
827.3449761338603 1101.2284217303313 97.01770107341335
1035.6943432011665 965.4058303449607 379.3008077822331
1238.959529029959 903.8399503351541 428.12614081988005
400.582248089774 804.6604473709448 151.94528313175192
1320.4797612411887 1291.1082288523826 1147.689580969807
1203.3355158708787 775.0995029305583 373.33022512214245
1048.4570868131464 1253.0590289223576 239.16314553854184
1251.0130380776695 1154.1466607352395 268.6748567552968
949.6741801856622 970.5143405037772 1345.520959621123
1086.7040013259725 996.754224067692 994.1243472616818
850.5024920412311 1333.8482885136232 961.8679904919112
1228.2360647134315 754.1651602055223 404.7105906172346
872.7737317739837 1089.8187243712048 1301.8770517382688
487.2969953790532 787.5379327801409 783.4033893051288
1503.2408501242635 618.2790550924921 1000.3631546164389
972.510631869125 577.0937498404218 1159.8495067033753
1025.9484186503316 1058.1801728174223 930.9560724824338
786.517071415156 693.8427308505791 1295.6211513992948
1160.8876883918917 688.2196076602752 679.862556511539
1292.755483496917 902.5440579544627 1454.4948926405323
621.409869759082 1187.4915317449204 325.31266398447906
1234.992462290733 1125.877046019504 1140.2659772816444
957.9460589662824 1197.7542827661182 277.41716047212356
902.413113981355 1023.5900869625 181.40427984113467
1061.9235202125976 1493.601639469812 154.30250773914682
1074.3890478702797 1027.9385859132267 818.466424494547
944.8323948212127 1458.8275867159373 363.34050710540856
817.8353051197346 722.494697113858 331.06841025464644
986.2588200612117 1263.7660854407736 29.727181575523286
883.2261478399932 1292.4177116411784 681.9075264289518
947.9635399506345 667.8516374719667 1180.8072740469106
795.5397387634407 713.0541817435467 611.4794857113131
938.0254802771389 646.251754004735 1399.6806489802225
935.1086390502742 680.0632570677294 309.05350435990454
790.5690484952452 596.5433604279021 702.9890717057734
1264.6047781436064 723.5901098548835 824.6748926636698
1245.4146281018143 880.5821147269895 1338.46643610716
1244.189039801051 1437.0976973335569 694.9326858019372
736.1176719171096 1095.461026556331 1251.689205028838
847.8656580484597 746.5441500772386 1369.4053978397421
775.327911200681 1126.7697217626555 1392.1426892934796
873.2590284448185 1170.835095712106 960.8895916251714
1293.7520008864005 901.6368680969206 1399.0797360271902
1556.6035378790052 1085.565238878173 469.17171812743743
1077.7608003573557 747.6324097774585 774.5847287931231
1387.8088356388655 786.4062628312722 503.46949117703986
522.0616792157184 1368.7112342565954 1486.982731968267
877.3129019809987 805.4208079118941 416.15467728420975
883.5936834601541 1001.4384730435985 679.4198965808233
1358.6250118531127 425.277281884879 1266.6589422975783
1380.4526803773983 1584.6541541371437 330.0986251196935
932.1058336892023 1434.3117701339881 940.0762644384229
1301.84666593649 924.6154118484545 132.26670167910032
943.6777954797801 872.8509404956947 716.3142471660933
1390.8529122201371 1260.184286207404 660.3766854075318
1494.684148521134 1090.1818900801466 827.8776293132815
709.4763226122192 1297.3297395716334 520.3904966980431
1038.3620817980898 1063.821433932093 569.6269752666045
1373.0982076215485 921.0909162481067 1416.1205359020182
821.8808881808627 859.129842352346 1100.898251963377
977.9461685624469 1331.271392863762 359.9628069488139
827.1507448938082 1180.1555068959424 768.9200802421077
917.9580022410153 1195.2529324604172 581.5809439626893
1224.5924536516582 651.9012191325442 1110.653166681679
755.8937644430151 647.1071419117981 494.84996411178753
1202.9957826257044 1404.7710302995529 716.6447039216251
1197.6555666561162 1495.9330475175716 460.7206707630573
690.0845491323978 982.888234017479 58.93481976521381
637.8437554185688 801.3825700332104 1492.7864393991267
1488.4839735920743 1124.0275717946497 699.6409562031993
1204.6838801233705 1134.4322402312544 1478.7478631941726
1138.6579777212585 1216.4932096010123 909.5946859297919
1323.6227136883476 741.481966263296 1207.7338933281537
1089.3554031780077 1404.665681380886 1357.3830264355636
896.7088983830612 968.0153850761584 1026.4881712247009
1034.7434124078857 802.5717852513619 1106.4188050945986
1255.1417780801787 1084.1870322594266 703.6602783181913
939.9181861172077 650.8216175892961 1371.1038172607557
828.8778500893926 1002.2320633650291 1358.7487325268567
908.6202533552416 1354.834813482686 745.3172284854628
1288.1767157753836 1236.982185048207 753.0810856029548
1218.112344908849 1117.0799260525368 204.835197884651
1421.1260923805714 1189.1519483291822 473.10552964576544
1020.0188338982963 1158.332559327159 554.9000426421546
682.9001637181484 944.5333590454875 1233.416353697607
742.1746617788135 1191.4833581251253 192.89709225865536
1613.9304873409296 1089.6025041912817 1319.1088226404884
1099.008299655329 1003.9162164068591 674.4948039888468
522.3666598408508 988.979722114858 1000.9085899344989
701.7023780693701 961.8822338204856 209.65758923532775
774.4460109669758 905.0364482729765 434.52736785060586
1213.852359220788 778.9167732276977 133.63046934999284
1192.6076684212233 877.8645590712467 1222.4456168302788
684.8413309694588 1345.9346516185315 1293.2154859443035
1475.9261985157925 864.3553333413504 1139.3044587144548
796.6518464840495 447.1183949829158 1496.7098915209103
861.8484977297202 1081.9384363780516 939.6889462430522
1027.5747090058344 1478.085926412783 577.990039127058
917.9705179906297 678.7386907248213 891.3278725012486
711.0246213763558 1537.2914353728906 473.79184905873666
843.2834565441506 877.9104785972426 1368.398855658146
1130.8763753698431 732.576025251917 324.25310230170214
655.2058374284835 806.454348999926 406.98747221472263
1442.2988127872136 1075.1420854835374 987.9308247786616
1024.3105088730736 765.8359204561821 477.78479727657134
1301.9514947581195 995.1651240019704 606.6055116481551
847.0102293483124 1048.5638489106962 1194.980247727794
951.8179067296348 1020.6804208081372 681.0188115296877
1318.9852176553175 1438.1266586423676 264.10682768883936
843.7673796875 937.2130668789903 632.9666985687998
1416.854897183082 1257.1246278215172 1001.1598382484812
811.9130738220297 713.9063452918026 326.3989565773259
922.7628552256672 1206.0601323941087 914.9683630180253
452.3083771821109 880.4708304341508 9.6760011505852
1108.470569368866 1271.4498368502584 1489.8282316671343
918.6826422644004 951.7162844900156 658.1532250585472
888.6340351567966 977.3476862649065 559.4729753484634
329.19343143904223 656.6307923641937 46.35621832739722
913.7850694264239 1306.478722620976 904.7156631202585
1044.9798882928942 939.903789449853 420.60163334916007
813.0033380251077 667.3597294892929 597.1024992705193
900.1070643185158 870.2753857981162 105.59244699302717
966.9830410749586 1231.1524600650398 1397.8901238741664
1282.9535548755157 1138.5102304747593 1164.4523591318796
1063.06687227756 789.1201534850424 1112.121857459312
1198.5626299407058 1077.136511336717 843.617193095485
1159.6287609217054 947.5321486585789 633.1517381941242
668.3146999331693 1158.5472432234742 42.12523339592394
956.4839192521581 1252.9444663926101 1222.2294141893337
813.4598663588046 730.2747207835366 358.60299204606736
1499.2628878737457 1362.0283441996125 710.0534731808859
1065.4046458084395 976.5548246110053 648.6040492810674
582.3290412961876 977.5983296396461 1116.1492765001785
1172.0916425692094 1044.69726100328 606.3535902348227
1220.7375047142148 718.0787172453946 1225.1134809335902
1257.1616039342312 1163.362893252192 1308.0519661425528
988.93544281726 1055.0555091927001 694.8286122254282
1362.588636681427 1138.1686736589222 802.4723692749664
1063.650325070098 1163.2482468202636 76.4698765257129
685.3741078688765 679.2455551180383 1002.5333536256512
1050.7742981633 865.0176532574143 1224.5421476588162
667.186658308523 1032.964555290998 1393.5013565207064
1042.676100718506 1304.3386247973613 964.4130694225701
871.0562100861431 1367.0504536237706 189.87671215262776
692.8695466883139 523.3747131407365 188.8023382165324
1519.5739002993737 1391.946215948003 1370.387476960489
945.5389453306774 654.9816069512376 998.6396791174789
637.657784948598 1021.082091363472 95.67440879531858
1123.330147218617 1338.739243621146 252.87967359015568
806.7213569016269 629.2104969138882 10.900989500485181
1410.8406370972366 631.735274066179 609.4838684257634
779.1198907583519 820.2515697702362 882.0194405447406
757.3335990175883 988.3552681300039 1189.5598990992085
1397.62777857528 782.5887644302659 212.11527897393
1256.6908246710518 1359.196112520904 691.5659440066023
956.5711387515319 666.0217750771983 1461.6528860272572
940.6083261130677 731.6436747139953 896.4825643233116
576.5826037840425 654.1831357249778 566.1331398387871
1026.1758046033428 1226.1062669622743 805.0900975974712
953.5457023202281 1044.7640610333685 216.7104720079136
1083.8344361270392 636.4272144081519 1489.9950166500398
1246.9309162275688 1104.2267613193276 523.2939596548972
804.6766833790975 1148.3207380808167 832.1883275329092
959.7886690491707 843.0661062008407 1053.948473542239
1535.7105713815363 1243.5554212565307 1258.1698821583684
905.4925048412715 484.52318807757456 1288.7467812147147
964.1960239926267 749.152460053906 1315.2930599729145
843.5346322527591 944.0275084803394 1317.8968719815364
1325.5252822475193 1025.1199888842605 205.24048010698033
1126.4715787372554 1118.0045922805361 1324.875913309477
829.9449243092988 691.1736586837271 259.76028198701135
776.1730104135041 1158.6828610869384 377.13177674387697
856.3120702000306 1235.8951560166804 1323.0873961394295
1078.8135563184082 383.4371389036603 35.93111245092362
784.1894760098194 790.8173212324368 332.359032780856
1160.4260461457266 908.3789727139568 953.4546671593988
1058.7867282095885 1093.1305469988242 943.4422056733824
738.0869346841303 752.0146666782133 867.0877126532894
905.4665273715954 429.95638235586887 1114.4416629386171
753.5936283359498 941.9630255205832 772.1135992261726
887.7062943607536 637.514382398464 1370.4696068886149
719.8742136313646 1152.5330319667605 1068.7092242447395
648.4823854566232 1271.684113350407 1416.5009268881954
1014.8478343235964 1056.864772981013 809.4902670606618
891.0971011193735 958.8866344516591 1295.7930981957013
815.5059613702863 814.4874145039942 1352.8268606079519
950.3235605976162 923.7305149749726 89.47448251753376
1229.0028136703377 515.5423401238781 1184.2084723192565
1040.525473188209 777.5894667095599 1310.5487091635753
648.514220026596 1008.1117108817435 830.9563622048865
1093.9042814286106 1134.2194659461782 1194.0801702381011
1134.4065691834319 1326.391849085263 321.6338147244246
916.0915737449394 836.7312696001053 827.1795417749463
1083.524251636914 762.8497543693363 1068.0837813694445
616.3944184223227 1248.7090191251762 266.66294565498777
988.7658318130611 1345.5535198040516 1039.9739138475702
985.5598041033028 1014.8590621747173 553.9367331296517
967.2146340577772 966.6763980578173 74.14967794375582
1092.6105126226068 744.5747900075173 985.1667978430485
928.7257608281282 808.573852089053 939.5286581601756
1239.7618745702423 1148.915419744511 855.2251132319832
497.3007768486466 990.4598782576032 129.70057417539627
1314.1683921322715 1213.1437932191727 370.5375445550217
880.2968984289538 684.1915185273158 1463.1694084361955
1096.8935086157148 667.0858667419448 1040.0600948598399
771.8949981512108 910.4565238337395 454.7254426188468
1141.8815429462768 891.7040654359939 240.4107170946594
1049.1086556938035 1006.5221901791961 1040.7171988193936
1006.5651061783793 796.7463028266967 655.6628955423588
1335.917231447504 989.1647611122831 585.4165344705941
749.2999744475695 1154.7879202946642 407.3471249087344
871.8150869109522 999.9381145276029 619.1129646508319
791.4160288697395 1049.8576923936726 349.7724585824667
863.3886379524156 1129.4078079611018 1106.5692529073644
1236.0810265749858 1160.7695108260325 1409.9451146728982
918.6403453915193 1116.8368233498732 1022.953234187284
1198.4453780556844 752.0455274767991 1256.6750417939154
1065.8628841448333 898.9131290413136 1256.6328534074617
688.0234571228123 1225.5662685214845 813.9920939439094
837.8942204339733 989.1119265477084 868.0107901600787
568.1625717627198 981.600322354631 474.2745215701885
1199.0747562417266 1002.0129890131791 2.592105688118851
649.1425514459531 837.1712880350045 1411.9049576076054
1036.9908606117929 1324.8354752748928 835.567519415575
1512.930108613365 1153.658059044107 1000.4910259763845
1107.5747006794809 790.785681466511 605.9602728474665
960.0646136485868 521.7410787762872 891.3598417504685
1103.0328733082567 1178.1656633753241 625.1638964519734
1310.3762314246912 755.6012481927344 1492.2854928553627
504.2901178820395 890.5216344071249 533.2920783387348
1329.1400820586964 909.2047386617598 116.42775213811724
1176.014820962061 1106.2368125956596 1497.9384334666279
1150.5958260688622 766.2565764418034 309.75168282617227
1118.001879217239 995.6971781545934 271.02042272896773
1077.4073987970328 880.104637618851 572.5660034198422
1006.1842753693419 857.7303798102294 79.05710161332551
624.0137618550743 1356.0386252663702 1310.274019471467
989.6208711638585 904.6238784338941 281.51562013471784
936.3601565387288 1176.8428321558843 671.2914037030571
1381.882903976128 849.4857515833806 878.2639772308637
888.9264906030435 992.7762895826103 1203.3245459489451
1161.0922800503279 1299.0435214021184 1094.3610629624404
1017.0644697045328 687.2087877156678 1451.9580420102209
880.5925260990178 1468.0000983912357 660.9207989152371
1041.3113213585243 1259.0179998620538 853.698771039607
1090.862662492542 779.3071743022259 982.195887628371
1020.6284535136678 599.3582191756235 1163.3927019429882
1109.8645963877896 1198.5431040188712 1455.2715430758383
847.6704303685942 888.0320134265875 1444.6732504053114
1143.175585208093 1030.2010634113967 1444.3900006183007
1144.7517907559559 1404.1501983234184 577.1838045421604
1308.642705700816 1058.2342908089063 1429.1305166866994
894.020388650862 760.9200582334425 1426.3547914965663
1099.5729646833731 551.4272995600037 919.6704879496222
1236.9411327101652 1113.0699699067843 154.32977434612528
1451.874460548031 886.9558810481499 17.07240422765588
1076.7673654880568 937.5542583313793 1406.7882438297734
1211.05959443507 1088.056984628162 212.47634737362893
1005.1906751558686 1259.399236926998 757.7487749528326
600.5148341481251 1275.3396345279477 329.86603814424063
359.08780384276827 1162.7087840848217 611.120945435627
1121.8370750371498 1100.0107306561329 930.6741054758298
1156.2760671883964 826.1107707106129 1334.6096997304874
996.7313995272112 1233.5226115020205 995.5895457907105
904.0553441247121 1122.7247630596323 885.4006730300476
1041.6768172726345 940.0140417839663 1125.1008829919626
1198.7155076776642 935.594334605725 304.39798892473397
1166.9031065496233 838.0229842873295 473.3011479675289
1118.846478497915 937.8961264323332 760.0147517176305
1451.937252711034 926.3697347280903 246.58676461739526
896.2937856433659 1249.314592720905 1465.5741187680965
836.1834325761507 741.7869521421837 968.2849792232232
1323.2244827926866 980.8147258185119 921.3785763604968
685.4048665571863 1401.4879968388884 945.5410072707135
1116.1826779736582 820.024607568085 79.24551479657343
1053.7119418450177 1205.6020352478492 400.3053179495578
897.7692658984186 1117.1765503864115 473.3940749272474
1058.137179992525 1428.847557584476 143.203818137984
742.701236130937 1543.0858030681934 1370.2533326668793
1078.5925435375061 793.2500289513307 1223.8636748889448
654.2622273749515 666.4569910362567 843.1624382526311
974.8560995094474 986.342958798005 1204.6491537231586
828.1455649191207 1004.3701572603909 1275.2453152369865
1376.0666811267104 1196.1813455709826 1179.8832984526166
393.61808985361165 1183.9463433308515 1200.9261869397108
776.7152596630067 881.050923732003 1312.0254901299002
774.40023071985 1138.9356983939567 571.7667076894734
759.8236418020686 959.6981900103918 1120.0106903775766
532.2091730471004 979.9505948303402 729.3281358034782
194.78037822576653 1155.495475083824 714.225286839848
1224.601892697755 1026.1273721791672 1450.6501164066513
876.7000470261994 1005.3621758802899 544.6674071193682
1437.3067977907156 716.4863179523945 656.5650793072831
1399.7982852119353 772.9044548852103 392.02457029116147
597.7322153301424 669.6259945175088 855.0924226115728
1113.5039872605703 1062.662982395426 1424.6641127416012
891.2402855323178 805.5322189891381 739.7821379250854
1412.479597020088 1056.8733561247386 19.264804225198105
699.174756881642 994.3838016827434 742.6022262064212
1307.0623216203553 1051.7933343161696 43.19719877494232
877.678296341581 1261.4278884195194 899.4651783880231
833.7836710337926 1211.0903076648397 487.48638074075575
983.408083383112 780.0903336766282 425.9356272204902
1254.3203472202258 933.044364494529 1459.5012033451733
831.1689230819035 1194.7816991665463 444.6820107887702
1123.0746358055178 962.3746946621052 489.81281748551595
1162.3524843724279 718.4567506862259 344.971620573311
1068.8404334433578 958.2079270104563 341.81345707464993
650.1995293397349 811.6204537526088 1394.0822863485982
796.645748254581 1223.757053921465 528.7821274739917
893.3986575575145 711.9535689176378 506.36660946454276
1074.7804364456213 1079.8328540009866 661.3910315596672
1153.0955954127148 828.7493418841167 1192.5278298935393
1535.362891365538 947.1698048716901 36.81190561615205
708.7088057240888 667.5742915005958 1493.797436887806
645.8097441175571 1402.4595248231033 892.3822048601664
819.3467871936366 708.4119016552822 594.6933736026025
1041.100374269599 1009.9524261740648 217.763413555058
580.8093215059743 758.5576967794914 2.638550532361561
1231.3545442935274 1101.5578228204085 445.7232569785828
1510.7325928600642 1041.355290206286 443.1211260974501
1097.353730613297 801.1906751099677 407.0573867644073
976.9894278156565 834.3165982342023 220.31360927556472
1056.7774433177967 1295.1070859831852 502.80939635066363
665.0471730689408 891.9865070350446 807.8551415557972
1308.582111164525 825.1789431774997 884.8770850313689
1031.7199329107182 1068.0221533952936 409.69026599038534
1046.1689253642367 1144.5719068160358 134.37679779404482
629.6649061327812 1169.8326549995143 1064.0906800703356
708.9057716645776 1451.7249482702082 772.8024865872314
1265.2774541859596 1060.0462816551071 816.0954823727353
755.3829587578025 757.9133569340615 531.8702046789516
1108.9622820576315 1036.612899594602 1417.7628897671466
684.7452934471687 993.0183647405529 304.75636470223833
621.7083944664589 956.2828053950764 783.5899202418622
1010.5204259552015 851.3342092337631 545.0863983359409
1015.4674910810095 1188.031715931184 343.22259613222917
1316.798825243253 1182.202169117938 550.0816482596084
1038.3189875273654 1002.8164376497099 412.94766485232475
597.829515285903 938.657860587159 1245.6163618039375
1479.569654374776 1005.9948925498588 468.9829861922933
1413.4295777208179 838.1493887914783 1440.3763076169448
753.180261387861 1263.0291239256014 1346.8343511574194
1201.4956549907863 1478.925481180078 697.8199513580363
1001.1444489596911 1199.558030749616 389.1656873286089
1083.667668243812 1184.32477151445 394.3961746373687
647.241389660106 1218.0122243609953 244.8303926660459
1302.9959608279078 744.392816708511 599.0374935796239
1308.3144728469606 973.9720515584069 1105.1481700829252
1484.3098442544278 1009.4174702881165 787.2816893048516
542.2824886720559 1110.1832429599403 1419.672369827144
1096.508381495494 989.1740647349978 716.8829769365612
891.9325881333518 1355.5545632647916 1476.737461534368
1002.1154398507423 1077.019115483692 1228.3778195003038
1329.2401034309514 878.7528512866153 643.2835321156577
1265.0340832312231 920.475601338 1406.031583990503
748.7221432213465 1111.534146182864 1431.7393028898891
1215.474556905542 944.9149855381389 1333.2838564303834
747.4183904086799 693.9073909818493 1098.2390423953323
1395.863530722132 1286.7457191952442 79.42957825342329
1136.0334277395502 1192.8195974314383 626.9167525863508
1451.350682231228 1351.4415450682056 438.3161688582816
1016.6357398137725 876.6618994794676 1317.6620925481998
1127.7821623189038 1337.6909097014716 1463.2257611514037
430.3799996699189 799.8021721443434 1175.4766722600261
968.8518614872542 1166.6653393026393 43.09784234303149
1012.0088026162013 739.8196812744562 181.80949049390986
1157.8877482102407 632.8885596047563 48.804137344488296
862.6263804879181 1127.2651959482614 347.4017333392425
1025.325853155271 900.5394856807328 462.45295963887185
1198.3440665469047 1083.5626910390165 102.78504830448281
1332.1339187755507 985.3777521273373 1109.2924645434027
568.0233054648452 975.5193192616418 838.9670880307449
826.0918846039278 777.3187256777126 120.41343583834929
1297.0427338065756 1252.5330300714395 214.3467350316602
601.1876923573302 629.8762547393382 1229.283494357273
999.3191477963821 404.90191876778124 989.8288987233084
563.1009654191613 1012.2099149964303 862.1024338280612
1027.145408157767 321.114371718057 637.8034296730079
1508.086050887909 871.5211685616157 1002.7766321316254
1086.3972109661781 1076.331145515138 872.7503477009085
844.379170823175 1313.2339489495123 605.103257988763
797.0119777251614 1279.5392555063665 1471.8286703064573
714.7849943305669 766.426450538657 74.31227738564844
1571.648863189857 1197.8639918979538 1029.0063571784726
955.6825682271261 636.3003296178695 1495.8609877344968
978.9224402057769 933.2916335117684 933.5604726488731
986.7289407862379 819.0476226272782 467.2320307266524
1178.6629225198294 1388.6910826638996 40.45394012299525
1159.4287243563922 805.3134892051157 1297.8884166016064
969.8611421603351 944.3234749278329 660.5793698280736
612.7183839618501 535.9886266322694 1132.6421653747718
699.1209492624544 1164.1275172557516 778.1719272985061
987.6954732024069 1104.9608653767102 362.46385502024697
1274.3296546668678 1282.8099251175522 1125.0347777134045
1269.0956767274217 563.3781577479057 801.3437263761033
1118.9163607419437 777.2764016284355 504.750021855829
774.7165593911166 998.1216926261337 1298.3526383585365
887.664528137455 1006.7897497810593 757.2116663431012
809.1970471336997 716.4024178048949 207.0033367768422
535.4042565093582 1474.0724597820104 286.29569211069764
999.9327778838917 1389.3220564615353 226.32706933334572
1467.913130394511 1188.520900038767 664.2027398709796
680.4782127973249 1252.4351371858252 250.03995587748824
1016.3934348501873 818.1068757253495 627.3513881954248
936.0885704429425 1158.561851877763 502.2936723571589
1355.7570162096413 743.6081148462583 851.0213368562763
1186.1830987446183 981.7192102056457 536.8934860783163
1179.8379985147317 923.7639069740608 151.7035585101948
1053.5022832812435 1262.520216634974 1063.7234344714052
1258.7552637454219 411.2286664023826 9.549944751532479
955.210506402148 435.8546452412338 27.513240149625805
589.2278088658522 1210.7844964583962 735.148568148616
744.1719201107819 1004.4200562210227 838.1599117837992
1316.51236939933 1090.8177673637626 1461.7191422936764
1333.710834149117 1004.016556475592 1473.1056309312169
1117.6580838457892 910.1438835489568 697.3552451414646
836.205772329014 1299.9851514336729 754.1238124768178
1580.005421331949 738.6357006500444 901.6305545015877
1287.9001268173379 1107.3617063826123 173.41326982609283
1023.4077928563966 1140.9639807856458 1004.3949603768713
957.0880474914288 1222.6345140357798 1204.4012401172922
1404.7076172227485 895.4864150162716 913.6814753830815
965.9831369455684 1380.403064478122 70.2806343002283
909.8919558296218 717.7181299311237 747.3611340259433
600.6306407875672 789.7436697359478 46.36805718171594
827.9319554687278 1308.9305997529814 805.7219557288149
1042.337213728825 1013.068869597746 120.56752846481001
905.0324002458738 839.3010112702171 744.5307543182877
835.3176138313112 1232.2259986655793 443.04439186704366
1114.5734671334492 634.4739863701059 141.68240691561422
1025.0457414687503 1032.820175310996 627.4659640052284
1185.7828187368393 1594.6727485999809 481.9123474766645
1103.7985486535772 1338.3752215908323 497.3373672053913
1372.2738098381074 820.6556861211448 849.8058679857953
569.9117133503844 997.3927862720553 1379.6361621180888
745.220293443019 791.4023845933136 960.7679799029053
915.7310231816929 989.145596122795 1456.1209293635084
1068.535168918814 921.0014645412754 619.0335212104369
911.02032931539 916.6856634004433 599.1958405103928
918.6324962158561 877.6933998000435 1079.478156860913
1255.2335220985108 900.1764047724453 482.6201421307601
1324.688210450457 858.168644995744 741.5970233143726
715.7268064011432 1332.3551461273892 253.65227403956354
1373.6972087866263 758.3510831392042 99.13191611810129
683.0069098265542 1058.4995656237843 314.0669821265705
1228.3323735169079 1072.592880407989 1339.3608876439332
1045.1870702476551 715.8597481567629 411.6857445895207
1120.566277165759 1291.9605915847903 536.5908514981794
1084.60071282808 1034.3594875864474 1281.6594688664757
1109.8417518589715 833.9833269440621 329.305693507103
1060.2825022096247 868.6251263263147 1225.479576421776
924.3565385086865 1404.6527098130423 1448.2893012327065
1385.0142873735472 975.806978655518 1074.615554917118
740.3392329541186 1047.1934811426381 752.9191094946144
970.4347996643023 851.9615419124226 1251.0867477921536
1289.7352239493227 1042.4659084548252 681.6895263940052
628.8696008543245 716.1277939207969 698.0974421183384
618.4810923912414 1020.3284990133152 922.2820418976798
1455.0306752072402 1019.4328085708399 128.55442940975598
684.0406504595535 872.1660082464672 813.4679369242066
663.5085918718644 1166.2355994323393 59.56268584179014
1085.349115987402 1080.4349332985846 142.58611501727802
858.5888877253915 659.7668932401448 1108.4476207144153
1259.5793044496156 1131.4052579563042 757.5684644995134
940.5327718737758 1322.993176086194 1411.1894364299828
973.757996136946 1072.7222082625453 50.5072649581883
823.7411817359184 790.4466554463776 1316.9220126004195
738.5502160244014 936.232545537669 285.72089951639504
1311.075206734269 758.6272980322617 371.1973885547371
926.7037599927821 665.6587092633131 1481.5802088024348
1426.1677970388826 1139.3584003855028 906.0596111227906
902.5566656146682 1118.0596664494765 588.7596145541202
1010.517587920393 835.1699902802832 960.3113769126929
826.1178676347116 1083.2095094526471 1147.5968353486583
990.1936298969194 1137.5962279155558 386.6181329329982
1252.0811385390634 800.2910659841332 411.83844627393955
1376.0328186550198 976.8294388739299 1314.3165436214072
618.6294874407921 916.8729268769997 1254.7553453825922
1037.634855206838 625.8646247575232 1250.4647003044595
1172.6189474084072 1208.0564292513432 946.9310380145175
774.2551682270072 985.8952346453834 1182.2751756057296
891.5826049920047 1383.319717443599 811.2163971961173
1054.9417566827478 1155.984258286206 19.26746893660447
1117.0873498300757 1185.6752636265944 233.04686529878538
858.6654574704972 1076.482469858506 1244.2298036673842
1032.0540146653025 1014.3297599446926 688.4950889688257
1136.469495688942 740.2863167437772 1401.1153627311924
890.3471969942316 1036.8394553102794 1182.061514288676
744.1462531373782 938.4749513836778 1232.5978369042573
1220.2188938340298 967.8329888162021 1079.8724487280986
853.577400388268 1304.4909371284664 936.0947731984619
947.0598946002963 971.2395124671974 642.792742709817
977.6352700733825 755.1464934510062 92.16495275722258
1390.301496613011 832.4422567044696 1032.3508226555984
1055.2206186710687 971.6856896992974 775.6847916833115
1344.3793169123724 1199.7756025222377 233.48185481816404
728.3578004370224 1082.9056151410182 176.7478240092441
1069.9633216117445 1383.6375692737433 336.0964108568729
1270.56817295187 1312.8544929995405 516.0904662076888
686.3843451384453 787.2609994172672 100.14916281214825
1354.5137324156765 1127.117279026265 567.5246499199105
867.9789329899166 694.4121469205963 1162.252427536219
1342.2129992488674 1005.3243624667405 762.9461727973877
882.9192648989598 924.2214009393634 742.6957199416026
763.4309506254772 721.5410810898943 269.0688056159921
699.2634481566351 1222.1284209270057 839.7874215801073
1247.9738768847956 1052.4275665286784 1146.2248556367738
1194.7174168046035 833.9558535977131 38.598817903376826
1070.5802067510663 1093.5072079837664 55.24589679840691
818.7041590306015 1186.1973358783564 1294.2766202298483
965.9394646911371 556.5175095558003 1488.5091247860883
1088.8758238923458 568.2721168768451 1152.981255025553
1051.3496212965433 974.1745967270255 1108.7189431090221
722.3192026394127 563.2476708162635 243.72601024490552
1152.026194644494 684.5098290523457 1343.1394594459955
1235.6870966035037 1373.7324278367266 369.0671763790581
1260.1454163140672 1326.2185670377291 1141.7451910755146
1119.373706910556 900.8487015534712 1400.9071742082995
1133.2546344699842 1098.1529551217222 23.487981603592335
1088.9351331564003 1240.976577107001 923.255504089416
1160.1307853615601 658.8498263971924 52.096146945218194
616.4867746346863 746.0163384491307 1049.0051359774002
1368.6906563681214 1121.6639934845973 403.601289824996
1143.8002711752088 997.6861890468715 449.9460388065287
985.3877161144729 830.315734389942 277.63105253148154
1081.531699966301 1138.991435405462 962.6925158042978
817.2001994173713 1151.918635315612 832.894874770229
932.8676995269489 949.3843995017346 807.3622955811354
1063.0652261830749 716.3292216311281 1086.5442740500828
1091.6883864815607 1329.823677108349 750.0241599645451
1087.85574745205 722.096346112295 841.6299897748461
1294.430046465956 1065.9606902619048 70.50269528522973
702.5650526403749 609.9604883184736 719.4248071386756
738.7132188285487 744.0585548014641 1381.9043379337293
1211.8625526533142 430.7838038434495 891.171452867556
560.19638141577 1077.63145745084 707.3328027756661
1131.6958539208365 840.7089301074196 265.3205289572947
1082.3845590929293 1097.6576003155426 686.2992117694394
923.2950590564683 1115.4098346375104 696.7141009234817
693.8868299791382 1005.1283743686523 437.5040080009857
727.295907394664 1074.4304087754824 460.34641112480455
1014.4900752323293 891.4321744444516 1345.271095832389
806.2431757365445 1450.292138156063 176.03530193177124
1070.0917878029202 1139.5325634099154 313.30323095816146
442.53267131475025 846.2159066020465 41.82940992313006
762.2854435312443 814.9334205364569 785.435223069564
577.0974368388413 1394.6152371610342 1200.5074772150933
937.4260610342074 1120.0552864582328 690.392562666165
1012.9157383701652 1163.5937385293564 838.5052822437351
788.0529732893203 660.1256458246247 1413.8230407870833
1141.6839613003037 706.9729810926041 844.4069369923271
875.4724622634426 1454.4059674513965 878.3123560273498
1104.8910590624969 1324.3894443408244 375.56025102090956
892.1498975652701 1164.3896911303314 1124.3728190582144
1211.7037847455608 932.7531770249566 1402.9704204121383
581.2016919832224 1100.0906471027797 930.1912471953007
996.5310680140491 1221.348946891256 68.56496671236373
1138.1648596346156 935.3168783287846 452.69548641110697
1262.2312609085986 1070.6101151095277 656.4631237102618
1005.5601145786301 1110.6029228705402 957.2363880879371
498.44281251509904 1216.450359253148 733.0601189176831
1284.5585038154154 1316.306848821172 296.83959263087013
814.6161599653069 830.4310091450639 875.0869491190426
548.7487283492667 511.4236067428567 700.0282152179528
903.8683321947252 1031.521702836271 988.4513640565644
468.46362328020746 932.3938789552789 1205.2299765772639
911.025251808157 1218.5869203718414 1102.0558844875434
747.1359404702141 890.1052265204056 829.956311268565
986.7256576034825 1145.9953224442336 201.2998448604994
889.0876874185861 500.5436313428118 1480.0407556101081
1179.8981664152273 960.647330613164 468.4577884747675
672.8014882720297 913.4149841824847 904.1124253907142
589.7930012436407 1210.7818879621163 425.3834241896708
1115.139048721158 986.9724088683329 183.16572753966076
749.2153818418751 1470.6652625398035 1363.4961973340635
928.4734005615337 891.4675291537576 762.8684366281839
1542.924224334512 605.4521486894473 501.52818456103057
1139.248036882645 896.3004566013115 1183.1041876026284
1210.5043391090285 992.7933888467014 291.72645455571507
978.6512024747166 1228.4496459257575 1072.3628970050806
1077.346647109239 789.1893173748539 276.54381382588224
734.2990568546538 804.4825685388766 517.4163360127045
1410.0395785427645 1168.7946854242336 904.042393168325
956.1728036064922 719.9415034881933 466.22139795087014
1513.364064561591 1042.7622532271203 1101.4041272457514
1315.521207245129 1138.6974666799379 361.8402257560957
725.469711207691 545.8389885619583 848.8218981537372
631.5117249470616 1261.524345801683 322.2590151876554
579.6448187300344 784.3942090261371 272.4594220916697
745.1512400686463 905.1778159710867 858.8276351915763
729.0413987919153 1166.6938628621397 1261.686819578473
1013.6512662465171 1282.236531400405 802.4131192474732
905.3100159193731 997.9882231254005 1120.6633671996135
1710.857853407093 1103.7092084665942 310.0038541376717
917.0355194573262 703.5232130960094 1496.2502612472967
703.2634095456269 1059.2943570525092 30.060136022405594
737.9964351048591 856.3913961563056 1080.565636083903
1063.8257691872711 953.7956645359989 184.1602478434079
784.715492395567 1554.9175067503716 964.6199326688259
1127.0926700546026 598.3114443198995 1141.3346830058526
1212.7279807468133 1330.7908155592518 1232.9192186973614
798.946127635323 1194.5902772478496 345.74398945548614
614.8573033536859 1319.8004827699663 977.981117431127
771.3539290357776 1233.5893167099828 601.7589367921832
1301.1534702414174 847.4375904692525 831.2482933443051
1208.6044587499803 913.7116180160688 1455.1108350055706
1016.366916606704 916.00921606634 291.6691076774768
1045.1675797412304 1352.3458898638853 941.3934675794767
994.4256935148427 1094.7168703246257 1442.2244855796791
1297.822032996654 1094.3495024865315 924.2995798239472
1101.5712735466316 798.665577947394 22.81048476053693
593.7295079421714 764.482136641633 607.572969775694
849.065545191746 673.5057307727343 1288.2126934309072
800.6436491919233 928.968679561349 797.8048646934731
963.3266269776369 1291.0531023133735 1129.2719123157465
558.97550373531 1000.377967060167 778.2933849281328
841.5662005670613 521.3823428474429 428.5284297600056
770.798309599931 894.474555640868 955.091912359313
1715.9518217523207 987.4116530063926 1147.8415428582584
640.5732829178461 605.4335844601604 460.64775653258056
641.8110840549189 861.9940568932759 876.9842291860567
685.5189153286215 1263.7223398227482 1101.4444319246143
578.4326069964861 611.2319232210552 16.15022204779387
1104.746860811116 1083.1625858219345 6.3342294648187085
923.190512406054 670.310758223199 100.72383462797535
1080.4092381342139 994.8070564616628 1255.5015281938856
523.5373035224009 824.811044433785 1375.0642720567855
729.4604332226955 1061.1728895992824 296.2969698628092
376.07266745564766 939.0899683079952 448.7590955372704
1109.834526979275 612.8587368703543 824.4729448733215
892.5750594996682 1216.6702701846734 1426.6767982463512
996.0908934404256 1326.3406305855437 1230.5543172223604
1551.8526546023932 791.8280192463691 93.02894307875226
1126.8156754712957 1137.3895016040499 247.70288883130286
1458.1341684973268 903.0161715401518 1126.094919200944
585.6029814991775 1106.9035736141823 641.2042834527823
1250.0924185868348 1430.9651959550736 474.02600159623404
1352.2287559579784 1011.0527965915923 535.164554421226
1033.0913938043782 911.7350185017324 882.7233099964812
728.9992470463799 813.4452315846547 58.80036454920584
1210.612232823145 1350.5109936907636 880.6382668379086
1084.4015500342186 998.2580124968434 16.236890117420522
1067.6165754514618 1172.5355128988738 732.5173300861301
1226.3833804981527 1069.5833544316995 1279.5709903303148
1028.2728805590843 1375.8160400253362 671.3203903097865
763.3473626066374 971.1834281334845 1360.3528050652933
1284.9587623551017 1075.0333762213481 1083.1131628929918
1109.7506339739587 1224.6696332122588 410.85037378209284
1226.6399036621772 1283.626635856539 1043.0621564609635
1016.8541971811245 924.9286762381784 1005.7070815238231
806.2645890664913 799.189970405783 482.1412313716921
1071.882896539555 574.202059705879 806.3391246114987
996.2049914062434 943.7357007262393 1334.5496036002528
798.9216972329627 817.4151439990948 823.6300472281248
609.577897710705 1083.2311432971846 1478.9020762823498
749.51606869853 669.380086185158 658.0133815514639
384.0355694470511 810.0698737722724 1173.5961433564478
1110.4721459150364 1437.3662647739252 502.6527979335268
821.5458066036156 972.7897828581226 586.9027259586557
825.9025923876909 1126.2415901235645 1258.9527050228667
922.220474453764 997.7689999876881 341.3219944362705
1002.3001437912956 933.9431326198189 572.7428241207668
1423.6032741079325 826.4378852314522 752.1170288743797
516.1161837631632 680.8977823995796 480.6912548259033
1194.888467863594 1380.3593344510716 127.88714938801404
1008.3972816968374 796.495556588942 350.83234938348363
834.4768004036025 915.4415854128085 1280.724439815806
994.7195578327695 717.8673159713705 377.7254656450161
736.9840933919161 1314.5288777333942 1079.6226986677743
870.5846406070531 1141.5019499989062 82.33792858776661
1287.2915438106602 884.927424548382 1176.047040349398
1182.4339563488859 518.6913543817683 303.5739559221069
991.7594471391519 1011.5417516064382 424.05469065277197
998.5128243896171 1250.0036922361808 1009.8323187401951
960.6847820859444 1192.0000909629093 1168.2236557247254
1581.4768384314837 880.816962294592 640.3660315646474
601.5882625234049 1072.3920047662903 771.4158302845776
736.3561933962303 1341.035360774539 987.9960276171707
807.0291928407722 1069.5404017616784 544.2809309096781
751.8456413652424 1029.7108491456577 1213.4988509683944
850.3168164394281 956.3906989597073 1040.2069067261225
921.8878571771526 661.8042406011691 356.5138902484095
747.1911438107162 536.9882927426656 775.2733532473828
1168.6765872904275 1011.7462425696959 343.9125410258056
1184.2862448583944 801.6124136351264 1305.947384766422
861.3844294583473 1180.2037402509784 530.0654690915858
848.8697279843847 635.0076643472964 1077.4966673814197
1303.5643333043388 705.8114589708401 1050.4334674290037
892.8604316881035 846.226233424406 317.7058174546432
886.7623688252428 606.495681781292 1484.6718816037933
915.0367627633046 627.8942861191966 1400.1936285410873
847.0824121226333 468.1103175790786 1386.4510819869522
1187.8428261244815 798.5897460484681 1077.105468652565
1088.5779985106042 997.3224588603888 492.57920480507636
1166.1984548977305 1413.7344117053071 1177.4009112378612
649.1052268267194 857.1869041177257 1204.759633847482
1203.7251296477625 1212.6624017751562 661.4820841574902
890.7813060579181 884.509564983002 1232.9103101197247
935.7227656730555 795.9328351752678 466.47077652921547
1556.9514169221497 1017.6512246668516 1066.0603205556533
1298.0740283670734 1236.906218112072 1313.4528812308852
1014.0004805013003 1040.6811109598518 366.5828291729239
1404.3901383796067 988.8023970951052 1390.426137850148
1092.555542409277 797.7804846327806 1414.5524837646533
1000.7222063588946 1010.3289614261788 24.3176393469231
695.1368078474386 1220.4418677947767 1296.22362216438
1040.8288081366447 1422.7053824361028 150.38813431539654
1295.1124401258915 860.2378700045288 771.6219267818107
887.4860156753449 1007.5217129110791 1043.8934438938131
706.6205359691755 1163.3160525391984 1290.8189617902888
851.4357272413781 969.783613240187 1367.4503268900387
1094.1217641491116 1041.3743845530046 973.0013131812598
824.3125814239438 855.6918446007459 967.985852294956
940.431952726205 567.4882029961193 142.32222206233408
1101.1751693791944 1347.9769194453156 909.2425049512651
1310.8951281120449 1302.6896896141172 368.8024363892998
1073.351090778041 970.5602553202004 356.29858541325416
773.4317306644839 1141.7542885853645 271.8164872980888
1083.4157949534178 534.5687906878857 784.9667582908596
1142.3235189960676 955.6702464618895 306.3515833937342
1169.6814849207517 825.9711471145927 1188.0866056904968
1507.603483949525 1414.8709517452164 1166.0201179561943
1444.34655472788 1267.651817622191 786.2858019745207
961.9226401180389 562.939836159094 510.1913668029442
865.0227916796817 610.0746371210364 1215.5224000949904
632.334902531758 1174.7980316652174 279.3601391042919
985.5926725902949 1086.8835454890154 1374.0450295600322
735.3524379981259 978.9050055365354 1069.7262281246888
1187.1806877576635 614.8763658620728 1070.4438301052098
1019.1168140198951 1207.9076892977678 425.3768049465821
1188.857682742854 1126.6092610665794 1151.7683407574343
1015.8154808708749 986.5628105765061 1453.5537457558733
683.0900833472892 1096.3828253973159 1406.9671254571638
1296.1297347367595 848.9363533577937 546.7340340739544
879.2043793559301 1166.6044839748472 232.94439275841827
720.306671385885 1281.2011251643346 613.0531505233051
784.3574587919347 938.5911662085699 1006.6549082571851
772.3258744572233 439.39434578841554 711.11958622176
715.2214555990556 970.4332962289965 145.61772057267086
1322.7687079070004 1133.2714956618306 434.0769271399986
1136.8103763880213 1310.2847497422604 145.82824180843264
1118.4524042117587 1229.6334147583084 1479.6419701215484
835.8765977920202 981.482839558533 1454.6740845782522
828.2659127481439 891.1756821000445 1001.7058355269289
796.6255469450095 1360.2372294236277 126.63150622930087
877.414008811134 855.1468561106948 851.6283226491122
1111.1538072049016 716.075558207659 342.5907840810869
1105.246159375469 632.8361377082927 506.9067131748398
942.5477571373898 1052.6180295777497 357.96448265775126
926.1186480563887 838.9383874060663 601.8200168649198
1096.6951339666741 1146.1166888547978 731.0677630116267
930.477003180782 723.7425475166547 1138.3199547230402
1050.4500948927987 1073.4627001191027 1026.524230388108
954.5808940313723 818.855071519495 646.1197605815457
952.2671849136527 1463.6233131863569 454.176789688137
1249.9801690845425 928.2209135716705 644.3135937115258
1560.9903934509275 888.4624097955191 1219.34197540597
1159.9070814136862 729.4796511705556 54.30279750131894
576.3408331240403 1438.6311139299362 226.777312959401
1380.3580485146779 1226.89109855616 1032.3242722143098
1194.8416930601777 985.0586216118545 170.91089496539635
1482.3468760517126 1152.1082802135525 347.91879375755553
874.0871523597946 1161.2359646734046 976.8754090280435
1140.3780099745688 1345.9632353698707 1038.388912188324
1064.233520428566 802.7785348067671 974.8266557912548
952.4938980166808 1140.1528203180064 838.3991971919887
942.0202326991713 809.6541976424523 1237.0035006587643
817.9537250707193 1576.1079826797427 509.7444445336835
1432.60185827524 1103.8844882036378 283.635640631451
986.730138266302 873.9802496065955 1493.2872111304189
660.6805019988183 1255.9019615452978 1287.414600180285
1218.6586244612674 989.0201075501172 528.0730789232692
1299.8355250006086 1057.6131148750294 835.9845867582306
1171.3772704632881 1334.7552752579159 696.2056229402339
451.14504362695686 1342.9254342528163 1322.641758822922
1079.9468769841951 927.8370978672002 529.1449990437679
738.6569383313648 593.3450715649197 971.2128683702815
1121.4835646351978 878.3458138114945 793.638755911401
1036.6639900757839 1178.5587287142548 97.97425613360672
1509.7698245482675 767.6500512914797 817.8181181618642
1270.396688144789 1456.3110291758935 958.0152212235854
969.5318869368041 888.8025231778103 1198.8276148843036
1553.5103566460853 1078.3968972484697 278.1640049330899
1025.9433088504718 880.7700150634848 1232.3058531496322
307.24271777995784 734.706835504445 739.7811123689593
593.0408049963928 1035.0732536092512 942.009340180492
1115.5894358370438 1135.5678059084703 963.0449595306003
1034.666486492707 1217.1191907073003 891.8990878585583
1065.0938801844331 888.7193655590504 237.44730003942172
1366.2976108747691 753.2156909211574 440.71789117263535
1225.089640501244 1369.97673576679 435.94157157570646
1125.1302694862181 1204.391377130405 136.56455794537098
738.0186670224641 1220.4627998681478 510.49837029271794
905.7033083641103 1015.2550023329288 215.46865141437672
1278.5198103410048 1071.5092376221967 1461.937587253499
1371.1214319942849 1076.5459201639521 341.8382626400985
418.31112398074765 709.6081400410795 991.6069304676878
1063.7404686167304 1138.2363487973435 867.5155112239663
1124.3012524130181 657.3266875808054 870.1832643524863
1090.0868807981044 603.8286120871237 281.5432764615966
1339.7171802165512 1089.5950077497712 1170.3468565187165
1437.1311766652761 1382.762578011419 961.7524465507394
1386.2001783993956 1399.0277501833348 348.48034502324793
1141.2102269823533 643.9515717941833 1163.3991920013166
1191.8786385082003 1251.4282168855123 820.0158926973783
985.2106365515722 948.42317446404 1034.452454117851
851.678830957333 1027.8348941500576 81.70357681263208
803.8387490836727 1432.2017457174834 616.4837328486232
1374.969217817425 1089.791350084939 438.7327203959798
1170.1900702621667 671.0791098468295 1415.2283378541592
736.7575797207887 930.7450395334183 1243.7387134951698
1272.2306674055694 607.8852496750418 1471.4316436455597
1220.3466448317427 638.1749333758728 54.30039094295586
1122.5618108356562 854.8764500348275 400.1176211601043
1300.537349568496 864.3238927995111 988.0902528176847
1068.2942803400815 477.7234091753187 895.7796853116292
1539.8960911462323 808.3088124003217 590.2784609494418
1602.6273624251598 1147.7619013376661 1078.4457505378018
1024.253147066826 1146.5813981344338 110.84240780264814
1162.6321874959535 881.7770816842375 1186.173964652176
1198.4894670812744 865.6368262189335 456.10815963773257
1080.8280213219407 1142.8073490095119 758.3977007282405
1017.210443743393 827.7606442216305 855.548985800372
1245.9130862299946 1240.2176301876611 222.1912714405368
733.8101503314075 557.780924410453 1091.7356437873393
1032.090314472305 861.3618797156489 259.5123336278801
1054.4110393509397 632.848087261699 1028.1424448668408
783.1668713786399 1055.1015443406154 175.26940187686463
911.9779745745809 1186.5648480450632 1018.9264077263117
886.0075228415691 975.7293770036307 127.67905158292409
1153.1510705029516 1253.9871345999654 172.17077834413612
1120.695652533874 512.5924888064108 1292.5923468321953
1063.0555337244166 738.5999717463387 658.1424095727606
988.4194443705738 1434.2852773678694 228.14075220262447
891.6309333870076 870.2668508289689 515.095249178832
1250.9147390768585 1635.7146972826781 1068.9302662844304
1059.2408723929757 694.4085111380302 802.7977536559124
1078.386344810238 895.5806644708057 858.5218271785113
1026.1994057809254 972.9178558651421 1178.7222163557396
1036.028220511361 771.5510966855472 1220.0748208197465
1002.5739036805704 857.6993881615645 1358.1363026353984
1100.3467055850056 1118.9502633403727 952.2128705291368
854.894330191499 831.2361348136557 1173.6166375718365
1705.6012678368097 865.5393578968142 1371.8330365224513
1181.4255357067207 871.6838165374942 92.07798283777812
1010.4221847354307 542.1716083612018 1388.6317764385506
1135.9691302011863 1460.9610294547642 982.6285377709795
958.8066415032557 641.05754335549 641.0080332059789
652.0671739637703 708.7056392471819 953.7587136959727
811.7260541173248 867.7085840808779 848.2819704171309
690.3464941730695 1110.4182438370376 742.2313961844
1054.5130020143772 1366.5614516952887 300.04080088728136
1279.6140156985834 1080.230429552897 939.4211346489205
1035.4488566073337 894.9339381003406 1013.2962897734066
908.8910085163827 1458.21893944586 449.3887161455979
630.500284062379 1030.5090454940614 1382.7239275071813
1004.6801220107678 1507.9993436147377 1298.794237634018
721.7137811154034 1129.3134384412824 78.29838437912662
1490.227758257865 960.9937022465883 1370.1383760066167
722.1251650732108 808.5180074555183 89.00013998542528
777.5758361730984 1314.1865639367757 38.23954250202222
864.8897642702968 893.6050370369244 504.51298405346796
821.6386537571641 990.2224635962981 1348.0468036776022
720.4926377865977 674.7589493045596 198.68758969716038
1218.9996748226777 1186.165144214911 289.53474898004436
916.6715126621596 985.699245841291 810.2077959634261
850.2443841037566 1048.526566775885 1109.4928329932372
1171.7914680798638 439.9898139742596 159.83388193898685
953.0376554154034 737.0470262657817 401.0549377833095
1268.5418659245784 1378.3335144100674 1458.9815166480528
552.833428963211 650.8399218469447 1172.7050453133984
1411.495018551306 659.8575915432741 59.09056592163614
1516.821863674127 1074.637799440344 122.31071077017697
478.69201774933106 1023.6615545690765 745.5063094530886
1310.6638894947823 1355.4600623564418 402.35993658926253
1148.036672445429 991.906546090768 327.71113797131494
1246.365009155912 800.1828493307914 291.9868995755774
1197.4012630810262 702.6305306878937 1063.368893775692
808.9521367540519 723.9427731492087 609.540360122161
1031.3327001099815 814.4580794671313 389.71595343463105
1225.296440352436 871.4084635828534 674.2130564996355
756.4748345319596 1248.4574968663253 916.8925361884264
906.1430507823288 1074.0258909168317 405.995003100386
851.3370661857196 1146.9592954384748 1161.0689094450352
984.4322047755334 1284.73204223679 284.50205205530864
754.4826643818229 1115.7352653529365 258.32487711354366
943.6441338041691 1105.9851507613932 1348.9366854057523
455.6473542554188 1014.9547013927597 625.7724276585425
1152.20850472648 1134.618159411711 924.7437637902528
812.1274772022703 697.1757637252666 415.14757025645156
969.5520156269049 879.3107596445435 394.91780021515217
975.3923878191381 929.3154658305867 389.0792482670616
738.6574192505827 1018.0325431250258 746.0104862651629
948.8363318581463 1268.744116360856 796.8719548153787
478.9489870700436 964.9022035022654 115.77289529376728
760.689500426171 1143.1382041604998 37.23208243851139
1026.9777257736455 1366.4493423431677 1256.762251289843
759.2830371739035 1036.3624376162509 1060.1517975711643
832.7946598570281 824.1969328521461 1059.7744608732892
709.5578514432159 1068.4257888537918 240.7622423234488
828.4968920291723 1138.3266796857647 437.8924353865774
887.3294366405604 919.2644684000418 331.50482356334356
994.1285542011557 874.9544759889086 1147.24461107371
1049.8937735541647 778.1794116087789 568.1376690687599
943.6735504578481 885.5887442785289 1168.1380919518267
832.7378741764592 1316.2874521457961 803.3654436900255
968.6995063932984 1191.5418582188383 1241.9274756245138
1106.0291507929596 1033.187594014407 100.62093595659277
923.1356062305283 1116.861488844001 542.6158149300882
616.7553924914645 1306.6354179103305 1435.6581907425814
1198.3633155365012 1070.2955708511306 305.8392698950982
928.6241190244631 630.5035824358996 789.8704092704743
517.8557703114006 1262.6275042118968 1191.331480034605
1127.551783968736 755.1517589238872 1425.6192099408913
921.513280902922 1018.7566832226072 971.451113247404
663.4140535577101 1182.1440056878237 864.968263983606
580.2927386862298 1104.2074830039014 1279.1216887294104
760.410928772684 1163.3110269392366 954.4155875737646
1334.8056731358165 971.792056572709 347.0566870001242
1437.2921042849525 882.3982292980892 713.3208163818588
1226.9792611178943 803.4395647413296 1075.8728713306314
1307.6686886826492 941.0989597833959 1132.4384131932266
1405.6824823499328 912.9571252301773 124.6766418461423
793.0899347808589 915.964446525294 763.0166069379995
1078.6853003524407 1160.4992565416558 656.4013789443403
905.0906584982831 690.0152889150772 312.86497342400986
1544.0940246757657 1339.5509499833497 444.01330081622615
1030.6004650771965 1453.1635688541492 42.31686382570171
739.5884892088097 1203.4035156489144 311.26427230705457
837.2228281737937 820.160483239084 1415.2153240131988
1150.2369072524739 755.9569128771737 357.9012990559104
923.7202759885045 1219.7451030456534 275.95302480793623
1122.9722546255346 994.8032140771846 1470.0286607076866
1094.8435173822813 548.1060480278675 437.7461143767504
883.5223004313333 1023.6263683430261 308.4592704707444
1375.7891280120193 1234.2123032566133 74.91233730348456
700.0893225259408 936.1185521353821 804.6074133591958
1044.528361405279 1132.1808096867294 958.188874235543
766.5259538386051 1044.6790228854438 724.7038688538253
885.0491167238175 856.0958707670109 372.62210903879816
553.7848643344973 960.1826437276974 1402.2665691111495
786.8999944098216 1315.2064062380277 933.7960731294995
852.1884304565461 1395.8649937166742 71.45565821072525
1395.560074802695 974.2967954426765 1100.1417484095148
963.3654269158939 1181.5155261199095 559.4308148693248
950.9429628862132 986.9229955522778 1499.598677391401
876.9428852886109 848.2127945924158 1293.8333711907712
1365.3318991856834 687.5365230687391 503.42191234185736
1241.0875648266742 1388.0651821386766 166.34471382719252
1337.3420490649044 1196.6728678370955 1335.6479577834668
1372.4304959637636 748.4792460846854 127.80580048494694
940.5389952669024 1127.6292529217112 1236.9121962017957
1278.8956439878436 1056.8210511085624 936.4150801122711
846.3651219200262 506.7734316133819 463.6596975350722
1178.8690915037746 1119.0497376290875 988.3898698335978
738.8183335411318 1009.0160564775488 437.9939273213638
788.2910730897994 986.0102698885628 941.1681374222549
1312.6877555175543 752.6715369785209 960.7011785648308
719.9360230304953 694.8792611058087 613.8428308927976
1205.177815340503 1051.8712730374511 795.1565713822557
1230.240822021357 1146.1918721738684 927.940335115134
991.6901060363831 809.364633293759 1334.6479982385322
759.0084724717112 369.86636733202624 1019.5716405136536
1286.825347994608 1326.1404180055424 708.4734014737759
862.9286010981618 832.6074608476008 1011.2425492004895
365.97862941955316 1445.0737560702755 1414.32894452438
1106.4949091029275 1260.0994425597319 343.82733868837306
999.7235371253595 998.7888199333754 660.8130133771108
1064.6089379397308 604.4877380053088 1434.869409465005
1028.0762073810245 1122.8564378824954 18.709558435989315
852.2768088192872 1383.262347148034 1076.1087761594506
539.0686172433454 1032.4147483804456 1029.1357727563704
374.8576849513547 581.3604690712166 710.0559635287354
1062.3821312252724 608.5940195330722 1305.7684787018
969.3425437070545 998.9458907716856 240.60612410118665
850.5120037887352 875.166522441599 1247.043642440592
1020.152870674529 1552.6033830099968 367.70265720529926
909.6630386710934 1071.9039636374212 1245.430694975818
1040.6238458768173 676.5051050043737 63.10667438181095
1386.4199954931128 1234.1372891090568 631.4953456103592
934.8563669107399 1177.9156926072915 419.7260355680034
818.768915624531 1083.6803438212523 1060.9732086587528
1026.849269569216 1437.0213930471161 220.34865004956012
795.4233211209628 877.2933880370235 1.5879024509233286
1199.5756675467028 1334.0034334044833 847.1050862459979
1066.1742749117936 1356.0296967666206 382.69036861693957
1290.8437139791176 673.3444993555089 411.22182568604296
1386.6963832944225 1211.1481377449377 1174.1102741791992
1250.8865425065896 1415.660380360521 416.54659652427466
823.0951613133386 599.3619265212644 666.8181316566884
920.9390920162845 870.6936179181012 162.77721242224712
916.6420095631505 1485.503645144347 1125.2385946832462
1211.6845552092657 1031.625731068564 867.8853867331219
580.4368915940858 1381.27069264661 29.2183890200588
1084.9586974941703 1085.0812568923473 172.1009302242165
683.7653028458551 721.0128702727789 1482.0704173151441
1187.3359455576426 1236.9283380835163 1414.0644193123667
1116.6808378563376 463.942879486013 790.2295030015246
1164.3278163607447 1248.7849596202213 1432.7630794472084
607.638278511351 1117.1007608851946 1189.050394620657
681.1514702983816 490.81553529837873 231.03707303555714
1043.9808071129119 672.034358077258 1079.3033548452631
859.072510396346 1122.8820554528213 1489.4842871309277
1049.9861035698407 829.3061325179463 835.5278548945435
1119.978133853531 969.7920317823899 760.367279722121
1091.7585341785277 740.3979633349941 1107.9610282706758
800.6894470860678 1273.503568070083 304.52511708734227
1391.702136753431 484.84856533763434 788.5508702952178
1282.0220119169207 1283.1414377631488 479.0609842873624
1141.265931348767 1285.454559903642 1068.706654732498
713.0094462975699 920.7382684426077 950.1941980848522
1225.702050860232 1043.8681401886329 1396.9487347413985
895.1847071387541 878.9002562304214 1488.7021676835218
823.6822126626544 655.2536818698366 275.1279109718711
626.5570790750163 1224.7021570798772 534.7544894996105
1040.4802094321417 1262.4785875651987 1354.0478898462245
900.0472424702256 1209.790609857941 368.9937709184393
1052.6704616376076 608.6928829716715 1120.9853623085314
882.1717750449401 605.5919857382303 669.3283128176356
954.376477434658 1038.1471117463564 1011.6089081672012
603.0060397782419 1292.925909607699 495.76583974255414
819.4044022775989 606.6413722937715 720.1450861770526
881.6888480767553 1307.1921414669737 142.86122923436244
936.3701163520382 1051.6955499704195 449.3424402237052
609.2818805860725 977.4293430555725 147.64492829752407
951.635333185699 969.7425780325864 1370.9205313171763
1400.6215119574313 952.4440168598778 1427.704101355457
590.3166306492461 1135.8656136063096 1361.4479171029986
1111.195893205254 1228.1419643729269 445.1371656840636
1385.123901395493 1421.5205496348283 804.7255166059018
976.9163474510143 578.1515801789212 1181.7234569491536
1096.4015741905496 711.7467000039594 1229.8441145347742
810.7915774945438 1080.826604709593 653.2011441808213
782.0311135750989 1242.873933580895 570.4887016340168
1267.1506658321978 1524.5825058745015 50.0475920147821
1112.8190279600326 1115.2068303644462 971.91562786094
1242.9347105874083 1431.075801783687 346.8486427846009
1002.1223609775042 1079.6381607657545 234.33902363636483
1163.4959115439447 1039.8008457500994 1228.8235387396626
1070.9995855733569 654.6468019344645 1163.766343204485
952.1021127640302 921.8848607247215 462.76089436781155
1301.2741062052942 973.8423355375395 1327.5898015508487
870.2586289181864 1350.380587235395 210.2459142095244
1282.2210076112942 1391.5315288330091 701.7459224578456
727.7661222065673 1383.7878369765622 905.1943510514933
961.0370580486195 1280.342398644085 1206.6259638625831
949.9891530770495 968.4380427410889 681.0510628716424
1242.8754048751046 591.5750083413856 863.4552076628192
1247.0263235340774 738.6446148220598 1488.7408611660117
564.2901348358974 1020.0049308923377 381.94294889456904
1096.6607365524667 1140.6023732484641 1404.4558042791537
1185.7513125821113 1134.464189547886 1245.5650096473448
807.871747356552 878.8815116687431 418.68791336246403
1452.5774482596662 1271.274195522301 1376.751698462917
1275.8018549770732 835.9048653345644 467.9341744664015
922.1640642597444 1618.9474199774131 1246.3212795892546
1385.050268587995 1004.602372235284 160.21682586135222
1117.504654679356 1227.944641742664 962.1601278657628
737.715522603376 1214.70043670317 1180.7536206448322
951.3053764793701 826.3574218879245 18.302311801298544
1175.8592407881895 1054.6988257370328 665.5138460371954
1013.2839605230304 761.4099707499099 396.5217293066268
690.0035755191668 1101.9421940157686 584.4321661751718
743.3743544856935 1124.710453822634 1310.8631418512562
926.5575220841979 1230.7047607401284 1004.0782409314171
944.0362975939485 926.5668430621657 999.6493901123246
1264.012818688314 780.0859845421985 30.204933833489434
1136.1064713963322 976.4458778806505 1172.3303156530555
872.5998975610785 1236.1192082395587 503.10183757922
700.9714462028572 850.0723131778029 1190.0119429064096
1060.9313191778638 825.7869175735068 1050.5533639331989
1085.6573358175704 1160.7977917211788 333.1979218341877
1174.4726308650518 824.986781220322 319.15378615949976
1107.231615854462 1037.4675497087023 1163.3601643785582
1004.1061439859594 1179.4069382275925 453.359283788712
820.7671187083077 1073.498796216542 136.98936530440025
1306.1858220614095 109.03558759629232 1157.43225702519
817.636505444165 1113.608720048333 723.4200222629286
941.037416218447 749.358558922129 1091.2425664472416
951.1934071728178 1074.1098634588686 1086.3078488860542
1242.280118827283 1146.7401971978727 337.72346348700563
1398.6793246260713 842.736774084327 330.9750599145041
1101.0166225256446 692.7115918890051 739.7694239205501
1239.4497544126395 795.8742588952302 1461.4553096294721
1262.6822575638032 1107.0762850730089 1319.1815094370784
1096.5516355837394 579.0893731178151 4.186623622305541
751.4930275045414 1229.7865075393674 817.7891284476868
1418.6714800818024 812.7826545009265 1103.262187568816
1162.3575637852825 1462.7438484290487 290.0646360632451
1427.6647083742366 1045.7664232297743 133.43891670596724
712.9260918654622 1734.4962304855194 93.9906787643946
796.4326040111546 1062.1237737494891 815.4248833545358
1136.1555207910671 1038.0494757942497 1125.2979814151345
1030.3783689818492 931.7988894284657 1364.8689561119666
1000.6836072664997 902.0251041920042 1319.6208631994484
1406.1591073945265 1043.4767594950947 1345.7665023736224
1535.628821662784 1156.9444552417083 778.529696927675
607.1890974535477 891.9556298523094 60.1645599997902
759.5844642794033 1061.941955300635 1422.1056555329767
867.73470585799 1088.146519036362 78.25977228349728
1127.3230491296727 720.4388898496605 991.8796221056714
541.6814230994958 1011.8364601432911 58.99976428276743
1006.2354290974266 873.932324517592 985.4525108352321
630.3928625155054 1329.9068903934592 913.5131423736077
1163.7266370796115 1263.4579106087097 1303.6724103670863
1495.0687009484839 1320.6803869090018 1426.7862340810782
1066.3299142066228 858.9321438413806 802.8576299955091
942.0474170010692 1358.3351289058942 1026.9422117046618
1198.8665622106237 923.8248434989133 1356.1481665865517
703.290289802864 880.7770431745992 282.2825805669935
831.9393919595848 148.7878499165954 850.9286212042798
881.3014377173819 647.9149795524137 680.9961009760286
691.5840977935809 1167.3273495889152 1396.0595073514435
1016.6116698026036 846.4731637983766 1393.7312185121814
1088.044295554921 1045.7042250258787 291.28627490320946
1203.55026286366 1259.7598596526934 1293.0711188000048
617.6691261500864 1153.3083572154965 383.27982411066233
1005.7753340690161 1006.8202438190144 1492.3396519125738
645.385915221121 1265.5404524776827 1149.9076727266483
802.550478725539 1028.6725002525432 165.9948262663905
1209.8285376158888 1058.2201744621234 79.27919639967318
1072.5603172573503 1057.551196599023 1222.689377740832
878.37322019878 1094.5095378392373 1337.7658638615248
1291.5420231516805 939.5543738827133 1188.7627633365673
971.444345772772 1158.6016173710593 1149.3785093042006
1017.1880329200957 821.0979107748499 324.7047657609601
1236.3182471180369 657.4850858563043 824.687785119281
811.6360160171915 1172.8377630356263 376.5168017609434
1062.677882171853 1031.420613400945 1118.9294867972353
951.7469802576315 1265.3814436312837 1435.8531234933218
803.8512184722682 1412.7374159865485 1255.7057135704874
945.8399179470819 1114.816185553499 947.788701098099
794.0329303809743 594.1074143508938 866.7757348309167
1187.7518681351391 950.0272338351101 1425.099546126751
1094.0429828602526 902.5318195167517 968.717114762717
1318.256772521102 843.9716696307338 663.9503451650032
1059.3935670508195 1217.1118459848522 60.083112403967796
1106.0979618437389 1306.3511181991296 955.7763126526405
872.2977660943765 720.7288788862663 883.4064116981174
820.7959751433497 842.7484624403478 64.12135126433033
1063.1753387667104 1128.654543473302 1326.1174307146873
1273.1624845618476 1216.7111081526564 681.4274119576878
1052.8027918537734 1178.835418935002 530.1871314467642
1224.914815793838 1013.9626736473381 685.5376244455883
815.4362863313016 1226.3841949763746 720.173656722165
1118.5734636125217 680.5262034659772 1161.4842617359404
1172.1409071984829 1222.285769149616 882.3122572130136
1200.8427726990922 720.4190980505991 175.81327995068975
1024.3637966314784 851.5437524680965 354.19846555585104
1058.7378933863772 1045.035514046018 1274.9221468931783
910.3748026271132 1010.0379402754364 1422.0589658802633
940.1220497908271 1309.4726862704351 867.4838917146275
1082.9477243207295 1149.058843274087 982.9092930279836
799.0314057357762 855.1093950708027 286.16668716222614
830.8507353316186 893.3602812558473 891.5806487832789
740.6819948308985 597.8795505265334 1043.239665008541
1125.4054733363741 869.5818828459567 607.8364647627117
1077.7575581485353 1172.334805108782 1109.1606930834741
933.6580453333945 1177.859339746515 149.95621825314487
957.8710845973712 856.7722973587092 1193.0391933207395
745.7917109075963 1094.1218872837612 376.5143245019183
1228.1279695398405 925.526783954207 804.311863375729
810.8254663887724 727.6282498311341 712.0356269058277
899.7623779959234 1143.004561974647 1189.9252489064088
882.2797838808891 433.27764865237657 11.51896249415396
1282.8402515519138 891.0923101914211 124.73764321727838
1342.1295608968758 1148.0599697716498 35.201628750978706
1107.3074549199443 945.2330170222288 70.80746570136914
1015.9527337952038 1056.2946991775166 1042.8176234329571
622.9390019762859 871.6755479265607 790.2587327798063
889.2882921187162 1513.6693798937972 1401.1300524132787
909.9630640198978 1132.9201100866749 1061.3351036835359
1303.3381667574702 1047.345721759589 859.0935394272112
931.505965102934 1194.00105031051 609.3657227272474
963.1303528366033 1239.0469631107235 449.66529153832903
1342.3429965360983 1117.10733491503 178.72294716799024
1000.9369040337037 449.4438993808493 151.16274000643165
1233.4089729570019 1459.395166321975 207.7990950532514
1346.6503209805194 841.3177445805283 695.1969325854935
1294.3053629283413 1054.4508314839359 781.379469948765
777.072178187004 766.491917555958 572.4999756168339
1063.587311304781 1042.6151315829243 571.4060606312329
1063.735389423118 1060.7237825055547 85.36489605561009
1045.7044059365794 1415.7112059982103 944.8053113329202
990.1588792744559 880.8750342865902 1336.5944672502214
1071.2943426757165 1340.46619707656 1088.6436513616554
1195.2616268673833 946.9071175315805 624.1936039019233
806.776640760083 798.9348741700904 1283.4659876072442
1154.8286029146273 938.1447064902424 1095.65645893907
921.4766312108898 1065.8716819604363 55.05660348883934
1124.660272082423 992.9899578925452 910.6620642667004
949.9429642299083 882.6686950639447 462.5503094727769
1094.178906249075 890.1821088874673 514.3612101489969
641.5849679263176 1236.4569880860047 973.7666216433282
646.3135266141312 946.090801898761 380.7857643947596
1491.177254847002 1240.3834355754093 992.0912592523806
663.0216124311862 1168.7857943344825 771.311441422002
840.9784390450634 1068.438587433115 1213.8488474677913
955.913266864275 808.1179281684742 319.2044459147052
1363.812324571349 879.3916111459158 1345.0776136576003
1342.0256798991993 659.7304342542386 545.4772763763576
705.9039110282467 1434.5662079825224 1332.6749006607577
867.871449949723 918.2615243723947 66.95066486446343
710.8820621557588 1158.3141931274486 534.7005177061789
1022.9468587005404 1092.1670212169813 703.8406487845461
1099.9373558276 1499.0441292246817 20.86902657513695
1007.4276912004415 883.715440822923 303.855234850199
682.2369521012488 1084.9520259857104 1372.8489066104369
566.180359688115 813.2245757827573 888.3093595846974
879.1038363661103 334.1557548632695 50.95175467712198
541.077598337198 778.6162208753867 544.9033461366002
738.3488453225816 646.9976337430096 54.31265749552905
529.3000883455643 1841.6384214485997 88.2670864580925
933.1746749381662 631.0743919799492 586.5351655967328
815.8440149131648 845.8733133593097 0.35396563601253206
802.7327203867636 1132.639022437148 605.4421348977572
727.8351220395755 1091.4573493854402 293.84047569893744
1294.8589540602425 1087.0358132405697 1468.1031597087406
806.6066774430554 1727.6977378782635 370.952933155454
1040.6726416260112 1156.221772317289 1319.1050168885242
772.5296723681441 993.3518402900343 506.9043563331485
1028.4006063642005 1134.9172727243485 335.61551656589785
1364.9027079955736 940.2829560583822 636.716623131256
1236.8337876494575 993.3895485103964 1484.5778612423298
1051.4531588682692 1101.4078920980694 766.876438220274
821.2188391027566 1245.4102407329437 914.1882376689925
1422.764084164085 922.5260066339007 887.6003190080452
1397.2304854177219 935.9267787081725 961.180772172829
816.3307420280811 1075.1490974133933 245.57902944594767
1619.4059195432706 1170.6467602842547 777.3292367381993
1034.7363296568928 1307.9564847926522 447.7934784054622
1374.2625821554627 506.5549758978474 396.6997561031211
843.8388059151903 974.152991893488 656.5402871814103
1238.342256899615 853.2931855206285 928.9687208819944
1363.7475525115517 1209.9240313020164 368.98973146167305
1102.7041381397446 869.4978067203118 1310.556089344042
499.5432289895997 880.1918888277604 1218.984591235732
816.8380096371488 1057.5078950187396 642.8397452149517
1166.2478252628644 1349.0892227489676 344.68486454914404
962.4963432478539 1130.5592575043884 998.3034810890598
850.9563346246593 519.0450991467593 25.089985929902248
632.3746232135201 806.9627534751429 201.20579708138192
926.3578620341956 221.57589426368497 967.1472923733928
1130.6980936087468 1014.7207554712288 216.69687634259503
1037.1521551149801 672.3099062751869 576.8131038254783
515.99737789862 1151.7607862548932 1455.4744067120348
1175.742841381131 1009.3558404464158 977.9792895217215
595.5207896871434 1174.1081998906934 1146.80306665893
1075.7931644688747 819.850468534526 1155.0747389826624
1083.7003533697423 1287.5288148586137 914.3435151557675
867.0405160250073 848.3275540988309 870.5935365070138
1037.4537614424964 1242.8556312707265 509.4485262148574
1202.025236753209 1227.7605703558363 426.68981358644066
1174.3609036056791 1111.1695813251242 51.794478046661375
1311.967433637013 905.1497180550695 124.5432795135879
654.0456471841242 838.1644408150171 532.7618326998362
1067.2692126569539 947.982102357328 156.23050076797207
1240.2792885156105 1051.9223819186345 1341.1418133812133
1278.6917072495528 800.6578810577585 1222.2639414698745
952.4259170394052 1019.590122153095 920.2294906109397
682.4817059527121 1087.6235455100957 889.5137555045
1126.123552113612 996.8176731686236 1458.1096806336698
1241.9975783506095 1108.105140429739 205.07425047879912
978.1173105991035 1013.751018726427 477.81617776047807
838.2073907488518 1257.6432931722395 582.8163847582986
1442.6402187163721 1229.8765693655484 580.7685411347463
956.1532119984716 1185.5917003641189 270.1196747465985
1042.5467597670852 677.2171098481731 218.71982769860006
1428.1840918242372 1578.6500605300948 871.2452015635283
1113.4416913683012 1063.880808302112 843.8016506310074
1135.301014882397 755.936502893286 1374.184843731489
1123.2329113246585 968.94811297901 951.7950394016125
729.2507098276817 1366.2308700690949 1205.1874419813741
1092.8036548594698 1407.6803482087685 689.0863233597543
568.2324982030411 1169.121659195949 481.65601745252303
803.4427890733266 1011.3367731784165 576.1499304525915
573.012787016788 695.3120339334348 1060.9894130045698
811.6281343653947 1103.67955648876 1131.3660680379799
795.0399522006915 1090.6320800852213 780.5913188912555
1334.1443404319539 1295.0824991072732 397.32312601532493
1113.088760742784 1177.8829103904482 828.2566513726006
1008.623429853638 705.0424856944313 176.36805961371172
574.7403139701094 1139.0676789873694 1016.8295528276687
1029.4809199318236 754.5858951882253 250.6801171706231
953.8168771512069 1025.6550313499592 695.445961040997
932.1381439735237 1160.198757083761 381.0472375214904
732.5771256992605 1091.3893586344902 622.6675178078843
708.8642289606623 1166.4023033613564 732.3663016138171
991.6072432387157 981.4674212282323 714.96795758007
1051.2346120274121 1230.0291249422924 949.146912006433
1090.707939937353 1135.1126522658196 755.4157364436013
1137.3529885469036 784.358474157137 43.40141722603741
708.4541227775214 741.5427791586641 314.2156336412581
1273.4036049438246 1258.5032277566934 781.0416646829715
719.7413680724449 1175.8236138740278 833.0556322470006
952.0714311251375 1276.17683880075 183.80188702702955
1218.64684046781 554.6789555712164 1318.5540603836457
841.2044399700337 584.9784460230799 1005.5846140500267
1187.698864833055 1113.213350558193 87.38463144378488
938.721099331229 973.5996732001063 335.3529680886652
731.7346691246222 777.7217107361016 962.8014463112222
660.7765362828668 1288.9547217669574 690.6226142445576
1256.0005829678448 1022.7883476562861 640.3710266841385
941.1267528395022 1209.5886520868887 179.51483533347124
726.0148288534001 906.4431945756 1034.1182753367248
1308.5588904878791 879.6029099564258 301.1452198856371
1389.7385437795324 1591.2379020840397 1145.413879643929
747.8901412413443 621.1322228016861 2.876764831762413
1253.968012042346 848.9775208790516 907.9849802658022
1079.744986330635 1123.635868732058 1464.5928412107737
1581.4622281179854 964.0149410607146 344.8987173491708
647.8113650019585 1020.94411634323 798.0722715479727
824.2082134735967 365.0963641585057 37.507958812678766
1346.5833325031115 776.6553068372601 1198.412220366399
1009.3575089334709 761.2088423489976 1174.0037545612638
1179.5736397877567 1331.5249053090554 1242.1606542490522
1567.5501590878598 492.7860989250988 39.61490839551007
1111.1382272278288 917.5837647520966 1246.6703309482753
1224.37423461989 854.4990874758334 842.4896080514644
1011.4806111855552 1169.8457443270897 1467.5108491900414
469.8226224207507 686.5877787828621 2.5674154680787042
384.0381976095898 972.1223068062251 942.7561768679261
896.570808681439 1251.253383315394 280.33634172302084
1268.3969213622208 1188.4550819158885 394.6686716780572
1019.4506933237669 874.7706497628247 1165.5221116625787
620.6210244046285 1406.081001514772 1135.5535844991045
774.4170176287063 1080.6995641604672 603.4437259946156
976.6733270077399 687.7865232282746 4.71241097826508
1099.70881373421 674.0216234433556 1479.4393100896953
904.5159864332559 1406.7050754947027 262.30847255823045
1235.2687194830598 834.4261340119788 466.69773997615664
787.34225885506 819.1999628294009 764.6890227996763
648.903994470894 944.864691370302 49.87371489681664
1084.188181699025 1021.1934172467271 1172.6151386265356
1060.1307112212237 1270.3338470049848 1493.5969294506099
1029.1560503994351 1054.7099676204782 1394.1530652397007
1254.2272910687768 835.6552021750377 1202.1902145928098
661.2154185103075 732.727040155081 75.35665023715582
1117.4444774829942 1112.6098964114772 814.9164671742584
763.7929697051194 1050.5429048598378 38.4711198709935
1537.8802591239623 1194.7622759092433 1333.3418191295684
1019.4533141306473 910.8944966650611 459.25872519610033
759.6136950189491 559.5357219908184 530.6892650744953
945.6631796813202 1011.4749940087397 1300.7900061992434
964.2536307982152 1340.3573407833217 735.2350565464857
1441.9335415411201 743.3879985987769 1375.7704497466063
1028.114367125345 982.2095679989338 1009.2703020465032
1264.2331243777646 731.8905501234067 580.5321733459416
1139.80439745207 894.6721888216028 333.50778975209494
796.1863376230483 1041.4274979425165 580.9263323481155
831.7178380470974 867.3917521476208 570.2667365089699
1147.7053782646508 870.3973824798992 944.8242403206153
1178.4578308942057 881.1505884389927 276.904956398801
954.6593647334142 877.038872617202 1007.4396255397074
1006.5354838620635 921.9753862483471 196.000311246465
1277.9300777832477 965.9362777897421 678.0390345202909
1265.0355152235607 729.6539671031526 1105.1082887375019
819.2129236899489 1003.6741235296461 551.7162881635227
1039.8419941944974 810.1274786149423 545.7576320734297
381.4873931161882 1022.1827548905582 322.3173213546216
1355.4418359064964 1685.4798899353332 694.225315169401
1042.835478969482 749.230392720212 324.4706307949085
573.4564122297419 856.6296811295604 1158.2468140974768
1322.327566626271 717.7818836469584 745.7283702714954
874.6990027543068 1031.664412921642 353.6100286285163
1177.6640070234444 830.5361930563092 1076.762764945499
1120.5928079985235 1267.291891561136 417.6754529166758
880.3068018897687 983.3747742719361 458.7516951916195
456.9961854655503 1025.0830038101774 1144.7948006553709
639.0426767483918 923.078109097698 441.4584441685887
1196.0460685483301 1012.7501366190018 375.1690736216631
894.5190140577355 1299.1225612629014 1479.4387078592988
1098.8278438430325 1062.1400968631622 307.0411804932802
1188.5213576223991 1029.0164399564956 696.3844140138757
770.0310302013289 895.09745929722 249.60138325463433
1057.1296590441345 1221.5340575261393 932.5366823304863
892.4104375277265 628.3106871885539 893.2964225475663
932.6315670744223 910.627979742927 41.71280377772612
902.4127096637961 1097.0580022881225 224.28308012475523
1661.721935460185 1386.9045774202036 880.9926716094299
1340.8068154682 1187.415657699289 72.98519768091633
972.5197924022374 840.9117501026545 41.107871699931685
1101.1354153339416 1009.914681271827 1091.6830341174914
1526.6726854818057 843.1110349003136 319.5022909403765
1337.5564391674886 1153.8659707460479 173.3255969998726
985.4822524111668 1139.7636724569431 309.8841562771746
1128.726724585545 993.9100402955548 47.92952338362072
1137.8298812512971 1341.1539325959886 351.12459090765697
676.0880182977198 1080.8113835963743 519.5815021730264
960.1943771931575 1144.4926850553913 764.8198071980038
1027.477994738274 1049.1851521520214 727.2064089941687
1031.8887339038795 1081.0070424452222 1010.5475079666944
812.4652154878644 627.1818733562793 361.87837713316674
1191.9487244855497 1234.2266011435843 1295.9023740203436
1077.6638078664967 808.3957962603455 1422.85639517921
878.5976191721451 364.62426169140895 1367.9423892840973
964.8983107781411 1276.6467773724762 36.28361208197756
1081.1032408855249 1575.8286472100444 590.031407122767
1253.6313834767805 1216.2515589886111 285.84177158759405
867.8342271949018 649.0073521907742 1302.6765520678177
897.4084138167963 1190.508422318135 542.0483338798033
871.5794606638856 1219.545481544791 116.11095882293382
721.4037063880304 715.3401317952242 877.813072569685
825.9248602557298 669.3879482514963 1477.7212901414716
1187.0031580446475 1130.871057065645 589.6412798832287
723.8073656848146 790.0527349393003 924.9557208508668
1099.516350532924 847.3370065741724 879.3806695953162
1372.4074237911302 1112.9629282925666 772.8469220851721
1112.720679405389 1197.8292380796436 29.605237430905206
1183.5227773581619 1227.6578121539337 414.5820919063578
1146.7860507328578 1052.8916632073986 639.6331644836247
783.5903251424505 1303.859656336535 352.9905285568543
1045.2768745472517 631.975459372015 1458.4290603413644
934.5877245974452 843.6352864902397 983.108683972202
1128.9178881422572 650.599884922019 1204.6666440308502
1422.2487001782274 949.1417169310463 1425.9994086423837
863.3222483541703 1235.787418536975 1194.589305315112
1141.3606967858823 410.8283601625951 825.080185323293
1106.4869990309498 1092.5830961194326 1211.3260807591382
701.9315277328355 1004.873103430797 1035.4197795553907
981.55221297062 576.3235707642962 291.7028682093519
660.2374476518007 753.7756830435983 409.5419990899016
895.2522447317292 1026.6760210609507 738.9376460667713
1033.9354318191215 1158.4542694802951 127.76574164822586
906.9052977916383 1178.560186826492 1289.7096555872406
714.2832470075093 875.7514697078012 26.544637992520382
520.4844178042821 1134.0519141887703 251.02476736208422
1106.3607769800176 1250.465161747079 696.5885627410007
768.9747441515472 710.6620140888531 672.2517037083965
1125.1157550917628 681.9741404952517 912.9963461264762
533.3574627403378 773.5824731638385 1347.1238480631152
1266.819638320741 1208.1553159455068 510.39746520451473
822.3796616634156 622.8469719700473 322.37167943007296
1149.610211885689 775.4881492462463 1104.9917909126577
912.7464335977061 556.5815254020123 138.88642688949898
1281.4373024405518 753.8718091268383 556.0388778323052
1091.6506024043338 1246.7950266528692 806.5404763494063
900.9796446206996 1266.1997687288779 1407.1128276824288
1226.2616572890379 1302.8918620053719 112.00521031386252
1189.2243353144727 1517.2712109365184 923.5950649769966
736.913918446807 555.9639587747417 1407.9700739707482
1071.9748666424312 888.9580813458942 1045.9525734468996
836.044609860581 1303.0447022305432 3.668947089534247
1101.7235686564234 1211.3811685401197 61.00848659988994
884.9444362327604 1324.7775664369087 1357.9976076387243
898.1046287012097 1076.3708178536651 1029.618938839066
991.3477874034994 1103.5503699766791 756.2732046478983
1167.7901912642124 1284.5861338236489 1007.7815979206789
820.5254445175402 648.5736253300872 818.7231105776009
1078.4120850090146 421.6920317943502 444.3542627041745
1559.9016878732623 513.2828405802748 1424.6946224438543
1042.771879399739 892.957428916126 1107.2579138972146
1039.7610428028656 1193.1570612381981 125.60921809885922
638.3879953406122 1167.8974672712216 1405.3348130157692
1211.9714768551526 704.989677649444 345.65210085992993
935.288608394192 1414.3571849919 249.24369003422214
797.712448967415 668.6526183722549 1407.3749675625634
705.8994501008701 982.7926087130553 322.5834132555304
1155.4257569550691 1234.8258021898237 596.9748029212359
512.0288151609857 1079.894103001795 1300.2157354477263
807.0714762623975 1071.7369602420047 707.7474757998032
1094.4130224936916 703.935394595863 1234.0219860783438
847.8495798975706 730.7509764664748 211.33196887661813
778.0946195830924 832.3520776026608 289.59727636078844
1382.3184620226507 1285.8377682180765 1278.0167012107722
1340.3302263477253 1277.040459818148 210.19804327266252
822.3691532849261 913.9299222328044 689.0885736980739
1058.9582844117006 1217.9753347351589 989.7159575418314
1323.1797911057827 891.7687054758007 534.2036042764872
667.6699946290321 982.566705315856 20.03453619884221
698.2956288164198 930.9570717000821 1242.9578403461705
712.2938141147201 601.5347307253435 900.4337901422092
839.6180115307311 1358.4070128735693 29.902296380878823
1086.1884631931014 1020.0603233026725 593.7356398330115
1396.1602302455015 1373.03901159447 784.5145742169884
531.0186974917154 1104.221135579849 473.318951294344
1280.1293340815785 1171.4299009443523 835.9141010447286
1134.0637631295851 604.7688500106232 437.35395071256823
1298.9254703215909 1360.152072451246 1325.7302123814932
872.6763708775591 1151.5577515341517 35.38683261781084
879.1651460012617 1027.4772585104047 992.1614351017474
1000.4060054118942 1127.0981643427363 400.9588512717991
1273.2347275020416 955.413469100807 618.9045880511796
542.2450439973553 904.7016350916313 145.81804147575593
1595.9336844777258 775.1990751517347 418.1384726391151
1092.8689626106905 1153.823212899497 111.2995572298442
1151.6572041526174 1114.404771738789 1426.0036411282115
592.7980911681865 1001.4152475469923 389.38909702010915
1530.0265306703845 1026.0764490923984 27.63532972316296
1045.0361971622815 768.6143260062853 811.1735859716676
878.0014500322686 809.2995851959361 1166.1487689550183
1545.0611191880048 1400.5138605216355 868.580178116685
1343.4655976176402 747.7399903923679 605.2287327089192
663.5301677674811 926.8172684941078 649.504488921063
1258.1752002984488 907.9340331190983 173.5675264977165
1489.3028947428227 627.7642800264218 1111.2380897078942
1249.276663906159 648.7131934067698 47.92789822444882
942.4349776690051 1010.6786316261902 972.6070056115527
1041.3232590189132 766.2052562484927 315.72401690250564
1287.636732587111 1038.5888501421223 953.7108848167263
1125.9060072767188 1109.1319497726274 376.6539524509447
766.282766841328 1445.3335698604487 1124.3778614255996
1147.5427287748657 490.1948680755487 785.4551328061199
1235.194942051253 801.3890602131993 550.1979488704392
949.8202605469594 1129.580540071826 751.8299342060097
590.2593958758519 656.9059132173438 1218.8242710583236
807.3408424331549 868.9838101410252 949.171874066381
1169.4607986015494 1050.6657571825713 744.1495480777625
1350.3081184682464 1385.0639581109026 1009.294936146178
734.1268133514811 1292.7638276384562 1327.4039078423457
873.6631075029779 818.6233346361491 1122.2141464416875
1397.9796970413736 650.3345019089157 621.8676024510647
730.5964202726336 1042.3529633818582 1293.83838936493
715.5738432041276 1198.9914408300976 402.33806704258797
1327.1178186705902 1134.156739417811 1072.4239528173914
1083.3305216496424 1435.1805142575001 137.8494436575915
1143.5230766518446 1198.874849498171 826.8848448164844
832.8585210998694 1200.7920706593882 484.81574745255136
911.4929483401224 412.2185568661977 775.5517872246543
1070.5621604467972 1027.2299118199633 959.6919099293532
861.4747317707391 479.89756191589595 472.49235646955316
1026.152158490198 1358.7938046881882 1390.910367386022
1255.0077232215033 1008.8064753850828 664.1007310607006
1274.816459463666 1162.3233197432023 1177.0982418946244
1014.4581002866696 918.2529074789156 129.27133518342922
1148.4158200426666 1044.2853844493577 1016.882535760358
1407.5312647733952 1022.7212775296712 1005.3660731208395
1418.2322342583582 746.6451518672376 672.0339522677004
924.8393408342845 1251.8539407578828 1289.5061926631831
1306.0716592539889 615.7377602237779 1463.9640515489853
901.0091176625727 1030.490956593665 653.9141938795478
1182.7133563471775 1067.472793084266 1163.179570073446
857.1401211776856 983.8225332376604 508.969252634378
908.072149309224 724.9719988357315 475.96657717884716
842.6274276986686 805.0547606962133 1398.7046220992197
854.6969924899475 832.284971156311 3.3322706487831644
833.3383446757689 1062.266006984363 1367.0671127156959
829.630029634367 737.6834107430857 153.7894080149122
1023.0188842899164 769.1146956543671 573.591727541931
1004.7011813124531 1238.7802562072184 713.3530967484835
776.8602811833289 1572.9894662397762 348.93283031868066
901.8426877845709 821.2543731003684 1277.4668230080101
1051.3506323243641 616.6672386734335 27.22748739169395
1226.382174165922 1339.8094941662578 821.7971079967532
1046.4966730876074 966.3942892260476 809.4784208744987
823.5749183238776 1361.0414749955905 906.7677462017326
975.363354379292 634.3957874673797 703.5067697536739
1196.6485198645107 928.4657930963399 1317.639630881023
1164.448772525838 987.0863754418039 429.0498519829574
1110.3917550322242 1006.7111019840293 455.04554853059994
979.6662691984561 1055.548748096775 1390.951981559776
1294.7486121367137 1296.453236050524 703.9077146847106
747.9314387505395 823.0635059901438 954.2107023136991
1067.6288754704783 557.579162530431 308.7350865490155
939.5664810163594 1125.0073103168954 1032.132862774769
1202.186387100772 887.1171644301802 389.89089732542857
772.1968872453746 768.4364271336693 236.85046135202631
1292.4662471352417 823.9590368013586 538.5038575754504
1015.9603867500344 934.7786761027489 325.39731254342433
993.772810149232 1228.6046199328077 1284.115705598821
789.100004690989 1103.1605677590485 702.1754543344186
573.2236663012957 1102.1070372549673 434.24950662052055
1452.5304766823444 1151.4369461625613 886.3518815826582
1088.0110802895974 1099.719744574754 953.7820950978252
582.3794812514848 974.1411383192446 55.262652852029525
982.7495490571143 961.4223767105161 668.2482531077223
1067.6584689455303 821.7858825829653 984.4957833907515
962.3853195434062 1056.2954056980407 459.6745386677441
1274.0240823198465 786.0888345109361 1116.16962372433
1236.8672297370235 1155.7586024234408 152.95146755656125
461.76814777241736 887.6805347396328 592.9929341312551
1073.9560226313683 1047.8197618576462 82.52791346873568
998.0763128145076 1350.7633774749715 941.0441173638816
1456.1371177256901 183.65119200040556 410.1707901779976
986.0684728977881 1197.289744558239 916.6492141269009
718.0777431815018 687.9890793402731 638.5525323742248
1050.1423430860443 1235.3257794604492 724.5216453490458
1100.3953862675826 847.2087054702425 953.114235804948
888.0120697593611 1229.5921861962377 721.4799126539215
973.3975039842529 1045.9251485573736 473.0047602196405
1070.8843430659151 700.9510155197235 202.2399975550304
1081.9206262375421 850.2588507308919 218.021714950562
1164.9564196204428 1003.7878765495735 1478.1341691615394
932.4234639274393 791.318527341392 32.19087967143258
1204.2122496235627 1085.0530213229174 1272.5951423132522
845.0368830797253 985.6378667271724 343.55934383915655
1155.3778703822306 657.206680132788 1335.7437774668563
878.3457816276746 1084.558171377419 1014.744564581671
1007.3351024403133 712.7992902043634 1219.1979487939607
613.758432954536 739.1652766719073 1461.3382666085408
1065.9114904533071 582.4053961337529 662.225584960301
682.2703865902708 1195.9547419484159 296.506061958329
1321.5816248065444 1283.6835147780685 597.9092200500986
1051.3247873993903 551.3775658340315 400.5908346922363
1329.6280288790908 777.6999428975289 946.2344342131291
1456.6935758417499 1104.303496122271 1405.4189291784041
1613.645220021225 1207.9109039278837 1083.4452250580368
1055.1634151200428 924.3732517005297 1439.813767537881
822.9483358738872 1022.2052490539564 849.2180491230291
885.2835308143789 684.6787891681897 1074.8288572940667
976.3647336807329 941.3556137102013 525.118101927489
1338.0325653996756 1142.9928987527421 1043.603899074148
1443.30473073257 938.356691031966 1028.8454332351507
998.1093054985334 1405.2599511766632 480.1764822195062
803.4730568602447 985.0228433784964 204.52451748805123
633.0672827293527 1061.1585245263616 1048.897890622396
1419.7302898001863 998.7644279582045 278.4219824048382
1590.0643502457378 786.8497522808982 1489.3281587702047
44.5782769855914 651.253665344452 896.9987619823077
1048.7862366413365 1110.3172119983374 683.0973026170926
786.1920554765879 966.2629348828935 492.30591065972305
839.8627178831046 1185.3945868982685 617.9086052738729
1212.5088111528112 874.161168665247 529.1469792362211
614.771328965242 664.609544018761 541.4364681546946
828.6926507277617 1211.872899801223 429.6087903712013
1131.0589900525706 563.0064739986553 1068.6663436143606
1404.2550723771055 1164.8232526736454 991.9490197411028
820.3292046840122 770.2619383684197 415.97475173290695
1096.399550985732 1041.5994190787899 626.1037332633508
1480.1448950971003 1071.403639160745 666.8628179909978
926.890211018368 971.1138559522527 526.3036764197329
1130.421098164322 958.0321216311048 847.2812668498336
788.3349811776804 1315.4338000299451 83.78300231881785
1515.3921595060333 1045.1372197675971 1112.378475358237
1084.4938496187383 1341.243700131496 1248.0809570288259
605.028423432897 1278.6943969011081 482.3261107844334
1455.8062955199346 822.6212383672865 622.4958394967117
476.4085205100224 1095.8756389422733 603.0453786421172
921.1816511213842 1244.5037238731124 944.8792768732533
852.0064083064686 735.4925110273815 207.46154788461
631.0562093753942 1188.0064509072347 1084.9122337250626
1231.4544152579147 537.2616459339802 1315.8262722361164
1296.433551769725 751.550386275401 29.497465714404868
637.8502106811457 867.4599752037286 1324.3503935399706
896.1085261546289 1251.4483196689741 393.02219021580885
1115.960118900892 982.1096057749413 1022.5663417016876
753.0411785532326 733.7886808353446 1310.6429445809108
711.406571712004 1078.6618549774198 875.2733488063434
827.9499853178756 772.2181372268956 453.3348246569332
968.7157537007174 592.2039270702576 367.3154460507085
932.8125903023691 632.7291485211937 969.2028031255159
1185.0847055047298 1110.119302810002 921.9841905545464
1089.9305611676396 1054.9596830178657 1257.2473103400278
1220.6866231885324 810.8332041053782 793.6369369410319
917.4466347576174 1102.3169388444196 980.1729927928973
1128.3536700300867 1433.7241849907036 1383.7003263065728
901.1968810956047 974.5347347969957 571.809769570513
1139.319062452572 894.9928966869899 1444.8731813695208
716.8963446407495 1671.1265749834547 553.043729199476
781.4727009194395 1522.8223110788363 1314.6236536488323
907.4601446483389 562.9864913828458 1153.9893080990287
899.1010262933659 1007.4605676487157 332.2067006650622
1178.1242383898034 799.3135518887451 943.4611154822603
695.7298558018824 1214.2340940052213 1300.5470832853453
886.7520534699173 872.2997928526951 10.783342425641273
1324.6691171775392 918.3628179301996 890.8260657619664
1336.979536707812 936.6213105374577 977.6510540986942
976.8218532469198 788.0761554611133 1309.0263815215985
1313.5744242709604 795.1012282515977 501.4235973686678
1182.7684863080062 1291.7748181867205 33.472258093266646
1162.764935302293 662.6593338731855 212.09444159366674
808.9846625930561 953.7844701756317 320.47567383130695
897.9555577375166 856.4511995731062 1151.921379236571
947.9558202754455 1358.7262014856606 1353.479931874313
1188.4995210518189 1290.2982265647354 709.0018215330321
993.6222592409055 885.1518239290574 160.91810135693513
1464.107822985665 957.095802950268 261.70288841272315
1225.0708166318707 874.9481338047498 396.6143794170447
1245.3169853234122 889.6738138338847 1283.7084868965594
1198.8882820750785 849.4624765278352 398.912473281074
981.9964541212767 732.4079480326386 52.2640519541262
1175.5150895240954 1030.7342471481086 871.4717822135636
1060.3540898673361 1126.7605056923042 227.48945444803624
921.2600648070703 1268.2805465904796 229.1985025393719
1298.1761344063455 1293.0780929942093 47.930386896519906
810.6752063050156 738.3649894266352 830.6913085708547
1077.0502782094568 947.5453792278713 1206.7957387165375
1055.5989042522608 1210.5790169698846 36.89674387047492
770.5504181517477 1105.8325483385383 1110.2930725149065
814.6423043344257 886.8325366165128 142.8201809585432
1080.7896289579849 1275.5817306897684 1353.008601064726
1096.3373966475012 1118.7970117848206 152.2215762714129
489.29439841533815 1005.9958840349686 1252.1062555999047
778.6694220932976 801.4806261285959 1225.2629237071885
1570.107949858573 1355.0207929674825 474.4664762015834
751.390479057521 1250.365515210715 1468.2638297573103
1251.1632904882154 767.4066571132346 60.810386525637696
1100.3945782575572 1081.2735115543069 1316.496223296245
1109.8225140626723 1155.7603414744024 37.835994059685795
901.9771877958868 946.2278641211784 777.5739595619594
1011.0495573898501 714.2242211912694 827.5243552518261
1057.2911115336883 794.3630820613278 329.9347606190903
818.2371564592645 765.2881772413411 301.15129191227265
886.2056818942926 1207.1345637930544 835.9492819773427
593.0746488888149 709.6375441629993 668.8706857768935
840.8849082124908 1131.0178776598716 1083.4311011115578
1232.9666976134345 1043.3918243587595 466.4625356171747
1129.624955257036 861.1054084336727 1390.3849864634578
962.1248397994258 1053.0056119631497 749.9437254260936
812.0343441478277 1107.2155454537835 810.8784758119735
972.2914971800218 1011.4421648182292 462.8671381484397
762.7441460923874 808.3309621475789 1415.0859431837382
1231.4017413863617 1381.5271933756808 847.2199819040725
1164.6148987740683 774.882417504609 1245.5060045967684
706.5782119145266 613.5606718603633 937.0020451464339
1103.8614994747127 895.6184802642351 476.11466871038687
823.7402263896944 1194.8699617189088 1417.7767076893979
894.8931395802016 854.6832420283591 366.41443691005736
1040.9752721767709 1017.8458408287908 1186.1865771203709
1093.199408130073 1185.280351242914 628.3027539217427
983.7271720197759 983.275305799048 592.5115023406455
1481.724513874702 864.2030334113592 1056.1718368812806
1189.634593751569 859.3477820963127 1140.6352789100324
1487.3157871754415 291.0279549187319 244.4275402966814
1107.0072755424042 1003.391891702651 1034.1361076163926
1184.38810349581 1059.253318815474 376.1821451937074
1081.4528027037181 932.5440442706356 810.490160225811
1201.9102426355614 1301.4044714163545 35.27805715149057
1153.1790319472498 989.5212661817884 1329.1146244112924
1084.4175960103764 645.8139277007431 1064.3281038941554
790.0296851829862 1221.7159875015327 192.82069309772544
1374.1477783879423 813.320969410942 1496.6460168408553
922.9951887080459 1123.2177857950496 847.6404221827349
1091.0848866377728 1116.3838954973587 1345.0982737232857
707.9200314373522 752.5670028529426 1144.9364083579128
1026.1935590900102 889.2749441726959 272.0849551763
864.2837027371181 1461.7564001352687 850.3087671977446
791.5112185116645 1248.5937353714976 579.7990237296489
919.6056004053274 871.9193512490572 1389.7955041028438
1113.7467210261898 980.5150706619495 1252.7392246600366
1030.8224640925982 1329.4208729866682 443.48143880005756
821.4927036620777 980.06470613337 214.81432559841883
681.8645839608221 1087.2945898022904 1003.9090851378415
1014.3495817629728 931.229575797561 57.10164491711806
665.5737220740062 737.2228609820473 1064.9507054639791
1054.297032891297 1001.4646601973263 1252.7837889360649
876.6193412993318 1395.2306323725816 1248.7824620557255
1231.5068114223398 1293.077186364271 787.3645200666402
821.8131265517932 961.052135260041 822.2983762209818
574.1940739158587 793.885369534221 955.3387799019443
334.32700761363265 1164.803614934059 1161.8346705109786
1237.6681882340831 590.0583914452297 218.8102069068256
815.1945014444748 1054.760056525711 941.0893256305303
1311.6972351279733 1260.5552776406257 546.667116366378
1167.0162829070766 725.2640755471052 1219.4239618177746
1027.038369507495 1064.7994901711636 216.7477260911757
718.562523336445 867.7471325449372 459.4110420886097
430.0129761051177 1929.6436114828834 499.46230080434106
1357.6458642774473 778.5001094063593 481.11596423353774
889.839813247801 576.9362954740175 927.557149032757
937.466032826125 1425.2454250406308 1316.2059831115178
1154.4563432706154 1041.7148335376753 494.1692862312807
898.1060878714221 1148.6145428626123 91.39354512166476
849.6480386612282 1322.2671138213182 698.303433843164
894.1029560380576 868.1013802758116 1259.9443155976096
1472.1574806026752 1077.3362424447387 1382.1115709851638
1117.369591394226 675.8358299544337 873.3600789068106
1044.9712352157271 1068.3758528155176 1366.9635429475682
994.9654714469372 930.0137303772951 618.6367759175123
1220.468961534239 1109.6528087157596 143.12243114410356
945.5504690087856 1167.1681119249197 1198.0609678040946
1146.309181781974 998.6045736777032 398.4101397079129
439.31376397516067 880.2669662796915 329.0532535601587
1380.0344899784254 987.695630881062 502.98926586446794
1084.0013854972754 1191.0711576420638 757.225615193925
700.3845348104358 1218.9432587947074 1346.607628967439
948.2839496315502 1072.8097298714101 850.6846055768625
713.0461986123578 1287.335389787192 1132.906878657189
596.9328662371386 1119.8530653129912 1405.977217306574
837.9127552826312 1207.2401307478465 576.1889142682626
698.3895228601932 1068.0779486882952 1400.8983633132123
1221.8079351769554 1204.75603877743 292.6510602569025
992.1431633282938 861.1109014013658 867.3850396705159
1053.9381323021548 1143.6073896927683 1227.5723503040892
812.6943367415698 797.9031826066881 266.8528203042399
1092.6531411183066 1630.4647230962541 258.91309972523237
953.2121973607746 867.1545877066666 606.5174342521451
907.8456834939133 1021.6835445500262 840.1525857700927
672.979784773871 1151.9058636990742 221.58011080657818
336.8808270752281 979.0370470263326 203.64242759554858
1345.5806021537549 660.4645544542057 635.7444797468727
863.3197071183399 842.0708321681698 1349.2979556877387
1233.066027612451 1098.5853501836748 546.6570425349183
1029.3249148332998 1156.1224707502076 876.5447050203758
1011.634289970103 1125.87245575042 287.65661418831
675.8145613861541 946.9656012371742 707.255163554079
904.8129714416222 1567.8501523101518 869.8537049827924
964.0693805332862 972.2590650746281 783.013270909636
734.6087734134423 1073.4333439176125 1485.0878665045836
645.7797878751312 892.8832449050142 874.784270032112
967.1871079635943 1171.4998634534165 926.8511052810802
1126.5082551294179 1526.0961225949504 565.132920112282
1142.4037292810722 956.7172562395647 1032.1247643555453
1061.0092383388012 984.4908575527064 753.8828792587543
996.2241839562871 1307.8721186856196 738.7534679518611
794.5506882059057 1057.2179245377345 111.2827973151736
946.2478692476167 1222.2491536496805 609.734998166781
771.2030348628128 721.6872851571816 1303.4052579708039
851.8125236778162 706.7075058674336 838.814200065747
488.6732098061404 845.6091259818185 1006.9286178261009
1547.8345845031438 819.5388655095679 946.0886692483645
645.4013369209636 692.1642434928415 402.785311310741
1009.5376930475189 974.2678896091585 612.1183837197217
719.9812015536212 1053.0329532600945 672.8025964416144
645.4240063566717 879.8993376490209 376.7492381095762
1054.5315448686272 1093.2398996732936 187.89250610663777
1529.1971482423296 1303.1226515235558 360.93080169879363
927.2476252961159 1132.6261979861583 320.42463278408434
1310.4228767585178 443.8024795653615 230.75599140483916
928.4976716301903 737.5198621280981 965.4979495426882
1476.0661656201487 1297.692912223794 1494.325808784374
1229.4173425726467 769.7539031420251 933.6408922956513
973.4803201565647 1278.1348757731373 1490.8480425887553
909.2877638136915 758.3450191094923 944.6584950435789
1026.152104667331 934.6789001089228 1130.3015170392227
752.6694957674629 959.0092600193948 565.4568548669724
968.7200552934789 792.6989170392596 807.8801080496249
1183.57963341425 951.3237532873004 773.5444403825832
1068.8042472327056 1110.2303629447915 547.5667261548575
1230.4949405193092 814.577318322937 1408.1274608292997
984.0126695540689 1113.5811896037499 181.63262460638774
402.372112785054 1151.0745537741568 41.38346233808687
739.5293345096957 170.96286688910698 1068.1279272577463
1172.5130522815607 1012.5839183642673 1367.119985977048
720.6758643418974 1310.6340567999337 1120.1819009168598
1642.7057276870105 1110.7891380378962 1492.3121664722369
1025.06908856865 1246.5474503927508 1403.6264164514973
774.381099385936 1066.6878901934217 429.6853993779449
1488.5351539291414 631.6517750299614 348.1052890402875
752.5619280336803 610.5592755106063 849.3255713659289
1146.16601912353 444.02774724827566 861.1068624593314
1166.7114938478935 838.3403794532599 1055.2676171080502
967.3409481279573 766.5711141548086 9.532849024767087
1415.0610140352333 1486.033840897808 1317.1182307405204
1031.9526591520257 1268.399146062995 601.3754958990785
1205.0318126121063 754.3694299541949 516.2996472020584
1251.3888081115115 1015.8916289308105 511.83438716552615
960.3075138328779 524.3571940828793 1146.2720089047175
754.7127651029909 1198.7054210306517 44.28417587898193
521.0584346726807 993.9185264344243 568.6429505071609
459.3259612976012 1182.5822920307512 1308.4104481150691
1585.8975795335318 1302.2937368050927 1143.3200153205323
1380.7413950592145 796.2838128465551 612.0948181912006
1004.1841431032344 1212.0942178616106 791.4193676139737
684.9756652502429 397.0144840864275 1089.4182791849187
970.6662479145194 757.7996484117969 49.76085879404496
1028.0348265381133 1137.6341962444403 1401.1259818290741
1020.7060486737554 1055.348980708878 955.4789141884079
1057.9216713834771 1254.7695155831927 1037.6194745975674
851.7323716314213 846.2087873243117 404.60440003305615
1008.8823444286893 921.9431622683225 851.2969604944817
976.5577076495566 1124.0434381348052 1494.353472737781
1586.8636856567528 918.0254734234381 531.1532623183829
1099.8140723497602 924.6150431161595 281.41311994317067
493.4643934756533 809.4547882970319 454.6214143768177
1239.4655344131647 1168.608029513347 800.809630641695
1130.2716007191457 813.8358668236903 1066.2217346775017
1241.9342442087507 1243.1031194341226 785.5447161049734
1055.849318677311 917.432517900887 1436.453893085484
1326.4539376034 670.3224792897265 1232.4604998766943
1047.543781171276 1207.2672856451968 992.3974291788677
1319.8593320782484 897.8136085783038 1359.3867424317057
865.6633641508454 1101.901669889118 1488.0671410976354
851.707769895012 699.4201489514776 1074.7096748024608
1293.6964699100731 1068.0073025210118 1179.583102942798
942.5621804604691 495.0719131329542 1002.261444967541
871.9673158052731 742.3644777728615 646.6080684221373
770.8110098078662 1217.21168162326 72.32774353042171
1309.8698980738811 1020.4745083140227 280.07418009236034
1174.344073832654 1035.6790300308544 80.82445663030718
1342.2719697227983 863.7349197610972 503.8089256728946
436.57853659649516 817.8126423180188 101.80633488272251
1294.4200066037884 1321.5233941709985 712.8070888823665
564.2627681533754 633.4413250030868 27.649865802019725
1149.9954774424557 939.6044816342222 1092.0211394335008
981.548631062587 1026.9335906946883 795.5811131519786
1094.929181295365 653.9906363897561 1144.8109583302091
730.5470617673341 578.1616954269241 1051.1109053421233
501.903257261588 805.1774154399172 787.1327373446261
751.0533185247853 868.2101972257436 509.4990590881739
778.7510219504791 1123.3368787858394 1260.4306474637383
560.9938637496036 1393.8256553738674 1022.8624016391052
1039.4718568507715 1071.0188397316842 1126.390718576392
909.6857398460156 858.7375431108806 131.40329886408776
859.8720847048717 1150.2501776733607 93.80513731083772
1016.6035390564258 808.4563085157306 378.3865502435089
722.2110190011908 1044.0283662107383 454.94514681874546
1152.3532430732407 928.4081688784776 891.515965173114
1173.6633679306149 528.4693638446113 1166.850094749854
1020.6554427138861 508.7199211566724 1384.2190371562988
1298.805402087289 1053.8173043140812 1027.1829322813028
976.1423391092703 1089.2460299172103 202.21589088863368
899.917737121383 747.4784599744056 430.4596695366678
1212.1555822033401 1147.1371797192649 466.85223809055174
724.965402797877 1189.997253682738 573.3774764765557
1176.5296691943317 814.0470515358311 1283.234735943335
1204.7212245876494 906.9596221708027 243.9011029746992
1101.3541195788828 1148.7346390306407 445.63979701798513
1157.2229143023005 783.4533941014447 396.34497607462424
687.2393392095669 954.1540498558816 117.84706913435849
850.7970961273967 650.1142576065213 5.408739776122717
1364.9007694810164 798.5676613795313 446.3229498645442
1206.5311570005294 490.1305709800602 1418.8332219382607
931.5845514062195 1188.557030565615 1.346788204382221
1391.8242452097397 1088.4374596282635 1411.8556966102994
1329.2109090694157 607.5636505398259 1453.2811682103375
700.7164103967605 930.9147251820799 522.9271523644828
684.2472573447928 902.1334044007151 1109.282368501959
1125.7637753307583 1198.712116138033 1066.1275443427046
1181.2168742426384 1477.7749645341269 456.51778481468864
1223.4288575364938 1272.6995811807687 194.55580730797072
868.7901696238005 816.8072025721997 675.5406249089467
1281.8444986798013 1019.1836496973668 701.5712507410373
705.5907164307575 1193.652487172866 8.298379976826809
944.162509171263 1017.3833810961711 48.627324686399184
1145.3007432177656 1028.9891362932663 462.736958454076
1548.3777569749195 926.0286886999271 1095.2414207971246
499.4730563519796 604.7529242946375 1154.1582956918162
914.9314233055308 865.99839678639 781.5939512782527
1129.1251637041496 1377.7275822101587 185.06274192587935
636.7727369349484 742.6069311856422 352.11394047346647
877.7568615276384 1045.1882168313703 508.15711858216287
947.5908848482392 1006.0519672361479 1301.5032089851516
832.5045811750085 1127.0126528358728 957.1372816422694
1160.5306280399227 959.031183434446 1302.2693094963818
771.603203751933 1138.7277901914897 728.6876859277216
1461.9266567301238 1085.8677482137682 1389.4392837024209
1013.1154158382988 1160.049869088276 750.6105762214269
1328.0823609926892 1104.4891338936775 397.9271951973862
1006.372885468893 1608.1608596786843 104.3444710328672
921.7743224941353 976.8720576828609 868.5427076937143
1133.9041241281902 1204.1835520632549 1200.4286127418081
1008.0062454846558 1165.2921552047094 282.539251779419
916.6128506545017 1354.0018387515047 1402.6278433024127
804.6601678420142 1200.4786375913507 413.6956027585699
542.8781496310214 1429.1292578929026 288.0119665131851
1319.3525788039506 892.1507340023943 957.3343409616225
1097.6810323229913 585.8787639071558 660.0308096351002
1159.264631729089 1359.3533568549187 198.84004326143562
859.5134343784755 962.9389588650183 617.965689668476
1026.1508654680745 1003.7932943754794 1362.8238388026932
1055.4346614696872 1604.6055942263013 775.3036179830026
929.3267266502721 900.3528118794281 129.92203570789573
495.1141937999831 983.3003835671416 196.97184307795317
860.071349393382 814.0337776002358 574.4587764206968
909.7872707658984 840.5591431670165 1210.3602049697915
644.6818193744868 838.3788167094621 1258.7732422598913
886.1458072417968 922.2010169612378 1270.8002780458205
967.1436199372127 832.0274577386059 539.3307893836485
1227.2459992856705 942.3446348620644 195.94393095654794
972.7191473351495 1118.110902605785 1335.996396607223
955.1347775831157 1012.5189379753508 525.2209169749357
