2000
724.9908533188843 904.4067292979057 433.58888598017876
1129.6776674348775 1096.6884100494876 505.8841651342653
910.1400715980659 817.8667897080916 103.04836291108887
793.5110387860664 214.403425863155 809.0545715582838
923.0478231310625 1285.5290077529091 439.7885563181261
1074.2567585042034 1211.1768726997548 1455.151828296034
1163.0477525341814 1290.6202683725558 479.1312081423199
942.3412978994426 561.7045283219265 402.78494922510754
968.1066349603918 1296.491719267849 1069.9257360750905
1083.291510297407 838.4208686862008 1251.1667292066481
1289.3134600355356 1080.5079365947456 623.7115200694429
764.9483011927109 806.4554905344011 546.7604218195711
958.5684676512517 929.6554056033556 425.58339866181626
1114.8668332280508 716.1208497320945 104.90563567681416
923.5866156886846 1380.301343707154 1107.4196962014955
805.0682972749905 768.4948275513259 621.4498196436512
1302.1253674211248 1169.4588794918552 812.0335048715797
1114.8159274829814 1126.038192215477 1460.452687839328
963.954055200666 764.9825504761204 490.49147980573946
1098.9538826177195 666.3984771473104 371.6254238713782
1241.6885521557317 1129.4074632760844 270.94160417420454
994.4964650203419 919.225909141455 541.4342411245527
953.7699068057896 1285.7985026366703 781.5134400158364
1060.5452186728048 703.4259860778461 345.5252356044297
440.1004391720355 1186.3853217162628 75.11481853775625
946.4862183132867 820.6974648251592 271.7420440543068
1208.9628913167057 1133.7092456015807 65.3820710919093
796.2943996403424 1034.0133666078166 1084.0780268156004
1173.0542112373435 1067.9521229231173 1062.678531167427
740.891909023016 780.3658675798395 1414.637276385344
650.5898911492872 999.5039705775382 1238.4845786970182
1534.9803858772575 418.79995266800984 805.8882237751752
995.2786888380407 1111.983095740676 1388.5023811370927
1234.857488221324 890.6101457826644 304.58923508992825
1171.0031966845368 512.9025125204253 1346.1228588654897
1044.988788611746 721.5049304865931 1448.629618938745
754.2704174549663 759.9360607724725 1111.504810889881
983.2150090016281 1073.5618694419366 907.3925632040778
587.7743581575194 1063.8905882778913 364.9683866608673
1106.521696713398 808.5202147077836 158.25664350056306
1044.302734722587 1157.40236722531 1104.1997295621168
1317.308443737872 948.0424166610695 133.6557045647172
1237.7071786802426 1223.7373480617225 602.9407473338541
1407.3460184911678 953.9624358256833 1432.9826521711605
1251.3351001202625 1001.1970686222861 785.8943238450378
1239.9295493096529 909.4733511438865 1223.8409181069883
1144.641817747011 1034.7879233559197 788.4829379847711
978.9765887154456 872.3617192248804 359.621287158806
1324.5495899830485 677.4744706278988 942.9113428435227
1026.998704937526 1222.8141298857015 110.2954835124817
1125.470738564351 957.0719511526365 596.4091873740273
781.475762675561 932.1409108707437 445.9380095188699
677.3077356266413 1117.4147026890996 473.4700423808789
1191.9089760353 1120.04058749437 549.7080478526402
1074.116572510383 892.9115296542366 880.5089505129251
1353.6961955669424 1335.8677188937017 1225.7229721805766
1025.302858347135 1074.8360511242215 803.1674080552928
927.1391715918495 940.2839346389184 217.3032816101252
1308.0373492057247 1078.3372897681613 72.58402439424455
1107.1490677505935 1106.055134646656 1181.118636725992
788.4512960323013 1185.1789966175122 917.7889829596475
752.4675164590735 1047.3880776085664 191.8120705466567
1139.6377920624486 615.112577691204 791.7374077637513
830.3375944614794 1020.2536320768811 880.2860231525761
1157.012974497214 710.1113988234131 662.69894767547
1301.4273186968655 847.9269920825733 1420.520683300109
799.9926704397126 1343.607706299036 484.6177818265623
1322.5778198273458 829.3519306505844 1253.1545070992397
1219.3976707222157 767.125986118752 458.92304036675324
1005.5982368922284 802.2120076276865 438.1767977034515
992.0919239071246 914.5935140582461 1258.7448333069294
727.6058224165976 1222.4767232686356 1396.481990611956
1254.2556291056903 838.7437370452237 1425.391074459893
876.062855250672 1082.470819477504 737.1356741523717
846.9904585601984 538.2627422944686 746.8288378839912
1624.054234334687 1342.2042139629134 1042.5859181373996
660.8866038074108 1305.6098417401531 494.0951866870062
833.0984636397536 937.3128401536189 254.28932130929178
1070.9775048293961 637.0288516927149 50.48734492126899
1003.2876156698461 112.6084415496789 311.2419414862324
1092.0415267841913 805.5714195741554 1193.6887022718436
1055.670027975516 1120.5217286314603 0.8101259114702275
1510.8885989675082 1074.8033068843306 1361.1794738022265
1039.975098157728 1119.8693492620525 1118.1598383174758
772.117794658821 1009.2391582534955 268.2474457920293
1269.9295690672077 693.3048852817298 1183.3059151330378
1198.1085324900391 1252.7264226100328 836.5226834354729
1098.426764747451 823.6879793372748 115.56242131377864
626.8330564112148 1162.1897714000743 834.4558334060972
1129.8143903264802 646.7015727003819 776.2914671998402
1397.2534401089526 1199.0779725836826 176.614736343716
967.713302724582 676.3151477773367 1324.1752993261741
895.8834480377132 1243.3177905355649 1217.4677853667185
747.6703250645908 1009.7920505457802 334.1524826584483
747.9445991323748 1012.0824396598774 1023.8744620377994
280.7673384523372 909.1483840750936 788.2539838359892
787.6446659584191 429.8712230816676 1262.3673028901273
950.2499236846016 1256.2459953442358 117.83616175778572
776.4020642940794 1196.2412180648892 738.30925241742
1099.2348377579524 764.0666381148102 403.8886580905127
1051.132945974168 1226.0808907666717 153.6082581042405
1373.6916473710858 858.1763582981769 810.5942254810171
818.9592131975 602.3650285944816 478.28731418902856
1119.7495749335421 1160.2525827426912 1376.4702642150132
738.5438698984385 996.1616392236658 1480.8826376314246
803.4883217040971 378.03107677380444 770.7874211757334
822.7261049701359 961.3693054133088 806.8067992386689
813.407111681824 1289.1820459358278 92.81278525632707
722.4324313117347 1097.731201612675 414.45427684896146
798.979251493848 1237.7470563165946 1437.2079283468422
931.8148938613853 949.7689397511812 833.1021635660298
1007.9165968166935 717.0075290119228 675.224880832812
1060.9225829647428 551.3214126931425 1107.5528815575885
1194.46353962175 330.58210658277676 917.0174793335505
1284.451102869286 554.1203160345468 388.53869811169113
1326.7183316343876 1268.9636994452112 35.17367474332039
1086.2551699204855 835.2124553323304 20.165967061152536
1168.3247975807226 967.6062943247155 531.6729700272396
1350.6766504175996 900.743433569649 1416.4344599152462
915.0249004213907 1269.7512329738781 109.77186054156569
732.3273293180675 775.9580380625323 1448.4438099712659
1191.613264601478 1279.2899520838064 1410.0886066596345
1160.6973706421084 931.3786919021634 375.2609452434757
1128.1474465939266 678.9700091515804 659.1751685133692
766.9918289758513 838.1624577844725 17.667940549692563
516.9242094523522 944.3461678733754 973.6342355729208
955.6357140504499 722.2245706844453 178.95380408042627
657.5635111421733 1384.4773528774263 1217.304072984039
760.682894202539 1005.7572435437778 675.5699623883644
721.9871403814668 995.2328563628452 748.0977436765417
727.7397610189273 852.887326750976 1134.3176075794916
932.4150164612233 963.2480940646831 414.78087882492065
1094.8412273518702 1112.7267184075934 1442.2940553489482
1300.7613314850544 1292.915809192968 1222.3397541720371
1027.3763221066606 740.2895368699664 1314.6242012875555
826.3985880611415 704.3543897346182 347.8278044959806
687.9827118546204 1327.0718144548923 1226.6245208573125
987.2594159541527 1172.014911691978 1075.272019207952
982.2036956337205 1375.3826641720261 922.046602658366
884.2045636666107 1031.1099742032036 712.8756699669633
612.9379547841866 1595.5537212507343 387.30764124434023
1135.3441473904086 1347.5264394229434 1069.3103245333598
927.1878399227315 1417.9186036464216 562.7063909605445
1298.371088101484 893.8664829697618 1224.9692734257003
931.4890531676228 1082.1554649491702 344.56600522750085
865.7055497189351 811.8418535517657 331.133005977083
1118.8993101353499 708.9539012047895 313.1154276909827
960.9057039224103 1511.1312195573869 1206.0835210896764
910.0083041346332 1090.4842173259433 590.719098898136
1201.864804546404 967.1708765530235 587.1003884654082
1082.6415655428914 1121.4423829531145 73.11415989127195
912.988637497939 1000.8663563481751 1491.303100389549
1302.1850621257374 917.4856462652347 383.313440832378
996.3648111393275 952.5369006398953 165.44514167195788
1300.525268027327 1279.4635107729118 633.9026160158899
816.1312555413917 789.0153850069737 1471.4815222959257
1142.7502678897995 1224.973126051872 188.56876399765537
1560.7297907655864 400.8287198289705 1314.4335123965348
923.4968457414464 850.3282577766278 1177.9818336899195
1071.238922931521 809.9337369043734 740.141036908078
845.862115140142 1414.5739794827614 1057.2938189159818
1137.0787033331928 1114.9069185315475 33.33877149445846
815.441286646594 647.3443341842362 1333.2514658630657
1181.8157596837768 992.1490261011055 559.1711763057963
1232.9384647928164 1406.5652343348736 568.5469204327518
1279.8588604841448 980.3293386335127 455.7330933143093
1083.4706308131972 715.1186844212313 936.5211940887767
1046.374262376756 1077.2699802092388 1164.0211119787623
1421.7207085900386 1290.6510701779316 67.31705297957386
1351.3499496319318 491.3323849978074 1027.2726083736486
251.02968194128175 997.2101899419553 294.9482284598677
1121.366917079287 983.9083727404642 1395.6207951847816
997.2263100554076 918.1982298285105 50.161131616344
1007.1773996527688 884.6667793958862 648.4856988927173
1051.0717281139998 834.5609910792374 903.191760250816
1377.4561426977823 772.987567042496 534.2415998466009
1093.6203240545485 1105.9575832658284 473.5601666239843
783.1718889091095 746.3666418032042 651.8752697239535
956.6140582452183 810.3419207031764 1007.4126491895266
1425.0938970549994 888.4658713942774 1279.7676065729647
1280.1507617311545 1643.296681947306 401.28309590852604
1372.9309115507356 564.1791911252707 1072.3137979536993
935.7439636087014 964.8452889974895 849.7466301661233
919.2088895076234 1084.3329595362682 733.3668458894969
753.5687199813062 682.9514240357194 369.83572784360734
893.840192752675 1050.859547997731 971.5104591872627
1020.5108124139973 278.07221632731114 123.3249137451668
1072.5053724598 906.3061167801868 923.5321392608892
1372.7165805747663 807.4837846229982 1409.443745154318
1134.7298530352816 1104.2186264691798 974.9776714682287
1273.8404883613375 1469.7027953490297 316.95396595125914
1081.8730397571662 1235.4489772012626 1145.277889318249
960.0605817379405 751.5726224098363 986.0487570927164
1187.578775404342 617.3653690821141 844.5007477583688
488.72238157138815 1265.5359400665448 321.32172330786415
1148.9206790208452 1258.931153827751 523.3745698901615
588.1745112328897 1471.3543037817292 1259.2277175995364
846.6572941772529 918.908683732925 38.06626491028875
715.110086350089 1138.681351535753 444.1721153267731
1043.4266111672218 1260.3612542771489 756.6987593589729
1373.179680699263 837.4514899403358 983.3751602979227
1088.1775419100195 986.6237736163835 1307.5734102866065
1072.4863483586723 1140.461341324118 969.696783273621
1133.6213332115149 1359.9727215291177 1218.4139975893634
981.1214624043989 758.0760848763214 279.30923515938093
1074.026034042265 604.8248190399207 240.4902192412053
1158.0552981524957 887.9200703690642 1297.0836477167106
1363.7619380532574 1162.5753396691669 203.65367623211543
1042.4673533034982 1581.6809890018603 295.14893450339883
1157.8639584468635 1177.2389911927473 1296.6584603895342
1108.531985413591 404.18156133521745 299.4108665698191
449.7827471944736 1064.6360021947444 276.145500173533
780.1693961058854 1184.7292180761146 1288.209804770766
1109.2695263961768 1301.6482457754514 566.3631322416678
1448.6080548745167 1428.3264878171747 959.5717707436822
949.8714758969322 824.6274319301931 986.9898852757578
1100.5153702612051 683.972425278552 40.73397205026691
995.3585620549626 1208.488690977068 783.0783193029547
535.4641204624909 994.3912626024423 340.1288289043003
821.9789274783959 886.2567364238101 787.3266949031915
856.7207437878974 1290.5440384502308 1125.1754578661942
1095.1937215777089 1384.4908603441656 826.4669729414404
965.9399332311083 1039.1131027075216 196.28291129971888
859.1117789160363 918.542254619875 233.41307187480987
1230.6563096380955 1338.8660294362458 1378.9515660028324
1234.5803394069528 474.2662834358265 136.62289968005481
1074.1705806548357 759.0265710852201 203.8146548011921
1128.137621708256 491.9086482757118 309.37650377674254
934.8697622302639 1336.1227015894874 1310.9789395512269
1021.0304784675925 1095.244596107646 1190.7743865055675
999.0730542762469 651.5143560741844 861.8339035644367
1172.0988937038946 936.3022729463838 1362.8461609846354
1383.1441315691259 1372.9839620650034 53.164209003075115
780.0091545329392 986.866542834962 948.4810195118457
1104.3542142750587 1244.2247744919468 1155.2728712749783
710.7248341320326 1216.9983656877055 1172.9464170005715
1035.7998589418344 1299.1085193319436 364.33525674938966
825.4169302816733 1015.5443869678483 234.05335971219398
1089.2596913106931 595.6213239542128 1154.5753926557015
1100.3799895755292 1316.8796741907445 122.25414639358317
1303.7875592323726 1167.318515514725 352.6400169261014
819.7253912786944 770.9259848329702 1493.9556294563358
1345.7199367016217 596.6278275911363 649.305930729686
1275.1360832668167 779.3775761101253 1243.296748009327
608.7447648407235 1290.6252366565066 1016.3395096839014
1134.915631595427 1178.6699017106325 934.7941782001874
796.477573303974 675.3918866004685 409.04174883154775
516.4127793805928 697.9260555993505 402.88138130746455
1179.3661271495275 1063.4379306059182 292.83909581135634
740.9699915526603 485.4378607235384 155.43868642242126
1256.5806864393119 1166.748140915525 892.8556573279985
960.7760981708766 1569.2980220101826 1086.5475882656106
1439.6972828938067 1239.7956212887511 1112.1358669063497
850.4529482474172 960.574691016265 720.9382430143322
984.5571316143426 1016.0993218491872 1200.342135497045
1246.141996006869 922.7673300447805 676.2782031170772
1086.524536664943 959.3088478920452 736.4942954066651
1057.624590217858 994.7537135510452 494.96991180019097
1384.6848939365086 1123.321727750211 1460.0585844742668
788.4365658535824 712.7995558124014 1473.9816457866175
1201.724064963182 863.650038435221 178.64923817546352
972.7275313803697 821.6819312765429 525.872738689988
843.2226763347091 815.5647593579375 952.4541646437266
760.4836263867188 1015.3936659255744 278.55042046113203
930.2318792536088 1075.8032297682607 1320.1723944652458
923.9115697998726 722.8880018808725 135.96455945686532
1393.2136114270993 1198.612434871624 879.9599990291853
601.614005639423 1021.1749655434186 1352.3522877039345
931.6056399846677 868.1732980694873 1008.7248312936102
1250.8892594454574 907.50702224884 1061.7337405972935
1119.2876467618462 1100.901336857994 1420.3672323142541
1057.9017709208229 1190.0164263913423 482.10426812010735
918.27048121292 1221.0102570862423 1151.4786869035538
982.551828967085 858.6559057980139 999.6978849253366
1006.725704857243 882.698959141728 769.8393096982545
1232.339587761577 1017.2926528970339 1147.9855971004995
917.2241257779657 1033.4558588543805 144.87526796854237
838.3051259684507 1200.3196830599725 991.2247824980379
1408.3947899366854 674.9891136078697 1458.1776422316505
983.7307738109646 923.6917957856898 992.4911851783341
706.4395822052594 682.0928639191267 485.67741170169916
1094.8246084019975 1027.5254802876887 313.9809969538326
966.9397487783551 1097.750834327666 1247.2708754728048
964.4534616664656 726.2289250171459 919.8336693285659
1121.5634889216337 910.15687749699 1272.351962152469
997.2884975881931 904.3387094117539 545.3531003584004
624.3948659283178 999.0350432458397 14.998484546207392
1001.111524609686 1006.0367814263722 1160.0839382321292
1322.5104936912714 692.92762374418 1215.9624396140184
1387.9708223023104 970.5191077422927 303.7794854073679
1015.0536021428846 1092.9418541126352 224.81818591700485
1031.3704070479769 891.2183000505787 508.12075073469384
739.3423127573163 1058.748179697414 296.34057463587567
953.6805481941285 1106.0864654567317 852.2966990078065
1072.2506333961992 957.2612629718456 1190.1591927985814
1059.3409536187887 1091.7816376145825 770.0345393240254
1412.4162316035104 1228.4782471824747 321.4275314210297
1434.9331916130398 1214.0113254171315 1282.854368353885
1009.3603761795069 972.778646151466 820.4775861248874
1380.9066055325884 1151.9891429927357 1146.4568943195213
1193.3695491415601 899.7699262684449 891.8030105078172
1003.1942499141338 575.5678304480057 928.8550045273992
1028.047633256118 681.8889479954967 850.6715923603293
887.5847716740683 1204.2277433121133 41.864238284174235
739.0035743596304 784.2744999391366 1466.0381908122038
1281.8823639597638 1096.8955224385252 247.33551894092238
1141.322959301638 892.2871335681173 1316.8954369312635
628.2690876706663 1141.48965060346 353.49811610135527
901.3256711264569 1363.3276443546058 701.120159772408
904.9289284912496 869.5939197781876 829.3561294652661
964.5649778169517 1068.4516415013784 414.64630168324015
1283.4711474344317 1142.9132787601645 549.181324282127
1249.4065528470207 1028.9270174097753 1.5583475062935226
868.9651413305032 957.0676772011444 797.5754268768965
821.5204318853629 1331.0013926114993 1146.1865886855896
967.5624739627385 1293.5182832619153 221.7646258133515
1112.0435019049119 1096.5561996283798 734.3424171440345
1158.175764740136 860.210213224477 959.3249537323302
1346.486442020016 1117.2019666934787 1355.8600470537324
1232.1526429350213 1218.3945999719622 414.21531584438975
1034.1689230927823 575.1642724894806 703.8238610161656
777.3877454407453 465.03929623569775 1024.304626787894
820.0935098290499 954.8971518395429 51.24570647919796
674.5559927967964 766.0608958288094 1436.1342575066153
820.3958940461059 1025.581473077753 726.0759734744265
1195.4611115673872 1417.6132294280856 857.6228768666838
1180.2907366735546 857.4209149718884 215.76174547203686
1352.7546444260277 1069.9291853719258 689.1307082519708
855.0153026306489 965.4017801602606 1246.7221384661286
1129.0060079028826 977.8882265789591 1069.3828638271252
667.793781673794 1384.8170052499559 940.7358095413314
1020.9751070025818 671.8841920759845 933.3108614455464
950.5539550307037 1009.8894393931922 1225.4771030438892
1121.955305005484 1227.422705545303 893.0871050279181
1130.279757181087 831.7311534124041 1375.7485254107435
715.2177812602085 1287.536367474062 119.154500100622
827.1721232943358 1177.6314677034568 292.949439237634
1229.0051228696475 837.2974510461074 489.51132965402485
1328.0336219655887 1099.9450458979684 173.86000670100898
744.6691428707826 1410.5701508403374 107.42297142880297
870.4599957989441 1082.2970150283647 1315.8072485648256
1034.6769713425208 1138.3465682472774 815.3466667908949
1232.6368026388143 992.4205129544757 1232.2909486750918
570.8256795014913 891.1139827653834 1295.2315136945062
954.8709658672251 916.8586740684569 998.2502075125999
1138.3368799735129 1243.4221383320669 433.67555985667536
867.6097734919715 750.09223511867 822.3877061301549
1402.750998338167 808.481738347075 1091.3070357377073
491.357136321116 1073.8973987688455 1050.7774400256933
1288.41867211677 1034.2926212644 1174.9373966597361
1061.4673123817274 1192.2042694909196 1053.4490521206499
856.9367335035937 982.9529383537059 1168.7275196027156
861.0576539855639 692.4679282845898 341.5153167874214
663.1511937744888 1026.0131898828934 793.2298721194478
1352.1537733189973 951.9892261486071 60.55352153885069
1124.9992894205252 932.8209179346146 1038.0106447089454
1076.003452816332 1107.9870611636063 257.94739075757127
1278.7585831445097 738.8608613017614 811.3275512699867
1220.3193913912403 859.3216571475612 1343.3435571855491
889.4786512283324 1218.5215207340393 752.4836537252583
1050.1032071264108 961.3861543419067 607.8636586550455
1083.9106809202601 1103.9759728605347 257.2598279562378
849.0801201531801 1478.3062075887387 1238.6535529625194
858.2239920665268 1019.3426737018252 97.32903945986254
965.2466859912139 970.7672842001205 687.1726613645374
648.8856211495086 1050.7042498253402 314.0921043783519
718.3012247743636 1233.30114479932 871.5541238381498
896.1530305601988 1365.3042125512313 518.1183913532392
936.3606189536255 1116.3591677852867 85.16495974753185
1129.8303191863363 914.4803446948562 305.98912991374084
961.3542306698514 1191.7552277080829 398.01497196170004
812.3863318735582 588.5436458806012 1356.5960268766744
1025.5107385002407 1089.870393152671 1195.5633124870099
1075.7097224477102 941.3674101993081 1412.2215694305642
1189.807474104349 1169.642763403974 924.4596210007528
1128.0597246766768 737.6277514855348 1279.08049527777
890.3461500177607 1020.1853989976256 85.90017765170188
621.2461428267295 1108.8178558642562 626.8264349949736
1051.8036069749282 1386.4957204747973 859.9236614401103
1701.708368125734 634.5058421279045 992.8778595480329
1512.6766767555491 1242.8408320127867 902.1126913646301
952.9528102486086 1093.7852074169614 680.7195080803156
677.1338697444976 882.1042069420178 723.9218055295013
1159.9716138446915 1267.167614517943 734.1078086953927
1004.3884487076627 938.3584263626119 1253.2519618358135
1108.2990779958711 1716.9736734072865 994.6439939430659
1275.2393894022468 841.2248878366024 1150.0215043285232
980.1057847141075 1207.488149344598 517.4680947114551
1227.302194560214 926.9757605835655 850.6353894945291
1073.3298070782444 537.5618646190344 1203.8454563270423
739.1220907691043 1016.2723856535848 663.695645930364
984.493925843818 833.7197177123343 1128.152897277541
1055.2398342543415 1210.8652828788731 816.6178524500306
1166.9493892089743 1091.6227349908597 1177.0375925323124
1077.675223574537 1502.789452628764 114.19040952285198
855.1184717171406 823.5410374300042 179.58532751983302
848.7576109820345 1430.4990263910997 873.6752552972822
1380.4027832847316 1121.5163510779516 1168.5922779264577
1159.8472791525533 916.4331907777041 900.0578949617116
1193.9490494325432 1184.471728226864 110.93967410053479
1113.5168767335906 711.8493489107708 235.20473799666775
1206.5433876106779 822.1012779200056 884.2707258256597
842.4834760643838 1212.5232516694182 364.3440124391282
1081.5889668370094 563.8755668385556 758.6416583822177
915.6024426023074 1372.4505035372663 1039.0937597497352
1088.8499484672736 824.5669277220062 399.2988907832014
1032.6996427698043 927.4765628377863 529.5610741764373
1540.9494566373278 878.4934804057333 1334.4474235885336
1191.22537068456 790.9006080428895 100.61615144160707
1105.750124965125 1245.7375585309562 89.3252833567767
861.8150069411158 1100.112230658291 1063.1589567114452
1215.9251523329692 1117.1934165112484 447.4639026641741
743.0176521027795 894.0764324050618 1160.637819178766
1413.1324144204955 1008.1360685351955 1205.4130176400608
1056.323107410895 1194.7324047150512 849.2605689787749
1305.8851617702571 1146.7254955095434 983.3407501674096
830.8174964825608 1204.4008550611213 1151.777655552079
863.351185971688 1054.7635902899779 527.5374818714954
1420.5476718595799 546.049076775295 811.8617154340626
939.3369255521517 1207.280852795909 279.93490497282806
1112.086984258511 861.0503564294484 146.30953606116842
1145.448227429091 569.5263817467523 1151.5415925561535
786.0780014559746 1115.8210169719505 1492.8502446741109
1362.378186964311 100.75370292875937 1010.8723652275784
905.6643816217614 886.0587764709957 695.350935642103
968.394590111847 1555.5409084185567 1062.1224365874054
1367.0966356780664 464.6684447333936 1381.112143148261
806.9759066580586 786.3790861615258 547.0663936205924
1141.0321108448893 753.1381544541521 573.5461847411652
1099.9004209294892 1798.4451297967287 864.332339188653
1151.766027837385 830.0630370991018 156.82838256242786
1115.629117581253 985.309251068853 917.159028824242
613.0539533602482 1066.5305504369107 587.7072823126465
1036.175965224607 900.0880882717712 371.8108188121378
833.3214640245045 1129.6014136363528 555.5709206741783
863.9239690939997 638.4206678492947 903.1888191209462
1385.7016635199036 930.7846504974827 17.115166788501725
947.5090050843735 1182.5825746541514 1250.5584453294691
1043.5027276011713 1383.0438352902113 1107.5105813839157
1168.420660498798 514.6812914437903 201.40056128317556
1150.6706291979165 1358.6806345774687 1499.3572236806929
866.5299948897544 1219.885331154811 1212.4420399546973
1334.7338023644274 1031.35744967492 1443.6761397193557
764.8849560053948 645.0717695466478 761.572425695722
268.78064864645455 1089.1451052143711 1325.9038361985452
886.9119120033569 1032.0948744856448 1082.1311963549138
555.9560168221294 912.1977554623629 1129.6848088134434
1032.7630701755113 830.9619813062482 493.03688434762813
1211.227745337507 1049.0099132335804 1442.1034656087306
936.0727613901608 829.1202921569593 1209.1332769954558
1428.81909796921 929.2676496366331 1146.228631676217
947.5805434420054 1346.0360509849538 403.4205897525058
1051.2509586255076 439.53558491051115 4.469712976552797
890.9043457421756 641.0276151725398 266.3643713963491
837.0269944364189 827.17355127673 494.97837053236515
1029.152474697156 1000.6767293813591 190.87778560739955
306.5829159593387 1366.2043648369295 1166.3096343794127
1120.423518072005 669.1932179895742 616.6571835527116
682.5628722475723 1002.9548979359745 132.07953898199239
1316.1284331911686 1201.834582977811 157.71503089633538
577.5889622730219 985.4136012691857 81.67258715953507
1420.2024825696672 612.4247790555077 960.9418812146675
1137.0266644184253 947.0523018841121 981.6985219438052
890.755064152492 1321.8021497286989 414.0595328065755
612.7814017540043 1290.6094953423262 287.0618767428244
1409.6511251617478 983.7718189875687 1197.34882847475
1007.1681049895938 1151.641566127981 1365.2871829593582
897.8818824914508 959.2928991476682 1358.0054515348156
993.261719520019 975.203175411824 724.7297334958249
1107.8196248263469 1051.1877434606408 1039.847253647558
588.8640449956495 1032.6521754731184 1365.933434541884
1232.7904552596212 1004.7054437581764 1353.8033048669008
996.0060277720431 978.8736517235307 1478.8532197447346
865.0958918024137 830.7651804564923 1222.124254758759
962.6719387388374 900.8358611405545 414.87838923597496
1274.3789307841216 920.6972466136738 749.4845238898868
1111.9243417924356 1069.6016052808645 517.6021515407127
707.2025565012561 1232.8070501336933 188.0764079722279
981.0735826349213 646.9436656853877 1262.6022047937936
523.0086054199066 858.9414284703969 468.74487737365155
953.8261578064324 880.7515891098058 347.06245150922626
326.8536344041088 409.9943644347293 645.9643377391714
1229.1969674408688 1040.0774477745642 1471.007767690656
1237.721107439511 1083.7798138295311 1024.5742535884474
883.0590746410759 913.4822484571688 818.0368217021114
852.8393029738039 1214.4866845342847 620.9900403504506
1396.6487831549548 1071.888424085855 1045.4896151529933
902.0727250527736 1021.0252822335627 227.40644200464982
630.0265275689196 935.1544551926283 774.4488705438364
933.871622164252 1601.2231164286727 1176.809887261281
715.8414182645132 974.2286625673121 122.74756631045042
546.7310347609869 931.9516217042999 580.7975574013706
1440.0217236203157 517.5891037513659 1182.8726668917238
749.3725894842222 1189.4869363358512 1065.250793966252
805.6810800640545 1023.857254371001 474.81100964482914
976.9054808666975 998.6817395225677 505.72708805782776
1025.8866828524024 896.9698804094165 1088.212669684583
549.5229146540848 1128.8291723589214 656.7560392986508
869.6989485997817 1279.9216666875411 1007.4698604841532
886.9497757878362 646.3656305885585 1416.9884793712097
944.6217723568199 881.8511321994754 98.64114031642984
1148.1361115433035 1006.0395637558411 592.4678330405678
512.3116525304723 598.9164889071192 1032.0002745082058
748.4423841003512 804.1636757008233 699.0955342367778
1148.1149112321673 1278.4223344034344 423.0762693634464
1177.531391844826 1031.3384031542116 1014.665196136179
952.396032199515 1254.2689564989603 814.912827789455
1102.1797219157738 1091.9148473281987 180.9855922734624
659.0226867971742 944.9253229273943 946.0811738063735
1221.0784449958066 973.5299875144816 337.0898176730126
1126.573248177093 1237.0076760843904 85.16263515192618
1276.5826535374745 1079.6220305869613 1488.885201768213
499.18583127529337 1090.6483994130488 202.27175344719345
1199.4609044366796 700.1861227227968 270.3598062849196
1167.284096846241 841.7114776367573 329.04800298339984
822.9853525747401 751.3431964419563 855.4096160193959
720.4840816634234 1113.038973601634 1339.5083318631143
735.7486287034067 1150.5724564544926 1120.1548929144137
1193.387826251136 1344.140845229993 705.8017495518651
1091.5556573497556 1174.4479082907842 151.1775912873562
948.1794306945542 1285.3084406375 6.26161540968223
974.0309516480996 307.09145568584324 345.2508536224089
720.723632391569 1186.5207930817412 425.0620804404573
1396.0857047895772 731.6658764968706 371.6839849982946
909.768609772454 939.8944410654689 518.9393020728212
793.6488158963217 910.5272589080907 475.8335680777615
285.94518225602474 872.383313252573 736.5978855313341
1012.002999900504 1125.9644525179874 832.549491804116
636.0388939560428 321.120727452399 1208.9084375674436
751.0408508583089 1043.068688532649 551.7636146029292
824.8573730050467 1306.3740111636441 1246.7137152189923
724.8826403111108 1139.7719100947909 615.3995838129034
1303.4578529903422 818.8409879145173 415.0491628120173
1002.0068208114083 1261.8758764415327 964.7136951527403
785.5860955919354 883.3820488705018 540.0773422082938
1151.6078296823139 618.5959223088614 858.3519000546171
1428.1666478709967 983.716668115744 866.1214929898198
976.9494204648875 1111.5638479575334 611.017573370391
1205.191753518038 755.0285064169832 666.9470992988238
864.9528583288759 1015.8216820823792 412.83047216486557
1502.41037859559 974.827132454572 861.9524662194611
1093.5299941693443 801.589566748147 267.90211041064606
1021.8753622687948 1103.6640284146906 1179.1111586036639
902.9800982989118 630.8631304012536 282.5593766367393
751.9799133105345 1266.407621911641 589.4501796481244
1483.2186285297312 1042.8936053217583 1098.052516742449
1548.3039229717322 1024.6676289909096 31.48907940668805
1295.0817504759984 594.4431996417054 55.755398142807444
1283.1969800080708 1386.7566636354547 158.29902352324942
841.7837740947093 952.9362698486436 1103.9239156641083
869.2916588872542 1227.031398777129 1275.8252572051217
590.0331177577417 1149.4733194710018 1379.7862502464554
1163.5952012132198 791.8791992967979 587.5198478496483
797.4959299448597 922.2406268744671 1172.5207644886445
1158.281424548024 1016.3981379868777 627.9947555564517
1489.6613943346367 820.4734472431595 166.2170713805197
1389.6670495876895 1715.3676640350159 186.25369658200063
1033.9246121570848 999.9395410145639 723.8440449139097
781.9302017742398 549.6524541665643 907.4401673067822
1336.9701658614852 976.3675568807249 1002.1734869215167
1347.1162502344373 1322.8067447363703 1366.4100103122328
768.7461038471126 730.667460487765 1430.2552946497442
894.0576372211286 920.6608879670717 1243.1545047701331
886.2750630640414 1382.291137279214 414.4782111239504
1201.2644019569257 997.8393535983307 1381.665105931955
1717.257790727642 799.4894520716298 131.13143278939788
1038.2154089439803 1128.1196738335682 451.2539596912963
1406.6455462968643 739.308918578533 677.9795025657702
1130.6342839805857 1107.9209223313694 33.35889862365726
522.6627112517867 914.199789415084 688.3318254837757
951.9945304033496 1175.9780661123912 1410.1284563661197
801.87799465125 1389.5727030615694 203.30392580651247
996.3531762823387 948.7140250190863 189.94131132199215
1182.0129400342496 706.7327211996826 27.557234941799457
1180.4234757706593 765.5150994695038 273.3413913053854
490.573210004552 1026.0261208053018 656.9692085543455
987.5446458394465 1086.0527024608616 367.2580444139315
995.9074360953297 1339.8966077120717 556.6490214812793
838.169515609004 652.8364767942153 1461.7638566549876
1291.1880341243523 763.7688536305675 1223.824235007289
367.74687528565437 1143.0821696218188 1080.9306367147801
980.0627844847706 1187.956721329589 950.6096294460775
876.4365144011992 595.3106489840411 1450.2335517103163
742.6398006400038 543.8705107496351 266.45255415915096
1102.5461861725312 879.8873569203795 1209.880228845752
840.0619281364259 1259.931668543339 1444.216928968035
865.7303363481245 1236.3720441537241 100.16197755995648
1392.9805386526436 1285.6865672899162 1439.5764376358927
1148.7525132163942 763.6162096074822 756.4660946764466
733.6481762128917 1197.6256272190117 1160.0200729670653
846.0067527144971 1445.7755891711854 477.1335807843561
694.3872757708067 1168.1240428023375 1465.3926484045912
1536.103022661484 913.2653450465916 242.0341192635268
940.3752960407811 1101.4281628674626 1224.7269764838973
986.6209998496589 995.5850752799553 735.1051229400805
773.5898286628346 881.8792731661424 1244.7787864497816
930.6408858899368 1009.971695334126 972.3054254075381
1006.0450621031434 931.1446977994308 662.2520617075528
1094.73794378713 864.4047611763259 218.24939059243604
1011.5274822489902 917.6499063982324 1335.2810760969971
1308.8777265762444 734.265722583288 892.69635699901
546.4723608258786 974.6774660120028 649.1255879747582
1279.5358152361873 1079.7062705949895 845.8026148915892
854.9565518431245 868.2617741649476 889.3810813805609
701.0390189675256 1516.0493176172427 876.5941713955906
1164.911578913081 766.1471906398086 1395.8360603073227
541.1735068792167 877.7166871768463 1302.2798598905827
629.3674928499482 883.7800943660511 163.49750816885438
1158.5032110403854 1370.2779477424406 730.2075847092879
1129.7620238417173 1020.6055227025298 598.6477931001618
1036.1890728280898 910.7585050578359 1195.4636566878332
1052.7353849872313 1121.9364113196316 449.9453713254311
1392.5150291058274 662.9842450193121 1201.6036986583672
1021.0672538772336 1031.1913445047687 523.5102058731133
1198.3117024246608 995.7612577700407 1420.075765934065
1005.5297500531526 805.1290223256913 191.78761744836265
1574.4181006600033 560.634827183123 893.294282032005
1033.361062634965 1144.499102317281 1367.3729166955238
1051.3705485065504 1155.1347030765148 951.6304541108286
1088.036851406982 1226.9642288298744 184.167568233292
1265.3517456317827 782.6978446021469 40.3156053624808
959.4200919339347 1566.6567300368406 1215.2744123837906
891.1479189983521 1038.3835095170216 1277.3745055275795
1202.4668715904454 1051.6509082536472 1254.2056200880786
1138.5772301117574 1187.926147890849 518.3328006006609
561.6427893229607 1040.6014990190415 352.9662144629972
890.3959587423358 894.3038489164518 483.4495118817134
1196.9718241296414 1189.409708490213 1222.4698752947704
1062.6230314461297 887.4580002202947 256.00537001588407
1604.5058018658424 788.3427187044475 1300.055859533574
1083.4935235525365 695.1704955552092 1496.8816589374635
782.2791232987796 1078.0521715603786 646.2344575735277
971.0004046117604 908.5302434149046 154.38811368762345
899.1538403415999 1167.4046544582436 1382.5592567696135
829.8706622376371 1382.6027413535558 828.3429479164186
503.37340182872106 1072.8411535869493 1283.2441433785796
612.7567715380893 776.1183531267484 1411.733160359537
808.4396579739275 1357.0304027682016 789.5874532575684
847.1015387096087 944.5920531755552 121.7251606649406
1009.5601391278334 829.1710320085987 308.4015283587945
994.692608609978 914.8471550392142 1270.9323100571098
1118.005620645244 1107.0100586415278 873.1861427711686
1349.937219132243 688.9043211241743 230.2505987749141
1141.3735822031651 1059.1751801330504 628.6181064092465
1435.577223378191 1106.9582783612022 170.23129778086786
881.3999313020113 1294.029013838637 1307.4489660489976
986.5732402389598 1147.9671612761317 1181.5537886484954
693.4520778963081 711.317089130588 324.15826193178947
747.9152362386744 745.625214220163 636.6268718978772
1455.2454255911045 1110.9219955473936 888.0037507097032
741.1054514013083 688.5450293755658 888.4139544077284
1237.3571693875201 1358.3768731701468 1292.1194295287503
923.6639400948984 1110.8176807263226 425.3208349065303
942.5473871319075 570.3311196370171 995.5625148783795
1516.554838337036 571.228207655788 1142.6976819165184
1369.3266721605837 861.9764752156187 918.0088752760067
828.655836571799 1270.1348063112218 100.96129305055807
969.0726785166806 760.410108694325 381.60588064497426
1013.5864818417099 1284.008246603043 727.3954300940778
1205.4967652265443 1053.1111935979006 643.5408304381256
1259.7434227416709 817.2698013718718 585.2377464959728
1052.5243755338795 1296.008436742093 875.851766132757
813.6866470690438 959.5877804569517 1150.0058106593742
1202.7718538350323 1078.1126584353622 109.14786718880914
1174.5373280518513 748.1311942378674 33.131810137717764
576.7646773218652 1033.9063785139751 1414.7404904819523
1092.5094761528042 1071.1257410967212 1299.5473030516437
816.5127581242941 1383.3125577611124 882.4582619483178
619.2054675661213 1228.3214974210227 943.0451284898708
786.3740932398123 990.8766164031595 1340.8223379309138
989.9256553945215 1073.4427354107777 800.2769593754035
946.9265334024733 1360.8856671038325 1249.5587006630149
653.429981480982 895.6976268835906 1464.8565404230453
824.7095532517984 1392.79529290123 797.4450943053181
831.7380853561057 419.96259765715604 1437.9116410182423
1060.7987612592085 767.4424142188925 921.9425442291442
987.2585290026386 873.22218322929 1240.224915163281
724.5858453295589 1009.4585351115974 882.2811804242042
1099.7126527238079 774.5080452766987 120.85888492190055
850.9703880888302 987.2641502028547 1260.6927663415017
916.1741500053594 1224.3998773711915 364.2365873783202
822.4261168426622 1147.8599416992656 401.0695951904689
998.0569376446562 1321.4237559567218 1209.8348298539938
976.6473720639503 921.7874026673855 455.66218972899014
945.38582365248 851.4863046334145 159.3591265306673
775.3054204853297 1345.890057613559 827.4351832706718
890.8646716870321 1114.1730062183142 154.78341538795127
1405.45865496215 1120.7810870820786 1073.67115629114
1215.0749612043483 1163.0735641360536 1114.4353322493398
681.0122867495551 1075.2990419984098 906.4120695473509
925.6109104895911 1677.4580435079474 1010.9946811430101
901.8312684180142 1076.2751383127993 878.1667777509978
1075.5161923835442 1035.9778037711542 647.9468698597018
770.5606789071426 904.5461635501819 655.7943166675847
1322.7304839185558 1651.6571474210004 1087.9715188977193
1077.7194629001644 1073.4427226284838 1074.7639496702668
1209.6043927847477 953.4798300629085 1452.5803437242716
741.8587478769775 1067.2669026439044 342.0178263252947
1450.5278501461446 862.0736888780785 15.16589510666705
761.8472792591906 1139.1177065637683 89.57149972621664
950.0133312783778 752.6769775672445 1179.5053887511249
1035.4921732512455 806.070895785824 1454.5457717060488
1492.3541566064746 1146.3727227434129 739.2861609792052
1457.2191678886347 1151.556525804431 1332.9262463150792
706.1905465539357 722.4944120775605 902.4075604398232
1493.9651802138378 953.1423767331949 380.4719660071403
1186.3723900138345 1025.653621692337 1073.8251470845894
1293.8708250421466 975.1884715914204 591.2057565264794
1507.0627809859884 898.7594081539462 1236.314031315032
1095.7020447664877 1055.7957184406591 606.1922397635349
1330.5199559967452 949.4101685670021 783.0936692227774
992.1711869804332 1115.945715254774 1329.9578224732968
576.7077359429431 1483.2962834189525 820.4662103272387
1106.4920189441118 1458.7028370539833 1079.3206526424751
1163.5848915653273 1180.3575901779147 1102.1053042615945
671.4357124676508 1000.2734234819914 890.4485753575558
1137.3991322661689 909.7413875623197 1338.2716706409362
1215.4735051436387 1041.235585107974 886.6065034686211
1147.781271484944 687.4889039152904 1061.1327006901363
1159.0787439726787 1449.1157877341452 909.8757632722444
851.2821178829929 840.3690185752016 1062.2083746499707
696.4829037090628 1089.2494274227522 1293.0941656811729
983.4615600621254 127.01575251182396 1102.885026123093
911.477519763681 586.846409806295 190.4653620362679
1245.032505156534 1079.790414995195 953.0910687532395
899.0146952253916 1217.881918360497 324.149449421484
1050.7868095624458 827.4194643174745 773.0457833153993
664.496888634977 901.4752248573898 66.44737826539627
1190.6363161993445 623.7817824007086 325.3557238763662
653.3197991673069 1029.337969163341 536.3850761340836
687.8980081047156 1401.2794406708442 1089.472933601289
820.1785488895584 950.3205052748939 234.7628364397997
1242.8754000236706 1003.7354962223915 1261.942679595524
1121.8530066673895 1413.4390370015317 207.07854785620134
1141.9449385360751 987.9948084105504 1454.7179607493308
617.4288280396386 854.3442716355152 1030.4051505146065
1182.6257527934824 575.2872844244662 140.07257939944472
1102.2246869307437 458.9456488068756 1437.5390216279286
1558.2248313955984 915.2363352547786 230.6380721862049
935.3312757330427 737.8753203207626 1176.5089870400996
669.8409639171665 522.1118278928791 1486.2854638757758
1047.976190728231 1105.3884015468811 584.4248909280321
903.4892081704741 995.1686019870805 724.678214765507
922.4757711417315 805.7361991114116 1412.428244523727
1263.2840442289792 915.1012688526407 1391.896105900821
914.6911647714178 1056.5762212485035 792.3053951522754
970.3989912076424 1009.7449634891494 837.7595999224673
804.3019055612847 976.940020725832 91.07603658877844
840.4490419549727 880.2969403044146 203.82966075954883
791.8702326658696 865.5372318688685 785.9421086458775
763.7679461006815 997.2215454538895 1252.9634069622518
1219.5657897279025 1217.4426219334853 87.88691424489814
1322.6402216697234 694.3682857271127 409.75516608355963
1034.872694951446 920.9013685523867 1076.8612521048085
1330.6988665556676 833.3069416279482 1381.0909775544512
1061.7851435027394 801.3779907914248 948.9853461461925
691.6737092958581 1281.4297187308425 609.5934910942096
1264.594610522673 393.33040805885776 471.35432029466955
1108.0634197066106 1121.6141554729118 930.5561418908645
962.2947876392765 1268.5182296458895 1229.2208520377883
1282.1747490590346 1195.154187066553 1303.488776116746
561.3304832113068 1096.8710127686647 228.17521807543056
622.0044893025487 1419.683202911045 1359.195437432919
713.6290309350616 1232.6655605415322 1431.898017631889
995.0740900010279 409.33021781212517 46.822779391328226
1168.6389811074262 1044.8871337933826 1172.2148583925712
797.5963319284352 801.4411449636376 1150.8854323406124
946.4696510609956 1382.4767192827053 1419.082834838582
1155.6036297613964 757.6199488148704 328.8036097549274
1155.1011114715654 765.2202271438398 791.4257085254244
1054.3202053213533 1270.6632964272894 985.3461578180066
1258.846005740507 1119.976058373684 532.3784870203372
617.267046000823 1021.5128597851551 1286.3412118623803
1046.9612410716886 1112.258248860217 476.1356814123593
886.8113492862309 881.6180872650125 1347.2771490750024
1214.067649519395 811.3552842342999 565.0589336891668
877.5258188113672 494.96889662243484 1374.4299940554145
435.97454471008564 1022.6623513317868 654.2632220458031
834.2174036251711 1301.7387729790753 1313.2174127486119
1593.3783973939014 652.4362658669609 325.2102417318997
1269.3855358365563 1222.0500858026796 641.9070007636348
1229.3853495460364 548.0585852317059 167.60422199889285
830.3149042828032 919.5484112884092 702.8209677421476
1164.96127059186 962.3150271348039 832.6818349862632
1252.9429535981164 1027.6096034170102 1012.1001145001053
796.4678329779457 648.50281085708 1104.5978962921836
927.196161491114 923.9916907108638 1233.6482999301493
808.2846150144651 724.9568366407096 554.3656563650894
821.6791759117311 1125.6400064620912 1323.747083160432
1199.001053807285 1063.3872100883289 763.5707685391901
1034.2350317998514 880.3449557506636 71.06750775404502
805.8429381505473 734.517146313826 651.7739854058053
972.1707629265888 999.3718927998468 631.5064531184968
1330.6491804230554 589.1066569641991 276.96027413953226
1450.9671521759435 904.7213454185364 170.17723243102012
632.7897068351092 1115.2727777592743 114.69841069197051
1026.4879819669961 708.3235292800956 745.4688152550808
1158.7763377872132 577.3317422919213 1100.1311925452803
1194.7512691168788 1054.7571553568512 1229.8521718459133
1197.7575779963227 1227.4470023029285 700.4795789557928
815.787292640208 1187.396738509086 1389.1068430439884
889.8064483045521 835.1800476042924 244.09093816968064
870.0631449702001 955.9105117686083 953.9909543006498
938.8146892242081 1204.7066909586006 538.6301421126688
739.9483340361659 472.59298672608907 737.8447275012564
1248.2043215527801 1602.0883100758033 496.7718254212297
1304.7558514181414 1062.113457646653 988.6132564233938
1478.411614628035 723.4095999915165 1068.0968955514168
1136.5230418047997 1178.9695051252454 391.29332935575655
623.8692363926145 843.3966868099445 736.7073823625419
1469.1096916584436 1323.3395274243169 511.59068605922863
1375.8509971695185 1214.8578504118623 592.8625753803901
1246.8387662027044 710.3709912464186 949.4593694300037
1232.819756687742 1303.4163558391465 304.08424122109915
1326.7371041458541 1065.2687690310222 94.52812323655563
1097.7461381144342 958.4590707912369 96.06634604599734
861.1062799013677 801.3311690283872 1299.3544901282426
814.7510491203005 1333.7293562000618 69.3476539548532
733.3758673669191 1079.9271848511594 1390.9610005280317
1161.1885025143276 969.8230446570378 565.0607107923599
1041.3460260194447 701.1815562714783 637.3687440986886
1074.8703814591079 1039.7872542159926 812.2148977459353
917.0276827671286 710.7573517897583 1009.6517275235502
698.5113241145559 909.6395426568334 1056.1715796241858
957.7187295573954 648.3832215121319 98.65851572152657
943.8741221468657 677.9570816961084 1247.2494810396822
607.4470508215458 1051.3216345552394 1017.5368864296153
588.1061430682983 1291.0885429549792 1380.1974698299575
1178.1897900333124 1195.9965615581011 6.109663709181367
557.7829263921406 749.4560494333225 583.9183188740528
1028.678551456323 1099.4860550083936 915.6860991106266
1504.8878407812103 1414.310579114947 1250.4591614224948
1185.3704741972538 912.8643941042667 609.2963740207848
550.0411795297111 1052.3913534445676 1134.5057722350432
728.1555854874287 1104.8521643734193 566.6291548714264
802.8903506303026 849.0004652254395 513.1772677068121
1263.0275653987023 957.0812199635328 24.078550634530906
547.0531366050507 996.4240075724572 860.2108688220588
1167.4024023512216 408.4150696702641 564.9411489217063
1463.3225327231617 1088.3738728560395 1377.0449824871719
1092.7913413693134 819.8288549603428 890.4260772367571
1311.8769253787702 989.188976144998 20.88223777701026
990.2943804858437 1048.1560548832026 711.5428315610196
1253.1003708590774 1169.7738844173787 20.601734435904127
1634.4975072926459 1147.23693939661 1366.6353660675486
1020.9176536282997 931.0284506580342 1483.9250708815207
682.174074584085 924.0521940219742 499.0705059641347
1052.9654344416483 1344.9572163795544 63.419649070673714
1012.18875635197 540.5190483439369 1239.5964929446632
914.2019647635608 1354.1690053686548 714.0206946274683
721.2360985886062 1191.2076841200774 953.6529777710637
999.9195568452105 758.4440207353603 79.32715036298843
563.6239427833075 750.4502449067205 754.8673848439677
1114.616668831555 1137.2010528119245 372.90504924297727
1068.1711895781264 840.9967813397318 1485.8972221591505
839.7240311043536 1120.6277342051728 548.5184574008557
1253.9654537369372 1644.6942425419097 308.723026932206
1270.1081406809967 879.6123618950635 1019.539371880452
852.7478796073965 512.2424446716177 1438.102868892543
1169.1290888362237 947.1262730443243 500.2182513547136
981.5813046904532 958.7098721645243 1078.110819494745
1428.4552186911174 998.4797040469164 756.6794362994173
894.4246870380532 836.2075846339912 279.4578143885486
863.3950199770594 1183.5388005702912 882.9307333085351
1137.1387322841483 1305.4317350467397 759.66627177602
1120.8623940931848 843.9815170279676 280.284328657201
772.2461325553162 1148.5910642280382 456.5029338547983
1080.7466173835464 1203.4821764779247 40.74203622337752
1397.5009486932706 728.2971756757629 907.1265738013659
613.2642280698058 1213.8177814422704 1293.2160065693747
878.2306534012063 997.5543415392375 1284.8585939955392
1225.089176842877 1585.007428047601 86.71210861975615
822.012792990276 713.2223270624157 144.91366815169297
1153.0524611640224 1401.5462174054805 1470.728299624587
816.3592742932601 1179.7886436133538 811.8465129399666
1051.8975154960576 789.3355851251874 653.6866837963131
1037.5049469105375 846.817951271865 148.96881583470906
1328.2120032463677 1598.4621774407092 28.728903137924533
1117.0661798800998 1257.7164734260423 99.48936759885501
990.4910772776085 719.7358467450558 535.6902218762312
582.0093370173025 1025.61662814185 1113.3882005989321
671.841687886656 1000.8538426521019 777.2874159707532
928.4183191518741 852.9441006310024 351.07636570122077
791.9942188868969 992.2326289670449 1366.541588050688
715.4415837332367 1214.170374983212 621.7526439355718
1127.7133564183512 958.66433111576 726.1065877033737
1204.5039964674822 1073.7325251195432 780.4402867807969
751.4714303411462 1098.445556284762 1462.9068490590655
1063.9468365703476 1336.6834344928538 1390.1507112355532
1288.7565831707225 985.3675238868893 213.81773277463927
1460.41899937324 796.2632173064989 336.0687505910801
606.4989633069408 1153.4706746863478 97.16019366334471
1690.8995333250318 894.8696316568854 1336.6503871120706
639.5684368451643 1176.00294888058 123.79628753319372
1012.740332653533 895.0090475227593 166.624789754433
975.9387220485448 1222.6822572130059 1371.1595689769667
1047.1256118218164 770.2251010338141 1302.0705228667257
606.0240297927519 948.3078815610172 1014.7200774119557
1170.9727810319157 892.4080486761923 1351.8044446686856
1159.5854455158765 957.2164589100187 1123.204065059515
1607.291936396588 699.1839631756206 966.5516336206092
1280.300507276889 1069.4416463029768 993.1681156902528
1009.7228372126593 1578.4550814113718 22.991609479472096
1408.7033004784055 1191.323732665944 647.8955295511316
1038.4749323449457 946.3677285126712 160.9593890978661
1373.488274174809 871.3286563814495 589.9765399616923
665.7133826345661 1026.993550834157 598.8691907683123
475.84962988043094 1193.8232106543833 51.76017527806442
1196.3279542284463 1358.6668803573496 324.8513730713465
616.0635947938871 1045.135803816833 1329.3065940763154
589.7779536835011 1034.954120286813 1194.4541578066762
991.6280577309634 429.6786764028519 1419.4517196403997
1686.5949592193178 1368.2708064723352 446.54445132749834
1073.9401580742463 1078.4299485845634 552.7311949409167
1220.602985747553 863.1667088448908 1026.3864227710023
1117.9152546963044 967.8123650475158 9.794272774445778
996.470015825355 797.8979537702029 1043.9412272126306
908.8163095591868 961.8292734009265 1168.9209372589412
570.6126233961828 880.2913911666142 6.872476027816488
1109.6582733149767 1292.74735592448 344.4732799855342
859.390593654301 1216.2788651940893 253.67601348812065
977.1095710212235 506.85725830030424 895.9321000321278
969.4767063439656 997.3115242894957 661.36548562102
1238.9162308378452 871.1422982468791 1167.9210824519478
1129.0672526674043 1251.4729044732883 1454.9849909552167
1237.8562660988514 792.6775696523017 1168.2841713874811
635.1783931720533 1327.5892331723464 1005.1316936920583
1001.5269746265515 530.2142137605568 1241.8709632046812
763.988929171281 1433.6269393139723 1333.2191607556306
1234.199098598912 1065.0738246564867 46.079411357181634
896.2804823599138 584.5058253497746 922.8430606639648
1190.8332253186597 1072.1455424907206 353.9888183488566
1474.607769662463 992.408154529102 810.0792844587173
988.5285961855137 1167.9918568397145 255.13459316230842
451.23021583595005 1145.9449149231602 1139.8975163401703
1324.4132844321675 1130.5062623130482 598.1430769822274
1227.1944163256308 1229.0654152663205 754.289627888114
928.4081833536352 1398.6031462883884 1121.979032700606
967.0781765571635 928.2997543651562 644.5753455270544
1533.9906476114966 1027.6626860489416 588.8059012840973
953.5495051068912 927.5684111896952 706.6236893812195
1228.3448130139677 935.7905252567185 205.83142305560787
1064.7467123214808 1108.9991994202608 914.9269847943717
567.2669819188 843.1414328542915 780.6445673678097
991.0032164172169 1080.9393395906513 672.991261500625
1132.3716706764403 1335.8521048002553 1021.1617175202471
464.8213600916381 980.0444634510744 777.9715656041882
1175.1622905662368 1003.3277234822017 54.0333289701333
833.8568782368336 1137.0634970499514 463.3937888655457
993.1851566068952 1168.1020283927971 902.34536592229
1367.4491490806583 1283.717557305668 1417.1915934568176
863.9061182317723 683.3300633842825 58.61500819470788
1395.725058668445 995.8869888656019 267.6750374985208
856.2403152465799 424.6719987982822 1162.1522050597555
642.5563142022511 1265.4240146145823 1037.6343907945165
1075.2690095401106 903.6345514079258 660.1759978155071
1111.963204755387 1214.5976170692322 445.54585814242716
976.1437400689334 1300.3218699972977 672.2451880237278
1297.076690541502 860.1698583020741 910.0118573895927
849.5832891707344 651.6995808195595 292.9635077885817
1137.033657630883 801.2376262677208 936.1703927786434
800.587163230991 1020.0037556381832 1089.8329859928938
1128.4456000060657 1210.5520712370458 296.2236608873011
980.7680131214795 1172.6817656811425 729.3907475309244
1014.4225564322531 1087.851763066642 559.1176110648012
1118.362409093103 1487.7812087345671 442.8575679828617
1494.11387686246 1209.845100904213 1108.220183784682
1407.4825806398055 1182.67653358662 1339.6415643527494
1233.3983400391755 843.1677111554942 848.2092291735654
1383.8065009199477 1187.073116069815 572.5359739931977
1024.8217231070632 794.5515410121703 848.0103362325123
742.8338720018442 798.9574112611098 682.2286108569346
766.4993296381098 950.639898193421 5.242101943730426
944.7773887058746 1002.3606280774782 981.843252255537
1013.0901812247497 889.8980492558883 1251.3812706412214
1247.0558339735103 1078.0285916910038 69.67514876036334
1024.5992835662882 826.1112026202942 240.72812240076343
1571.2038036547578 840.5242517006068 500.571186162516
1406.6425842517183 1359.3047729331324 228.45605061814516
867.1171161771216 977.1378491887408 245.90772231862562
1219.919566480705 927.8052895299215 816.0682531456663
1069.0236771603215 797.8646806456779 999.3285216077886
482.84590889106664 941.282150432298 127.69760870564039
817.4333249653213 948.7559830560491 72.63780523608997
1395.4332616073732 836.468017389041 869.7704117296566
1282.2239490198508 948.5259768773324 826.5240625576155
1508.0279264848089 1138.449262814238 681.5617318677164
836.6652455547171 960.8823542863164 880.1353997320349
548.4573416577598 1039.4035613266074 15.612065411004572
1430.3973609182328 729.3778459060636 1090.593484474658
1425.211546058562 1341.7699449089546 722.0700992303967
747.4637187051231 683.6257478102116 601.5916073976036
977.0422488086967 1295.815962896475 969.1429058902164
922.2299305012234 701.3487574228157 490.5820737200358
1090.7006540495013 1033.518797922088 381.6129825775078
1248.2371273211843 956.080651150174 1276.5650177564282
1202.5811825398553 867.1229571761509 801.7161245001558
903.9121945294403 1364.4299232387427 1289.3429570626265
887.8234894809577 1148.2649611910683 65.48784322620766
1246.1278186608372 1036.62663747842 356.9688100282475
776.5052864080128 783.6810257974225 258.3748364253572
1175.9533611338532 624.3236802178178 829.2724764714998
818.3330271956108 1113.8700634334193 258.6213408570067
1308.827844814405 827.1028713637403 376.2925801748499
889.4213332827001 1104.9726689734277 1129.7756756838837
1228.2955318531085 1064.045408810446 588.9627892303728
969.324978909646 1237.8395839335747 1231.3240414094566
1211.5487087385136 924.8408862547083 1345.197470836646
652.0118060271975 1256.758671729716 248.88034005628907
949.2111235622932 1239.2297160760838 1394.7751539677577
980.2418607382017 717.2536423792905 466.5842433057419
1202.2565072462155 1377.8020316297302 436.01977090210323
1110.4752885190958 1034.90392440335 96.2993687435148
1276.3236865515103 1164.1206237196438 815.0876780935444
1520.33704180138 1503.205018906933 4.054863068778891
848.5076776777098 1232.976622073602 1329.096506481885
795.9356793926121 997.3080027847092 189.208865798071
791.2285942920867 1028.4192573748142 713.2180494241027
803.1283241276361 1110.4830277259755 19.955799911905714
827.18129193603 1008.6314311968774 1341.110168348663
1336.9297687188937 1178.9716496168414 807.5944485612306
1082.0159623284335 1278.9987479411268 1459.8826229458423
1293.850244955945 995.8852918874446 1280.3659902963134
1126.0158748841518 1272.5837387870015 121.22977455250816
771.7105712979552 1245.0396127341512 433.53832351806784
1212.373654114143 1051.0492346176713 826.4101111085598
984.7449245519924 723.6615570231363 92.55491835441521
765.4835102931863 1113.6121026249486 516.5793977708274
1189.1506543776227 1091.0597997528596 635.594059189289
738.2453651631054 546.0427153725154 497.8306045524223
719.712653860489 1616.7427368644526 1161.033198456844
1152.8259468501556 979.1217805745501 599.0506860274621
671.6294373906832 810.4619308423582 17.444072258244127
1426.4433042184824 500.2971657505992 410.230525750402
1040.0717728584957 1048.3383100215042 623.5434050515316
1035.979678300868 848.4338625664034 1232.9336116025647
1080.8059910570905 583.4422015101484 1384.9392206317184
754.4669358521321 1012.3031056705944 1416.5756163059445
581.9340556974173 1450.1108689961143 563.8224570285255
744.8021686141474 848.4227671200513 1340.9923198686708
1217.7021295039 687.6487793780616 19.345775362856422
1172.1934526595996 1254.2429405705436 661.0505151832353
1166.672105037232 999.8506647704078 629.5442678483926
833.8767440999131 702.664178736075 621.2914800252771
1068.592495932502 1381.1281739223396 957.6101767675128
638.7886810513057 1451.5005220577862 510.42889343523564
879.7179398746539 1163.9226336985328 3.3738647220643014
852.1914944137068 555.9413491574578 356.89396815148484
755.1787862917987 649.1958092295204 1426.3208944452745
901.5720591570346 1127.4020775668962 1356.6473555443356
903.8573304006654 952.1639479897138 987.6490334368988
1272.9606047786347 1558.374923503406 172.91268683477352
1242.7724708053618 919.4357342766504 35.90168918918207
1067.2685777823585 533.102663214554 1229.4675966444377
275.72927770365527 1046.0542740770952 209.81020530695653
1121.4591590681082 1753.4506589844846 853.0883162141456
1324.684396430129 1245.9297633476097 1359.8060458119178
935.8270048330911 808.4061416766742 1474.7084283524757
855.0208271431109 1673.7537482208345 951.6625545026268
1252.357897292716 1199.741809442138 248.32317948173167
1147.4222374127278 787.5722871054932 1046.684600049763
1286.1856446010918 871.1814770571082 1024.2479686723236
800.2044849884971 1084.7922551610313 1274.7846915569069
1675.58789706307 731.4719642045344 298.56373532798324
1209.4063073180791 1403.7474010413362 475.30146405073407
1022.471293727087 701.3287089138691 464.4927795518869
910.8701634741547 970.4785946144634 569.0424741142579
793.9927459529599 482.4232121457394 771.666422514632
1297.4089189317392 776.884495922175 1299.8580881850269
1097.7824237091409 1020.3215202218682 1065.0686708835688
860.0342396541805 926.3789137452329 330.8611240288809
504.21150794373807 700.8357270361845 1000.4243061501113
1476.9293505318062 791.8814770895552 471.07725445474864
778.8854048710089 1171.124384053248 771.5881634735576
872.8630967828519 477.48547682576225 1404.6954911443356
653.7988013283232 1008.7318983102027 923.3787801452352
1340.2045874533292 1387.9769060630335 1400.6822858261876
1294.8012088582268 1046.1703102700103 1282.4608303169052
516.941837669611 1022.4233646681779 940.6514860057063
595.5347331071368 1029.2322477334787 550.7296727051952
899.7904202413264 872.7927302502533 1271.2443598436057
995.6107414460897 1203.0497519729995 381.8038910627043
1648.1116237267186 1314.5927324544318 824.4779679095406
702.6349034736096 998.5199754250426 766.0979378853499
1170.0778528094795 1084.417516830949 770.5508631415057
981.6073211742095 706.5376102228965 1241.9039761785673
731.1256377915875 1170.075224221545 1467.2170877472668
776.4727212319082 1169.959674631445 144.6274101596987
1125.2002160817074 840.2525108488803 1360.8372588702666
1011.4284071727984 933.6831470463486 1289.815614206488
576.4759205126437 958.0468024021816 690.8373620980459
1316.8959837371685 869.0457782826456 1202.7526157438072
1042.1389629536843 496.9698948364784 1479.4171533781528
1063.0867355271441 814.2665847555772 962.8263046791409
974.3876199942579 1478.1543327117677 419.51976015815853
206.13490520848904 1103.0317224757207 198.05236005601213
1224.6991451946287 1213.976292629255 28.694663226407457
883.4812870478363 1126.688765425619 967.52823104928
477.95744316873765 982.2219443599407 1233.4281955832766
1209.2422629848675 466.2590054577719 509.98342830425247
824.1965022880555 944.8307692468558 707.7333591367914
781.5904329054139 1580.151806405764 1249.0617741727058
701.3727512208255 1004.1785609652611 136.591772122664
826.8820855256641 965.2144479402019 870.0074980713044
1156.7039064931612 1272.5617009580244 1387.0811606558657
915.4025001594837 1000.8030026009786 500.9345961464429
1206.8713707070667 874.2068963350808 547.9499506226438
962.1427332660699 1301.423384876867 830.3300958531672
1094.7741547246706 856.6603441445645 1092.4511814659056
984.9295626191345 608.7453164755266 1322.4081602258605
729.0855046513209 865.2570000461404 519.7569779466835
705.4974178927209 1027.458856702935 811.8011463352879
1357.9564063487003 898.3526851145754 1248.7656940101185
757.5148699352911 1288.585319277483 615.7878387605047
935.5253766100035 1151.4996142485247 1376.3700474584114
950.1464227059064 895.5723183370532 978.0150564983417
1406.8448760512035 562.5550382617689 179.37311121934403
1432.607356843881 1300.2179215060687 114.86962360178055
852.338219257397 973.1524027440435 75.88115479521413
679.6730551285814 1075.3482263421577 49.528289971839335
1110.923769346527 925.2633657552133 648.9227142256234
787.8888705327661 972.3091441470472 1387.018257077556
1041.2127826143903 1028.712452032778 337.982185983465
1079.897145386596 1245.2111322474075 357.9094889536352
662.7589442096396 1079.336162264341 842.1251319417605
696.9387147615503 1231.8250411965892 816.7969543941562
958.0374988291876 1021.1126858024418 1051.788025503168
910.4428357462185 1344.5705500879608 973.5336251347632
1153.2372184493574 879.7540144854928 321.9738370593233
1134.5789563925239 1019.2743499881808 368.95683485085397
673.519649547028 1248.4189140073318 1290.118361530895
1057.7718057469938 1201.480845130553 515.8126725348048
850.9587453770328 576.2337206256161 875.257641737677
1020.8915908813361 791.1350428269436 1103.9224061369584
366.9836903243082 731.7090416491563 740.4790179547456
1329.4846556494608 508.3178740642969 1186.3967005284628
986.2641941936439 743.0637780719576 203.77792794173527
785.0490228901434 1199.5276756837054 908.536715494169
1018.0891775022341 953.5774801134902 505.46701717116116
866.436476633145 966.163761530207 1483.7959341389903
654.4763551250045 1434.9327470405692 671.5630505226145
1200.2565343977462 855.8097767962474 806.9058438583019
1214.3452184627693 1166.464032896667 798.5015778489166
1191.219222175375 870.405699659882 1187.838867826528
987.4732613852002 548.5804808202251 834.035272599608
879.7256012390587 478.08718978267416 810.6280891044672
694.4426977466139 1330.6196017117336 1032.3787418958032
1300.4360243913393 839.8121798600007 164.30496954667439
1056.1015374292235 987.7725434117424 1023.1460955404514
432.2056046368216 1370.4992549834071 615.6365999002751
1115.6175274674463 1079.1648901646538 590.3379295715522
975.5695193925872 1322.7824474592492 1071.8874297092673
1248.9568857597674 839.5663067775897 447.8624678352074
904.957250142407 1563.377956981315 1311.9654583961249
1165.61785910022 1551.4129547770508 887.5354272822418
1108.173738787806 1040.9541021949308 786.1454882357478
760.6235557654311 982.1974204883456 1172.7056762318778
1131.09684522567 898.6220130637249 830.666076548099
1235.6173870148882 1128.0724499505193 711.4678851103643
697.9008925768078 773.0764069527409 1177.8832704817685
1170.703991315122 1014.8209419235366 1337.839772950933
1173.4615294573682 965.8340564353311 224.1285204925293
631.8985642222835 1437.5470999280435 149.13995241747108
971.1303019319678 1255.680512825135 1009.8519726399992
567.5168689527826 1295.5693514133511 1292.2886672017487
1157.7919665519598 1348.7662111478585 159.26474625199262
997.5061222468878 848.9490765175672 1364.8511450533415
1151.2954132676446 600.3361690566073 522.0250880075483
826.5795897619951 990.2194267871861 974.7871072032203
1391.6976183169418 879.0292241825706 688.9629473041823
1181.0552771192667 1187.3907763008513 1286.2648426246813
779.4570213241834 1234.1731809465477 1018.5509956505201
812.6736923410016 860.7582537097974 1323.1446002034781
1097.6492021535394 1209.5913598505044 1479.063266589352
993.0251235052777 1328.81992425616 1260.0504837542107
925.9970276813979 1557.8791111779256 213.5194166781103
1102.5104661727125 1196.1575448005235 797.1198623868261
1233.4643921761285 509.5540723221391 1132.5469515226364
990.5661245945983 1065.8655592067519 1218.8758160370685
746.7739399285092 666.8429970493734 363.7313518803751
1127.2304024384007 1015.3080759498487 755.36205507204
775.9334265020298 820.2666415964853 1127.932459900505
1335.9240151883655 871.2060372789462 748.7150763579226
1128.008219626088 698.1096143436811 565.8765191050728
1142.2993194299693 1457.5438910565597 801.2956082796024
843.9556575292095 635.7096352593433 1090.4617195443122
1401.1648892382984 1141.8118123632155 400.6798689181252
468.7578561315519 750.8020463552073 546.0114222590768
1264.1765050245203 1170.558937260736 18.00379548076636
1605.7185717928041 968.4467044766832 1449.6835513042747
769.5470280511236 875.2730314844564 479.5324920815601
1270.1439320064771 1176.6782021651438 801.7520330556471
1137.051175989439 1165.6450941118933 506.2634443792796
1101.8701394915788 728.9342603033053 1202.3485126675048
1364.6246249163953 935.8087827941517 1401.8388401643351
849.9199862230914 913.1510134236323 1256.0581738471665
1159.3838931509304 839.0759635361284 1303.3214756588718
1256.0971140105453 641.8509184122892 1379.0239743520415
1259.8581027976425 758.2183640589537 49.25139241122773
1214.9350415492966 1109.4810377359665 724.0425773202924
694.5951652855315 959.0243751041626 664.9131870939212
1085.1521032256994 926.4496824377042 876.8630873013635
1424.1264978251695 1423.9891852534424 643.0526559267986
1180.3284895277409 988.6011382773385 774.9343389349709
756.0138163838219 593.1968384686736 1196.7965158470308
1327.5795649128522 857.7394757089324 1475.8648184318877
447.23275262156017 1052.97385120489 415.56023142870345
921.1067797716763 631.3868230802121 1417.6006581663041
800.6936937992058 996.3528277828481 104.9783103065613
1040.2773473942036 647.1457367518968 541.3113953983745
955.1009313179508 872.2236244309868 588.1582931624688
918.8786617602666 1043.1393170397348 1204.475427041197
918.4123475231505 936.4322177264559 862.9253326821024
495.93270313573544 1144.1375171089937 726.5124238283391
939.5812651300539 1424.6030819030852 862.3888419399652
762.6893099565546 1181.6280219850705 68.11986270666176
747.8608558367711 363.03173981939983 1165.918541555489
1074.1242080883121 1249.1895155024374 896.1755424735696
496.4500532495507 1049.8311615534565 146.89014751160633
998.5901391291246 964.1446582457053 571.8995441880228
1035.998314803562 928.2726988731797 327.53613320014654
709.9014260782966 989.8096787965706 651.0317912476929
1112.4442802961016 1192.4718595738236 249.90975573165596
1148.2232883895263 1201.215217865481 130.48782502330846
938.1799922652983 998.2025190885133 766.2004706412372
1341.755837700572 1378.103210473062 7.595667015485308
982.3202933388671 487.4003803174204 966.1906349150537
1310.1736705751855 966.7096117835421 1217.7857331078721
1377.3834363555713 1030.2816607908294 534.3314254150578
695.5736432369964 590.571284628289 346.4608650199907
1142.7204466205949 933.9160868359527 321.42784070622184
738.7982875885632 1088.767472098557 736.0005982624708
1033.5702834038752 971.5674826801371 14.428862560535826
911.7710058735178 1161.4289968761832 977.5139908095905
1532.545765181161 1074.270334297026 1160.2748215595009
1192.5427738340072 1110.4728742141701 827.7404683405883
915.647938413098 886.2478552760647 606.1882178499627
898.8992287877966 792.6450135116813 1449.8079776580523
813.3426922568357 1040.3423312255618 1297.4861013593136
806.2674921274345 1163.1066085621014 727.3593552872438
1322.6731779610202 930.3823031061983 997.5901619170584
1185.6049866047126 1038.1257929426163 1319.3332155801709
896.8085918667227 903.4892002896654 1333.8220967328707
669.7368945422713 1108.1720893782901 672.9142960088599
1397.9952103081048 1145.9169449176184 921.2133819781463
820.6001553759768 466.72947267740074 968.1256852294828
1192.744007199694 1367.1208027091827 1319.175716591751
1098.8896218509537 706.5601203677297 663.3089933397624
947.9817650552341 782.2731971443568 381.879560477383
763.2027275763842 760.5171643586353 1278.1701251121692
1139.7182559198586 1157.7674062501285 1466.1509627615974
1371.338331304558 1617.4598955804058 181.2787365784242
1403.856931287421 868.41709000207 1117.169768081837
966.1109694901728 553.3108430237712 1124.8594150721074
1434.1962855173235 636.6899950102709 469.5253194692916
1055.7786288539144 1551.6130860403966 920.1106574786447
1301.7219870856557 1208.689290549577 886.0998978496385
1502.784240423105 1207.5610904977727 590.2741354300185
831.3074627414406 993.2419713363273 673.7719922342674
1196.0569671532242 265.9458383891365 480.50484755536
902.4505313861342 896.0156596758914 410.21771959197633
980.4532051424674 1040.2932766826827 440.06909678117455
1169.2791879987203 1164.9350018500572 939.5335484033759
869.4440550628387 846.8792630835974 575.8947616644092
986.3866323520047 717.9612384913826 1120.568020106904
855.6013983193702 1259.0781580120279 488.88101939212305
671.7728502258599 577.3947033759762 17.77117572889625
997.1829761359049 1171.4105546458698 858.0439034476723
918.501327687566 738.2103617945478 1400.9506685237966
1163.6623550339154 998.6217000292253 1025.355612200289
910.6268394270386 1263.3224464349094 1280.6548803125793
1119.957424326027 1225.9707230149425 705.1689132510016
1010.9493482114981 1544.7414274123494 7.995010797991087
654.2259021175045 1062.7886974011594 1076.8662556090665
1029.2913939743576 1375.1565859675882 1392.2845390398916
1139.8414869825974 800.5444134988576 458.1254109326639
1070.5067027730074 899.3707302175968 228.0700399529055
952.671182271538 1012.1126239463104 61.557535367783636
874.9076348649567 1238.4182140730586 746.2981608385461
1163.995866980217 1162.0904347501105 405.1580891730521
851.8518965377394 1234.2403197340261 1050.4308525423744
770.7115801490681 649.0865270612558 1292.4363622993696
1187.7356034443783 1240.4537552517177 965.4740267190804
705.1258078866317 797.278677652127 254.1035072070551
578.9800037729642 958.3957242938609 298.855334156165
1157.3778319079136 1446.065480174587 1264.7061945992714
1169.6301542359147 1072.1841068675387 266.81932510755564
624.096282511626 926.9982755176527 464.5181050310908
1025.6675142010083 1052.507800951123 150.5432565928369
758.8611082937546 661.5378671000528 299.97183904465345
1282.9553321959174 1039.9160413334564 1383.9999158723124
1139.910016872716 1015.8072496870284 1084.7951845467267
1016.9969571804486 831.6920969275837 1453.244493020196
1037.2594027776604 925.2458986281845 219.69260848911725
1191.5734998796381 1019.0258204002245 609.9047267326932
823.0718176024153 263.790561301293 534.901523942151
577.4501531032574 1042.5656703879897 1254.5154617531107
766.9691333215841 1230.3146843677293 626.1062684574466
913.1530337934669 847.9235316142557 173.01342032737116
1422.5276804540306 1761.2003124539867 1175.6246543726368
982.2302955789219 989.1333199214752 171.08567154541416
909.9801999368069 1295.1946197954312 562.2828251137705
1406.8284144274141 1151.467147357409 544.2267786472515
508.73467307892514 806.3902519742837 664.4225975397366
1166.1315063710804 922.3174071583975 1496.6972187839895
1106.9104383634626 1057.5201087500811 1366.4053455199
815.0383723793364 1027.2134533685612 574.5541787525264
850.3989574861098 920.4143333384006 1492.4290525166532
735.0334774735428 1387.3964463374575 941.8705819179708
1485.194405681194 1332.04537518179 1164.6128822097453
791.5290567216672 1042.646204172158 250.32111768976162
1127.7936014216166 529.2387990161927 874.3073491747516
1005.5841220058624 672.6753144044419 1300.8968707508934
1137.2857907876537 947.7743246673642 262.070067950653
976.6521890804056 1015.784937950249 673.6308732938888
955.210628445692 1219.18657054307 1299.3938190026215
639.5353569574067 1175.4979825045973 801.3383747644649
1110.0909678563228 879.4586672198138 869.013125473864
1061.3933247398445 1213.3672870908724 589.2348090845154
1083.5894364335159 1021.1509669076016 678.900617846862
1265.256366896288 1377.7819384608727 423.4050566309385
1266.6615895540028 1313.536570835352 743.307644553736
723.4347821516386 1041.6688477796263 213.1044885843647
1430.4688168511398 928.2194840505631 313.0222446523088
1276.261278856284 259.0336146137347 1450.042694254126
1040.2919287520251 606.9318575202004 1028.3809181411655
1542.4912446753033 723.2139098376415 1150.5500556626284
855.623074125285 805.0409974351358 997.3455496306923
465.4542756853226 398.8399728156206 303.87372351538767
1252.7236274902352 1047.1426947192683 146.99807720249407
1294.8291414131427 1250.0867323426924 865.8524453380556
647.8905831242025 1029.7061720208283 929.9419484421707
1216.788403203117 1048.7817567279665 197.25838480480758
1428.2352521207406 996.8437616070281 1490.0943202822425
1139.9721827543885 1006.3022697492827 861.9129471019827
968.124589807198 1306.0489150908697 1099.902960618179
710.6723277650597 682.6485829688131 408.24621319877474
1103.1031477456575 1014.3158040033147 1012.6033903055983
1744.6406820268771 902.488759715175 261.570541677028
1007.0433282525636 1008.9927770089124 558.0282780653189
994.0208003141524 1040.6111676957332 374.4395265074017
1032.694683425673 1382.235388526575 971.4947452954567
992.831769719286 866.4931155561752 1253.1882376429353
811.2138816225249 1268.5053568596609 181.17112831880172
941.8883359701023 904.6808830419584 1022.0276692037781
971.5826072778063 1029.330212947349 703.8381162496685
1005.9291990947298 1031.0118905566585 71.16154126311069
844.8093437520098 1110.7731148955975 1022.191231959874
940.2586967544512 1056.8544599969339 1430.5271657912326
1120.180336039634 836.075923635243 1447.907081612002
900.0886837178326 1278.886787014275 917.7094851382785
649.5118771529626 705.261813576408 1413.3936660022723
827.5532266149754 767.3776619367012 849.735001943793
630.0735319519855 837.2126117311977 551.5632238170047
1050.9948803280677 1198.6596177743538 892.1120224190656
948.8782780059962 1064.8876606407237 249.15822135282457
1009.2831779379666 997.6867044206654 1016.8668226057064
1466.5610551543998 1260.5219718060453 480.3464274010567
1054.3494033210875 785.3916633452102 101.42361816859885
1025.563480575007 845.8871457045988 773.5554670318918
971.4511601828392 549.2266364537659 214.8716661837356
881.0709198011339 684.4907942085325 250.23351523499372
1187.6909592025972 643.0513879246778 330.8828318871655
1356.647722528774 971.1035398412201 1023.668082618833
712.5382410342426 1240.092086664617 18.993546183486366
1418.487826066196 972.6865040566653 1267.1671880531626
1154.9548074272268 1098.4247932328697 1268.9531576283337
1364.1115090754322 857.8494085229223 941.8502326774557
1220.721907370176 1559.1714216524724 345.68711529382904
816.3316434019468 270.77056504661255 1279.954945411013
1124.277235615401 928.8270632267585 1458.6148227266635
1055.576404616245 1057.2250932585378 1222.9472284322671
918.6511485290548 942.8419927336263 84.15587730436857
1264.4054559330325 909.1767447631391 180.12170591903615
671.0852413479563 842.8213476135343 303.32569031953494
1080.8006796289378 1184.6717147305487 660.3258021543344
891.3197114157587 989.4884300588308 710.5101810945506
1214.0935290255454 1178.6913785807271 1335.356920328361
1149.147285903265 1020.8331872237562 860.283894984928
918.7389454778576 1051.7614069655192 25.962248163878265
811.2531177396183 1230.982525404153 1001.9628711105038
796.0851227685042 945.3747849411202 114.73493662299961
992.2071268665179 818.3232356476944 875.8715938093543
1172.1519504829812 1130.7443147820393 1133.5895641450338
1025.2533382337895 1010.5142407841358 700.1919799726086
1479.567125200423 600.0025512270779 855.5995729672064
1062.5302446214964 686.3429935225436 1438.331457121633
1059.7335560288184 711.4201663325719 1290.3757475797581
1125.5799572206367 740.6008755577226 251.5428038709393
931.9320910819458 828.4070312773645 1017.0662012565964
1263.9331272436298 895.2484739915136 1376.179850242018
1366.9000499392464 794.6015470743289 999.0440350452601
1274.2114617646164 1083.1286452437357 885.7450043440616
785.5158277760405 1264.0246340455628 414.24958737237563
1140.5033460306595 951.4703235782621 1382.1384650814052
1321.8767630001098 1186.2289085449077 1044.6233510729953
925.6904917961025 899.0790263496524 387.94243190756964
740.7470487513108 1346.1166102490974 413.397645070367
1048.4370838129294 1503.4327467866074 1041.0412443184568
1307.0662979488764 1140.0421847286773 673.5605572687755
870.6190084725313 1069.001077641899 308.0489609680514
1053.2116328916263 1074.5856690760907 14.63991604402215
894.816497231704 1258.8800445184547 109.63463220191916
1161.3407011308038 1252.8420449505604 980.3690584770908
1090.7218249671057 1302.7518776750494 289.4757080170119
1321.3660824664164 976.0150215253408 209.33386528317965
1196.8713550485393 1344.1956646149847 1348.6482180409257
926.4485055058516 1211.1535645651215 1355.6522504677143
885.9943265563613 1090.899598174983 57.282978437755986
710.6636579279714 1164.922191259654 1364.374800675601
1122.5835269813479 1074.4191618726013 710.153428924464
599.4918484983484 600.4820153643905 1491.1024776368588
1353.1815287536485 913.0772660877076 970.9207501958327
730.2152790592688 1112.103126578855 356.67272004572413
1086.4587097390042 1640.3397229100638 848.7104843010856
1096.0236591456664 600.8258247385534 33.17738280050975
966.4626016655786 582.6605039547846 915.3596900028354
829.0337800661239 1719.610263656524 1416.8611778062425
967.4712414082177 684.0287521900154 793.3292730027766
1312.763759030477 1106.2435061160297 389.5258835157513
1183.6943226000628 1417.802014157577 805.007282284097
1144.4902123702514 992.1656357549457 1458.29072679268
1151.149811972917 542.3957755548345 505.1152398463827
716.4539739557011 840.9087874620711 223.7374608089585
1218.3014199529262 1028.8210589533685 925.5922258316311
1115.0677234546256 817.9449202216351 259.2697699292817
1074.5297028933323 577.3150424453112 401.30122342110053
855.3199624402043 1330.526045326199 1342.660746387611
1281.1602927048768 1295.285366056371 79.46294395015113
969.362345402579 962.5156831547112 465.4741090525106
443.7543821066853 1101.7798806513501 5.21737995557997
848.766838806371 1116.1493610392808 621.4309922377598
1363.7613853353994 1606.6617399078712 683.6311684890774
903.0436215247399 1187.7213840023526 993.6817329415506
1206.1102617234508 747.4986905646999 1124.2737520475066
1302.2899945842635 761.8884429608377 342.71860149259084
914.7900811781616 834.5638684889225 1078.4124397318742
1501.97036126629 633.7197675394691 948.7605177587183
1062.7487037083865 803.7210490054081 764.0604437509079
1001.0814358843622 736.1244315449326 1163.071723148949
763.2188226980667 1190.410474591793 234.82641955165852
921.9530757602267 876.1965006537686 458.6042624917943
1263.1952202509242 551.887717801309 777.7251598016057
1462.1029111095318 964.2186008385464 301.89863520332835
1055.3193964224295 881.0754054727871 1043.9098310771817
1366.4494424917193 1057.2467001782857 940.621456891373
699.7995484053063 897.2325881320189 477.9961665241937
687.2519477309224 951.3296808362742 689.153386789366
958.2481423433568 1290.3654437679966 280.30276351633887
670.008788994289 823.1465917681653 1423.240826462973
884.0661040313712 1342.5566761264279 147.9764952924484
872.1774464783953 1200.9606784780626 791.0067778379097
1019.9026482605371 955.7493147043635 1420.813677608993
1313.6989361756964 852.7604602784866 1.7326390768174216
1118.6353646361224 738.0032210807677 980.4225648278114
966.749736518244 1254.5389238969888 701.8187795560908
1169.6367839177346 709.5423408230456 1400.4788154649689
852.9671112637591 849.2838913563218 668.815566970412
1240.8649084881556 930.716871137802 775.3995788826915
865.070696871517 995.7842340491095 1124.0307742073667
752.0860621589486 727.258298060404 254.03689902547077
1312.3839559735195 609.8318017905096 957.0110297101805
1387.157765647607 892.8006885225851 328.74505075194253
1030.6308533050872 1020.1542084874741 1112.9203866770936
1332.8703862640957 1211.2477144619506 350.6092345299359
1054.4799141066317 1462.6934490542753 992.4607331424478
1465.5117073118117 1114.9376933266194 604.4924302106492
651.1245519506492 668.8954136462164 1002.9389812427236
951.6242839197582 988.6093423591584 711.5942400047187
786.0074723694339 617.0263150180818 651.6452870911043
948.8336663141819 898.6857666521148 1218.7623813644398
1028.2752952186302 698.8863671614495 438.13618451582335
1376.786763283002 967.2901654270437 1405.5676848362111
762.0788961054028 1128.6776421913592 272.50560131782004
882.7184085972665 877.8685465060964 1152.612059051737
1463.9667502759114 546.3831139061738 1361.0746441415142
1012.3385631617052 728.7353926451602 514.550507462461
1231.3283924625728 964.19376923564 762.5284479938493
578.4554211441505 1408.6177408291953 369.44441648054567
1066.3813638150937 1118.537442783638 1433.4150259769322
1499.9047250960791 1111.3261366806607 1047.5982110522484
1311.842057057732 1287.7761539794958 1134.477780011335
661.7571883066399 1319.4448413050332 1358.608903475136
1236.962539958908 1097.673113781267 1186.0565235811323
847.1647443309134 1075.5083545967534 740.4208248314785
778.0680279944021 1491.2079532997277 240.25014881766037
949.3891922474718 975.6883866641386 216.1312320147118
851.454812877978 674.3300791506726 101.72551255977824
790.8967496112011 1112.106540147524 1316.9261039667026
1311.9230336909475 1093.6802649566052 411.74768051347263
937.2833922788898 827.4758115793169 1288.3950171700042
957.3989418369871 1245.536602669981 1236.8378058009905
1254.2280265247214 794.8611317524017 530.1279348572173
1179.8530032197284 1061.4661213735885 182.70208014784933
1114.1759179916537 956.0451257648888 157.81385956454898
822.354705999126 1128.1077524965651 1399.9325362246457
841.7339464707125 990.8014568721251 528.1542200178296
1542.9723063782574 186.67997168541604 709.141939318157
578.7764359056836 1406.631022452816 125.57298366551112
960.6868829161488 593.5741912047376 672.5203760682235
937.9573839959365 440.469752686383 1091.5559344990756
934.8667117534106 783.5536963092835 1384.2332568012841
854.8325248792434 683.1266446241586 49.60936167623109
656.0467588721218 996.8287683276145 679.85452507061
1210.8847938198467 964.2760775595195 81.26042810408379
920.329971389248 1148.8049327938993 129.60670292297704
1707.7762996431566 1133.3554689119842 685.1006649916216
1082.7556416995146 1060.1014157497427 1179.6970946352915
865.5550235267401 1173.172213250272 369.05444686360534
973.7145553835006 882.2698699056867 1281.7627511988178
620.033170353345 1031.46086456015 1414.4814094952005
802.6915613434859 917.4067896051424 1450.3166197148728
886.3054762222316 1239.324178111811 65.36944023867997
849.2887570884985 992.9853974147718 1217.0329823035263
1151.4331591856167 1079.0619946037525 1246.9137004974166
1076.0750149730616 1199.067392069272 224.86009810326678
835.429137862265 1235.9687836785058 715.7108436401994
836.9683167778826 877.6463012989792 950.1703277238632
1299.5880315014813 917.1112524465899 114.3950461564287
1159.924588559802 1112.506961353903 376.58551822125844
1103.5189175074233 1285.545733831132 695.1587193384552
1124.3193290346096 799.8432938903279 851.0062916053457
761.2991927211224 1132.8761245213605 909.5413344356265
1022.9717234316233 1247.1370162829546 951.2993078920533
1241.6911337939864 944.4444250800101 1406.3434896703313
1122.5970673680451 684.2184312576253 41.076978325389476
963.0436550042147 829.1852425250253 294.3270101019281
910.8245534392917 1042.7113354194644 1434.5781182284288
943.5590362222434 1351.3707355751142 1348.9182642609749
1195.4812568836735 1445.3149086898766 705.788993018071
1131.5332660055492 1472.9197878366494 1340.3820294282732
732.7569249369692 1001.7545784836411 89.61802050827356
909.1284791013734 1331.3532511316337 1189.025810107814
975.2321816732185 1238.178617231196 431.07574647645265
458.7519785200153 1256.1715771318177 722.4272809035532
1397.1062521680278 697.5973093039668 470.99562266952216
915.2955280020526 1372.5529086911124 1236.175032409751
1407.9011655267338 917.0812984668435 284.8071752913357
740.122550976585 923.653149467867 813.9157342976804
939.0862450045709 815.1287673075223 189.98243342855292
1102.4408022159548 1480.3369923122748 1313.3721078048331
1028.0185712670236 1315.1632750320405 705.1051029214913
613.574895947622 1086.7710425201003 38.7102731557325
1065.2153462192591 916.7950137354231 341.73022838952534
896.4088635235984 1430.104937805727 1487.4997415074572
789.4563695542605 1206.3151952254648 817.2712482553633
1283.9234840872505 1239.3078572767154 121.85741365235508
1400.0710835190873 1117.0986899578165 931.4476839905486
800.4775411355231 878.5622998358944 895.8619582494765
1126.0953130189093 1053.8988684590606 72.9474452318844
796.7303051833004 1174.1108359128618 1290.9150697359469
1182.4213049863124 1195.8659797821042 904.0472732597108
1139.6127292451729 1295.1514318772445 609.3008028274545
1015.752088040665 1310.242897939458 429.40316882222015
1143.5607162477836 1044.6154532262296 1206.9460068834358
1069.78064560706 880.7581314607852 1413.3481534343734
925.6177467235611 1012.8151858563176 337.5509778954471
1205.5204331047016 1136.501823405438 57.64679321918592
952.6399286641569 780.555650619877 628.6304311067622
984.9349621398707 1202.6567417527128 892.5761567042862
844.3560205942497 1114.3362252995216 318.0954711039997
509.89960981500565 943.3382857625332 788.1036594904251
1088.2759426707253 1119.3892601777573 289.92988364556163
1334.7335066220273 1099.1623106333243 1203.9548125211195
1035.6927088613093 587.3495181784181 289.78128570339067
661.3459849424048 1362.3038185470791 922.1776271476755
1440.965867464205 1073.2536300980119 1265.030811984067
1049.0830632493662 948.5997985763319 984.9350841162118
1227.9597121914144 618.8350108679047 316.1752647414774
1162.7965117343758 867.5802633006628 420.68809580478353
1228.2756245163218 1138.6469861901621 1038.005858705089
1414.880953716009 957.4056889897489 539.3026041117348
1055.5603370971369 1060.082094689669 439.15768201555426
1051.1829690883899 1168.6659366207905 223.0413630597401
918.6586799823339 846.6720600182455 28.733629905862923
722.2957268859283 1139.7823624987566 1180.8411529914417
890.778518820254 1141.0031031463823 1371.8593422745844
949.0415422703041 1357.104029536019 1036.3544733661743
1217.3339813816033 1001.1909558094386 176.23300874034314
1013.0886755304931 1334.379389083122 13.654179899880214
833.2261486218365 586.2801464340682 1148.56576883858
885.279650588825 883.8060787582122 79.93117198997096
1027.1084905037392 779.8225996256123 824.887013461302
296.17127046769895 723.9724167998836 1427.59435130452
948.2426202882286 717.8670863742784 871.1708768135369
1188.7450986421113 1258.9801771292323 142.70555225296482
1004.860735692312 798.6878265164858 1459.8640413579194
865.0357886458893 1150.638458853303 161.1434407191256
922.1574388428835 1208.1740354226063 985.0066793423637
1247.2009032241936 1304.9236640501758 1075.8587672043727
702.6745213669794 1179.0375871356675 1020.6883472589311
817.0935304849326 1125.1636487380863 1287.7958062046523
1094.5892400523826 1160.4177296137432 329.19392959010895
1165.1648565093917 617.1769367086318 726.9936554901915
1236.9937415667484 1033.160094834266 722.2240186832502
1003.0197960402692 941.9746533243109 905.258724279946
827.4558300175524 1194.4120473617436 1081.1195069762628
1029.1344858082746 808.882197574284 1335.8455638971257
786.8478926951964 1059.720730534228 1091.1668461026252
668.473271433749 967.1296316211034 641.764862005316
1201.0646909384225 540.4473065133467 252.6228265923405
810.7006165253213 1039.6784797487167 1294.094407294883
943.387756971237 1230.522568846156 263.72130034625343
838.184037778337 699.9235791818619 552.7150335618887
1300.0335899732238 1129.4402826090122 676.5745670630713
1112.7345691115943 959.5456680484423 449.3762186538521
1043.4087015304965 985.728142313794 501.6328030704532
863.1480733239136 1006.5241449632463 17.93228080380421
571.5724172623239 1214.956713608096 839.1596919447637
1055.4279065677306 1052.7813294975615 951.9859814182248
1394.4533486272003 1100.949315389409 268.12992608722277
1058.710136929779 955.0261388845524 826.0082931605502
810.1691543660387 1242.7581856056308 415.1627298691632
842.3880594680629 495.55342138972134 656.7056073075722
744.4986577441173 1026.7838105159376 1235.6318091504202
1109.0148312531237 1358.2154321407543 712.1535703419156
695.5374213490963 1232.2435429505222 519.3860743277243
1049.0808604655972 1003.5932165025941 210.96275122922142
611.3633196355007 732.4639248744362 837.6844847123417
1264.1915774651015 1202.2845074704508 79.72968741186953
649.561290829241 1052.2855328971625 571.1966277925698
1135.8955492685045 1171.7968947232719 246.96829348639147
869.4602165311567 1224.1953546930288 857.2595852008925
1319.5737914733072 858.7824629140994 958.7184879607635
1213.742033138868 911.9436697510653 963.2193004469435
1147.5123389104172 817.6633471448749 548.0499587632053
634.0066808715765 916.5202579769431 46.862232111339495
748.131700144324 1081.692734605502 571.8414843542629
951.4647533509587 1231.1222657750998 681.7591811462358
794.966202691327 997.0957485023215 1117.619473189345
1259.211595769327 1181.06444558262 1016.6611269067566
1069.534224940216 698.6276121882236 803.2459844632908
790.0680473711459 1271.7557926024717 1072.5230634553188
830.9006303620743 970.7531278069902 984.8772296051483
984.190119227534 997.4043695327782 750.3710439390757
657.469850761124 972.901225573296 147.46402418652983
895.8980065564963 1476.9132216593491 771.3484632586963
911.0762218336457 828.5565554950301 773.2677925264711
878.8215042077984 717.3369263814534 1184.982435528994
634.1622320576969 1006.0247090882941 682.1955594235552
813.6056648431586 866.7748895610825 1384.8002019261835
959.9121266278553 928.6688888395184 423.1755281037221
1426.3827392988223 1012.827681019658 1078.4883273751677
581.7562596478879 574.2873992548484 1052.6059548676337
764.1353659305861 866.8685265689173 632.1535407709156
1310.3461339931723 972.2930276521355 1192.4450824239325
1419.1098538596764 740.9395217341553 838.381324620167
733.1194235849678 1358.2012858223397 764.4838099905986
1028.3559940735963 707.872640347807 765.798179571792
884.425449413218 982.816970684887 780.2715225196555
1049.507948553567 963.9493437686269 1051.718265949364
1347.9181132023368 793.1418389072139 1393.594858066775
1507.6362527467707 1069.1475338620535 855.7556719718356
942.2286387670196 871.7218583128048 711.172707072414
1078.8255635053238 1232.201967679868 327.74660215578956
792.9793185177958 708.2760395554869 1340.5712059820494
1095.2254839467896 1459.8763466730304 1059.2476992767636
1275.0447435042558 1238.8722366240297 513.1020000562512
1182.7601515256224 1032.2598756850173 1329.5766693364264
1327.8491849433135 1231.2582673861293 895.8879489376316
1018.5488033938872 805.3383590223813 1217.2378469364955
1309.8223287706821 633.2501081333536 610.5827597545541
985.761544499313 841.850277406622 32.87738087032827
1177.1502279959982 978.0264109977908 1400.7688304577498
1129.8109296669681 758.1213296252705 1026.7235992912276
900.9921015373534 1006.6059750292446 1111.5733878932137
1279.0532384419894 982.1377369773365 216.04168851725115
1276.3840245746421 1288.4413262306093 454.95575141322803
1146.1253033757728 1045.5364490149818 254.60648875614734
882.1710362022596 420.87443644027053 1021.890640029334
1114.7276575308122 975.0466028890751 676.7711366529381
1085.8281202145283 746.7348110142411 1290.2893741500716
1607.3688541490303 1024.0419777512584 1424.4571290174065
776.9564071173298 746.7308528141317 949.3615357269922
1484.4618061779554 1124.641522736573 359.4361652526498
1060.3992139528661 1161.733422819788 860.4707818505806
917.8951284927076 483.79382060359626 1094.5369971375405
1291.084083269043 859.7722747106753 1130.5737557847228
915.9293676626412 1125.885107925732 295.6961721887481
882.1751838442163 864.8312941896484 1448.6347580052588
814.3502121606421 839.3562293516957 1038.3282070010282
1120.428231765488 1228.320920146644 1164.4935946725234
1319.7297683155489 944.8127453752253 1108.3481005319582
1288.6985437494302 811.3177166460856 386.50844631008357
679.8712357192509 1068.6829785350135 932.5447965496747
1032.7873186722795 1275.2717495144898 724.5681925110678
1349.2660840113804 842.7570552213039 69.76394661098756
1173.2652727042023 679.3507594629145 1044.6795219760018
899.0415434782049 817.5303730321132 491.9854208309366
678.6753815354705 806.4443719877759 595.5320598490628
1230.8951994905037 1106.4424902704977 1065.8534788995585
1102.9107207955685 1128.6822131811036 474.71347507343927
795.2891220938002 874.3123533597168 1165.1732301152185
1090.4068838131286 1261.5595566228296 1356.7837142484047
906.6670983768149 1453.326823824299 661.1477709577852
916.0821264829373 1000.1546103168089 767.4632788520975
1233.4892197975819 1170.200125937961 984.8837507572227
1302.7709608211599 1000.8897078702786 959.6771595763745
826.3930485470737 1189.391228517237 867.1706437209247
841.1715540196394 1275.1103817803028 1051.5316346243587
1181.4783057862091 900.7881931128824 681.3640474823516
892.5197424615086 893.1086571966309 12.576146590651538
1340.2803728775998 1021.0622309113467 112.70909331829876
503.49538652097954 567.907559689437 600.551742189856
1093.3786376560338 766.0298886221879 1125.5422471106472
637.8107284610317 772.4199802212424 740.8726507907368
600.5078605632218 821.1017925812043 825.4424408425105
1137.7390407980097 775.8624947179087 900.4133529654051
958.0238949183521 1314.6533145800397 972.5514985976362
1239.032016516556 1236.65159002473 395.1823191490924
890.2443357250081 1219.0815347808923 1094.422132378833
1177.3852958123325 1343.8610221509746 1052.6556497870645
1195.3529007706 881.2961798685349 101.02189362202468
1403.240134788574 1074.0418655483888 292.0767945222408
1498.3457118663703 1275.9603064744797 1011.1727436671197
764.432983184865 955.171235374017 847.1396333615769
556.9244845406201 943.7293871929845 1402.6639338138882
599.0701300892601 965.0141640992103 1014.5800955053908
1239.2769832963656 1147.2208128619154 1137.0865410104122
805.5283927837085 1304.2016927354446 684.0097429918591
745.753177436065 716.6323818462247 389.6669358634758
644.6425739452416 1241.3416054853913 1457.3109405708306
1176.465614620937 985.8142699393035 1249.2058893096212
428.1937643800876 1264.825138993358 304.2192177683786
1119.2419632944377 921.6266395800214 1367.6187089492648
1536.5702242923262 1309.349148279776 348.3081072546852
1095.6437895450376 1187.0313509376733 258.4443212056158
1179.6266733177915 1418.382843210075 1375.6404314269448
1660.2038113090684 696.0112684837468 1485.2395567796148
1262.8114978677606 839.3854934728298 1465.4259303035105
801.926536187901 900.5650753066283 1028.1106940668342
867.6759420883948 1024.5451357036172 710.5298376534322
960.1165615665694 1079.6144431057462 73.54970605581906
696.7302769551477 849.6214126265471 530.3992068321244
1225.5109765436 1006.78277558815 118.83979460644883
762.0615984230433 1353.1538815224583 616.0576863557754
1077.5005478367796 773.4262327706767 938.2517404393607
959.2380986302583 1431.4934998159977 1057.483094766498
1271.7916009681012 635.2861063880454 1230.882723292696
1172.3622657800502 1124.5325024444667 954.434639696999
840.8144540184594 745.4272555337794 982.0485250426968
1032.2084819169213 1115.2914823103454 845.2405484746288
796.8349315814809 1223.741603353804 1441.3811761374163
1187.4956927862163 987.77104119946 895.7323248364727
818.6966815686869 966.8544034954018 388.2304527779146
1221.2646175529396 950.1984865265989 1455.8569736865907
763.5837523034617 1230.2344005820541 1187.1255301932242
1047.266584968152 952.0397781104032 105.48512022940604
940.7279114255502 930.6822281404161 1061.8041701138352
930.6975467887428 1210.104291580347 887.1662032403837
1404.9655538765023 1152.6456983637054 811.5262813508988
1503.6628006258798 1381.2593562709565 772.6230140387779
615.9525115156962 1461.7559976098746 1108.0534726333067
673.486174290385 830.4856541552226 867.8543216289704
1031.5497944290357 1417.1970066036702 1454.3386510524504
729.035449531582 1367.3941030249591 1114.853057625749
930.564416557638 1312.9867034636616 1021.5600542082767
1310.7907159340639 991.0922626768354 844.7009722216545
1094.412548566111 484.5136125417946 566.1930283339827
1031.6303957780372 1361.9037600613328 516.516148660486
1007.2006567492605 1493.9150718803235 413.47437596291894
1223.6926995545173 629.9610513484124 1202.7073243936559
753.8476781683727 1534.2689127806038 766.9343296353749
924.187344394009 903.2608253053239 657.3127532400106
698.3426563275432 776.164203100386 1055.9954776860452
1477.2721869248892 1302.6512355479663 81.67024196227068
853.9704369439381 1285.8538931891856 268.4488416452906
842.68912709781 1329.4060049777913 1448.9013696209956
966.9066435567624 795.2284105163071 654.990825628129
921.0801949760606 983.5843607662491 1018.3222600729107
929.860680083628 1092.9811177624647 195.2592009619405
1213.1692274491413 676.4564281860823 1287.978915865741
1021.5771737346244 698.4676739662641 565.2629877886042
954.11014061055 1051.4484161163539 1080.4945933061779
909.5325841359196 1451.315205285024 1400.0118760577805
1219.415519957934 1334.7832142684745 632.327564143807
878.8263945556689 886.2536213866169 410.84600361036865
1378.8163639333284 950.5261175460645 964.9124726971924
712.9452625619117 1045.778783765117 1038.918702620294
1044.4000381448775 929.2122744656253 753.9161757844453
1280.1789286289932 686.7735571280541 1058.8601242698771
965.029420313914 816.5401502622753 1070.8158330082683
1356.9991002931147 1021.4782598383185 673.7823632923768
1090.155161556014 527.5490625857445 677.8988638874553
929.243877440909 1258.242641465582 542.0931974784083
1177.6054413414395 934.430935507634 152.66490754469586
636.6509619218 1248.8235456688196 233.00901223854925
794.1938837000656 916.4169013053316 948.5452423788149
973.4953766534273 916.5724291237193 663.451186094183
457.7098296142285 846.8138806345399 1457.1335362837249
1308.106218942399 1131.552939496812 1225.563572806749
790.6338813971117 948.9348664464927 962.2035786105043
822.3036843778849 873.0115911263706 484.2733755723366
1207.469594635165 1094.9034876354194 774.2045683802138
1668.983422170619 920.5830452340543 1212.2912324540134
1092.936263062784 1189.4627999591373 285.62937034482536
1232.164920354601 1165.4860882280327 1315.7309211902498
1052.9792602864586 1097.1369212692089 1162.442453106759
554.2349069998015 1195.2473685571433 1478.6475289159307
1086.3549224832739 468.33479922448737 443.49345204324163
898.3192328748581 1168.21599363307 1144.7614115254935
923.2595466689471 1223.4462924372845 795.1852146714108
674.5533260060411 1028.0751548828339 1100.3976410416124
1160.2399299419633 1041.792305790491 1277.1437864620393
1225.078737913827 1071.7197435664323 1404.958391546967
986.9314166613539 1347.4576853391711 405.1239934635102
1393.9525533086187 1086.6429885972082 695.3352840875904
1008.002866693489 1054.4885692238083 603.4577142299302
1222.4180612017003 918.3416772347092 684.4265437805055
1352.9882031595184 881.2663220576294 166.56682950028568
711.7870775110825 412.0427015121446 1258.8420210905358
461.9058291540464 1009.8196883301966 330.88497521865645
679.878252612004 903.3114862080673 435.7856010487115
1050.783261940588 919.6137635348182 1036.2627072027549
1015.9570188211686 843.7888656382707 1459.7260496024971
1183.7034976864622 882.6323918079763 1028.8791426642229
1151.2829313647637 707.6123854243449 975.5251155653606
1261.4534821048642 934.3202104188988 965.5733356274711
1383.5078606189509 1003.6434543140551 1188.0925642080733
1171.4717927937368 542.9894519284712 520.7433839042835
620.6425455634576 875.6610415392266 1111.9835894658788
959.1130147759424 1302.2063775938589 840.5782142677673
852.390635171129 1016.5476043751356 62.10425514039852
1302.8865278026499 1139.5031116097584 822.6218645399542
1434.7180117927176 754.2415249716896 561.7472730843923
963.4412822476369 1339.4300597534802 1324.9056176354588
1305.3342511226901 1013.4469113615943 1404.7372542966523
1280.3216493517157 1614.4948948283945 719.6083854509195
1243.877637196886 1151.7172171440536 727.4764766437984
1120.4735698408342 1055.2340237758783 793.2729696276837
767.894984805309 661.8684683097056 339.6303753814875
734.9461636454638 891.6152995359178 905.8615045131345
1258.7071012626373 1000.6729232014684 814.3835517634351
941.1737988837357 767.8680352909288 555.4088270381004
969.7355506857465 846.8454657745339 1227.1476548975575
969.0095855651529 1312.5707739882278 100.10422368291522
774.8554437575334 883.0067162256157 441.3922864715657
1539.3387065302268 1224.1303809541544 1185.004210137734
1320.8613366447976 955.3304950170462 1408.1620046634973
803.7318345742545 795.6877563362887 183.83323370184206
1003.0854724860056 1059.057042225338 836.8856048937854
600.0271159274778 1218.9266832214194 156.62861220330038
721.3693905283446 1191.1230127993376 934.6372212432717
1215.5096804685875 989.2897306153434 1196.4721334669293
959.8552223348015 1370.0234308763327 81.8775993126416
834.2089503455145 1119.0473735247488 1341.5855233070959
1152.7344163125717 1233.6878590626388 712.453762744024
1291.7767535025432 686.4981372327045 1188.257018188776
1160.1399157685541 442.05646143990475 419.39628504102785
285.43042000931166 843.1594483906762 880.6514449234751
840.9729200159234 1174.4185624051274 698.5031049322967
1157.9246464921634 1079.960563112694 520.8434790264542
1035.8508966590448 1214.6806084439236 688.0352727253542
1011.7820428865679 649.7041774497534 1020.3746148208395
804.6346698265174 896.5690209346772 273.7234307918174
802.4971265098911 1487.988209593305 985.1548595856823
731.4902483531048 667.3831641244055 809.1268758354463
844.6663619980584 1394.0007590195664 574.0423551130874
1436.6746039724749 1185.6723580814817 136.32797688283856
668.291151617113 878.6013407180535 274.8941621016796
997.8673209068398 516.3211421727607 430.0407214233404
944.4934585683648 881.1575752027339 46.65210155172
1536.9525460732889 1118.9765477944861 1066.880698093224
819.7910734255174 506.1077921569919 1056.7093803032885
1237.1378293830012 944.9130757277175 989.2245059891427
596.6429477021402 1205.1763241936585 433.09758292324
1093.803446964445 929.5888768594576 400.3939998409759
802.6128604264145 1264.6388483114517 746.0845415654238
1253.2113325261141 824.3367943120816 1312.1761518466733
1339.2026701799607 1173.8860345097128 834.9893806644143
1011.8367795743461 873.1305840172222 134.57391411786196
1140.4884645271013 1240.436124458989 1356.896519144507
891.5770758012367 947.3656008620446 51.5677497393543
1055.22851098143 1178.58104896203 685.5956746693589
1218.8373240846827 596.3648567769945 1248.0062088412199
1068.6606408439438 1087.5891175463441 1131.4170887741877
831.2433589531611 1227.7917122376289 218.45075213878985
987.7096686478842 1205.8080956060815 1122.280845275674
916.3907984496054 1309.9648872108846 1436.049650718473
1203.95353562467 1121.6565665205985 836.7136800345829
1380.8492554213044 1051.9155343243456 230.46459905809803
928.8279899828551 803.7359352874605 470.27591583961913
1036.9761739655935 918.9689077926408 1013.7512274901969
1258.9418275783705 976.6711646370638 362.63499699050095
646.1885287137256 1277.9988953604086 1282.2814919519901
976.4803207722961 747.6245418043388 552.5634142924539
1211.0765434468155 715.0698136562412 839.335420029568
1021.8443003311613 675.6104784916524 1395.1104825282468
568.3709690615433 1248.482897160389 1378.1611474258166
563.8547556388007 752.5732315592453 355.89568414548216
1195.3568642216514 1239.7947655888267 637.8635635768997
1086.9709885064417 607.64079171019 1079.911355867012
1113.4783283053666 1346.1106390574128 789.9656347448544
1243.7014056383755 739.9432459968882 651.9449402246404
932.2010332879029 809.8658400287742 1436.2812246817114
1084.8333674828125 595.9843565706781 773.8285508037966
1114.2827772573487 1375.0956590238882 675.0458007476401
1303.1468565096125 1453.91569041013 229.2068493948269
561.21812454162 1042.326488882511 499.4939057755965
1286.3720066249396 841.8622637795388 653.9264218843457
1613.3565454791205 1163.6250898383012 1307.307346505364
990.1463017042867 1066.7094103963536 557.7929642676421
948.0160791660354 947.7773249618222 816.4929020591637
1133.7786950020136 1447.375337853673 198.59004808832918
1115.383649200066 652.1412969220682 97.65407513973973
847.4452409722221 848.7312341887722 772.3722612183175
1154.3724895289818 801.112527106994 1173.769241622885
1477.265541765064 751.2643956173685 1166.0953072832467
884.098398957938 1407.5346365892967 1245.2112163136717
733.7171233978336 771.9403838520302 1329.4458199683268
916.1446238551852 815.8491598200501 654.1641971246098
656.8788761680612 1047.080438472927 938.4511597421794
1231.2757938368604 984.9802929888198 899.0251809376981
1134.4272421824012 818.6912868145632 525.5719869169345
1308.8832255861455 1024.5696846610265 288.6196032421106
973.7186688895276 725.3169265078527 693.8404010379002
934.6459185614749 1683.4346045059442 319.87839223752445
928.1452967810271 1227.3529352763426 585.5389617555421
714.8327307379632 823.9093492124189 935.7829670685549
1015.216284250257 834.4231068926791 92.69120335398252
926.0984500178575 1136.775711464777 401.5869188200618
930.4318242262646 1254.3226025505105 421.33067724056554
645.945801078696 1184.9871379933722 79.06575256794335
601.2063150437225 963.5383883849219 673.1512570585343
1012.5865772429456 968.4786862137087 676.789033174965
1062.4904701599198 803.3078765053789 172.1772315140589
915.2924585614444 1381.3871461817546 665.7844271865769
1159.9417448902027 680.1961369922809 455.2070259115704
721.4773455000874 1471.6971060824326 123.6736770791082
769.6669418543539 1143.2904417082084 1011.631313582094
1143.7252449529176 928.8171229128423 221.57134395748685
1319.5531376583556 1911.3232988379577 548.633791667703
907.852312725669 608.3875805698813 479.8544815951584
1021.9238686665229 703.4082948748114 716.0425079957969
1164.195441241828 916.0231597918337 471.6245544849194
1324.6909595775287 1132.6878278039028 587.3730902788263
1319.1907053946215 111.68036351033118 711.7540216476157
1229.45379559732 691.3795134103907 856.283048805462
861.0758706910037 601.0337836544265 349.2139330202284
838.9365829092893 492.13166194374526 3.862688223244648
1103.0094569396101 594.3919678906325 647.220697095826
829.4539583013823 1112.8913455719205 41.73380955883349
1259.8121108329099 925.5984810087135 1099.3505359347691
807.1769795689795 813.4854302014942 858.944480467425
1203.0193902519331 968.9398902497376 446.8076807939736
344.16281439915167 853.8352349478189 842.3795397573618
796.7529118540748 1014.494881527696 1314.13948903207
1170.1702098488508 946.5278417882965 318.30232127864906
1060.267541161604 802.6415452796808 339.47055164012363
1445.0980790511164 647.4689914614833 443.63075485498564
1234.4392231285333 601.1416120501352 678.6422385777778
747.2855033160172 939.2650336480309 46.73538770704572
928.1304519280235 829.5888156884503 999.093313336935
960.9285112048507 1018.3108737707084 1198.2518157868014
977.0866229260995 826.8097600256458 769.9298294351389
473.263394769514 1101.8525441221916 779.629615614899
826.0191731448476 819.1464753394791 238.54657275937058
645.4907692259532 581.6686980171221 265.2000485899297
564.9246581892087 909.2673248643049 790.1506304347441
810.0746841353016 1263.0607730985703 1316.9632073963294
746.6716222300156 996.3923261941652 406.51523010217426
1023.4316349909808 925.0505903563578 87.34681801976507
738.1677132566574 605.2007230479629 1069.5889539768334
907.7967082629834 860.4218136374316 841.7801764772752
1101.4823714652825 740.9382209199518 577.5440706486385
1108.8652502309938 933.5755365096906 1147.3249532759403
1065.5594980939231 978.5548189484275 957.9508189200124
1092.1068644165732 875.3841507303227 1296.1738975789217
879.2576198467636 695.1359896760983 1281.3462617892865
788.0992388706355 956.7447286362061 608.6342895276912
1556.7976125603936 1243.330106767393 1397.215491411154
1143.765473574702 1025.5376497485865 560.559603752278
900.5133820290241 1046.8301601095 267.5869662614178
1052.1445178296701 838.8773488626227 993.2324452975721
866.6644966728918 1151.000473849228 1227.5321591662582
1342.1129614046033 923.998200148359 378.7236272106336
865.7621671943123 1081.622435840478 106.76912189129112
979.5093666007073 868.5864820804454 313.4098397922841
860.170983956343 698.1619787835734 709.1288196392502
1093.309183023681 587.6799938849249 977.0576178409646
1269.0861564130805 822.2264324791761 1051.7353378260607
601.5720651752914 986.0638898305986 167.03243765667247
1175.6280044003506 1142.132607735641 1016.0441180089896
1028.8937868666278 595.2449998253666 1342.2642223708951
1680.7430525528425 1084.970075834014 1069.3465117095911
1017.8697247726969 1071.46358579105 372.3898374920733
810.6793460147428 628.4391074367445 443.2613298255692
601.2555387496366 983.218690820991 159.5889599111578
1202.3475394189716 1463.4999790714096 703.886302897389
975.1331905406902 1049.0718640302166 1405.6924763621253
910.4410523091666 488.70172249052246 1390.4650781458297
774.9574502688077 986.8427665320484 492.62630174525395
1119.8159327852109 552.8869045877193 16.875641210124638
1069.2843629184065 1153.5520341701927 1017.0728114400465
733.411390442573 1086.5853362747207 322.53318185273014
776.637101069918 972.9491634648472 1423.9723125879502
673.3076392328348 880.8369357224003 1061.8852645970692
1138.6172747833155 846.6621900185352 1434.335984645854
807.7844477834399 807.7041115037583 1163.9378472122014
597.5417498731952 1021.781211235933 508.4603711037476
