2000
672.4989022234381 1016.0016126465741 15.658365673507701
1281.4605937568465 779.0022758399058 813.3823754855233
1255.4711694856055 1167.8949218288737 822.6105882413829
1319.9586569594821 1117.7716568658948 358.1339539439641
1145.5662349285371 1307.9676511525854 1174.9444632599907
839.4591915765501 1275.9981908512539 583.713021200565
1033.4490061649842 1174.2814903700466 204.03416237666872
1011.6854660694271 1129.0484979164164 8.297690573585148
667.3966387813477 885.2670075019424 1083.2673243675094
908.6097570588147 499.7258982814883 162.33623153322907
320.2899018111682 1127.8798953077444 720.5156540754833
731.7150320332855 1208.9164605009328 103.68866025766243
753.5027550486482 841.6755229075964 442.6556733473941
841.2853826656218 695.7688834421065 1449.05121940958
723.6583718153047 1644.5349350452525 599.6540283832613
1014.6832062248867 1155.5657925308 881.3130907622262
1160.0041332023984 1141.293268497453 253.51753627412904
757.1077695809081 1132.6308861408138 478.84402838699333
642.4013456971761 802.6697863891751 991.120212851494
1419.8576762537305 1068.602578250855 813.773751970543
732.1205990887414 982.3449453359087 84.53341933874536
852.8374272702 1181.5880802620097 945.6061469457652
990.2544725614192 1130.1392910830768 996.4675819157203
833.4191642905737 1027.6705869192451 268.9576051233722
1353.3112356326696 678.2416952855715 1240.466099472917
1520.5903187567828 1186.2749103854946 894.6659324216394
1046.232786401467 1281.7564821983144 821.9918638054885
1206.4275764367198 929.3957919396146 850.0397253100845
1038.7947330201462 1365.541313963184 746.4099308619201
1046.8380961321443 841.013661279725 381.8057343748369
1349.3021128492485 591.9955567186265 379.2731826392693
735.8935007315966 1205.7377812787365 1464.2041465366692
1241.516119964981 937.1110179560302 259.8730190003988
1148.2147055719242 812.721796235295 1498.719025686265
1368.160267765997 695.0020035534035 797.2192994002344
984.0078870988805 917.7715348960903 1283.9521767393971
856.9993031293786 658.7256460314413 1401.1087918809603
1065.9788217135886 1347.0703368595402 1253.2896978302272
794.8368678121292 618.7480782161938 335.3707295804526
352.34026400818163 906.9042148294211 816.6805633894619
983.1084916425563 1092.6932775002058 591.4228731367092
1031.2943720483856 1132.5730754473846 551.8173698144849
593.6761580559148 987.4548338545883 826.0519310201082
1223.2786482802899 639.5749106942749 1087.625920129607
1017.5896633757872 1374.754908126094 1294.4216796722144
958.6915815737774 1291.4643201706117 355.2344605065743
813.7964127733549 1354.0946109181607 1196.0565610577573
1286.431949463069 1456.517243084677 657.3125257527772
753.6254194842779 1106.070802467311 554.07828100138
918.1896383070148 952.8852194815039 1414.093175705459
1392.573749683366 1178.0539650224414 1484.389062017411
999.6644679174032 777.9376648171526 783.1494096475732
468.44306487420636 635.6572702838403 156.65651144961274
845.6682058245631 908.3417109853033 326.5096907642967
1572.4805922610308 1107.7422189181548 136.4037237530467
482.31735510300643 1231.1652564126528 952.6634808728024
1116.4796076866387 961.1204550908469 430.4077416280645
851.8635247147806 1441.0537849125105 1016.9243853752799
619.4362753691635 1145.3767316582669 431.98555597554906
883.3577269708638 950.4951883296883 712.3980120708839
1347.6253925176552 1314.1464309264466 1201.4639917908603
615.7367597129329 1011.9537197197476 27.852746611330303
1281.4508611580302 1163.5878864831134 534.8153044472634
612.1626544376131 958.196009183417 707.8872370933665
667.6310391135668 1055.5499074839363 189.67912424820722
859.6676528772748 1024.7725423945174 383.9233479737331
1376.0664916027558 1248.3289016203764 871.1530081748059
974.2244059279323 600.5277745618498 434.9012333305646
909.7458098118295 1210.1940852288271 508.0343448257587
843.92378738466 1100.7977338237074 530.8219739840182
560.9206406930707 914.4842131377555 866.8011701767932
1068.1602280120276 1300.711052520919 187.36342315125222
802.2380253703775 866.4808629095221 899.8347108576166
1052.720588712175 833.1130104129431 890.6632796008016
639.2968643778008 734.9475310516915 570.5327737679069
1292.6854092079957 890.963685435781 192.13888537491204
1085.2080184035515 701.9853586938907 582.5460667243901
1009.0509681906466 325.4409067189996 710.1825144469841
1121.5503104774152 1014.3213964961866 68.4864916190368
1471.983572978147 1306.9466649874425 478.5243546169479
959.2941117011513 922.2884084161502 1442.533213558926
1055.6378307402679 975.5347299730895 1354.6059146503615
1175.2231794822378 754.9658459777042 611.990419025678
884.8018884512142 1184.5380003039072 303.5757787302483
870.3742846813672 967.0345698549235 703.998853380967
1575.4727630295024 951.6773286536345 797.1204421675567
1202.3897828831155 674.6521982036196 1405.7541934150559
699.3831910458903 1146.7171763838294 588.7993240929776
765.9484912438652 787.2587785570737 42.91029937021662
1423.4823560288287 1474.8003624268351 1429.227060325197
1069.5155152710113 1448.736193971267 828.1228900084724
494.7341235300527 893.6004870959677 74.41184557796
1081.4543810936123 1372.5846294317512 1329.2977614494398
1117.5728192277911 486.4926317423233 1482.7021124864277
883.9670399092658 1181.4861801878778 971.745457354499
1319.0286250441607 698.152282783238 1451.266276792886
729.4006489710827 1536.5722766587523 1407.6042263174227
1116.3339978536221 1066.3198584732552 806.4910905808762
1098.1429198242058 1005.8098410848027 823.0054640129309
713.0270902760766 651.2183117886431 158.45023702741824
1085.349804100077 992.1200772026964 1242.659093491534
1256.2153357184866 1354.3890368040543 1412.909864475788
854.738665650694 888.3024767625488 542.5755577507355
918.9830732133285 552.5559882569293 911.1729665923853
1036.9984999665498 1031.3298086851955 102.0110067437019
1086.5418745614825 474.8361061636698 1186.0307214761997
1081.1530094540424 1161.3130504553335 773.4532871910861
958.9041184134973 516.6062161496181 956.2147227397896
817.0946434237349 775.763349857761 0.6426242355991874
1035.8851713151837 1045.0807258325149 540.522333774401
1276.594480859525 1082.148379360059 1075.277387433509
879.3422860772438 1079.9463624433358 526.8561421588374
1357.830020590592 979.5639055703327 345.18169832871513
952.4540346133907 984.9767213060566 482.46050791322284
1252.1604173711119 1438.1576421728441 1205.92306618522
1095.5132591065849 1272.9013717635492 760.6897027843279
864.3563184642203 871.6046933809008 1429.9453786500471
1194.0124282726792 1289.6091431528148 910.8342824270508
1083.9075805901414 1080.7602735696653 1166.4092723295644
888.480927506231 744.3821166870924 1069.892430993041
793.4466582463593 760.8470739918419 382.4358819868761
1327.870146244345 1241.517987218416 846.1432062231946
735.6224851396846 776.2683749459959 411.03760317043196
732.2545458643214 393.72158490357447 280.8941480384492
1250.0007257427299 1156.8097308010092 1109.8170176670726
1108.2240342320333 519.3034077343132 915.5429405480497
1066.9229219733663 800.7129871134737 315.11335400451196
1201.3567379533965 1375.548670137086 1442.93621721512
626.7867397964188 665.2674127424473 394.2407551533543
929.6906859956126 1100.5043489869681 592.8974906428202
757.7695222931715 1223.0773425036773 734.8206097147051
994.2998792387959 1166.9519405120086 163.9068426149809
989.6944130253818 1007.6455698024431 1432.313357179883
1013.5331732050697 777.8833053445503 617.5534560286711
1189.2098167509039 290.6077949523391 565.7356209243623
965.680029647548 485.7181078558075 1186.0070310481349
1237.6675219026054 524.6453614415966 1311.8775591151802
862.4093078036755 861.9680970274171 378.3105160848497
570.7339359101838 1149.8129457558705 1174.7739359486284
1247.8808440413804 1017.6451228524423 766.8681197256623
1142.0678885104564 657.5581844333003 264.50343111176386
944.9995361588552 617.7126267434367 366.3557628932206
1087.808765607409 1090.4018829642494 351.15237404300433
973.2854353703175 996.6420587778589 456.6102757721407
1176.5679495997829 861.6844792754276 864.3930817866452
1113.4801812102555 1165.7186477625569 1245.4803832741957
1138.5571470947248 107.45459419575707 1299.6089460391916
809.3794276743113 1396.2461850992054 569.8020992853877
956.5291155116007 1165.6952968139603 131.74379869011005
1275.9464909443936 1690.5221759668996 1418.6514692328121
1443.5222993175823 667.3288986168584 388.02055768895457
1347.9170055514128 954.7326879831223 1143.363309543796
1366.253478286449 895.3349260889318 27.245211887173937
795.7469689484528 941.6993344539599 1261.3181253185378
983.3487030653555 1108.4551019548155 1178.9984131878248
1096.9459118544034 1199.3877086231244 112.86655723132621
1158.2514933224302 1367.7306343153457 703.191018425337
889.0935119881509 1169.5015839171633 177.64440091668027
1349.3238697872255 661.4633784547764 1034.974545013844
1053.6890407766102 598.8917502953551 1219.034420672481
959.4179482751786 1518.3143286841173 843.2068419489167
957.4851895028673 739.1399615788919 882.2405978471966
917.4347743791463 1203.9447969904124 295.93167368288886
865.326532079653 891.9514312872866 127.41509748658136
1069.3311912555878 596.241170728347 909.5326191237779
1010.2870719873383 1363.1064287974193 819.2509569718198
562.9918104559576 1403.3773588773515 1412.875986826917
1207.653029696858 681.4576072265966 11.030479105561042
1041.8078181664096 1089.3893508807314 1119.3536812743564
339.8670684707645 1173.5830645045899 1493.5702480924701
1391.0435298104883 992.3883264688008 45.10531212058161
1116.326017962528 921.9520669248271 754.8495441348895
916.6530319616659 1084.3483167853653 808.0507214818073
1050.2097684028847 684.7820241348161 1482.42042300448
872.6699733893748 1480.060229951504 261.2819416168928
1241.8979368908858 1205.4405937897532 792.7610043435704
1369.6444347435859 941.8864911697609 1234.054470915293
584.5315813319999 731.3388346759446 997.0852788849944
922.4213324060503 808.6887968411532 162.3167326531948
1169.3920721546542 934.9648101727853 722.6440475376079
795.7276613394665 895.0847191517678 1210.4605026705863
984.2113764954914 1028.6590982637974 417.1869639771327
966.3702804104986 1437.3013248466411 809.879674195904
1136.8561090438207 807.7060511533039 1216.736198115094
706.9977817092421 1029.1485260595389 147.20903980006244
725.0072914546122 543.4990715116885 444.69398799354883
1004.3100989271876 1161.7116761870875 426.23665655972565
973.7954816334974 762.3582419949124 415.3618873629211
631.7994344473032 984.088203425115 96.01077052480112
735.6842807277731 1360.550324757018 237.23118212614452
609.8804972183913 887.0433044375839 45.55791550538113
826.4758633296572 1249.2967236886027 861.5774528435833
898.1220658736181 626.0287734554497 6.812417717165453
527.7073923381159 718.0162449166875 1432.6961483162156
1594.6447371748552 996.5134037335988 95.02392287730682
882.2050944472647 858.3180461970218 1292.8982566645107
1112.4856394382255 616.1892692477869 966.5294615099394
559.7444978894814 1103.8133509868373 1201.4558480265905
1519.1683222926445 1153.7573478558902 1175.4904562556833
890.2382754770393 593.8317410132036 412.3221876122915
832.3268188696202 794.0245569845783 512.1537344073994
1471.9797233792601 803.5181041458295 1218.23106141766
649.0952325012745 1131.5662368322478 887.1502684760088
1147.432634193599 797.5451516949399 1398.804178750911
984.4088540195492 1090.5771719601817 1265.758897110056
1436.1758315495636 1183.5003122709113 1464.9226037973178
823.3416146830025 743.1951928292085 285.85360135356285
643.528447865197 700.3232052921198 1450.779340560411
1298.6523474208848 1083.5535786186808 842.6071575618635
797.318667589501 736.029817095899 215.21836089506914
972.8381728168439 624.0818603468357 334.907111437673
1008.38505553911 1083.2171502796734 807.3190942157931
1356.5877831384423 1241.1671756398637 1345.7763043928035
766.1648939776226 912.8253397539089 95.40998281500246
1222.6886637102998 714.2922115030415 1272.2710966427135
936.01153632985 1152.6762138536226 1446.7559271522598
986.9918459663481 878.3510861093152 1139.6704151678807
1053.7452842085106 1103.1256473389942 1114.9616810291059
804.8009851245075 1000.6700936052407 1186.9746149617552
850.1900114777628 979.0475465890801 1229.6083956979821
980.2212375836515 1055.6596669012993 820.9605275914865
687.1553674113198 1357.661086278642 987.1850863597216
993.1819479921346 917.9240033091288 1439.5192271239337
797.7873240786874 761.9885900149304 429.11569992226146
1110.3895246706675 751.1331534240463 197.63049297885416
629.4495536212539 1646.165088054784 778.763561414808
1076.2156230315932 885.034390754223 108.89549638865297
763.8836995153692 894.714499599075 741.624101834368
808.7906217931422 1160.1171232996307 386.2447720941997
1179.7795650131084 1273.2025073818254 1304.479352382445
1240.6644331326013 802.8394424033121 1269.4637918299784
1326.9944919081083 1187.7732328395884 485.7424472199839
871.8018240607296 789.8769263744982 1277.485703259638
1128.2511855531325 1210.4092433468493 1292.5169477326906
1276.2903945531384 570.8336520977268 478.5974672211271
970.6373431762289 636.6751056728792 822.7043047737045
1377.3932912592795 1247.8639999231873 507.4841555894418
1115.0176688809229 984.2709757808867 704.7206074953376
1518.4731760600475 1196.6363914295257 498.2527186055028
1097.0792583253058 1208.6990109883106 108.07191040584907
935.1726298866296 1421.0412404264844 255.7648644563456
918.4054191830123 816.7354001411192 656.0249248663124
1021.1889413383595 1111.859116862794 1023.8791816009326
1041.5796861654105 1042.1671785436952 1375.1128238612475
1242.3962862585288 749.7977494161278 864.2447137628689
841.0430936831808 715.5600553751425 898.56966356263
1483.3859534454223 1055.888225531124 137.30270144079492
904.7209622371903 1119.9045810195976 845.0691579523071
607.0828850015567 633.3741578480317 1096.190745166974
726.0917803103275 770.9232497440787 994.6794331978797
824.0555572080037 981.384839369978 951.3958883703917
1351.0868783143294 1143.0550525106096 695.8917297938198
754.0759301956703 993.5526622657809 1227.966791379248
631.4565602280331 673.3974987159468 1283.480335422664
1367.5549243779901 1138.6365761289862 44.912434980937334
1466.5758311421434 1118.8700654286574 563.7930619787967
1600.0806734640264 1109.410492525284 956.3048452033566
915.3783021042246 1378.122935649541 715.2221544301123
860.8388660723601 612.3423005215021 64.31573111730005
890.6261574174812 559.9343007019925 816.8307081935725
912.0793870390588 1004.3150211449525 508.81622928712727
1059.4242842653393 691.2045570040996 424.1296889002648
927.5951242002245 1145.963215592581 573.3334065684858
770.5841613956843 1294.055973011423 283.8925497787305
1005.0649638489206 940.602997276937 1484.2944989056132
1422.5291780083303 979.6617768808086 122.49603803029486
1147.0426169801424 597.9001883020701 1242.1024969839323
1017.8828793093967 882.4139728344544 1453.8964995482409
664.3821898083914 1281.5835102437659 550.390520080462
1115.8642089669113 1029.6402856322688 1332.383231333787
803.5868030964925 1109.8078429267237 1223.7634002155232
932.9121167415548 1296.5492731430415 725.1409420105952
1187.666049861895 1262.057977988 408.18395925694915
479.3815022734152 1289.8250301569396 412.05610420794386
1376.194264911562 1012.1498736532936 61.50090687324422
1246.3780277771755 853.4807969308463 20.033139083561746
734.6386195456473 755.600563465144 470.08746292004116
1183.751137491874 967.5647418435927 1116.8900665923297
744.8473481195758 812.2453433443392 277.0582845323731
1097.1266638568225 839.2037121434072 399.25641971523476
1119.0715322020299 873.664769913119 992.8226057675932
1382.6785284498155 1037.0736531108655 1122.9436093246193
649.7129919443028 924.6167723850928 337.1246697680199
649.9308404733196 1249.5497945846732 1143.005271058509
1637.8853460312725 457.4254526833564 550.9176471628472
884.1364041330806 701.171493481249 1451.8445647092788
1562.9050270254224 877.3767144429178 47.54525809035265
896.8924547986252 1154.7434637967128 1041.0963097751073
933.6072055530585 689.7213134400545 376.13478210198497
883.6765371328726 936.5459692041344 426.36907079279393
1343.578698394375 1058.4258792429714 1369.5094341230783
1378.8977485583023 1252.6187346041154 213.03259826072963
930.8398319777156 786.3175107213101 1198.392556992338
1081.485382375207 811.64275948724 416.9585092606433
345.0765097992436 1092.9984305894782 1370.6994824280646
1287.4912655236449 1294.1886342519472 353.11240011351657
953.4067348551303 719.8801825883795 403.80420519506697
775.725260180614 1259.6985686054488 1105.1918522815936
905.7955873179058 716.8973860266151 1473.6809055365134
509.46948723261437 524.9305658663347 1296.745978509166
706.1147977860132 1056.6145143195533 432.3846322729666
957.0803705277748 956.9048772068508 494.2891364688765
975.6836471681388 837.1031893618599 950.7291500461724
876.0730741892949 1162.5853771402203 497.85905580958666
1034.9316794430054 728.1255831297553 635.4308243314373
1149.1331390144276 1302.3458691454243 1324.0188527544378
1172.7142190254015 1214.1917687048362 953.2375091645115
1073.1434165843514 820.8419410549573 179.95690678965786
801.9624264985705 898.021421464167 646.6338943870744
893.8847293226085 986.6051874516781 484.9449017620814
961.550868572856 710.9820379351181 1162.200391157441
1103.5318955166806 1331.171096299461 1075.109216400982
1116.5010483407666 898.0448075191239 1481.3375632431844
808.8103954075463 657.4738246139661 811.766241117575
1074.9374540039873 1520.70540890856 177.361825457318
1265.4490514761526 992.9685195416754 649.6776181325519
1052.349429241089 648.841037923776 207.30955991418742
620.7633190657962 1270.1133963309744 1180.2339278842012
1061.9867786861585 764.6714027238554 771.9600148257161
1232.9046396789454 1042.5299344814941 1130.5157123047948
425.7826301105349 1155.0879361684792 1266.3212672555105
1231.675401277686 1133.140503261033 358.4355642074996
1107.8685713646423 1257.9998755654824 1232.8057599828505
903.550619156386 883.0742554379757 1283.617393756239
767.5106373232856 1042.4111498270133 1060.4701082914069
1305.183325286575 1949.8363746644068 1182.8739085889245
1531.8122741497978 946.0274517300395 1454.0155779809932
888.6024260595705 834.3922607755819 1110.9071162619791
1034.0434529944753 1110.6204167286724 1127.0933527992024
1218.1216360212638 1096.4796228579175 991.4020625514391
1065.5118887614474 669.1571090057404 729.9669384121048
834.948165597109 954.6190691776582 436.0890702162907
1127.0796246779582 868.9455799454876 1364.1447536523383
766.8684898451522 973.1546513143937 1330.3333882832926
852.2075594883015 796.5721122922367 1108.9046604897726
368.2488348122748 1073.0994139604531 107.21574940228484
1511.9384298423397 1169.3679087265127 1485.017824371746
1297.7403225802987 817.347022317576 688.1693781361565
1138.7217602549913 747.2306010485877 1223.5694615555067
833.0798545972149 1395.039561903898 495.74973342484355
701.7192883181374 893.6217715804216 827.3024321829096
1012.567215188376 1181.3932104193498 389.2131623201759
1201.784983601648 1041.0290943775296 573.4453360587372
897.3822871930461 919.6977825156927 387.4814718338501
858.5897929307316 873.5101709157477 1438.3397856542897
984.7946336355056 695.2818692512076 545.6829564027662
419.90792023898905 1096.4080921860786 1416.3357465395793
1028.5329725856932 1202.0636675656563 336.72237534262825
1026.8594480004178 335.8004840885958 294.137015148142
1162.449609555585 823.7252526552559 1247.5682233070506
1516.7048459828993 976.5385265093709 52.196587296953254
825.0154895375372 816.4836102745932 805.6867870860351
1130.1643676508759 1364.4869164463178 685.8229803090081
1174.4915447440853 801.7097882564565 485.4381505496844
865.1927849699262 1130.479924245419 1125.9762222999093
987.5506066900966 845.1959190105656 875.2814599517613
837.7444039407653 1058.4750122815017 1362.1494170631502
1452.731895701697 1021.9961321365382 227.58205597524
1511.3044463195472 978.2612537339359 88.63347644183351
717.288483014195 915.3628902323775 482.5339402990669
1205.5634575391896 1005.7584697087616 719.9604968096979
1057.7927617336961 1283.3629525976 427.44418357918704
834.0992935234572 1221.5717827960946 16.79396545927353
1094.9369886968777 475.85137690762804 174.04540600929047
1055.5290147606602 878.0792343342623 1163.4269590705637
1465.3391715632306 1187.6001148119362 466.086825367945
1044.7618479527357 1220.886574202132 695.0610309110787
1245.7407711453754 1484.3287733719785 1218.8822875455592
1131.1913068787624 306.5406117528821 525.6823660403996
653.9252136816474 1052.387756814951 1475.8049854199426
1220.3775702428782 986.0971101579644 575.6159303335497
287.84545664195423 1124.428383938934 1057.281918318884
933.0773350746499 1061.18309851991 945.5975667882783
633.0979542770326 658.9582317005771 1449.8475046483916
1101.3344915589778 842.1188363474313 1066.1569391472922
1214.1363001337886 625.6728090829425 1071.8632378161947
1262.23539260997 627.9884715828579 1055.9876329611266
1099.3205796020281 942.921403675933 564.154925421475
1288.6873731917344 1130.1002931771998 806.0143804794128
1327.8214933233771 1018.9105249235598 349.44447203553716
1159.218123730699 1192.169934196264 1399.2681384280777
752.9768704559664 1097.5202940078855 1483.386325663375
1088.6965617779326 943.5055526556249 883.5620455969225
1068.1283828420858 1130.466891735951 176.64562127073086
824.2663628178309 984.8134792502352 1099.0680256797789
1127.9435727815069 1199.3962927121947 1131.9917012999326
855.7675507244059 1244.7806770360862 858.804320430306
1212.017603558278 870.7457672366459 1339.8359587082184
866.5509318141359 1277.7182238307314 25.313730546661528
1324.0748314012696 707.3390426304168 104.06078785876399
1302.5687215183589 815.6608312968592 1071.5945420169428
1253.4881183343623 880.6810460956826 1018.1281390051997
633.2706587690598 1015.0418864829333 67.98263439733049
981.9025769749838 1194.909413210395 1230.4739660121686
1216.517241481086 549.9195749561378 839.3151921059102
1022.676346943557 530.5566170340469 3.4523432033518042
904.8296956250545 1009.6250863596572 1025.406311972436
926.3437685964394 929.3034294467658 427.1465123573113
1234.8488043026668 1375.0479217980076 531.7629412032038
652.8443174379705 1288.441932008866 1012.0757062325273
902.1318332730173 625.3682652936086 403.33904277758813
951.328300052918 1054.6977662589754 242.49689271629526
1059.1364981074614 755.5010625347729 1292.980395213146
688.7430581986903 476.01204451603246 351.8352229939724
714.2371725391386 1062.2629427848951 415.34255978393713
1095.8290524439556 1259.1168656467505 1031.5823769636263
778.989803679404 1283.0531335748517 122.26923323461897
909.2000448047144 1053.5501937992392 518.1970864036181
511.645030733818 993.1137312966675 1167.2406333543984
745.6251920568209 1094.5984421586932 480.1717741204388
1122.649621944487 1072.8883332348041 625.9036126701735
1229.6744159577854 1129.8878002110575 452.87498655576405
1080.4139673155971 1417.4824623780391 1472.7524941519955
1379.9301570095147 1062.5453176464064 1362.968208593288
989.2219641603012 770.1177326179645 895.827490865582
180.78232797944293 1191.5806292897578 962.7430831994938
918.8739353439357 1123.8498930706223 169.92157711256777
1203.7818850191597 1169.1339467355078 1037.1836842803118
1212.3090975106682 1355.8371960357204 220.11932929149896
1324.6146488562322 857.5937364530226 1285.7666315567049
872.4151218915674 673.9440127068843 542.2835233601479
502.0114232223205 518.4315675070752 115.14369876764158
962.6222242618359 842.0332182909518 762.0305550847766
838.3398805281327 1137.3374444950443 1240.1241871887921
1252.6653591267432 784.0637645805716 421.658340890879
1431.6006425632675 1053.466075462608 555.3810504054826
776.1370338649374 976.8890591762874 609.693370724373
989.0983548930025 940.6338206947189 344.53810696786775
989.6668233967316 1023.1185224780166 233.67737211893254
1065.9354384568514 897.0681845295352 706.5446666596993
913.6084132830242 893.731265738553 1306.7382292045709
764.4561763825353 1284.277836411073 849.7172858669738
983.553507412986 1093.822963966871 553.6567620609009
1020.8604554115246 915.8508847850007 1001.6065243162908
1120.7736460641493 698.7915858285899 1077.8990265008888
736.7065127689282 1115.0785562514602 755.3742364954267
602.0572272192223 1060.1195269676882 100.03034674354588
903.5283651601768 980.6977971326244 810.8130360367076
1086.238358359068 915.2533275500127 1352.5634522929247
888.0333207333449 1303.8151215307535 1224.8583815024833
1118.9866958554244 1166.421428636408 350.1840708132491
972.8694225350629 1535.7169554417005 1381.0673363003543
1215.8815982100487 1456.8257483607906 1323.0129018295181
984.0710861075252 1366.5150479954054 131.60974182081836
1183.5177227167314 488.4788519074611 725.9545038346371
649.1023030345125 1054.590664530501 1259.0656963608226
806.1420870366205 998.743986857822 1103.9718436035196
1105.287837406454 1281.2696250560691 823.4306099242395
1037.196260329991 921.7173076253239 104.7049213387668
711.7062284768514 703.5043856700695 88.49253853284245
646.4439028069801 581.1761250855116 922.9547058158149
763.2083440786029 1155.7389058965034 935.3429895270502
947.1852975805864 1303.5160042316816 1284.4946286987858
655.4783693535949 885.0319884556625 1405.5626554763244
1070.7964137695335 669.0153007229981 689.1729755501891
801.3730865925535 1048.656284497361 676.1984525890961
968.1449257365477 963.6408305048203 1330.6546551821382
969.2139356048107 837.332843022725 407.99264795826014
968.5280674601368 959.5490846132959 1210.3398740911357
884.5964368799366 952.8797335538806 606.0781209239351
957.2527229096974 1257.9514778068663 1423.9331563178112
651.2646024711385 902.1043743336568 218.074534948508
1131.330874858405 1237.4963920150706 820.7650978280719
1145.8378002811714 1288.4766410998034 326.52413863524947
1175.096997287355 1054.1546831510639 1212.8357775684592
879.1823892183605 804.9531284047052 1018.7900506134525
1275.4162839782123 1497.8108240732338 1177.8023907470217
1004.1402518706554 1210.4112919982092 392.5218904189374
1004.1173062729508 1174.8769289702477 1292.5441924543381
841.3417619161098 812.1807074488388 334.80915383728995
755.5006537766573 886.6807712678723 1319.1146618120242
1282.113606018114 717.9048285930835 964.3636133187351
473.7291617292475 720.8751160909031 2.9024690556476163
1394.8079603911547 674.4552091475905 1417.2584101213947
1336.2451837806148 1144.3144791259024 1205.3194026815302
925.0012163569123 1119.64459981416 490.07116169688913
709.1095745127702 936.9048164146898 1075.87864273938
1345.661231292841 1192.7783916918884 149.48579033990828
1038.2546857756586 569.4852183366067 117.98770593844071
1396.4946691641576 1228.5251568419235 1178.075900942916
845.722610793775 1147.009110583174 129.32496884088047
1065.6350790131287 1111.325168363202 528.4674680190371
803.8753104286561 597.5508858907592 238.72681829313908
988.1085583533162 700.2784821009157 520.9218111154329
909.0754452902562 976.876511558675 1109.1843583450682
678.7153397794754 823.6778439597126 421.1028770130349
993.4257072933618 869.674672112616 1467.0866914305661
1009.0417406479393 1045.6832404833212 1434.0753768221937
864.2294823668543 880.3133323750526 78.40186525432784
1186.3232206866637 1111.2446945774043 938.5441903272109
1229.1709384702149 934.6245521423956 815.231081150019
1121.8395154423888 942.3136891069647 1305.1716381317738
1105.1441927236642 853.8849179804809 320.4011330397397
887.580547034165 753.5902046082326 1333.4214449763065
723.5445526108863 618.626703131421 1263.5211660727514
710.2063424291191 450.04065140811315 642.6646368487671
1015.8003098135499 939.0663535332872 422.72894630973326
759.7872948497929 1201.9601311834524 506.6709820899558
1104.7417339811836 893.5783480782009 976.2348790788692
757.1524850614793 1032.7309157463694 963.8919941749887
889.5902284125484 1187.9805557116274 1160.8930382354692
997.5995847706603 910.4441952467282 618.1331828165092
1284.4839323817584 778.6422281977108 127.61509862125287
773.8964256587101 1145.318343858325 923.712637711465
1263.4287395452552 892.5409138075266 747.3906522448478
1209.0558282275547 1328.23632285918 560.3003974793606
686.5759068187231 450.93406062403983 76.66921413201783
995.0229864483042 1430.7644778144888 961.7249060275252
1149.4044913309294 874.1288545996586 87.84890594486333
709.6433462136988 1001.7826621888239 198.02020642409528
1300.6587150561352 867.7189185937054 801.9452363494729
654.9843338536327 1270.1094926287667 519.2494107826273
1103.9332543870382 797.5543369783395 344.0573236580025
1444.717012133557 1037.1905333899815 1406.3891784174682
319.4506894174857 1025.5144944430035 611.7015740532677
668.062960380116 1041.895920066028 1257.2494260158646
1043.8731079626195 713.0446318846527 722.9162519313552
608.0747813624965 182.32077351623934 773.81557172307
1410.777317923266 1371.3216119323586 377.94410655597954
1281.4965066660086 700.5347585360074 1439.3917343808814
996.771855772849 1375.5261992651472 312.6185635095587
1058.105255215283 921.9827163326361 1208.7745964307164
897.8576743284399 1271.8011722570095 703.6606453158588
855.1872831468618 1077.7522111569638 389.300369908197
1342.379877663406 525.4168423087658 387.6078453124505
750.8022962668696 612.9562696825167 1096.4282239018053
611.2114193869779 1309.0886373429435 1322.8485696110538
1356.706195386373 1313.65496945443 542.9928532672302
733.1380255091271 634.3561164862151 867.4960524906069
1117.9704025115905 1020.3111563189918 922.5859996396047
1373.90194031696 874.9717476438743 1155.5545071416548
1161.6413936910644 1153.3660158685575 390.23439842620843
903.6354265879551 994.9172179112742 281.16980930021884
1146.4488417764035 781.5162632863345 216.78328272011836
981.0186772255558 791.9178044442092 1026.0731624347302
828.2128362151143 1311.301128968316 246.37348140831344
1503.0098094574678 1238.2503955219368 510.73030291561565
838.6163443622137 1193.6436236205097 755.808257087405
851.4707600872033 669.4181482211093 227.34710857099338
817.6459381760394 691.5191719954489 1280.133182993194
648.5189088976067 1086.835073057575 825.346909941665
746.1241807219519 948.1810610361433 615.065188926833
1245.9070711069103 842.3200343721917 659.5626084638851
962.0126366150228 730.9823214328009 130.3545110846586
1170.4113567379868 1073.5590922964584 1465.3991909464748
1354.0766778864104 980.9200226394227 84.6244195389591
981.7271814450663 1308.0097958285169 933.2873836450849
789.4854047068977 943.7142599649118 1191.1702685510882
1238.2223414927673 1042.0109404421555 1451.1196412213624
947.1410191003216 481.672899266096 697.3686305855412
1091.5730190358506 1144.4677993308012 1494.285660358501
532.7489204272736 958.8660734154506 413.32788336476625
541.8930861489451 860.4459420649006 393.63525986626
353.64675536441734 1046.5721035763638 700.1834448833768
1149.16974041774 1180.7583505723096 1070.3051966286425
1236.1556688187243 1187.6138284405197 1214.1597746052562
1077.2102080151003 562.0071616022392 464.51829905671553
738.888752105237 1105.7918252004622 678.9808686307597
1031.7549529162795 1153.8942706431294 1059.1859033292783
1134.7481355438917 1302.93271751687 297.1590481694949
1022.7746726287761 1137.994861578494 634.7446974002161
792.6372366694478 1322.4556717554624 509.76798306048687
1595.3341851340533 891.1825439388194 1419.3389280112333
1270.0135668118996 727.6499622242509 232.01819979233977
885.0055209927211 901.9794619938681 1363.9132277026333
986.0077959090029 839.8961629890634 1082.029223624934
914.794899855985 854.1740236747801 500.3000815211462
1060.7516187943545 1346.405467162048 886.4520329847116
884.272818276976 700.7969431929791 1058.8803725129844
793.8415598684916 734.5738847314639 1430.7376842091765
881.3018793125038 1014.2294078640002 70.27595538002717
1187.3318292586237 800.9995463921042 881.6077895806588
583.6751414708488 748.8006048033515 987.5101406614019
814.6162700519484 877.0369920060276 425.55863334079953
849.5874821403561 925.4055894237855 647.9834318281771
868.4599693679069 1126.9563029390688 1411.982224254894
1115.7804794673084 1346.8816404745871 929.3879548147162
1246.8795679859259 924.0590474503514 1026.9685904772277
576.0213281481813 716.0032710149437 985.0606091745611
1141.6964575818374 865.5280728805797 563.6798038039253
910.143753562095 937.7300820377045 1432.4192035504063
784.0871803976299 1151.4357767235304 201.0226000568618
1053.6605406809228 931.6533911167766 973.1097653911713
673.187938593524 816.7173538969282 1492.6151474799726
1159.4736472778677 1416.8247520589164 761.530098752435
1128.399823579846 928.3165907651721 281.9418445272748
1052.493997413746 684.4303908281557 247.17623163300118
1637.024079568057 778.6176739952505 1163.4113695650994
754.4771098703405 1314.8552473614088 1464.5443849266478
612.0368554864887 911.5358267254032 78.18918953815302
795.7534343714137 1382.4801560283643 515.0141564225759
623.5591842022775 1087.2801649955397 1189.4163326152043
1154.43169283111 1131.2557295775694 1182.5422715432996
1197.9709751558905 1494.5736340524122 495.8916114045296
1327.911075499468 773.1664997210135 493.5997360834738
1203.666406510225 1341.2930364512051 1185.714947878288
1018.1730540532848 1043.9585553311665 1464.5335124290812
1141.9586290202863 1298.077638159482 852.9507251032422
1023.3964319680595 1253.9980519616672 594.9858790761651
1135.215636815477 567.2361474795835 1243.7443571367685
761.7978531400248 849.2362361150517 446.3236117055767
1003.3445145581273 1058.238935873077 813.566969963005
866.9037135821102 1035.876237517888 247.7680412058148
1092.3653482859422 757.3870415313913 256.77799267478235
851.8383421501898 1041.2376235403958 315.967262984171
902.2306192725351 1109.7342175486258 1215.3335779384595
519.3110177090621 852.8776765847176 768.1035437277849
967.9415383518146 601.2974363712179 221.1364462170007
476.3980910183386 932.1902579599227 484.2550967016155
983.0803897457636 727.0858100824285 167.66657059879498
910.0636785060918 968.1573601241842 676.9770967924835
1047.1708608595588 437.80800804588216 704.9650088485555
1126.316216214244 1266.608307149482 40.2762470216953
1334.5118018999005 515.7512449957476 1008.5093714943926
1029.6294075922478 1014.4647453515695 197.07013020851903
1250.6058371950828 787.1200736587643 916.1197298258899
850.9431839868441 1283.0644174046631 918.7807710912301
1095.8228963267838 993.7557413855199 1249.5266891044535
1007.1035217129887 769.8769403071177 1146.8991779917617
1037.129754904485 808.6516180393129 76.36502535213758
810.2554251326583 644.8822633227144 427.0942544928642
890.7826322191671 1326.4681193969463 516.448750636143
1267.418347864612 863.1107674021043 904.6412017416312
820.2100798639445 769.0618192042787 343.80884426858574
619.9426762897651 1167.627127659036 663.6606050641692
992.0156873306249 1119.7947849444354 1120.8681308753555
967.3195901935607 1095.5624473350645 39.392374814888
1345.3672914724523 633.4826249053503 1210.5737486835637
846.0028137443546 688.041522321977 1070.365610345745
605.3564199766438 1022.2143993976355 977.0103165685928
809.9728461641582 1289.9106510912895 750.6698036667061
727.5310140350582 981.2116519262775 1127.2249799360793
812.1166025569781 1212.7836285923509 1442.0794271528205
1371.7812069837487 1039.5643410650423 1348.1596828778477
870.8678123704185 1144.6563910289765 975.7615861965585
1087.867250707704 846.2971482477984 702.7747289056093
949.6990241658993 1077.793075848243 713.0554420416798
639.4393406008808 748.7628065309608 1046.3749708494822
1436.0507588416176 545.7124354472943 1480.7550752072186
911.6344311230107 939.3882872214168 1191.4886966677473
1293.9169727067144 1230.9598717424642 988.1699435088179
1070.5319933215526 1042.9996321405656 1449.9947641765154
1033.1114470561783 803.1661218626507 831.8952095446897
891.5876261113948 1176.5583191510968 362.7772435994864
1068.0873720154536 1543.0140080696208 1009.9850563644014
946.3610775157875 1410.9937391611081 978.0737437610819
708.4796628868451 1079.3194615975185 276.1795127800352
961.9180641532861 1131.442582033806 1036.8239974476212
733.2656723368668 987.1624904781988 892.3016983633373
1005.1554124457538 827.6544464785075 588.8846302402571
1065.2941982778889 1231.2392844966537 1236.3690084117552
1234.467019829768 709.2514200353037 307.0520586672653
746.5848390131789 565.7364831091866 26.915256592175474
1067.2045171673994 1024.286910628773 1222.7660270990327
1316.8199143251297 962.0510850589641 271.11665228503887
1369.8124951489285 1146.1594475296488 88.11228804757509
1231.840573236113 876.9402345641882 279.03088489847494
1021.5601360084657 911.0673473791828 1142.1183059593827
636.8102172836116 1003.3027804432182 260.6753439727449
1091.2048666936078 1225.4037227921751 138.38845184606947
1109.0543895932449 1009.1120339954244 375.8954465067739
879.2667133157333 1106.8912380517181 697.8464671477044
1174.6908942649927 1042.3910565681365 818.0611787652715
1066.4959667187056 767.4251803709676 83.69600411317069
1095.724404711163 962.6975617680946 1270.718665208772
796.8708274202081 1140.9934248454772 693.5551198156077
560.4832458763831 1002.3708932253137 312.0965950461011
852.4690816373065 983.8397496058908 729.3760475724624
951.048323625028 1156.0077294844725 866.9913179968964
1136.1487821299079 623.7870076123304 1246.1268349201948
928.9109929158468 920.7526976258401 33.67293499730345
1190.648527007236 1159.6758158170794 452.1414747252475
1010.4585316565768 1358.8156757693507 191.8341353796481
872.8162838531397 1058.3804064147203 1140.0057613874033
1420.248706043953 734.7446332570496 607.5850788970638
820.2148619230884 1247.2725092511585 550.2810828752977
1099.6039637349872 905.4029305117971 1199.9568646116131
1013.3895826043901 1177.1466361373878 798.3317096760704
1344.6668294331103 1151.3291971562473 211.34942426222193
1064.0287996094173 1063.7371552166005 1121.9846745638727
1073.012959465138 1051.513649406905 1303.4561377253738
790.5971457427233 1140.1845177586313 174.6286754081739
1047.7667750214894 1120.0948055927865 492.3092660125743
711.5056062763364 1055.0866218509611 928.3806571429977
1305.6764820957924 832.1290420647217 1233.619525472453
1379.7567131618127 1487.3635321958573 543.6013879452643
824.0162514047277 834.1514414780914 1177.288952543021
1003.4064607308719 657.3207025095975 1380.176293782823
1608.3202300883477 1387.607467410014 1034.0269244434019
832.8276308307694 435.40281095509147 1003.3709214025989
1239.894398792511 1215.5641182397826 471.6837283419249
428.71986136904184 1033.04238089283 1377.5394350000488
825.1485845399205 1040.5858772972963 1254.7702475721862
1146.8549732536496 842.9512054884498 1013.5694492055585
1343.025836081168 968.4923922822128 1232.8731521936093
692.3328697183508 1156.959436678545 1313.2140241551413
1158.1801542036644 1450.506631466218 963.7017367819114
1190.941347432198 1159.4989084372241 448.39162536276757
1561.4815424847682 845.482914225393 868.2054965064325
504.8125534780882 1246.4160436912857 197.91967724101195
459.97156821303247 908.6904623086753 1001.0015997985058
1137.8004061423014 1373.6882488970064 1047.178952084366
1400.5576361263861 1264.8437274292903 801.0198306936113
1264.1448139159397 836.4632249455977 1316.2732440228465
1142.0007368888078 1233.2228263196318 520.4481313911416
1045.1010381614392 813.9297367380775 1235.8946170788483
974.2798961007433 1548.4090876259504 669.5084624143
910.9041134104392 1282.0662981147061 1392.2122501009906
642.5562784900928 998.320267766468 1495.5621912761624
1225.7407421122884 1204.667227692133 1019.5162174971432
1037.6039603420113 613.3007375499783 1407.2941439380188
1308.6461024970147 1374.985050457775 1226.1126279999007
1045.3118697453115 1377.8456529545824 1124.6996163871354
1154.66543830695 896.8434105380844 1368.9340365693577
818.5165717785956 1239.8282965529143 1227.190992642682
1473.8101411546245 864.4037584507774 201.18284028916622
617.68785759248 1026.0690900332104 1082.612993817512
1240.1735888423068 996.218114964706 642.7561352825657
1225.4161347949685 1281.3491912974919 1049.0461505779992
1255.6661903592558 1294.3655158655342 1498.5779414784413
960.0756580124901 1055.2253155304368 421.42929630295896
1196.2499659810671 874.8190218316167 1452.518451708429
1501.4865650826796 629.140149348015 1147.2979091445118
1482.1430912520577 785.7684743005328 1308.2072507822825
1219.534851017877 1051.8024067123388 1388.2403684916148
577.2549185879183 1275.372445203741 94.71273915530887
1000.1249680777272 1096.0586253308138 654.3045512779888
724.9998119813692 1011.1279539194396 426.1943811669317
981.4529961038306 771.0143784160147 881.690135773378
1334.0600612313208 976.1132653805681 682.296494318522
1236.129305289233 1118.6463337636328 823.589333300104
598.0302561849348 1035.2817704803692 1038.0586649253812
707.8699091013373 954.1346770569123 690.153373362415
1009.0172263215941 960.5241228487154 450.1129225271171
799.5998201581745 772.2261304436001 383.744904445281
1430.4273597128486 956.8194660881043 1218.4946109491295
1282.5399218720272 536.0207144087898 1385.7173417846216
730.9863354090468 1006.8471609445679 569.1638067818236
1010.6295384344684 784.3916484319816 1192.3334351726592
1327.4590753750495 941.4587440116574 512.4650855291745
1053.5935583331238 1154.0438693609628 963.359626211011
719.2444163454891 1161.209232117621 862.9373937543104
1112.6878728275099 1166.011829499396 122.22631197440698
369.81583230464014 611.7773206996799 1205.1608598256846
501.4415163072335 1062.5172130366607 1100.1751209039455
1098.1401158299007 770.9318222111942 338.3113791921429
655.3512252634055 975.8284409296203 206.9757682522465
251.1320448378683 1074.7098711112365 619.3323614943952
990.5573613560058 1275.1720738253543 828.9944978355312
977.9533169244771 857.616667223672 1087.6722874210157
1215.819465663278 779.1943082396697 47.35351936751919
917.1345474806303 1318.8495493324608 0.8111906989875517
1326.500612312468 1350.1642942055257 1358.7463636379946
1023.9171051660627 1290.462323568239 810.0706860509441
1092.636837332257 955.3022448465649 324.6545731099406
1310.6908409820028 1154.336519609471 1360.473391030291
1169.1217762205515 834.948369085713 776.0666311845719
561.0973080157194 1245.1048305728857 771.8252410844192
866.5040543578854 981.4254193012001 1294.0080411811139
1244.6572546069638 1214.7956897207014 653.6277603537304
825.0525851548914 888.13492232467 1321.619088294144
1033.0754940916152 562.850303406761 678.5383966456976
1367.1422631434832 1149.068748953253 809.9903253762341
590.2986709104033 875.2875225855216 681.8112189528872
1154.323416476142 1282.7238722283055 32.45181028096955
687.539962777859 1099.4474358432783 1426.560420979178
996.6128324181549 1173.9250746950959 528.5151679876977
1293.1297349595106 579.8723436452474 781.2823624121606
1102.4499386045013 1306.1368429700306 256.4205837915488
1104.907092827557 686.3415583977002 882.1350848675725
752.1745549991874 1440.4628764892957 683.6403198613847
920.9533689883335 921.5306751693621 174.8013369352817
815.7489648327589 598.1809112127155 575.8950170393697
885.1131162241843 709.5437855613679 1195.772515375864
1043.3635391821272 1009.9861679830076 1383.8851926130765
877.3367847824519 1204.242703261803 1323.3730558269988
1330.3168307801964 1020.077296524287 1228.8428026548675
1119.3799707435262 1064.9209836016596 697.1925234861317
1333.7582619047053 1475.599260318696 161.29193709112832
1011.6528415538157 781.6825798525235 898.9850284233542
868.2474414862423 383.77743194087213 1113.2684126942165
856.5856325546306 730.412228568332 1326.4062204174313
1082.6359178544753 407.7383475641898 1402.9375706383983
1025.8770579233574 715.2357667478282 1172.4863825926948
1432.7798076782021 1473.8767033324912 692.9577616093366
730.2624941507308 1129.173759215433 1313.5084625732575
410.62448038240893 1003.7940292256383 469.3771137257392
986.2024496389289 1384.4468707273743 828.9478199927422
508.88387051895575 957.9308605834602 1268.2438925768934
1508.7698947065664 799.2494449573279 822.2116730018158
796.984009639519 1161.7329566463027 296.3204831905412
916.2174357200228 986.0290593841142 334.06032481341293
1038.1794292976374 1255.98418425171 385.56244021684535
856.3113204688385 659.7435834008484 401.89923818684116
1154.794932136321 1158.5871880087625 79.68298140372748
1095.6183058022248 1238.2930346392795 649.9698764202714
740.9491689952348 1330.3216648909531 252.79130677548224
1410.3294517827203 937.8533949631177 698.2706013512125
829.7784432038359 813.026096976417 314.51594927715183
1227.5259348423388 800.5221201444346 1477.7328014687575
739.2352159140846 830.1718467374674 364.87758437674074
891.4470776331552 1159.9619236183064 442.81794025112134
1426.5604235056667 1035.2423050674033 1164.7547407454895
525.3531339811068 1636.6968766658042 345.30299913233426
766.7588102575321 912.4596794614615 969.7133141094807
1243.304877014096 1124.1842224363415 371.7897798989599
1489.0521670395037 1252.5976159405213 1116.5096651907168
975.1474711937442 871.1506011698812 1218.1852950299874
1147.0226705143352 1190.2941828410626 803.0376970596368
974.3281677785974 1313.0949572308434 125.25852245941904
1406.799253150597 1168.862625324107 596.1524597230014
1310.6251197778956 913.0365170823891 207.17509391807383
1165.279631318308 1250.8641436963476 1044.7954749914138
948.4912984441056 1316.7286480308971 630.6710522398006
1627.7953669314697 1219.4455658725 743.5044330250657
1273.010896179072 925.6957618018056 424.2940689056929
571.4378589006164 946.5122207313053 835.295426209887
883.7436576690337 1307.9314056867338 525.9044861352652
1009.2923224120273 1103.075083172102 386.85690929314114
820.1113502434152 858.195006584015 898.740387013372
900.387725826959 1237.3347191747048 188.26413340836157
881.6123534405122 1066.3393959199702 528.7893929676836
721.0979730247437 921.3650315405082 988.6922118887675
1205.8066048682108 1082.3234015089597 852.0942254953981
951.2141233569051 1927.2236638426057 1048.4897858344132
856.0289736115465 1407.7547586145613 797.5329225947677
1315.0517529773647 1104.4902988233434 574.1255333086089
1103.3853858612188 1155.6667606716544 952.328315346345
919.0453024176188 1437.353704965147 278.50700937930844
603.9473086695448 1054.0744488299947 1332.4547444125324
744.299503313385 752.5842275825742 1341.9075013783417
935.7032024906297 502.55198538764967 339.0387407485939
1154.3489239719654 1033.4084813975355 968.0677413950164
809.3926778040009 1110.1224260149122 143.36746746853112
747.1447342218459 1173.0267562744116 876.061726357867
768.233591264136 1172.5303372702795 861.3389517400991
1384.06349370131 1549.382234207751 1111.8809295256153
719.764537640523 1112.617738355038 521.0037947751783
965.3021780815102 1167.191962719489 1033.8105056072554
823.7151611607319 954.0323946439809 441.32453744494745
933.1107899960384 1135.5434496747223 420.5300895141306
836.7020215074366 893.5645756996282 269.9992727911819
499.09959549521244 1162.4221230156284 1035.6211672692439
1187.6005023586667 1232.894911105127 218.12213102953078
1211.4969381860772 1218.056615525227 1171.2783817981688
954.0515534426596 599.1571307903948 380.27302552046007
873.349084087068 800.3152910623742 1334.030286433269
656.6903797569186 1118.578017980881 981.24707949929
1024.5333385950128 777.631722655609 27.439558473999647
1011.4788261377247 891.6891957192748 923.3716537343714
853.8687316636273 1171.8108135013533 86.17187534032816
1174.6769926673214 1130.7025807052564 586.8550263107579
984.0616045014431 1226.8086422302495 1053.4211306339707
948.4310122620179 1232.1257820592598 197.92792090554596
845.7697384148021 1181.0515170929498 800.6074333038622
1431.7679967630493 1277.9198738604941 1390.9243740699574
1167.6773365895756 817.3807308699032 1180.4751793396783
1321.6624735074083 999.1844224310677 68.54197433288356
692.0960994268148 525.0353813536597 1121.5764597699138
1134.642211145694 953.1885532800454 1343.5406035013052
1003.1084871911536 1227.3814008507202 853.1175825872695
1074.6357963933265 1073.799661944137 805.1069632303938
603.7926676061993 1080.1244878425844 1000.3891639988537
1000.7697219738152 512.7444612438516 1144.43144134168
660.5800534258885 1122.2364600963826 488.44566761038243
909.7171422294203 1036.31535592546 844.3440833309834
1180.6126028762221 853.069625430927 426.2147988530335
1215.6378938056341 1124.2278143539947 346.23771534691303
925.6482239193598 1110.2012311324065 1274.9744198931548
963.9766601927242 1135.8431456538574 910.6014130517204
1060.583010524187 904.9998445904821 365.56001839630676
1155.511955543235 538.960668538242 689.5025571580185
1481.648418291377 965.7498244262149 1126.1948225364638
963.2189400898692 1371.6983192440375 751.0261516841297
895.295229026639 1099.5923711369342 192.0229384778447
799.2127890104296 938.6712284938309 77.33291485324762
722.1096987817823 962.8691549509412 1114.4370026948134
1522.0143363181573 1060.2103189318027 198.59117948758498
913.3300746308632 1242.3317013451904 1336.9068449754031
997.4247931898462 1144.777552721419 1239.4541708269833
820.4050375471842 831.1539223787073 283.58568984879173
981.1540858327979 1396.180072218359 1417.9195707068923
1011.598245154633 694.2940476174235 998.1892179479008
854.0927687548304 962.1154718923666 496.3249007005793
931.3973137395508 550.7304333558304 888.2680051488916
333.17100976801623 1040.004680929109 1245.3104979237878
814.9734584449345 1393.0121762232334 309.2594013259433
857.6261887375996 1230.5380194529705 265.7129380256016
888.0505226179288 908.8465177334459 936.5769235024333
787.41860821109 1135.352586968666 1262.0990666758253
870.7332105115576 1302.5830500742509 461.96878962733496
898.5415659118011 817.8789589070037 871.9095368498506
1383.8897514381983 1136.1308365888308 904.2419301511287
794.5833891800071 1280.7553046617613 2.84254950220747
855.1452271853168 1167.1751718568382 1230.9070344716245
1091.701939926563 831.6911512237872 840.9588429521297
1106.347294485372 997.9769869853495 665.2697795180213
1120.4997554529589 922.8269523366957 485.74312637464703
587.216736201526 1090.0378035821234 207.70735651753708
879.7726685946556 971.6429056465547 1018.3416540490018
927.7606954267047 1063.578949741569 905.6162508263794
1203.4644634749322 1290.59402132506 1260.8456188630557
974.5394704983931 1869.5026176363617 1376.5926173461023
845.1316870801816 1023.8927190358967 891.122534328896
1266.4940919040994 1187.6035535469891 1251.1881317462369
1268.0116521406553 1404.551093602218 254.67547776768
1061.0877101193 672.78507605751 661.1510171295082
915.6228886994124 972.3499608977094 599.0933942412643
907.8106637904624 719.9724346668867 724.3151595409056
407.0870628123695 950.3851762891144 1050.1509132982937
1111.7730272407543 1219.4342031282217 453.6113649703813
1104.277889663596 1421.5080725478604 1160.36547390916
1580.9848455210708 833.4115146195874 880.0546638062864
1092.25656475438 1506.5893510411124 1034.7946470774953
1227.5401141964546 1066.4750440342673 173.87647672474367
891.7679182979732 1131.2607914734022 599.782854258004
967.1775336653978 981.7329873729536 809.5125310139198
1112.4810589776978 1419.900399914249 138.45636223484036
1176.0239481122846 1046.143726675287 1000.5973941950824
1389.1439250429087 977.4052987079351 859.0853992062956
1067.7753335137072 683.0439250173724 1354.420805622625
947.271121586 1386.811158607871 412.29106592304066
762.7807710169043 677.9216020065858 882.6738005969573
1446.062061581264 401.8436863340063 484.6523119240761
1458.7586293140703 1142.6981757702092 245.89784925520246
1014.8708188043358 1018.4741398593973 40.59692599410286
1490.817826680502 1415.3501759976307 307.1958658317967
748.9888988297846 730.0176273605719 1053.1195470206999
1138.905458403069 1090.9844972100532 681.9418716712564
1202.2148061556854 1153.2470969924393 1145.6868805229665
822.0267246974056 847.1234118097785 1017.2002089443877
1236.0446404391096 1068.5586242772504 55.22130048189472
872.898736130369 672.4428074860198 844.8447242414913
1191.1201660684173 1176.8714227323644 708.2515471020944
436.6994442779228 1343.8258189835296 490.85324387986793
585.8089650501206 1494.1358309510665 843.0810619791271
954.1298826100821 1110.608210882008 335.82437506879137
893.9152711325835 962.990041555328 228.2585702732013
653.1283923155161 1382.6664578766986 558.2040098708908
803.3428384982578 1046.9805554401357 243.6108176889994
1075.6981196344268 1186.1770012348106 1298.1220267249182
963.0778245976583 1045.9874871118334 110.43775101463183
1044.5593034154097 1388.0743270499293 207.83530131654288
890.1249966716731 1613.6739050401504 1309.078653107966
988.052547319229 629.4174490616525 202.76858715833012
1135.1314566729206 1044.5164802548345 542.9136152465585
1354.8953934124181 1297.0554742263555 1100.8934688937934
1080.7056106550733 1021.4462919981979 1131.691316816925
1035.4780832453448 671.293169077519 1364.4459634477826
1025.9023539211123 1159.2539357278824 843.145964206511
956.2411589605846 1118.1547208743732 177.04857702801291
1262.8535313356892 937.7035251250029 223.92815274338685
1139.6389094859571 811.9803708652951 607.4832244232971
1151.8684703604226 890.9687204829623 374.5584093252439
1274.0288471126528 1563.6049636858004 1115.4280919877947
688.9229825738369 750.434634341688 1396.639239201477
1360.856562261973 1265.6989410560652 193.09070092287038
1259.4188690027659 489.82405066264266 1071.3403655526379
1278.863590669936 813.5887518063303 614.803391347966
1000.1045737202253 972.1186721491416 489.38316632674855
1449.7598276735043 894.8714309321933 874.3886633413848
662.0500514925473 935.386446535121 445.89748246213486
979.8757296271094 1316.0437443835785 533.0133049152381
1208.451021739795 966.6619375049912 512.1716248189306
1165.3788110272762 844.5390176066828 319.07977150027455
1444.7853567581328 800.9005617774726 762.3209757534313
871.8940200164816 977.3018960650367 132.60692712111043
994.0101617016076 1026.7339842703698 1426.2977802766484
1198.945399209632 749.6518178310364 356.5315067478222
408.61615352141234 1210.8771655900573 1458.0050441969227
1116.248177986602 1204.6117446700146 894.0598010296067
1198.623651652134 969.5110908179753 363.1379983758876
911.5478198561069 1169.4663998246253 818.3011253304358
488.7056217563501 1191.9129489635366 715.2456617895175
1108.994747173827 1077.097626755324 137.34993319894718
817.7430731888672 1061.0955653104836 14.1843254964793
620.9930214740984 646.9478041493455 786.1709149836702
842.3511265049357 889.597017374233 1210.2200400408872
1423.025335001356 599.7744289205128 165.7779598261912
1206.47437987828 751.1921739068848 467.05446654862334
972.0735708397283 1307.9823874820297 1045.302687059116
1142.7786500182324 880.0492452521311 393.4486175374309
1016.5896762362971 1056.0231794867016 1304.8700885782732
955.9382098133171 1054.4254250985437 1126.1412966751188
1343.4395514058542 819.2606652946688 992.5593401101178
781.7286726213626 1284.3324389852419 832.1863251690359
765.9420267717459 516.1613738882588 1389.9571210497818
1261.4495901042237 1213.4789247320073 814.4020463688503
681.8889572528523 732.5496101267029 132.34447886305412
886.1358563448479 1261.9635193079991 773.4871244418196
1356.480242554249 609.830014894761 1001.1334539282595
1184.2981807337158 973.2583304245787 604.654124093955
1432.8592969435615 1111.3404582508952 866.1039014194847
785.2781620963349 1119.93283762019 1339.3082392844558
468.2991305881005 1230.7255660504484 1201.1128068244536
981.7924517174522 880.3017577100732 1341.1089519597474
880.5935200720094 853.5062332962309 537.1932196790598
579.1324856185847 1370.5329281683353 888.0021322912672
785.9733973160126 1194.2435026464432 418.3535756347642
1201.5812158892068 712.7102186541767 1444.807475967695
762.738895607596 1282.9891911442523 1387.6506672252815
827.9831994545716 901.1987222417522 102.41724490615061
1128.1310609383534 854.8595660120445 1465.6226973063015
809.3194186354967 1263.943760135135 685.5120976672554
1253.7888239773754 1392.3469701059948 336.2980640265632
697.0896325450874 1042.8293548186016 683.0830813466911
948.2319827455799 839.3152252231787 814.0260814750135
1113.1572768006836 1376.7788882468599 618.3864820600985
1190.87964655839 1242.2065426491013 1421.6010909391607
935.3862501633387 1250.3028775962387 493.17549917558665
927.4994284607593 993.2498101469405 474.35046402569606
983.2256620866468 931.2171092441292 802.7754418324168
562.9614349511321 565.1964568937759 780.8542380839606
1067.7522079686687 1648.9907551466108 224.30810357661284
1165.680923784181 959.101389789553 946.2871003801669
1582.19209649828 945.5583544441163 943.3307338370909
754.5977458085911 1090.3933988719184 1319.3623622283783
869.1298563789842 868.0936736499413 508.2231280648008
1233.6879071034741 901.8072105081508 773.1166348325723
901.0961065039023 1164.113112740765 951.3039832606474
879.255725048453 657.2735460859997 454.9003739153339
811.3215224849387 774.9523849527169 326.1074186976038
551.7199142728248 878.8135295542971 376.82486908125844
875.5049115914402 1681.827120195309 460.571151566497
972.0199551991918 730.7137729630771 449.7788519687719
458.62642166526393 1100.5865235033398 1021.4438211365389
402.39438523242495 913.9687267760844 201.18474771026013
812.5002079408962 851.1210038093608 538.7280946596621
970.2382544448484 1299.0288887058941 1432.6737779341547
531.5498411530709 982.0145462853374 1297.220929405778
979.7154623057532 1134.1530682884763 665.7948472935925
966.2133486204209 909.7695022378748 989.7248504970763
960.5490795081882 1212.7561499708895 379.8198901998908
1615.504585583119 1076.7780863797734 1081.5225351315873
940.2187697377849 1105.4095208084516 1155.5643500282547
1344.5850684610923 1032.8885939257298 1443.022372901853
670.4168420267624 836.6751713396786 604.321822124171
1165.8697283215636 920.115298910009 1124.7287035749669
839.3767851409128 1083.7291482748346 1165.418414983997
1028.6654629954028 1391.933575727994 1332.242032530942
1133.4680812186996 1215.7552202297443 383.320190078493
794.7012613687259 1687.6023189541224 816.7010144214596
940.0037627010357 1515.9855443045008 980.0079959524643
1313.7002107587637 576.6456845406467 871.2099748510111
946.1244245782719 794.1541037733268 674.7827665978114
1204.531112010371 1671.2140730395058 194.66379306445063
959.7014321500861 1594.3444706777527 867.30545015822
656.6614635704315 848.1919007363779 253.00511899397281
1349.2198258003884 785.5914016234088 849.6718516361376
960.2638011405559 1244.400672779166 1263.4454451470622
1342.0632308213274 1026.336257246849 733.0154209847653
1030.903410493059 625.4439162422899 956.1262708553622
884.6702951216629 753.4159611123431 1061.9132372433642
1175.3866018562446 916.805281835044 1377.1739334815074
807.3202904524142 795.1623960865957 900.407638839749
694.3102115765369 774.6529165506255 143.6600562418754
1366.4190176486384 744.8110990616275 485.56727040718084
428.45600812435725 1209.0618870795902 430.2150302771295
841.203186769936 1573.8404490473786 1359.0447881080663
840.815854459211 1093.8983983675375 197.26776541294467
1090.0173884577448 1279.804617187866 565.2640272971049
1176.837126372846 862.091163153949 1362.134037799906
983.8128857512921 896.2823937059953 1168.0797436910207
789.4564499090488 957.3440437096249 477.3055553510912
614.4652396834043 785.3461038620406 9.860253929251272
1210.8841635914846 787.7739384259118 563.1307822931481
767.3979339736622 1178.0298976920124 575.7336962619479
1107.534671916065 1416.4584859577312 542.6962455697098
1079.6143697492448 653.1011760501175 1011.8418234003909
996.2189742506131 1080.747746679092 260.3803822478552
580.6846187397541 1012.6850467712156 793.6066791933957
1155.7201791924429 732.4127232665901 1450.3267788834714
1582.9024823677003 844.7985131648214 1269.12064719468
1122.8922442926805 887.966550730632 946.5349872617576
962.8901766460804 892.8914882359023 654.598454948148
1342.460370944238 1410.93729982118 387.3870970705081
1381.125094663652 877.1754004169501 593.181382140569
931.8393973309988 1031.4428617506826 994.2089223898217
796.0195247651567 1306.9506209947006 778.6448416111108
947.5516980966808 1043.7187214542394 290.89295993339294
853.255862041442 1223.3532098786243 1019.2276297966321
1107.2516536055743 815.4270142257255 40.570615249363115
1247.0029064484854 741.0951783976182 252.496544538574
945.8593158639849 1192.8078976833126 1080.2796232691192
802.8121304658828 675.7648490490781 899.3715248838952
950.5492179310334 808.9003712335281 1198.4217487313267
1144.903826991715 1191.9137783346898 83.57926995861747
1228.4846341888442 955.1639137466993 1375.841871105572
1009.6805567756554 709.0582599148131 6.883564431012457
966.5908853472554 875.3366143921647 379.6716485927356
1033.6198467264912 691.189263962001 721.9811325342155
649.3485987964962 1035.138760663353 1001.2756026501095
898.7593151509964 1159.2755960460395 457.1662418076584
1236.8625586857283 936.574060235529 748.9762874604505
955.9869963525866 1036.155949774949 391.24627159383243
1248.0312362322195 1599.3039871913093 1441.59946221367
952.9615744790925 539.6514847307961 1170.7340091552335
1519.4533701846904 1180.7012541166748 611.8795675680343
1014.1092887656798 762.1647094659924 673.601722210223
708.6465353802016 839.8498858396432 676.2627656618945
1063.142311116054 1030.354943548072 1004.5702786518691
893.573818969662 718.9338512163813 760.6451241351095
1429.6924257203168 821.7574055589037 72.61340661885241
872.8725181475961 905.6543862426928 709.1729174368311
1345.9008421752333 1007.2877029513021 995.0016571078087
1218.7543237621883 914.4794821972207 247.05506021052636
672.5905898726472 1457.7119394023684 723.0211774089008
1191.0822808810333 1302.4342705287877 208.7847832391711
924.7849026846009 895.7989208636222 1490.7000713202237
745.3733601277106 853.7478528029571 488.70971450062655
825.9559198863673 971.3595832041997 1291.075951201211
1012.6093308371497 1074.9940552029902 1091.4611426943009
895.9626332734905 643.6453947853768 1484.599300167722
616.2115180361067 873.8608136917892 218.72973552499104
1223.7742601762222 1006.7704772692668 715.1465005298825
1141.3810245636182 759.4366606820771 1171.5794224111514
562.1995766757237 913.1523547918933 1134.306149600923
1097.6157738349045 1039.2380841702707 1206.51188410334
848.3892289514863 1149.6409575071625 790.6138856771937
1457.3013185838481 902.3192601257539 22.255423366068783
1066.4844663371457 820.580855594595 671.8914504482334
949.3400430632937 981.6302761834481 752.4410964828616
964.6521404764749 1137.8543383359247 935.1227631272445
1258.1879378020908 800.9402023340275 111.30107406551609
1303.2878959776103 627.7001316835242 56.520932400106524
809.2800947026319 939.5814839016087 468.49515367458156
1259.716353077722 1556.0036482898613 767.2032095455869
798.1505478821366 822.3314858860738 786.8974513436228
888.765029113921 770.7863938932733 1372.8774802297976
1031.9942029530032 1017.3693456041582 818.7355411375282
1405.6631348577193 727.2829124771758 435.1559095736178
976.461456583556 1280.5781137100357 1063.8814909119853
1318.823141436083 1521.3917934552605 99.16664456569812
582.3269585571195 986.1801064283339 1449.634850042619
725.2729138127881 1380.8024800119788 404.0297175443728
840.3226881452813 828.6624687653393 62.9639597487715
942.730120442208 1084.3259412498326 437.29031265766764
1014.2425197939215 485.4341739968389 956.5371650085381
1390.5022403614378 1271.2199030446343 23.21408046713086
1196.023499403351 375.1441033604972 584.5427069479802
704.0171167572735 365.12096749044815 965.3557355265002
799.0511823213674 814.2448437461483 1080.6624325728458
1307.1965529049178 962.694478226817 192.92118645936645
1100.0085449904498 758.242575461636 265.99553776585816
596.4859139416931 524.1174489654809 1326.5119490152724
904.2446816308718 893.4436978463052 370.18675667808526
1318.6343574375403 915.8715792404985 177.67846176899903
1202.5795515686539 1215.7687998988895 1444.77208805865
578.9594373983277 1154.5045862359614 1485.3654317507003
1014.0351356091221 706.1101008880078 1148.5655516076629
1135.5074964793898 989.1593219174998 422.2657611464138
1012.0064169492636 579.8744971274592 1487.473161063684
1053.1194749856672 915.7838132061431 45.949641579851544
623.2011288147726 1151.5294161737909 926.5980099449735
699.1137117481132 1090.5597186610396 1409.8236503287815
956.6573454190145 1180.5570155834307 1431.1620045097163
767.7237782224856 984.020126971855 339.7558457967136
1035.2791462966786 988.5052138739877 1167.0219116605072
780.7844250727471 1061.0785421729845 1269.0512088740077
770.9566006239121 878.6391143944753 1326.8655316183738
1223.2247004029894 1180.137142910304 88.73108437336002
1188.959660283887 754.1850424688229 748.3083221808953
771.5426979687008 831.3409635940369 52.25068576085218
816.7567925021887 1028.2084218739722 674.3740838100032
1074.0913507414195 970.3876022901383 1462.0653392609192
806.1213009773837 625.644796110643 1458.871918305603
619.363835193122 1207.365614164537 350.59010475265984
1216.0231075273482 1204.9505484684253 349.6661909639177
593.9808325801325 1060.0808284539357 719.3679121239854
709.1516287013719 790.2006676160652 1385.77507367608
662.0329252141039 1647.5103070999685 589.3687766036664
292.31141137420923 1174.2732208353577 519.4757095761288
924.8539280086006 876.9754868490447 289.118314163579
765.09895249683 912.1609788697629 959.9796360609012
1051.6667872553642 1042.4414018224397 1002.4467365558539
1191.7867069215047 1355.9697857440099 82.74312851531396
787.0740346274916 301.00375446118335 1095.666787372625
879.9183373937516 1094.723180823357 422.69358834522563
952.5829406376283 1463.1909353046312 1394.7552341348985
901.7673530373768 680.8665973230004 422.40724453676694
1131.9197311477233 1015.3166012406319 1041.4169146482875
1119.612820565019 1085.0799669416406 591.4896116688063
602.2973102830831 1120.5866777897222 908.1631062694786
934.6051974673679 1138.6882781493186 1488.1552442284926
1331.8721910922166 1422.8821622971122 497.6825792155052
883.3183213677435 1071.4293816486481 1414.7997896668357
984.5517613693248 917.958830674331 366.96388996235237
1225.4899042506313 1142.1163280411345 1259.6354222827363
793.4138939265579 808.9266613712055 1306.0045093495773
824.468533818388 1313.5448572529208 540.1709437072147
887.0394176504069 1603.0292100887268 387.8550234705936
1219.401773464599 1251.6523964733437 1141.5024680467488
890.616734845783 1006.6979505338545 1411.3280685444352
624.5506681749445 744.7183727646495 761.2351630525961
1042.7564981017215 809.9666918248452 19.487144220920737
1505.357451482715 1444.669643839894 231.0742307441725
905.0655683090952 1310.2237235118366 806.1671216904864
535.1213237595548 1205.4052782315077 1238.2994095968868
618.1969049301442 449.83202918264976 1438.4204430748773
1324.7329651211408 695.9954608829453 1322.5990197658832
1173.6718006854057 1083.6401335606724 1269.5888905115005
922.1327213368975 829.3655692337009 102.98702050949294
667.2520919176832 1017.4454864170974 809.4682684901095
643.3887315670635 858.8860144075045 487.3108193241254
807.5552675405113 1296.0429984881016 565.9894686125274
977.6640180520753 1374.1621757017963 1217.7643338192117
1483.4031119393999 421.92188521085575 1053.9157725899393
998.9137630471103 725.1905638056494 1106.6799402220704
841.58602988195 1209.8786493208534 310.52653663085715
923.578195421313 1398.6600916843609 26.693134463097735
971.5592096038075 1144.5140891430283 1128.609216627395
997.5193620453236 940.7765370532403 1244.322355999512
1227.0599397491872 828.8144704567767 991.2859316058549
786.08205989247 1149.410751486579 1307.0713953594086
1092.9171814275885 1000.5584804422195 483.9571560087224
746.0653120209519 605.8573234957698 1087.7433668168158
743.7264238657544 882.6894103429612 1056.8215437194565
814.3348984847565 592.3490384172947 824.7466387270326
306.03883650439184 1454.214591393807 502.64666427786625
1123.8129632680004 1051.6534758304836 861.4664520420221
1164.5554364851107 1219.421552152636 1485.3459692343663
1208.3028394598214 1168.2941240339817 1473.832385297692
1201.878262784342 788.5503497987988 267.757737235045
697.1886039080001 973.5339309196946 815.2479996756289
996.4259634960279 612.4829895037392 1164.5456820549718
1546.0913909703695 657.7935575413974 432.47482209187143
963.8638925087499 1319.334434956199 566.2141866618832
1146.9671145127506 904.2828389409307 506.35118441137786
823.7931688412716 1411.1749020315485 1478.0227672574995
1306.4245864366542 881.2957675248026 1144.805171396174
1192.4513435804438 376.56982742130106 821.6022979421473
1173.2760235041283 958.8005718444912 753.2376718380052
809.8903930557011 637.3013529052078 239.43762770085792
569.9376334289656 866.361046251669 818.7077508105862
1077.4137923607366 803.1116005369777 1135.7828277689994
1037.937402842145 1066.0962711625446 617.0456719462386
1371.708132379227 973.6775911948351 1278.9932225554
1125.8811344373612 575.2403209459723 844.4156084722946
815.1945905221826 1001.5393548184493 1213.5921327156009
339.7500045292378 1153.5118563580127 1362.2412159594771
1065.4639453003686 1007.2018610889635 226.82044975839366
965.3802920088276 884.5261713440303 1044.8293882759363
1288.2494109206878 1291.9796861428665 794.5658186008493
1037.3295905197897 1292.1918083810026 1147.5573313739494
896.3052046712604 1120.619021851902 1309.0157774610436
759.5162280047018 707.2092248184099 1416.7611888131014
905.8993668473746 926.777126945773 553.4246014633395
651.493485382526 1049.674823260811 1296.677099054181
587.9589394597126 1039.5574078746042 802.400697079635
1155.4356282985664 995.9114418268954 893.9991222846978
1086.372327028522 1140.7675725008805 619.9668417727528
1553.5611008940098 1414.176114174284 773.5988816896055
980.8759926035519 889.061624307983 618.2538804950353
952.3280170010279 880.8394431341758 547.1156810703117
825.326177284723 571.637479771661 1494.832293803551
942.4096397795845 698.0877860065028 915.9373439789596
1312.9603589644557 1183.7511577555824 536.6581779995915
770.6676405222729 858.7625409198539 1146.4791133744504
901.4572184330939 1229.6913742311149 407.39809642375377
1246.672343601573 1131.6471083874476 37.93018140137827
705.9744657746996 615.0190601995444 849.6553678754594
835.9767682457007 962.3802847636686 592.9616645633052
1159.722203119634 557.8255073597097 307.3106625638458
916.1909841933041 1170.6251282724786 1141.9517746690276
1120.4402989837151 1268.0385611661668 600.0873431905233
1331.623796077776 750.6145896293082 557.4058594186487
929.4217347284963 1092.4171971036963 411.351454945802
1033.467543794828 998.6467797253988 1045.028931936011
1636.1929693375912 1169.392547039997 376.370588627384
886.1722960386337 1167.9471084621034 693.2114843132703
1031.1243430429874 639.5077046095639 1450.9537932084645
1105.8563249676424 1134.563720981947 1401.0428194464546
1009.8248325465408 981.9209869940069 1313.4452884474679
1152.5318572428407 1177.819463792774 427.20529320133596
1248.9768579613376 1189.1536336416054 1087.7184209327324
1002.5728427770465 992.8008623341196 123.24387248821228
1058.3488592247302 898.1318129277138 1185.5291955539979
556.0068503716554 477.33925194829953 531.9662160305394
1096.0927719832798 923.4788463261891 394.35655981885066
942.194868493865 966.858472382059 1103.3578821990977
1122.1195754433836 437.34823764299324 121.74741895112379
791.2320316782575 618.350462800548 1365.7972567852582
1296.5924293785154 896.5626115129685 1245.8835580864568
824.0618869518283 1192.6916481574597 188.1054274743126
902.2205668312196 1192.738030987861 173.71485626400036
835.2194465151823 1459.9778465447957 10.492848826732793
883.6938882994817 902.3171630849217 751.3390186526768
1172.1391253753861 1089.1496246166155 1247.3818733066628
929.6572451817083 807.6396421418711 615.8346357720659
1175.0957048634243 1040.930170768452 634.0681764534642
1131.8475455482762 1054.2011205044744 1303.3897265393534
801.1292674961798 883.7515729999909 511.96126177814676
911.4880194607389 488.42416470964633 861.6300968868945
983.0653302885543 1022.1437546019059 732.0042699799453
871.8654943841518 546.5378638248752 653.6333095024858
746.8956946611884 1174.9384817965783 1359.4472752755069
664.3584948859584 726.1816199370622 1455.4111558633022
1006.8872517253571 1417.6770923093297 111.83514234392422
674.26235187579 1087.3695749438857 1467.0715673853117
901.1562653297062 1140.448581738888 634.3029983616252
1118.8588830968263 823.0549403435843 941.7460877213874
750.8934808761683 862.0053524850364 138.16741082174127
972.7593985253095 847.3408573569728 734.9287230424882
897.6009940562614 1376.7237155158184 144.88699778412322
1014.7305379659563 961.9972182970484 1470.0478128974398
1077.1535460550085 417.8586318180446 758.0974549435082
704.6090155803121 905.1926490455604 995.6503153351143
930.8414853644352 830.0315731903776 347.9996241707814
1004.7321740989889 945.4656266600357 187.3136512887218
1118.6466821346228 767.764461112457 1002.1478193584121
919.4628665034461 894.2577210203576 701.6834928700869
1159.064053241982 920.159175812312 278.97745970718586
1174.937178427573 1030.2048477219514 364.05993843606734
815.3159514800379 1041.651485641018 863.3854780149886
1365.154837858055 1214.4726238351097 167.7005964721282
1000.4180117543137 973.4245460380375 1004.5876549809067
1034.148779135998 1438.6511820353935 31.836860761231158
1345.606531748083 1052.2451602965546 78.6257537288813
651.7691012649564 1030.4139946646515 517.751291293378
858.0407300638784 1096.7387705077356 782.1344608257646
1054.1347852683202 784.2959233560484 499.64184620930047
1161.5125094692794 1322.2362421736486 84.31119264187271
701.2808179011096 981.3678282034809 801.494503909262
1272.3519005531987 993.5687262525902 1275.0888109714617
954.8941444957666 642.364319318068 295.03491104575676
615.5186861655515 1005.2035258822009 1211.6321107503677
1068.7638878957853 1195.562105235151 1465.7959356743302
1593.8739019524419 826.118605530345 832.8281504394874
929.6633235749446 716.9519741685508 839.3888893375083
1271.383184339361 1174.969415102503 1318.4058625566854
835.3826273755403 812.1527917697126 100.33081730682203
1060.2878681872983 967.6229154540139 1363.5990793915591
1566.0392773737542 848.3498939737763 280.2722680188233
781.9963745629844 770.3054898069537 573.154692216761
1163.4284562148353 829.8627243038111 1374.870612880618
447.8289509758332 989.4161514446379 947.0403809307688
734.9062772118202 722.0989364865449 869.0243159561983
1021.6464313387198 1050.0972213299433 411.86588139347043
1055.8509187454495 760.2829143200782 20.504692048780583
1344.1319998034496 562.0376150322127 956.2201064980012
1146.8532314640058 916.1694743026414 483.1032807424931
1444.4083602444007 1403.1900833721306 1207.1435993601804
953.2853304254425 894.7616467639499 1172.2525110904608
1702.6649355780346 1277.1143658899034 910.6279369836841
1016.2992799658814 1470.7375674546308 958.4610577578466
1106.2158366877773 622.2450371193709 1217.9378454458588
1301.7783852863731 163.52446183916481 652.7140282691988
1727.4260827602589 982.1163779445843 1308.6643531917198
1195.6629337273785 755.0829284617924 1135.1306403824585
1298.4433791472604 1178.0577617113497 1308.2927403323135
1086.4903773221977 879.4196941559203 1212.607063354138
632.9510119421703 1125.5340996121593 753.1970608583331
657.3651044518749 1275.859479433223 955.3375336873996
1145.593404146906 794.3503878366307 858.5511015797459
993.0662090956537 1070.0026045586055 614.8806286807369
977.1441443134592 1015.4289221800251 745.7956255007713
1204.7895221959882 1124.9828226195866 373.8102388833448
975.7455386908744 1201.2421660675311 1373.9362825283133
704.4872591333705 1054.0253261246821 179.3118903824467
913.5206990979773 1058.6024677988014 660.3723761426863
1182.1319266193123 1252.1349898945145 998.0176423025109
662.6824491450643 1074.7137685163896 1141.138854923372
1209.9596745136312 1368.803278194979 1168.1247939395348
980.1012426218798 848.2091151492598 919.7553396704169
1220.634061141473 652.408378758312 1214.4621051283566
643.3505390757146 1107.9339965749216 425.6672825404147
945.0193597318661 718.9782572404908 711.7961473237262
1450.0371545276594 990.6106916987685 723.1290649256144
746.33914675009 566.7343655672616 261.23080512596465
914.9821261584551 883.7286333128058 798.6440045205018
1279.666771491452 1145.9803017564918 63.2033856085259
637.1919599048399 644.0250166863059 200.67207950575977
1021.4553180266475 804.2021648453051 862.2870239260229
341.2431186439761 1182.2939209656472 808.6789535869144
950.5558398655896 850.2127362321044 540.855442845307
912.6996511012428 1143.8674474211969 1355.495695619695
864.4315823344249 1242.9212385257767 1433.9790729227918
1193.8223121058888 932.7332931320277 125.9295881870574
1390.7248797766883 1160.3045442032071 474.19596638903784
1249.1040568201324 1125.8607227396096 701.6728655508768
1036.2278517149148 813.8215078050212 602.5637168136238
1148.3955021505262 722.3470203983461 1135.6297660499754
1022.9220802480532 1144.838124359135 711.3694769702576
1213.7009940733433 978.3695094727725 1199.7149173236442
709.2228685953432 714.5738838776347 1306.1906483626806
816.1620833882728 737.1345372159956 526.1483012760768
941.151833511121 1181.4908395830344 1439.0061053468182
1059.3765236113438 1141.3372712577295 400.2770718657239
1265.9492694986177 1070.146928250451 868.1650836416068
770.5829676756377 601.8561676042887 657.0242305054421
1159.7236330550338 739.645280687887 143.92373202224468
887.1985742577498 1048.8586915570536 436.73801280574367
599.322565662432 653.1344991338972 284.53315528275624
665.8453746273658 613.4385208737374 1405.0966536115502
1346.157174842467 1618.8406985911129 140.035596063521
524.6711968095883 1085.8238645075453 1030.2987123870505
858.2688722374936 944.860346172721 805.9740846124442
973.1260779678416 852.8408341214417 1484.7177746564362
1021.2782816302449 1357.1102827692678 657.900389415046
1209.0202095552177 1177.2730484227707 37.03802027376957
658.0936257395267 535.6824061213974 962.8057391208614
1128.1097396885286 1371.3908464375165 374.56103210373226
1087.7439190490934 1050.9129805508617 263.4065674081851
1335.5600926033974 1006.813172818758 259.52829183065364
836.2110672537095 924.2198260743436 492.62578989836874
673.2178363133264 523.1233122398813 497.16049826169365
603.3584039097634 669.3408023442328 720.1676065049576
1509.4277949917157 1192.6177793742017 364.5342298312992
954.3467222261772 805.5054822728252 533.7734745140383
1067.8697597957644 1066.1995122007131 806.4515951499794
1508.097169741646 1000.2571581662141 18.039131319540715
1063.9989012546932 1034.1340956818315 213.28113305771384
885.0864410961312 1423.0643259857006 878.6338192611587
714.8696519064217 1114.9066881075532 0.09080746287598584
514.6080511409697 1090.0400650957358 493.511664527544
1198.0328112921386 551.0890738091118 703.0354422633693
879.6742996181617 1040.339587640592 1449.5390362574876
1177.6661327776455 962.7999241323869 737.4178113324136
1019.8007401293003 1562.176625056832 1427.8113190260815
1357.6879596994497 785.6886717424488 43.18893970624388
686.8964782912435 664.9034629854141 421.5702345515036
1191.0004518882781 1185.2116474623551 1480.1093787612206
1150.61288402756 1378.4447117972618 531.1034697957733
529.3894836989887 1563.9562703900447 439.9904014400287
962.3602883804696 958.3685911278669 252.9021411043466
1592.631073074624 1279.8966391138358 203.5240822077422
1136.576618378991 944.6457687873404 1260.7046592304223
1276.7953295396273 1082.7888497084366 1045.8535834775778
575.287783806682 982.6364561848095 202.0607735302653
1000.1835180293762 1213.7453175151843 189.02461163046297
907.7685943693539 1171.695083484887 1310.50932621143
793.1666524602458 1446.9403999828346 1108.6618749263196
1045.2954521598285 953.0403683583962 1032.4243918862005
945.3131182695334 1018.5007726982232 924.6259307727536
781.2125847604856 998.0673594304075 741.8598107501113
1016.4350629562599 740.0434186518148 909.7657570855346
905.9322008721207 835.827588043812 1327.568400311697
802.4703797251823 1301.8293671167607 1199.3426066307404
1307.6541074898616 693.8705627395445 1071.2369562970678
1094.3134163675666 1177.1385151964262 305.6186199743094
935.0859482867863 1177.499516917032 1416.7979802083992
726.8611192081084 1225.68013304318 1431.4148235761384
1170.5148587680026 971.1338394190436 1266.9427179867837
915.7169142897225 716.9816821945332 637.7051445506211
1028.7544192701846 1211.3430989441392 1116.8254311697667
876.5783378799227 783.8049727628778 214.13944777718086
1205.6410776986454 767.0245700355983 63.06247928902437
938.0129644176136 1600.7962150800533 1348.8892014660817
967.4223088321165 973.8433296483003 661.460348511939
892.3384307539108 607.2800435174006 1306.6789885378626
886.3645907512512 824.7230409065363 807.0586961769221
1043.4109491407937 1094.9103582745254 459.37002203422975
722.3289017650513 812.0133237029813 1126.849648358839
1278.555885245401 1180.3579626920393 606.4405247046933
768.8849921930098 966.4467852576197 183.03070175571523
827.0912372863528 1434.0141699969095 237.09622576809204
764.2639403003591 1208.135151257993 451.93702576650645
1011.0259453802183 819.3633467348902 782.2707627777548
1274.8231995610581 1497.4051859477654 397.77371459909625
1142.785368704638 678.7192665856867 910.3462702287345
824.6584241295536 395.34431607292254 640.7694091480266
1313.108129444775 879.3688231509171 1196.912027544513
676.1103441224568 775.4709671046545 829.3953988478532
1181.0607181452965 816.3630348711537 847.1479113265393
1313.2115632202037 714.0669621917036 310.45815120217316
904.4819280096966 1172.9063847449167 943.8408909580598
583.4413449037079 1052.7874381278198 725.0166776290471
837.0052359791883 1248.272392175749 426.1689874017293
803.3086555069635 1021.395417456402 360.3573881817338
1523.8479573363904 1265.7562073460977 1078.0211268741614
1225.0765631468942 883.0160377624743 944.8455055879539
1440.6246780022366 764.632927436171 239.4067164045185
1445.410742611472 1531.0543257244935 662.9338490240176
1267.9179287468085 896.6243827546451 1244.2116828909705
1245.4572922167545 1225.5522089928086 1204.7199675191882
1077.703901912308 1149.8054944018436 738.9135044368094
708.5791987104398 1139.8023060662936 1078.3549876130617
863.6358989233674 1304.6064441839899 72.99147885521018
1234.24510922065 759.4613989293846 1200.700180196903
848.2994467325229 1167.2584338435136 1092.0501430698228
1222.5088327452952 1346.821850606905 494.4924927506343
983.8360495609991 1484.2350533666495 186.36937891930054
1321.32859935188 923.4128811177093 109.23662689209091
961.7059236216194 1078.703486162762 1410.7928832876498
1144.3966025547018 1226.7228488660915 190.11953522930742
988.1955722983969 863.3459174975682 511.7796325103469
1014.0635740607303 1035.8141698279637 1266.4717688358778
1039.0397557079586 1087.9904327953927 70.78231630684189
335.8124459303665 1254.9992122327365 627.0509825399234
950.8307907370277 1038.213066588146 450.8370135177554
1144.530426699541 882.6771004055151 319.5749842834562
894.4371883139822 486.00392827687995 82.93453508929566
1051.3849722235514 746.9526846129352 155.83576313648973
676.5511074944167 942.3289925773129 1365.3796380585477
1113.6429602205776 1470.8869141574387 1064.056502473507
1114.2640890299235 1346.1027724347293 476.5163807366134
1340.2080021517124 1050.2893757329957 1464.7184288118408
1011.2010366052543 1201.9635247287122 1471.1058417510972
1176.5391274196224 1221.4952248470308 326.08438828252014
655.2967182733612 963.1382471969172 1384.9371186827566
1413.841317181189 917.9111484239336 1002.2223054886243
769.1139286977842 1233.5418976251367 702.3948040771979
1629.4090638265989 647.4853117129908 10.986097237407954
947.4309090522349 869.6280066697939 662.4210890507732
766.5420600969732 1503.3634203155416 905.5500240293677
1215.1792204476062 878.5599828555002 471.59173143977284
683.4328634588876 1261.0081648966182 189.54887624859
1297.76211782852 733.9990484649556 1212.6834642655415
939.277850674788 1608.1138426813036 1258.557004913205
671.3078953492023 1341.4173384819178 1381.9958545557138
978.4683541990391 1197.9042591400298 200.6298710880413
1293.3169660754936 1089.5209835217586 176.59916361000944
1146.9834513824376 934.1590389279978 1127.727860404952
947.8243171911641 1274.9452011027827 1175.4586643502514
740.9922967745701 733.1459966260608 464.93243953711993
930.4307582865039 750.850656252195 169.65629825600487
1128.7989673339202 752.5419996894547 1160.7225150757263
1039.8746387266572 968.5355650879001 1037.9676150793991
707.1294507896625 917.6156294573591 579.3091443817339
1198.1227739346139 1181.6989704532773 1417.1223656970203
1746.8318688792394 517.0241265542683 667.9913323534497
877.5261910145919 945.2182477995113 51.401761253443425
1265.5371679555692 1160.8705728371908 676.5265945662373
1106.167714126625 1247.0114423501807 599.4329605439494
1338.824979054974 714.0538184538686 894.3168463718047
945.8802998900085 1061.9439104815885 197.2051756556873
1061.0718724384574 1016.7439521322669 1070.9222068875852
1330.2422121991428 1270.0442294571099 1113.6004312479577
1112.330285028622 818.6607627761525 504.45774551358426
870.269675281212 1254.8370597260732 1057.9132644331355
835.4164674203519 741.4955799229156 1466.9221558753754
960.1923188671129 1147.3773023295282 1026.1505117252477
1601.695647563824 1053.5118810190615 1099.7324016302978
1435.6177956714646 1199.098068648161 1329.4794748048666
788.3820689815188 1108.3223666655579 956.9832245668858
893.009510025974 634.790332822809 111.11279693866133
990.1961291192507 498.16565386543124 42.05091917750964
941.0174196210235 806.9564941293287 1497.031675428079
966.5904160818168 819.108771355741 1005.6466459957434
1224.854077085813 1101.989622917974 1176.19227098743
907.0580097637012 987.3936787750383 1369.948359370484
941.0401269227997 1289.2847618922742 712.0808783997721
1394.3858582276466 1016.9946314019014 852.5288061022303
1070.6037363804155 968.4725942567418 963.9661968354643
938.3805838064576 1035.567573922601 1499.7878369285672
1641.1213170609892 1088.4184668676799 23.52425275222092
1272.8891822544726 1214.1133836554202 1305.9714333048198
1281.9789173729582 1026.5274235834931 234.04629701898838
1023.1146219327337 1250.147538671294 1277.9323117824422
561.0802868299488 1215.0098462231026 1055.0896344477978
949.4416108529135 860.2827962798149 927.3384460102798
1189.1949567240308 1302.8328051071421 377.87988863969855
985.2436121965858 1466.6473577131244 1058.8371518845215
1235.4493008506774 1181.204458485101 969.2561917352414
1017.8068235737572 828.99325555059 968.9706910837714
745.4927800828575 1152.0395043305048 29.37954914448271
872.2978591384091 658.5307268009847 1352.9942894069632
1293.4216003228162 851.4190203441896 871.1377050628448
795.3269468003864 831.3346148370973 559.8078814221886
912.6248843607468 1110.6331418053885 750.3787468816884
1182.1578941446453 1347.751894029877 893.998767139736
1154.15877981804 1038.9744739284542 831.6735714172733
930.7368586020464 1079.6967968652507 1167.0552026504113
956.5752711233798 878.3784443703449 1214.2350563306443
586.1346783650688 1239.999360559367 495.44185294737
943.7302364479144 1228.3636760258366 1239.9759911777635
1067.6635592031623 1401.1710881041577 209.5795912745954
1706.0320229050149 944.973968209071 1062.440061229152
631.1847986477496 745.0369727361667 368.5644001215046
1007.9050303406642 1700.870654553861 1254.2932736455696
985.2979460497493 955.1806776344116 864.2718751852555
1282.484606933748 742.5390320474634 956.9033401956334
836.0453664926744 968.1442910778213 27.221181039268018
1201.2695186020942 973.1268240792699 1181.8017758257752
1010.3584001559507 1011.0800556980134 659.9792581020089
1221.5125026692122 781.1899614901695 742.1142219192916
672.8613532791167 968.982518693766 956.6201795638801
615.6213942565884 894.313543852903 1463.071468480011
986.2790962524992 1191.5490104057114 928.6337446374298
630.0295113471385 1227.247805349939 330.9995408570049
922.9689590817788 629.625210769633 441.26542319036736
976.9057650085359 1290.7745350199623 1314.009615252239
962.5159537716961 1204.2249969991074 1314.959297296235
958.8532469494836 883.1701223492378 58.31725956222616
1570.0446781948713 773.6684463188465 263.61681965297817
960.877907606631 1379.2073637577196 1358.527554227521
890.0760544699937 815.8333607688571 930.9406178177653
1142.1549095758733 748.8090919926534 783.3302580048739
1231.1139554167114 787.0275438967117 553.8510237781354
1190.7750539782464 1098.848885332512 409.9899627971383
725.9541397402825 1522.5370110334009 1381.9616859618543
509.4716634052086 1013.2747931632125 106.26636588063998
1017.3931579276357 636.2878356101241 90.7915748691685
734.1853324828858 692.8796520627866 861.3485551810835
683.4572489685424 987.4893627642768 221.20953126250086
751.0441825997046 1152.9583336137468 710.1651303402682
904.3549850097652 855.9036304737224 1272.5237153659705
795.5030083487475 867.7904935097474 167.18449359608184
1169.8586007090867 1127.7935346675536 575.9758900581119
1192.758197573615 938.9339788200684 1176.4914730618027
1199.7473198557298 1365.1655804002287 547.6635484056297
568.1213336845254 1126.4176919062274 915.2568349387544
945.9347467133147 956.715184824825 1107.067308088665
699.4326554195592 1121.695166477141 1434.5178235632654
1208.0506215877099 1241.7428851354744 727.6950252792188
986.8928519480427 1025.4550075885177 178.39739167600422
824.4864731399061 1056.4290194494338 1401.4854060486518
1124.2161410751394 1324.6072595277562 151.2401571849022
548.2657352583401 1408.3744076244864 793.5312107096526
929.3352376090212 1122.043441883334 1139.5862437182113
739.5659624113923 1076.422390965053 1445.618148649966
1071.8459656035752 885.2100469435784 1371.8806434563014
999.4915487100707 1143.7578716664364 824.6405132332734
1364.326843043591 1491.583636816889 1.296266171045335
1004.0700542829708 823.6205681932456 422.0864437904499
689.4303625620705 1359.2948784484847 344.9817133530999
1443.235750390335 862.7224617484143 636.6494510962506
948.9416487278146 1312.9910915611144 25.84302987384357
1030.2149510607333 1126.6652015127631 221.37165556012206
866.1744010695833 873.403249592462 428.8566240627957
1103.2385896110302 641.1666077985888 753.885646872359
1330.7231683999912 414.5580049462362 349.88164397695687
795.5786397725827 1095.945239745093 404.2270828571442
1104.37575326959 923.2872675896647 1452.871713137233
682.8063648842995 987.0403184945992 1004.6314616672003
1058.273270141238 1229.3365211229852 410.4867742502327
1073.5621464702924 576.0131018187492 1122.4945245930107
1440.1273810657653 853.7148669814949 1060.6941914985766
1461.47834306385 999.6666117327868 1427.6007471487583
910.4222361040955 1016.8874219336975 1332.2275991273737
1381.4853633815142 679.9850934907248 1144.7067540307944
636.7553555104994 1253.2683076980475 1066.0909355226827
956.0786125491594 506.1669709809662 133.51969640102544
926.1776671592556 1496.5979207342723 41.68118523291425
971.1936609955064 1384.690867994422 389.67383022226136
790.3130822333052 1181.9642276280683 90.75824543522143
1196.2926842604797 1227.3160235304028 432.01291383431413
827.3978955613463 1066.4923469583816 1374.3288684365657
1135.1894988372264 1008.196897080639 689.3859981627626
1131.4714819042492 846.4882503808894 268.0686196097133
543.5694075651747 709.7896552339034 286.172368880536
791.8023005785083 1405.2076264023267 6.5253300914494545
1057.1239411492554 1048.9343737632023 1238.3145750086974
880.0278123496771 1270.3589077353713 1307.0608541823433
733.7142000408685 594.1653730480858 1320.3413244804733
735.1725559135673 1372.5204322653437 964.9581668712846
1743.6898444964022 980.022337186374 1231.888353392297
1355.385846191512 998.5777882687518 454.432457085466
985.9736042000645 1097.93586285012 673.5534563879069
1093.9997634707315 758.9684859050049 1493.4440987962018
1346.9615864157163 949.0574376734637 491.36522020684737
804.6883780591226 521.7805084292891 843.1456096898906
1588.766122794566 1107.1538411231045 126.42100463484601
1023.9868657486481 906.891118597678 409.2849579561154
1406.6680218652734 976.989135246613 23.218087743950733
1185.1448152722355 1230.4847977260822 1022.4922747505974
1094.43502466617 1075.132054580835 1189.6074189693045
1079.8960952892091 674.3857361670044 110.14695272636294
833.49435440942 942.9423925999429 672.2256875802059
1089.6854522986685 1056.287305976133 303.52228654880645
986.7705926993535 821.8692158483079 1232.773698640471
916.653942638406 911.8785720204029 263.4748027351408
1094.1132676397724 1117.3691441245592 449.7547501178235
825.6371348154812 908.822466109659 15.903491177083673
1253.2270794228411 1138.2980927839433 239.90329051421233
1082.6406973147627 1047.430448544747 524.248486985105
920.0434672168601 1075.3337668681586 154.20796059201092
1206.6398613887714 862.3643966634697 1287.003762397919
1103.7501670016165 992.5667396716482 219.10713242567408
1061.374338888474 1556.9250539423501 53.61201221108575
1328.3683163852934 892.527801960726 332.3977011028689
1200.0062208136671 855.6435659383217 830.0369171156149
1302.4834683251338 1156.5923224805888 1206.016911610033
1458.1146687831447 1001.6924160693634 362.0390413484762
1124.7874624123874 904.1006663506279 320.0805800871782
1353.4785188321512 830.6902302826095 636.8757880128758
1379.664492792734 1095.596717864505 135.45787739710434
1119.1590630197013 655.0671589192364 1386.3335175600027
1000.8750909066738 910.6366998129056 1290.5627374172896
852.9762961084547 897.351903981454 569.3715364439624
1030.2121866785003 1075.8613432257719 625.0158879388297
1444.7707250405747 807.3013100749173 561.4102169936571
766.5714477246725 993.5275633588586 1422.8486256765552
780.3623694760302 1064.767808426428 1224.5380103930468
876.513725777568 1365.229393350245 1064.2673805469517
977.1573033443144 1137.6737433281814 165.89867357733317
1038.4947581439137 762.5470189150037 56.163606232545625
536.0218188983274 1255.9777524334727 88.12358307076501
764.2720170079075 1322.406879057886 782.8115737278537
1111.933721613797 695.4698900118761 944.8027459764616
918.1333139651639 921.2714596143595 1460.0933679360503
852.4009940214117 978.8907354049145 646.6089378085471
1216.7976163109572 834.49197594975 1092.9016002233927
1116.3635216374946 582.8239700172528 304.96794956317586
1073.7127630616756 1551.9360258952377 897.310650631701
753.1928008671791 808.6685888451956 328.1607706548983
1123.9924822182288 963.6119394840642 1171.7724083986848
1028.5298512037084 1058.9071056749146 1226.142998990859
987.0702706309265 510.8687606352643 1195.9748526759618
1308.692615218185 928.0916573453629 294.3076629152609
1443.9246644765549 1040.3792039609984 1151.0419324281359
758.9234990462539 1215.1942034720473 858.7170484102563
533.5536206640745 1443.179123574358 999.1347529702741
859.5544315615799 627.7071195310625 82.86900375724355
991.8676400340066 812.1130536891019 1379.3466981077772
1211.1824215747383 1160.1305002482509 1245.863636582206
1107.9788426701032 695.9138391361695 1350.2881176518747
449.5657193553502 910.0534522074005 117.82715764409457
1223.6958069433015 855.6291193513744 353.0374383829267
1286.445790073572 971.9275347472824 1466.8979170205
819.6317952433265 1028.0516441047066 798.3548617108619
828.0557464523774 661.7277359692268 415.79210623424063
779.3637274377729 1507.6305323037932 766.8659738458718
1018.9381163072183 1209.2366594355194 951.3076445979849
1101.2843208064153 998.7064612637755 351.3407454347568
1041.491288967446 919.3501936118226 1424.7945427349637
921.2791636612824 1028.5823233455499 396.22497013449026
773.2006973183529 778.1399504397057 1170.8081998507948
915.5516737576493 1157.1370216395962 243.62848021017535
899.6426608593713 1376.195956103365 669.9295355956388
1047.8216656330105 1090.360618951489 1018.0541055180673
940.3764095557045 1332.2002458358345 835.7356759829632
890.5004794513704 871.2704185334153 992.8922686031374
697.4257598733361 1035.1171518525498 300.52130792038685
1116.456473445197 1327.5227763553464 502.1402461896909
1188.3344512103424 567.045102570817 49.09987155034751
1186.1472664830624 738.2594951122869 1336.2787419882116
808.6767237775198 1007.6307898638546 1459.9040503704246
952.6370671130136 1180.6338694361145 446.2392639505665
1081.1777821033443 617.2929726198266 227.37889688519246
991.3931178989634 1072.859388324223 67.1635171066376
622.474784132728 916.5337914005381 312.9489495571162
466.89709053801585 1479.9660585581357 1258.0388616194923
646.5943344460702 684.7833644735861 1318.2123781010037
969.8288219600705 858.8197850103109 143.84465666062235
1176.3021691256401 1077.7060156337068 755.4783741711041
685.7188990292523 1322.8261208682327 287.543403061755
895.8500277532012 1477.319315883469 6.221898550922256
1382.5176211370626 1056.1544548478294 1304.6486875006885
844.9362246765224 1027.492786589719 1406.3377164025776
1122.2892268539804 1401.1288729132848 509.1757931347408
1037.4636642402045 626.2840105304525 640.3734933497439
1189.551646757582 739.4125650131537 1133.5838818831085
675.9804286895311 1776.4533640909913 293.62362304454916
1058.3022600492272 1329.9977326351905 25.079939712385535
1100.3494386521345 1021.4164522442824 934.53035528398
1382.8075073464217 1683.6745457101117 832.8674017194006
1787.7004632413555 684.0960966498506 1128.990226017236
786.168223889988 1142.7920431610912 1064.7282305652468
895.8342824026169 508.59876908817625 1186.156436850238
1018.3750436424622 1151.9647615878625 1066.9208298567676
1212.7771015100686 987.6015682306256 532.5017302471435
602.8611449397921 1049.6767445089797 1459.8893102903787
1061.8078029893363 630.858770913252 593.2495672543573
1250.5951754850287 1045.8681195204206 66.85894093719973
1218.3209931942902 908.0777807605857 994.3047064789616
1138.96975361141 1077.3347189374922 575.4881955595044
1058.4853559755288 889.7649041353843 332.25052683219957
1139.6944353673673 1213.6470661731128 536.8237460760155
1241.5067438320302 1156.8157332851679 1077.8648317496463
1125.983300309427 1169.9233124145558 450.6800558696083
454.41217531636914 824.8864978077861 1464.6634776462638
769.6225074599378 1304.1138702123792 152.91246726361246
951.6374857958134 674.7635098227 273.98486925227104
968.0802448479234 687.7560000358351 883.5217192910784
703.3168348830245 625.9728616665438 296.74913413351527
676.514300215538 1179.2465394192577 772.8123599893742
774.3473175914079 856.4128422543245 635.9825930711869
1183.8159755190284 1025.9208145285136 1298.4404535695357
1474.9728208121282 1066.276186567934 492.7062277837386
904.451458365879 748.812578819654 824.3815589540307
1482.7053600244212 1147.0784856000537 66.10980479872397
1428.9711926330501 982.5506373179409 145.33418658400882
1460.065045785735 988.7857663969882 725.2388485893958
1127.174316719263 1121.0204053299215 382.33251954894536
905.0031190457682 1138.1511516703345 328.9849788951376
1002.5293789971173 932.663252093671 848.3839674137381
1060.550285444399 1034.574252027897 294.628408868059
1051.8629993551685 1172.050106900703 29.883067785126507
576.2147557021344 1026.2303666929536 161.23859773134896
1197.0483293420818 1080.023366582904 1225.0594035803724
1355.8774463824298 863.9773856030729 1442.756415176095
873.9006966885165 598.7976534824938 153.16111196448134
810.3679800912297 1099.4863686226004 1248.8656748533353
1355.2895734530073 663.4803046841406 269.2288149592953
1419.4630761576846 1118.974027758218 649.0525191978915
1118.4217438854646 1560.426161533624 376.9253980667858
785.2663264038413 576.913355088762 941.2614248829597
831.942753679386 772.8438932496358 1124.231015197876
968.6613374873643 916.2085714221666 150.1277911385344
1035.8927835394893 1620.9464547806895 149.64115633843693
811.7420812841981 505.04327113052403 862.5726379527528
1138.871644618499 918.1720217183617 426.4346317143336
1153.2155496910204 1264.1800209491817 492.0135079626054
943.4271731846914 1093.5651647945167 641.434783005583
715.2576798578978 1464.9754980415835 1409.6885314220985
1217.9801359391536 879.566001359479 876.2925257473106
741.2379023766139 554.0191289627761 949.6576631745465
1132.9012270055578 660.8285448243557 486.5181004833557
1294.0450449499572 1522.7035269210612 8.129277715874128
778.8930159163388 732.8931807121663 498.27038308184643
646.4344659462149 491.84844627682753 1092.4710784691063
874.3344865834465 752.9514413796612 615.505026711194
1038.4779097443711 858.0099859252363 771.7604395765923
998.7881548748869 843.2023743288072 1385.238001249991
951.4047239225357 1136.5180747312909 1416.577772382113
970.0639017449188 1171.9888400613117 198.103023109798
818.3001635422461 484.16484144579033 1140.818692872016
840.5538949222567 648.8135803089879 668.4006510016526
1296.3477290954543 789.0482700152235 1071.132099637321
874.9873528814348 899.9738189094759 702.4600328025933
682.3873604735838 1059.8013757744277 168.75631119439083
874.1130560424656 830.8086162021068 873.5480969075381
938.3772534956189 560.5271826007893 583.6143273961159
1100.86113538572 871.5421457814135 92.32490673631139
1164.1482911389598 933.6584134031776 1.6577439861203414
1052.6926211756495 734.1366147611321 72.79712255323112
1035.387313313061 809.9779282485812 587.3322435279642
588.039976966647 1113.8139553037165 1103.648247690344
866.1797240592995 820.1001826426794 380.6894556287406
974.2003126574386 975.7098452379781 110.64413231293108
714.8991200498946 1499.474244650488 737.4630656316713
918.0467731736422 314.64087658898063 615.5426877499729
1031.769194548407 611.4167808092852 1375.7826293638243
1521.892521666191 1429.154064849329 403.71774563092487
1414.8988333127768 894.785005628213 981.3191549621191
974.0601455191219 1011.7185488815845 77.35252837493056
1344.547257866566 898.5407354006297 1456.3897035202249
761.8788311785622 628.3935874577649 95.00445229443366
815.1621317796019 1592.6826199070385 401.02094418880625
822.055974344627 1137.493419981367 1144.2919580042092
1227.399867298189 1023.3301348634633 1232.4623850447863
1217.2347762863928 860.0904243206572 1418.968476903583
856.688409719271 1088.2725283394275 366.386204445701
957.8502903813028 892.3818334378726 822.5357992325651
1368.3098921223163 803.765453842238 1032.952598187439
932.7574286909247 761.0317881748834 699.3156678011369
791.3880435907234 936.319607238382 634.5122206634874
664.3320475524832 1108.001015910309 889.7003528894572
918.849422262805 1208.2839139134717 665.051674342499
802.833707423564 773.8107304217082 227.86946312685308
978.4134990842548 1267.9517581031434 221.7066694134992
554.3427940762671 1540.6156940932706 1133.5462205382833
954.5270658413208 894.6642022079179 1457.1162804625073
1212.5537415121385 1026.4725590651376 1352.3601420326672
1285.0453657569108 1100.5367005642477 81.57435497062376
962.5409499547053 1340.075510454311 332.0094094313358
1278.0188681056454 967.097901186867 1147.1391606006384
1115.2911906877964 986.0293312185593 121.96985853674025
1014.8604493144272 733.5225679435018 573.9305528434815
538.9287524807532 859.6508145773678 361.8605869026853
796.7150521277148 1072.25159854328 750.4886535830655
1046.8665592867267 1155.1303054270113 1463.5187994873206
1331.2742138072679 781.3477564460518 838.9347739352932
920.907025858912 583.4243197685907 892.1853081369509
1009.8087393181045 942.7487861380368 1060.4263722300311
1146.779722628141 855.5361548298713 1387.5755595842736
1034.7257362388623 1573.7642357003638 1269.6920502415226
988.4559120004942 1059.2013943361064 1466.7424153174716
727.3649133043618 681.6745663212916 1061.6324418169056
910.0561110022621 1094.6764190706822 857.9316792698538
862.9528337621153 822.4248641912168 1410.9507274232155
1293.9827576357268 949.8660559597689 1089.13763044012
1111.0014980994206 1017.8480057344412 1190.6410472320233
1101.3024092687094 1066.4068419806333 752.510042963494
1213.211212348113 940.3559085691122 418.22327843018553
770.0964516618942 1109.5855816359037 1134.4036139356133
864.6624120846183 995.5232170749813 840.1880713546255
675.4860162149441 595.0338441300391 228.2781503192135
710.3981890716801 1209.2734249616178 455.62831777977703
886.9858245022999 749.2449776707133 357.789530113278
1395.2062635413383 925.0445329779229 143.31653313736405
808.7817784875352 1034.4581010896172 245.81944687807945
931.7447166992292 1120.5778166530038 471.1228864100998
1216.952347685126 829.338366809375 233.065783290973
1026.0524529856932 1086.4073403855161 1171.5204546508367
958.7183739639635 1194.4832237247956 115.5042653632069
678.9628392550271 941.2262331523245 384.43694852951046
1181.5830539099861 1131.7414552973844 1403.968280743594
893.542140726256 934.455688978177 1207.3484652136708
1078.3739330136502 1261.86456536617 655.2240183562816
341.19288096054515 1274.8997449969188 278.5631481389988
1088.5813860982244 580.6041007805227 33.533277853590896
595.8824844648675 1112.0326270454898 900.7803584091079
1178.413468936761 885.8477570997467 390.61097558349564
826.6499836868732 1247.0322125079438 350.25335878922846
832.944174943508 647.3442560000688 789.5821103207016
1104.6629068011518 797.7613381789299 888.8956833222741
821.8620467959856 1062.028033776213 908.0261339566958
948.8697107780391 505.2493852929892 1124.1424852442763
1013.7743941504585 829.5969034466084 739.7604850070139
711.4174073704943 812.8693673856187 479.8806015597432
1341.2725778329796 1560.8958528062226 633.3695060615846
1334.2199959681636 1331.0534864481942 1340.715546157712
623.3409380314679 1129.8047111087312 210.53854193264888
889.0356430434663 1138.6154615338282 128.23188395984153
916.8106927629148 1129.154271245927 399.8381779472014
777.1263342343484 1297.6815397903847 1349.8418186408105
1071.536183431376 780.096397136396 1164.749932316873
823.1883414721946 737.8545568842371 589.5066894466228
1073.0563995659513 1001.2317466905366 1394.0494852252878
1017.791888123542 914.905197202126 379.95992350282427
1228.0698473889458 1130.6388740359532 837.6689466059039
493.25902490730067 952.3012829754174 807.4959142163971
866.1566275126514 1414.94913944961 977.228935051699
903.7058280068816 1132.9095045027439 1139.1569934046393
754.0310614515653 986.4594476534988 695.9756069224214
880.8207344952124 855.0327537554422 498.3278494849912
906.2822633234848 749.6663730875837 713.0118850468727
1260.8698674875977 952.7591176005786 150.8642308490772
1411.6802313259716 686.3057313567392 209.23740640327665
1082.101742572124 1037.8177474687607 1457.995593562322
1107.1394665076996 998.3635759303642 255.57212074665324
644.6247354488239 1308.0785519269966 969.805503820651
1064.5098191126808 539.8496444429877 371.4797096422421
895.1945735625894 694.2963737906572 306.21212348016337
1291.9994932370646 1085.7289560732625 173.12944070717023
891.8183148071909 1012.9620086661237 1317.5055168894842
984.9468764936563 1180.8952778264713 1264.310586110179
1187.7224148522553 1352.4645049592646 589.714472246453
1251.348399113959 853.5047656250335 1257.434790696894
639.7451304226453 869.3156255569995 657.8170871558943
1282.1620180902246 714.70846231682 670.7368359751242
1365.4629867510766 1058.520153252892 743.8042068225099
1169.0912510912717 954.1601598542131 1372.5762420854126
1093.1421685124728 852.1512188253374 904.1706877391791
1142.5006283748698 1370.7643504302291 1388.0419777431896
1064.721866527221 1375.5468249103687 479.5316086335742
1036.9436629259524 1165.1648958422984 642.6037524521379
1332.3937745183537 1325.1056465522797 1161.6608887164064
1533.4849694468944 591.8668183965608 1193.8800376337683
1014.3781470521124 1396.3563570278807 1140.5926726824523
1070.0821653339406 718.8756935719596 1357.7400413211212
715.202898788818 1676.6444790919525 247.87000101102092
1171.5863641453857 1035.1290400025484 236.04590385718438
721.8744391223736 704.7693420968725 769.6077983634407
972.3349137151413 1381.7079597313784 476.1645118447396
1058.7417699391935 1375.3531256713754 316.965966738187
283.1029175153558 1260.4609845077753 1042.1564162975333
446.2048007466459 898.5641082650279 287.88886523187205
1236.6676100679547 944.9286738592912 1052.8055918542943
868.4081986404793 1057.251014067102 170.64841877531018
1345.837183508326 1157.6870429750913 1167.3924413415323
543.8316032269606 1064.8273507250478 109.7317744422026
961.7879797142284 1222.6225592817734 437.6265765638419
959.4739490702814 1037.9171101334591 72.87171690303384
1022.138404281878 1347.6752309208719 531.6157807342267
1215.046973452775 997.8467051783643 378.01116561741367
792.8615486333999 772.5677694488254 707.0821153350787
569.8272684046476 980.6938922225692 381.80977115543135
1279.615424716012 975.566957906326 404.16827962330416
752.4550441381978 992.4960397774264 1404.208421757883
1181.3046562494983 1197.391615392417 224.06795315307414
1151.2381357951692 1034.781661187653 1189.885584482376
856.4346023962262 987.3738970089341 1091.927268363987
898.8655784536038 906.9880657222436 1054.600990952997
750.0541831457524 1366.7004045023352 1405.2014620334799
984.0797035602886 907.2787744091966 46.57234192082244
792.1502412017712 813.1696242489675 321.3048039817948
1313.1330311260203 810.5096734848637 1106.1085921311458
1067.8723511461496 1519.9794203169456 309.91952775999584
1186.3575302655688 671.2978435407208 150.59990583497162
1219.6067541402676 629.0853799518455 1070.6240701096335
1212.372348048908 1226.6512896707222 584.4234117922942
636.1248815414449 994.312966958575 1033.7181131847613
695.0798206491742 772.9552608524864 925.226210324413
1295.0165701809703 1340.0401722599327 1022.4512210753733
966.8338525920799 994.8611791608602 643.5062107364552
1205.7878737075496 1225.599269607515 990.9644610149062
985.8330254633916 776.0993289332305 359.10455214043634
754.264702796184 1062.375141935446 1208.2699167050066
955.801891552186 875.1209302975695 613.1185179126816
1212.005398274642 927.9293169009943 425.7294508727526
984.3565013036657 1007.9732205208809 466.56634971116335
605.4408213501672 1086.5568115551378 1112.5336948887373
1288.2709796538509 865.4754311840259 413.98950762649065
1023.5389493354357 874.6947797919864 1390.9777000075853
1475.1739971434056 860.7793456807614 1127.07866444043
745.197223156851 1258.2524069506376 20.66558031685939
1074.3543435034853 1170.2383284973678 724.3318294876337
1068.9190492306593 397.89675888955196 1048.608669241003
1037.6528118737278 1391.7600485488065 5.238549459098962
1057.333461613652 668.8833825016762 243.1489333835144
1207.233646010855 990.1179554846663 1145.0173677348905
859.9957654769112 1171.3875810416316 1479.6611975647138
1145.3256757973536 1045.9409045730474 1491.7045973929787
840.9805535019183 904.7706170942021 1039.6663036753068
1343.003398860804 991.5581494608015 19.237542945970244
1081.4506364745398 1215.8647536797853 729.1472962943125
992.7606620629077 612.631283362662 1242.8395577262993
954.6682309367418 618.7912267820727 1298.3558977729044
1100.334064687955 992.8637826730105 709.2203963422768
1359.429000230466 1294.1972954217254 1399.567503021497
1320.9230239382177 1091.5120681933186 453.1349784053394
865.8937748541459 652.7322674458574 839.4675245286875
1310.8067679470385 1253.4522534195721 1254.625545395828
1387.1816459930599 1053.212158497482 1413.760161261707
1264.5022695688533 1004.2205142466702 14.474218624043633
924.2700926230771 801.9226277982802 756.0003791173632
776.7926625304667 901.6382825555144 1187.9029362929502
