2000
976.9261751919742 660.2743294125991 999.1619244101752
1250.3666489271359 455.7409719357495 23.58229054808897
1326.7348941899331 495.04982793257534 617.5794284286992
548.9011618799791 571.5600877223237 362.89476800459755
1217.8457539198384 957.2607746016238 1465.4113210808532
700.6536893208964 1214.9271087537225 373.1505987824287
1073.3904219123312 914.5705685561065 1356.2985499650727
841.2567337763775 971.9755926395313 619.1189321630402
1251.4726276913568 607.6789277117027 286.6836669585216
1287.2386030427158 1298.5804233557253 1044.5615152074333
690.8752310543774 964.6381767097334 1100.8408159196074
1131.7620325551202 373.8660451430768 130.54616923041073
1126.892013529466 985.6862518394196 1367.257689798573
1018.717454487733 586.3667760038256 989.380995219416
1178.3335513140655 1466.962564573474 363.1030645412204
1141.6581265797902 1605.4098666046466 572.5456130876921
985.1590177541259 1326.880794159884 652.4514966499817
896.0737794846323 764.8936212072557 1414.204899304927
1030.9605842792078 1069.2262524310813 1302.7744154887293
1120.4865375492718 1275.629635276422 1392.8551945663248
1267.5793498020096 332.5884433089552 1430.7309015628223
1583.3792475439573 745.4008253386069 371.6173822700342
983.7821529903771 642.286067546105 854.8528112995707
1073.9715569573061 911.2955724567498 832.3310907517113
1000.2863839451184 971.4121397127827 1232.0395195841425
1058.0932867020383 854.635380100589 189.87792017106554
950.6408339468743 1289.6225282622381 878.2404355217071
1017.9702973373119 1351.1574670044392 1397.927356698977
685.2515100859255 678.5309314965523 1322.497112483098
1019.1810168917134 988.8040933868521 54.15083624477962
1219.858996536512 316.4728369537605 78.51573770429576
1756.0831290043147 686.7726208571064 251.60834631098712
888.4220063975067 943.3353163488098 1322.5227755000985
1195.960448605231 1205.4058909964433 874.7946680006955
925.9552898625682 1453.9885023842498 1458.57147147841
313.7936549970939 1205.9716463751565 1057.2882974741858
976.1510426667006 996.6409497164436 1093.2485004810476
946.4944550995356 993.7944754300765 191.47727352772782
785.2754873882631 788.6829262182978 1479.064758472787
849.8032022808754 917.8209198125116 952.9362704430265
1103.9624074726912 1261.5321813803976 1045.8846698738382
945.3085036326778 1054.9312676252148 1351.3506996394233
1647.7193987600735 1232.1897990493512 767.458081094287
1343.2159476041602 1331.8924672653225 1266.7501161757611
1171.3553328702528 1007.7112474446279 1361.1115769622509
1083.8788081658947 1183.365988387975 669.8478196940396
1349.6327963437607 927.2001342676389 1193.6921588478663
941.288155428545 660.203460526809 622.4434828763613
951.2766522535638 1112.5113071033759 265.96283125870974
1155.1045739114625 1275.1626662117449 444.6589977821981
845.2043633809415 865.6997071377751 215.82561242538878
819.0386709162206 1199.7172446454924 238.9479506602203
451.0655936767097 923.717304190485 800.5182808858319
1050.752369199336 1207.2576265965142 979.2729602494908
854.7034117944071 982.165874163535 697.6185552987093
1147.8585173315314 605.8479646168946 39.18459640239791
770.6215239829833 897.0927397581476 411.51485679290306
653.6907496422364 1121.779079677264 254.72865537665197
562.8058974689303 994.1462484523335 1019.4802156657624
938.2008587213022 1007.553468180699 1061.2090781247089
976.139181095748 830.3862623818336 283.68624100937956
936.5752679330809 690.2540227061484 1105.9720640337464
1069.152298712713 1397.1426402221095 1303.6151680951677
1473.8695523635201 837.8123849918941 392.70658860508973
1302.6390680551583 1191.047736789385 779.5382256285841
320.3784117809731 626.2694932194479 1412.9499523434686
796.18000707031 583.0667404979338 391.3844812325033
978.9998577090811 798.2423751288227 567.9344463294048
1172.4037458754392 1323.5362760408402 77.8878438349963
1245.763823856562 1191.6588720704606 1083.6045674924835
1221.8144223385323 944.2291291641917 915.2772261690212
699.5755631218478 732.7629370253569 586.2346464048766
692.8907021429063 1190.72728547108 208.37000499342452
818.4678195280873 1143.5397184387666 808.0171236908961
703.4398859639155 827.0363707054505 1023.3904093812582
1159.8262996765618 1106.6934909230717 1014.0583400784624
542.5538315902024 772.7563581076024 713.7372534935082
958.9054749578087 974.0568204034886 902.8316700774029
1485.2173103241405 1307.820854246832 1086.249194165727
776.2197292452281 1247.2552084112663 314.5117777714293
1151.7937775289333 1125.0123323378068 623.5540984824959
793.1907158172862 1244.104647971675 894.2066514234068
1350.7572446386569 517.5885064824139 707.8372067063049
933.2359080029952 1723.4975121842508 620.7574620436461
589.3193323412413 1315.8581743719135 1068.8155767327191
685.760199284404 1163.1356217110192 774.2867199485939
1047.4770473750123 1219.388235756588 90.37209864358242
1174.5026747465477 984.914313384703 254.54358558890732
974.4394430845724 1088.7598335073917 383.8467523791889
1112.0318178018017 1001.3206690437321 325.7059146381785
925.004135523505 1211.4410833222348 847.4700389105536
944.7084001083729 907.1836324705993 352.75694758819304
1248.6938737897583 515.4335810136422 1237.892394513037
888.7192828321416 1248.7088587650785 1039.406458793681
845.8879612747097 1069.0265338882677 1392.9325724956323
1365.6983939963973 732.2695912973882 425.4369942643307
913.0005108945826 1021.9176823804899 190.8463316919503
947.4597876572313 615.2230490308834 1081.74384960212
1105.13238801209 1230.5309986583075 1467.4103608797345
862.453414985372 780.3855973353252 695.9403485936523
863.5310501496609 965.9118109851111 777.7006783450033
784.440607381161 1183.4782751369125 484.4118750091255
660.7359191347764 1237.2825887702297 439.4623060955683
916.0357939034029 862.1616233047421 341.3595239996693
1305.0708889011353 1032.7839965458436 451.1269289728391
1123.3350012170145 768.5883165631415 1072.6764269285632
1778.460774899189 1220.6702258314654 1400.835388840216
1095.5369026528826 898.9809752963445 1235.4412869930009
869.3045793111881 958.9268062702386 1451.1812127295204
1491.3410967902134 762.9067777775871 1300.4395038398256
818.1094014205476 922.3628090715813 534.6902576178418
1501.0793007722016 1357.4840517572907 306.28294217658066
1051.4233065493108 1403.7299997642483 1422.9184934152167
1283.6905190199732 1170.4197849297216 1006.7235440023286
1131.8915659621343 1460.7282222439417 569.2424194094996
1282.8613978411877 1081.0696574096285 402.928546654501
579.2073246506095 1243.9541705398926 441.28204801305503
1393.4077502075268 1420.8274463700557 1001.8760200866166
949.8127151190555 799.4732239027724 263.992968233913
1330.77528975426 927.965301214558 1183.6640567046234
1095.7753104982926 664.034109598073 294.3180516994022
1355.6027991156957 1081.55997879724 197.66861146866893
767.9571885352816 939.0714397109043 1116.2516667220286
629.8521689820413 1151.4325051567334 1037.5074201711634
923.6246908174601 1035.390991356221 127.47795320694894
1337.9606638639877 1257.2664500223243 1301.2422592740304
1058.2475258762674 1489.9654369494883 438.50612269629977
1032.9745646813276 594.878672703783 423.645250554762
810.2416589722127 1086.8140924408692 1443.4034493471017
1389.3341779343086 1122.8637401762144 1359.4014925863048
899.2451707699199 897.018630961528 1078.5439767335633
1221.4642179162574 1022.5301013394297 1059.2068275849977
954.2746961304647 737.1415884590602 1444.1853898252289
936.5946681287082 957.75449421819 1292.1829047180331
977.2117803916218 1093.7183970337176 459.6218506739474
1206.735194697958 711.9891551974944 1460.9715955635675
1018.2603558405798 1158.375350315243 688.8899887730879
1107.2037922416696 1246.9860294026455 510.3240075732175
820.530132174707 1097.4858791226113 488.5102947419419
1041.5175799932665 946.1694204234625 1392.7207358466928
1014.6944349220124 820.0545245478855 393.1898028156076
1049.2961085386726 1014.079273481487 567.6092606699349
839.9950843907858 804.8079250470687 207.08802270466896
927.2401143277157 1217.228871405973 42.28028962192265
1395.9548997840006 896.1299700484326 1384.521341355961
969.2193646602586 1023.4400759188945 262.16415640499383
1036.5020346295926 1010.7324816315845 70.12615804413535
1020.1062137207953 724.59764120875 89.57623367395512
885.2824190909865 690.7460883463484 1051.0982183571484
739.6097056583094 1263.362097003375 1284.104354357473
1131.1019277609967 904.8842632611452 226.9515558425621
527.3077323837417 1155.7070938323045 1154.5170455854422
1321.898854163473 1175.4238278954263 60.91283745630277
900.1031965680195 419.35967410652313 1360.7116621460207
961.9486030655241 785.5106249778653 879.3584591435288
1160.5410260351448 817.1315620348289 7.16876026091795
905.8029020721772 1024.736668343875 17.21453189070321
913.5012092410751 696.7061113920734 665.565987083308
1010.7260397196502 1022.3319940835771 977.5632476557631
1140.7739885969506 650.6099200599781 438.00867833708685
1426.1370769547964 1494.7945216127707 842.8642988371557
1517.6045773248716 766.2315862241189 68.67073838128151
1246.3554653616704 1008.9836465594855 984.901934074015
774.9507544368311 942.4833645959134 9.592951365331503
852.0730461743088 841.1535461777613 5.485288361989915
745.8098277083433 590.4395259775235 704.638900654966
1289.353717514659 1118.0246351073918 372.9900362465489
1054.1478237598988 1237.8059489248192 1466.241734749966
763.8361324778256 858.3792856262709 440.0136747788443
677.4087962193187 1025.4989507205485 788.1978466693623
709.6575025625452 1363.6990572786196 741.1320286476279
998.3484307356017 1306.5157343698054 477.65358750107356
817.743609436091 1098.844180054115 778.5695175334453
987.1247059479624 943.8524386867595 492.859931643433
914.5550782944008 882.4686313352048 1395.4115210595123
790.2653271819497 569.8035575213576 221.4043083833372
660.3104859852092 717.097075337806 32.362753212108466
987.7956871188406 1006.2024924745268 772.2528824810039
807.5869994917248 856.42889595029 822.1373385024874
1127.222600920638 1115.7525192248204 178.38094312547858
661.9500792803774 1145.0815576106397 102.11289213314645
898.4577543469951 722.1632609899934 214.5673768146439
871.7190450073158 1207.4549614418538 69.59722733125389
1512.24582572378 1156.0240534937527 745.3428600450594
737.074993950105 1023.0528620888651 61.400255674018354
685.9427791013256 281.99319439118005 1490.6301400706586
981.4912130063083 852.3899510518106 867.0010519166927
599.2019350747123 770.6805606739802 273.9467692658764
1190.5619887111238 1268.0580106918087 346.01827508343723
909.1756642658252 922.007391431294 991.5487752216669
464.01425850174144 1097.8186435372231 1324.3105910286115
1370.1677822729189 1102.2268947753257 169.72664975335738
1017.9554575318882 859.1761514165347 694.77536915465
1007.0534945103389 552.6547897684195 1261.4140274492386
923.607818898515 423.8685030213983 1443.6530156381477
1317.7082496707628 1123.203014996015 637.8485737311074
957.6698200197794 453.3657105915213 876.0343273564067
1254.7312008770305 796.293411409654 192.05047959803528
978.8455378370928 1248.4932690671174 413.0881181258824
1439.0613368851127 861.7694089889935 74.8470793935952
656.867928050324 975.4354352232385 1280.5041094516776
661.6263470351455 836.9330302755559 1258.6924364346416
1238.0780685578225 471.22626649654296 497.2415785021741
588.5828476643793 1120.0050649152045 477.3265679211263
1615.8081493701698 1089.7070247328763 289.36581497350886
721.5321942762525 1097.2111235950024 496.91021822001085
1524.159550424416 1010.9071785934709 1000.5592956560107
934.0169340445243 1405.0773237980547 1397.296643387212
914.9235068336776 1072.9193212402017 744.0149081495342
1200.312989492493 1112.3280624527818 635.246312145988
751.3602310586991 917.7183041780428 750.9475934096281
1275.8922377826589 828.2808277486288 663.5520411638058
882.1659090545114 982.7943407090437 739.6029723361567
871.254950722357 1042.585731820015 336.0655804168668
460.2752915116315 1159.0610081528566 53.46108661012205
826.0514122955213 1211.1719037422972 706.4878101676005
1364.940816632199 1261.804817352023 960.2542037595048
597.1824013520054 1195.965962242446 485.4394855038226
1136.4537416443786 718.2026099518085 75.62204188328425
805.3355454444634 867.522718851522 1247.5266262901043
769.2274051113473 948.1775196589554 940.3953257373969
1257.6799775091092 944.9859161349988 572.2418356451536
811.0012256626474 1664.8788455524646 186.87311551502916
960.4128564122665 1253.0916391610601 1027.6792152124192
828.3381734672515 1177.0051133587456 377.364789282802
1058.7297783638571 786.8841362826633 1059.1350001071655
948.4806288172551 1015.2086058046107 44.89721049750123
1026.8376373743488 991.678412429714 462.6807260998551
1311.914482058009 1154.7493840681634 70.73884851322421
1020.7202156317989 1048.0548594986815 686.2662790504316
1029.606162061905 1344.7607927191552 640.4870006576042
979.9602050403147 1155.869418975707 1047.8085622839008
827.0860456067807 1430.1119949316308 1060.1491915867966
1109.8464221682661 782.6881231803291 1499.011008809849
1243.0569926844923 1263.4487798414455 104.80077249428015
320.04911915886794 817.0300516804789 561.4252273497276
553.4871230697804 818.583035874201 524.8448208339373
664.9912516050351 947.6477087289389 419.91158991915046
1092.2543027235129 783.8792564277937 1054.760267526512
660.2996718914105 664.1609398638884 519.963236154782
1003.6477753041389 1514.6349685364514 1214.2874164802884
937.52886822999 1340.3593037999135 31.522425570386204
680.4783086522076 768.6879309282677 935.7475106353015
761.3299556130904 1333.333219759426 84.2601867910216
841.1175156895133 877.2352873597658 727.2245651458808
667.2868771216856 888.5216408520151 1112.7094415940976
1200.0254964110884 1306.2718532872718 847.8952116107853
949.9950389800674 1135.23138853381 1027.7769056663437
886.7929009873222 1315.9938730863312 939.6280343588811
1025.2479329354362 1000.2890223405918 1342.1564042826567
1112.971660624381 895.888989927049 1247.2806347950798
1201.6703622972755 1249.0080600407478 1224.9509073303122
1253.4593412776535 330.1863498173682 665.414699549263
617.7204911424847 1291.6422048478623 621.1811840232682
1039.2423532385517 587.4662850425013 745.5688156148977
1455.204916247096 1061.4301901569122 163.12542095083887
995.5564835433157 764.258937178311 766.6551104480972
922.2855003541003 1111.4969766523882 155.16601813758507
1199.9732040883093 1435.7373838716546 1259.129747893337
780.4953075008558 1159.051609547583 213.7709404837451
979.1339702874993 722.1038940052961 1118.1052055379887
892.3483856682786 938.5150784600195 1026.89429436039
975.3233809948299 1300.4049686154322 247.1347529372812
1321.1705197159026 802.6410359927102 1429.299794737039
956.5764540539244 1357.4173366866694 584.7464877228316
1369.4233461595038 983.272858375794 1342.798799888848
869.2866931762776 1084.2568446034709 761.7432176887454
639.0896006753485 1344.0756009178167 1394.1198900894112
723.3787664071388 970.1143494943964 1223.2835953731271
1039.1498627256076 1136.074920740365 0.8762557277395278
875.7538597638551 1016.6919061741754 1212.7962619177445
1248.033453126548 1082.31881098303 1009.9580558818476
774.3889844594984 817.7831626037791 1463.8819561610162
668.6837749740807 910.6671908373374 1254.337244221512
1311.2509989662437 1082.829662425805 1076.772424586952
805.3064742669511 994.615092238567 78.82860231485506
964.1411649791611 429.58190543629314 1283.062701035929
1253.077218520894 1059.2160539631827 868.3696914408042
906.2092834444022 1013.0156543008582 1495.81192268327
1141.10956449336 1309.5940802418872 590.5239883461738
970.966043485527 1111.829979136393 646.936997234782
986.0133179312822 1450.2105418286678 608.1610574984928
1078.8017434939477 1007.6862056708916 767.6077886651739
482.24637142512074 1048.0483397275875 151.66747698414883
670.4886550987736 715.198494589479 1255.7269252732156
600.402282877501 722.8217123064612 1054.2109580589986
848.3873809852887 834.3595645433937 291.2901732984616
966.6145811839002 686.7110527612953 219.08230561918214
1186.306188267994 936.6912564011789 748.6479776631403
1081.8250241403723 708.7676924589749 1123.6549340699635
1481.7804339304275 906.5334803760803 466.21374724225467
623.8082136145956 1204.093641224916 1085.4704836723063
828.3333135291942 978.5220888011596 41.9181654785018
1062.245709719692 993.3015182257395 1031.3362328189733
1105.3229112583026 735.9398196914524 1094.1373886470033
906.1013522396686 1072.5716075359826 1340.1603286142251
1204.5795385113797 975.1498582619039 800.0856087264931
858.2888193094853 798.9349481777349 1322.6420810272832
548.5723550375832 1100.106165533577 1037.6256392307075
1324.3387157492912 1624.4923586464438 377.56416483936835
1004.0129839173804 657.9198629154388 1246.8140251499306
1170.790290149589 1053.5769691933108 1408.4027368306233
1170.7903199623693 908.1495205603466 1371.2767592612868
837.8128284289631 1183.0482664524052 1166.529259158426
1272.6635418680905 1242.7867961800919 418.0273382945932
1317.6663736506648 879.3654187841762 1274.697454845669
1315.5205851789324 992.8086852890964 1145.1127917518797
687.859739323781 963.1858785089404 1142.3570912319883
1522.9548250454964 1099.9042964677476 1114.1088820801988
1125.082019236403 1023.2385040200079 451.2382195816744
1150.891079970406 1106.7038589480703 1260.80122409735
870.858432222716 421.11711638816246 1085.8992664627292
1443.3521432656084 1019.158352700127 1245.3370734794291
672.3419226624644 1053.6868651841153 258.95936103942756
939.6430033991853 992.3246425057907 1331.3409786745378
398.75825528139626 720.8652476334239 1326.5266605071554
995.1325665581962 1423.5108017996401 1126.3589016732196
729.5613750003145 940.3744531250164 1324.4533540444736
1372.0108641246284 411.2969584379613 102.76866959365954
1188.058403381118 805.0873317282428 616.2215451350966
916.9323755456019 809.3330623488557 1154.5657218105941
955.7441763044537 816.6785552242393 1308.9887578419543
879.9956621835761 619.0745768133033 1109.86099639232
570.3656285108545 797.8575276265377 25.012826623945216
1080.901075676105 1015.6256959380538 590.5124981845154
911.7700133464597 1004.4651120327934 236.70843825584265
874.3508182342705 965.6974754776277 487.3620136257933
924.1559192939317 1314.2903009664265 981.4948524552636
1107.5981612453447 910.0519152042611 731.7087172854317
866.8653538364024 1139.0203082114715 251.1952945146731
817.4197161751317 1138.7282002541183 741.3476507285056
926.3287500322162 1369.9467866158197 258.69376748588553
785.5642915409591 935.5898126514711 1363.2009069166822
650.5248635484044 1171.1946817732153 798.189522723993
1376.0591799046354 727.6094570081405 616.0552902142233
1332.535500914994 1221.0895404062471 87.86828471716635
1204.6402031971393 715.0751512399154 127.29719658145683
1151.7945725606237 871.2205352032088 64.3426166430151
1216.8905971289553 1394.273833090159 245.75298276203128
846.4295669296705 985.8742796917179 832.503613286367
1492.0582459867207 923.0633352574046 672.2055503191318
591.2396421221495 1003.127287196063 1109.17616263625
754.8330232948488 962.3237582629345 533.5651656899299
1343.8727478632343 1103.8607956415788 1128.6466375732023
1055.0593715685802 604.8608648048871 1118.3623501221034
1061.9024982510425 599.3919021205963 1472.202348319732
1012.9303422614912 1126.701316549335 1343.2006945157084
465.57079309309756 919.5443937063496 244.08391681892599
790.3222802585674 1170.0117075300157 22.541398219961096
1407.40767209229 472.838846960948 1331.8152331153067
959.4775704822756 949.410691476124 1266.71952352624
818.2791877476807 758.4583670368511 212.15489561102785
575.757062020049 502.5388790405775 1199.819769783731
723.8742977888569 1159.7723897463807 514.1696733756257
1497.719673205578 792.3657395603013 1378.057945349113
1078.6317322570299 801.1865249298861 84.6956988104493
862.8684189737786 897.3452709650126 565.0176395557395
652.8112023922417 1108.266149998957 414.28846687292514
498.9520989868592 852.5645381030399 1271.4335595257353
1120.4700635760917 1105.6637665577548 190.86329465601438
1038.5034262836266 1106.6223198031576 1109.497344875926
1193.8159979162097 1354.4910154940985 1352.9857970989704
818.1444378624058 861.0985885819306 278.1817359488287
1028.6037777461938 1040.4244899358573 1361.0148256339287
617.2848898582329 644.1697472616547 794.2247894017077
602.7478174399696 1026.1663464324185 919.6445522472018
1238.4801321370044 931.4786911140282 664.664625205306
1069.247531366775 975.9130206381844 872.3241379022459
786.5028207007606 1034.3913401401023 1011.3152869306912
1023.36924645652 898.3791290539831 1458.5358608681686
798.7576749454142 1255.6198331617102 323.581042141479
1156.7156195376601 715.797426730393 1092.2165023007967
683.797103273001 1057.4618690240159 964.8531978840883
713.5591839966635 496.25721681994474 734.8706979834775
658.7726823478254 1042.1752652918376 643.0987466694846
681.8138774864974 932.8961107879105 1390.305796105229
733.7661993998859 986.0748616923344 396.4442992262489
929.3260401613795 918.6720301988951 964.3538856151299
930.8759474414859 1267.947338855839 1364.735323244938
896.849956048149 1296.7157273117439 1398.6356020762637
1116.3517017482925 1021.7333412897294 584.0190394307838
1280.916381801246 853.7308384464269 66.85973321856426
833.0399648976954 1017.0581198972699 790.4706694378092
475.515010583645 1039.4802176780543 1400.6713607933723
850.2280689583836 1281.1968583076516 408.7123392451837
683.0889899853248 643.6515494125931 388.33723212647607
680.629501405758 457.90761985741085 874.0711460565354
865.9869729845361 441.7233926950938 83.57815608068158
1031.8899455440712 1079.538039381052 727.4786315432359
863.3096704704387 1242.262504287944 1495.6313156740728
1115.029013199458 827.4867232785514 1093.373725918727
993.6607336532583 901.4667411231706 974.1758190620479
861.2796648791916 986.8246627248703 1319.6370354932756
790.1061306551563 1014.8188950283547 1000.4529557568324
1049.751589562131 1343.569612788884 587.579591223285
1119.0030475188248 1290.809060096889 777.5112266505702
985.1505208065627 781.5253802475017 570.2880320656403
773.417689158761 736.5196872074575 744.111877162186
1250.0113612193254 1059.2801333839072 189.50336268443402
796.1618027759763 1243.4808077935763 212.75592488536503
1117.5291619380807 1168.4699002889267 240.87871957115453
789.4855707018298 961.4710332752747 1464.06489885381
978.7912464331282 1059.1175146453654 283.6342024072013
1229.6734092739566 1078.9400022770874 652.31681833075
949.7216895084994 687.0531144838885 1075.940106693306
1035.5693383502514 535.4581838429042 73.00079946864574
819.7149119520445 1005.5118159075834 1235.374170429956
1249.3038530388048 985.0048036499652 1209.8383343724422
795.0177904030487 788.7163574208773 907.838117687316
798.5271430721125 940.9199608060203 623.8814002995897
962.3112411797891 1021.6780315757643 14.07976129959837
787.4481805404372 1032.9806379582888 1127.380202581317
868.1802011954978 986.4230190235364 118.91580729217793
894.5469676814911 1214.5193957397423 803.7642841947709
844.2283896126496 628.4572136011418 284.57629617499015
1010.3625987008105 1049.364156974667 580.3790170447551
1066.0797665772154 1062.19641492114 703.3188706656317
1115.8534441457168 1154.77541306486 536.9369829989686
423.5018297874924 897.8843714078334 1394.8785271417673
732.4390839826169 1188.1658984038756 338.58816125438
489.4418471142495 980.2034549197489 595.6556401881
1148.8443374093404 721.9547589566505 989.8209725387208
1018.6494260650726 951.5913750402723 1349.292192304957
728.3047136109902 721.0775475126967 174.30852915775486
907.8034703812642 938.9545020723614 360.9224937889069
1146.1281338113133 1258.1717311853386 368.946223909136
982.4257976972638 1389.2023848578474 7.853132098993965
372.1831747655873 622.5248321410422 922.7551810374185
614.5130975860106 818.5406984737443 475.7599338959785
1047.048420864932 787.2799458006639 882.4186752026793
1254.2447421794336 1026.3800374845657 1405.0809018109808
1229.9382188928762 1066.4983508649857 275.4437503036429
986.4861429737274 516.3210837932972 1005.3829995413508
994.0355259844472 997.1427580647061 38.32459603919847
1594.270131384918 790.109836162779 1185.0783597891914
1065.6034751184543 982.4967409950262 1322.5263157264208
686.3368857128444 958.0377226197412 289.1745501784173
250.76256050843767 933.4524236079102 1472.933370350794
834.5240207299033 968.4099319175799 1049.006346972335
1066.644569294043 762.0144899429331 679.4527487638969
1179.5413665864671 929.5662983598339 823.2373112989895
1255.7301386338609 1354.994638045523 303.3637711814236
1396.7625934370146 618.8711414289673 883.2564079992788
991.005827857626 897.3102538790927 1348.4689244244285
964.8659284363293 946.4096604106895 287.68281102129754
1332.4129185083266 799.4500080346137 461.15916379048645
786.8834339071973 1045.2717134092907 1027.4956716572312
1376.0648443875623 598.7589321176115 1095.8826635762769
972.6895804791957 866.3843133370252 276.80830360383703
1194.3000591621972 981.4573609295701 1249.2037466356896
953.6072395836231 1026.8002819276182 1240.1200257099629
1022.8418021738062 802.1610023434731 370.08448989531047
703.0127853878246 1406.9617676387184 1321.7644110534504
1223.7826169960808 976.5903084557494 120.60482295156733
842.558985272194 807.8897047455264 54.485971113661044
1257.9520507633315 1031.054483456624 799.2338085427384
893.4968064874951 636.0239020418373 281.074185404029
1266.391791348124 779.7741621585637 1331.6852246655424
1041.5156847716423 1465.0777073745119 615.8739767218743
936.9728958508016 685.8596585035209 1260.1538491523263
1196.1592043510586 1169.26630224846 572.8564804272223
409.05453473998364 1186.5935491981218 925.3653702524821
815.1302045545324 968.4932893502245 24.8948667923628
1161.175104549597 760.8532137215836 216.890650373172
1342.4459214750862 1137.6031040206046 536.5873531837078
1206.3797431501343 760.6038765422666 863.919564151403
1111.9880049136752 1027.2237069771002 1245.1897661846876
1160.6378471869125 1129.9811364942075 403.6994856485972
1310.478673168702 1024.0054545059506 1071.3014354250413
678.6099340369393 916.1305651189704 87.33587809374482
605.4484288951893 672.0344171248107 1406.6373378410372
942.5590541527391 795.954954130195 28.97916585787347
881.8791811888941 1398.2067852453283 1002.1425632428245
1048.0127049738421 985.5004450889439 413.801345790682
1311.9887618964008 1766.5989013513172 829.1104253140032
1321.374770904007 885.0165464462814 721.0886063067334
678.0041789029017 1020.7591884434275 295.07420323569727
1283.1391155526342 1068.4829204140208 1392.9084217020109
606.552251347983 1063.8144789530036 1193.3798656975607
1292.5640184341123 783.5570270602672 262.71283801450716
1351.865163220744 690.8037521297579 95.83801602816588
849.3879971089638 1603.6826589665438 1036.4903053224236
772.200582379987 612.0482254492631 810.8956972702701
1286.5361368626775 622.024463717138 607.5433412727896
1388.8407419494035 1214.408115995131 1026.8572033954138
535.6196805319066 1450.5975010376542 723.8945976242403
781.8356842454311 948.613023634175 158.25731230666173
649.6911088592237 563.815062580954 233.23310197271553
701.2478258447887 1085.7727502107352 1379.974436010048
1553.5330697037941 1056.7770631324813 373.5364745254556
1033.2590905209643 1150.767938458381 1447.884434130433
792.9390357531538 976.0388396555238 644.2531784946483
1115.8530498175007 1311.9699274434274 232.32656678154555
1110.3108306116983 753.2315861279221 940.4152777554899
1110.68775859716 1096.0748446884465 576.6956859523956
640.1111658315883 1061.5635533253026 816.2528381113127
918.8727762884051 1171.254545125512 183.2636174413282
856.1613669580571 1286.5655818448847 368.2471213209211
1433.575533595514 1495.5885677211293 349.0611547682661
842.2031547046288 1107.882341200308 1393.6577776472952
1254.3180663401433 1212.2267162934302 677.6614393131504
773.9381151346468 1172.2074605642397 482.1251081399049
1102.9523946265347 915.4688087842094 750.1388648003426
1207.007645991223 1097.1791476988278 801.8426552695989
815.4471957863647 871.4858973386333 427.4656219411524
1115.8385475602747 1383.075230842911 898.4150607615977
1019.712984947698 981.8663236980535 442.5891626661569
1296.630491599408 1428.4682070106328 204.24616721631622
816.4360205650046 837.3075875367269 563.1284701337859
1013.1679757785475 941.7676542198947 136.742439178342
1000.3810514919763 602.0426613123923 744.9630707775963
1562.632414386329 1282.4806210120555 116.657298626276
859.9350023920631 807.0816520389334 260.18115542045183
1192.1972753245473 853.7081218170547 1190.1532440814503
1258.5652515642873 794.6654533650549 781.1227464296185
919.9738371253419 750.9948914779756 735.0620166301906
888.9127013857748 857.296196608732 1042.7696704928815
857.8024239696294 828.7213560328078 1242.380085200885
1170.6978218392755 1000.5402580124738 1169.4107697051272
650.4409322427541 1092.6787189780487 298.60926929913586
524.332238695732 870.409021548859 994.9489812800704
869.4649714835832 1493.9615770964704 1007.6672386747578
820.2947306630715 660.720542136273 503.0881506891868
624.5473701989981 1080.7605512767552 225.98431671178898
1041.4282188895531 871.4462149935484 369.51309871451946
916.8566263286592 1102.8407579863863 1327.8277461949278
913.1742132537767 964.057790047895 1127.5665590740764
987.6167034240842 1231.6040089018627 1321.0847438170454
1077.1284639919888 1583.8939696125713 217.7027875666072
871.6459444461904 501.8194774365937 670.2292021225772
964.9968322419383 797.0677495382505 1148.0051774842289
903.2996159057424 794.1536287660524 644.2110454500843
969.6853004704222 947.1194909098047 548.202495502936
849.590286207299 608.4222767908452 1434.9979113116647
1204.9178935205077 819.4617029267872 252.84003994428144
1297.0949858619601 1289.5321507535311 1252.527242697233
1435.887308792468 1097.514130627699 737.9583268349797
560.402189549651 1440.6965498574582 1361.19678850929
1044.4637061559988 883.7341310405459 216.3609682739374
199.94386501604038 1168.2343779589976 208.22943720284937
1155.0818107604118 984.9027153264685 844.395637576341
1389.4934609347358 1074.1268554675034 1385.501460893701
410.5108938654572 1115.1897163268688 1213.9654193757267
1245.2834931044872 1138.6565676699804 713.8868199352537
964.9590024213934 1276.7341715904129 496.4102832081408
1218.6814478733115 848.8855099007804 753.1372294268739
732.7414714902823 1180.1489553064152 297.01294428917913
1140.2654925297675 1161.7495009966185 487.47670172544383
1026.093300556096 735.6366779819557 510.26972767402214
1297.0934783018297 914.8393973278141 528.0354144834398
1062.274998039727 1091.9678261632102 797.3855211240972
853.1835157933785 1222.382642709558 579.0766131350945
1067.749127703007 874.4550570829065 51.29876582556919
865.5003479692687 657.7995505955591 1253.6127083028923
1113.1796625011207 1312.7134532251814 1302.530634207652
1301.6839801145018 1419.340887478705 1378.0550119227244
1021.1646195026841 1156.2115026888246 1172.2265256052947
907.2507171105298 686.8598563246801 763.3630519632444
863.8369237667233 590.5132382066611 228.38193170953684
784.6413799872832 1051.6559518009221 1343.8195966027931
1228.492215942858 776.762928054139 1346.5174210048008
954.9106282733568 736.1687288282101 1235.6934412814892
799.059924741767 1041.8349175664068 167.12029077816143
1243.557886441179 651.8691671086863 655.5992344137516
752.7473821218038 717.175499227113 417.09994679770193
849.1288544861691 1095.468064216072 987.5524937978576
970.0957672300372 796.9529521391638 259.32843326496356
885.2034250688688 772.9698358052085 75.54039112275696
918.4546167273068 1095.652171146263 185.54235150153963
539.8295539679577 1117.3715645086538 912.3235134797247
978.6174067355142 1009.4201499199091 302.6349829220352
1195.8193822516434 848.8507310169825 1009.2488731372232
1077.6444783143734 948.6439063401265 1237.70223597461
1591.086129047998 1138.8373489176656 1264.2817691803116
583.8397247850203 954.539264172857 1055.0050749483778
684.1844196884629 1084.7383756526754 553.653736067527
984.2242606429244 1051.3949732586432 357.509468177049
644.6527875587838 1240.026328030943 724.6507887997826
1160.7634335479233 918.4668227237759 699.4072529899682
968.4286501525851 540.5216616476721 463.59820913983526
1088.9077472133279 1097.3925693397007 622.9715064816411
972.229175013687 1069.7999387304237 668.9142826821884
467.7818456804928 900.2349748669635 862.034392712776
1219.8617642641002 1190.1323837450752 701.3920600735448
1395.1043019917863 752.0374321540917 1319.02767985074
337.78045697660787 491.47373844331435 1352.5968079649701
963.9478320420536 910.714461800982 1288.712422543219
1556.9283488120427 656.4414962949859 398.26258419187616
818.9190126664474 1068.61173306889 696.0882261044521
900.2099943545599 908.4226826866771 1147.698352705477
833.6355642033557 1351.250127772474 1427.3136193892485
1279.1057284391386 1005.1027353357315 917.760447870162
962.85192733691 807.341186382901 1010.5786296920214
1023.5854706194151 1168.0200473140912 636.4500958133386
875.4923826461713 1050.3370383517838 920.7187107416555
1483.0546528054088 1061.8250714072246 860.6230663811988
1023.1444768385978 692.5575441122752 1166.3056229374454
927.1440563839557 1563.8242737370115 857.7652677123012
1181.5478004276993 1053.788226118021 358.5739067425111
987.560710736294 955.2938509519494 551.952770855719
1291.0825367222033 1079.0821444531584 648.5947486295094
948.9084063706218 1139.5883504832127 1233.880262953385
1333.5974513308813 1374.082787441022 730.8879170991917
1001.5445204955449 1478.3047588232098 466.3252501532482
1118.4201442840501 1449.219953488485 520.7451650047026
1049.836289353772 1118.839628602714 399.7061279254279
1001.436185829991 936.3712970973771 176.89521144462896
1121.0073607166225 892.6645726531801 742.6521508583559
901.143768287072 791.5406808788659 1235.887721151248
996.5108656737458 734.5868880182492 886.7626216872727
1215.732232085105 868.0587754647484 249.80744746153144
848.0454747367019 972.7743267576927 373.45209490366904
927.4616210419077 837.3193337023406 1059.7257542645416
1187.8881688365038 956.5593889741012 1390.3146892921382
977.402031752204 1178.533110953007 1335.375724343698
1044.5262152346538 777.6246489113053 333.4386365898236
1404.0858993445347 1120.783861186914 22.28743290533497
957.1619442899391 774.3163155928523 936.1822292372145
926.7522209970858 1546.7110408579142 1270.8321310107992
1004.6855235303206 752.4214922235583 1296.3194285224945
769.0711547709615 1044.003373697494 1365.867953597425
1093.3206187011629 645.0006704973981 149.7861930849279
919.7468881511364 1280.4632411703317 1120.296958190454
1214.2725767174545 443.022392235981 229.4778003639281
1195.5936189890635 1102.8420333383615 6.6808956764271565
993.4046467641714 1646.221583079183 153.54939798426398
946.0379788547701 476.02506296923127 617.3972709635108
1168.2367680651305 1176.1077430062335 1252.1772820679716
795.654124400666 1296.5068720962936 1211.0671415381903
1453.5522796970074 883.7286885743085 18.042105318829716
1098.7394657471552 1215.643562965577 622.5696351551137
1335.4976249893807 774.7121814756391 818.2301956330626
1165.2198159005654 1378.594693692888 829.0622098909855
1083.9723380048747 897.1476939034545 517.4594143149654
807.5334094145546 1012.5458689360399 16.614726994019446
1055.050459554715 1187.246481133305 837.0757378824989
885.3492820412814 1190.45178690891 632.9224228969638
787.728570743197 1184.2023186496917 891.2167142702319
1107.2154536622586 1352.4305420479716 861.1431477238738
895.1309092595588 1076.268979405073 1201.0602556421265
1360.8867765276136 1735.7653651025462 507.2321378825683
1460.117982508895 728.7312608173917 741.4711377268022
900.5143646584008 797.7627421477159 181.5938215930476
1004.3038670729735 1226.6312267311691 1142.6755275748421
1398.4187168356264 533.7568481596329 1224.0398070041485
1197.046231642618 1301.3864666408185 1421.9081818730601
726.866326934715 785.3522691860793 518.4203000183169
747.048451602486 1010.9304860539269 104.33962368913713
1000.3579033571683 1053.7730532679636 831.2234903999346
1044.976841748134 620.0891791406851 838.4186189265326
1135.3595782563953 1175.5224598860973 240.77835039305162
1370.3296206869886 869.3383091693549 1397.2165894070395
565.6133137519635 1574.0933140136299 898.4866790205913
1152.4043957255215 896.4655021220759 149.1061876925486
1422.69982898338 705.8753035615528 1262.7498704627192
539.7581384481839 788.198851029108 1123.7021427510488
713.0311265745077 1081.7653359222973 1307.940689866291
836.8839567032381 1153.0006511628103 124.72959252629067
1472.1856978578871 479.8335803680021 731.7727097919858
938.3491698210216 1127.044384019521 651.4257774861804
790.2332107735984 1333.9091963379938 1170.8317420084277
456.03164257762114 1374.4901952097168 503.50494771871905
819.244514847877 1014.9941976621667 454.7104970687992
1523.9209625965982 948.2659443116721 1097.882324707483
1178.086175584292 1288.5033839110063 132.66593512285613
1051.6334084270115 1226.8013314643006 1211.2887288746472
1177.6101386833943 1242.1032691976022 405.47992420427664
894.7638240944302 1087.2808770766826 1150.6957149870673
1070.0190882805841 1030.4583945656168 1048.1708314696818
789.0447608570009 674.3036766043845 776.4396811791181
822.435601531986 1179.0611288357613 432.24623956105364
956.4481840728748 723.1191857123822 926.7028547297678
823.9879161928679 1237.222569087435 458.15763063070995
941.9142598299431 1199.221551517824 751.8950909886827
373.5576216606679 1447.2670340501813 963.1891648669384
732.1623005212846 744.486243554219 1084.7183756988852
688.747474699815 702.894681469787 56.41714201588438
1114.2028513519379 506.5761102982758 193.28105930970037
734.206180908662 1428.6637405367374 786.4889839764728
1118.3811095618614 1418.077522894029 542.6708928793754
1107.944514604308 1152.1505586805365 1159.283074667436
635.9173948053011 1356.2573496782923 487.5654822304832
1243.205727882538 1051.529528356969 1099.072345065789
957.9918547762626 916.875639930198 1116.4811538988288
999.2917989105969 870.6470085056199 414.3130666341229
764.9040298778408 1365.9417863455321 81.75065215142519
1143.4333513134088 1218.308484751221 383.0058383442162
845.0166654990992 726.3903732873705 178.03842119173885
948.1441215327853 1003.1213445942349 1228.2179360445768
1150.4508637511942 727.7115960486121 1018.8455732399142
657.6974493300202 1239.4917287317824 1145.9787752069456
735.0029929941379 1044.1204939417576 1186.5201185670246
934.3571251359335 918.7728331231557 420.9417515157926
1009.3611982104875 673.037835970483 594.2900693131747
1317.5703625340248 1114.643543369816 690.370134433963
926.2576940303925 1047.0100960320394 713.5062734147531
1027.5686949961096 1133.8545761856446 1007.2637072306032
981.2085018873214 1304.8757846887813 859.5641112792374
945.9278874766603 878.1433597085006 901.6729650312104
682.2926242898486 788.2881085168133 157.78736955488083
1115.5441931892283 1289.2162198922235 726.2877012235493
786.5105148051822 1249.4957606751445 1019.6597280692066
1224.7694142246191 1479.7774259430644 1104.8679786770997
958.8305584522293 807.5283107502389 351.5315237511965
1037.1102002668201 922.1724227563533 797.1729641558326
978.5308618088768 1159.4146489027326 289.61632326979725
612.2880857699897 993.852479192531 1247.3695921127048
1277.5242561026967 1336.3278459590617 1168.998893613612
837.1381981688405 907.8385830301298 1202.5954279892762
1414.1852606466832 1006.3440756026235 233.98876043378314
1002.5952502153551 1113.5559108791645 542.3813168212979
1071.1764417418742 766.1276721012879 390.0733441422937
1138.5206199445768 1229.4566465217003 1044.7587607172889
956.9025156124061 1538.9169602113873 28.67666615801173
1012.2711496739223 1041.8141808922237 120.2840356905342
1039.2095155262614 1097.812027449905 913.1449839152285
923.8323041798193 1218.9028576860967 1026.8981090278598
821.8615582465668 891.7421334919343 143.60252493955278
989.9402430247216 1098.6264477638997 1075.829826818056
695.6172460370631 659.9465100259197 1116.0682709968842
926.6520558783282 388.6935643364352 50.595083413578934
904.3527050122229 877.1197119852644 3.303960514570603
850.2450092964025 926.9891721369941 137.5334189889275
1022.5655578608889 757.3833575609974 1321.1782791145931
1124.470357753235 1345.9932004658006 341.38645897465454
1190.4855549784488 831.5935659892771 733.9057161231652
527.6284840049532 1546.9849309947494 773.4329497324128
1307.174789383449 519.8211379688433 636.7394307837938
880.3459133606075 710.4453628258068 1400.1545930178102
939.8650260964738 1071.293207123797 169.41290895118067
993.3768003751132 887.4180356354447 1265.4412157415345
827.5262019445998 995.923665653619 1234.4005986320467
867.3702557411411 632.3899371028075 892.2702485374509
680.1753583931514 769.0267002516322 221.1355984040923
780.7731051330227 1006.9557292858406 1111.6277148983854
1374.446876947981 702.6203116621446 865.1974769318231
1355.1302649578988 776.4888963146557 987.221502109203
1016.6000216556295 1486.8925932359696 1003.856429656116
676.5440771791739 1292.863343689619 138.69908608778465
1229.288142460854 1179.104640458141 634.7817965579601
1007.4442517455683 758.2423935429783 84.15148528082355
844.0882525077313 1067.7624746105548 1258.7310250283151
1108.4492015679496 956.6504284210992 707.6335003043226
1258.3017636916875 1013.0302833979837 1259.0610791259105
1246.810742712896 1264.307177898921 1374.2306501355038
837.2956185969977 1317.4539926658658 439.06640445436
992.0606796989808 1132.1858795087207 992.5103297222656
372.19732223605035 962.6802832462272 671.749772110869
992.3139594853852 1028.277783671496 1203.473576428502
1255.0565334647786 512.3085918975446 127.98895445332376
676.0916481411524 632.0189211526116 1416.1927744423201
922.5766230294406 591.8863490023703 1045.140614998102
804.827766570959 1022.3875157542637 1479.2216453567823
636.7972175468705 796.2206042132159 1458.2317283625841
1007.5125083461456 744.7662630817333 302.22294971142395
810.5060251118795 1003.3194314087816 265.69578071292284
681.9849053873481 976.8215191739105 772.756091437267
989.5707402434656 1047.419146678369 1107.7216699175553
1145.7066550667646 1225.781842696183 629.2795634257805
1455.340164603595 1250.7250127989396 115.91630029563332
1392.9045066940346 743.0681026403211 865.2516469262246
1149.0080140104087 888.3755290493937 276.1394170068491
292.55460516194046 985.9514590846221 1073.0271067788535
870.6880176848883 768.2146556001813 340.2804251527337
1119.054901464331 861.7997083041324 56.37638679704449
1036.4468098650852 999.4091328107626 253.5234046648709
1009.5011264673274 653.6947135211556 752.3849724522149
1603.3220789318475 806.0203272988804 134.1959270786462
880.7307651832404 1115.2768618551197 1488.5331550729368
901.879963738855 679.360876674592 947.5214531540482
1406.0491368385133 938.7773170145932 1001.728428713463
920.7922520920614 1177.8619019083942 21.313555252883475
904.8845643096489 1332.8619285164175 778.2246277664206
750.1381668468346 576.2196879560422 826.846904704002
608.2608773663612 968.5972755255937 107.43888154304737
1079.2754252982515 947.0797487621658 440.55993852897126
898.1909725032262 397.5730031433983 710.8798785704231
1270.3661896570072 919.024929378156 878.0549520760501
418.4240647891655 1034.7535283535158 1409.2549490627443
1552.2444192503526 944.5610571769228 803.5556071534384
843.4181663943438 855.8138905528523 970.6269574587981
1124.301140256613 795.2284694550716 908.5151434081512
818.7716303127227 1235.6122991054795 102.19684039734139
1065.2221298915913 680.699071732303 1203.1161061394046
1322.6205151628822 859.2536514600987 262.90127766154427
803.5439217060534 744.0877155994327 26.8835643806149
975.2383131318127 1011.991894459275 51.07496154738212
868.5586420294264 886.0557062018559 415.3506486413772
654.4072943978529 993.2757155647747 282.68834508098547
731.8926800434556 639.6410515593221 172.2530757167325
617.3149081148448 687.369892438743 502.7455354100054
1023.2677325934175 1031.6714168329754 1319.4334365803084
776.8569176497109 746.7318183481651 1406.5221310318173
1466.6030077781454 959.49548288072 1084.1411102626203
1067.8366849105814 1276.7582185799806 487.64451038681756
922.1241020492201 828.3877414668074 1469.1623686692785
984.6842169147312 765.0643743112686 1171.9447509202041
1402.9237453678763 601.3145800392501 1446.6956745566647
1186.934716596331 796.6927475927661 1132.689892186204
843.2864190369496 866.6612967174433 1353.8957306464886
1019.3428588996903 1177.0734818928045 378.4637470686114
1367.1015815898986 1051.1248258914525 1024.0635324427685
847.0992129998473 780.3282424857339 626.7716458544805
627.8485515381323 1344.0001819309994 674.3831928272892
1489.1503586562856 1193.7356638142403 1455.9091763631038
981.3861455243472 1004.151334274305 829.7391895223038
946.7618937936705 525.7300185228072 493.691672057853
790.6130813572689 957.9877030886626 32.95153428313075
1054.4997245265415 936.5744372629937 798.1944167278252
779.7607035583322 584.9175521350684 766.2913115059637
1031.8224727309826 1305.1137538973317 752.5116518801411
1058.7014231431338 642.7462445553349 1075.3113929915644
1093.3102769019133 1498.1521172881464 20.006730003562232
1093.4305662457282 1180.047836183828 703.2386174888846
960.2850930152442 645.7161143294139 1444.8485868484802
1211.665390818177 417.99088757792435 64.2203181566296
829.8289726333668 1127.4054094792718 1157.0816904014507
1081.9594445217047 716.549811785889 433.5886349994727
1613.9741533753604 838.4074060738851 624.2506817420918
1128.6679162962805 1191.1491120887858 312.1453256125946
775.1822955183236 908.6003484446819 321.7803495528697
972.3650788345092 539.4375777924214 1339.7356887441797
864.4526697645067 794.4704850764108 1133.9895450577408
1261.6841503670016 791.3472433016984 1331.888047796808
1043.9262922211399 1044.2191068010288 1405.0786975012752
807.1610527497688 1417.4098763919658 1033.3815814738073
1070.4479731272193 1582.7991669687863 982.9765264376366
1322.1164073377179 878.3212660819586 853.3129992295064
925.0960143380602 1031.9472402047438 1064.9601684029747
328.67331425266946 1013.9316719133933 607.3349691021668
1239.6185416174892 747.5716648892642 924.1787067722138
927.7276800077351 674.9737255361938 535.6552633253318
620.3650159525986 776.5072478433772 1186.787014865845
1015.720634989407 565.9802215414029 270.8742842022041
883.048447287491 998.65971803661 10.879772801639875
975.6109521818869 1108.9212729019735 759.8319408334514
1077.0232744718655 625.4335755120296 456.84543779265425
946.1595086634409 820.9108919376846 588.0607638293983
1007.7480115876396 1103.9114350927375 409.36540727399387
1233.435793016929 418.766847928448 262.17325988568814
801.7744089904913 1125.7479296431843 1246.4752088099917
1047.5472035392895 1005.0209613447707 578.9266052479053
1156.2851486716997 1037.9015125454123 894.6563136030637
1088.155549228319 1049.9048334275278 30.895893767880434
652.4288660861349 1030.4157073127383 775.614516480937
830.4918120759753 331.841629633455 687.35681790916
1160.5442364695534 1161.041903074322 723.2528771555429
1268.283283367382 967.8899131929767 836.134226925862
1024.8697988232889 838.3225536039588 1428.2388534956935
976.9595412931318 477.8126115511693 872.0249204657612
1170.3254481477181 1332.9648642229326 1002.8183112173793
1200.2301243681995 1138.6718152625726 251.79142640741537
939.9660345717374 975.7593214818668 503.10203091070935
983.2777726746464 849.5798618090868 992.8150799181216
1016.5602067120822 872.5557248834531 1314.2099700393737
1264.196573488546 1341.0851281030104 1051.139093644734
685.5766672802553 787.1775660813564 942.5638557882153
1115.2147893975211 448.05627047531414 411.7786407159678
954.7969422471211 954.9754884147441 1465.0609176098703
967.3099929446133 1297.00487298612 1426.2295435411017
1048.291163519628 599.6686276149445 606.4571216909378
737.1163061708792 779.4043089516879 1217.3491499626573
1542.625729044319 644.2804204118979 168.279570974529
1457.0210144941923 1108.5267930688274 949.4242512377916
715.8686932794266 1331.2714847643977 1107.562340877374
960.3456748013966 680.9490767637586 691.0954568011049
900.4315758063458 1349.8916831432932 569.936197804916
830.4083136655211 685.2853576399561 369.31656684016417
1068.4461808126284 1423.6285867941037 1200.7535437388854
1022.3154144426695 1279.6358516323492 901.0379371604115
1106.6608670833962 1078.1117838221126 154.85515948882295
991.0875524095159 1021.4900688951093 776.3782766246578
1383.2191409664483 928.6152038290587 1402.7816509187417
542.2886011647024 536.7980697565738 1239.2204706969108
1006.1383699144211 1017.8872098466508 1390.8948581079353
1293.5851093139008 1424.6945167200388 480.929333729249
1195.114271193023 1155.5302789526786 780.082410235723
860.5203304888055 1258.6788646207754 894.4722763895788
976.808263211947 1359.983033223704 1336.0767253830797
1124.5232868000012 1075.4136832804093 778.2244052463566
991.9367376019819 951.7531870706803 1243.6914260248248
1047.9450794651232 1042.2750512767109 395.06892658287575
975.7748198194865 955.6906811945597 332.31580704530836
1436.3103361925098 983.8214404558178 809.6748178492522
1229.4805619508409 456.8624793025132 385.4613354912498
991.3533916596429 743.2672549958677 308.00248308368924
1027.0517015775988 1190.0554691697582 3.653997081165483
465.6604601488456 1240.0828574080406 1129.841436174958
457.03817822009387 1180.7159935753575 72.67445002831529
1301.4573629514534 990.7656291894655 901.0131112482042
1306.9911449138222 1030.4379893535167 166.55043845247164
1188.2696040774304 1153.131540445864 706.2925398099733
810.5401268954739 1323.2339680161467 98.42695345517095
1295.8477564391696 1186.7299579592684 1197.583520281459
1074.3592139917084 494.948823846614 193.80288714436904
1077.652812813038 1450.2173002092763 439.9802330006212
894.7748788032625 1030.5817523329383 222.6235579018997
865.0265604502433 1115.1778551357029 992.0790442714747
1152.166863916665 685.6457193481784 1047.9449966089196
1130.6125728899087 944.4869128148799 1200.4798172200892
982.9200456305797 1353.706184019661 1265.5849976395461
1648.9592220235554 1163.7142644429448 674.1273202811764
861.7004119035923 1425.992747686825 853.619943357869
1011.1121415107551 674.8073609702647 28.94854114623302
822.6272545057617 894.3777678381197 949.3396781366836
1080.5286266541993 1230.5352110600472 508.90345438033916
605.9829437838061 1524.862011067566 415.4820149208514
1028.8545404409906 1148.305930932411 1443.5339954872763
864.5268301719614 576.078478245114 1304.3090288345275
841.179269027034 797.3461524626408 589.0581253188906
1205.3568715656677 1445.1652949965905 557.3114865041787
470.49027795597806 719.0165267262404 1297.7206892637819
472.5516589002899 1016.6497411683157 669.6849643969308
642.7683010476253 529.8759022621624 850.7613610266811
1085.1352057730576 1398.3329444673227 223.3503239671708
1276.599994253274 571.9579544816427 15.59795424747773
1419.4186097495976 1030.174726757152 849.8303809501882
1412.7266939560018 1269.1139693942885 1156.9425433967497
996.5939359053482 969.576580365915 186.87788798794153
802.9594936306651 1096.7747496265922 325.91842056770474
873.3578452547862 969.2383736298747 350.05876532071534
1078.9812905468843 1588.3404555862217 576.5328650677587
1106.0283040158445 997.4626907839913 308.5746596492474
1028.0022723983252 597.8847620603807 511.817487791908
617.4711044608116 1242.6592800956587 1228.0794181111671
1077.7960306395591 883.2383639515024 1357.6705523429212
994.9808553518275 1005.5837374017143 723.2500442255846
1344.8663646290279 1094.9538006884684 159.24236515273054
1046.6728028734717 1140.0659744190489 124.63315936602277
1344.4179767100052 897.9494610158722 199.36457443817386
987.8402161667013 1330.4993478808155 1103.7872938633075
1172.3861629808305 709.4267475448987 682.1096113400444
973.5450641304966 1065.3103250137028 258.6802098681367
1054.742777290698 1070.3030696329445 1005.3322153169775
954.5847242614649 1060.2072551221147 541.2078075166344
1310.334624399692 1024.8690822618642 991.8468897324328
551.0074668025621 1089.5615744189809 960.0578229109351
925.1243665616033 1086.8360491592016 267.4262540678343
739.1660320508497 1349.485142306758 1062.268844404062
1304.7353055502783 578.4872256210632 708.1549381849384
1047.093179062488 934.1810682245107 1108.150601922007
281.7911095318773 1157.75423499395 1017.4845890783171
1194.4331815496491 1227.2072046905305 1340.9381869184604
1139.9396930216026 716.0135366275297 1450.9494362510857
621.7373078095842 1335.7711047113185 551.7560894430381
1150.0016560237514 1204.2781851412901 1181.2791433263944
887.630320675776 1074.1196235993177 1017.8783919381003
1399.9955715818726 1248.888317957446 467.6842903411986
1207.372204146669 853.937193978943 22.81440279795627
761.2316899212208 1082.7084249308189 590.0631003514555
948.7632925700158 1426.0772036355581 1322.5141515463717
1329.5908092556783 809.0350267704345 1316.7170311078298
691.115677246179 1282.0170712121258 1413.4427203748487
951.5770669015595 1165.2843558569393 939.5582337657055
933.6073301407364 948.7708539960307 41.23920109010398
1070.6990349175144 1182.1684806617523 1297.5405897021642
499.2407605874921 1027.4263691745505 1471.178236623087
802.7240724072166 1174.5649235511905 1084.3537545022375
1079.0202243929732 1431.137156271625 584.6069151528193
1242.1931473256238 1081.6538723057593 584.2956772238463
974.0053996871279 852.8247934900442 882.7878409003729
836.2659587328715 1317.7494596047452 947.8405149584082
1266.8247693881951 1304.7509398695736 628.3959266999103
1074.4375414486965 1390.9972320959664 710.6551887345992
1047.0174260756046 624.8602343658819 723.4451887214832
952.7481833473004 694.6252034001448 557.154264385891
1022.3242687598605 1025.0995488398444 642.1282477874382
1111.5699114351833 901.8852993382432 1188.3999474548928
1178.4624939318091 999.4001119651036 1436.6091373977988
893.9359434200819 972.4839353425837 710.6275602815583
1026.9164863053745 608.4654248257389 1363.0210613627723
968.0219236476439 696.2831753062787 486.4479403959631
782.9134631000527 1268.4583628414023 740.615335849415
1201.2781861583521 1082.1097564631445 1021.9283273302026
922.2398241584224 594.4648921178227 792.2615651379429
687.7047788615818 796.051000269699 164.86276743089218
993.2866823189764 1046.1152249224717 182.27082383239986
1071.2980393467492 869.2981725023799 1208.1526185622179
1000.1506012458217 1076.7055175034259 227.71215162969554
1490.0226688320502 1342.588617078847 976.8250016128578
657.4375646815961 1167.9881148906281 361.7561297637717
1091.476979741648 927.1787796110916 647.3628849337653
751.5417143642961 1045.7048679621923 1318.6534632342905
474.7645465575782 1092.7143247832432 723.4369212747148
862.1788250376767 1321.1060836917525 896.4330009026139
369.06100398192416 504.38719726986216 475.3331975229782
1035.0321215618565 1283.777736153735 175.42909133701318
717.2102041257285 1117.236312048517 532.1767480237171
962.0712097386113 1088.221013863728 1093.2997997795896
1385.5786655548118 1100.996696101492 308.84391207359727
1215.7575231363949 818.2745902240979 1044.518288209061
1087.4657601275708 1243.2740117720396 1215.4962506797447
913.1851790340197 779.23253668009 1365.4345698943564
942.8195321670884 1019.6611052769769 911.1289229453768
1001.6042522864497 814.2664471719636 48.20187969947093
867.6140561789963 675.1677073859169 1389.3276049183728
469.4781666532982 1132.4276614555151 63.37628005353668
1371.7126860691367 627.9179324213909 61.421965375662914
1162.8762168916767 959.6937692926934 1062.107604326113
1011.7584689396532 1173.6502122077463 898.6875287729221
1161.8266835526642 986.3632210163172 647.4364404461659
1029.5835824654564 1062.659981093751 126.86025244150196
1168.4175407790785 1447.4934416961094 116.91992712288906
998.4989568905255 797.7190189219596 4.604896073975739
1279.8465240872906 1290.832147607895 591.4377391368636
815.3521003676166 711.4699774958951 1143.8888481677702
856.3796424387172 1195.5272378655354 215.16127692471582
787.9574736070329 1510.2874403336045 816.3967764059204
407.3654244766732 870.892581003205 1488.705478708417
1051.6420550278294 352.50749662189946 212.02370079313272
727.1846879634402 1053.9735559102685 1151.6463258508575
907.4670426544565 1591.6323004127044 1164.565131623784
859.7376602969163 844.6878736730923 90.01497642625556
1394.614143304873 1088.1092939633984 380.8821429673986
1022.6364057450147 949.9147411923443 411.80074703912715
1107.5854211373442 880.0787323925038 1177.464826375877
956.6682435459385 1007.3479779138089 1075.7308472677846
659.4270016604253 359.5054928372808 566.9373831544337
1209.5679479443527 1196.9068477477674 690.0085532635001
726.2509162101752 968.5751523646724 745.3960275298754
872.2475319924844 1064.5711919174878 497.7303781548356
697.7727504785393 1043.2461332496464 60.86594724909355
1180.3541669176416 902.4348548187384 574.8069675552829
1036.7470164128388 612.6586643775541 215.73681807011224
835.1751776038728 1195.903842947283 164.29197787950866
543.0992745093986 1168.1535854358256 216.34641064098648
787.9285500134018 906.8361859210349 782.8163460968308
1147.7196771414613 1343.0316090071265 912.3283576994609
316.76095430881844 921.5161127803661 1.5607611225004203
1403.7141984035695 863.2138185857893 171.63524573442047
798.441187876192 897.7915515849853 1267.8512351795773
587.8525845415131 800.1764314707344 1086.934446507681
1180.3933124309644 948.8804303631188 413.6102308544737
522.5821024033739 895.3811985366237 45.64040435014677
931.4141229208806 1216.7707779478621 980.6573910350494
635.9382293326262 816.1974097376543 571.478978421155
898.7222983072984 1178.5327140513357 1054.8841378567952
975.3497264596348 897.995472577518 1143.2836874555928
706.1427339787454 989.4438857000121 588.5711103142205
1049.650498307995 1293.8827980925143 939.0401441143895
1088.168584878077 891.3104241932766 881.3745689804811
1363.0852528397736 732.2633883233837 819.4903009507681
961.8786817024317 1056.263328472273 1408.0589035015441
1356.8631091846937 841.0693241916293 1492.0659995377282
1154.8953631905686 1252.1307458004692 671.7833378388837
1286.483090999087 1266.4140380426616 919.443168474114
1001.8868158685567 769.1727530510595 1106.2535690036862
1004.049856935541 1177.8149719185644 1452.1623670366444
1192.6184355503126 1089.059264338143 1469.4738029843247
1144.1934433730885 845.0677533938874 1249.1513412604436
947.8751095041912 561.461086867834 767.5438333984085
1016.9487351245297 1086.7153079789455 859.0923413506305
499.11122699408617 849.6174825303417 442.84589592498935
1059.773261766823 656.5074526637131 789.964756137634
885.8839316576242 1424.8087065693924 349.504762779818
646.1146332368969 1353.4924979015739 1226.0950358542175
1202.5021726317161 1170.4293346305076 990.4920034988335
1076.4221145663962 993.9374116041772 194.71318977260614
1006.3269862218766 593.1807163519218 451.49938713687266
1285.7817778553067 1155.0762386641156 312.1491642348417
985.9145339757229 1020.622923962948 1231.3377999691995
1134.8663395125516 941.9987027630493 17.337954036148517
1000.6318154421074 581.012509372498 1457.426878746575
1006.7880961669362 1305.5746983616516 408.0755259821732
1321.164520706448 1435.0966307454912 115.50919720412989
715.7384368348044 831.8427561511504 84.60955437487094
817.6157168079526 915.8414562275884 1283.4465111123984
1075.9572870999784 993.8174755392088 29.09166112582312
770.6754598825687 674.2241440454907 1191.4743148454259
809.4756698013939 1017.5923421411848 1095.2946491468763
1091.956849903198 1467.7100178298367 1199.0564429400276
1092.2373414317574 1077.3996057043532 1213.977795453468
1295.7095946539785 1262.8037724952715 976.6885575897887
1203.6047219735153 1104.2866335317092 1361.5273000581224
752.4578235691572 1230.11402428889 1228.6741332140941
931.9127720098423 819.53327553533 1451.8245906341435
1200.330209426448 1188.0405743638876 827.6131656627471
1227.4586956853614 1141.6000794126587 1002.8360130682125
1443.556452515088 940.0867506427265 39.84288458338803
543.8657445956095 980.2108620555141 724.4239564446646
588.0045411028939 1229.1736280802807 404.5763485800337
1035.5391936272429 1076.5913596465882 1049.341937868187
1197.654465770692 1268.4743275469814 724.5551660103997
826.0392681046982 1422.9019249554094 1391.6083013549803
542.2152217114924 716.2232160996165 794.9132374394757
741.629024983122 998.8361311444261 770.0550600669542
813.9481388901577 941.9020191521964 118.44233672618343
1201.7986573189014 975.6330427547931 1238.3033682376395
696.8705700742021 926.7208095899409 414.81989702469946
943.3895674020978 875.8954091296134 908.4181139453142
889.2596599977047 1311.6744685090582 690.8245570949055
836.4516299077274 952.8429219573429 24.63504831662022
911.4676178336279 1361.4119482636327 581.1782734294557
1057.3387788058792 1023.0784808843022 1272.2699983575292
750.2509563473602 1085.9130923142384 78.7391332817629
1074.870393016285 935.5452772570727 715.3937525884404
1095.4958078675886 669.897728291435 619.8665223137988
699.2150020043146 838.7519787600356 230.52149518694281
744.9216987395555 1693.0804099261572 1209.9418833442687
740.8272533355682 871.1378290424735 121.15730277724757
848.052742576714 1169.435618711321 95.16565847823655
1375.5210285359353 1286.5977242789902 1248.3730462404963
995.186201866188 1101.408315627505 271.33281470668055
1182.6245135975246 1069.8602165032348 1198.7723187554343
996.3939788042139 973.6489425249846 381.45830883392637
878.4908783948077 632.580634454962 818.3398081547077
975.3932816959693 1189.3262546736487 1301.7890936858475
1387.8971425253812 759.7112150067319 1271.5166440225294
634.3975087669307 799.7294201127614 476.306588081902
1079.014320054068 1214.5350429443045 20.045838906272206
1060.4648296114926 897.0310331660044 1080.5694187639476
481.23579417121243 873.383341028582 975.8088249762241
722.898293322191 1199.400821966096 183.50199146275432
897.1031732458138 1306.6894178603739 93.7739243562441
744.183505457892 964.3741074502593 1258.9949029216348
724.8936081869604 1182.604564906266 508.73371462041706
1004.8088309226645 1137.8938079809266 1397.6122189921114
923.8120073552676 870.589252977785 1173.0424218577048
894.5144374444695 1221.6356112277545 965.6882748094492
724.6034690387824 672.3341768547253 564.2532529013438
1109.321019920167 910.8305182693946 1188.2845447399718
1262.8088739143107 1470.08687653297 689.895395027186
842.000713040708 902.3693364467067 302.4882036497575
1340.56301346004 1306.8001643460798 1350.8907693481983
1213.4655418343395 1069.4688316734396 1146.4218276196152
577.2788269446593 1400.3454748988324 711.5861092628771
816.4267362445635 1058.7314828965596 153.49686111444427
1040.5759448479773 1460.927472504763 357.04422901239735
866.3438918817442 1004.472503920959 1195.3168905734592
1057.366263999954 937.9729326540481 1111.8564295347041
1259.8243511199066 1013.0693478099122 368.7391076138778
1289.3585490018897 524.8113232383489 1300.3542167676112
591.3233736407292 995.1904494846616 710.1767840853871
854.2611633249958 712.8238643107468 1324.2987689316503
1306.9693280284228 485.032254506625 1283.0261418610264
1345.3703228064767 1099.8439913216166 911.6890326642567
1049.1511501363784 746.2800495493213 727.8740268878078
1014.2718479977043 876.8097142840896 815.6268246487596
622.8209083037773 959.8432635681864 187.56389486447034
1385.7480486910943 1141.5294628419801 375.2956041450111
425.46701818069005 794.2353344587198 1368.3816235492648
1262.5865798945372 880.4975636378639 116.85176775906059
1160.4868664603769 494.96780109952 621.5912215146251
1138.823436469802 1338.5811411831921 250.67890942944604
797.1013847174297 1112.813838822283 87.80082215982237
985.3757809816724 1149.796164813973 463.4249704351572
899.1559286832033 1046.0900377556727 708.8049356849957
769.7093275838591 1475.602046097612 781.3987593728866
1377.6900515828752 1016.2713911413783 27.902727073940426
1157.51090380729 906.8791637551323 169.76694616220544
1276.6471727353605 1105.069624559056 74.90753555289226
1334.2696747361247 938.2785759125472 423.7767543640703
859.7590657534718 825.6501932067221 154.42412910345544
1092.6683023154485 1130.6445905198734 1063.6878044738924
831.99857723811 1094.2838008476829 1114.7927464812274
964.6117961062821 846.3173427721403 411.39112095848446
573.207581406396 1093.381720617897 195.48150497071288
1223.716382373594 1282.3323602521245 168.91706875411165
1080.9076293786495 602.9399530776025 1001.2519316690478
906.7426945276468 986.2365773479842 1318.5207619525343
824.2406467474159 1273.3151109339444 471.32702503959104
1049.3810973741693 783.7099658705033 1231.5264470009804
1308.7794110754699 546.5541124037076 1144.7321254442716
665.3950510918734 902.8399325443002 1131.511897319674
954.8474190099882 1259.9384455861973 199.79298283599277
1599.5495498307127 511.9367005909058 623.1888335376177
1140.5927692576306 698.7992548773123 8.923386837774384
748.8897128540148 1131.146606419464 4.369771385724308
1057.3004371306954 829.3336004518409 900.0281793039449
927.4487519524862 1013.6433596299668 1123.9766652083317
1085.117402102272 866.6481284093686 5.5819819132610915
708.7378167079412 883.6935069099596 231.91210502471503
1097.2689430782082 966.9877859806884 207.49939949013662
1185.9389001392174 758.2443637589349 815.4619297556679
830.7476883496126 1004.2588421391882 1172.328365731775
914.1504894157966 784.0297690299934 1047.4628429998604
818.4551983273561 807.7719295801436 772.2970573398488
1289.4453741211084 1192.7166577901448 461.8317359885822
1101.7327169701857 847.2002564188481 1120.953848506631
498.1335970085683 846.7031109441723 586.1293191017057
321.45417212500695 989.2214991989421 495.3676279310266
1155.3360272646255 808.8429881282882 1475.2246178427058
1418.7553741606607 968.0621855770722 1219.4640122893074
878.5756437768603 836.2398737976819 1475.7223569798723
1107.4398930114842 1015.0208055639707 1150.970581015053
1022.1011766725318 1031.1806402731115 1092.3307239555138
930.3109634210589 345.52160147530674 537.0999126042691
646.5606915224639 1160.5063878209353 230.262456216988
1000.0955968203854 933.4905982766911 1151.5541371622091
609.5914290453306 947.8971600980552 673.1874680361971
1502.6962829150066 884.2163394120057 164.14386812559917
707.1997160304006 784.3440189435389 1487.9892875195342
1199.6602599787625 910.6705560520289 420.40903102108746
894.6101684686959 924.8202690465829 734.369087343603
1176.1461927422667 825.0087947487089 14.704782294228004
819.8783373893486 1330.555850508349 652.6450069064406
1066.9907352330913 1041.6106695615335 741.0177954118301
1121.9891553862396 711.7443523926149 718.1750835394464
1002.5762556073132 1107.8344937573154 608.5256001036794
1457.118699670547 1161.109167295411 194.88481678561558
871.2778981610163 857.1622567288566 186.75129636286513
1692.986470016616 768.1817705099601 1393.0877408404428
1196.5023320928603 1140.6129049955073 297.3382535201934
1000.1389307827648 827.2122346471986 605.930987522112
915.002341349936 1043.8876280200361 295.63307440927343
1062.9929381802478 844.5779933313827 603.406815663701
1035.9488392130058 622.4795850729934 495.26403254236385
949.4226402675653 653.5520115117533 680.5882929521408
922.1918320307602 1085.5192654662974 990.2800339269456
972.5986613457834 1129.2550408587447 571.7513757135214
817.1227736084165 1209.2934092702258 337.21848475116855
810.0762127794919 1085.628418695191 1017.1458629852092
869.8226082768338 847.5832279209039 1372.7691292382478
1128.0510621457133 1328.2560825767807 191.57871907520303
1196.5184268390235 1493.7007349750284 789.1360092779876
1222.5807775029791 957.6548595386392 719.5489658187503
1481.4846166313348 911.899251760278 952.8771083398657
870.7460070952635 825.1561199627541 49.7941545565902
1235.0869645448488 1307.897315687301 795.2798512007864
1059.6436189368276 668.7924113104011 13.919068018765746
672.6582187097733 1526.9840425852883 441.7788884058408
1614.0478221949872 1279.7111008455863 908.6139666883207
302.3854143198263 815.073550934464 604.5829009037823
595.6804145809722 1088.3489358074573 231.70249560407953
799.5687095459872 718.0757365661407 68.36794446848576
946.345552462113 1411.8649412604154 1323.65519004027
860.6931686066092 637.3864847901725 1248.2232862096366
1003.3287675546861 686.2108981528937 23.36427294313681
976.5480711722433 1319.700539567359 1497.9386899757417
796.1819634904159 1165.689879209761 719.5428147154917
730.3784164330882 698.0232963790745 1060.208611005517
1152.200833156875 1401.6785064710793 1045.5169215091325
600.2090424107137 644.8575307977002 597.1481509542157
679.8678621686698 1127.6124450912314 868.7872714250908
553.7666842531885 1146.5661011000225 840.8331179661831
1044.2586000526783 849.7179464329149 1307.874204779945
1237.0155687824608 1307.2370010890083 1405.4019541720215
1165.1091653736746 1140.385142798896 679.6204375940972
677.5745020639349 1068.4828406537151 139.30093639890822
817.3636125915211 892.8819299167349 965.3462739155085
1678.7180088419645 1000.8265249559727 1478.948208391929
860.2835270199754 978.853813493135 1152.1477505906682
386.9420296758326 751.2315521149634 1179.9985271455714
881.9093319331512 723.6528123096003 224.02292607727176
953.5591498149607 870.4486815917837 1496.990890222868
709.8321581667532 1243.187701248963 1458.6772943180042
524.1187553447628 1644.038394145272 958.3230919164977
507.29060196780085 964.1295384028771 1360.401794227588
1050.7431644875464 915.6953945208021 1347.4274389405118
980.3584569349482 700.852249289252 1387.642955201567
1077.6709534617821 820.1628872023696 1245.987846878412
772.9932569107931 961.711286084182 324.71092094983186
1108.2310818808564 1022.5504171118419 792.6617606735912
557.3533666850507 946.4981174010877 856.7043576520907
1186.888914020594 682.4987349645503 479.14893797058363
1120.9185358704308 1066.7638133406767 950.1004043647791
886.5354290156511 1243.2826101721757 349.95333030734264
730.9131738174186 881.0424537630539 212.83643581445844
1142.1113362930723 1062.1755594400022 878.4053417627663
620.0190506320338 758.4304525317069 893.8168327490524
1053.7836783929133 948.6558830318514 84.1715548278275
774.3949396910542 1336.5716717281475 931.7095121391621
1382.320863774827 951.961698144781 1030.3191269366796
1404.1738355071911 1464.3950172458594 23.805934228689484
1284.083052050488 1478.8032933534023 448.66554030817105
826.0763995842195 950.1658269677129 27.42722030576289
1241.314442411586 1157.8961379952252 994.1938956657993
1266.936623908292 1332.619261151453 559.87428491244
898.7311533830964 1359.3247991329195 284.4629807326459
658.2691113470439 1333.7058564692331 531.8902152637166
1332.77228458028 911.3430007056036 1453.387944577316
1082.0803438215428 738.036895649128 1165.9657850741344
1018.9477207717151 1094.970931877308 392.42021685077555
1037.7909397546857 1223.036518866816 704.358838296969
931.3781110235931 1069.7837044739954 245.55086090298732
955.6643755911787 1409.0335042208565 1217.8090122094552
1094.4682083398175 1408.6489540827574 31.654981432231722
1037.668566959264 814.4466462286073 1158.3337618634805
928.0122721738938 1379.2757269878457 1317.2477056538298
1037.0737386373328 1194.3073049970355 508.6814248789773
849.5211721980203 907.6308579638892 1480.5109767824113
918.0899662654296 1134.950798744368 1073.8760423368785
1288.1766498885977 846.7171612095265 31.341561687866005
1165.6071834839122 1197.841985058535 358.3146709417165
828.6023777685257 998.7572731386847 44.8408326161675
751.8284298709416 947.1343096650897 1221.644475156496
933.3902183479893 1020.064055555044 1430.8232125496754
1077.6052460354442 895.4753019554762 1274.3288851535365
1195.3750060548775 778.7677017852951 473.2394924690353
1268.2738853429616 1022.1954360930647 25.127321832294992
1278.9113937987383 996.2476404672165 193.1987083362644
844.5531176472145 546.1391872218142 696.2504530376225
972.0251445338351 1371.8893554632327 707.0725383712844
572.5070719359716 1098.359458783288 52.89215294406713
804.457617897187 1045.1879904918399 1060.7549375909393
729.6884721375814 1167.4782380114295 1091.8482100490407
1021.2930324729255 890.8174989937193 1466.5533069977052
935.7766614445842 522.5565290343432 740.5704322864145
1007.7895185885246 628.5872807785098 58.762313180076745
285.4313795929438 648.2683154989841 602.3353238214903
644.5013061867335 1781.694954378468 1379.2232926655147
1055.3900656622964 1226.7465412164206 213.26195889267115
1037.966733791878 1025.7233962541086 250.46468080390426
1329.4973460819183 1205.9753330873655 1447.0949969172416
687.9413456950447 1071.7225432697662 1404.7409743328874
1227.6238553782466 973.7393377916962 1037.0515751309467
913.0879197135476 1205.255052824904 588.9821340245609
873.7674202850238 1190.7341777234205 1246.179297927451
950.6210270202904 1101.8558392407444 1125.652343044148
526.0371295764855 932.3983385783596 1350.726928981467
679.3590780118791 625.8825142974039 1166.4560479218703
917.0012492661148 889.8526419968573 152.44163190331628
1099.8938418298048 1115.039032273052 1319.1236129186764
788.2072096790487 478.0381517743183 114.8510469318434
1047.0627888773327 875.9543651487363 403.9988115979594
726.0194155399315 866.3549832064173 71.1721697283949
1069.570514289728 1323.9390458886255 537.2589106959631
1256.5886857230498 1195.5220920179484 348.2752797787874
1087.7439692718308 1124.7623098057502 657.1612550635667
736.3677169546468 940.0766268618518 876.485994896199
975.439525572521 530.1287350280631 35.263908601159244
1197.0053246075463 879.324522468652 574.2338143395301
1308.960697588275 852.2590747438751 1190.4657590995064
1032.3758942553675 1051.725074110647 798.8380015771315
1071.4937755351657 1410.778487237974 210.5769814322947
1036.997367752714 1154.145398434576 655.5929534530916
926.631430160571 864.5526530684615 189.28231267769752
1040.40427232472 930.8341880710403 413.8396594362085
1065.0203153488915 1299.14252094338 279.19421433466476
627.0962676892353 1249.4582223278219 513.4915841464683
1362.9726349956532 725.1459153913058 561.482144638478
761.7300134600529 1425.2702001325772 567.5504527202859
632.687378782218 1138.9010000757146 1277.2538974884394
1027.9077697037628 693.5150049005501 542.4666380113854
1099.2572804388665 973.867733356381 1003.1367550759426
659.1023797523978 707.7614512956379 355.3286683242081
917.4093621720492 990.8466780380703 972.7403264184928
787.9346493458016 700.820088835645 35.78187832357427
694.0195768295945 975.4470400172934 80.82444800468713
1070.1545954870944 974.163689067142 60.76740832515737
963.9379509451261 957.3963017431079 110.97474663882723
1273.0102129224776 895.6563881530535 656.4517261993907
785.2355834307996 1030.9133498029728 132.5158706571477
995.6552793105473 1254.401365734991 441.2321352969495
1045.5239510429485 1096.9137127638767 1444.277660515286
944.0984575886608 867.5231820003773 398.2633826302612
690.7699791851659 993.5767226467868 1431.0964074251513
974.9626633789253 1210.577968879515 948.7205554319154
1029.5034160051978 1128.259141479663 570.7003064542786
1449.6203405414783 652.9621335728825 1152.9197027778882
650.2879857644288 1047.4806887179786 514.1337477845562
536.2649709229529 931.8232311438314 355.2151206069434
794.657452359842 719.3281445173317 818.4279510154704
991.2080001957333 361.23190297674955 1.3324984652217653
944.3726374886547 959.0322014349547 303.0656645897313
970.3205191530872 1458.1282752933696 969.5245003599265
828.0787892761781 970.2683312239826 1350.8827478184642
990.2665869878333 700.8501102610547 835.2435167573742
815.3751437773834 1006.9147883610309 995.2058023278092
889.3637167838667 980.7038319023912 1417.0298350256548
1108.7192650143304 858.2819678964497 1170.0193985373214
931.0671718929189 772.972922068785 383.2115030340366
1309.0191864769283 1143.5674730370565 39.52080431438837
1040.5138213848634 915.0336726440729 292.2803790820308
1140.9886130166299 820.4927000113139 338.6754509716069
947.6308304521934 794.9277886459042 379.0713750242012
1110.5471777089265 1320.2794025787978 673.0101864880647
747.0977335031816 1002.0060750412323 386.8374795982928
714.5244862340815 1418.939660476991 49.32357156937795
1418.8170044818892 943.8223557235881 579.7063458636665
1404.8451901948895 885.9283051971103 1348.4302797255582
1237.6919612703887 945.6486087706667 57.396079204557026
1468.5071971891384 846.6693339206178 676.0961790897933
1515.5136916741972 1056.3280622287357 911.7003169479538
677.8986465130968 238.54394255768227 60.06176186633777
614.8514532648198 1362.5242647436994 849.9966622535887
894.1612414451581 1173.9581192856533 317.0991550311841
659.8060058330458 755.4179880902856 1323.8465337037096
1295.9576754612422 1423.0232773964412 1369.3237009595086
959.5667268549122 844.5779313130624 627.8795605442009
1034.2977994861253 1340.7713518780363 105.69011913706883
721.4090671885556 829.8861704435683 756.3050792141389
860.004478536228 1098.1241991192485 1268.6388925560868
1364.3497082036615 1208.7014033312596 1379.3869178281068
572.4594294012895 1142.8838197790144 1298.8131462675224
1251.8249395446535 1360.560641263912 510.03221162750646
724.1543558890512 961.2508907252026 688.3555211373784
1251.7105561401872 190.10590425910198 61.89397271065822
1541.9390975176143 1011.892232298557 821.3087226537592
921.5299292889706 1505.282936880932 373.13248730834886
1080.4590596761293 884.6564754832099 1101.1855118887322
1227.9161604241015 1183.0505929717465 147.34130726262785
1489.855494282661 776.7080449433331 430.1206033661446
921.4716113064776 808.1438200388985 774.9297041505728
361.8901549021235 873.7756404057594 527.5686073964254
1295.813551193912 893.9530628874459 767.3051139767475
1258.248956050851 1110.2254022752447 1012.9837718524268
795.0879362346648 421.1132705964591 1196.2534112361877
1040.6688715766857 1409.5058011748852 530.9789636188633
1187.4604619810257 1199.2819311991684 308.63651910716476
1238.8244763656417 1083.2922344694502 779.4955202048493
949.1650453430359 1379.2622473491137 681.8617822671555
379.9583364414045 1207.0786549818765 1313.2458518755152
1294.5451380182951 943.5842491821046 208.70269703037152
1198.6913942165909 1212.614686018137 43.19546407391917
1108.8943306817214 686.8629351202019 654.4026419165864
962.5246558171843 1467.5875729199674 1054.0946796676474
911.0185231791352 880.2490199214628 394.53687470750197
784.3802054253647 841.7307459049817 1148.7692063992602
1196.399854482358 994.6045701213972 507.8093801521072
839.8866238611961 1046.4081735072443 36.67480084114222
1173.1719112911044 1091.4796464347328 648.5111664160702
1003.703508676812 1179.302896133875 1057.0176836743562
616.8298281661009 1336.9092716367027 1353.8174581346532
1069.4788488176594 963.5578521327907 674.0952591170384
1068.3001234913877 1270.7841531059512 64.8800234229538
1082.892340977255 1162.1619182211894 155.21387819588804
1042.3735634480418 1092.1017731545107 228.8931585886943
828.8297347479015 1277.3744623654159 226.91347345901713
823.4696710517077 676.8495926356943 55.9371370617891
1246.252863287786 1108.3924948911301 848.3186751231323
1345.1506998367195 725.8342634289147 1271.8928735332559
910.8763703466088 1074.9534524597852 225.4671636591198
909.9353565294816 1255.210133153674 202.63210155424866
1095.2214452124642 801.6375096497638 361.02510072519556
1547.574753281659 865.7103222234566 524.6081917524895
1040.2792236835587 1187.8780105196806 1175.4784235468735
1096.7934645003784 939.4286353207655 779.7618203759531
1012.4242317941209 889.6019338238985 185.7346608249592
671.055176874644 1220.592669703368 323.68963721462137
1455.3502854595197 1178.9279663021348 718.8715391700458
1046.9036389131425 1033.1946747215386 19.195223335287615
1509.1683904702238 738.9973214105271 988.1627486183525
1018.0280831854673 1130.1784352481343 1021.7380063818324
866.878238129184 864.8035118732788 1095.7188705273725
666.1619100475117 1186.2124422211918 322.6088475347476
1198.2087820921988 1253.2295059812334 389.6530078875331
1159.3612123825137 1043.3352065614843 50.03069895734002
1240.0293338925098 1005.9607133875397 1304.487811449521
750.9368448346631 540.9147610315981 278.9860833862374
1143.3016237843058 1091.2750498053338 418.4251449955556
568.8822579683541 1130.6896537835153 554.9618743399805
1102.3855294393222 797.3854489660993 479.2664396194095
1136.2279086141996 1193.9368188320875 512.4765614675764
1097.7066248369795 860.2285461242603 1359.1717978148895
1075.2597628624233 1390.5510571929874 961.6399426495828
1004.2622833436424 1296.016868656918 203.23511813453766
1071.9568354318142 942.972938247107 1106.672054606299
1159.1982180863984 1174.1670087730315 904.2030200633461
1385.82280611715 578.296849868353 230.58416175876306
657.6338415469536 1045.5799454620767 251.48922262462315
794.5983585004782 854.8153428857597 655.0300663533499
999.6467497047893 772.1390451538871 215.7005758313843
851.0362956138599 761.0670705580981 265.11514281103507
462.87792150846224 660.8467209522522 632.3363994666195
755.7218651605032 1000.5362730284035 622.6276478025756
1023.6909700691772 1199.6204975826877 851.7687317768011
1040.7435683663375 1086.3013600933052 2.16867973515944
744.7572127580972 1234.4402960170676 305.9416630465655
1349.6941149238146 1429.1650068378028 1208.0500828413326
936.6035313009579 1208.5003732097157 1384.520105074707
948.8746619349777 630.6494019466224 477.3071043738967
900.5155657926631 971.6127120931078 973.9137180005588
963.7595953636655 1131.6445353293175 1057.3126737318962
1175.7933585697947 1265.578079338257 796.419170550599
1168.8878106334796 398.75863530946015 43.37724262951647
1201.793781532723 1585.0739205160858 744.2362787730139
1471.8136160348922 879.0990912854163 1284.8957937596722
268.9635344955569 955.821534249272 1144.9197055626037
588.4770986202343 1029.8113247314116 1164.6025673606491
863.2796884483007 1085.0720160111714 699.7095679738491
458.84625643471725 635.6569189751247 672.0685740654591
1412.2306054433873 966.9521713722761 1399.6005559158732
571.4424952509468 926.2341646868508 250.33426364683288
949.3761594131229 751.4432331236277 453.74139012230984
1072.6318122141033 865.2596963361398 352.4681251380393
732.8453029323207 1082.00237125382 1373.6107250445957
757.1505741692974 887.0879373561665 1022.3385822404146
1005.8718926218039 875.6729255147109 479.8597517873306
1103.8799562773781 1417.3816636377908 221.93297188623234
712.4838361143063 1130.4028812752902 480.3387738458101
1271.4787627229096 1072.3865025722487 241.42484753160548
946.8181479489094 976.7225316199662 267.83548747746363
850.3356752463803 903.6967163219988 571.1195816628517
929.2193983585373 1013.7734495336503 1341.051023577228
809.1490808724661 1024.5803090514607 810.745494752611
936.9203447539381 1213.4711173389874 684.3729241706438
948.1130360947118 1044.1768672482938 119.8003603690096
822.2358520233656 944.486117734898 800.7119265411357
953.1276580385321 1485.631003843082 289.27184014639386
1210.498924424569 1362.424129165514 1326.1792270439457
1083.6867485411829 979.8629133750676 541.4449056583085
915.7146472384638 840.4050184513959 1497.0492053250157
1081.497010305914 866.3165419383655 643.4283546863596
1035.9771156463894 1157.5378815608237 490.54357395827486
1053.4351759754722 722.2226252562043 1057.3690753850492
1419.871887754054 1167.9838990890444 664.4113956443202
1268.539741564061 1228.3836339741417 455.9947063247834
1112.557087387996 1405.537844088528 654.4935141873784
833.0063466017388 887.4353981014137 321.10687542972414
958.1884425537927 890.8244195734354 950.9351622563124
1372.6639047878678 840.5119280543802 1056.3037702651313
955.7777703266019 742.7281083853165 1270.46455470694
964.5014759636365 1194.6726913925477 83.7136281743408
1428.421314875712 233.599513423325 1293.6922553357338
311.78132399327285 704.7639019480804 177.3842379374571
1313.032006208572 950.683830828605 275.2491352461017
1034.1261289166277 724.7809191048723 901.1761274929773
1056.0952409383167 1139.5004059584728 1095.8727962093571
885.6274758990486 1052.6893603845597 1256.3610504556452
827.5298065531381 949.7940301922524 947.1332216389884
806.4728288134066 763.923264803644 495.7228301194491
658.3669165382126 926.5378291899167 1131.0112084137209
1055.8363291657674 768.7738136799545 214.31903657696117
794.9199021292404 645.7971964755011 954.4852009554876
1217.662026492676 839.2841789448985 144.3598743728528
976.1450253034931 584.3878088748638 1482.5264084673195
1122.076891693991 994.3779162166845 872.0708595786938
1103.7161535338032 894.3625965953291 1097.8788477015478
1168.3349405349636 668.2516984807075 668.2141137746678
1355.2257948154374 696.6860461900544 1139.4175887709418
984.4066006152161 1421.9192007159531 1001.8812581824471
786.4018659744443 1098.5431820261635 437.958664658243
630.0886551450411 1128.0181516313137 1283.506629616886
375.2274700317447 1089.4968655536757 832.7690226116488
1186.9064097971193 1455.9994729451155 444.78124258988197
933.740675260148 916.7137592571651 1231.51491041305
796.1940302868269 1072.9433770224439 1369.9963493690916
1286.9206193572177 1281.0331226470648 1339.2355105215038
999.1062065753407 1161.8120941948823 311.25122945922146
1000.2612192666542 1228.2215749155152 1497.0511139773535
888.4134359240375 830.188969817164 272.3189200882073
1295.9365550904265 893.1832090999665 629.1706259006694
1403.869634386181 942.5368586447084 1134.8307838601056
828.9159945252516 1185.713810555726 428.88991354794547
944.0178938001472 1032.0778365186345 731.3688437437899
1007.3401965560613 827.6254935853301 616.1855074045922
822.9835115914117 905.2368746434338 616.7859431149793
393.4396362613221 868.1034982717432 200.9731253360701
1020.6554173628451 1335.410321959857 1417.9238197266054
1010.8906641681053 749.6283447376861 1477.4826261391147
1405.9600449732113 1364.8320392627284 1167.8503219345973
1057.7226174517818 1025.2924689388276 1204.4774384443106
545.4906505838179 1169.0779478521579 477.07609342424655
826.0467008678128 1475.8873946520596 789.9739816626525
853.7669997441623 1026.288041879527 811.8730885912571
1668.3704729003814 347.5568687518804 1035.0386635671337
1015.6551464334804 1315.7768111747591 321.5412255947825
871.4514580620348 1550.728974887253 1455.8528103834935
905.0723399463325 312.02895120515143 1403.3272176871544
629.7634295674741 470.43973307329213 78.69662308815367
1388.6911388467304 1095.9170466861349 29.292566098790996
1156.405006856548 1031.668241344403 1449.8252051632157
1056.890039673209 993.1084978942589 676.647597686158
1189.2731248163282 1025.138140656667 1012.9823707252096
987.0306775523235 640.67748127453 1249.266167488957
1215.946372669537 606.8822938874023 1213.1080396565485
694.3768322111373 780.1885720609394 474.1748694629226
1324.5642250778308 1264.3723187162902 864.0354417459391
1262.305981569173 1053.978120001564 1492.4045594169013
793.5822450160031 1153.6618340537455 508.8118980796957
1215.8145960554793 1020.1713533214355 1176.477412513951
937.2941982174061 908.8146851247373 822.4777526357664
853.69734315624 1417.6779961572695 1015.5166481337783
1228.6187141952453 977.2719952845661 754.0958001646014
1303.4714545370825 1104.7830939100593 1004.4749920230372
850.9598138615621 855.7587097617951 923.3745497909118
546.1124258211796 1021.2286183604349 1490.9615176597808
747.36616813607 447.63116503999413 321.2688243253729
1573.9939476745453 1098.2353409889581 817.8041969074693
835.6994764020118 1018.5885382988747 771.3656362436324
898.5120061061122 866.7174906808441 1216.7550007110935
839.95592929277 1154.3035297407748 659.8383955332303
1385.7262654148951 813.1512079893337 1098.810959034811
436.15864771306497 837.0602230687063 955.7678109169138
1057.3553281313607 1102.1632020885081 395.72486207625377
1435.498511077209 1008.9791303095151 815.4467618257845
1035.6522518466777 1376.6268440678136 1442.3433944159735
1221.3978358429913 721.7790956729264 697.4162043371446
1152.758016528995 776.6445649267126 1490.2481097168331
1201.1822108997624 902.891867102912 422.25227190210524
1072.5791690211875 1060.80165705145 1041.9116774232334
1258.2437468515145 1259.5322474745801 586.8045908131318
1345.9876397674677 728.1640367923485 762.9162714127671
907.3491870762832 1067.258285576277 185.3368542791622
757.195746172162 724.9084094189867 208.26632339314955
1159.5340782895337 808.2855195861288 510.64560582065417
1019.9215907274046 958.2589988194575 1489.895562870337
1194.2608062985937 919.9765074190968 945.1167292264249
1294.3186864914799 1476.8223724629984 1349.5178056811933
922.5586926274777 1023.2093106885079 1299.9653251932295
1058.5106517811619 1693.2375900093634 193.43183979788725
702.7049568859715 587.5804802084388 239.88176788456133
1138.0542124496803 1446.1815957974243 378.2817977324634
835.0524816477363 1349.0524774308512 236.48999463679
1141.715254489463 832.2492513088291 940.1751780419231
913.2816188495489 1055.7698785291768 1377.726315105615
1019.6217630377075 1000.6719334461962 615.8952295811056
872.7790427783782 844.5797886956054 656.6928654821803
1696.0873263938445 878.5919717357953 306.83305953577263
620.1743788335543 947.4275095442111 355.49045649780317
1180.6249910511315 740.7337272385666 799.7957684025096
696.4193885348706 1049.1455271004593 1322.65523138925
764.0878228842107 1283.679047071999 257.8214981441381
970.5611227856882 1282.0988140506354 343.51763481893977
997.403285228201 752.8476011588697 940.5385651860084
725.0713322573442 773.2683981113378 1016.7730235044706
927.5283099735422 452.90463860115995 1121.7524951268563
1406.3517544290914 1291.4374522945077 700.3809726869033
795.1615388330528 1004.8368355673256 906.5479875664513
1008.6967873012459 521.4820232658784 476.5624228386078
1471.6013147426743 840.7964219986649 608.0605565370658
951.0550406911043 1329.1002663123413 675.9322513866314
1087.49964181073 923.5529991989343 1337.2709226421841
1020.9114603218114 748.9736044003007 1165.4315058753214
1054.9502210109215 1472.5945639089139 709.1498141285997
1676.0276555936023 1194.554187829259 888.9205246577161
1214.5001945477454 1116.9305312510226 1353.629595300135
1366.4822677047878 1004.9869156151549 289.1729687903137
745.9618908859229 1185.2802841312534 331.97366098473674
1021.1704855334499 887.9738665131085 167.88724097023677
983.5402885189635 756.3241293255787 109.42750266385126
1090.6098275736958 1026.8887816051367 181.4577169310322
1187.5116107237918 1105.2795462660486 315.0112229488169
1283.250360064836 887.0280416432796 689.5020109314137
1488.509133823922 1174.1301685980839 20.48448767887795
895.4713170158602 1053.3848925070554 557.447756905989
1058.110934845495 842.6822246787575 618.4756840587337
967.6703585732462 1394.3099979171757 859.7895284655102
1111.4183495604511 953.3014462201879 63.154756452853455
970.2872940534811 856.1408184006615 1295.9243007732603
1476.2892910728162 1020.2283174375864 660.7407508898295
883.5757912728375 496.0869409697104 1044.400292488267
896.7096843711985 1039.3166244529962 1413.1393833219472
1583.4605703741486 1225.236274009875 16.33297444933557
164.69824975630672 941.5028121080953 146.2967220160586
860.1495964843439 1009.8797688505962 62.874415093042536
577.4235426168805 966.1202729531224 296.1272700184196
1533.1271509976746 1022.3887164367492 616.2875826433647
1032.5836800896627 1033.5756402602851 1034.440484283849
953.7061717650815 1559.630000078896 1451.9381047261531
828.6268092609226 1037.3877522812124 514.4613230896512
1110.0726173245255 864.8860768440692 40.68079078422782
707.1778767677094 569.9685032508728 165.26980354859927
1359.8569118079458 1041.2239737425782 714.7138884956796
1148.9690913809852 906.442422744572 1257.321467714755
1092.6407693569824 990.1063542956879 60.87296332561998
689.9717054944963 1220.9810379980306 677.5842188889126
1250.361892494268 715.253785366563 15.703651301031796
1241.094128671388 1000.2056066548213 354.13267511568563
1195.872815242426 1262.6387168295403 1103.0337441722265
1103.9732360624143 871.7454445915128 158.2383880330554
674.7960456153999 654.1546300854102 891.1319480935986
715.3653904723088 886.4786765006867 810.0148322117251
1306.5594202476673 848.6261337125792 85.53650304935329
1077.9418110313184 1191.661652175867 261.5011925922721
770.1301843511233 1020.409948404909 365.52298811267246
1056.7670175809178 1094.656240930853 98.65911342991967
652.7022840081574 907.4575813336924 1410.5401138175664
1057.608227281993 588.2497200143558 542.0148820806944
821.3580843978993 935.993234023581 846.4926010619648
1249.9549131993647 879.3311212557866 620.3832417838186
1535.7893766219206 1329.7905281267388 281.62339827691727
519.5959969375272 901.0074615576498 1274.8613320482568
1367.9876330622583 1469.6247290410106 1363.4525163244068
1231.776387808673 865.8088986593768 135.08279493269677
782.1038756187966 981.5827882942324 1355.7319146055445
570.2867290014403 1021.4089469881974 296.0869424245142
1126.6232069861383 1180.009222766049 608.2863678941748
1140.6184881548024 1052.6615700647053 1097.3800406183082
842.3565677096742 942.5473822753514 1299.5851753348038
1094.8519766430024 1101.7235245091952 934.7250588310858
785.7241713310061 1075.7408554836472 1499.9097222559096
968.1497341629157 1026.076954146749 434.9339639358643
450.2446496613236 1136.842512879698 1032.1893240843788
1385.1507518469966 1066.5121810529236 1079.1256966573746
1679.60106214435 1524.0044354681522 262.4570603426678
1281.876110298165 1329.4174120582281 584.4799385972191
836.5492181739205 845.3478481885255 183.83385969587252
1033.6516553592578 1027.9748333505825 1440.8185748499548
1274.1724867046787 741.9277986202366 950.490515535319
1180.755131403927 1192.8821268492545 251.13065562892916
576.892194006024 829.4500432092918 799.2414843092461
737.8286886631652 1363.6921691751272 1325.1832898497275
881.0506455756745 1206.6291823077254 940.2423089597852
859.0028487636553 826.4925062917182 1376.1988745197852
511.5852334703299 1001.8696791954414 680.5506341679413
748.3639200678666 833.4335414934878 870.3742716340391
723.9677955198624 814.7466628970242 81.68954677298717
1250.860504330161 991.7706563732609 1175.8597585929306
899.185042399855 1295.996861513241 901.5381989496997
1206.557534476104 1006.4249301310343 200.8309381026856
1812.3838502163867 654.4885681841961 868.7603923090554
255.13693507346056 997.3716101285647 316.62047344039127
716.244721927219 1051.9378383626163 742.7246526019196
580.4631809641844 800.6027325992029 1444.1423324915709
1079.7166046553905 850.3947981198272 685.4204956601363
1311.3841840273253 801.4985565690661 885.2213428263765
413.81785274886715 852.2694660933951 324.70404154379366
680.3293067834647 1210.9812517613514 138.5608609050264
1063.5610714410016 1344.4308460836187 1293.995386427731
1059.1981333989575 979.9560487985201 1150.139423585765
1200.6743387712067 1052.609677799293 1092.0640128094628
875.1854764267987 1239.9870053544375 1159.0810166123324
1315.438301506892 940.2831474726588 1008.1543267023454
777.1466294638375 875.6081657993907 1440.3069016281338
1580.0871947627575 1161.7781990037015 1242.1888336116613
1032.2116861782479 1258.5888647225029 645.9283722329301
1003.3692493081804 995.1261034892242 1082.682592092579
1275.4155666513398 985.9665228899413 1223.0221486142
865.7833317326995 1155.158406716749 19.807196483069443
1469.4876967530652 673.809919808162 688.8134313772435
745.0619244797333 772.6807517716328 89.76345728357943
381.7598768582005 841.750594255339 358.5962303590321
1197.5675269629853 1085.27309865123 263.91282120093183
625.5703141067476 1012.8915449002644 593.7677565548355
1085.3390793113315 639.5612631230274 278.2349906428027
1403.084870158221 1163.3716420288706 724.3915139725725
1400.3625063522989 1271.7096317233702 576.0482050545403
821.8046804911069 1221.8243440777385 1061.419027172556
1120.5671641557176 948.4171931106957 776.3985071249454
1072.5690164598168 880.153423844361 1219.7836702027648
1034.587298102381 1209.010141143584 882.4593886711349
1297.0946213468226 829.8070627608663 1486.1256510729772
992.042360561234 1197.6391387242852 795.8849361958436
1018.7348073201989 1217.511338390832 1004.3486722236696
1246.127475634528 701.2447462520317 8.753251711658471
1034.1727509645757 1136.3748869112621 592.8147232844719
467.53196905251946 922.1409677674724 919.2709671951297
816.4822571584522 972.52029658212 1356.0111379566997
1102.3826602027693 1412.6279722260306 388.7192590158934
1006.3749567121376 1091.4008180044639 1311.4558737756338
1309.718646931549 752.4600414183612 1401.9837117390064
847.8119044822895 717.0787314402576 242.58852536073067
1245.4075011596003 924.7520510610944 1302.2130984667206
721.9854163208645 370.8474292141999 120.64983700923231
1161.5189942806273 471.8109867816554 851.6537036588805
569.0674205775103 835.0877905450538 585.5021149674038
1121.3481349220756 1063.0779380199453 117.42829661303644
1341.1051915254118 360.33338797806084 134.726212705102
1269.4334167893428 1281.9940882382448 636.582681518899
771.9872836221653 1287.824906283479 1298.9262095765057
717.2081926844046 1418.5629815636782 294.7515791201593
777.8119907229647 912.4862466334406 456.5728635092327
1255.5892997112107 1118.725276121526 1471.754955281318
1236.1192851201836 812.852349390407 464.44167144271916
830.1954687913322 807.3505291904439 1221.5737426755315
940.4117871028545 493.46107483658153 585.8424578144313
978.2130740253489 968.1595656044963 1067.9090747179346
979.4144607386385 869.3817519861049 928.1608079784143
824.2320105415906 885.2660501479344 585.7166918197452
1316.9093653490381 1080.8671415093916 1375.4860304716626
929.017007261155 1043.7328988867898 1345.5042797407339
750.7696351635137 714.5752513322459 130.01655308635011
912.552175050565 987.3794823348228 269.7369769097945
756.9267212031056 919.7095613339118 7.056244941674173
509.52550735861996 975.8644723085172 885.3266024000559
1291.0161639866574 803.2929986385543 508.467755263389
1090.4075487572006 483.24173627365747 334.23655761337585
797.8214168002638 742.2283135094569 751.5658210552446
580.7555868931099 687.6194532616564 245.54338616396976
976.63389645132 692.8191493992035 334.24353592280664
1041.2945824291598 997.1368480821361 810.6762964470036
1159.758204020695 953.761068982971 1026.402616230122
1489.694974069284 898.5074311932283 773.2085992262855
689.0193103229522 1253.3038775411794 1104.6286486919146
924.2983212867616 919.6087612870903 708.9344100513896
1443.0910838153798 840.7654017748991 1084.297508980901
1340.2980727174804 707.0005388067749 1079.1473581832465
876.393932330284 808.002282609386 1005.5768323473444
911.9275047651938 1678.5829628733104 699.6396733119933
855.9751828921308 1081.4080513587924 154.78085548529924
1305.2266641485842 1315.4393015396172 179.2605839488892
997.4616681064836 1349.9575183995341 1019.4279785835163
994.1265712077894 1098.34751471721 873.7351849678768
1231.1223248087329 1152.7148708153607 393.1520410535495
932.5655496892016 1032.2511754294574 625.6733753652529
1081.3603577072765 807.4611242577666 208.26714663597144
1175.2372206015132 932.1794566176192 317.44460466896356
1279.3706956828282 393.2512556774907 516.6376997226417
826.4294648519041 944.7569199546268 1442.9662314441846
1209.2988509363108 730.7649829760206 482.357457695486
895.971978848529 794.9968730738112 1042.3629924243987
1275.1968769752852 909.1858643160981 1089.832502600925
1442.3767875681413 850.6917051082535 1128.4093228906145
648.5594539241185 1075.8096309809225 166.71904877737575
957.6655921570009 819.522015860253 522.63895598612
650.034560342534 743.0481788803154 627.5892242759238
1090.0557646090197 851.6169384721893 1473.9125355240576
831.8248665442003 973.7924256099386 608.3089191054315
933.0721443264858 882.7535850072502 785.7013949997408
648.1027121745174 1083.093144499413 463.5089198451301
1156.0886564084312 599.5523679680164 1489.6496980885524
1077.1171297797428 743.7752038200756 816.7196944641631
809.2477867315254 1224.0856921794245 393.8848609808438
1207.9483824683841 1336.7505000136216 525.5984422819669
524.6103193830231 703.0861077781849 574.1156562084452
921.8303745055559 637.3535071954545 723.1541165108553
865.470079038059 768.3279071508408 1292.4904240477588
1196.8280556384084 982.1575910366238 262.30594140896324
1115.7115498921353 943.6730194381294 237.49132726917182
1165.929384285812 952.9735056647047 1183.0612069424997
1197.636057378823 971.6681493038523 1066.8690069395507
1092.3499266980414 1034.802110769709 451.2549272776528
1074.227157915771 1173.9982553007842 1232.5552676778518
1556.8392478441137 797.6857236014118 208.71108001927257
357.1421405599399 1319.9355482866922 1080.827973062911
1024.761770597904 1080.0547270156287 965.0158005519554
901.0146010763317 1055.1825976571206 693.7836769052399
869.3468744344137 844.7427093507223 406.0114151404466
1427.7883022452713 700.9214664102198 983.2847203831127
931.5262754520376 821.4315826903518 1441.2709946907853
1210.7611301298098 849.8444846859834 997.2133515546224
956.1853926268944 892.0775810471425 1453.4310499869634
786.1799073177706 1130.892566583759 713.2714523130112
1041.2163106213152 856.892869481859 790.9982101679234
896.2842127496772 1224.6914431953503 138.66682634345761
1262.958367481053 701.6017639327986 199.22666706209358
1180.7796162641614 696.9121219306987 1398.7980354359722
751.5740395818766 1008.6795700208589 1401.0089146725716
1035.186006392386 1259.6783682265293 1485.477035624023
917.5127229849131 1056.6717892755382 1313.4163644253988
1178.5341210003799 1262.1260215706225 976.7806268106564
1015.1244773168559 1216.1623913451324 311.1599174603693
1098.572408445635 1059.436362243013 257.4526416005486
1406.2006208547753 753.3409506590502 899.2088939512043
718.6577338015916 700.8792060780793 1151.3400176133375
847.047938010179 1051.1666485442818 77.43813803850259
1554.4702949073203 1547.0888162577216 1443.2915205119355
1074.7445982730692 479.5685579336332 519.1632162328148
909.6022257493288 905.440517413956 1342.9088863798188
841.3872696094097 613.4907410983819 452.7411485010423
586.8329642738386 908.118455975516 165.0693237223434
863.0489749502044 936.0558558218178 623.4351374887126
1091.399551812066 1196.338675161584 20.87926175063909
1408.292676164656 1482.2165129390949 568.5240371201897
574.7210796330405 986.030447460741 568.5737946881101
1100.8705684202641 644.3668480213169 209.28329744774848
928.3884985537441 914.4769884930474 37.61428579593623
752.5211962101507 938.2163560344429 633.2885709337063
1011.4559490429501 978.8001290586529 391.8618297548918
905.9920015489735 1183.243789302227 769.6231265631455
964.0745170726485 996.8631601018217 526.4896717490991
1389.1600199710606 1225.6654225038392 802.9617632736423
885.5155694363302 1104.2203029006985 696.2613832926751
910.9305322350859 1204.686084438614 968.2675191445728
774.540098141568 916.0894458647167 833.9227783026065
765.6333653794345 1072.1875348044039 1168.962181024338
1547.4954851437947 1291.0051825862697 382.9353837586492
1072.0482429665171 1392.9966522344869 865.3673365450937
1002.5027764346853 722.1991568545156 859.7881909797508
1031.1505223130184 830.9075299522495 1256.2564914540164
675.9144290248224 1493.3902268358167 775.6518538190218
789.335976733103 666.6735979004391 1164.2918210233534
304.32543773061514 931.4668951604301 1369.139855949922
1081.9757326568838 716.2392927150827 1386.9507413404706
850.2316520067844 957.0812260533651 1206.0797550717593
1140.5669850064555 1527.5393574251102 1239.8553674258083
1294.4927331854783 1295.9338707687189 772.2192395150404
872.8388572470141 1172.034848853363 1113.127862930548
1149.5576508026663 1035.5015465087504 135.29381135270378
1004.9421998684126 1454.7854742913514 472.5220641193803
1082.4298925478638 1005.6886867414761 699.5652530638652
928.325218375029 1375.03490584148 563.2267958514515
1020.6701195581983 1228.9793022276426 1353.5634274585757
618.3499960085649 1114.9174561509865 1498.6824504285587
1495.7442630213025 1186.1172602044592 642.8778419242165
1640.952752475459 845.0889013533407 481.76188188977414
1266.9090981078816 894.243265229006 106.97019201889046
847.8100408818236 1202.3227746475718 372.4876697487091
1093.9128907182157 772.3225758484289 1029.3752883272082
1069.3236355889958 1194.7877387204871 1201.6454791011138
754.1887867771491 1428.3425181879513 1459.9301043923417
399.8394633340631 1303.2459984896996 727.7387623425079
932.2068813268519 662.7790046668464 1447.1712104841185
1048.7677666202683 1285.6285675105755 123.10358046471698
976.334228689502 793.6224108072521 614.1071071227021
626.745960543083 1070.0962564188387 793.1762218621546
799.3940054203275 525.6561275881918 1074.7949064660893
1259.0923707652296 1316.7055820871883 1229.403800910613
1603.2365569560982 1049.609513514366 415.51451749001114
1149.9889180672328 1010.0929781506887 1059.528833802731
1013.6413260493746 1022.5005724977318 712.3920150841856
1140.8806005716685 1192.884327642127 745.4741461740527
968.334195533348 782.4818353039316 1290.879378008139
1114.0751459622288 1275.6412954314392 851.8232964453969
1133.5027239790747 1163.0109609832384 580.8134953079278
846.8158859721879 668.965082755026 391.0539359760696
1392.725170477392 1427.3648375278071 1484.2893728891459
1430.419937551926 731.654904168161 81.30510662243645
872.8427368467444 1125.601962253442 759.4081536122857
1069.0757827900347 851.6577196462541 518.5108957122027
893.6631199590634 1319.046932382495 595.694399199976
1055.4582456878904 939.936763095773 90.93708982918342
955.8747637718891 777.9164718633019 1308.5559975103586
1341.3542886760968 928.445446679873 1280.7670658312798
1465.0248733022963 1142.5599631158798 889.6472652543493
1477.5314965956484 871.3503208259102 379.87076661042676
1128.4389624481244 978.9161343007511 799.8465225671516
1267.2299584863326 685.2105186281201 1329.5903212056169
728.5949234057975 1251.2142570908618 378.6484337800865
1062.8219006972524 982.252679668525 449.8630057268259
1027.9388662261863 1127.8288695589424 400.56449810862665
616.5898049952598 959.3035294815784 1167.8651635374633
1025.6870276962788 879.3644234485422 1308.4048145590325
861.6618580396832 1462.5708376228115 1087.4939668304048
685.3267363999196 985.4768936866302 571.9329878859525
789.0728045427006 927.501142557286 787.9918178881356
834.8338129798258 1222.184247325341 502.76073305173696
1411.3410341832332 904.378070025768 98.22437688840385
988.095280004591 781.0287371170208 1432.438166834721
1178.372857289419 1016.2870059067945 753.9767861968503
1255.1710951968023 1083.4195316348507 84.42959078789552
1078.707336256712 802.4370294169421 1308.5507961449196
861.872055584564 1328.1210458554046 424.8586150383326
1000.2072890856216 761.6136770415893 661.8986336308599
916.7979945897744 977.0585660941359 1047.9361916170158
944.811204177651 1148.5299066489893 1294.4034899058374
698.6958496955183 935.5369952728875 1490.2677577862569
803.0615812817028 1073.2561061447207 777.9743885781388
1084.9413386004471 1191.7239596659572 763.5723525325494
1284.8023185057514 1463.4347283062064 1026.6688424212555
1398.3033789792946 896.7464651906196 51.784627144389304
895.853659592853 822.7114311684345 1469.8713773586323
480.8490069726371 967.6031161220313 624.8168676562849
679.7439872394375 1220.912847360862 1140.0352316077938
1086.373995780662 1063.9524447055835 1337.015534786162
910.1209596992579 831.3733430708166 710.7212985008018
1080.868160746598 899.092450281689 184.23437387904934
1275.013113179853 1002.56331209459 958.997672091165
1378.295874306754 1180.3264266417618 1484.4877121827428
815.2410287398499 1682.8594026378269 174.73382626331946
1015.5719943904173 972.1379329871805 1128.0328183483978
600.220478684078 1246.7787731616174 256.39902376363864
1207.383301819186 1499.5199475792933 270.25768322530683
1035.3066323381313 1286.9011771726177 1276.3340740320955
910.5904110158848 864.5389748614051 84.64227246947704
1003.0398888732325 1107.7194142292165 29.68040217671969
1189.4347774829594 1275.1598757709016 96.44178504000911
738.6790033733777 1158.4463925966127 1246.2731302685272
1161.4251849609786 638.0737071429229 234.4850010490742
1439.285173977116 678.7860518453413 8.462039056125414
610.3833430352481 494.2048793081113 390.2918965679759
976.90756903688 767.8969152073967 240.71537818786325
713.064668999361 1051.6415190711748 393.4078037553014
731.667579388954 927.1710195451401 419.70282153463467
747.3037608626532 1109.9600675708436 366.00526414774936
1058.630575789564 467.94923691572626 1214.2591242272522
1332.219724303997 919.5145025286573 1257.4988452643236
889.9325582410573 787.9225075241026 242.11091924202606
748.2205964622533 1205.3176546116206 990.9297444580455
879.5875827944845 1010.6821786874962 392.1664546054275
1096.7197032442637 1093.1886385742537 12.04775132718272
1281.4578088173364 1005.5589908106872 283.80587937219013
793.4936279358703 707.3108867695605 1087.2578366828336
862.5957440413681 870.0264487681884 1443.153681845613
481.2352227625861 713.7894313957595 1495.9026363047678
997.2225816944429 1271.537838041951 92.52014709781552
1461.613602388253 782.5196325491426 1234.9775396440953
920.285186668826 1173.5168818756556 1474.8815273052112
1240.6628913847517 989.0588906724539 494.94711516010165
898.8628176647578 1215.2289963361957 710.0854902772537
858.6807286776351 562.9731903591618 345.0742505546917
936.0899042480399 882.346055388285 178.3080310921986
568.1031590299318 955.6390670815291 1494.0837157032902
1140.2718479439566 886.1963427898202 74.19291317894583
936.9488602538244 460.83286657151825 435.82462316193556
1249.8226633737295 724.7220929841378 1191.8008932977207
1235.4189802616227 1104.8049678195637 1.134608820240357
1296.4153747166865 379.23008482240004 1184.0916987231446
812.629690843057 1309.1960492093876 1397.5736585510213
1402.2649791040092 1150.2556048861684 242.93116614066014
597.7872485141681 1546.5093190833577 353.38101856580045
1320.7488141183596 803.8935864903224 1128.73513999811
1278.4206125277767 1213.2869701894724 631.3311693769131
918.8076074815057 856.8280882589818 27.87050517054096
709.731218164158 716.181628452628 1099.6859035672442
952.3256472919876 1155.8730451609495 804.8338196754568
1036.813229137971 1018.3825155264708 972.6763926209212
458.10515834721 846.3759743417576 843.4007745310408
865.3795924861681 990.6359371120176 458.9732837850864
1206.549186578574 1110.6104113895767 661.4145585114525
1406.1267452225509 961.9206468739807 34.83553656193894
820.1416526881478 1204.1419924270099 1379.9070056368855
819.8022829768584 913.2901147252666 382.4744656270268
1156.2264479323542 1257.019597162106 719.4726483090692
553.9392887481062 1137.1956681047309 849.5034856369671
967.7063175412871 1537.376220227552 1430.936826310491
1381.8967087046176 520.1876021544592 1070.2869187101905
1093.3267997022922 1190.567854242619 876.9212262526095
983.5092047863646 1509.734558806809 850.6778123761304
603.0994084381277 1118.1042870206768 329.10725120082367
1175.4253756403546 1415.101375248143 11.345938427792523
1023.3493447976791 900.2227713335716 185.30809952317622
1249.9921706790121 1349.9708581961231 873.6014546800038
1056.6910330342434 1193.8036211811773 167.05408250260123
626.8242283007326 984.1449079687619 914.6916957979244
1111.624611914202 1265.8975405623162 186.13671333206426
1508.4541159215585 1253.6192433649462 691.4301664723179
952.9405384189866 1034.8849125083727 19.592998904054525
