2000
1303.0130084096209 1322.1369054691254 290.46439636857656
1239.1488740669938 1304.8981872627921 481.0180352194612
1070.6914671717914 1329.3601323691794 65.76333502646231
1056.354149706852 959.4629145832929 178.3030438643306
912.7097033669586 1030.1562418847477 913.4727836500011
725.6914133891063 660.2993604870504 343.31934677489926
1135.311277843286 603.575690778197 1010.7579815903271
1189.4539098486925 730.8484597620983 1409.892408229723
779.2401019047741 1370.029756250923 671.789454231498
1326.6363334984228 630.2371165924499 586.2669073390282
1242.5861443252552 1282.2750323570676 1230.148241347968
880.6194123118831 693.9983984019652 29.983211779441465
1306.9103806741696 634.5145265568146 358.3990208891208
1009.300934489386 1208.5589436275513 946.2947011849486
1002.8861514380261 989.699784748259 1199.1248024602926
1188.9349365765956 772.0383011385172 252.30814022026104
1303.3124336319354 1355.8583989959373 1486.4030220371944
1163.427171483602 1401.7162974127596 1480.8105711892658
1102.4381518472103 1065.8552427120937 1492.6550784161027
886.4336204630628 543.9272577972708 551.0106785627876
841.0432596042574 964.6832216620189 1028.8406902971885
1103.4546023255718 933.8613583015409 502.92625367895704
965.9859296459698 1103.1075167846332 1452.6923339864668
1373.593078351629 807.2963095391062 1023.3745111710589
1214.2969079524994 840.0472862257631 544.6640179758516
932.9917155441178 1120.7062061450188 1306.332667682811
676.4407470249073 978.7324293998173 1327.7713211685377
1364.2755219016246 1063.0768407149174 938.9724423011579
1355.6081532448889 1006.8159368399893 686.2409139316278
1160.6948374051774 172.430533066674 1028.1547056850027
1088.478978608317 1270.659305950547 655.0371776133828
1015.6133933615262 693.9242496967152 501.9674592496885
1132.0621614101783 1138.8458522536682 633.7910099476669
999.6871631914512 1176.455237378042 1443.1350057355248
1113.2185381195054 1008.2738801900454 507.68809483207673
977.4307726461141 978.1684390108676 142.4319409019042
1031.8025805192233 818.5552235946028 810.4596519424141
1058.424565130811 668.4238044053704 1278.591921187024
1101.6148718778768 577.6267766199188 105.33524081506084
1107.4605076907737 995.5728092119917 1041.8266594824472
1161.766052968414 1332.0224222539578 1008.6859407158364
1298.6934906781144 828.5586896799739 589.3194343909003
820.1472912609082 730.6573117313885 734.5679152490264
911.4159047659948 435.40219005461927 993.3823887459824
749.4663206382957 891.2397142355574 1308.2237745302855
1035.9831380128162 948.9665481971698 1199.1632547110896
451.0511129442891 840.2636981496147 144.03953451046314
1347.439955074974 773.577144950536 546.803376600101
964.6441604465351 791.4483595380946 941.667598095251
1305.386317627546 1104.9570476584543 40.81307654876931
860.0916529154588 1356.035451357636 325.8128697961582
746.360253274088 494.02848268202047 804.480390767832
571.9806998629715 950.3960887853032 1462.2457863162344
604.4141628399069 1126.204524750658 854.4991914840562
1460.9243529974137 841.7215173784205 1459.2611732169862
977.9009902749574 913.0143680401768 921.2928430368329
750.280791832647 1209.546981844545 1463.2955836602616
991.5270589885647 1083.576524293335 242.45057441717543
883.8736682545083 1173.9650487222493 667.3664178032019
693.7846928107792 987.0684037529044 949.3529990881934
1095.761801166088 898.1162733843549 870.0590064418014
955.008895617313 1236.215323128616 1128.2671068007126
1040.9558845187596 1052.5068084376535 490.5966958196464
1161.8700309808478 854.4002743992622 1083.080807152893
1296.589816098792 552.615020620929 1102.38825130858
1120.3893919456136 1222.8259083899404 226.37529691314344
921.7486688299414 799.0527727039259 171.9073908585792
1053.972679922082 1454.8870416581246 466.802306401754
961.4668114710681 923.6120723626105 757.5863147859639
1080.260255713083 1422.4731705215147 361.9916734062599
1303.8165072295644 1042.567528096782 1008.8135525460825
744.4890485628154 663.5002789171881 1429.2649153486184
850.712252831509 803.1782135792471 834.46213013474
639.3987170818739 973.2773472992325 880.6414696800687
1145.7418443526662 785.6757167974941 1107.901601732569
757.4124231095964 1108.4293329018765 334.00541704111237
895.0797538874045 818.9089963969107 284.4299330250811
754.4034478682981 1006.3302632261118 1307.2679935059825
976.5030351994776 757.340510994161 1390.651798824473
1152.36678120838 1173.860005703701 1298.823975374772
416.60365864229925 936.7366718586329 582.5777878057726
657.7104017873016 1083.046905845718 385.00191365595674
851.8671681977511 1048.2590251274562 142.1705569245433
894.5631261427831 861.0900055279994 1069.0637612358414
1036.9518207859874 1346.3143636101045 1001.1394462952419
988.9692505844818 1325.6139822206987 1262.1833302549967
1219.7881700972407 1352.3319599099527 1165.4031985388567
1007.9182315144433 1120.238960073643 332.3109410544473
598.7088768519491 1154.2977785779544 990.9467947354768
1022.6299022589835 1103.9448310794833 35.32048791563247
769.2704934711373 676.5151889210536 653.2912971462974
787.0627281348526 726.8715607075924 394.4337841443534
988.0581658797022 950.3117815415468 11.532931685974578
1038.061572375237 1156.6545698457317 1043.6180150901484
747.9440179460693 1124.2042340899513 62.90675127038614
1092.5188644642767 1272.3781490192482 1226.4194673503932
1211.0920089584456 1265.153763618454 1011.7257085849933
1339.5662872846572 899.9396098550694 290.7401939173607
1021.0681761292553 563.7211480284769 1088.773055065019
947.2963379193164 813.8633843833163 1116.5846242747123
1278.7211507530608 1029.0737138730888 257.07570088015257
825.9325139529678 1217.2240499251677 1338.6395258968869
788.3450428544027 1016.6577815666087 410.05546945834107
1001.572405451285 1258.8055428013877 283.6244396722887
1173.3991023700025 1002.1260762211317 134.47155138797956
931.2777730333322 1190.1542178266031 94.50605936445878
975.9252779690752 1151.376503547136 297.5009688356349
783.0818453182458 1119.0016623772592 577.7561478534028
828.3883444934704 1220.1615126469208 481.3612138631215
973.2735841431726 1424.5601491719572 1387.0533509044246
826.2574522530834 663.1636355573262 174.95182301409488
1281.842779652629 726.136825247004 1054.8547683391519
929.4848357200675 961.9560701857122 737.2894064639673
902.1386353843458 1497.0592158135355 892.8967242238028
1129.5720377972925 983.6911354902643 877.1833389273908
1189.719755623038 1468.6468698987273 109.3328774779046
1121.494347177272 970.1208599064697 473.5024978745875
1264.0356020436927 895.5664060627579 810.1594298600152
889.8235033187364 1473.9191698024085 30.550846472289063
1242.276467240805 1091.469911584406 1225.2078194310582
1237.7918543296278 1038.716388333812 215.92260218888904
1261.6720872222616 471.89367745161235 482.9586497152938
1222.754437759083 979.7156811429312 519.7277682895177
882.9455626868343 704.5606406326413 1439.7954736911115
1002.0607883776051 1090.7485694133316 1167.8427014912181
1346.1401017491262 1285.316556075648 719.5407713342348
756.4109836187391 685.1927447769443 551.2593486046507
478.3308540921456 1516.7697624198609 606.1798779174535
1151.3522042814222 915.7766136574052 893.6401382969522
1064.148991315938 765.123942774623 58.79195592399056
720.0805075465532 393.3234275958897 984.311418256714
1142.4901551286052 1019.2597790227151 449.36329871665504
914.3772866066763 1132.8708736180329 896.5993302916354
1215.89043354625 876.3812401781191 131.34513530241676
839.6044526594164 968.4600503767742 1481.8128294956448
896.9695191087648 818.7588615074053 54.491354503366395
1249.0598566663632 1184.7491276960038 619.6764454115773
1077.0030033560943 959.5503578046354 50.366828285809795
893.7581640249299 1333.2584682213514 348.0769532809959
877.6715669831053 739.6061866330544 334.28585342193753
912.0088381099632 556.3066911532419 403.10605420720395
885.9523791620563 844.2398716668795 38.51615459060548
885.5888908896293 916.2624794035274 484.22399268059456
1299.346649339177 970.6427643300806 80.49622483878433
1062.6007750166732 452.7747979388223 922.5976118658397
859.4468092403341 1218.4848027678622 1166.6000261190327
1057.5983727314306 917.4373161514333 1478.8224770583513
639.9066858196686 933.0269138098841 166.2770157841173
1106.6917294831794 970.6484986276512 112.4733143064775
1213.2994914985263 882.4542726694402 547.0945297588188
767.3986898776499 632.9091866054853 1482.9200937129785
1347.2126303618816 692.5023331080519 534.394306949633
852.096251609954 1174.7989901035544 37.348735446734615
302.52591967953856 828.9985372604459 1224.4908183079976
701.6562075504722 789.8706566877177 335.3331342942877
685.1017684010501 1173.3086957040125 838.2315636338176
1184.3535244349075 880.8564323239386 594.852235514456
1115.0829618590822 720.3933380494528 401.7201366965794
759.7645360738906 733.6695985796855 1005.8990650705008
1090.537469205473 694.4688544995286 495.891331622561
667.5692067083855 1298.6911866460914 70.41502890845713
1133.1060145057756 835.0721391680313 385.69280687152127
1413.4065111293316 740.872984129225 492.297571221827
567.772554811231 1356.1509873473024 497.64455046005884
702.901635944298 801.9430005384966 1367.6063442228456
686.7685519465813 1190.5603469171697 1353.175263228993
942.0772211889489 848.3126871924135 631.2593544195937
916.8999190676911 1388.0315357311008 498.28764560776983
949.5530509264088 874.1728631994423 1410.2486972694649
1032.759475002102 1065.289806955111 660.5219351742467
880.2188702895852 1421.0714660708834 344.63313133173443
987.0456150407521 856.9705645844341 377.71573844087493
954.9967482059856 783.1442857614941 2.7215630813541836
1052.302005217181 1041.975264305229 1250.4702458307286
399.4323294702714 863.6554589094887 29.506121199315672
683.1547193427725 964.8611359165066 315.01233867993056
1208.7090331337743 362.59189828200215 240.13714271810187
1278.2971263154911 1248.6032218298187 504.3189643976545
809.0782300764236 949.1685398337966 1235.2150081024772
1048.6190983913361 1237.5618487564402 107.14419202469367
577.7914696968483 1181.9681994273697 1277.2856250345278
1276.906545971363 1136.6469134570154 425.525252842089
767.3391948049341 1027.6961038050483 304.037667888116
1021.5149555273305 432.79181150374313 586.5048222781323
793.5552133744488 1508.092905959405 597.7766237865538
916.3143704189731 1197.2137856820457 1275.828653252893
1118.9938788272143 1232.6737871331884 495.92744119598535
823.0969288338933 746.7010511432306 850.9032811735351
1086.8336187998818 924.2052306977351 1276.368589377884
886.5790937831895 630.4000409908166 1112.8506506319936
1473.6649976227259 788.9232481724794 912.1102326744451
932.4487317898803 942.5428861130199 913.9148098545568
770.583990745389 542.5350780193974 140.00817602320237
715.8985871150942 590.3407349833903 1113.7625802429495
809.090270855627 951.6217916950724 754.8022355247628
801.3101594354551 772.4452175014408 727.0218124742099
831.6906192769726 983.2765018842289 1455.3725388329372
836.9547554910649 956.9320252421692 1261.224313336312
1235.6142371610606 957.6503951996528 775.9570943394592
745.9830614311863 1096.9359663919126 603.5043265865552
963.6502947738957 806.8189054049767 461.1763481258683
1047.9789130900756 730.3240812491609 325.37266312822874
835.2248142266752 893.4028818550208 37.93037245903697
1015.6751775187817 922.1633907303212 455.28498318756493
842.9381280955348 1191.3416890473745 1426.457130845485
917.4946359977972 1366.3496802476873 1310.1253497220368
692.4995979154759 678.1986169807484 1177.7507938899964
644.0217972127007 1081.2481276502697 269.3761371363394
892.1853872550721 915.9029849291396 1111.9803464309236
864.1078004920298 714.7795074117066 1054.558812117694
964.3158060081396 783.9976733144272 1184.4499932715428
902.6158977640814 1417.373638144236 90.63203142160131
1019.0377986450007 954.5061843699516 186.30242244637347
1080.3586308608842 847.827601460934 1046.7146911960308
1319.3265118281806 1251.325172753011 642.309788186975
1115.2773943934244 1104.7027858917295 631.077787671182
1154.2409486309991 1261.9156055767248 438.6690256525346
886.9988934186881 541.3864788752951 1182.3697629105986
1080.4504660986543 1087.7706810710156 553.6865193835995
746.4386146339477 1064.3931030292615 1497.2658978194982
892.6694585432497 1156.5781825159972 387.22928072073455
906.5952357006568 852.3638098350299 1091.5973203084375
1218.4621958302398 1186.0129584599413 1096.8508129756717
1304.926593837726 1096.516617811977 597.3831860784547
1231.6711320057443 1376.183067675262 132.67897728150584
1134.324895002693 1180.1193639196479 1441.3698467714457
1238.628379852961 990.7602858681598 231.23634207305344
791.7186908550655 1058.333806809281 739.7008767342879
667.5162371818242 1357.2422486091805 751.0715458576764
1588.7426226595524 983.6401740056625 193.8604795565395
951.0905610922099 1149.413065778259 976.9577140527256
661.4194172696072 894.4780784090373 874.8010822153644
1282.5367842175851 1249.0704601299558 1326.844329384886
713.7903394567288 675.7472894336432 1139.0158447270705
657.9396749315259 1175.505675968577 744.8469222355394
1257.511457124128 911.8509011322213 1217.0361556121304
1266.1246364307526 1355.469898426733 1016.1525025636073
1171.599206716212 482.3955999115525 1030.4527118085223
1303.6949877056693 757.7654048926142 2.6305053937054623
684.2536827631388 1307.0139590084145 1089.6154168349658
740.60394206394 895.8519629263515 476.33239171533313
1103.8172312571546 1515.8908905847543 1361.2014196256737
1133.6637014955304 1302.1388877985323 598.2986958825445
1168.0937061428285 962.7429934873367 137.46171901492133
1288.0124271374905 1050.2203203971417 1243.6685784321364
543.82254860192 937.0845316677239 982.1743060489459
1114.3222642004441 1033.6172569253497 1108.185843907648
724.9619846625321 1030.1831664290223 927.3948777511146
762.0588715433925 661.1741597514466 64.7900014920233
909.8725901132641 1166.5348730150704 1065.1703227614605
890.5249618178865 1420.7433943726592 840.2503804544217
1362.442135719638 747.7355622107012 1375.8745145915202
910.2314744665364 874.4954154558183 954.3727016283949
945.1666621865522 1097.8808845523974 364.92942859600817
979.9988356834795 1234.8410159369187 227.50501506843347
1037.2071950273103 986.1676590814092 191.01058808198562
689.7907959651693 1070.989326736496 830.3997502029631
702.364730782315 987.8001915032225 568.5982579199695
1038.935362644268 996.5193978487124 134.97772483117132
1116.9977214499488 1283.0040139152804 922.8194804563032
1154.8604209304071 1349.344908660696 517.0213282369488
926.2039214981567 1221.0120057802337 411.31658585823067
560.5658346250701 1056.378738158838 1471.269071658066
761.4176677035211 1484.7451040414091 879.8182789287154
939.6544895341203 1085.3282568949755 979.2126172685867
1186.9447246754592 787.4842733183095 1003.1564350798038
911.0541614078176 1121.1623101625655 1462.5204502736756
1398.8038978132306 894.5052079886781 832.4050727999127
1422.9029726047386 759.3194936094503 824.5925589137697
654.54849113414 1045.830784286558 472.50870712639613
982.2219815546716 932.073192360606 1045.9035324829063
534.2730937631113 1449.8490236853058 50.46324518019657
602.8716581122596 1126.5442903172557 611.5827751663409
1222.6418217974194 1099.9527304358464 328.15731038399247
923.334754110049 1243.2241775643033 1374.8467391535232
862.7288757699121 1033.730867388139 586.959788557021
1294.0612823860313 1094.0300697465523 1174.5142671902167
723.1186650736832 945.3745809561415 1368.4022120712257
625.6925628942854 636.1703702273111 1403.5564822918748
1129.7597907405823 1222.531950921884 450.43325380877894
1095.3341528938333 1146.9170537766524 1046.3045110121716
597.8949523006922 844.5605974702096 85.72389408122649
1160.5851608670594 1127.6665096373265 109.48761772433896
721.7073573007121 1282.336352334319 526.4898239753466
736.1467270107307 1371.9349145849224 903.4992510133071
1130.427137011475 1299.5244407643336 833.1170686193182
1359.4722320529722 1058.6723210068276 84.67705573400886
1525.5924294593528 1144.2144957070823 521.1691877680734
924.5873371948869 891.8922367501785 1499.8246566402015
919.3454742337079 659.148462102013 1367.6568463831713
510.0091958624956 1224.3439576707128 40.171953714657924
1067.9773120791215 1390.3884907273584 1444.0162115916871
710.0099400995266 1048.3306446644308 1442.703099027128
1126.8811394502688 862.9512134862712 494.30441726809613
916.8176361247745 968.9294197188885 291.38547230729637
698.0203955019091 1185.7527012520088 306.66022859462214
1153.74841984555 1311.338018533027 417.29656326388346
477.338530228359 952.3228597784818 1494.0214997113824
1345.9507083271765 1645.6011330603098 355.1118093819327
1480.3168999417694 1320.8991568397855 670.7959986791271
742.9997368300133 1078.5665576851097 31.646948631710803
748.6336246561157 1175.5325368081128 1157.5211373789207
1263.5203934478416 712.1920601985863 1192.8301493191377
748.8707978020054 1063.4891506711754 1141.2110053461759
930.4154301166773 1340.354310419648 432.7037939030757
747.8649835239515 1259.6105700853466 1204.8155704999967
1327.4219916347552 920.1212799342114 217.62986875921862
711.1598513137026 1078.8774927989784 113.17767707176529
1195.1609620560334 842.0269669733726 1040.0837072605384
1225.5471194126126 1373.7315614612287 75.29675107076872
1196.5815338170466 976.3565030182165 1142.3191217255146
1033.8618790758665 1119.020747004381 1112.8567708705843
984.6520801536765 1289.8400101181892 10.844070211622647
887.3567904335044 1027.3231433283236 159.06758394101988
964.0667937675839 920.5842929732798 725.6919448511464
985.3319762950217 956.4162011217031 812.2869666261745
956.7781441966563 853.70526478855 1087.476587207561
1087.6431660427156 1445.3224823844462 1429.860063775706
962.8458096833884 1057.4445312272908 307.8443248538284
950.7570047086899 1159.4127057129926 320.5699993429774
425.37259830775747 1373.631673832055 369.54125268681446
664.6882962185435 1302.4144588114987 93.43073753552305
906.8381023187363 861.5800229477702 878.4236548359502
778.2473347731216 759.4125498897076 841.6830800761228
1389.5341646462662 988.776998812881 16.096657384843226
921.594675143866 1130.1127414911198 34.413397001577806
1216.6974860315331 758.1793149744565 626.9192892934684
522.5228323833899 1026.1574936077234 830.6617536238074
1145.4272069151186 918.8876728895955 557.9550256164114
677.8528211085213 948.549244807778 555.178788137462
1318.2200033415488 1095.2748363951337 525.8084713207099
1112.4317317361706 841.1922184675187 563.8870310378642
762.1067880329609 1055.8742273040805 996.699755235177
955.0567265620646 667.477832023019 643.0018275812778
1062.8076301221643 1011.8487440273998 502.72903102634695
1279.8392125598386 1179.088192827054 967.7750773911384
785.7295614727583 835.569478201327 1106.976372094022
570.0503240142726 974.8408557343328 574.5673879033507
1150.099386556821 1330.1967934064942 961.9687523879941
692.0770784409717 783.2751794544471 1089.2156149839498
1001.3656887724762 1465.7543036396853 522.0314422823019
890.3288101279361 1546.5067173643138 1151.0567858016918
1060.1394246237849 969.0379841261596 398.05656513564674
1276.5989273858295 1193.4803595496758 747.7791864230446
591.2067123598725 1016.9468063184726 170.38573063656304
1182.8742106316117 838.7243377913499 158.81970079316665
885.3855885723642 1411.508037718436 1012.88052591402
581.639228904969 1400.3045555036388 577.4070011424363
824.4082492133738 1056.4318172624398 100.10906206034493
1083.8498245105498 1238.6875046585217 111.14290639383113
1228.2940976927168 871.5623709753702 102.70699296331276
954.3623501888662 1012.7315575563186 938.2321324483673
1229.7707225586041 1167.7620739591036 320.0681303303328
1130.7116122400669 1050.2627506915535 73.60334841557552
1215.0110143678503 1407.5736855754083 708.4702504746376
592.3260880917732 1608.92864254089 825.6734372684523
959.0370755892054 1053.8023193110078 973.4226816201142
955.9958615534772 1284.4901244002551 1114.397948941893
1409.4250522766451 955.8116063428394 1478.4724539853835
943.9856190580095 903.873668905293 1008.7528663316851
715.4443363465143 1192.434194645953 590.4230904988274
1232.6617716091816 1199.7832937234807 213.12997339431806
1196.6491000407068 1215.2519474576375 330.071610524935
1014.9439702462818 1117.4161669932912 1405.0823957440568
1083.9335253003555 836.6223055030737 267.6520243383018
773.9738070143334 1517.2272353228277 163.51464158641326
965.8237409968466 1126.4365482907908 1457.3578002060062
931.8728031288157 1202.7938396164284 832.834159736248
1319.062488415676 897.2431712164902 1300.8030141684305
1188.7968545420467 1402.5356986619888 1223.211123617165
1309.4461986791891 892.7266664990029 234.2917375331418
1420.5123108753332 515.8515641381024 350.7102617963357
916.6223849182663 1323.8101006132488 323.3303696832752
906.0830641332897 932.818340089262 1402.8942444823128
925.4154733240903 1059.8501702804872 1155.664436604959
987.2810265316285 520.7951006723677 1324.379273117571
1229.897361516544 813.0123367768988 294.99412820989767
1161.1755633156904 1484.354966351701 1469.4367609248754
1334.0393267537534 708.984588013724 925.6398709761738
1179.7622824619523 1087.8964969319275 1128.9673819605314
985.2779334621149 1287.283432083497 355.43232530789993
1195.8753923866857 1221.9346957435491 1128.8538646469651
620.6478403245354 974.5579346011345 1184.1489766697443
1286.3315818180488 758.1070470687149 945.3124005275312
1125.4785647411122 932.1211270727788 132.19212678892782
692.3921506697061 1171.7501221946127 449.4870533882178
1090.0656475225333 1241.6249916585505 629.0371901100201
549.5253420350292 478.0664048226224 1101.2335765216692
977.8806832716127 1097.042675651699 138.68240806925942
729.6337388466322 684.6546021027862 1495.380166932953
662.4693822210859 1070.3361158219686 765.97467395683
1236.7419572817519 714.0174458072368 182.0097152565034
706.9831377302909 1168.0429644971503 1427.8644268830406
936.3721918280421 1098.5593175663894 1475.214651726841
946.4073738896099 1479.4323413400962 245.86205500689962
771.7285256121802 1231.9703954300658 325.588615606973
1264.2060267794461 1090.2494386839019 722.4565979162219
538.2764692851188 1376.6753265453744 1013.2793487784148
831.5552156435307 1132.4450111208878 610.8728697952388
760.2301620461068 707.4344037112579 1325.5370056848092
1318.9135148639218 1029.861237488924 1372.0348397636824
984.4584094983095 892.4899318775621 637.4295776474298
1065.6108591432462 962.6847426509706 468.8691641929366
623.149329132475 721.0447514485638 1471.52284418145
1397.372869862943 895.7629391046294 660.3329571796537
1183.1884761196336 1198.8227726231403 325.3572532356111
754.9176060318933 1193.8331976024817 452.9833377609581
1157.5508878451678 1006.8062102402899 109.71937804448778
1229.6319451450543 735.249080782579 1205.2047388260446
1138.993263810074 1000.0404570972061 1066.3262463957421
876.2886679063938 1236.643406225597 1266.015831649688
768.9153598489236 1313.7925283234313 1264.0421641258342
951.6881246225546 909.720237970749 1285.6890632573184
692.8093382729619 1179.03562967373 707.3138527518236
895.2950197775332 1159.4458808140228 921.7227599817913
1002.4455533294878 766.8298079147137 510.90451191294045
1294.0577755360405 887.7436720396825 324.2850354917537
899.7625771666058 985.9254539305365 371.97287639964395
1117.2739638368894 1182.2550373931601 832.6524637003828
965.2196901103379 1017.4172817219769 551.4768086609937
1404.2427618500626 974.1544372943538 657.5338302970628
985.0439081488468 1008.5346212833794 53.50523864032364
936.9778547561631 977.0353365123224 294.9910931221827
1111.3331006917886 863.9259536620287 754.4728786331457
967.8208949070705 784.6022603258518 923.9305304095401
1397.8947883270475 770.4740515030524 544.910086968751
1008.6939140685774 1129.4328205411266 638.9588207236003
1328.1417003736954 641.0786175683613 433.0855389475799
1061.725562746056 1223.2443366757493 616.1545165972102
1235.9502292417756 591.9293733106006 936.9818344316645
1039.6752510821095 1024.6627017826538 136.9344355135399
1091.0391588052062 1515.1497330560978 882.3757214917396
735.1879285030127 1322.352828986911 1073.2337125834056
926.4477149164571 1422.4633759208427 1441.9629534121932
900.4251205005136 1306.8965331273569 1142.772354868768
1011.3372090530687 157.19882922726822 1076.0617118212995
1122.8355262038747 1116.6055420647267 910.7504023984213
1148.2289998811475 1029.4379608931997 40.569999987443374
1219.2241275741608 1256.3386916347017 543.2550769468401
1218.5483693701553 1305.4342574967918 1347.870759103065
387.7739373931803 820.4220966100592 209.55521690772554
1376.9846127149153 562.8484908753146 1471.1401875142965
1107.5284705473678 983.7154631207878 1449.928508514482
1377.108026352234 643.91008230415 1158.878691934681
1388.6117737944007 1220.6429123866862 1337.989632858388
1355.3561142633798 1070.4498586391637 95.37153885560107
815.1368006375469 675.7024786579718 25.36730937010495
1066.5961545505675 779.0681730085555 1205.6788235962595
804.4468863271817 717.1811720502661 546.6612314230032
1195.096572871942 698.6476858767836 1386.8891363589003
1107.3626984527627 1052.9765075136509 110.28677826055339
1438.955987050838 1019.2351128774453 340.6754216609193
1358.2170428101701 976.5173105031263 1189.7097755834166
1120.2373587190511 1155.366067215705 682.5652657499028
826.6235031543499 1230.6804858878058 231.7359413402491
1119.534396651711 1401.5014414486031 1223.224210734101
794.3787274800111 793.1801386784632 108.89093184549769
808.9226259515124 1067.7131903705633 561.7122582355121
1470.498976268605 726.2234035381266 73.5545283270747
1224.5868898486824 737.5531355897363 1074.3722131147954
727.4016491455242 886.4918109741171 818.1858041722465
999.5483671152631 936.77853426984 980.0887626554718
830.2469916210022 616.0313963285292 1336.4521553257587
1237.4810734466157 846.6082726301079 1362.2520503375656
1141.212542201876 847.3347432154403 1094.6100429333057
871.367740311042 1173.153680518673 1171.442240903631
1171.7096502156035 1000.0616400794563 1160.7604197134813
804.4940690989463 901.9394281075829 248.70181398030223
764.5329077813757 1223.517363391214 1381.4185272128111
952.1149969850294 1255.0507392990614 1368.9021143241825
1180.478682243595 1805.240393251073 193.2912886357682
1123.8738003421768 1712.0067130781183 96.62099647492806
865.2786561460185 1357.7044605448332 529.238486336294
777.7250596195613 505.6786508641652 1353.5038450695722
857.2770265519189 802.5632908431307 458.80423228891544
600.9263180986514 1161.8787775497763 787.4227602495641
1161.117473892504 966.0595807068659 414.6975477549346
1389.1780296415643 880.2382647983129 901.5541461931111
754.4555398763254 987.8265058174449 672.9538074393641
876.4380896248916 930.8840075427761 479.7973028887441
889.4072098196247 1141.2909257775377 1100.1112668532085
442.80821866087194 804.9878255292006 295.8518778972036
912.1139987009955 1069.5096518996686 899.509792276372
540.5365581279943 928.7729517508767 827.8500125994896
1473.321384556703 992.4024467849717 760.5648461361056
1629.2974136473445 1192.5446593447582 16.690698633389566
856.0837318957331 1352.2635470764033 1095.378642636665
949.1879480084253 1272.9790630286047 754.321623291461
891.949567393149 754.3707315919486 1080.487086755675
1077.7283880478199 1162.4038343021014 493.9162320296743
1242.5516654816788 1198.7598009979529 848.2452830389515
868.9281839110172 926.8177202523218 265.185070551051
726.542406074822 1203.886532415771 940.5739149682053
857.6428930200319 1472.823759337358 1184.255432378929
942.189691178877 622.2672675868455 1244.4729530059903
1219.863963814654 866.5762635197075 919.2776696538999
678.4560502277254 1028.679868752524 643.7980103798146
677.1281168329324 910.4791695097774 1127.2185209951667
1116.4896311179937 909.9057801970897 677.2942933716238
668.7259731371696 756.2201567605057 647.9473325686982
1097.1233068831311 1097.1222287580347 883.7829552552668
527.884749746511 1073.5095378522285 600.330497120725
1052.3091318952465 1300.0496669934219 903.8664479682576
1193.6353575279122 1130.4755916652512 307.72892115201466
789.542295786817 1118.8549696006155 267.87311436639607
656.6437995310387 738.8104339445556 1362.6516799693677
817.1315039255339 1020.7429809578363 892.3035243880026
894.9136412739898 1279.961345299043 734.9443434811889
1226.0668757367246 1213.579050636784 900.6577957015803
1100.1575898419328 1075.2758399172592 409.26966624095627
765.3748314113833 772.1582647576822 509.80028611828607
941.2091381292689 1380.9341042450628 32.385430156195326
761.7009625341659 988.4353715149895 22.48695579204174
979.07760752068 879.5550383212801 961.7950563288027
1097.4589140554428 840.6700298495639 754.5660095871772
1006.2571412485731 825.8817250362436 260.70311797950836
1100.8067473197657 1012.7505019712457 886.3772523124854
825.5171385497736 799.387543554301 460.5345013780458
1209.2998232917512 1222.1710987844851 1124.7525754275098
1089.8975669521383 419.0833803865835 1266.4475711031403
841.5863587241206 1027.4942036512207 111.75706828485893
1019.3140464900914 1362.9289902463504 546.4719333556869
836.0911248109168 771.325116689863 1129.4346251688378
737.0867230975257 1055.254581351349 1295.354596516166
1267.6418085496853 1391.5953398164816 420.65752855885097
1064.35861578912 752.9505991440597 779.9505324157155
931.0696395147537 1243.3255684526978 1223.0652881097114
1355.5566411096752 822.0716785983374 811.2074955383249
894.4921376366558 1066.1289229956203 456.34985533202894
708.960886780158 918.7295306266624 760.754884871419
857.2756967251594 891.3299746349061 904.9813799662427
666.0457734998372 973.7969986625737 1372.6839380514018
1083.261591882613 902.5352758657305 1353.5018289895763
1216.8932042428437 707.0460441246178 441.3310674846476
899.1943667110635 1295.0384543812543 1035.8242234904146
1127.5373164257858 566.1321885794912 1479.3641908386357
1191.2117763392039 999.9324797777216 100.20819845511625
938.2588586252241 1405.979506442484 196.7320478744885
1065.4158173965445 1248.3157897584742 1097.7139154912322
1188.645992777629 952.1097274531456 28.0482801225283
926.0549186828129 938.971193319297 312.51630832155377
701.0034012421667 905.6150315500669 550.0865307100872
1712.1634314042449 959.4686047070192 410.2758995366055
1261.304005923595 981.7606424153694 976.742369386693
707.9251009850618 940.6836972900453 165.28367628843716
1107.8577237840652 852.5741734895317 1291.7451838441816
936.8319891181508 457.0781804449806 1252.5082113317847
647.8681871024444 868.909580258865 1207.6203847218187
816.8871734760271 934.3881321076932 174.6972916656811
606.0803691720109 692.867304330412 633.6600652069965
954.1190962285556 1393.204626871232 1139.342857936409
1170.5057444264537 874.0787988208657 270.94959746369284
534.1263012296795 939.9992957911048 169.75919993492516
604.7709869992099 883.9355608246959 259.8735135303891
1217.5866483473505 610.3647248144032 1407.3908019699059
1077.1256120983705 1297.3933576355037 1258.3051576462321
1206.4191064989814 1119.6386884736696 170.9260962198489
778.8468717621249 1086.4605139330608 918.8374458454394
1121.789528109667 851.6000146921383 1341.7215310071324
766.3770678897843 547.1422911823311 1352.3263523712908
1329.911388865801 875.6992335961332 733.6183872529266
871.8172188407618 947.5324552804454 1414.039423122062
1310.5919539890253 1058.1122861177575 1336.2000003703374
626.2764106872178 1110.7060131606327 196.3741986428727
616.146389864201 697.5101745274455 751.6150803460724
1109.1727102939556 787.4824934162575 605.8314718837005
1096.2036179513714 1273.204695264699 162.40618465694502
1073.0790094761926 1198.1241002901606 1360.4760480589653
843.5228033545916 904.6897409465383 1436.8517025996387
1182.2849417976415 1239.4026617410923 902.8351388490378
1181.7386004796535 627.0969460909436 366.1031155801352
540.8722665952588 668.6808833225925 920.4131070663909
728.9725527106075 913.6254447058519 89.4331456451507
833.7873784365759 991.8962990653883 1334.3023548874867
845.8526881445814 623.5692591648303 886.7198325657291
770.9666676416032 1209.6379442848115 1062.824040268676
1000.8448844022754 928.6479292938512 818.2972246530072
852.8529137937124 1043.3766130521078 551.6741706543411
1091.08521706296 1361.8755706687173 2.2632638783297576
1170.2287159040081 1394.4023596824268 549.6805489020514
1057.9810239674528 1358.8287017591015 486.4280827990767
1049.382310073901 1545.4221389888637 599.455698555371
841.377467354356 1175.4887818549353 1130.1344579379004
1116.0617620339126 841.3401258238024 861.7133689523594
1008.3773143241324 1039.549832095083 806.6361668403644
1197.7401261248233 1238.7074413453104 1142.1137711780623
1079.8506297132749 922.3232595622881 1054.516586804792
426.1967182625889 1429.9257291065865 1469.928088753
1086.291777292598 625.593194725412 928.3391811913241
557.5785552569738 1035.7487729549598 1181.4353734172416
944.6820288705501 719.9232748015991 1423.9259605714628
1317.481318414229 931.2420417494432 1432.8637784435896
1061.6436871277115 926.7773205017495 943.2557574552147
1402.9464557631304 531.8139893016778 842.8479240764244
1079.7195772043526 753.4562510298007 460.70863852645857
951.2922263504955 1352.612151703203 588.227804454796
1327.9355352529458 970.7020727834374 1290.959347842996
1043.791034810613 1038.1797629659209 1357.7701583319326
854.2154285576918 989.3053384939977 214.81843370595283
1137.648583004855 738.8837270031838 459.33586124703544
1130.8099860437408 1042.535409014416 1393.743343100514
528.6380710925646 878.1151818036456 348.70593217677254
1317.6833814362762 934.9310509215856 1269.254749105251
801.8531724911431 974.3573174756478 1055.601679003036
906.3658920713384 1294.6950515726671 771.6491175589417
1115.2104191649423 696.4927413971029 240.47626772244402
1435.0592229273188 529.2636001692273 506.52759773982575
975.3285991952881 1205.8274228868572 1194.8762903526467
1044.824274269071 920.0091541671769 809.0138718459585
882.1699073026851 1074.0473173557023 1306.9836373521964
996.9560424004936 1194.3198350827256 688.045128959777
996.1283413870348 909.4161951902167 1396.4422543443682
956.5358195795591 1215.6531205626604 611.3291194383031
1489.7086552511214 1076.9983175012155 833.6670016286755
1251.7339714597265 1312.6007875274652 837.2272603971485
728.1006659812624 1398.1480765817346 170.2182279230192
663.345836145678 694.0104542920783 1042.6039694225765
1261.509088160029 1019.5558471233011 1350.6633706528755
972.2642664529299 1525.0356538440237 359.79623808902744
701.1085348746664 1241.9334322510608 163.4921507678056
1010.382179198816 1086.3466768044852 908.7869977546777
708.470286264223 818.3001331461683 839.9991643664204
1110.3164053387623 990.2373919560199 465.4052176661991
1143.1869356679338 862.05110207301 182.62711553023937
736.8712971205741 755.7560115141438 1473.8308384104157
1162.2930162519353 1147.1887154704423 32.40034248285401
583.8724271642236 643.0578852495297 1456.4582802708617
833.6243726780999 1007.1201588700021 1267.20392568607
1183.1640766798935 564.3425997357812 284.14359261976693
1053.1996414484022 627.6802962709417 1141.86057831323
870.0598699308368 1079.1814493940562 612.2536932477936
1313.982777464036 1177.3635406447129 1313.5079572998482
1204.4637271875972 1200.0031629204154 1318.3781689388188
875.3861079555469 1055.0516137743589 1135.5551688337869
1013.6380782678311 693.366228967745 1389.6279371728958
1237.6162061608384 753.3180671713211 1464.5131772271814
1108.9483687364393 1302.4066482727924 1118.8310284372808
908.5349735081536 965.4201512268569 175.76744644596138
735.0212008898718 976.4998365999091 1002.1491856152103
712.5511158299855 815.08210544452 1318.7232635757384
841.1822246912504 832.3391778192745 1262.6942954481292
811.7069228545712 1233.6925712514762 907.7408328995529
1810.2939397687337 1120.8297947980261 900.4403731679754
961.7311229619777 986.3988681698688 1280.3571841434427
808.7128385752955 766.6781431351694 1157.2835739881377
1052.8674862440023 1494.98995730973 6.182090646923266
933.2315818475804 983.9617228579394 251.2263550702598
1421.9103883567714 1010.8986860249648 840.3724184937187
905.5101564934846 1210.5409863056748 304.24860962356166
1197.682358217151 802.6067693539317 714.4207769755575
1089.750305232334 840.281821461603 1405.249826151667
1187.2271300887007 738.492389095333 62.09371663292701
956.0517797955486 842.8730063898499 482.7101901379684
714.516582207614 1063.02257844839 42.27997317462495
597.1655361624132 1235.367995243901 943.9337654901054
1149.2929844531297 628.6570643406412 639.4984108790771
1201.9824323950272 1092.9091670583396 1112.2156503531412
1466.7164874295627 741.1943378475089 402.5009126823646
1234.6492826986653 822.4117730060951 880.6913296297365
1061.0661954845555 888.1638985097098 669.1190834533141
1149.150734811922 710.9644722031445 868.6989859348382
821.8339901203595 1240.423644178023 721.8703803701466
861.9837916613749 1013.2026149067134 1273.0135862458073
731.7201837427654 1124.3307331369738 786.2856370892822
1092.5327412058548 931.2847464108881 387.61087046685975
703.0316386351356 974.1148545083723 474.112755641876
880.5654850234057 997.5972918866452 504.62004618431587
1451.9718510534856 1240.8495836147267 308.0444316916741
564.6570752557247 1154.3708823182403 952.8293930333155
946.611717841041 544.1466855759509 929.3587070386371
1058.2139357359965 924.0959118551463 464.3292207060978
1419.8904872670976 1062.0099824430024 629.4012897990938
903.6958584465691 1337.2057749580388 611.6730476686164
1010.6219597630965 963.0310643390245 1234.9726890680613
1024.405295920539 1198.1058692606136 1248.2550057768274
873.3012836652615 1258.2525140065864 799.6539516906827
906.7374507224265 641.243184190338 1470.7645323938384
1074.2038768500363 607.1250900798725 1167.7077565483232
1139.6426399142524 993.0105390494253 547.4283089299163
973.6823713419776 1200.799099771607 1402.7404628644651
1020.6129069037746 1095.4615854546134 842.276858602697
1399.1134507260654 1197.2743369842694 420.82691079936586
1425.1529447147946 941.6487147385877 480.9535186382346
613.296729171276 1303.7582989417363 436.18010887316893
929.7314141665946 1007.7511570177342 47.306436205636906
1240.6393432595046 1172.6656513344144 652.0980533292285
1155.6291495099752 1032.6074300259525 1487.0053390885007
767.4886022216856 1099.7919681042779 1105.2724640000572
824.6505059473407 675.4108368593111 484.97293447971725
1484.363635017468 1523.1195226342115 42.13680540188558
798.4251690955424 623.5637658083507 895.4627006592136
1216.704400006075 706.93969365307 289.60872568117634
1069.3714062759295 1143.4781835663628 489.4719334767399
910.3335014766978 863.4580183459259 563.0443022169314
1177.086615524936 912.6816778591142 545.9210484163013
925.0241824287408 1009.252851056524 523.9727859568143
1427.4392383020686 1028.8275801398433 551.521675492962
1326.0886595404618 704.402295760932 156.6315597147771
984.6771331159129 1347.0234409283726 487.8716921048371
982.090530831198 1370.1303115456667 1447.9317199341738
1226.2372070340389 847.6691627104364 1463.1511620268795
1221.3061205070048 1233.6501559679523 1331.3940353100766
1112.4122060770937 1061.3026961542123 278.92626075457133
1023.9735419673716 1384.398507363433 1078.8770163423242
1108.2887939885943 1109.4513150095443 1407.4509960369062
1143.292955275213 1602.2161946156598 854.5993898405893
1581.005733389594 1228.6766355701056 677.4345024053517
455.7169117360678 988.9719489524491 293.86978825284126
595.7793159490711 1455.395692856203 343.49111873474527
790.871601127742 1162.0354917296236 616.8373490350754
1318.0142072590343 1231.8330704743225 1287.2093183845889
920.2594192795266 1187.7664687093259 765.4189751900377
1140.6226942336043 1146.5215020401117 445.49367418147057
784.820425995266 1032.5979507492316 902.0425220742518
1173.1319813795717 945.1613379201308 552.4651875800856
1343.900101024995 887.1731459813328 1200.816241416937
1287.760790413643 640.9811436195168 487.62732510576416
940.7597823251253 968.0564655303953 631.5551616504704
1101.4845368928568 501.1630400045555 520.515424964726
1263.1547739851585 1116.9691281969615 844.3722968563914
1325.1797370058696 1108.7827093957524 1268.2204090057978
1041.915312286026 1489.8201187853997 237.46847424578417
1068.849763533219 1172.027259650267 1357.3420486609318
773.0183398480648 786.4451868040636 1280.7739014886497
1644.8379432036247 1471.551399578356 1080.2331118167194
868.0409156094142 703.3441667534165 201.78921387942788
1005.6424951587212 991.1770972909461 1231.476952872397
942.0761760145858 812.275070265579 1383.992890908379
1100.3552387296847 937.8161112972318 170.27442043169157
1293.6409601951163 859.7003717826681 908.9237569649922
1034.9961637706124 970.6406554901581 470.6178193739037
1186.5403500416544 1330.6703141389914 529.3524733969507
1302.289296206553 986.5711244220823 165.06750297344058
824.3724657915695 1016.614285628852 595.7441035283363
1121.5537662226693 1174.2305474632417 1265.905500867235
1295.7628365787732 611.4182264618644 617.5640982765002
1074.5940254751736 742.803103954475 929.9950872160355
677.7188070611624 841.6737233047731 22.185409596771954
1109.6889465910933 1066.001662865898 738.7831296351496
1196.613520565877 1300.3505669460385 1352.610730060365
660.9212171693396 1105.2586884826922 495.2213679665896
744.6065251916677 1031.5066895436125 939.1796729268586
698.0458656080531 1016.8250721431194 1188.3030934613562
1077.188444194333 1368.5093945164558 942.2779780821419
791.4648727610572 834.7630764146595 725.6102830274323
597.8649378647652 1469.3887523210187 15.50360326686684
1205.4722032400912 1017.4025074367728 277.1361950257089
1272.5670849554203 811.6460682983286 140.39387147181858
1307.2805477595289 909.762167893466 85.19139029957334
902.7784627795598 845.1687857024156 63.45603104700681
1417.9806115130436 857.3900498681475 520.9173899404218
900.8535089103999 797.1964851639773 1462.7811998344812
937.7648444117608 722.964796227204 140.81744809178687
849.3525231703534 1032.4721307671907 535.2299267783288
964.2810187013134 955.9222735134879 516.1034053149222
1021.3593616209357 869.3266118588181 148.8202604408478
695.3418542630311 1128.5543741544354 410.8917920901351
680.3554605657918 1170.1931179302671 1056.687206391513
1014.0166412342932 747.4916657466197 116.78664801049543
1152.674084152652 1117.1897452047513 1181.1327251922692
1136.2354749266601 1526.3466648378048 1082.6307194731794
1093.7319355022653 1180.2296708198664 262.58484008928315
800.0325919157463 773.9382415915547 1013.6091665938591
1162.3220930944783 845.8439196851805 110.4851324758232
1049.492439751828 813.9904193928666 1314.7472830797437
1204.1650032829082 1450.3682614447243 1147.1501476472872
488.3638429430436 1195.7660276560657 1159.8648270852282
1044.668243881393 866.9141286059771 1175.5094937870165
993.540567942077 1177.0208747042116 6.391950686434278
1021.3157070242873 1333.615609483738 166.03673228529064
1049.6407247317347 643.1833444921829 235.39937004803647
1197.5051755462607 1105.9851013577993 1009.6266384812931
834.4791244021189 1171.1548189477367 623.745369731495
846.8997504650015 569.1871586427644 589.8071520174402
1432.3401372747135 1336.6073628715012 1152.0133966064072
888.0068522200935 1044.8496456790424 375.2813808392711
1264.9322390804527 838.5538939001451 940.9333509105567
678.6032376274925 1224.7114949738568 52.56384094775313
984.3748789312801 692.3622110799213 869.2689559625065
773.6014919730814 686.8027004999317 1018.3894542907752
399.28181559975326 1263.4900253702779 86.5732375726504
1149.9873588812932 850.0959384794237 140.17498716663818
817.3064771457189 1051.1925059456855 550.4814488685961
832.4821905412992 1327.377613421074 38.976865717644586
684.7723494124851 311.9979226496499 580.0189047055644
1000.7251291812236 950.5299182025766 56.624003309349746
801.1750872710104 1133.721858899657 40.172725921888755
874.4497618076048 1077.7137507142252 1464.2582768670088
825.9540010658834 754.2884231771907 803.1807924107552
827.7112332003741 898.82584800287 1398.3875713471089
845.1375514645515 1240.3713082228355 80.6000669331245
1044.0527613993686 969.261555630218 1113.361718666885
607.4451618726664 769.6434894554773 72.44789486673348
839.1145837418967 1127.9728389320273 65.06584600624782
758.0201871751294 1178.8012579342117 1222.6636709292627
1440.0070466782827 772.7579384070875 834.306092812451
965.0070605049407 1038.7905825059972 984.0171686447364
1283.999111508483 1273.1119554262643 788.7676924675674
818.5956273735752 1132.192358402128 489.4097098853057
953.6747004368736 1131.4938240082852 737.1333196398198
1267.8002016808089 1223.6413769749934 191.27393972193008
208.87435553250862 804.294168542794 1037.894750527845
1103.252711863829 936.4092223593804 397.043478399815
1049.6893390948944 737.2593939408425 443.5094533464636
1033.0280232487755 1199.763804342179 1303.0362426325516
1284.557449017671 1164.6399894371493 404.2245140259716
885.6376882289845 611.6175257784436 269.18200359855626
799.8013874233021 1093.409821478 1389.730490382539
931.0732423779109 1022.2261824159273 431.14440575641896
1051.19946181672 1000.6231166183231 1372.411254634535
952.0086622708442 1086.022954210153 161.5286492882158
960.9110120752372 1053.7262253431159 1423.862875885692
889.0081723676711 856.3933308816921 1161.243668389086
1005.6118193767563 589.7786475362428 748.5998400340782
857.2104458164262 948.4996085010882 1337.9129835617782
783.6972806304635 1025.409259023915 327.77637064105585
1101.102666642571 1493.5788976634892 213.69404039785167
1178.7708808646332 755.5238691260436 805.2847842668143
1135.163846936385 864.6175223727371 295.5168679423968
1067.6937811398757 708.4328338359885 614.8418824255599
754.1638254189169 1151.3287178602664 743.4276158762418
972.4338306821892 1082.894486640085 1218.3218087270932
963.1248318953421 126.17227956935312 498.52522749635847
956.4775938062111 1025.4922926522743 1480.6308137307194
1021.111871359935 1152.277982415577 405.6866519775521
1232.077963490455 1183.1466804407496 685.5439914327513
790.1620985524709 831.9335306487493 438.0081223602131
1155.661269744886 688.0894381605535 517.3910416131033
1159.1689229869614 1131.02019497167 1191.3661506788662
1109.2580565330213 1125.416922870373 1249.727040067907
860.1404897213863 655.6490124943662 834.4759113260253
796.4792851102084 913.4757314488128 1153.3062850580968
1233.0861622794012 888.3512202875277 283.14761511723435
730.842820977478 1235.6447306946066 563.1808182916662
1017.2992968284209 924.5540420198125 102.83786403911593
532.8012001311524 1113.3028617331556 1410.5132102158725
1058.6398933080293 1102.522474241999 1450.8942115187785
1063.0914864278463 818.1298246584702 1000.8079199910167
1087.655017890055 650.4524606919782 1490.8057763927404
1403.0501816828728 1241.7601225862124 1277.5325336711962
709.4614391440425 991.6545328033942 92.72378381061341
707.4763138610892 981.3165728150709 794.0221098324931
1548.8929358637029 1249.4389815567915 736.2114925903867
774.0340631075055 1049.1954690101643 1327.5959640820904
991.4945390762417 815.0473750067621 986.009396786056
931.9108515830393 1436.6405283118438 907.4218367146184
1207.281153452552 457.13423140862596 1357.364812271236
996.2168708362383 1367.9018159357684 851.9208022770949
921.6063982703718 742.9412850594535 1045.0103102296837
1021.2410893509851 1095.991732109772 576.5305896469514
1338.1005374289077 513.4015441211843 42.03366268838149
1217.5194070071996 434.9643633844954 1031.2252312262406
1352.488428244637 1080.5100691737912 238.30954550628414
1196.0020469436736 1285.450611759611 1060.6993288019225
691.071857263344 1205.0644517155183 291.61478512719907
806.5877989009709 983.2561763215572 893.7075980633155
1392.900199041619 592.7435433562885 513.6300556501197
1282.8837366603182 800.8572533014274 67.01539187982198
757.0517367141791 491.22872513809614 593.8349162100363
1210.4805497819348 819.3577057913888 520.8128417450113
1050.9539870067777 1019.6982585702374 687.7936225441632
723.6689253387433 949.6809814808713 1146.873086507696
736.7281709529939 1026.031211169394 150.9916563482535
573.5587965653916 1154.3614925733868 1403.076007306276
1092.3152513748307 1286.1070762133268 892.1830917373693
1405.816156878577 695.6640299479318 73.8034683538638
254.79017987368388 903.0272823501294 820.0836561103716
1007.3258057041866 884.1500887624759 155.41097611378257
874.0465173571379 1238.6063992732127 1322.541114458498
1688.6053904016853 1263.9479720437855 365.124866256903
820.8977938779298 1454.971979653778 355.5894618395051
1062.5895671479614 899.556853615081 306.7089154585411
732.902085431653 1232.0186603128514 1403.4759021594184
989.7087431074792 1551.5268375347866 373.2184329616519
1124.6806092711568 844.2519447555395 1448.628227468517
1042.9563722853777 1123.386910556381 1221.4082737877789
1045.5800515605367 1058.7448214789379 232.60467926130795
1183.4735017823507 858.8329730604285 675.7971661194947
736.4972918073013 947.6348213158436 803.4302538935933
1017.1871990652716 1333.9029936841125 437.4956671157269
1039.4874025674094 604.3927408366701 1041.9271543742232
1155.6553952004883 1317.156511278655 1344.0105340904845
665.4703863164076 1029.83683305073 517.9833936467855
1093.50100372554 1130.883275308549 1000.6988636343544
881.0394269763304 1116.6305381095624 1032.6930451580286
921.0548737449951 1117.0633307663234 28.710221072809794
1085.1048110441823 935.8054474667631 234.30223736507105
944.6532869594515 1251.0245887202532 1099.690944213225
1210.0091705414331 608.9337019934316 1425.3743709706152
1624.02158493151 1029.6992618535526 135.99722721399655
1179.288588203512 924.7731645111834 1180.1374395554035
644.6020551831862 1237.1759619617037 772.4764443064147
609.8125023277794 944.3319740348433 649.6314084349633
1159.7350013570338 1330.2712517137402 476.1874570352742
1373.5801710983412 1461.1095237871498 488.44432578750894
869.420024561614 991.8299663816332 1054.5860201239493
982.6428793784186 1248.5524636914197 579.966131317276
1105.3955203575283 1026.3943377514693 725.418388370193
657.8069930136039 626.4575932733196 497.57898674084544
1466.0434295232244 1084.2590005599934 1346.7525387652556
1183.0364297705466 1201.8675318132 880.31610088075
1013.0961866602559 1565.7900658728067 816.4380435414796
1289.6180933784701 1055.3789416626598 390.03263245005496
1112.3910691655435 1104.5934761008646 1346.0142783393383
923.7503745518159 794.2310163314613 150.31426562914373
1161.2535018800365 999.3250220135785 417.0330417783436
1184.5332992787833 1042.5696776761322 1045.9300652437041
861.2349271369466 248.4582856282732 33.53839574521172
935.4776944863237 1326.2779501476305 10.22621141900032
775.1243497380328 1216.7718183370002 123.5573979230139
1139.8345405720618 892.7958551292543 728.3670040061248
1208.5341350252233 1008.0015998422264 978.700710872441
1174.6155841136533 952.7682629022926 1169.8485038804597
1116.5314107729507 453.5126515442736 621.1676293775503
1381.1298593807119 1073.5219005729966 309.74457381709203
736.3714000627383 1534.5934030422743 857.1216614007784
920.8098359214106 958.8394502038279 1014.8618851565935
1006.8169963575101 1455.979926896941 429.7946499169399
730.6161629559776 1045.060512596636 858.1803134462473
1106.728176384449 929.3201732027195 1081.7607829601502
1019.4967494622437 1249.3502454279062 908.8556151679919
700.7309304610485 1489.3963113379564 547.5709441170377
1094.2542511400902 873.8015110558957 445.91025306617826
965.6313453249352 1168.0240312850156 579.9173551541649
1085.291301720363 902.6625311172139 798.8271370437327
1602.6623246535387 1096.6721408081555 771.1666283607353
1293.7805426458417 1047.411907983056 386.21146254508835
1090.5792988763046 1055.4275620716066 945.0590868611952
1150.4611612321485 1275.6555093452835 18.591304438274612
1072.3670969809066 1265.5835755973644 1198.8583886378426
601.8746508598856 639.4363816693611 533.4769435941481
943.5893950032188 1291.2242792554541 461.48566612942284
910.2162863691461 899.0229874168818 365.08527952145033
817.8906128815488 722.3605912694862 1434.7639051521714
1114.1811800396868 569.681099674365 317.02383353793664
1372.6728330150188 1147.582810189625 1385.7830501956666
1379.901020636279 1169.9206066531863 1109.9987022940545
1179.482248698065 1404.69477470513 1472.9656011379218
830.0579183258321 777.242688982929 723.4674862277707
994.8574169688113 682.8535726270558 261.2814359022537
980.2803123657283 255.69087939635585 385.68232319598593
750.1831322492361 983.8353942245441 1339.565728978091
1468.8679427903944 861.8158262184932 347.00783858422693
938.9567371782024 1496.2191233912722 236.06265269460818
927.7163078424309 877.838222362418 1323.132466253578
822.1240017992325 842.3342276236774 1216.8084465441298
1339.3306502438882 600.2633571323902 685.6101614829576
1067.0329359171203 903.9092769645682 829.4902719306214
1512.6335958545428 1463.6373807527584 489.9560863094539
1220.4494701660717 1063.589802062382 675.3702779552152
1309.5499995317934 740.1763119967038 1351.5225501717714
677.7322362911602 1369.5234091511247 786.7621602423187
1248.6500133463574 719.6901696407534 1062.4340010446674
1175.0068741226205 1444.6933995817537 472.7951050550487
472.4355513548488 1600.5365411480502 1428.4937535604058
913.9261168242203 844.851024165983 711.4476319273546
872.0286399195084 836.4373884506822 1429.5165669306696
1126.7746278380037 826.4231682576142 684.6547902177633
700.0931814813187 900.1576507373061 88.90626855043377
944.0877043600369 870.747196618766 861.0930993382677
727.9924647449287 972.0103326084056 1184.117861850746
695.9845267592976 851.0806617257568 1306.1265870846541
713.2624869155948 1145.0001886034036 892.7101463374263
1015.4019933780602 1056.3937849515303 1322.2126127651575
1338.2895258850726 1099.506208103643 1209.4381328505167
843.9812207292684 1111.5781729064704 1176.0394115904912
1042.6023061013766 1236.9261962545986 204.88429755787203
1021.4659401840512 833.7634720848506 1111.7541582704027
837.2251438424689 932.55973910444 773.162949889946
894.5638734143466 635.8365602811916 1483.1748719652846
1332.8527799901192 743.8995722847592 496.1615558916071
671.430847701499 635.3837050353598 883.658502186396
677.5662493325278 1029.2579619914973 1306.1750016352578
452.41504874907 1099.6124744222036 1392.2037176040164
1063.5344872933615 1028.512176228089 1089.6306880331354
1361.4185890730857 956.358185462336 272.2648344040185
1522.4660540341192 1152.0907903305504 1019.2327594612309
1073.833859778926 582.4900944004332 671.995292665451
540.7485509263275 1379.0408977189372 913.0950593733708
1359.7546629038147 631.9545335213793 805.647332448646
533.971139584592 1628.0228195930997 928.6626218675275
1206.0022155643962 1016.4581380512573 169.74546580967225
712.7757006347643 586.871146647461 1092.68195698362
1198.1590294194198 1181.124819660935 515.019109044288
1010.1447284053212 739.4378462228685 1332.3952066789723
1266.3037293364291 1117.9132974240479 585.4565114272712
1795.6053879677643 1311.6107346729448 216.64048189986872
1062.979356701735 761.8539855830347 680.7956846579123
887.9383365902911 1293.0172508187306 876.7734642687202
819.9982991218754 1050.0921809258484 939.0578476122064
938.9865888563122 769.8691332274811 938.042558699443
1453.2579821043357 474.45200872633654 1039.091088351255
1189.4134213551702 786.8881819723074 1097.7361466717894
752.0462447977447 1048.6704533157792 503.0897638461498
1239.8849402999235 1217.032337065987 719.5852205147946
1194.2488544152181 824.5208782367532 1100.1048539700937
841.1188831317886 603.8419380391215 589.7679090038074
811.5984949151327 531.244797709949 106.45957960606617
811.7707143994523 898.0318298009921 9.7454334254779
1009.9813389030612 1083.7027086552907 819.3492731591515
1577.154836651101 806.2628578165348 1424.202888514785
1148.170567933869 868.4906473238582 1272.6210538226003
968.4674473699368 1024.3153438787392 1485.00731660378
881.895918425712 1099.136738583522 1428.490061714127
750.1214345287635 1120.5763115149969 465.0367899704635
1211.6962762251499 824.1455697936972 380.58542840506504
809.8714358866481 964.6846465973003 755.1386092675181
704.870613762407 1170.5988065014483 297.79868322224434
807.8018549997666 733.8508865694795 23.447693378269964
797.1845829981147 1507.4696966440824 1404.3921490656635
940.0250201910053 1023.9967410610669 683.6858520727602
1058.8901582872693 1176.7354699522464 778.4094946274664
847.4744230915761 806.4489512981005 883.7839741694964
1134.644532461737 713.1720571592532 60.999687654514304
1068.1005760010376 920.3666465017892 673.8169272973339
997.4974004348251 822.8761326012818 302.10496835054136
823.8548871087777 1188.4260979056357 1236.2064460689464
983.082673119226 1369.969342882268 1483.9807684958873
1286.7557127553205 962.344650252774 1045.2476580213888
1095.299216350081 726.0272296415399 1019.8144370599132
798.7610846639852 1128.7786951175187 454.31956908953475
1006.7654503730449 632.9308610731879 417.62453716433885
913.7952713007869 1255.707534270471 1414.7093386100676
692.6849280949501 846.7348969118209 709.6532936192916
702.5971715819805 1047.5199624190634 412.99398898728356
1154.059745546837 1252.2481241916662 1059.6753392069381
857.8290261850492 963.1039583627595 481.0349196326666
802.1465390972127 592.1761103494554 1159.1349382393248
1139.692478420692 1071.0776816810062 727.3047058117972
1663.2423797625436 1170.4471658744237 1107.3486729805466
983.6678079780469 961.9480691647973 1113.5883342883033
810.1738921400829 1201.8740467910818 1062.7999060151546
1024.0139634789136 969.7086113572191 1160.6703645902228
1022.0154610807787 1077.7752711614887 202.40455715381984
1284.4640163480428 1205.1314171183358 317.3603233997426
1369.9275416558683 955.4599204306919 1043.924490111344
560.2334082599316 761.0863578138292 41.519022647748095
1159.298300599103 377.65427392147285 953.323678202714
1106.8717607782917 1334.9088193337432 994.1988578948518
1226.5016125189509 914.0325566874761 328.4009213654579
1281.6195187624558 1058.6628156970678 145.95156799143095
1009.5957063147068 957.5063088401712 884.8521446720757
544.1104627682816 1074.4874246937281 1025.0429711256331
872.5171133484034 764.4267901832856 413.8079966260657
1298.3780347340676 1492.1334953536289 347.9304447457464
745.1554777937124 546.9427270503891 225.4688573973839
859.964252060106 793.8634569821493 1283.61714794104
986.1477699916517 780.2343559366956 1464.1319889424856
1582.8376948091918 1001.3403807435462 1440.5811552451214
1147.2831390123715 1078.0759590677926 1444.2568574229497
1350.7429346633107 466.1142060878758 93.41152867735065
863.7536935933894 1310.3429017019198 895.5630987850273
1306.5687855556473 834.2755854821046 883.7625645192753
955.7608471971453 565.9316417283333 414.44201875893725
1469.161515691797 350.7008688478744 653.6432251969278
1231.836573013495 1288.1866984020917 28.793642024931565
1111.6410175053013 1078.4842827261182 1294.778168194799
969.177642425524 934.9444379635373 479.5852136748635
1002.6301357722383 1056.299024251029 459.97247299136814
1392.634352302579 941.0229091348758 281.6131388219201
1235.8839548461199 879.1028850874673 833.8198084017533
1452.5685792467461 665.4221363122383 1136.130925046052
907.234400195177 990.5333820889334 356.67934463149476
1128.1164290952763 916.4596732946895 760.8169441172629
758.8397316585634 849.9698317842947 688.9927336855266
1192.357342146185 970.9288657736546 580.93645435666
733.4149394622043 765.2220298251161 330.1483388200513
1008.5303910369352 1110.683562843843 786.8939755955083
772.7696093365851 1278.4026882019527 455.9178502347216
1059.7597936476961 795.1460327118652 1352.1268466483334
1055.4219312635428 712.2414445133866 1189.8580643940686
974.7742593987865 1101.73528558484 1027.9329791160346
1328.0667526357292 944.0106919351473 905.6944283406494
1153.3183517528134 1021.7701147551808 89.4829877095476
555.272895138588 522.8063265565752 65.90548499479576
1510.2571395113894 1047.4358736305073 1414.4257666801316
1127.2676987267141 1242.6722498046743 1217.3894776091756
1028.3164584528702 1087.6151956313481 942.884976588067
1183.0121314561632 1116.231755543713 674.4470624186011
969.5604402952141 1064.6284805643077 1034.572179201326
570.2390724776828 1020.6663859183532 3.552919159355683
948.429607973667 1077.5860983568132 660.0708796237485
827.9576326685706 1172.5170786042293 1134.67122857138
1562.7898450658322 831.2393668278579 1082.559005302761
1039.291431014188 653.3978001248347 897.1110245955363
1217.0437415014662 934.0926679419176 424.25567499809966
1625.6983160821655 712.9918287791326 1127.9667531274617
1503.82924227729 1182.137281235652 867.9017793146403
1189.7163673066289 1040.321336169411 1125.3077045494756
1411.9766243667427 1164.9095812396506 568.5339543550376
481.31934541412147 744.0990980283639 1496.5270025544542
759.1505217226736 1192.6389727812525 442.91913652215294
1108.304387264203 1316.6495786850155 99.51963652492712
909.9274065213042 536.1317777457114 69.70321163075599
972.6547889401637 1285.4205845663744 1158.6801383335253
1020.1675216197577 986.9052465945447 115.73759300663622
1079.950626937144 1130.1766841807948 1037.885656981076
621.4577705499999 897.325741109619 814.453983290519
737.0575994209593 1063.1586133058056 516.0911672325923
1174.2177788145068 1367.8230304209308 500.5503807182394
915.8641885953679 1108.5709535132382 164.75493398465818
1031.4400348189474 859.5040981749339 1202.6731755499138
981.6999016264336 1578.855577898697 763.3316585805569
1097.51982785293 958.3797034234883 1183.57296215239
863.6124537068954 856.038337587938 712.6485980045592
1172.2966155538118 1065.2370281802928 138.25664600437608
1109.8240893814993 1253.464520598142 700.3364216195057
1444.4067231529277 1153.4272981606528 373.96283255450464
1200.4566619827933 588.5681727792698 479.42149228722405
1040.8297216332505 1229.478244517876 684.5110503303082
704.5047857961586 626.0877457857164 455.082789733403
964.3790480931731 980.3801505278865 1396.983823931375
1552.495433258754 1363.1538310184455 244.11578216465773
580.0918623697977 1301.2091545000983 1071.536937745396
550.8054573226976 1490.1327100903607 1096.1084157470498
1059.1297631876903 873.0980514460394 1318.132508041061
450.4593867383469 705.350623403144 448.51358922451425
871.7018193623531 821.6240393823729 1190.5689184451116
1069.4183806608867 1241.5522153626853 731.5762792722761
665.1013636825605 628.4107689697992 252.08965702102842
1014.1592198974078 1165.8347981497084 1213.7363906295654
824.5279474612928 1230.495740381446 182.19376117508457
1218.1147996011816 725.1582360549198 919.3928538274197
895.5408070748172 1082.1559594385626 14.425145749066893
990.660823976577 1299.2130100964678 300.09793929938394
1092.1872770896505 1496.4944567957416 698.1521436318276
1245.2083062630816 686.9878353074334 1015.7744296172826
1032.4555365581373 807.0268966711421 466.87817043985604
1166.041041957299 776.8133087416105 1258.3800746109325
976.4711881702012 815.2481634559637 1357.352140445305
933.5112041020938 1164.0504089545168 1056.3140627160474
1543.2936902253846 755.4734403945038 71.07270329883275
732.8199895791652 679.9625846567033 108.07153269547176
384.1466323755982 1123.7492373764094 1076.147491136325
609.7758611489652 1467.6916337977368 767.3256806283105
827.1090200598245 858.4566368002211 1190.7153781905033
1570.1862427081655 892.7466396929376 1226.03180508129
1815.256517648811 689.6274238128924 1398.50263987453
725.0215966265594 1643.426456826541 35.06675101695217
1060.2910564540982 427.5139537923951 1156.182876393232
886.0436067700717 911.7024256824938 959.1558675035023
1049.4341828905797 858.6008014380585 875.9816972964237
1115.8778169952118 986.9141017150281 174.92776847934465
784.8330130474762 1151.1146495856954 214.5979658088648
993.4070463871907 626.8221389258081 1056.7250811477245
533.276639771144 783.1246110032408 1024.7884155606073
1090.6213431967838 740.1098289727047 1415.70963474316
1433.9645499741318 842.4256300429703 642.8542292324003
863.3741895597499 1004.4869821989743 1050.6599249273052
1203.4166601743927 998.8513978102875 1473.204737301552
596.2305133102874 884.1882390404438 177.09253636005624
984.8179051103175 815.6056184544634 969.0634535953375
655.2999560395583 1140.259663273361 638.9581243361919
1030.122062789275 952.61044197452 983.8679370551604
1041.143325004813 1313.3582853993303 863.03494552046
684.3978419728137 1181.1107931059978 260.787650924814
800.4941468137617 1056.8981177421722 1050.6879387266954
1060.463001942588 1023.360907464604 846.5241206081647
691.4202341186826 641.7248333033979 413.1519516235539
848.1717390568738 1430.0184505841232 38.753855614163
1170.376210939366 1018.622312277255 1054.1061528844446
1300.5718020947547 820.2368590199833 333.8592620275396
823.2187894638807 1232.6701552205466 237.2880087079805
1074.017336759397 1048.918644508334 933.1701474928517
814.515942944066 644.6231449247518 1332.9550943919446
1122.2311653336533 1046.6363090416387 39.78611835070556
819.3148693812659 703.0544439443026 242.73926405399772
692.1823920913163 824.7247965777681 439.20935849602523
1350.7233864714212 918.5149379414869 549.2454260073871
1053.5947520459315 733.8263526741207 3.5034696218186334
985.6701956514455 1215.6659535482747 285.3612128628556
941.0792630302211 1185.8961098605446 1303.3943426175488
786.0601041359591 923.3487019625397 928.7077270793833
773.2887334335751 1295.2120747866902 339.1448268800066
1147.5626446447347 738.1741604144288 351.55445636157384
583.0383266029874 1088.8914934490524 129.38677492698469
1266.9309953733964 954.3048976163557 586.7331383533115
758.4167542365531 1078.185149440506 772.5668767947815
1082.1287247471691 891.0420585024586 40.33002349111514
615.0238799334498 1271.3566815135841 1031.7304925323162
1331.854555115506 765.0162111002908 109.78389122408322
1138.9524423052148 860.5995727309639 971.052877559079
1073.5091685917416 922.4261559598044 429.0815911984516
1226.6357580460399 895.022114217841 633.78760837228
1022.5974427557301 1164.5536708954933 872.4063177613629
893.9602861641947 867.1594665218773 522.451552422558
905.0045349157775 1113.1121187982335 1431.9165386056236
584.4526334200827 930.7367982897836 516.2959363328727
843.4604857431812 1087.8994929126793 127.11369449433701
904.151302221646 1126.3792236185452 461.5175959340666
1312.8705746294838 823.1501339356282 1446.9872765487862
989.8421265943767 1330.106592156348 898.1684276380305
760.2070848717705 976.1340148766405 601.3165838526094
853.8682494471997 1063.62119883873 818.1656639281873
1147.165110704126 1504.0442093309648 288.5708455704865
763.2725217074517 1557.8546603388938 1269.240894882861
1192.1176504912605 1495.7734445943324 658.4943161532995
1132.8234884295136 1041.026648845848 110.40674555936259
1366.611472930337 767.4840475202814 219.92256960854567
1512.4247593169268 1060.371744340743 1172.974919270771
697.3013551306897 992.3103380577846 743.8504532248562
1075.5176834491485 1075.2186565515728 50.036527944144595
1263.6162644822605 786.9353340722341 1015.9623990946731
868.0468341526687 767.4834598646828 255.75560011097892
906.8780000960082 959.2179956872709 356.8165028778446
806.7048005882132 653.6562539705058 1006.9317525652276
883.6528947714581 1152.4900827149977 564.6349753621366
936.652278739456 1137.9026737991821 1477.7842156713082
745.4646522739122 949.961045570765 483.54926597219566
1125.5784815148045 1048.4888625850624 1097.7708646612275
1028.0474047961297 1212.1870220276664 640.9906799253929
681.8356486270216 907.5788208303062 874.0798509776633
749.0981430529828 1269.6121442321987 772.6261596219882
601.1449713078214 826.1670996805618 812.2628870235931
927.5412010625274 1032.3927021382094 729.9145822163264
948.664063347835 1313.268134346034 1184.0501038457253
765.4436813719356 1215.2743933124345 45.112051193021365
842.4801752032105 1241.2762526730703 686.2554940661687
958.4081743938652 891.1393314830627 738.1734212864201
1171.9747275569048 804.9044730530622 960.7258492715489
1063.3759648767364 1178.1309760770155 236.98612916841054
1325.466846928425 827.3936722936882 828.1592121690296
1100.77267452095 680.7670901583842 913.858881363038
1008.8870797338218 1610.187043484891 940.6906050119075
1377.8095334540017 1022.1923871941381 1260.9165058458882
895.7798809374109 1257.0707531478918 1144.6816984116072
1054.7131045936276 994.2579246041217 81.15608482895875
1077.872822217425 1051.5174906218358 105.038853710533
735.9989938715247 872.1166483996467 789.7754630083175
796.8024589786594 656.069543134571 95.10724701832962
663.1657645850348 1042.5447334885173 1349.058404652158
1121.7549065254893 769.4925357130815 1071.9544887493912
1224.132685149483 844.7159124235388 90.00437619970403
1064.3785471345814 900.9128088038417 359.6126717001767
1255.5742932663197 967.6409163598287 840.1233985100542
1060.4920180858005 612.6942701633803 584.3479256758878
1172.5518334096007 1370.5959728493913 510.63182427602135
1394.6656886627002 1226.8776730765858 1069.5628962774747
928.1309266795953 986.0877618962292 288.5284842132446
1227.9606681981818 1123.2713389001265 599.4862442157689
938.5542895261904 652.0609760702619 895.3462707191643
667.1397308497228 633.5774763562761 92.87742617849554
814.0529629014109 1918.0700837812115 1006.5219118290395
987.1444470225439 957.7474388630508 868.7842547240825
1321.8490797104175 1026.1801062289146 318.97279815775784
994.2764281756918 921.638398002689 780.7154147234124
765.3337506691182 619.2127374143332 332.88227063340867
840.807510541421 812.054095626285 17.51492677833294
1180.6841778637204 622.369201524481 97.20479748047217
1077.2476563763234 1441.174043112941 847.887347912328
907.525689985872 892.3852359586782 418.64475524441883
1340.628624116558 1081.5635910783606 404.9914407729088
831.797352829429 875.5738028934475 820.2900782114343
1017.0337534022713 521.7318202554472 320.67400870361
919.8034577845846 743.2360963729241 271.05937572508793
757.8419190909976 1204.050050688782 159.51093237729953
674.6796224024196 1079.5058593116337 743.1911634331732
1054.937958572621 1044.6116295061024 705.3890840142926
975.3697533589727 1247.030515412172 893.3440260790616
1263.90998185754 757.9778201137319 1007.4525988842274
979.6295930152721 670.0789630856119 702.9769928787475
1079.5926160594036 719.5845896816113 279.78731982250696
998.4670348108336 1025.9952028780895 615.6772455568109
1123.4788049264605 1130.7630383779556 1266.5787873980541
774.5013039091127 1177.0883462437403 621.5973208714499
1499.0149277817486 903.4348136257565 1248.5482119657836
1005.4309296000482 803.8053787800992 1368.0341800447964
525.7710589881742 968.6269831974537 63.58731180255245
501.4689977648822 940.5964442591255 1358.87711034041
532.1883581678242 759.0072632612954 995.6722362057077
1047.2125009521685 487.1792608865818 1304.035744860945
892.9309240454152 590.3574947928694 16.637805287235242
448.1611011931574 915.6657643130344 860.1229496016309
710.3017656055786 939.8809708961637 1497.165834466553
1104.0189300823847 1167.7160904354157 33.41727584080356
1165.4271170979764 1240.748128580673 1403.5571564111767
796.0333285755918 1083.2800249981956 184.65216710119282
1137.890725083049 1142.5679088287714 164.647743219779
858.1031048456182 641.2437406143231 1065.6862625820736
1206.683957890723 1041.2030130815244 383.64466740335126
885.3896246473873 1423.7287224877268 1020.2058379751184
1070.8106912030432 971.909476577611 651.2360295688492
975.1307145431964 855.7491058378207 604.8217718659507
1184.5926957536194 497.2279719936097 97.40069307891503
1330.249470843567 1163.8346597496702 1351.2725474506367
893.627761883302 766.1810674718098 629.0347042459849
553.1788806774299 617.1078191979781 471.3844908639933
599.8745446099473 812.8231748884473 991.7839090689206
1697.5612597282548 461.5443796065724 800.2318551450239
961.4286917897557 1622.9978076824195 1302.7612192904967
1109.8789056929097 887.3033013559502 185.37891164390018
865.0995915463076 682.8702035322243 431.08788187150816
639.9334283322762 948.4716958102858 285.4771268328422
609.9927878737742 1169.475207984965 401.49777588393493
808.810640935384 800.5925008824361 1436.3902951387254
1081.5506554360654 1367.2055679449159 903.116064453193
1153.6880027861307 644.8079541618433 1046.1328700780684
868.8798236910976 923.7594333024283 1461.9224048800158
585.2113984007378 887.2424634586706 1190.139216287445
835.8455083011909 1185.9090382618933 901.8011076270378
905.8811137736759 877.2878817288341 422.0518650099601
1262.7275511670018 794.354708176387 1353.2443860828166
900.4362059984405 1023.5784296068715 944.6078197473367
936.5546921318648 733.5637218353991 375.6503524631244
997.7229942067081 972.4496918489463 323.54533143402386
1171.7083901338244 1195.4282874684397 571.4158256273896
1194.6957681169888 389.3763549864682 595.7964061889897
536.3110012539478 1288.834359490153 1292.9122148564416
952.7767458232684 1143.3460091440556 248.34518807021217
1126.3458370252029 1320.6369123348113 1311.399194058436
632.8363032060408 1173.1583835038368 1389.2078584089782
1035.861524055777 1464.5270954128816 546.1931285332364
1112.892504380366 1068.0662690886315 369.6061300630797
1107.1276382645203 783.001907788596 1255.884256009501
1324.2283503129415 1316.5526638911026 1206.3972040870121
1284.3391477471835 852.6001127607061 1480.8407556638724
916.9403088460058 933.7241877339236 271.99326709862873
862.0227286288278 1464.320731257383 479.90374904144176
683.2213581407573 799.9161517982484 284.50469260523784
944.2456308769514 1185.4179529359171 276.4411781948828
1201.293504647394 642.5384105508358 817.1423126929045
807.8457470896544 1198.4292680840872 841.1010367214103
1296.861407837549 487.7871599753853 252.48224728080382
1300.6481468635452 1236.4167718199224 314.6082315565061
786.3001553984202 714.4494489765908 1488.2993716840094
999.8045691969326 1291.9942600557408 40.84195962407527
1021.5030165362463 957.3746085548602 553.4704257795282
724.6954248190639 686.1887005173546 1260.0304576262877
1091.6139279349286 871.0868596020716 1373.3142780717924
1110.385921600197 640.0623481520572 1047.513403020489
762.3647218543774 1076.1374170407214 934.2390038001909
871.4359269177379 802.0084806568145 1084.2251177468056
1508.0460922842228 1140.0150933638504 1498.030339353282
941.6802167196389 1412.6303201551584 689.5419252235426
1189.9352360265364 1250.3942882953506 571.5998378218287
715.0540958220807 1115.7006780875406 1006.4671314742264
930.1996515818408 1243.2409954041996 693.2088022326603
1456.297447252364 639.4639875020475 496.71665053495275
1054.6764480071986 851.7378192934973 968.8566733059184
937.8227339834181 832.4854671480815 770.6121286991606
846.9944381171897 1467.9787971667845 275.42206473989916
1166.413053564313 967.3353993353232 1154.769900055384
1004.2939695876199 924.676705470187 76.74140364231535
719.4691517102515 1387.6645404556657 1205.4672001254335
780.7395681737866 609.3077741709881 678.5110296383012
1074.496447290271 739.5201148711639 670.1120270797397
1202.1491322539655 992.6439877367735 715.956069816529
1039.8590404368254 1394.4577631168167 1496.846752709455
1325.684970012849 1187.1114242715826 26.671293934720065
920.4357075988734 1268.4825466254918 1250.4803181608468
988.0271074579981 1099.093124678471 514.2709519208116
701.5564124929311 1020.5699327819569 796.6899703485424
984.5088408021181 845.3203654310898 1234.9252034149474
1196.5590422112878 1301.6743486680443 1393.6821804147837
1316.6348500197093 1144.7627787666636 185.00532666881898
1053.5568832977483 1518.3623895394076 333.90052162055946
942.6654023037098 1243.706825222323 13.963408692006517
819.3110150518107 822.0047740240047 122.71390900954194
1743.5856059596 739.6528766093165 542.5074022922514
1043.0423535837037 1221.0718064254224 1375.5476213013283
982.103854538015 1291.2765010996309 230.94106954172932
1065.9413713597005 1123.7902277031721 533.3438251007142
551.3364171651641 682.1817214938217 416.39744569173087
990.8651767924256 1174.6962614909787 1140.0412740388788
946.8018714613082 450.76437746708643 1496.3137168165133
707.6427649795887 901.1907394690691 490.0170911611905
937.2933086470155 1097.722914055915 907.7103510445223
892.4364823460892 1045.869251577351 643.5320919706564
891.9640778472659 1478.0971684182591 225.01577510472404
886.0792200652384 1343.4858895973643 450.34481306321294
811.2963443556166 710.315931219883 642.0690152713934
1111.0783704495732 1329.3344468744085 1056.8157865957276
780.3368596266237 790.0608555044292 886.2801940186803
768.5177084688247 751.1045527553975 1230.039986771163
893.0373182369975 989.8344931572076 883.4700889138892
1019.0181159028585 1195.7829423024577 756.4798789756055
1216.4714405216664 1120.465732268488 241.81611234230672
944.0626372488534 1363.168740074249 919.3013128252342
839.2668837741307 887.1292480519026 256.56121359245896
1084.6658939001804 1101.173249552649 1120.1280201256359
1014.2117750380305 1376.940946454701 932.1501973149398
946.025199487643 1311.463375482563 231.42325419297072
972.3550737336024 604.0996180426677 625.691650667836
1399.7223202101006 1345.6040042599348 257.11213304575944
1173.6239851449473 954.8277563781353 575.4204849433015
869.4789017319636 755.4759801965154 902.5064655829702
943.6154237789787 1158.7375552266776 64.89856023015334
1062.681249898835 1041.6854712996685 964.1091951560973
873.7474866071836 1281.2305892478003 1447.0012063948463
972.5546219495669 844.2344924392589 489.0866635920548
885.855193879342 1112.397357171585 839.386513299791
1226.411217861239 1530.2016574372146 785.7793654970924
1053.8977987539324 1108.1442603949529 310.5325350484961
1129.1262488340667 1356.169091532344 1263.197939669171
1462.0137872275127 1238.4083187569945 266.6758372877218
860.7353637537576 1302.4122400691683 154.40732224802224
1133.2670773559441 564.6633789532609 38.6831732279565
1059.6211934779215 1215.009671662497 273.4044181503598
1008.312266950854 1378.0794269794753 784.9378124695478
922.6442505539754 996.8037130557078 90.06611895031224
1122.4876948621472 761.6100033072145 1145.0556579913098
608.7976206947765 637.1238257342713 1084.8786779181899
695.1200771496922 735.2206739833791 1366.0651675580896
1440.4680895831268 1050.2160014353149 624.9521028068821
1297.6694550579982 1175.63469751789 1312.5740196917222
1288.9071596254546 427.68515169961995 1184.2856214914875
1210.3655494700167 593.4586662530154 814.6772304044525
725.4617412371488 798.3607260314735 1329.1067056061438
626.9477434015912 1139.823381454297 941.4961706625936
904.5362239158109 936.3948924187937 318.9210466478132
1483.1829806266235 679.0728483374485 795.9545262296754
670.8128514357575 1383.1265816614184 615.7883564280008
918.786981575816 1374.4139516107348 39.74113637348153
1159.5632019268273 750.6147063954713 1091.541107080186
1416.0887332359785 780.4745008553775 480.6205441228301
868.1739465028711 943.3464917339277 153.31017606675502
928.3719593621706 999.0519589331436 376.8644929580413
487.1972651897362 1261.633730445704 345.1711040597294
706.607034185202 841.0578878609106 199.85394250064726
1031.1542859480326 1070.5756871650274 456.76194124822354
968.4181336250385 987.3102299210785 547.6849512926112
1299.2593129702823 1486.9217455130672 795.6320975913634
1080.5769168823274 852.3649758513662 426.0285317768279
1212.2682018470666 1324.7344044009535 517.4028770440672
929.3184253206855 956.7484211433084 1402.052598458279
1246.3824076809851 996.2929162138983 1231.9944703719755
690.8370480763695 412.87007108177215 890.9378128040299
714.6116569486937 835.7097430566207 19.034522628076978
1092.8267798164072 1165.6943820236593 899.9103537867755
960.6914485497169 1372.0631110611769 914.2766251644284
928.3054153907426 512.5694825633527 644.7183346882907
1035.679688212644 1218.6186553492882 109.36177604433745
1274.465763442632 969.7935437612462 1010.6480684536037
550.0753269711848 1247.9097458885458 949.3577373908926
949.0153725756406 1090.691106651082 503.364055018189
666.6156874133318 933.6768223261053 789.3039551675162
1321.4109079411578 849.8351992101558 1463.323899399332
851.105776617295 1051.2690701101676 766.0192156434672
1073.0793888257163 1290.7161914632893 128.4540274995467
1024.0991855950408 1188.0710120437682 281.2878348717379
1155.113250148607 1283.2806150182732 480.8417669889746
943.1834180242166 1008.2117792458819 187.61193832518742
1154.9636282108322 1128.626892656303 17.905675049834425
1317.7661162793343 1109.9190143369792 908.6626204303057
1099.4705705587216 1139.261651991054 712.3280133760496
1364.18705863194 1104.8356285294042 569.0254116647172
912.4278062230318 877.214614388351 1272.3130539528256
963.4207739511224 1676.0172858342921 632.4573364784359
605.708033792235 500.3623991934256 326.45715045279087
1363.1731529031454 441.68831801088686 485.3271923513618
1215.6626759533692 733.2085542136481 965.6844152041209
858.7191127548349 976.2661425540034 1038.0516924454448
970.9481543289301 606.2266263501822 920.5119744125799
1118.449180228232 640.6099275268639 439.03238245246945
1062.5476978648428 835.0035500125294 566.344160981857
1136.1384870968827 1020.130946462794 669.966433572884
908.1033843807282 987.9337933267868 1002.1269020164617
993.1250347889624 974.4120696965286 1104.1681587384342
1400.8919517667705 1172.863653021446 1341.322295683367
1014.530881669204 1194.3752128770677 59.86691832231017
787.8325067082831 865.4724325531577 1346.8804551522833
744.2138868052482 1355.7668754989913 499.3666523971167
885.8660658207543 1168.2415485121699 1250.510056707904
879.4368871290853 724.1512131005129 126.26661863415922
1249.0603651114145 776.916280691785 852.1128760443157
714.8474225855936 916.3137479001944 323.62733246372767
608.5125288099823 1363.4563509207057 428.6168055612529
1245.3845892410404 798.3394248068943 920.9660985491012
1072.6769114331346 1104.9770436516928 31.155473839751867
1086.9174433233684 1365.0520320055432 209.1528355007728
1143.5617743718817 733.5477741899215 792.215651350451
1174.8808187039033 861.2204281805741 273.1361454093893
1073.0671140008872 898.3449125561524 185.35565626499894
1089.6924281296565 1117.071924469522 285.32266422121114
1228.7812638211797 1229.6601714825892 589.910966154898
999.8004551962815 734.4984901225143 1228.7103265599515
1309.7665485000484 1076.5554590142979 574.3242911394004
1209.559920286439 522.1927929461835 447.79287590587916
986.9907649009374 942.9799730282081 1444.0677813207278
1376.9470102480866 1071.4669754257413 1174.4086298450975
1214.3003349053274 963.542597420309 1254.5105369385124
1446.895896025422 1269.1424932811065 737.9888502714301
759.5714354602962 832.0250628531167 295.00058150399826
578.3270980974871 1087.36653923915 1470.7875253377688
956.618650114506 541.0621304422338 847.1592423078633
1188.994421360302 894.5688358692325 526.1409967998133
1004.7510321277655 1081.9170173649923 1227.9771132605167
1195.8629792788754 1265.2194461385718 936.6222049980304
1061.0147255269223 631.4538818548654 838.4129787495705
853.0278453188478 1128.346930259308 211.1974091341332
1193.586545636343 1209.6360299423966 91.24566409230938
952.3532785577521 872.6493793709491 149.5156700348967
1295.5041758572966 1067.1735241736883 1160.218397119569
1318.3138007611128 1418.3089961853607 1165.4137510495912
650.1434157589499 1155.3523951091936 351.25268032860737
713.9482576304107 585.1488044075752 207.61034885667905
868.1684706116711 816.5765932359799 498.3583823432827
521.373517825886 1195.3930819842035 1163.064922611874
934.5708123874446 1338.0600194371264 1185.7485976909002
963.5935174575002 1129.1183647667913 808.1401816312116
338.94512519814043 931.385292646767 277.9043787815587
1064.6463807329192 1052.5598117379768 477.0797700156061
1255.7195481952858 1298.3147316913771 997.3463137815221
785.9177271359874 1287.1786570420459 1262.0753670288414
1379.8112570844146 1300.0555457269618 303.0712406367977
1147.409843587836 785.3633598456832 1111.5516409412044
983.7321510018487 849.1384904828299 859.5790777854046
1058.5868286563734 625.1983245565432 1202.165173709356
827.6731984270515 888.1340666847591 742.8877037542152
1039.1381143303743 983.8907351236046 446.37968244810173
1304.8948183760804 1129.3926382616764 274.1721012257393
839.1669352798401 685.7066384524289 1416.042578045642
1075.711947290858 1421.3015662243226 1479.5173567081592
890.5571805907048 1489.3870534006812 1017.9854470853035
665.2892782133097 845.1727334346663 1074.1045168348212
1188.7218882191166 1048.4642238553074 282.4020313160684
1201.5360809337571 692.7774012745067 818.0055806436004
1038.1299054112935 1148.1841338203355 594.0127963706353
1067.290646353049 795.2992179524376 633.6280601041143
708.1785314893918 761.3085357098475 841.9446283913095
733.956695833212 1337.087496254514 970.6196758130019
1236.6402335980877 801.6066984399221 215.4780506825052
1148.4363265548054 1261.6237932791653 291.36464686432896
1069.8005492487262 1205.2414104595655 551.2948936936921
703.3748628193657 754.8760227559756 674.8952330594732
1426.9297471077396 1584.466540623172 1261.0529380332173
823.0235278392788 647.8291650256008 537.8915675946364
1029.2375525953016 974.847856896615 1145.7365377233396
876.8916004225782 1093.1107672794317 1270.2852096486279
891.8839024619584 855.4846536388143 827.2382511114097
1113.3942175869615 973.5604575358127 837.3922693490696
835.6262141066711 749.3321949218177 1030.8624452410609
952.9124115190133 805.2421244502142 354.4093576306733
761.7596496009519 1089.562845844662 197.11660013851372
862.498069072036 1094.3727789811135 1080.948922891052
915.0621686397166 645.8651320018053 80.43551490667016
755.7754307185351 878.4026457537145 410.531288899569
1178.5330814071272 877.1183833389994 261.83854689862267
1109.3389225691924 887.9421249795005 614.8487215081861
813.8671174349665 1374.5428284698062 596.1491825203548
1239.8865910751651 432.44924620345614 1230.6184418400223
839.716008677212 1021.6212215727452 920.0787067721815
842.9536792073453 1203.22874165384 152.75420641755093
1330.136633121524 910.5896535918546 98.80970889020674
920.297668576522 1207.947912314377 1431.1182695197897
619.6092626525585 578.4344862122698 918.1977261266968
1040.2907385546862 693.5418630429187 634.155158144688
980.5357062872554 939.7201495360524 1164.2578627420294
591.4350409024703 814.2025660541453 1441.0743458174227
823.0618719587396 1255.9062497592113 1214.532150638046
381.2938918849434 901.6163335958948 1497.3269596661444
1309.5200534591531 772.8126748566248 19.402941937621044
1008.1475710998266 876.8061413014698 907.2312805679258
1166.8369070646993 582.392393391232 425.1796033463849
988.8264090767594 917.8650490064158 1259.097625620243
1293.6851266005453 1529.0432619772719 822.4903021421212
677.9520311145 667.1425232612313 1422.1395347078178
1075.9198552579214 908.7719314240434 1253.9244738878217
531.543700674061 1083.5727156631392 594.4374033350916
1113.8960336669352 975.2635845072367 1080.6698898864208
1070.168725390397 1240.9322130860435 486.54969802829254
684.7242677569304 904.0164189175935 374.81680684262017
1089.0563757500986 1402.5885179946877 135.57974160884694
631.2214593287947 1012.9479726868525 326.5240044238625
1441.1324805302615 591.4310374774324 359.3855617898629
941.4827949120659 650.4239967800631 1090.387551017838
957.9062219754163 1218.5902404149438 1468.4015423899368
1725.007521475657 659.7877247582135 385.9570451491615
983.0999011040365 884.0833073858065 750.1070598334571
923.8873823739336 923.9175622517287 990.3513123312299
728.7779522399046 1243.4861157939974 632.9981907692304
1099.276009811139 618.3190451137516 559.0460945055022
1050.4815255314875 1025.992859309408 1122.350835459017
802.211330834303 592.9449857624704 319.8433943739263
996.6454523618283 1218.0218085000915 126.80549107616696
1059.4938403011474 928.9291247799714 1142.4818526337895
891.9470167265357 648.5479698892887 334.1509180206936
1115.230205120907 1016.4134731050053 499.19983188176434
1296.9384527180334 431.23546652739765 795.8285949354806
549.0022151671376 1012.6314595745807 1133.73781671894
687.5238805294796 1218.1136813955684 734.4851328140107
1034.3367531340741 1295.8793349057134 718.4043302175702
1059.988093088083 1382.0158036547848 211.3725858555059
1212.337959798398 852.1364399986554 762.8155706927774
1157.6016388389485 1022.8417189812349 573.7591942409414
984.1562820957392 1102.553587944297 1445.1623851592594
1216.0271686818965 446.41494172729426 1447.3957148821362
949.8505034484463 811.6008627298168 1171.9230204956398
742.7486569741318 1176.7075137713553 332.85798382355057
1200.6876066644274 1032.5967994527919 14.91526625836298
772.6279649582582 1467.5619327289119 880.7403929095384
983.167181101954 793.3297646464284 824.4817956334491
1105.9125621718729 988.8060913185409 199.19044882690912
1292.8040341146625 1002.3071725290658 21.308091202228706
1067.4104095482085 1012.0115470244285 1130.8170216540293
1199.0070994019839 1051.4454364922128 576.0328333162555
1106.6196937870966 953.3915704411233 184.29929138699507
1040.7435138390613 750.8304856854722 246.00832166500365
660.1573040380788 1233.1000624730266 565.0805992609904
1095.048534798663 917.6524204774105 858.9509615627013
1195.0362275050904 1329.6421740532514 648.8286997946099
1453.876629195048 738.2546507558988 479.35886107305083
1000.2881270786103 1664.1953523511659 823.9318717015575
863.5114373502311 1102.32765008982 1446.7971424505695
388.0666001769765 929.5288946598524 82.16097128552968
946.3146314312329 960.5452383296902 280.19730831607905
1267.2893349146987 908.8110185498632 1254.3940155230464
855.9600395972519 1156.9525340361488 957.2704962076215
711.8829698918232 554.7795081376023 720.1365336964612
1401.1055292958865 482.8858819038261 359.14861653727206
1099.228562596071 935.2884596171943 337.26200535218686
1099.7333254037478 1115.9243049032953 1212.5652709240978
1215.3530904015186 1434.2813032843644 20.457785817122765
947.849253003927 1231.480475635554 1010.966745753367
784.0852477710248 791.963244336761 444.62924713575075
1035.3226950715596 1538.6932710914107 1434.8696650066797
707.4632699087745 1312.4180435350338 467.6771646243687
959.1319520520836 521.6828527766963 607.6645599422268
1153.988554995271 1134.4895990946954 363.27896585604054
1005.0762682438977 641.3356140869398 976.7944407583632
1232.6037033312423 960.0429131186302 275.89197232787785
1427.5930711179572 1141.4710564296292 1444.4803654162054
1407.5214527761673 955.6012013162433 769.2378905687325
1181.3262653920615 1516.6368823745383 910.7019774913545
1515.9571457457014 1171.7268927277185 52.439215165486274
994.1655458390479 1382.1121697884605 201.99329809883386
735.2297069371782 1409.7611779741956 303.398780748024
1136.3529375847233 1337.1708877712254 935.7152565326236
1185.268479996274 993.4969490833568 1381.6110523290768
1198.4716165363707 1060.6358119903036 452.34153897840963
752.6962573881076 1221.3266666725904 659.4323624583657
1157.2022280216088 910.5408436545791 703.703520265398
1120.7857136396635 762.6135554556433 1150.3307362158423
506.5144500593187 1010.7115571323807 12.021974570849137
701.6496146248846 1181.9924869868155 18.185964005950794
963.0540398641597 631.916013742863 119.39960928465376
910.3858621138713 1310.7378856584521 1000.6664897316668
1287.1127767404769 1068.2993378114381 364.35140752928464
847.5336021568589 983.1599535660291 860.141049025387
692.9241227514887 1153.6332914786428 1191.2323150719553
1057.246272293067 1135.4849325938487 1291.5701819912372
1376.5194543346288 1089.1108736795325 1018.9280822791158
945.082571560543 766.651852626648 674.5096395528615
801.8096042673277 923.5266162910839 644.8918658918544
1057.098899824079 1326.475963499944 1433.7184692180383
806.6760287301753 795.2795014232736 797.5287818162176
518.661827514021 686.1747451535587 794.1401966351822
619.2995073067281 1134.7865404628292 1047.5424382861627
1206.1867000873763 939.078713206693 1334.8960150630858
975.1293742865173 1394.176823502528 628.5790164994621
600.3292261530344 1046.0441550469236 1166.3663043681918
1056.8706621755957 927.970093406702 1484.5123107330005
1041.9737837246284 1471.3788382359928 310.5200570566633
798.215583137428 1358.8424598375489 325.04082027307743
1118.458690826211 1026.0342145719753 190.39561661210152
1204.7736024441774 986.6064857134093 746.734793168893
578.1871267973903 811.465367513804 422.7862275474328
830.2797817237094 864.3855677358731 1148.7813976396646
827.8030430062303 870.3499607038226 314.17124870764377
1023.5292069142854 1043.2089001161735 559.6631831170783
667.9916425496422 728.6434293318669 1072.5969037620612
1022.929844662001 1172.2295873106714 2.9200845146191146
1405.528653328036 669.981628924799 935.6268081241665
638.6124384968684 881.904376302792 811.8254105470187
850.7981413086643 884.6772639380799 449.210736406523
933.4993036154804 1562.1061001487817 183.64392286939352
934.5805035373445 1033.9531584033296 928.9302011017702
1119.0189067113683 903.7906298930673 86.32063999317275
1015.4015762168003 836.0480123524472 1392.9669352608655
811.7303124220217 1111.6784811247062 445.7830609971483
1091.2313389003891 1075.6760077861977 961.3454861219385
235.79088265157225 1347.1750386084395 509.68146593862735
871.0133046933944 554.0199894827181 788.985292287179
1026.3362642367442 1162.9280980664619 1335.1607416810589
1105.18564970986 827.6783962232106 1105.6287495645868
1447.3019760339332 948.7278270706339 780.3545355457876
906.7458865059609 952.3448273905383 61.560950796585075
570.3102851391611 629.7134973484301 86.0911561809063
1066.2402368626324 725.7036982030418 559.8280820456248
928.6841962703701 1674.1746436737249 392.65505885449335
800.1940843226041 1185.9278251826345 296.0609521211522
935.3033305317022 1056.686705452127 520.8010541775582
987.6207204501422 1042.6450790920715 415.0419303575187
1081.41815853142 1233.0712150750603 490.9309301784432
692.24250119405 923.5845018681689 887.2058068001902
767.5406437773188 545.579234358949 1020.132111453501
1290.7849686468483 797.6840605149314 539.1921322171971
900.0412202464 851.0577093477671 1126.7713187235925
612.5858033472415 989.3070168846591 1255.9123700242087
1566.6446100567496 1347.07774341363 1106.0873919872265
845.2153073324685 1294.2741916669593 1310.6464207108659
1058.6278575634842 915.8600028805939 915.3492254522135
1001.3047605292084 1048.1391767661423 1398.4968556852482
1213.82238732544 1040.7910010549397 796.0656438764087
1073.8769478855706 1342.828204822871 1117.7626673596592
1116.561638058204 1124.579468888863 264.4253191246219
864.3472208499176 1398.7596264216365 403.7941270120948
790.7543974422866 1233.252290964012 6.691287726045991
1169.5237550084926 1007.9268053459537 99.22149776294404
1329.5753187929279 633.9009506590519 67.74765050135373
1155.7399679015593 1137.904928997793 999.211878531258
856.2766154350076 1181.7569864299585 697.8294684521193
1261.4638890631188 1355.1238984215595 183.45308269020455
1179.994219076383 819.4849349959507 383.04986917654355
928.9313883204848 1103.137066233708 129.74407713976427
962.596923579604 1551.52934314379 745.3878550376415
1199.8517643353907 888.2174271469275 295.6635757264386
1118.0178614566598 764.4761374640739 946.9068715218106
1254.0375099135738 1415.5859338565133 973.9164418162635
1106.4281822218245 1474.884112664393 60.09864878671245
1399.6685794463442 686.5902601075782 765.875315489656
827.2869585427966 1061.1739094401246 1396.0130059369749
672.7393923516836 768.6488661305511 1462.2850696532805
1291.5134541907296 1028.2138418413308 577.5396363512529
1004.4723896164096 614.4767191972219 863.7154500705441
1055.7432862861592 742.2856766525867 132.32260857482768
615.3342893840457 1228.110993202546 254.66143450413597
905.2221155984619 965.8797546998501 299.14065892891773
1128.5388000575388 939.5548341942399 277.20367332895944
822.3810817277595 918.4950559838188 1100.7108276667336
949.8064959515173 852.6312324903938 496.12804670814324
1305.5596195702954 998.5249686791392 1402.5984146663395
1527.4709039155537 1119.1943498267476 920.9115899708963
1184.4842842604085 648.2836754523278 1056.76125878626
1110.1411811160763 1295.7163865562643 772.439572219798
960.0922421488723 1214.6014137560358 1215.6317567200986
807.0652516831939 924.4185700434755 98.19346888070662
985.6405967527741 1468.2582433472817 689.8740902381351
1164.643018969848 702.9919935979965 33.11776940191058
1596.4104416567998 1175.635598485838 262.78782326089964
785.6117602557451 961.5624059292949 237.89710295839868
1047.9233259232635 1097.09360780288 192.35062220320125
893.9696093426459 1492.0175444880783 804.4036045912613
992.7014306401617 938.9506592398712 1425.1612659202174
722.2052743954488 857.6942552064601 695.1730181921919
969.205152893348 988.2419463559744 105.62055391019321
1591.2825777249182 940.5636433784331 1329.149764789932
844.5814710154741 1046.0321868870974 736.622489008138
946.8449911043225 812.0591180991838 77.61013197751492
749.1362184159052 1063.711986000379 405.4378388021769
1412.140925506455 1010.5266666565433 889.4424407573433
1305.5498513088007 1104.959302288778 798.2171157334943
979.8780305138305 1003.6251110836404 1275.7704217590294
1254.927159581762 802.0104429245329 1418.1221890998725
802.6972773547969 831.0443640996467 957.7713054638193
1180.1412715599463 1122.5815918286976 5.3140522864105755
1339.4557335150096 610.3911373228896 1007.8195180999509
1052.278449836618 1427.34085791958 1314.4147907679471
912.8146826398207 1212.6661416905238 15.390285040701945
922.3907584850792 1413.5037037138998 1067.5105452730518
1057.874110897937 1113.618956202917 142.00964292343593
1185.1644082337807 722.5644493084794 739.8138754149861
961.9692119074402 1001.7945046370676 922.2629508459559
1595.532922336859 1170.7712833718706 613.1533159654543
651.3492347867109 853.6887423464561 691.2631900490081
1218.0198288087513 1040.8480900299319 419.38650549376547
990.2450993515047 820.7098097390328 705.8743473859141
937.5829903774471 607.12597027284 787.0449835624647
828.8123267918536 989.5101858582715 1282.9890271978263
755.3515127404327 1239.9417489992607 1374.797301045015
1031.1585602957991 1075.0130610243057 952.3571260386968
931.1429860872596 1060.5123489299583 1343.7674430318011
1159.6655570032947 992.2529541776696 268.8286692207608
954.1472946318869 950.3556719012155 1281.0859842556094
951.0624861641251 1224.2161663357933 707.3578627830683
912.9943182910038 703.5203074534913 608.6712835920229
1031.3180102671604 699.388505512725 1484.68017908686
769.3783966882696 848.948734715116 941.2272312683442
1173.5051313496697 1145.6586563361084 367.0368607505186
773.8779395333977 1098.9712849289792 412.37561705454516
1352.528055725854 895.9454562374093 143.76014354690923
880.7305847024761 909.8633319464419 809.5135872054697
1028.0502336746667 1004.3850915293268 684.1851731564944
626.388317504822 704.2713014417936 722.7471767951826
987.8322317788728 826.5023880106827 898.6436184740236
779.8495065649777 983.7562635713693 585.514555762356
811.6796959418833 1602.5407598284903 448.1304413104853
768.6358814512404 444.9286305365474 1130.9906188916523
814.7036855296869 776.9088721659012 837.6904413196983
1040.3022240815772 761.7127069618965 239.47006606659593
731.7462920225146 925.941804226538 606.2389303148623
876.2600708879972 993.0008339027235 329.82341022861976
902.3202580229449 469.02852325874676 29.099524132901568
1601.124227851979 567.3920314889862 963.7158875014137
665.9399348166926 980.6443898816617 582.3195382159585
718.9123762391545 933.1003905180694 1099.5688220413222
753.307006826494 755.8732931013811 1447.0784544800617
736.8966822481262 609.5340195281268 274.37371815241784
1228.9298313525137 1021.0870983951068 897.5039745779027
1180.4040956472718 1181.672447923329 657.0500983455676
844.0590322395162 448.80257677601617 676.4605271009642
884.853819713909 987.0142296306989 683.742217852938
725.4745838454377 1063.9799589953843 1229.3320985440785
745.3679129101006 865.5092470529671 174.36225238042553
961.2730554140945 1032.5613270927395 1022.7069267183695
1279.3112801126267 1156.8391856893331 598.1637341511241
1077.277607365701 761.2713364123396 404.8108005231351
1121.242141694921 1081.214104623903 62.15413872827741
1422.1763450075778 685.4529859488664 1258.1990609475852
839.4509790050882 811.2905364694996 581.7058690379669
1449.9784416337434 768.3692180399566 1041.6907876981277
1097.0110294395538 931.9198209838531 886.085511680057
829.7731821053891 916.3585620712995 906.3140505573332
1172.4728109741757 718.4219701278621 393.78066776472247
884.3402656811427 1340.1231491175404 1230.5519626723599
1571.3163635879364 741.4140130896267 876.4675631332183
1137.956453136099 928.0715229494143 298.7910134380447
1542.1808019438831 663.5253706766887 564.763866265775
1131.9738297779188 1108.602294989441 667.9174830047484
1214.0798203199126 939.5165093476988 402.0710042231218
1354.4871434350457 958.6251087257449 95.14434311789744
1400.2557102170551 1098.5636933283326 908.1675008455275
1088.0127849261728 1024.4551582551119 954.0755343038263
908.603136528538 1214.7581770737 1299.8081918073044
597.2948856640965 887.3360911758987 79.61651413646503
535.0995061081605 569.0126508848965 1129.1683687281209
720.1680051546357 939.9999276058317 1227.0204716438343
1000.4998024520046 1148.2255248533775 53.78101797918789
941.9483657260106 1169.6171458727085 34.44273049795288
787.2869678229691 963.2681304156957 1273.2164252591626
546.3639715701322 822.7280559160886 753.3921060181588
1145.11061390262 1050.5674336513569 1177.738588225889
1436.3602836087248 741.7364856653411 18.30860394384237
863.5318893893228 398.0562329893288 1019.5707512567445
1375.4658985023616 644.3966747344283 1424.9776667784363
1280.8443613281947 1046.7879837978157 327.12242789112304
570.4904473463898 1254.9220255046705 245.7465437714895
593.9776807374518 1051.7277633282763 101.0423064526172
671.8781480882321 1332.8569751339924 1067.0136007053363
1025.6203492832228 1047.8866923475314 678.5609825712972
536.9186441734291 864.6897963540039 201.66971874914512
1281.9960017661283 1002.7881904375848 1457.3760835507233
947.3125643067074 1195.6396402630482 808.401663062863
939.2501839684918 1236.949645182845 246.95405718812825
926.3223899898569 1004.806203119841 1251.3205085408486
759.9719252787172 1369.8657488521171 599.6020754380166
927.2804909117795 611.2786018953739 800.835983018929
750.0394186836952 563.4313251355668 948.5283417468125
536.573258039391 655.7050202114547 1232.2267261321706
810.7854836786491 1189.6160109986945 220.75563087155103
1015.9983189054838 741.7092865748264 586.0349854927593
1097.0145787487197 1020.162338449098 701.6959797655217
1101.9644507955836 1440.9375908225252 97.02817012864423
938.1630873595956 960.0586499436725 1212.6107415408464
913.1350437437758 1013.5109563488504 1198.7937531333444
954.798130645335 1015.9587254186339 1374.0773407780307
1178.3217727141691 890.9750183168435 1426.8243583088818
810.8484218699125 1085.7413077410095 1457.8708440226055
1024.6170469718902 942.175389717209 1314.3924891829047
1057.2219143928905 1126.3422420335207 612.1715890328725
867.520725364654 697.7729259687706 1060.621465045806
890.8506555311099 862.112139745405 675.5625665436229
697.8573585486788 933.6471956222257 210.7498095831968
596.98812748554 710.891606819521 709.8621709133255
874.4258460938489 1377.1083756288842 1120.178209659015
1160.1279356840453 1207.4450985609012 1419.2712334257633
909.2831454548317 915.9520540591207 1038.113264397886
792.7255384363906 627.8739648782935 925.2095881150026
763.6551861683529 737.0722390128838 1472.30966355066
945.2279560843248 900.9587997327186 1358.847269110207
1046.0691428580892 1035.8936423208738 617.0430740923659
1065.514966331633 1360.5523402687236 838.3000412136603
792.33814284257 1084.6890220184716 232.7781147676813
974.2957596188194 1112.6257045627437 828.9329971520506
1353.1718242070494 996.7725234787335 438.1097088189748
248.22067354060175 1073.0410533479771 993.3109908631507
586.8315112336213 772.758977204657 1184.4925682045873
1135.6706436590785 855.9187858172252 280.24258841634617
491.9861094178988 1295.3625046008274 1371.5143261477608
894.7661438205341 1132.848236268739 451.13812516493016
1219.8499388486325 1410.355728320898 140.45921561761787
1287.131353109464 1032.4627518678828 878.03563828292
940.2175129229335 841.7443467565531 849.4799916278364
1184.1306384286654 1129.030360215102 1173.158612587949
752.3919289361322 884.6614840089779 728.7140830689465
953.0422249512453 936.5922964587106 1379.771934209211
1553.3919825395565 718.3028071176925 936.0533028998984
1033.364019910653 839.7060585069078 767.0175307308219
974.8793250808941 1766.7544945871464 938.1240552846583
1220.4773411358854 1528.4729410756152 894.1380463977948
635.1273332890852 663.9942360427216 786.0441634758157
876.8641051257094 1298.9495411082319 588.0604424737459
1025.9804174169137 876.754180322325 551.9699262938451
1085.295005633506 1124.6211753351572 312.49797874614126
711.5635387864875 705.9367406959286 512.0883034606271
719.5073446315587 495.3711015754908 276.5362305465992
966.5766067987663 735.228337843839 1339.531734389403
987.6364139007203 1160.28695240069 1414.3563909905306
820.9312006541749 1177.7605515142454 1230.564547416223
802.5774224115396 1143.4089171370974 446.48093734016317
952.5285223571923 811.4971380856908 385.32444613381546
543.0606467626088 889.4917410076084 1236.1857586253677
1182.7798712017675 1125.7010337807878 1424.8903565769942
1118.4316497442678 890.4681860491559 399.7645159515232
757.7065943226958 819.753161114669 877.1177775558464
1068.6950125796245 469.5842087767303 989.6590140095667
1063.3930855538479 667.1380226142257 608.8684862854003
562.1041502188199 1237.0487352591622 533.7414963604573
1471.0902971662326 661.6784229228045 1368.1366695677948
1236.2733221902138 999.3798822521879 1116.2129259802962
897.1663262035513 728.7281520810444 423.62198100764834
1112.8817325626221 1348.6199427888284 1190.6858822373158
1065.8874913153425 1717.80073839412 1453.6733139984894
951.3267671245346 887.2834232608136 275.8807189337748
363.8871864168144 1597.778117890347 781.2752027829968
532.9051526171504 816.4599854341594 80.3402170168519
1024.792805346518 1460.4963396527855 305.6543672189101
1248.656907051452 957.3988531109536 195.79596945877398
1815.6671197493147 1032.3023531955635 1373.1226099869461
1243.349770733611 699.9213903445466 54.967728353930156
1314.8438608604479 660.711864826329 1216.0364216360938
1113.2499648238875 1148.7971433007983 1207.246140962412
1098.93656153772 1099.5750239124263 179.5232807864342
1227.840388227361 1131.9612843356329 112.15060942966903
900.5170181722578 1090.4729646250007 1314.678529407305
802.8178595850316 320.4652570056986 430.0487810312215
1104.2826764447634 632.268475629452 532.5943417093087
1551.4090995654042 1038.8066599268107 1238.1040179221766
1120.8497457462956 820.9500652345441 1442.0637585560382
1029.5526846561452 1254.8407276003575 227.29354351096686
595.5844867620852 834.3934920513841 336.2655870525599
963.7429847286559 1077.4084055836133 545.94385178229
852.9332284745005 698.1549461615659 364.4744361503842
470.05602307559764 763.2684590907252 373.1863873117171
769.4159888014669 692.858512822333 834.3093594834037
564.4743936158295 518.5771989795908 1308.1270326462125
1005.6481048392175 927.0146005732496 179.7687264089452
1207.5934647989063 1075.7845043047373 744.8884163102466
1099.912785578834 1129.0220872316163 742.1410697386133
664.5096545332361 568.2161614754132 1424.8134129165696
926.1323922458314 1196.9127421841704 21.361312105211027
1207.1206715390097 1375.5707552155377 1097.9683223872341
831.9108620966861 906.3157185518885 1109.5606360352092
1141.7845170533726 557.5756190855669 850.5562020290827
1325.7413021588611 964.7593440568858 50.11837651385126
741.4541750688836 1289.6561855147738 607.9060530211643
821.0193207429617 1202.2139543319647 1240.0357420637793
695.44403110594 972.9402707950718 38.45377162117647
1097.8659875631442 918.6445354250834 1096.996092696632
943.7063301701297 839.7676556772986 30.55488909279941
865.7644248779333 758.3523530648783 229.89433182219372
1075.3690544724907 1065.9032933832711 524.7794874549722
1286.8875701397849 877.181767753314 660.4959414514009
1106.664204955638 1471.4866049085545 538.9047360297102
1212.0981248360388 1032.5912811648514 1232.8415225965136
1083.315294509459 1237.4796366952812 1350.3283715435539
815.2747148530104 723.2471557231195 354.95904356019776
1519.6041559973862 905.3670722003665 1140.3937175331287
727.1487763819105 1026.1460046308484 455.0319535314125
1005.731516909741 993.0469772935422 905.7944350393183
1209.232256491176 1335.9946290810876 727.230980998943
851.8292745268768 888.7383869809053 405.58711032234424
805.3523361847949 1176.0763334965645 712.5257979690397
690.5708385954764 1198.6776213229145 261.09344230012596
716.5487120782584 723.0849211602688 1096.3964879845794
738.6772833894622 841.4056248596004 1347.001566747128
714.2747952811409 1186.7744861999531 768.110977681872
574.7074354181466 1022.9944778406528 703.1695591430004
822.277919295838 682.9629087064795 1487.595025553801
1391.8118409463116 1399.6536632525012 733.472309306038
917.3036247738614 987.8163189066455 1352.2393205716448
722.3795515000227 818.2568071289772 749.5794090839925
895.126083131511 1045.8656324183744 1376.0973669079278
1447.2166320618285 829.7474898437188 1065.7825553200344
915.7782592455991 1146.718884766729 1106.1762627566743
1117.4422546897142 992.1669690570609 5.259819306661528
977.4667197355094 1454.6116653989825 241.8589990128511
1379.3927182756938 1245.0855133159757 485.74585699494145
961.221527772199 893.1305159435301 367.9206080558304
1066.661278866039 1119.9294358055158 1221.773525563276
1162.7912365708091 1085.9247259046808 250.62955763309597
1105.784513527068 1257.4230311159545 1038.230656396775
1057.78267161984 425.2650850298336 396.0591573081536
860.5930189074834 1374.1322562042476 677.7161006894648
958.2331850254435 1060.1136102803196 1153.4190982074292
1020.8334851672151 1159.5274688618706 1262.6291559199792
909.3703265673855 1392.083535176903 1479.241981761876
1277.4781921837514 852.419133537147 50.13660394055258
941.2386863902817 1220.284785368053 147.53686387289534
1067.465992397876 1279.7998692291158 1209.1912160522804
1219.458047659201 1017.1251756597514 1181.2826362119977
1220.7607501264024 1291.9258401028947 534.6264638852163
1070.9883194469617 324.3238512162776 232.32790239215433
1138.604869870793 1024.4159316162459 438.4716954304032
622.5783557852568 952.5884451126209 765.9687367830155
1004.9801682609511 900.1537671799732 554.6430433695392
1122.204333859519 1185.909063075831 1381.2496155186566
813.9478522408973 558.9451402224206 460.05524915818523
816.758560258655 1070.502761448124 949.0806761340001
944.2801936745453 1076.2863792522355 502.6794129233783
1203.381521891335 1270.4063286048479 411.01741484253625
744.2731101954812 1104.9602532916806 320.3698067012988
554.17484562388 1132.9303808860059 397.69544843375576
1088.8128549487712 743.191370791397 698.2548425811776
724.9748947712793 1358.1092589089667 269.96685213762527
1086.9997777095468 559.8402652165526 664.3630777701686
969.7191123769156 1136.769314983309 128.55535888401752
1153.3404510585488 1128.780637426657 969.4919024643491
1061.4762838753365 950.9970754934142 1445.8296638999827
914.4408738136581 782.456531841372 1407.4621913656676
