2000
826.3373017283222 1125.0949800068574 1157.1217649304165
1212.4001339439908 642.3806091682716 497.23388108812975
1246.0046977771253 519.3123829639255 997.1663202842836
875.3740808362761 1121.824140982793 1376.2069904882046
961.6946893875086 1084.9642072576846 1243.293212554432
995.6156930747726 1172.426359551896 248.6432908039332
416.6232755520085 1602.8905619495822 219.85727936641774
1231.5247398661315 1419.9343847724222 1160.4610562344192
1307.352801407435 945.0965673758398 415.71842620187084
819.7080259840739 696.2184349269867 260.82334719190055
695.7253947874487 1406.3776671820556 336.52183328244456
1072.093012657212 919.7411206884476 137.31200541248734
1049.4564754899386 1286.8947394286151 1002.2758336961143
1431.0749250515184 743.798577738738 729.2186685864755
882.1126210655013 853.0772422284718 1450.054311956679
1328.4456003299679 831.6520799681066 335.31584435090764
1272.84324768129 827.3158130724455 314.10490308014494
529.0368603266608 1179.1364116452621 973.9704193679574
1094.8862359889233 1162.6022706974345 418.98708903427547
1212.3857949669612 964.36949352397 511.30728695562556
853.0269785795449 713.6486609272638 703.5332284282844
754.7378418655335 984.2646468669469 276.28901295345946
723.1434503203417 1252.8110926151262 261.6647016213658
913.250280366755 763.8096152849962 1168.1042960007264
970.0399063505218 1171.8300707483581 789.9627109253497
1036.4436272040289 1256.4702769185938 716.095871215896
935.2751926193268 1108.6148505850751 458.99902127481084
1369.483484597202 963.1899152903286 71.63253037251582
977.5976880202896 1238.4912699027836 731.37303708332
912.744988349393 1260.494604736089 345.7088972598108
978.056729308519 925.52638638902 1422.9916115795868
1017.6558631173021 1224.280145772008 159.72589685550176
1206.134431548499 1105.6448267620187 480.41954914679593
1320.6012539866083 927.4682160533494 1255.1354781915693
796.9353861429997 711.8392622401934 1275.432731394144
1063.0207143653447 956.841620507394 748.2771419217114
990.3964347590784 969.3287298781163 575.5764729556989
544.8084539919677 1358.7669137275732 237.4229443106381
1038.4258381295929 863.7692246843817 95.01981063003679
1141.9150857545953 636.1160041038058 777.8063305855577
1434.2950862181813 885.6004965298629 465.7548069746295
1554.5676969331676 1420.5100204590863 616.9592927086884
1291.2180300832065 933.5151041609678 1125.8759421166308
1222.1666189357882 907.256159750895 1090.256941678116
1170.4946147392066 1327.0069618247594 268.4925892496147
1052.340282079088 1377.227180112106 773.0257359377729
797.3008275131749 474.57817357061094 493.37047706206494
763.6020657660546 641.951260906918 720.7808397651487
1250.969508841867 1033.9629549216997 620.0657915523416
1006.775372801295 782.1122317744438 364.8352192749026
681.5331187566082 808.3323824022712 1054.3902589471857
1220.2687368444963 1005.216461202607 577.2352589769612
1098.3384247688107 797.5989711218108 1024.9034469973064
821.1495530628085 1231.5243680938788 847.8926103741642
1136.1789531740417 1128.312903829318 878.6547445611676
1054.2735250981088 1162.827330469389 1103.7579017036337
858.6263380884961 1084.370087314885 339.8791699665914
1039.0811641297976 1281.89093402163 1102.2239090930327
865.4788242677928 1123.6265677444746 435.02000558974333
878.2266457816027 1306.8010515688084 175.2944895034791
977.4273709324377 710.8553435871008 506.25315663109853
859.6698217776968 1338.2329085780711 1438.897054511592
898.9826816025179 1102.8998051602525 329.6957140961805
1226.5753138759167 1181.2163519904038 1339.8294130996317
1001.4259775031146 978.6536190019096 540.4550734422834
591.2138130980625 665.9350425274287 887.4909268686431
759.7930578359037 992.293436384439 241.19443810213215
1484.799474922185 1341.2909642498848 170.63883409816754
1276.1691724320328 1588.1034991262243 892.3433521764981
491.13284874436766 778.3604148374828 698.0672353419302
1093.3532713546208 1059.25991247423 1172.4867926269753
1129.1717235913875 1058.9561705702056 1227.1733113296923
430.93328005097715 724.0456645456393 1459.0575128098287
1015.0194840002843 1057.7063800062388 421.5927158400866
741.2461353533818 1184.0654325892338 369.90700461629774
795.877824830358 829.4740336628299 328.8947579792546
913.8070463039314 1221.5067040483782 503.8233826039347
1317.947419043063 1001.5391630288458 83.69767274995394
1114.4579938869845 1013.0010658906358 1414.7038126159325
1028.9436909512726 776.9901956604606 1267.8405314074896
1154.0106407770618 1210.9766759807007 505.4982354780932
697.3774549750733 831.3285212551964 457.36445115740196
850.6202680465989 1031.7830132553959 679.9632251121088
1048.4544103311605 1371.612271548987 879.7037998774371
1211.5773059219969 1052.4961761050158 817.8506425078756
923.6745695957861 1245.6953062708526 610.2669349631316
1287.1086891698765 1319.1670966654244 1120.0569790435336
1235.9032907400917 591.8099688814805 1112.1997318080355
1332.1315270254377 889.3898499813258 457.73734082624964
771.9759649924044 979.8887701205344 474.8471535764326
882.4887706918595 1115.88938011856 800.6176393076337
1411.813703981551 571.8107596110776 303.14740760372626
1020.3936523664349 1079.1247179589159 791.6458841026001
636.215092744225 968.9091838667503 1289.5042875692707
857.4318374553546 560.6337023866088 40.45882021916458
743.488162456322 934.9196304752055 1371.1024895473515
833.099272783615 800.020868867482 1216.7788460356794
1350.3936789919808 1544.156003985532 248.559852294115
1260.3838276580727 918.4997322794494 1317.1542129835657
1357.4346621067448 1192.4904940358376 1186.3078738908362
1274.896066351026 1049.5481098282044 1450.6139937034975
973.1640384178711 1100.0285565463942 661.9927572354544
892.2481404551897 878.7871316251467 916.3158802998881
562.5479556427061 1436.9769824814466 346.33834816773447
676.4396696404056 1094.282239524332 408.5872294182452
1125.7852630694235 1282.2329913429223 341.4290377780964
1146.7977849847184 894.4861750993946 279.79537879070807
1156.7521563672738 595.7817425024084 856.127404217542
1161.6362146174831 1019.5619813485462 65.52927626392623
1435.0252047247177 731.7556406268313 350.19828064009613
930.7708039040946 937.3667095298683 1406.5625748715247
1166.297002760884 1068.9070633818553 468.79068793341185
1156.650339760089 965.5605932001223 1252.01787958481
998.8280704503482 1284.39485942986 947.7099403475477
1127.3802026538672 1514.7516711667843 603.3039044547796
694.1922352853715 931.5644397855909 2.3760442890984335
1206.7059934120584 1145.343490296217 40.66149535781033
1134.841411073752 940.5283183445908 840.5770870951061
1140.6075207870358 1243.4582149367234 145.8132047777267
982.4683929189194 1362.455860785688 915.9661802496606
815.224614856936 787.5545951073985 1402.5040277406247
1156.3747504976905 940.8803215579217 647.897641237178
779.9536725482313 983.9661738576341 390.03546212591476
1120.0624234874122 1520.2975686152458 964.2344785049946
996.8027950297471 942.6144246077098 670.8930257036142
990.445702418821 938.038183554321 526.6521705488154
926.4175820837597 1036.6250578237589 1004.0966708575664
1043.751121680907 801.2114056818068 174.9089884751619
1396.380313796868 1072.130929572873 319.90280048055854
804.4709178669357 513.4641358048748 474.158582146929
1089.0522563128363 1611.5342126471755 268.12869896588705
955.903277104706 1001.1439066145967 1441.8447508266847
1159.2174778768806 1257.6267090334193 1214.4936865600548
701.417208163012 995.2239861611823 61.264703177015654
645.7917476389669 1065.4064381220192 788.2124166019149
1279.5901692237944 1171.7852983758066 689.1393875292766
988.9588184821811 923.9043736215904 371.8496457927227
990.5126722570832 866.182546380654 1092.3506251309323
961.7734368533507 555.6355489812661 33.98664434814813
1001.1029528824117 931.5625270184349 1042.3975466455345
736.8370633148834 1303.8939506141319 355.2918981205337
1042.3987925626984 969.2503395845425 533.5355495264854
824.6922796774239 977.5621402353391 1344.1680132539032
718.1211180826815 974.4034055867602 1456.450926211845
1260.1664408411993 788.3582774636513 412.39245131084414
492.9789478949865 1077.2872202120861 500.42920597849434
872.4246546368331 988.2716200276873 1459.6087996782098
1307.328707455089 937.8419354630092 185.83698638572298
922.550180936575 830.519747429972 973.2866693431074
685.0401592911544 910.1687450054123 964.2141067157789
909.2092467949683 1150.9377704738297 947.7605162559238
838.6795410723333 1196.2782939384795 1208.7703923452814
1051.1443719172544 1100.065337889137 1430.3318177627982
1240.6386954890252 1065.5582448636444 1402.4485226433226
867.067215365166 1071.2149130394507 1425.2712520884954
1275.0064102017825 779.3932087319824 1142.3013179806148
812.0278813797541 531.8233173769881 516.1035378105557
689.1803916530496 853.1650104400741 1485.0803121444605
747.2891460845732 955.064898186872 86.79450350007207
1166.217513775443 1409.3455294543708 606.6869199103097
1147.1069118016708 915.1184439026854 156.27785001195937
563.4269538102885 740.3240189108776 1140.36430926212
854.2445502008945 909.5121890258858 258.09565066071184
1231.4462821152563 708.209587569215 604.9349593709139
874.2794982804392 966.7421733750197 842.0173224987067
708.6258573454232 1025.0846695437672 1246.1201366063924
769.1191067342003 1321.3109181857055 1413.82097700984
655.7651144837513 626.400704204207 1424.1394757357516
721.9063874653624 1060.5466708885908 487.64180719964094
944.6630055332538 735.752762092437 1367.7787118317453
504.3575006680383 1292.3819267241433 352.95884305721506
917.7601807331399 1010.438999601189 1456.2819834518652
892.8381328932509 775.0358055314218 442.54265121500833
733.1464079174478 1038.3430598757416 1205.0185037460592
1308.2700369822983 973.8585535650658 777.9196904252631
1316.4462699339954 1122.5062517165593 1315.2778867458333
1142.1911831473103 967.708551008233 688.4733006215766
682.3915730549311 1076.6374196631364 553.375003741509
414.8053235437975 1030.598304945481 374.47196660028663
1141.7772811943933 818.6761633867164 1023.1214936973086
1256.3036689431287 1244.8138663118793 1372.1903552620843
1020.4446820727289 1072.0437383675055 768.3827232675551
1356.1296195237667 1359.7630091870378 618.2860134593163
438.7787355393258 678.9955164504643 897.9526075005081
1409.5803288903141 674.8884134305667 850.6769826778375
525.5666787078369 968.5286508702122 1263.5322303494522
1422.5215416058732 608.6418473436643 578.1478894791459
1257.1871589757998 982.3567806247588 1452.8794732296521
761.2481893704414 892.505870701438 324.72179483044494
913.0934904339013 839.2740402165145 1320.2350713237547
1013.4997808012155 1046.859799947967 1167.9028658329694
1074.0642364457592 1168.7855891677596 745.2138961497396
938.3197116797256 1079.7895045361035 454.4286743181215
1047.4194476502084 761.467410272385 181.8022720976893
1624.2486039864052 1049.175859332845 890.5573922830573
952.1227416586495 822.8377522514891 859.8233895342233
1104.4758943816375 773.081199888794 413.7012635309624
839.1191499993904 1091.5514673370528 869.7979752911374
1018.6526443654159 1151.0242991514613 671.0060360730361
945.737183196672 833.3084638257238 1168.2547064989915
653.9091832801089 756.0640021607117 338.84123846978633
895.730411053402 816.7960819233027 197.91130599235368
522.1529724581338 845.7290661601877 1045.2417624327752
908.590587883385 1534.8962056868918 320.45091497413745
1223.830726501192 893.6338500185432 984.7348101481323
1178.0715894367381 1518.2398663365148 920.3121139842661
1585.3432484839436 1326.3658645307396 890.9043353098548
604.2089040614511 1526.6131334858458 264.2484925850102
957.272212029527 1225.9537259794727 450.562581551888
1378.6660606271294 1091.2872568130856 1296.8602269768164
751.9393176337272 960.6521909121351 1031.9575954024826
1040.8479163897105 1347.5298461600855 440.3657485844217
1149.8876748818368 1140.0521903893641 318.06983359419695
1161.5561173687593 805.7497837078797 1241.2934628664257
1138.9813715365501 1215.996061113874 1404.8914885887536
1133.8755591522115 733.71312423256 226.19958668546198
1115.8948989450616 912.220584050966 58.43896494566775
1245.0024141197964 1289.7764267490027 1422.1453163489393
1028.4355898757756 1007.5949642941815 1173.2942694691515
528.4096527438763 755.3856099892178 342.5722957651259
1325.1433311871924 954.1007420140402 590.4234522001343
1346.9975656755355 1070.3874624654413 172.14202185920618
1073.3938050988106 865.2772968669832 740.8895207886724
1122.0291751268178 923.3640478778772 1232.3910045247367
501.3238993547172 939.4672737014123 65.13547012020516
533.1833242995596 1345.9012063326945 1243.3091814103652
823.4117534209399 499.8719123027374 604.8224292226237
1147.1577185676963 1089.64756131382 1391.3016139013187
1203.214672333902 877.9623926258882 1067.020115104698
848.0877943974285 1187.2841966579772 448.70949325423175
1338.4005879723516 1057.3175845624946 557.8310172555258
1165.6682582797896 474.8437449960627 671.5855681064634
1161.7140575786984 1014.2741009144813 1334.1530601068844
1247.556192027164 1055.7658816725395 1434.9887214404152
979.4950295361663 1163.9994979842686 343.65354124240025
1330.8199568451955 982.6698691772708 793.9880738201076
763.488632010762 1199.9006692854543 1336.8370113538904
960.0262091371891 1042.603731352982 313.5869976509027
845.156075967011 826.143648843689 1438.584003595536
1013.6209217931064 1268.118073038975 489.79624170306585
483.3651457368642 1004.9396625091514 311.73516499679994
725.1175747131498 1314.3323151743061 657.3067455781028
835.9331592652826 1169.7579145970412 594.0403530172024
1128.892952532364 1286.7325047776699 178.1441249625092
1434.5234409656068 1341.0644895742444 260.91152888671553
815.4340207356416 818.8105566876445 252.79579379358046
758.7627169161613 1348.168699904224 1158.0216651542762
1035.1948216319156 1402.0045575090294 138.53210053644756
859.4823767607522 1048.4891803284813 87.84371471496554
876.7899972853008 969.0087987584886 1384.5305010572292
1090.9519499305268 729.6653215730537 285.6823325449213
916.6363206435308 1079.0595108499424 407.408131684689
973.7469800184261 1490.6674263972996 512.8888248451805
1039.9421818415367 1144.2778380885566 1016.4601941423005
1038.092322048375 484.16399175930667 1334.9440314706826
848.2825846576509 572.8652034627735 79.91147003682968
1491.381947052305 1221.7519340390722 658.3593350925046
1227.5185635480482 826.6401171058346 1148.6562957387644
1006.058740549517 701.6469626174978 313.3478123937793
1008.3425519472023 1011.9212973013646 668.9966393613307
1198.2282211502848 357.99145827457414 1033.4905011277838
605.0639771607925 542.5573559576067 80.2662701413307
1067.6937679710775 1002.8824140111542 717.9352680183473
926.1806361380949 766.3549613506143 543.0535426783009
983.2582829539632 1213.9930880441823 1297.3014706777074
792.8580719174101 920.3993437747899 1223.766651059877
1253.2928443928754 1217.868148867236 1063.4048652574295
585.066330902163 892.2616495805318 1031.3444676445902
1001.524424414436 1313.3354680497862 960.8798409039449
1152.4119951904906 1400.160777034528 1186.1171692134294
1083.622749743761 882.307779840842 95.00502614534145
1343.8592233561064 382.90468019264574 1188.447852910099
1092.7758665466824 1214.7171477611262 235.900601795194
679.2109928168687 780.0953662783411 30.342194438817582
1221.4446790564627 947.0264582583355 517.2775327110436
1297.8825140481972 805.1203346537679 1372.1787853247122
860.103338204488 1105.99181330607 260.2082026001416
1004.2676021108562 1138.9865213264975 1146.9074141725905
1094.4161090779971 821.9300699717797 579.7267162933916
885.4466525202075 971.948606874976 266.90300859409746
894.6137581256583 767.2866207347668 473.6703781654249
738.3003938973818 932.1921335915634 35.08771361693769
1159.4992265521812 777.3161590877556 232.01277519723084
1054.1908281100368 825.1992167436582 1253.2802667606838
785.7997567141822 732.9449753699776 292.96003710483046
897.3939875739239 1152.6440117123618 1032.6732842287724
852.4385939299922 1140.1376820352134 1311.7639831350739
733.4685413050861 1180.3286716113219 1161.542048871578
1045.0264938100672 752.0985674930611 804.3333863114842
1352.1072399682828 1107.3429805041126 301.99483770392743
1058.361241312946 1083.3263866315363 868.1817684446515
1208.1021476105489 667.3253499283028 520.5750236054837
1019.8937996105795 1126.1814791355341 901.90859427391
1488.5264009180244 1294.2881709708968 1189.5697369095906
828.8093361742908 1146.133901757004 1068.5696793286031
955.688756312289 1617.4396102418877 1383.0386533222816
697.256046375534 740.2907265261772 926.9530052075097
1217.2898652415463 1288.0132185814994 236.19494531038342
1054.810108923704 1203.839467926693 256.6440835669557
1002.8365386847291 998.6879152032141 785.0548890385583
673.3742669161167 662.400532494858 1116.0461775285016
1001.7036688531108 741.7231041881817 388.78419724420553
1096.7900336172813 678.311906475726 351.04077230240625
954.797130498577 1156.181186177042 1254.2639068486376
1027.89680992574 1166.1546583997883 1475.737832976096
609.6598605926786 1085.4048182695024 915.8010970164506
657.3331316101664 1395.236669328665 1327.138578510018
802.1974180660518 1215.5831971178804 120.29804394998445
1072.8288066704476 1259.4483857216107 54.23913164998506
1347.8796508315968 970.20873536669 911.2741828005887
930.9447262100279 1025.9801453951231 831.0678898220164
608.3314373632562 953.444923562862 586.5824748734492
1169.6330825286284 1259.1459283255656 1141.598783835121
1117.0619565185516 1710.1043055952705 658.2756680206505
651.4218386426962 895.0261583171093 209.3555079490761
885.9737452498525 1133.8487089319178 1137.1337017100268
361.34597771199867 790.6254017557208 580.5866441699733
915.5850695794143 816.7795467367332 1452.6046226304477
567.7616741166681 1099.075823327176 314.931356035342
686.2513131488632 749.6170667117943 276.7715833049396
969.9363396930872 1059.6452082195622 282.68177901854966
586.7719513573262 1853.9660703967745 889.6163138499638
908.0510266453766 707.9507195111854 827.6109434269392
988.1650254168185 1595.1077943897058 1266.0715377070355
1299.558293199181 1469.9794577708608 1397.6947705855473
1289.761360510703 1210.4740385362325 1046.963046285659
1004.5502348241716 1016.7260789520357 794.7036957685028
1019.2200046563838 973.8068920552848 1348.0007296890706
1087.3336555369024 1105.5648648553963 1428.208538367838
854.9280785013843 1523.4205280168458 1174.151161729909
912.856839830203 893.8986768826882 319.54702155891385
964.4757620967722 1033.07166473998 711.9774685692283
1367.1183344424126 1043.9456422086666 286.1768439505717
1163.648071923219 1066.6948411246274 581.4305425835278
1219.037622588783 780.0403225800505 565.481067745779
925.6742103129461 1524.16528676738 1193.9003716838417
995.0168872840993 1266.7155258108985 1314.7651446233092
205.57585964212694 1044.1447945087734 838.2575118719524
1055.0503536243536 1325.9501025680806 1145.2034000424771
1233.4439826191103 1087.2726860676728 100.56912562878028
1204.0536400319215 943.3642445074921 1197.9804187820453
1392.8544020862064 835.9769150895056 50.55459420945346
1087.2436192245157 596.7265708297593 958.0275329076671
1156.869615495461 974.2207868886121 1257.2895387575888
504.86482149494896 1230.0779766213127 667.5319583152846
600.8348367265653 650.8389878856042 571.2046688572228
1348.4923731300246 756.7358309132696 258.20523570762185
1157.9497603023797 979.6605052754402 598.7962509219716
791.2535589011268 1151.2612336417487 1349.2029706479357
1205.2400272882273 923.3006180095636 115.46719205978656
916.4714683589874 1269.477827174443 655.1899420573044
762.0309343181265 378.31993173387195 1328.057430034296
1647.6647902897557 581.2064013464903 897.5242281278275
1243.2076736751926 927.108398693209 978.3444717186094
811.1534035600289 725.682671879103 889.4988987954459
1262.4573300662503 1239.507777488949 699.8534667361246
1143.8999714252404 910.5090425625244 979.1736723079803
868.5804664894968 1194.4519112645278 795.649661636204
848.5668165652401 1039.3925426016142 381.12280807423025
1110.8623586995557 1001.7162219906714 80.39547593078689
660.0154369165045 895.9155974501181 548.6083715296606
1184.6137507021945 1587.3131296627785 234.89736713877323
532.9835448029635 889.2814278396738 161.9598762055227
1636.2096880381807 794.6862094201177 470.6530489359435
982.8655320889784 1098.3218261425159 1334.647387441936
921.9239093067989 1053.9481681548093 925.5485746014566
1444.5773413495897 884.2114247107719 257.741593519138
958.1185468509653 1220.663263151885 1054.1206192303603
1103.7631062156884 1006.8790350349401 948.6960940293384
1062.3578026491066 1291.1621099932754 437.5149208085573
1101.6105475850813 1247.7878453828316 1317.3760215563066
820.2146305104746 832.3453946528518 1042.4399742207079
1349.0049363062008 1184.4095324969296 843.0901254789924
988.9716080682101 871.9686631333176 249.42045527455087
1219.952996013744 818.3052485578105 489.39069453312464
817.8618715050223 1040.4592662547602 988.9064854627675
1213.4226521888388 1186.2176244171444 911.9566578668343
1248.504385835946 715.7480615141659 250.3228605657713
912.9949007254014 1125.4710378063553 233.43127665422182
1131.2677213619666 1246.449499434814 952.8677719720573
1011.1746156903994 579.3516012797172 1181.3670218591215
1407.642266338026 1167.7199178589906 167.92501953056117
1018.2771125612363 1225.5137171122317 1398.0429726848324
1144.9625859275438 1237.9054000213466 864.978047094789
1306.8200673078818 717.8381527965712 13.190363110472003
1043.7274705017214 894.5805974886783 252.33848500162455
1174.5274637266573 1459.0521083580586 687.1838781757408
1254.4103071185366 754.0751860276002 947.6207186424356
1020.5224609420272 989.3954650281021 1401.2152807923746
854.7720139670048 473.2505704140734 77.17445035411036
986.9745127127139 943.1703204954848 854.8156741865423
1206.7322231997246 1341.4361992461277 1371.783106863524
490.3102166762463 822.4148912137667 957.4384462567763
805.9739158361206 710.0145372745112 847.4689189299164
709.1637939513699 1175.3574819199607 561.2048900219456
980.276343137049 1083.1863813437838 652.2378102856419
587.7192597905254 1095.603078963986 794.9982638580162
1140.9461835432062 881.5676633716681 220.07566218483504
610.689042599409 649.441951133947 885.4429291445656
1386.6401832488991 1065.8691421098815 118.7834159539613
1205.7864309350384 684.7966972695956 1029.8057214729502
1053.1232732457777 916.9785348776982 732.3918663693097
1125.6475531688036 851.4253308992472 68.84771415233226
1159.26536997532 988.021505768785 1273.1203611625374
1233.5397500317135 1287.1418448342642 635.3905238444737
896.6516905307597 1399.2945084110345 42.968486556136334
853.6092099314685 1014.170827156221 1114.537269874857
940.4491024964111 1260.9417465387705 1191.3592526202667
972.9540378191051 1205.0755813539636 630.4266911293299
1188.6552223785366 968.527306131648 1122.8610396450213
674.5791550421438 970.2964805844869 173.48264578961098
991.7351845463321 902.0158771132077 969.4136897839669
569.5934294177821 1332.5542054215637 394.60231762299236
1177.6483096616423 1221.7579614404428 508.201160928007
367.5676934726789 985.4105431495228 1081.0648560643479
607.2474720682179 841.6107410974712 591.5186179989215
1212.145294588115 572.6351258665197 392.52790616694216
1165.3651390755347 716.4286031781871 1129.8606400398867
1138.1486972565338 1123.9776137459564 155.4726951070935
844.2760538415803 1273.4061968424044 354.4410711550557
1109.1093692456961 557.8948219985937 999.1041692500819
1068.325950127778 1418.220207904374 785.788472655592
1179.576844022721 978.0642383257249 1003.3462576090668
840.724175132944 921.7995918439482 1423.3311140473697
1282.0287647897812 843.9012878622575 509.0959936935921
1376.4891673666652 952.058309956641 1444.1545725583082
1151.4902375626716 917.1090699970855 54.38227541252027
912.5170760863414 829.160055502478 1125.770216567269
1312.7416488530616 1330.1741133438468 364.09438399333084
833.80522957082 1247.622859834371 1118.7469913302
757.1432196836756 1070.4234956363139 693.800426407945
1285.886987924038 1124.3660260312956 225.53603534013118
1001.300512748903 768.8336295582653 514.4553522790926
1592.865977587404 956.4031797931822 1047.3520646182815
488.75746040538917 1260.357125961704 112.39350366982431
890.6352108340002 1150.374786155019 424.7930722837477
1335.0457404782296 648.9150087514247 764.6257288848749
1129.3949717326898 902.9071173013444 451.00937628224005
1077.9475111833226 1378.3039309735896 140.1471913537738
1171.9321281778214 1175.5996358170237 966.4649021306236
1058.6222056534466 785.4460598613108 17.70935549645758
413.2618826976468 1156.6304487669686 672.9743355728452
644.19258560634 539.1560889579839 1335.2037956845497
999.8658278427991 1055.8862709314299 880.4097382161782
1032.5127011841498 869.7549577725584 311.94573699876895
1176.7175232216912 648.5603746421909 1390.3532415024804
939.5355358313496 1023.1892453574986 1498.4525948222981
983.8075228225626 772.2611251018104 1217.5025591486965
933.4909622879161 1036.1343659327765 730.3501022733117
1298.8245796133137 869.714042586963 799.32402210628
889.6134462632629 1126.6383869699112 597.9730247514142
1068.2317595941506 812.0462506911286 163.3943252164276
1202.458211601125 1145.8677498837792 853.4309798167815
1115.611840536449 661.8359642671653 895.3190032669007
1101.0837747648627 1037.5390240996187 578.9549685366604
868.1615618588812 498.0358254753484 114.46865163961284
805.9830424440015 906.7140676358578 1188.6437497067022
1016.8807603781039 1427.0173419934672 443.23426016092037
1139.4389877680953 685.5015154699008 1388.6020943105018
1033.637535323296 429.74008422464703 496.359968367202
1126.398332004456 1380.7793250114212 1434.0621246894846
1137.085682301184 930.6163304702761 855.4579235976239
1432.236178140292 1145.8835867697203 941.0344604264486
846.035678165534 693.8032250579681 778.2880868533447
928.6502136273566 757.7406251903863 1148.8253042162169
700.8272673067811 1394.4177209873815 142.62776202608646
1603.444979268917 701.9121704836075 790.0170014516794
786.107935148265 1150.5862719810293 1450.4863987772396
935.330887309151 1133.1537384034352 813.7795658406857
1116.288466299878 853.2512474138932 796.3169233332012
930.9558227335267 866.3678266895445 437.5679102260752
1350.511827654155 1123.7636916989075 920.3270489015237
957.186390314305 736.109258356408 101.4019985476054
890.2080938039629 870.9610163365271 913.1989055382323
839.2638905643798 944.8261876671571 1028.2674143571096
672.0481541104995 867.4607736647652 742.2721886353852
676.5294950825958 1359.7892582342622 596.9560909137581
693.960304553863 757.1099397090028 1182.2545225808688
1117.7981661683004 609.3570026147713 702.1808944587757
1099.1945814653127 945.4288641016183 173.79254438498432
1013.6149648430725 1185.9269716194358 805.5047059858331
959.4577918783475 977.9140114718787 124.76170859124214
869.019810570864 832.8656720807012 99.88879764242941
933.4810997931294 1240.528332798045 798.4422523487975
912.9029600975773 1157.31546810263 1238.7677970927707
698.9804168261628 1276.230924168832 908.1107790471114
1259.8111822935844 1315.0764159284463 867.8416375022181
773.6551747407213 221.17686502193806 31.231174560540754
841.4498838711532 1224.285386498576 851.3653221647951
752.508897358065 901.5748110597282 557.0824406524144
1437.5885240030118 1211.430600368673 1070.5699548959794
1205.3406361438824 809.4000155437641 986.258807633248
1002.7416469322685 810.7696359839911 880.4952895368646
1181.773181806419 922.5375841156797 1333.6233613997665
1267.8015637221383 1006.5859607205882 696.5834714310745
1166.2764964565051 1053.9667375835693 859.8091116781975
546.4581905488046 1247.0046490240877 874.9768405009142
957.6573972561756 1061.0681253733874 1407.4582831862294
967.3949695778642 1150.7364525060666 565.3507829567709
969.1037051844156 1568.2926724724043 1053.7021616615164
1224.8555921434563 1248.1805812084942 655.2495153200123
1440.6268132925236 1006.7555172359423 562.915614496578
1102.6053016186222 964.4338565672601 371.5113819239289
1179.9056908578186 1115.8845407534043 7.4120289078181685
653.665239430733 1017.4960947273393 534.966424259266
961.6552146258829 962.30154890812 422.4779429352634
1207.222477799736 1080.5240950637678 522.6782882353542
522.440356844538 1002.5187939233284 619.4753763360454
931.8483889048855 885.8087803975823 1172.3396905706895
883.7891646253536 859.3717080574679 1114.8799106242257
1227.9549127818589 529.5669300043621 683.7245120978016
1074.87213831374 830.2895908035291 1143.7768549684683
999.8092404044961 1455.8829219339002 1137.1331861861408
680.9493273734795 1548.3178455993075 410.401887196529
768.9626313774535 731.355037105963 1040.3628051842945
1215.0664056504415 613.7492379083532 269.69515599234046
926.7579823468972 739.8688955854377 95.42802126766719
1339.3215101996138 1200.737028163285 88.4674423717402
1182.0797244278976 1115.1386198796795 962.0888308745796
1121.2359541420253 1003.9322403086263 801.812527222573
997.8756500954283 896.8883068045315 665.0321840771187
776.5993498467778 957.9114190680134 648.8069762670275
645.4639103732088 979.1987214784253 118.136458754174
850.1040489058573 1150.7488006263952 155.49203505820375
736.7302937837726 778.7809937753326 1418.8199955767382
779.7153208615446 904.9787500346955 510.15135838382616
1475.8276134905063 1207.0835717398945 809.6289630077016
1065.9024201959962 1141.4658318269205 754.731238775891
852.0472406026047 1262.9740237856468 560.629101391938
252.1583585947543 1141.246093462124 1200.8756429775644
1488.3301544081478 859.7300326937052 795.6774078432712
0 646.5705293283629 1401.7850435525515
622.389187064075 1411.4304827010842 1376.4105528424307
1340.7590634466853 1162.3522184459582 1195.8396358233517
1192.469134820256 1984.375427458245 357.91177008829106
964.6229031051781 1061.1293518097007 992.3029697795474
540.5428119865879 989.463285563184 7.142163178491312
781.4348986943953 741.0582686884784 355.69764485909513
1098.5113448972677 964.2015149359368 829.242624718212
1200.4903062965593 866.1235447275049 1304.7736706929436
1038.7675751986242 1337.833382452628 172.31836918698718
1286.3062456348628 1354.727316657069 1047.597716596084
1152.1431946027242 990.2039476520566 64.41119936213241
896.8154988496248 1396.460800907893 400.65303759668836
1233.675396341198 1132.68053985736 1320.7872325620124
1412.4106467183565 928.3386981935523 407.1187629382254
1258.5129770368603 949.3379510195299 105.34623948471172
810.9225831712986 1265.7757198272886 1103.6282411354325
827.6300998362206 1188.7177437670707 383.5221185243698
868.1542186710358 1182.7955273340485 1002.9906762586004
913.5362781860404 723.2447877524456 1091.6188351244793
957.3781758499432 1497.4783436648504 381.39373273091127
760.4348693574251 949.490842211705 664.6358792835936
1218.510214226345 1027.9667223515712 117.51514767565801
846.4580437379269 708.5726466119586 1059.920414626233
1044.2520642493043 718.075585597858 1082.816735243974
997.9973800162452 940.3971141070203 934.9193276993379
1323.7813125268856 599.5231373214126 1307.5780880867235
1195.0742570838581 985.287024909692 246.2379199101238
833.0657692309593 866.853266947367 348.01737701977225
740.0023560374788 1278.7022107421913 909.9879070468372
1213.4798232422236 906.7294241091049 650.0904532296684
813.9408455715845 1060.3017783111395 904.9401747309614
1303.5453670983566 1261.3060153232177 1190.5367731533138
1102.3643835003554 1161.6598716803142 683.8900524344743
791.7894988192096 680.0614025677546 1032.2437379456435
683.0331291695713 662.0985040489909 792.8303487985585
1112.6599075426186 1274.3643507185113 1256.0610316621098
1247.6896331590026 1280.9000989814745 809.4363899460049
1088.957615028831 654.1477078519227 720.8711220203785
1039.8501719185306 749.4724818935861 326.8792990785979
1054.3762699343577 842.3182576049944 406.42452726387614
1526.745168108624 1262.6560039742985 376.7807806668087
991.1271968337461 692.6997334510688 345.07174912955577
841.708517954602 1128.2197545100469 216.7847341638882
1125.3063404895406 1317.2473265127323 1014.7071538181893
741.1075328447328 877.3484555248664 1405.2108960354508
944.928556334215 869.5910004755392 772.6236630757599
437.5379160315699 989.9293984454152 440.1927245350077
928.4902823769924 753.8661356588449 1096.835432153425
1649.554905341165 1018.7538625616761 1313.9283019115705
920.4369506698426 1257.8140370262133 1131.9328117418593
1114.5159617092036 1798.5027056408442 1336.60549509484
1542.805257552697 723.9782040989443 1298.0963447763568
839.7307894655785 769.9041568501218 990.5029407970384
845.0728769120326 1368.4900244028763 169.8299043371097
1131.5064655967285 1191.2783124846842 433.3341522077546
1068.977697868089 988.974655461066 1221.6248363925765
817.5627901320237 652.3834090421582 471.85289597809214
1111.48405211931 1014.0910300810789 493.30188940498374
1041.5929206643239 1252.5419539572356 543.2273303840144
1481.1732476313923 1407.2923636735195 1340.0550258389735
1094.1718629107854 1037.9944856325264 61.84345689477638
896.70464900824 1043.7857543285452 555.1333743737869
909.9656742853969 1111.9028557976517 1377.0015391312322
857.2396765061186 1217.8816284996774 539.7986957315575
1350.715822273164 625.4857637602689 875.2350725203335
1126.5248947999244 863.5896767479246 493.166898105971
1066.9128750023676 939.7725865678524 795.6003530151185
1274.3413283125228 1077.4160721050857 83.94366980199148
907.8120853976282 1396.197276004965 271.85689166098695
1161.1175618643792 1373.4234128248024 248.63815366202402
908.7756996916718 694.3298705697354 751.0563349610238
1017.3408015492237 874.7489518583596 63.560466438770504
1124.3988851864615 923.7610896340772 1489.595294872582
862.268335907145 1100.1916439762635 304.20936392678476
961.773360135532 1168.3629324914289 1409.5002017552292
518.2310385012563 823.2341208332183 904.3986498180664
843.2083611551342 881.8456855220264 547.5497838308847
1238.0149977437316 1070.5638500241307 591.8857825543276
596.5159729107822 819.328736287792 1111.1773981688093
885.2506940547119 1030.1768132780423 854.9531342686988
1177.1502415228308 945.6888843273492 96.08066927182874
1125.1515668471131 886.9367621047459 233.68715289970848
872.8578553766258 1310.9163168487762 1226.440134083041
1343.5355669830942 1177.6468934377483 883.7829707856907
582.693823037663 1134.3391507127412 714.0798624640795
933.8967691551687 660.0524272746864 571.2509927571647
1021.017321358996 1316.597191502659 1004.8636044566515
1199.1729598191766 429.18934461495405 37.43373400737138
951.9961212445177 1051.8006887553058 1274.9633123804517
986.3963704891257 963.7358818960176 1182.1611516571238
1422.4269725396762 1042.7379500639045 820.9509705642263
1133.6689774119066 1081.00676082247 1328.4457256082708
794.0484289171438 1077.72382556421 1435.127424748457
898.632835574257 953.9532875569762 327.4982668402127
963.169823603701 792.6039926015451 1104.6078142925012
961.1015933879969 923.9251855475877 139.38572398435917
967.8695772375677 1047.118488327877 39.30698349756956
481.15645901982884 1016.7213025885798 1383.104487482009
752.6228295875153 852.7813669826554 624.1802002258352
1149.1733890421065 1136.6681949484682 418.35279833110303
1138.4158863654782 932.6453296508248 93.02203684122706
1081.0254427720329 1108.7946939545711 1134.7794991837059
1197.9800081634978 1488.2340097680592 870.9106591498116
1118.7280679925864 839.2907011203406 256.1589351744829
1282.1552065529158 1145.9514102384717 258.0686844107017
1075.5085387971785 1421.620557308193 11.75732030832355
858.5398127599402 915.1232197653881 596.5753438377615
1190.5387390221897 1241.2649802127664 977.559435473428
1111.0457810102384 983.7791576614388 195.22717087245428
1064.7819490465151 1282.4794490401878 551.6587555490287
966.0962623036024 868.8378440913039 446.9515276634546
556.061817052685 1193.7505443421387 506.00887453222015
732.1960175345569 1022.1151952007967 903.9206593430921
1421.9406337851092 896.6723062120748 202.64920436701516
700.0774354460577 1104.7084285812973 707.9224209419012
1300.7663755737324 1412.7379715683655 184.2795452699376
1189.3799616377044 842.0748919428149 241.5507334559272
1143.53232619357 1022.8798618919202 58.28240177081867
618.9103108946869 1023.5847001399457 1023.1256690634561
535.8643490703655 946.8303371091754 1442.677642982985
776.7718795093155 777.8798169841159 880.1219846648338
1215.2041051819174 1031.804395628086 983.290820608698
852.7353206589096 1046.2892988861986 852.3078459113356
644.8407209728316 927.207974710678 380.9062995829468
1194.4733389304188 1197.7243296446593 238.70935028289165
1305.3660041411072 744.2220333321136 1029.8415077637032
1054.4106241073616 850.9099304126294 1282.5426591834594
1475.117502144313 1039.8965386980597 569.541528891709
1399.3312651486965 1370.5815834332648 312.3554678371659
1200.0305786327865 1077.2495549473474 196.26854635036185
1175.109356970801 964.9515012400915 460.4355847982633
1471.1194303679217 1140.7193339694284 946.3626129063284
1051.0915291359481 564.5271219475029 751.0920232818662
990.8333227105812 1073.660322573534 1240.8500170270472
614.8308947261637 1331.941503799569 1333.227385739702
829.4213067534139 990.5531513327543 1125.422739291208
889.4843464590487 760.8776998549018 374.06535612213565
1049.0388864348035 1199.8955013021455 116.25453338457709
1329.5500649464534 593.9820305587175 1187.4519454159208
822.9480890019887 1023.6387054332379 825.6507032783576
1094.0742088511997 1003.3872731360769 156.31555608390596
579.6678666339221 548.0575335610921 994.1973025337096
1487.2165777410328 1366.1056591149718 910.8509332448078
764.6778631251132 1039.119674405366 1139.77492445517
965.3374146150566 1122.4182123323997 1242.9479378409899
1128.5188371384322 854.1486181803064 1376.0300718050348
1257.117744764136 1262.702226703566 1411.6271132849424
1186.9934021506854 590.1695191458095 273.33661594904385
1331.2093532140464 965.4913705195701 1201.607947354341
1001.5869828231013 524.2395159133957 976.4508717144602
1015.6726781331874 791.2258506854339 510.41744126373584
433.334892832979 1054.547497942509 1419.6143901904577
815.9925803709755 1049.934848105411 158.98333961075312
1101.2403207471975 1162.483447147089 165.04618946857525
1013.9821240374345 286.90420475201097 938.4248678440102
1035.920401066608 1188.0097449172872 23.84415279833818
842.3654786409129 677.4353933084324 690.7831122390343
916.8470334701694 1450.7517986347693 467.16876680728234
990.5622528637967 984.7171239502054 73.07543700362923
1048.0445170641433 695.5051525697406 468.1498172285148
1003.61838315816 818.012636190247 1182.6652038773684
549.6265065361912 1283.236869021118 304.138788712843
1011.9951251878856 1005.5555228471019 1155.6700161825227
854.2807509172874 746.3420432839305 971.6787670335461
772.342369221429 1011.9304899007861 902.0300761977784
722.2364115675512 1032.0282470724228 227.0521490512992
1303.6321543182596 1102.6481826782451 122.27328621908035
904.6256621644071 1010.2372766822972 225.25760072198813
797.5464659815398 980.6647270387878 716.7890243775753
708.3371285180442 756.2178198308927 840.3429444197207
984.7453628445277 763.7346897878436 961.4260628972179
1093.8008829584799 1235.3429027103966 532.0649790131389
1272.7128066124094 1098.8930480403803 988.7815107905311
953.7318380368816 1019.5349446969085 603.6095371516344
1000.4658116817873 1294.673253313013 23.83216104405944
823.7182160262294 895.6515435546935 65.0728786074492
1479.8381590804188 851.9428753179754 342.07148744221166
1218.058269861322 1247.2356963389827 436.63823432738735
1131.601695441264 991.181201285808 1140.2592381931254
1262.4964805893783 1350.9116669825087 1310.3418867577238
1394.5656785247645 1028.315704784723 344.55772462583985
1411.8143675608076 1166.8432447331832 1026.3756912532529
716.4181245554187 1272.7363782317777 134.74662261645247
1231.798586645798 542.3123604271954 597.5222774998203
1451.309650588627 1111.3373610381007 781.6853564762288
837.8249888664348 1344.2868179982254 1133.2320880254606
910.4333725251305 1478.1509405587833 379.9363243949542
598.8365999805083 1354.8856752617562 600.1965134319759
754.1886474983069 907.247576096175 419.7510305711425
374.9785697905794 570.2387433131887 336.81259796903066
881.8332255812159 722.8805887524493 974.0027842595624
1016.0099669759886 867.2034720941496 786.5957649027255
778.9293337134425 975.4512881481672 1379.0299607420823
833.1674478315126 689.8704605134528 485.4869555743194
1229.9870224502713 816.1084323718912 753.9937047568283
1077.2871145518682 905.5229556778401 1195.4711298748086
823.2745120844735 656.8991256859239 849.0400988087403
1140.2694094489332 1270.4480289296184 846.6680081156893
1058.8163851924917 1437.969642969575 513.1145130704925
667.4345655432546 949.063223163153 172.69270250531278
947.3512214566395 1004.1357197744557 106.7047604410759
1010.1789443120874 1091.0003710615401 1078.3684436528451
728.5837520457962 642.9478605557731 1363.6183001069455
899.4731750422235 1011.6962414220799 779.9914253374835
1110.561430828702 1096.5988895547164 206.3395299143138
899.370443459338 1068.5952145477913 1386.8943933040164
765.5145236754531 1255.7596107835311 30.556219710204335
1308.1685228874078 810.0845267971497 437.71805904977987
1639.803388993027 991.2129200859184 80.21225355669165
796.8812008520881 918.3354589446686 155.0684520775863
882.0025252518492 619.0750628495751 710.3406435762292
797.124257178136 1182.5899142313174 1073.5148434157306
611.6417215730582 1021.9902636823907 1316.2711356038699
1118.336827637563 981.7316273813393 1071.2533397738648
835.1802453695955 1327.7100743985593 425.774844022879
1274.4051408956 1418.537823475597 401.99411901207674
1240.9070236887546 1101.2179114980695 447.8309004547281
1191.0885092999752 636.9868057771251 282.95382230472586
390.740966229047 797.9458691307893 959.619652018746
924.314485227357 1415.5762114337872 569.9805913481518
609.429957266201 979.9199707866715 1313.141350646608
1158.9959069536508 1009.5128240571763 1051.8076485752854
728.9583587741361 1213.1338004416143 477.2018482610889
1258.1409354114717 1099.2111230761939 857.8799799039009
632.4205619868868 371.1434110920892 766.8285523499532
1390.8183648887502 842.783495719468 659.335569373794
1031.1250250465098 1109.9588094190321 357.35255682237994
908.4238656947152 858.1380297125992 573.7536362785694
811.2871239855422 1314.5383873408305 873.6864273271648
1179.2667872165812 814.4144382365035 58.85396434224266
1467.5412988377616 1007.7499704656535 949.6390099501741
810.4500647749248 1224.5719564569918 586.8890800760487
747.9772442618889 933.6707669037133 1177.7182266021418
1151.7046595416327 906.9029995418666 941.962862382693
855.1776096141913 884.9904683730873 478.14527214024895
792.9512240040403 1180.3435341055076 1346.135219377746
1143.3005531801637 834.1127095479123 381.4053519527213
888.5991712244618 979.9304070506729 188.41441927427516
753.2800509498667 907.9525955144168 188.66197470668178
843.2209828921136 773.610694453127 787.9253630914108
647.2335441135452 720.7068171124522 540.9010559508667
1098.339196099613 618.7733387719303 328.72681540786715
823.1230965778457 561.7066407362095 434.2162936530256
1322.0331262978643 878.2744550439298 1239.7378528552426
884.5583407075642 1054.477770318054 669.3362108199934
1128.7969397525985 1037.2304371514354 1124.8131996664097
1253.2643535540217 767.1184407748733 1051.5284403919825
1252.141304374238 1026.1299695982811 406.3169162103948
1061.5750042920374 1139.7280190679235 761.8408398302714
385.4460826620083 1539.868360726451 937.2969440162049
738.8225292013572 1026.2675751966199 557.0241451861467
664.3239846381377 1261.0433823383246 592.8522782870598
1350.5533414726651 1289.6737601706473 1343.2836867699918
1207.8251721559486 1020.7383428720988 1401.7229027476812
1031.5665657165778 935.1270649537876 96.05882172137531
1070.6668866169966 1378.8319961859488 1111.2945747473855
467.74227274200973 879.4415816652831 1484.8648602398102
1184.8158554851216 1000.2036064747053 764.3289186980742
1044.4097896041674 921.5430852095548 1427.602333022979
1152.0004198593365 1088.957920316898 890.1119280456376
1138.6089256345258 1072.379400993509 474.6003237584196
1150.7472551927972 824.6325050934631 1315.727717063227
890.7971642420227 1112.049082199678 466.89716459165527
1270.7245910337501 1021.6804181643246 111.80412608153495
1191.5796969074756 919.7565847181809 714.7717084800645
896.647148058059 1067.0533431092813 1395.3133262486099
748.8710052428096 661.32884822562 1287.475961744523
645.7027757744218 1063.465161939927 1468.1125070124385
1291.3156640128066 770.5616406327422 420.7443942481171
1139.2876054597757 1293.8202788759038 236.12412320131483
1059.2786270483273 1018.5037453140461 438.063169427351
1361.3236092995885 1089.65656281074 1455.851777644411
1136.9053878511143 1112.3960055459772 1289.265898495922
1114.457986656367 486.6809981003578 110.36000666159268
959.658116382439 1234.6043789162995 1091.594298574201
750.8887628203803 600.3425120942795 137.2557476134001
938.8319744894952 692.8804484741469 835.1203037536771
1164.7568836725927 942.0922029561775 908.228107920099
1120.9683382116662 1302.7247129123498 1078.4816204506717
1202.0246582748937 1183.6558987706517 444.71526818355994
968.1882070333843 822.6253356936663 414.5011987657035
1409.7038777775122 1222.0300385568014 1208.1602777453609
1288.8641959374768 813.0101047886279 89.52882123737082
648.3823985660501 915.0565551925347 34.03416240572221
1529.2328867936048 680.8594550699361 1156.861872446357
1047.1998354625132 1064.2970583088568 99.16953107925065
667.3221924611585 808.0932675042253 774.0947437902425
1070.5647533658582 1127.7920172575514 1172.7237364614982
1351.8720263857856 896.7491171014539 590.218967810037
1055.1519646576419 1200.6972533894834 901.9056248199712
802.9332442248123 902.0215005836019 482.0661161185497
686.6874688988266 755.1326656518934 610.559494378217
938.017303396115 632.4556724738018 646.4201115007003
1018.0110058232854 1574.069105310808 1210.6173940684198
848.3387136501625 1162.1767700196303 1328.1085182138613
618.4890360058901 1564.0652476316916 896.3721381860659
1060.8021730783075 1158.4410034169805 1322.8164299071555
794.02233363704 1620.3867913359834 90.85386830641
506.07168643997704 970.136461382398 543.9102291412513
1159.829981607762 928.938935252742 1428.624693850005
1022.7345945891674 815.1784360313251 259.38551449923835
1612.363468810251 1347.7468816235928 143.0807054326857
557.9227484004746 1101.4794641636947 1098.349906455665
655.0039565802011 1434.2402159008955 824.4246503294395
1561.9565541503596 877.8280845807196 76.55814314935039
810.0046377738314 1125.7630804560006 577.5520203655409
1081.335966162645 1013.4346907816436 1238.50119170503
669.1626746324619 1059.1360531526982 137.22388413612856
787.3910147452209 926.3736563297432 902.575642633408
1396.8657623859879 1526.6829942056518 373.0868290803075
772.6762098800675 1108.9066716288798 184.79134585663053
1353.6166638471254 551.9052101985094 1384.6177069476378
1412.9209028424684 875.0993217517832 1365.3344190173557
1379.2407560485394 1152.048415144366 555.5806614433939
946.5723335692904 1350.628013290994 253.12453479366133
925.0838259960396 921.0385734281654 1450.396708986615
1087.0100727236108 1276.6007801614492 1414.8402990690613
1073.6304331817885 1214.839384925855 1152.3734285104633
906.6662005059543 859.5838434031313 346.9917769043655
1154.7219142631934 760.1345389795775 1429.8779038824196
1206.7312921474802 1058.0710686388522 369.2405643955437
811.5156624960142 426.8398381963907 378.75671465145643
1111.7082604631871 671.2270430651531 697.812893503877
1075.7471111046868 888.7931296150837 1042.214900042287
909.2163791241376 1455.892581099471 1163.214359830452
694.2712402750167 1390.0116012347864 558.1268757021562
842.621186056755 1180.1244537947891 1287.9934991605396
963.8543282901167 861.1034003720863 971.5631742738501
1400.6162785411866 922.9389604783187 515.3552938214985
1148.8572869167501 869.4033393539279 1479.1877852413843
1187.6813649648998 1483.5579208132085 821.1301776836355
929.0162692276664 585.844589023345 1008.8177861647798
1027.8181738942703 1107.7276634642046 301.0164866247519
1078.469130843625 1208.0642045790846 53.136176960114575
1172.7683200792926 1051.5096399337015 354.90313498865873
1041.9299970272089 781.2330222251028 947.4779123738842
836.9433226232558 697.2430539207538 111.9587550615141
839.7336868343966 1117.748249354391 1189.7124741739356
821.4390342754795 873.1876187887899 400.6608782417564
862.4962291698564 1063.3590693073656 1345.2501672507015
734.6693621585537 1088.9255132586275 1143.3853975085578
1368.5335307557657 1501.4865070840488 21.487850438905276
917.6502730080709 771.2614580621844 1162.788948359681
1524.9386184227521 840.4210352908729 928.175501924963
1392.246391869201 561.2713349294238 632.8738304780682
548.0541307642825 960.3008409520824 297.0313534903149
342.8872770198486 1279.6601236385454 592.9996845725475
628.1196024197442 947.6186117605268 898.0218122988132
985.2675952868357 1399.2677403859102 37.81860668937143
845.6429183554542 1327.4482379019187 191.44435872728226
696.517341262816 1171.6354247839581 950.1536483824688
1164.7890659811349 426.35527424898874 171.13373983990093
1078.0401136883088 933.409775791208 1068.221130994354
517.6985884858047 1056.868499161626 1324.5861209412983
796.2843349759842 1128.9585552438346 707.9873634688882
714.1218229552067 1321.794422150726 1312.5715492563884
957.9610259371492 914.3849922032052 89.0892996897375
750.2885045955464 1131.1058279583654 1063.681702963309
1231.8565631136228 679.166792096088 1451.7507612343388
846.0590959854333 1018.2858013586668 1289.468187113936
1085.4444935030313 1193.0988380987233 194.7640643155354
619.7684867247126 1226.2366645135517 1070.2693765468848
864.9206230682112 1410.4861040665828 504.4503327994912
877.8281952288594 1028.2434037293224 1484.929571075706
1427.3549766538833 1512.1782867729448 1205.8672302880589
897.8631540462742 906.9098954200418 326.26341592321006
1387.743053788392 1432.9479543117247 686.3118936758659
1191.6285793401435 643.6931611048451 955.2921830830368
644.4972949063922 910.7603931187222 715.5234001596114
880.3731543644905 1233.9901168416209 1495.639046047713
856.5678634686946 846.9397340499047 330.9337950979431
986.0180026869821 1442.652521818384 256.48254078059034
1321.3974457600855 1167.2491544357256 427.5007247708361
936.1261544698559 1034.8252954479753 352.6198221492696
693.705310842759 1050.3902122276843 217.3797476519095
1060.526882182634 1258.9614904580603 537.9695628454922
871.5291286544352 835.2863248898242 996.860252601808
1043.271054665719 1040.5689719358008 688.2683194174065
810.1811102161482 963.3389364373132 535.3219557218301
705.6522335317094 745.1147087323616 85.01616597148859
626.7302517742668 1119.733964846982 1181.3072726883179
581.5536490293708 1114.0163516930888 671.6406413962771
866.6508317142537 1214.5278509740538 305.6336464364195
972.2166029746977 780.9848436954907 1023.9933931223969
912.6779811164508 1029.3820216024515 1339.9077435971321
899.9920548073937 1365.9596141362904 525.1361443607653
769.0488940311191 926.8182511959271 1205.5782372529782
906.6879217866409 942.3544644368328 633.3363858723776
1176.0406927965823 1130.6234111608246 652.8226833229727
1318.1743422317477 1406.3613547299076 1198.8308241313323
1047.2427584424925 1429.9088417296052 64.35428992706349
864.7241717560084 1080.0135127750445 516.2087792004176
946.0391473221182 621.6576298084067 951.6428619233087
1128.938740833542 991.367968455412 1395.2318713649597
1110.5609980879901 928.6340677912077 1420.9598239174068
1113.7088948558164 1449.6204431948786 983.9552982868172
1248.7060742115902 1014.0263522148507 583.1481498066544
710.8842851155418 1020.1893209329712 247.05341494941186
947.3446289752952 1099.4781021022552 1165.7544095966132
789.2646667264607 1322.3261125333925 1321.8396439054482
584.8704162365032 922.8658747301997 1370.5704800463252
566.7944777658283 1336.6389613296074 1154.524572296136
1236.332266630799 1616.9837557459168 42.84016971486471
584.7101503756412 1072.1467704256152 392.8786213241231
943.0822969077713 850.6913132633773 892.2833466111879
634.2279669500422 1128.5385909616743 860.7268072419532
1355.6848352112295 894.8308254461666 464.5096176128531
913.8760490675191 148.65150654560853 643.4097239285816
779.1759367816911 969.0228628616406 380.7418906942173
1209.8573814522094 1051.037350745756 330.6606343016958
525.9779029470835 1022.1661710945589 1474.1914010024443
880.610806322329 1038.4766669227454 821.6117146390834
1005.1088753985946 1245.200662422822 144.91916582291907
721.384236452809 907.8265577727493 1182.1534502036086
1345.882540956617 752.9153474117029 1281.6374380991924
757.9416159765783 648.0620313371562 1113.1866273982664
917.2454894300442 617.7088901729195 269.7389168531059
552.2609312907147 1145.19709789314 728.4085804746438
1091.4859280164628 1021.693405016514 839.9369959862374
1024.8162273574158 1200.1671816787175 1358.593577124602
1185.807921628761 1222.5926332634526 1060.092871617065
998.0376968904694 925.8824973153329 17.209802531098106
1231.459636759137 783.0039141880184 375.02403891654683
847.0263846804235 416.87266060762806 788.9955020161468
1374.5866491821864 1363.2373905389982 893.92987578256
895.9203801280614 692.2009458058355 273.71037539711944
874.6110810426871 1182.539555149517 463.04675293537076
1096.2373320292925 1128.657270456582 768.6169710743461
1065.0332082436978 1360.7934738932265 696.9643649590673
572.9002796203274 1319.8985987018232 1461.7042268969874
1210.8076206266335 796.4102386138269 150.97508918295188
980.9595820513963 1202.0052054303271 1333.6753202826933
1339.3946874157634 703.7256660446378 200.0465962708824
1190.164549058358 1236.905465593861 357.0813280866923
633.8016261301539 974.7227668016972 403.84828689555303
536.9133925524029 1009.1680477536446 181.2136499768607
1227.873923683405 658.3681787791054 1459.2476121272737
957.3945492198592 1088.882059522377 363.2067476035309
984.9151053155197 836.5040788747717 1234.2140209391214
597.738066476107 1270.4631305517873 513.6744294458298
961.2051806131549 966.581544347995 54.073039909335094
1122.0946573039346 1039.853831168798 1257.5074199049832
1045.0467109235794 615.0492644296737 223.23469619841757
790.5863799543819 746.9097179056856 672.7722764651737
776.8259653660222 851.2164660943197 994.2616430522907
605.3477488923695 1090.6835965976995 1093.5769553737575
931.3246502094963 1148.2727251627184 274.58597347954276
1014.3951118681582 1244.866425567818 414.07442190664483
795.5385359552404 1429.6844162486088 1201.3049164359563
988.385919314743 1121.4119081715519 459.2426903838009
907.8507111976583 1137.6106302373876 287.4762323486841
990.6863858151304 1013.8924939900681 929.1963992360188
816.9737814896463 1194.3069374832007 796.8989373766375
1061.6486202828653 764.0350185234083 887.0730266011351
1206.2101307290782 681.6052039308227 167.3959964676261
959.7173007592811 899.5515232546347 253.05571405461507
1210.0691083572606 1016.0578691244583 1183.6826623220493
1032.9367683966868 1135.555880601772 1207.401666752921
858.8908926700464 937.8090238599617 1208.1039469921527
1176.4661784729624 1011.3086751667571 241.63742682760216
553.3155188299118 996.5131799277059 242.27462620379998
1148.109956127281 797.2856198937053 43.55124182809988
677.8439849201051 1347.7312417365647 845.6562733571416
803.9014464288138 826.930274438768 500.15057268242435
1260.5753558152805 1146.2663067607245 790.1357983616939
969.5457831462937 1038.9884951334986 261.47575721824194
1195.616950061639 1168.4364581713737 595.6537650170087
1051.5752553339628 742.2616352111007 1092.677651481079
1067.5084453412837 1045.2071104608299 707.3686138302971
1350.7602421052943 1129.3778728898194 193.43907949358587
1070.5723376290937 692.6737792858057 932.2761577473958
1368.1453803512677 787.6794280253093 645.6088669028117
312.42812818482025 791.6853580505187 1324.3244720296775
1075.1462866293202 934.235395205143 1325.2569038065894
780.3057079555033 933.7469923288393 686.8890360189898
673.5022361586396 968.3392015571164 1158.8544354635453
551.4134757059453 1234.1773728013343 1220.1476460732008
707.4095324902514 816.5495700659009 96.24285791619053
1061.6497574679104 806.3046509638805 1173.6220151183963
1180.0664423342757 950.0044504137566 780.5362220193556
1099.8252927810124 1196.2431234000796 1139.939903022123
1075.4311800574633 1164.4546932587014 921.3050202486693
596.8552723316002 907.0087515973786 1356.9343676182411
768.1281917455767 976.1982726474623 637.7874057261166
1262.9743484033972 776.1480044523531 104.32054481086305
1019.7186863806841 1107.7488890658053 1454.3241170410463
968.3320482738701 1231.8168108544614 683.8117790957882
923.5115925626175 689.8615573501646 602.8049527825455
999.0950168474565 834.1842673514573 662.3594211293433
1226.9337112984335 1048.5826469982862 756.7846180746988
564.3193402089853 1029.4873058927294 796.0442910860252
920.8776926608161 1017.093104607965 945.321237991213
1135.305152778124 1190.9787476975714 1478.07800560623
969.6308236869066 850.2590602731667 1193.4909690673835
1378.244464070488 1263.5642779899304 1377.295530542368
1332.3526722644324 1199.2117884441122 151.10169618137138
1181.8334746882688 811.244294582364 1016.024617713201
694.2580399812302 1128.0160473814817 267.0998885786882
902.643760260527 728.4869500501702 1120.0726897813051
1509.2703858391524 946.7449928158193 353.71503468487043
1136.3018704897277 623.8860684811367 284.9816768483501
1083.6836648778412 1135.488108681714 903.0861260898702
879.3170595231951 660.7178283816108 374.7997379469226
669.6749605473353 992.7183653940866 817.1603088788061
1131.6124386580666 982.0438104371907 565.1404596951604
788.0802980699119 1077.8022618217444 347.3559320627334
1306.121371696135 1058.170728315914 1204.3110222516552
1426.0757146717256 1121.4331193988712 1098.608246882255
941.7276888780966 1125.1816796081619 154.7357054075044
1666.6736768505725 717.8449217237519 1266.8427167643108
1147.0762729872254 1151.9125227560335 574.5564338576917
981.8070934770751 693.3361289241727 156.2079596243236
431.9871245080765 1014.5031539842753 1444.4642116813443
1019.3212465668751 853.9563238919216 727.5000463361517
880.0814460009228 1155.5764958282145 312.5513063402297
1509.7132496455229 939.3106397814869 7.994508306292502
1226.431703790095 846.903871178529 660.5829131941814
1266.2991778057683 1092.392567399937 1133.764465074154
1183.676832375889 1020.413344879882 661.9491070705719
1013.2143190240071 1130.2196098341417 602.2278373149794
839.7284972696111 1303.7577413995068 625.2648584171365
866.75810493783 1271.9003365069243 409.1986647009206
667.3087187689985 1185.8716036862852 1255.957537818842
369.04889297618877 354.5336575176418 628.4505099659037
837.1549790883721 842.1866739310802 349.96676622727745
1346.0277400026785 1125.9850012913098 189.91919320405515
1016.4823749468364 1037.0477697265405 677.8679053042026
1072.091044666034 1198.9154970858021 67.18089674796384
1336.506756710867 1079.553050171297 932.8216595657167
988.8946718711255 853.0478180539299 1102.5899434521102
881.5649722789885 1131.0649846374943 782.2225047034005
905.7616633063299 1421.2266192107757 1185.822076740535
548.832453091673 662.4516361775254 478.82854094744516
539.0929548351018 854.1222264209035 1423.3104123697779
776.1300375432421 759.8145664618728 620.8923507923499
1098.290682563682 1386.3234498935851 597.4405188341507
1405.1163588397644 989.1328593866823 1362.325177835575
1558.078247435733 1315.8839962557925 591.8395508301862
575.3054846925974 828.525900859314 400.3967578291008
1240.3074376485645 802.0957647349553 1331.0817699148406
742.8259997092964 825.2975934556996 840.5736826245159
798.4018487685908 853.1572058657433 1320.503741521945
1532.5514650375685 689.1614099468966 415.88374130925394
1072.967931062322 710.1258754577623 1072.3050396572949
910.2077580968422 976.9012994170249 342.5557491457194
1384.043537749395 1152.010628023084 1245.332580281417
893.9365340411014 1174.104037606882 969.5571335655341
998.6719659389826 1153.285595183609 212.99545512395702
748.821242172326 927.0517022972062 377.00362488285447
967.3634951430087 1191.4068461144677 449.86239754388623
770.3994854543296 1160.7387338469478 842.2820336454334
605.7191508718819 1267.6592626628708 180.80848218352662
1002.8709399464524 1525.8100723386333 967.9568349185108
1424.3770666405217 929.7023591814209 871.4783490034637
998.8826507088513 630.220114900405 287.89985533165645
632.1231833890818 1146.6002300232892 1383.4346983733567
1134.5451368347267 544.8767205489431 1431.1543017060815
1185.2860274968841 1470.5244984353703 690.9698583075183
989.6045878111819 920.7409936663211 98.16583070957974
1097.8152941808974 1220.222718737043 1185.663145220566
996.7902850597695 788.0202509519726 669.075151500601
680.635822159931 1600.8628806678425 32.45538243628992
1148.7296066334648 1543.3219536070537 1279.6971003459275
951.6926835131773 697.3054708401648 1356.863117699596
824.5825458789373 1351.4584339858256 280.83103035236184
751.637161047737 1176.382394062922 521.0771077397712
1180.2270248084458 678.056650485677 277.18970299568423
1114.1430000423202 852.4742761713342 28.487502907959485
1321.1594428318522 944.8060317844762 1458.3535646132048
713.033321502652 878.8491145851356 185.6337013398457
746.8390761080225 1362.5674084565726 996.733341259408
1050.4073006047154 1267.5486335953801 1148.4885790551502
1320.331121768719 779.8281351341521 95.86804044777658
1082.2976971820497 599.5670039124228 915.1754639061262
905.8021806717805 1186.976741049356 1181.1667047640435
1172.8946280270566 1179.888857400389 1356.0584959191315
1243.0007117688365 1103.0351758503912 508.20241180920436
969.1704065553336 1300.521511673248 135.56346812160652
1054.0467818482653 825.6615948657823 1148.7842469392713
814.599420801302 929.1707414707823 977.19475720442
645.8576342195939 1446.8404131653529 47.95669905974598
1144.6787775067853 770.3012212609051 775.9776530743857
1122.2829172718828 1065.9396919107376 270.66069405465134
825.2718464872715 913.6236957544273 1432.7548026823806
1212.6748087783471 1232.9915558876119 441.60223935710025
1248.8869417579403 940.3077964376687 1173.149230703826
1012.7389447228858 801.8286850950926 656.4780591820584
937.3012197446019 497.59323982517657 477.82613821939856
1305.9247496919704 746.4527049991482 950.0351805110836
1095.939380986435 1353.020508982788 1309.5456237794988
516.404677868295 1095.6441343343604 1359.605297324768
728.6083951428516 924.8060333120344 434.24042865994176
1266.835703074835 846.8221976578692 791.6404305090578
719.7945463946157 1059.4330043493435 1210.6579296707491
641.2517324375619 731.6085847171142 1420.144659202714
1036.3502840312083 1303.798189731971 123.75762986292816
1153.033104048344 1135.643050782774 947.1269096879734
585.2634984848424 1371.8658419080048 188.08692144863969
1108.4182442323784 642.4400379894224 8.60250049476463
654.1008464905726 701.444904548486 1406.8797629146707
1059.7290229577602 921.1602895639852 534.2500465833522
956.9693507567431 1403.779644543247 301.4193768235741
886.1930498855005 847.1609749279474 609.039351644905
524.7846217069527 1054.903311606996 1378.2305370386177
484.8026636312055 1120.6813258946502 1305.7766399955776
1102.820168094459 944.1240246846462 1250.8178711703438
990.6586572379122 1541.2156730335441 79.03719388599673
1013.5727832343649 1388.3370925422596 69.67448785011516
1302.7579045443747 957.8247488328705 1275.0616001571711
1057.1924904646041 1191.8707715835135 721.6169680321401
1208.037519999323 985.5373369740229 245.46983504200298
1030.2387767723917 939.0669616428402 1408.40407259034
758.4861715986558 995.0020808883683 1267.9108702410335
838.4028569608193 914.7232016345422 105.27434474070924
581.4644059463712 965.4774360601067 92.27662220405392
937.2815027353372 839.796736534985 313.0816526537732
1300.9606994504247 1352.749197922567 246.11704526554257
1160.7768845352243 1309.1136739673543 583.8227462292107
341.90550122592936 1027.9440452853064 776.631882271555
1444.129099413768 1344.824323986689 1125.3542659781308
1143.6128039092116 921.6021294774754 506.79968192056134
733.2448535684272 921.7382084556835 867.2401324350562
1195.4263883557508 1317.62670519808 771.0703579739248
973.3040596992296 1149.2169837122321 1289.3525692774576
776.1190775018748 979.9834405301933 1050.8745320155147
1006.7381089425744 646.4639258158163 861.012506378353
791.2966029885201 858.3483897467777 869.7619684125708
1423.8623562826501 1164.9827043388402 206.80431611501726
760.743630170352 1346.2735326030045 291.5332854649661
971.0544521291702 985.156168414558 236.6417967304854
869.9901497947683 1333.9178269203483 283.7865872578563
386.54795445788943 1276.9849092181319 148.44257947135642
1593.4411658414383 1045.1773056888408 1231.3158424850476
916.7992395896268 845.9568987208436 701.5745402782396
1242.3005069812025 694.7835638387282 816.9858614158107
1499.8338638431883 906.3104117043198 637.7823684836368
999.4246750539202 1047.8575247357544 310.814212443515
1144.2074037072873 815.4962267212906 1241.254423395292
1271.039522103296 748.8222279502081 795.1500326870445
1136.574321709768 694.7797550500147 725.605545404666
1152.132992009144 739.7576661526005 328.59620610690126
1591.3903741390914 676.4040344121327 268.27831508961407
1637.0544946945433 1225.381266382993 1257.4926395339735
937.5539804075983 1431.4086587839993 456.74723065157525
970.93129767264 1445.2750931292617 934.0842932793004
1209.5629003316517 999.142710694118 1055.9690265102508
1018.2401015898841 845.6978426988715 722.3931432456039
1197.4788587126704 789.736845173979 644.8042137740935
1779.4846402303556 645.208494237737 1118.5541366988823
699.2133593779911 940.1185804035082 1328.2440552102744
1215.8391312430304 1059.405314068677 1040.507247804203
1250.7914589530537 584.8790957950441 1446.4457632105145
986.1324417335975 1489.759869061767 327.63179577495066
794.0492261677146 772.0215458484497 298.6849042229439
661.7804251195765 657.5563376021564 211.09303793002871
1036.4178045582473 1264.6574986487296 552.5479749053052
1333.8061325703845 1118.1580023076167 1252.7991430825355
831.9225956232942 1210.2655138419377 1006.3993987296952
1197.8017758459596 1300.2369935056608 200.84648753014523
618.2666612758703 670.0996616735897 1473.9095065021122
1251.6334823598331 878.1547448374347 175.25321398571108
1300.8786119545955 1151.109762447584 906.0143193399869
971.8692333290505 1330.6307175196819 1247.2549639354468
1385.433601273467 624.7482092707442 168.11107669764374
748.4463422449573 1270.0311624201063 1097.0860680863368
1471.9483464544292 791.2947171315283 1134.317392381362
957.8049640681849 869.0883854894521 199.60356614526077
1293.8161248878 1244.5142204315835 159.35059071740693
1060.5195031579133 938.3296093645008 883.2603336582861
1255.6391332100382 1186.021238583416 14.162396670282074
899.4550637511592 1081.971333300824 992.545338590841
1068.246439859705 1228.8221409443101 1321.3134369011743
638.1473470555002 1102.6922898981147 1037.4711497806607
938.1921720346215 1258.2653174791262 1027.1970568590173
770.8495352968197 1245.2212582723473 29.670075860109225
1144.589352088543 1088.4008983665253 39.22201607967718
1000.8626003345257 325.83123636103437 915.0603143006279
1264.362624638237 1306.872753511922 1206.4157560842227
987.391418436745 856.5533853050666 1367.1141184046733
1159.1396920961818 1051.8069579934263 1251.490937847328
1046.5305976036066 1102.290921267694 459.713363952852
951.9535331915534 1027.380972870773 896.0184399453094
1226.322796725273 1218.8700940361143 1435.573384384056
477.0302360492516 1074.6702930119645 1112.3073780716766
1148.425622797334 1019.9633822724725 832.5982545004906
1109.2712149269728 1097.380449223446 1107.2174603523285
1040.033018843304 1221.9103347610899 1023.8505405318322
1130.1197445891 1037.9055325834697 1184.6087928966774
1063.25710717258 1173.240582666865 776.3034382123874
1328.7171168817595 517.4346826265303 178.41560165482605
1043.2511614292894 730.8398845324255 850.9526473666191
1401.07878001578 929.098548978394 189.83564183435348
1092.6644568903325 468.7727466545882 804.7631410717034
890.8582665114537 984.5656086310252 545.8120409748677
1020.828340620528 774.473412676133 475.6090132308464
1610.0426962166819 763.1249420678686 1366.3676621727275
1111.8371024253468 1160.8056659229458 421.7367876230816
770.7807787520302 876.1249751564602 1168.444780367468
1055.1597272228537 964.3087133079333 899.4100233251561
879.1260497178229 478.88191688337315 1247.4242147002983
956.4298662768092 1167.6590243049452 1491.4787103593821
1122.2316094985613 1398.978034680656 942.9762534106708
904.9598817965756 778.0088863517119 885.9703572445486
1085.738764097163 943.7102595253451 1389.8553497337102
1205.4441655034445 429.1237122035336 474.104964530628
1037.339853623392 806.2878133857643 462.9892829272036
797.8026944848833 1181.62699905749 590.4803869364157
979.2037397685348 772.611308458117 134.68605162430418
927.3338261469661 872.4618185316597 824.371047302218
864.546134590905 870.0326877346873 223.12418048368028
1078.1702567725085 543.5129197906953 631.5560666403121
979.367041361298 746.4671434511777 934.0487280085146
754.793544391287 882.6087870263508 1060.198647735123
1735.7246181304688 1011.1992556508849 800.3676429605773
1292.4975959696444 1343.6949230930873 619.7139451505468
882.8155011450033 799.5089232510354 506.2839958421141
1226.3493053398724 1335.059650122158 275.04915719628303
1128.8936038162922 1049.013771306653 1433.2379930246545
1191.7214648360618 589.2324520874831 778.3866527942957
1211.753111996387 1064.9582107467272 766.1690278586536
1389.6592528031974 999.0147269553019 154.2716726693435
1017.0330478560961 877.1329550679629 1227.9346986784615
959.9874405738864 556.6437335970834 821.0956952262392
1025.4116279527675 923.5221075670661 1467.2766484213655
1062.0960142848674 1079.626371344889 1042.9542299689058
1109.0728732009052 809.9362227133756 321.1239365748595
1123.266242837316 1065.0300566730737 537.825723085035
1027.6632633392853 1120.278565992704 830.9377691992038
897.7874589992425 1233.2870301546357 1160.4713702209804
601.0241508062461 769.5330309071269 787.1696488991773
1394.6137983727356 1140.331284314219 1152.62525942112
999.9834115250811 880.606519982785 898.3723826143266
726.3638880966137 1504.1716415261533 1137.3287912419094
1141.1165492504435 1104.9695162546866 1266.8854421165975
560.2968059307827 841.486403481994 402.72701816991815
1111.6590361230199 1094.0744637206608 1256.4079689593598
1126.369650357506 1048.233908472228 610.921960037589
1136.4193135339344 1440.8729157241826 172.00737845792835
737.5590479318539 1129.6649865220616 606.3019641438389
949.1395615804075 1167.5360096785128 551.9228875954942
1042.4883871214083 1070.5756245489272 631.315991605172
1462.5590681442338 1026.8452750258714 1096.0631277084165
1052.1767234332751 1380.7145952283297 1185.6375200971522
920.8920322908043 744.1943603440177 383.7238765669428
576.5964563252737 816.8612180177031 434.2094057872495
759.7043214541249 784.0642441753846 378.79878907094604
1125.628737975027 438.0643714309027 368.86385124924277
843.2254108606567 1620.4750334705982 694.4775723288269
974.3113073819229 1447.235952322903 832.27210625311
1038.8935420420753 765.9900126534379 1187.5373595548488
590.8582112327342 772.9674177685852 60.331404255311085
850.7193359356684 1130.8663163896488 584.8538375609429
1330.5794555853672 862.7588579177726 328.9027332388022
1057.924747112048 1063.439926663704 738.216027616509
1313.7041266989359 773.7498264760612 1369.5944794819616
849.2613828472289 750.0487591139758 120.08499750221901
1257.3306363947659 1047.5259220647195 450.7890333808477
1138.0617093970266 741.6550120140425 1264.2211152938237
953.1615809196045 824.1905062357896 624.2926339395281
1537.4033575135995 999.4824104455039 1242.3835910550163
987.4769569289351 1012.8588617124904 298.23210911441026
960.6352342173504 1101.8801079124646 295.92088615811656
962.560436700193 1000.5850765469089 1188.4314496054099
1014.6295449235987 971.0010191387915 1044.2612380541834
758.614868436132 1215.0276172273227 1260.9913966871825
957.6862939500946 1321.6916562876297 35.569375147975755
737.9050646830228 1056.9451961461884 1133.0285569299024
1076.7231972364448 1106.1180734970592 40.63532116183721
1119.8016297675906 771.811124136926 76.39960314622924
478.2750216365142 1209.8814108884371 926.9399187620334
964.4014333684094 925.9296297345136 581.3935812760412
1089.696275995789 1267.7267115670752 1334.825556196625
1093.7376461329668 729.6029361392605 461.06535153752003
806.2271083926689 872.8710644937358 1205.7820263676106
637.0872241351587 1419.5190384293937 744.8306329828091
1209.2219367576922 1164.3251852914716 385.61746172132905
765.1121713119838 1383.6114280516122 1009.5528796289262
1275.2063461325988 1238.5556178162415 1498.7332978325796
528.6051918870751 747.2541506425428 1323.2014530007643
880.6701017252299 936.8582333317129 1039.8352885633756
1022.5702835629739 842.4053709496205 951.0244848171401
1269.3094885182252 970.7062125643672 546.1512054074991
1034.9280224688293 953.541447482073 711.5547622587404
860.4209209673356 670.4274345562023 44.85480963082317
1028.2920179047924 1138.5978213364835 210.110095024293
682.1472364434298 737.661046454029 1301.0509958334633
833.8522611810188 961.4183957604643 223.93572520189693
598.5294410031784 473.4177586046767 234.66081360122044
1512.154191088022 938.5859649978429 513.6982427876379
903.906707321803 785.0816007560549 852.4817780254203
1026.9892293200842 1110.8506853194601 1247.5640550871897
1403.6174051172384 1025.4541279627263 252.60320756931947
839.682793059173 1138.79569596646 1244.998868884984
1459.0622207442457 1228.4211747270213 719.0727842572239
1292.2710128916538 874.5854539853686 1065.3987612862513
825.6067582325957 1300.2799770903252 1158.8478168066447
1282.073908324572 678.9090362620359 601.4916686904286
395.3096767585994 1068.3969727163678 998.8333450962508
709.4074165383265 1328.59705145586 1086.5413659212368
1111.3828830438042 1276.6931775455269 1308.6542141288387
894.6023136135235 615.0697927706135 1342.2351509161165
971.365844942974 909.8491298107735 546.3104709008287
818.3957976563772 1242.7681545098683 620.4330282099234
1071.8957800688777 1205.5476379211327 749.7949988897991
1114.9525169932333 687.1152634431664 740.4342483022434
646.7260571671765 1400.7162885446153 783.3804901385921
819.1656619229234 1078.107785090757 916.0503275246132
1329.033286979064 1114.3272408007736 823.3975269478527
995.5171013156389 969.703689772447 292.3623181475543
1218.1773766728566 1205.016380371593 594.1685034874914
1077.3316950419655 849.5952620187554 1072.3680476128598
1462.0208916181846 1056.484846896212 273.2171610302685
864.7938413927276 1379.1902026689309 555.6505288839243
694.6394796274176 839.9908705724586 1236.6541451490602
1210.0450917373182 813.4791251403213 145.5615198347256
631.9894800213654 1345.583751156216 1026.2627133576239
1161.0010492527947 806.9564588877422 889.4569220146756
969.103642460745 970.6588788698946 873.5107991877627
1341.4668627334468 1285.0872599691702 401.775389874958
1200.1918292397265 785.4091059031283 1180.0574194866497
1247.4407502456725 1198.946767395849 1478.9415103364145
978.7577225523005 881.1630078533526 1361.7328085724034
1317.6782658412112 979.0786758396252 657.9894059829785
1065.9724429925338 705.8368229859968 817.3970061858118
1423.9617232715746 878.5871693754955 982.4854129737273
1347.5261234901516 811.0494371714497 696.4112139983936
800.1527619013708 588.815007885948 151.65215024135242
1163.6893001682133 1387.0302674961408 1193.6848478028703
1041.459008801049 1156.1604017843636 1223.1581576686478
903.5897817902776 858.6707729652001 1220.420337828039
1278.280142850554 1127.316598135047 1285.845652695347
1110.9700716191192 664.3139771784722 842.7869924515164
1086.0334286480243 884.7109792428399 829.1017232032402
772.5121939104911 1090.6369601362762 972.086116550814
782.0522084964001 1124.1978039336118 1469.5178428336367
963.3676466500883 866.4647017100564 1021.1851427109481
764.7774128816432 1244.863450975011 919.3423756272209
1122.804717192706 1364.5729394032196 1339.0928841536104
960.2498232146639 779.7072087059959 1269.8253324536058
1054.5019834054135 1121.8294757799274 710.2746427159414
1210.0798309869829 1098.8280868699478 377.6525495672855
1185.3928639994995 1185.925733206182 189.0671676188242
979.1080278042122 1127.6388927250232 1398.0779289811533
1059.7337243497655 756.4090455764015 275.73265144976654
996.5598063560656 1590.3260772333283 502.3776563600512
691.7323318000876 568.9864137710778 987.0016395804903
1317.2136138418161 981.3625818035547 391.7031619612062
459.56086071219704 1436.388690092463 269.1429754625728
1086.5513919736838 1150.9098887321052 144.48881198763485
1291.1024160088975 927.5364568665365 73.73665199504286
1621.082169883357 982.8327894406285 859.5671008912417
1323.953814285833 731.2416541024154 1159.6062916911278
1086.2689956814993 674.5592475155183 1142.8708767396367
1085.7479788072305 882.939861937005 160.0782233165512
915.3173906824964 1188.3101750096057 1192.0347431386947
1232.4064963636893 1077.4654131969498 1234.4831779207834
952.1520268103329 828.3073702381881 1148.3584302753998
1018.4477851329015 1086.5634830501606 474.2117208924044
806.2732472648714 1531.1605638452284 706.2668885229875
653.0855513552056 1208.0525840380549 1184.7198233559973
1342.2492810734743 971.1517315737651 55.01171827183848
899.8703723746081 600.6047059871528 1462.234588438028
966.5294766121759 843.6008920838743 108.3995728339427
980.201990624359 1250.6102474459785 1047.995256143036
1028.714719179991 1259.1447366140499 1468.951948455777
667.9166668626542 1006.9131013426553 263.61703837724485
1053.589941811885 978.6784079876725 1363.4691116876666
988.8414548862783 801.8893872885383 1075.7236542087107
1101.7193987398205 1224.9772309737161 254.62988602902396
690.278026564143 775.5848294840172 125.65219314548604
983.2493009688021 634.2468287126374 869.5618245016102
768.3708750203035 798.2741789347926 15.476374292868467
711.9212000592256 754.4866100322656 624.8736038780324
1479.1181006203415 898.0275125297782 1190.581104246388
783.1766624864581 1262.2208166624582 1241.2299144445487
937.5274695942923 1090.2983454664702 1194.288102066278
1065.0503991664077 1114.1971374037103 339.4464820450439
1289.0482149544046 825.6303873439291 387.2869056322797
435.74044760000857 896.2318182038322 364.08589306842134
1134.6815966272347 557.4347442425052 924.5141084124062
962.0729730009328 753.1146225114451 1456.8642789036924
917.0228870853348 904.0502541962056 730.5388636395617
1021.7232918381096 1455.0950007644508 1409.7749766885343
1081.251439919432 1244.5484679640601 96.78077282857083
833.9772378750781 812.0169634384306 976.9297860895522
851.790346006106 1107.0385124019956 1075.271977681084
895.1515911408393 683.6236731896331 364.3753929509315
728.8337911474785 927.6777822944587 221.47808465672597
974.9830714817156 1381.9190256064317 406.1358674008839
1282.260585618849 869.1419809575714 715.3278102955533
709.2681121810958 1351.1943162058014 1176.9796263649828
1215.1119994458345 1214.9284586098875 952.2318356498422
1232.219585709252 520.9737544931344 262.45451192327073
1240.7874439151688 1047.8754776437152 987.746238827891
634.3543454942109 992.6166296438774 1226.4970718457678
1092.873754564932 1208.4583249387972 325.51654758876384
1048.0256417729986 948.2571487494893 388.38514545391
473.96365973669697 880.8452378794989 580.5066204857728
660.271696746169 782.0632141485903 301.2990821548667
631.177818079349 1394.505819884599 1242.9137954249034
1254.5998861295845 951.0304091206327 763.5578969353577
1063.924170897841 1143.9970118582532 39.647307887299036
681.3428070573932 575.9289922253553 1372.6847227917926
1245.6821973272279 871.785564966398 1420.2949001858913
550.5909923592545 1018.2365848449025 875.3612662311017
740.9001059983284 944.615746095522 335.74602366956776
738.9751389364608 710.3251481840521 1345.917096510552
535.6839434545509 1092.2184001020426 703.9630504235272
732.4539246504526 755.6160574107529 103.16631216604388
1061.0560847008944 889.4512745503768 1496.3936982480755
1014.58279672635 1050.8674572670805 923.3325437779912
1010.5525912533524 1121.16269677693 699.4964584935109
1418.7782064878563 1366.5687708091782 123.68184802640847
818.8607676179583 1157.6770765218143 1362.6638501220364
1084.087089424865 793.3190344923221 534.1748769705174
738.2438440035486 754.1461469285789 1373.27163508753
1225.820439203169 959.9873663826174 189.72300512863933
1005.5512134940129 821.4349984430389 327.92057483851113
1136.5081980043278 1033.5451326134707 1021.1321653242401
1271.0038347687882 1439.795675830152 500.38229970488123
1418.606199411759 1189.3800074315213 481.7544380675397
1229.3420515320497 909.4259647522083 328.64021945333303
1345.1488016606731 1025.9296034186004 917.5794809111235
1268.2197924863488 755.4196621312313 38.1137241375189
1139.7753009230364 1254.3359044426984 924.3384124063825
1287.5288570322666 1271.4322608862394 462.7899731413926
842.325946937745 1248.2530878647485 810.5563379209914
948.7499252963723 741.2861734337013 347.32765467075296
1116.4282798972915 1128.9112796045188 1249.0213548572892
1193.2864667261224 1190.2475369634294 670.1027082160547
1149.3265696784492 946.1990424765225 492.83666849791325
1286.5537808084202 1050.1719523961187 29.633320901057413
1268.4983151427507 1228.1843716880246 548.6858262070067
783.3323501479007 1187.1484476452981 1159.0524807718348
1028.53003983066 763.0283761966933 1313.4085589036952
937.5508394059771 745.9911217944921 874.1139947491472
902.8739702782407 1121.836718002446 83.34754707392739
953.0576370841446 1089.31386909855 1232.4284519768066
628.4769083052558 924.5399492176876 752.206702786865
1092.7974929174397 1323.577505925155 1276.6605383825736
1102.0222938437423 1253.2338380082342 789.1721530256337
661.310819840228 1083.9923487256885 946.6311961281958
989.4441710881531 1128.6291012869885 1456.4710384934426
941.4153801670409 1131.3106897594043 128.70154381028325
1181.6239515918144 1157.3948278143764 1141.0506248655522
1161.0086653044855 1343.0679811627438 561.0886559751748
905.8078039293592 1405.9307223653168 1099.8976562475837
1121.2930684236344 991.6493320024176 930.9811114502107
804.4892894290192 798.6143694850762 1483.1484075837172
979.1197882748314 150.49151581003207 1190.1311673299647
761.1242664383562 946.4230018944195 240.5789269540168
1192.9466256530523 632.4230679323641 554.3920330871749
1010.1030169136895 1205.0278967367717 1343.118216910434
926.0478660501021 1058.7542119097943 841.4349792034141
1537.4022011601223 1060.0504288674645 557.9682340191678
949.2599549356761 783.3856428918788 516.4384760290505
662.7339297540765 739.089337560222 1337.0165864453595
760.4040611780891 1206.6715917883434 516.9052822712413
1186.9074643269146 936.2165651373066 795.0009335489194
998.7588585422301 817.2559218389417 162.5251804087815
1289.475170342185 1112.462434792564 954.5730087523524
506.38978064632846 506.2998851884884 710.6276933182329
1272.5113770174316 1447.4763154654415 323.1015771823889
1553.5805226370678 1299.5710939757605 303.60101692348064
887.8127820428749 1065.7533285031327 12.535286575672878
1277.2408186860755 1017.4647195792796 961.393299212193
1300.8165830372798 1026.3135534545142 1270.1486354489628
1381.1685124322835 861.0783010323353 153.51476628264405
944.6984222428081 864.927707092766 713.9927598408415
1109.181664598915 1061.6712052065316 1496.9454290014035
824.4285358008244 1222.2642617568301 632.5648853664612
1062.0927526241621 1192.9885723703856 1472.4244680266897
1261.1975748918064 950.3168187159566 336.0029186892436
1320.9953117258106 1534.139545043904 1071.0739582155336
1096.3328357552696 813.2796560990405 175.1137990425763
984.87138523257 1286.248747401554 1059.9887770970138
763.6998754820822 1081.6527022627433 757.6031925412249
847.8688302433018 929.7414168054736 927.4496731528723
857.5850402549169 813.9301620116328 833.0720558816107
1028.9270393436855 599.1669189108453 810.3235453802505
1122.27566431727 1019.0617298289901 267.08303549960993
1466.4996737700894 1293.758971523821 1393.2291849467942
863.7753232147181 796.3329274611123 112.7440152904886
889.942357554718 844.2034112764786 696.0679374513828
774.9284890668993 1253.108888947607 690.0816942737266
1244.4751829934887 827.3710652917673 855.9096072107014
765.9790336596604 1372.1818329665798 32.71512647690944
656.1055108633332 826.1288506091721 93.09673127870477
1240.6880005922176 1303.8611855302397 303.5255787483649
974.3716957021222 1129.21662216042 1335.5001574525477
985.238960208525 1031.0624792673466 62.62657305716696
627.414827121479 1165.1085986266721 992.7183467688384
908.0225957894093 1117.4773289653367 678.5581872061266
1128.6897219948219 837.3276348921993 765.3737722838488
1148.5562432032616 1175.2322678502178 1047.0707693017798
984.2710212284126 1074.590413523547 647.9721770146275
897.8120609608956 1256.6310381988596 284.07592148505813
1135.2142081504244 1413.5538638492017 764.1245318365486
491.0459471758164 1088.9520398740226 1344.981857147816
1589.8984673345012 803.748429337602 1349.3940645513658
823.285317309222 1100.3236785614417 754.0700716906011
1224.0492669444636 589.0689845326436 935.6909272736744
710.9106841129021 1281.8066075450702 712.6331751869574
1188.5481049574844 840.4697041683912 1378.4733887798855
767.4906022153843 1120.3981954340538 1014.5411298886411
972.6534305408866 627.147305121912 1175.9417148807408
1311.5979564548297 750.2969595901113 1265.4937217318718
1298.7655297266479 1379.98299973267 758.1379704775193
858.9633221512277 1231.4544502945657 879.8906932395114
937.6882910339184 736.6623628861446 1163.4387814071465
869.2032513555746 675.4579963723463 667.7162584741769
824.6860356990994 590.7866874716472 1066.9139937704542
1272.2375339011398 1467.88197258958 1388.930783708302
788.1276311131046 990.0108919625558 1488.0201089975894
786.5150802667376 1037.6956775709625 39.95856727990543
670.6061998915029 811.305245024076 339.2901999768323
1063.2463195852436 889.9981662222921 220.20291381063169
853.8511610941397 1444.0263642077223 163.1421879999718
725.3868503593151 657.9557319551873 1095.4997268105085
1269.2133027375444 684.9777709854598 149.75492609104955
891.2080664933397 973.1141540300198 1405.930534947466
1424.286979848573 1140.2339366320812 787.2501570505033
795.3322540592446 798.8620135821944 1143.2564071514787
1281.280470887293 945.9578315223815 151.03086257825404
773.2859929489588 1309.6092800506863 1183.1677468253122
770.0553417319813 994.019007872747 556.222415608966
1311.3914029200291 927.0253290853948 1093.5167851018246
890.3694262546702 1270.2977224924607 21.183576798049774
1418.5273348500689 929.2082320900325 65.05019339189482
842.4198143470936 1180.0374897629636 405.7796834778188
776.1290648878389 836.1551075295546 1285.8916174237522
509.4613327018751 1208.0162568594633 1021.282664222949
959.9523891271389 1134.049230998215 1179.2513647067801
1422.5543748003274 977.1766116729538 1365.8156662272668
742.6580481060839 829.0643958939917 745.5675454553657
1070.5567232314108 944.11423763376 1324.5709487911893
1089.8029643790785 814.6570579757284 776.2592639188438
1542.3744388656937 1035.9051460611079 1036.3160570438295
1383.0472525169694 1415.6337614564015 491.1837180946684
1346.5487395583332 623.9358983849642 1206.5409574984767
1021.6423788736407 1162.1301932405606 1384.617381446363
1140.4351710231665 1049.957038183112 130.52360816961917
654.1732445272189 926.14243201009 753.9431486701512
770.3879388912455 980.815379190046 202.49178293350744
882.2370600968412 833.2646824046622 664.5346199661941
1028.3136574198502 1078.639903395466 100.92342508823354
1068.004229390603 1167.8829593517416 510.37948159798145
1064.1886657161626 1243.9912086923728 481.82349434378233
957.6989850264539 841.8148090611612 887.3819198594999
772.9239609631655 718.4596828033186 1265.8332222222814
820.1817308633981 721.597253368277 421.5587380725086
1185.2562036613774 656.4845964682472 1028.9458942783283
812.0780808042543 1316.7245873642319 1443.4031735624478
839.8158774513265 758.2178002179581 148.20225635651195
996.3557831592335 1225.795034562866 48.23837264806341
1270.8718113176271 1016.6612422171497 327.8597794022116
1094.0557088109663 995.2070680588045 762.1016407795228
905.3252557974904 786.6666957144832 690.1168907033648
986.5017261453966 1104.3020225688479 1136.7797421170299
1105.1732166993736 680.9580163010606 934.628981900006
776.0204115660835 1017.7564622547628 286.62593451685916
975.1905506894144 650.396182638576 1255.1929433736418
1342.2144017525736 1693.4820083320258 913.9197997462054
925.0669516249717 981.7101529871337 787.6847992456919
1152.526832385133 600.9050311227406 572.735598208308
1073.0615474917824 1492.112356513668 1219.9397409659848
1408.5348682670904 973.3206964852468 144.40856263243734
542.7133509473188 1099.9615228143325 918.9229967035994
940.1668361541106 1090.4229721455004 266.44227800836967
807.4589570566645 983.9829715658507 124.93050675211737
921.7559720013525 703.7038922659922 949.0995641484617
1017.7129884312728 1128.6660856890642 1495.9062914532717
706.3582859954431 745.7339085534189 903.6075015485577
1447.7736888952127 1163.314794143155 679.0228453994074
984.0544375792616 1188.6638217230281 1026.4021548310898
1185.023462616959 1167.4902021020841 745.5214767529333
835.3426080420563 602.1891328595701 735.7797523032192
732.2138466829588 621.1071636984868 812.4503094350912
935.8709127574259 986.107887986886 434.6488895028124
1078.2745520209317 1168.4511618070871 857.2728339572851
597.6480712174524 1332.667649508586 663.1329809982897
889.970873839309 1160.1867022244392 173.95603539693207
642.4970078203542 1021.6440133172862 724.5324211949523
833.9836865740849 1073.4190639868557 14.414978836241765
878.2305019794425 770.098993713446 1454.8607142016838
1150.2351191901575 774.5592192589603 988.1999797619865
802.8956995023103 1097.2785150484729 39.44958598009679
857.9555850386746 1254.4588594522504 1110.29761180491
1129.4510743918745 1069.6635559889476 527.4117681317166
666.2328069685503 1227.9196970230923 723.7622419725004
1516.513996603247 997.0598947404674 849.6015735190286
1246.4577754601596 1397.4195467563725 1120.2572942642887
1216.1618622623853 726.9905410525682 332.18277214918527
859.4221433220881 728.0456795305629 252.72360570658526
1044.6854630972898 1322.3942232307872 69.41642561577754
852.8800816740204 1051.228136374703 56.58604684842694
962.1891521487871 1225.914680577584 1080.960991561741
1055.156831757125 1036.5016269118637 1387.6444173743953
1087.6038787606933 963.4391843192483 1296.4433643294772
1118.2188339225338 626.9258432005656 171.6295288092602
696.8313724837393 917.1754481590594 473.4225875045461
737.0753888428507 926.3154885350152 323.44984380910927
564.8154691698471 1259.8867359068945 743.4063030472638
1177.6067583029496 1308.8791554598968 508.4190995940112
653.1128565837535 667.9930732122813 461.5534318451745
899.3455885857618 1266.519243930953 1222.8197723243277
828.1642042252115 835.2132571311247 265.7305635764338
1117.9922814670722 1351.1107359105981 1019.0734395450121
975.4843870595046 685.7933796528665 985.64627897821
912.3487430251892 755.5594725437313 978.8927108094784
493.07343357163626 1089.934134171544 714.265304896451
833.9039452265656 1252.9048710908246 928.9313219816455
675.91321838466 929.1121958625163 455.26863375277094
1184.0154647653703 260.04007020126437 1386.189513834302
1264.6834079633968 720.9630395499037 1188.450912448235
1581.1987643988246 1349.92031622895 1306.0731637727622
1157.2964822674505 1313.2430947213154 1441.084753894493
1073.1590562117196 1477.0868513538896 609.0512355092028
875.1283647254345 1178.2971211942147 1126.8451637451751
1291.3351676699972 1264.826703439965 958.5403787547049
875.6468672862804 1247.1297842860795 1434.9667648927614
1138.8947231664351 1145.1232498426605 1122.0772209874008
1112.8680485994028 795.4789754957668 1220.730597405148
772.6979312464439 611.6260815350184 507.38800555311354
533.8137930611884 901.5354492879943 25.723228829497735
1334.0500708527761 1050.3490848725744 126.24886079167025
905.3005785532214 662.3409700120312 650.133693381118
595.5801081854888 999.5803821953157 104.58133728326297
992.5156198832783 1201.9924217297778 988.4549674042141
625.7544487163691 1088.966997566849 1270.160733525772
756.3671754580247 1107.685821624416 1301.3745192650733
797.6148894362416 1039.166420153629 750.4056801471157
915.7930494007778 506.76327143392 1028.4959734025163
713.6421943798127 1169.6009903330867 170.43937589951702
778.0789920395862 873.2278617717889 699.0839097541506
843.9252547786692 1226.1167174193806 1042.4731263131744
607.881362329513 492.9169644155186 1494.2857611629959
691.2645591167689 791.305688103633 1146.1478718623323
865.8773091074222 1177.993131008756 1485.511775209577
765.9082637354254 884.9451411319442 578.2229659315304
716.0106488683577 1176.8197254377114 804.2802797675625
877.5480963398884 927.395375003861 462.63412079028456
1042.6011693732596 690.814175238964 1063.469590812322
1122.1954767158388 991.6241258440101 133.76793577033536
450.46937444113564 1085.9874670041193 1057.144438451411
986.2748082586646 913.5476951234061 928.6676364576717
1302.9865285103053 473.8467997525555 591.4851952915568
894.8407837699281 590.916469944947 1063.919456331812
1320.9937366082336 978.1843068275045 581.7157921472785
499.1090099890689 967.6657648369697 1447.5554958089122
888.0262023229575 1182.894390516503 1306.2811387310362
914.1532410438349 1049.782004133237 892.1804372389581
691.6132637624304 446.7232768304442 748.8542157968834
1087.760950948821 464.06775784074955 1061.8216762609823
1200.6375221463575 898.8163858258409 855.4111563626972
1146.762885283056 786.5092033687839 525.0524206368178
1154.2820018965976 1075.2002991228967 581.0227516447044
1550.8642578717313 1186.8101987852979 601.0864789401793
668.4751527792471 678.8049966158436 242.310802654772
254.717810425258 1209.0741599212652 1379.8461516732318
1087.1009465513002 1321.9859534138584 280.5977724474102
1039.1634319477953 1271.6915507306308 371.72757041450643
866.401993250999 976.1948454463873 777.439102156213
859.6753252887268 802.8958097375644 1209.8930354215536
1045.3702867073177 690.727981334139 466.6300809631808
1360.5233980449746 921.4794580588026 305.08328210749505
804.1351501026903 748.5961216097428 486.00124687199394
1264.1449027668282 697.7765279169262 947.8425544679538
813.0126766873515 1045.3094972200988 710.3800266300614
1244.3149485799372 804.0706945249876 132.3736270928223
969.2186502170855 998.9834184840983 230.99595558888169
493.572054484822 1332.5033528831746 963.4838490817916
1028.356939147355 1223.822789054066 382.5754231778155
1240.437154631284 1087.926130621919 214.66964272457005
940.2993567906329 1057.0587883283222 592.9983833795415
884.2942927823389 1193.6702671235516 292.1796689948307
1283.6512451418403 1280.2216902201467 1325.201680183369
1044.7747947173898 1085.7455729607539 593.7345742581234
648.0836983672477 905.0450830569043 373.0474843210684
1078.5499284859059 483.9439703704543 778.2640951312835
787.2908054206864 1264.2782088634344 381.1426801047689
780.6260136192511 965.4527130490218 16.00877159711872
751.556100112673 826.0787874853634 265.76823590825796
1055.034184257921 695.7008910148429 774.0916249119791
698.4926111137818 1241.1728534315898 1456.0804674955493
467.8791285966164 794.4349489236968 377.52687004310343
468.19328676508815 1024.9239928181203 365.27322239405095
1487.1675836064787 933.8935330377772 497.9607087494716
615.9880807682907 1355.954730739281 174.53936674304066
752.715452615254 1256.9340584338822 610.287048123415
717.3656028702171 460.6702804699154 295.6074175249254
589.958015005988 732.236506196502 255.66464767993696
854.865484113997 1184.9849601566584 732.1401092283111
945.4368726121907 479.47905790572634 111.55354389210015
1533.7802776539484 909.7058790105868 537.5265276237792
1134.1327360253072 652.7011326521588 38.38900945501983
688.4414409311269 812.6338472702183 941.8102285847309
1362.5414366017415 593.7743988108386 1032.9097613267181
1029.6074784684395 925.2433365020433 1.212499161539482
1184.1034418679278 1132.673740241403 161.93338000444967
1292.4014178624805 593.422439947429 916.5317681855616
347.1461795743727 1091.931434873463 221.20129019492668
1374.314164455688 1062.8334075334808 433.8713337325139
1115.2067336674093 1029.3586964638077 815.0991806248421
475.5861821569641 1367.4362291136138 701.2448961265603
1015.0496208164454 741.477565836311 56.42269314348247
1272.9898977321084 1268.7748022428518 1339.9778537456807
864.8616473472488 756.8549334777246 1253.8421232258409
732.2881104558637 1107.706342659998 1036.7565354428286
1282.70179347022 1430.9385081464768 1396.8962641009916
1252.2172904638603 980.4561027228923 1384.7855315862287
1011.2804292456312 1070.1313291427307 731.7730373692458
607.9942533587778 1083.4177548118316 749.6867421056345
635.3649427991254 1041.375915640917 1315.8361636232598
1639.409826088564 978.8361856453619 655.0774697889926
1130.3593826581932 1250.011908318873 28.64661984206329
955.4107833682305 1495.8654049745758 948.8149767975058
883.4763727804911 1058.176986115535 705.0033136702741
1277.53899822668 934.658026740504 112.29060929180423
699.1568905266361 1368.8088114419443 1225.972376712582
800.7009648832562 1097.6551331867577 705.1642423973592
1595.5444827973079 1432.6800413260212 437.5972933164471
1123.9563965880486 927.6490848606412 102.89710240216831
939.0781441223342 1004.832194494681 1098.787915093185
1223.022215610983 738.7918701285213 1112.038704764584
939.5547490359136 682.5764945453666 186.2855406482672
1297.805971663955 892.9100282228317 502.2170348171014
1402.434876774371 1034.5721361795988 416.14311909660006
618.3107592114873 1236.6899856893897 58.30631499725719
1224.2774876940546 667.2225692833299 10.387401464151125
1605.174643619389 964.3489043026204 861.2890473183293
1149.1253289543793 539.1429324695791 1465.9880669809909
942.776673211557 887.3805746308058 947.5587577447468
1261.2384656082222 1267.1907841146963 999.2989616894247
1225.3316871871011 1189.2480725026587 1242.081966294647
1490.7020905217428 824.538622868447 36.33252612489679
1232.305956236028 1502.6940206848503 607.0296264738868
661.2738006537977 820.5667286899137 1012.0338014702418
889.9433916681497 677.9857967351331 1146.8501610879441
944.5661819826846 907.1388117577773 595.8819151662291
842.0282833504984 833.5012473236992 434.5149251119691
1678.033990663483 1305.7035544058804 1162.1654170673426
1478.3792128704322 1217.8964359124423 538.4769406238782
829.2799696350343 1282.5056910376293 727.033057064821
752.1588323840967 969.560623778934 510.79910551899974
1127.8729469061393 1052.580847403835 92.6127407685638
932.959289099659 927.2622954582993 1397.5696571541812
796.5363508548933 1196.8332676825928 341.14017316401265
951.2634295557592 1306.1748060498408 1304.5630217148089
842.2330248258265 1285.1567029085982 1089.3160351777067
861.536358705709 1031.207480084773 792.097491855329
775.3233572265411 1326.2602494430603 856.8849554952183
1221.9304632640738 1168.609691687031 840.0533982156765
965.4320961895935 948.0964339493543 337.51042426694795
919.3917147718105 934.6149585040689 563.733252307141
864.5537492353703 1470.628665871193 1089.1335622629945
1261.650750475307 909.1399714476471 481.24191904776427
1403.7276237177148 898.5101456084986 1104.6915604859084
942.4070129532145 1300.3728271879381 1333.497715163872
1192.8641362440517 892.4111737498733 981.3116421902143
1263.4898846542753 1290.9612621319968 157.17036705786742
1114.151231279093 727.758956030132 527.7550747137198
1164.5344637154021 1209.2071414222314 703.2623661221861
1111.7244744206696 932.860338274692 925.0131996370387
922.3649259012249 1057.456552229941 154.56860920619047
1197.6314729876497 1018.8966441549313 14.979601055670644
613.6164817170875 1425.0396829525885 360.03196827564915
1333.0041508676682 844.2323453151878 1301.8445108672422
911.0031462365679 1063.4210064747708 1454.2445790097886
781.6528173377408 1078.7698586372805 1225.755984394209
871.8743634877816 1073.9242086311992 1190.535512223023
923.6600209403233 684.593270797352 1365.302771411108
892.6434964206992 881.5911951273649 72.25775707578124
1151.7211251732908 487.6756505720082 1332.5402923427669
961.2375739188859 1172.7263950465301 206.26652877113256
1257.7855817652478 1194.3270534434919 1195.8674728870692
1296.4747933370816 856.7381736994555 288.1084287057689
1368.0030447373188 1109.222558000991 271.62624759154545
676.8379965476825 1048.136623085743 1227.3810564190198
903.4724687362115 1194.6151280424249 766.377059105489
1131.5471811014718 1167.4540935717644 556.2515423782191
941.4458988733999 693.8635559426002 447.38075798121537
892.1642623632181 972.7650177495082 1358.8232923321755
1464.6768106845007 1110.1038972522992 567.4617464603409
546.4405940237704 955.7497362227036 712.2562777666661
1245.717084861842 1003.6608781371953 865.4701323802625
847.3244378674877 973.1686709428134 398.48035022619183
900.6913248830906 1093.2105932402933 1185.2619865139754
1159.5089940711562 588.6844742283499 1076.493253772268
1233.7768254507914 1037.36141177012 609.0421950382906
845.1664702427038 1085.7204721711157 305.6723938321133
1289.9405676881179 785.9758124822907 872.0382664076382
1024.810837296917 534.8998510266968 1317.2527653043967
1374.6661019294809 778.9425426161791 214.82049150067976
887.1856063197094 1130.5198925174946 247.19663615199227
1284.843689026507 929.3305847786759 1374.8511377534323
1248.7999726616952 825.6394342709956 722.2106175626095
701.8168151383554 1008.4260363063232 405.9477463684462
1129.5863584457984 805.8778793756522 125.98969353113193
700.2484671414709 1253.1862031563708 60.308938570445505
1091.443961028677 1172.296505692026 474.1044047625932
942.2334059712921 581.4829677213884 168.0534959648228
903.5356666092495 1133.4987967311465 1344.757422946331
1472.412073929888 1227.9142464503536 56.31346391398051
604.3802545246822 1368.2453174996388 212.81504533797536
547.6062663390555 727.1121692732878 1411.1090004351456
1398.372899223861 1308.1584178139892 748.0244472797938
749.290055490216 805.973162809674 588.7439724970313
799.621035271749 934.2711688031975 759.0052280638057
901.9024572872908 1070.3460865057632 1207.7661342575032
791.3216350604753 1056.4467137176284 389.8775818982682
1175.5763145786768 997.1753562825683 512.1454007613424
1024.4384006999428 914.5366950402029 413.00089257381967
1154.9338261300163 1446.3697937440686 283.9781642678003
967.2355979239406 858.6528829046629 1064.208882863896
961.1686152791374 1259.4028923123997 235.87569437363243
805.2405065535022 983.9221789513817 135.10731612075483
905.3113608646321 1922.5814555819916 198.52238643168886
1266.1694354511483 695.7858750296749 775.8428128957637
1231.9044367279953 734.6215529999356 195.7725658362109
1171.5589420296924 1243.452226764827 887.4461777536984
1337.4933260290136 669.3945818951864 233.64319036178293
1017.4637207317445 1389.0369596208234 1392.4061210234374
1020.5150095565485 1065.0907098140476 683.8366171026836
1269.1943160479605 974.4333246238598 866.2689096975613
1013.7934330646317 956.680495934771 523.8200417403169
1319.906019258248 1169.6920865393806 621.7036033925444
1174.2981650501779 1244.0439220711305 1138.754076159231
1421.3814400830831 1169.9069719783936 824.531206554477
1347.261953134928 668.0652748398909 1126.4617478792309
1101.3561081737148 1067.7944427558898 135.23203437422936
1187.3590638039163 1192.9622716259234 475.5599466257406
752.5083116321757 816.3177668792625 193.9418014932408
926.4778122400276 1370.223612678409 628.1567603334989
944.4704061380828 716.5045565863823 662.4308943022797
1206.9497624117978 1092.6234309150504 1235.574168248495
1335.2185100784554 989.239868766326 947.4380297053881
827.8055790223234 782.0953147085329 174.0155832983307
699.5406251509339 934.0837971827857 282.02251075637736
903.3161186840717 699.8973733055261 1375.3525714362988
644.0451158646132 1300.4802408936034 936.5396834186288
1266.7932835381812 1217.7010181218466 477.9425462080668
1005.3774256271173 854.7207967501718 830.8194516459156
734.6845668382093 925.3465385932064 720.2688330910321
888.5863267057491 763.8012699093252 1134.4245086525602
1076.2344635513643 362.9304176486921 1057.1536888904582
1035.5686737696954 1151.7055777358419 1394.2577430437175
921.9954173132465 965.8622526815855 433.73329493568434
633.6485611490641 1150.2705395931 665.5268316607397
1570.5630215591914 1106.9224847515527 861.1408315870598
598.2204463011886 1105.635617592614 1131.516319682583
579.765861050324 753.8660147416576 50.62476674609273
1298.4110807892498 1402.5446110914081 967.1459262578087
566.2064437771476 1039.2710171722551 484.967925299582
1116.880170264215 1277.82143493351 42.35038984630807
1133.8484663530878 714.4143423604826 1491.5653689000083
1283.9217375238368 791.741396337559 1272.0030963818385
951.8024502962274 963.4316498720191 1110.938663260823
1279.677427573491 891.447513713025 462.38320636415625
1167.8090241514597 1042.380599078984 1413.9036975451854
828.6359187510251 975.2200694106558 750.2633188462734
976.753443705356 1365.966091420871 364.08117682350587
1287.7974769856182 918.3247610590157 425.6644387712549
1013.6870970058143 820.2821767553394 864.4526827306433
1346.5837467753897 1207.8673260696614 1073.5678756023756
1305.6347542657231 977.8129340545113 821.7468831220139
710.737912196979 1116.345787038362 1422.556677847716
1357.072958346687 826.7116797011706 572.1404092868875
1175.3999988099035 844.7251525106483 574.5194427506386
1000.7218008318858 501.5237296772079 874.1906728706064
901.0584513396624 1324.4432061099392 785.2162207460242
922.757314893074 1355.5397110953752 1434.479388901106
1111.70005054276 1185.9350270208492 1224.7601599755114
1347.876500059658 541.0884481329203 756.0206939065308
865.0370152478711 983.6375491966418 1377.2777186289222
1654.6692439101614 1233.744487825024 687.8254424587575
1045.0994480399272 961.6884794731384 212.20566329284713
807.0487582908585 1295.5668289837622 243.19437782332048
862.6907933379795 1050.1409146548854 120.3651656549774
839.4649997917923 1304.9747367793955 190.9305505254692
1009.7553656513849 886.2082798740436 506.6587963299078
1102.4218984918389 813.4364930811781 901.7503612890714
1434.6442024644468 1420.989249343543 67.48673611684441
758.0232089970644 1037.1414228551878 701.1893626688087
1021.6124476320056 537.6198235704295 1081.0324967144143
1327.2600295729237 1448.1280751806312 797.2605737990716
1085.2406242737902 536.7743588033186 387.66276226388095
452.5182230953624 1002.0701241561195 359.28765743915704
1116.6055269526764 762.4636022482567 1351.856076443637
728.8141555548367 690.5820221302934 118.11780370886716
1199.348503221506 938.8031263382267 445.8832758403216
768.4544915704467 1220.2258430547358 938.7064445238651
901.7892237544568 1107.301497871208 1338.2446088249872
706.2488893136734 1358.4603457065705 1084.1860686239079
581.6942502221852 1541.3896400224612 295.8105443606165
718.3855109422298 1111.5325680976985 1075.4544039625664
812.3751406493113 895.4884866429029 990.8303023382595
872.2046480234251 1154.7964207738762 1202.2156571142043
826.3074056433417 809.7948115829131 5.7100065018065305
668.1835777174721 692.2722100354507 880.4337683470741
1276.164454541612 914.5060142398904 423.7454571248071
1468.044120538155 835.9688909957595 1165.6622125778513
1028.988827731464 713.3164973528558 380.5741107887797
843.865409932029 1044.1178485719486 940.4941235050082
797.2637948397204 1455.2001394738222 1125.211493289946
1237.9015290224922 1287.3943908510832 509.13679551473683
972.1915817475026 738.1968669958719 416.28681079627097
1139.9460923700333 1126.954467629478 1051.3774126527626
967.519639180538 978.2668197239267 833.3672846683867
1364.1790490691658 892.0524405526236 1375.5268559498722
1282.6973707819 1087.5797970146875 1487.5521058435081
1036.6646926872722 880.9439854884503 1271.8878761491353
760.4303061991047 1349.1459931562454 895.339018787504
916.0023032924718 1059.4651415203891 227.841523089091
921.1831265720793 757.9025581647834 1475.2959929352428
964.6969429077188 936.6996475056424 1277.2219680467958
1528.8834922023111 1053.3577289730347 892.7959533157868
1053.3125701558884 758.9019767533803 85.34652265661319
897.2445692058192 1448.362577950433 691.1959228981422
719.6365604269864 1125.7918562211394 1111.5530251748817
706.4939025885426 1078.8822839988009 371.6076461792746
797.0829722807589 1177.5720344483057 669.3406268711822
908.0536987822577 1051.4898896540153 1460.7969342351098
990.4876020352897 1270.6927960335713 350.3139486714543
1172.7113314014907 773.3083782326744 593.09494586497
1013.4176432259607 654.9763239479237 693.1829439601505
879.9222908834965 1075.723469120929 404.98754896335697
829.3074615789935 1040.132405397797 937.0199221983324
723.7085699480358 1483.9498547953046 596.9838564495286
680.0235356494914 1243.024559285167 724.3668882695272
926.1882385652558 1001.0430848799681 853.1302798546483
1353.7928214419594 1132.2767031144099 411.38389920802666
1188.3694830711333 945.3801398143163 1453.866776441363
1065.1514637123992 783.5233707042173 311.7327188722227
819.3517083521101 1131.3301717589484 1150.7040053956657
1482.5466330551244 988.2944151085402 1148.4798841793227
925.5905607171806 881.8232218289871 953.3486543055363
1125.747644723758 1295.8241705976325 1322.1862747479192
1005.0495708564737 1056.12194456524 858.914483051586
937.312338073186 683.4927975854496 1001.4037711318445
815.6502653840489 1330.1089416389768 225.3285264863939
869.3341146482413 862.6186359208042 381.8318616081096
1122.0078940941469 1211.8041054138798 699.3434530489092
857.8831525260468 1032.8985331439146 604.7290316478072
817.3201234475383 967.9027787499376 324.5011249307633
1081.3510316377615 879.6900483080464 273.16428860008205
1285.871961874156 821.7684473176637 192.92994649628997
1067.9574892338517 1202.6907277506168 1405.8683178972285
1449.136871238346 1144.2319097117652 537.0508652957524
959.3269585848957 830.7261560987628 1157.132933980058
981.7063801340963 1010.4237996845143 412.74036538629366
922.507507881643 815.5183706895867 799.6382688261521
1053.1659315762631 480.16682259543813 654.6541879558521
1257.52724647301 1047.3149896406483 1465.113390438313
1230.5146513852396 1230.8551844708954 578.269705260029
1124.583287115908 893.2546647466146 731.8705209117051
1161.4740252891888 1156.637880436815 976.6741117902382
1163.5739713387816 1424.991490645997 762.8688357703694
1222.2916204378114 1046.7488504059666 605.2286339064024
1019.7332051681502 799.4881472995263 153.22565365202513
975.4790281792061 570.7280601802617 1127.35557817929
1084.0902106878395 774.1245196710311 434.69085799453444
626.4520736035643 1072.7714362307913 1346.955206967084
1070.195579052458 999.7653121627009 994.3489730890225
357.0315089479109 674.2255010458853 448.8186132309834
1172.7541069660756 1301.8356789768156 1091.410685810827
1416.6093854080664 1164.97589705219 832.4679140281185
769.5407684874375 1104.6332940357051 691.3624233271255
