2000
155.71158788989143 637.1021330465496 315.87596842377
61.24505970085501 93.2598922563934 1487.3239894026663
492.04223120430265 50.2890322179262 371.7521639103934
614.8123234684023 291.81674027072336 714.4331884907502
107.9327744976301 247.75350188802344 748.4537482228002
1311.3806865459414 219.87835927205666 697.525617073387
79.7124115139017 153.75737728826644 990.7057180672784
2.106278969075566 34.163040985582526 200.48374390605213
241.05857999472357 72.93919649988831 321.0670920554273
124.80384186260905 36.66243763721296 720.0407068756243
173.78332455386504 262.0710229730475 390.6612757437641
160.61374721300243 298.6174057999773 171.91139151414103
515.1660850656021 290.73694660758946 589.559703508527
121.12121054655529 255.757766101959 1159.4081014902627
416.95103374588865 46.983154695565275 938.0996965276638
75.56579814127191 65.12786293515985 818.1956619861247
124.02708365822777 409.09979698503054 826.4719956867413
127.2704412558304 47.56454086389547 657.8897218405982
87.16334526386078 342.4671194379953 740.3863108282216
221.12350413446666 105.06557866349966 533.3243050892268
222.93954370623192 138.19996773234624 1045.051323721275
30.463557332645237 253.3452141606357 466.6082058379507
953.5671035410905 795.35262057837 981.7694826027833
135.71157405128835 50.62602896769841 211.85922840438414
645.1802439097568 125.63776920080923 242.1086315850034
378.791266925675 33.20430304360482 961.7124483362059
128.47634583896465 71.87270908111422 398.39311265683295
49.62866087515364 100.82870520896132 20.908856785712025
149.0537284559228 97.20551764047673 1238.3762090595367
4.011340041043942 45.14863949624223 694.2872313664703
43.872606875034144 60.165413742164965 1050.6233284938544
55.94234360313227 134.13336148067052 764.5896673909016
58.22982098011779 523.1251617425883 745.6400576980409
229.45272418078244 58.24577493338226 795.7284523890712
35.15515247111942 104.6274150354418 752.9391567030748
233.00043249774345 509.34381752953885 994.7888514665458
148.89412944121136 152.0151722607512 632.1744912426065
608.5851508443034 282.59963723739594 1186.5603815590594
25.954569780148766 155.76346841602404 680.1787760188195
518.3548350574923 349.31421017658033 459.15878975377325
89.8920171730618 349.69850305318124 1150.5787779483826
155.78845620441416 24.42723573198931 1488.6198048117126
194.78343140862887 233.35230249828575 1113.6797131951748
145.21574724172262 409.7566978953146 55.22243396771726
182.87163572472463 331.81028631564305 615.8678080610664
28.004148283994024 187.03452465356978 852.5031681593051
386.67163055697273 117.9812663397773 1354.4311017623538
9.121347443128851 328.12583906685194 439.75869355604675
53.1787642460667 234.10287517204935 17.54030193170997
31.918509569644144 441.63314782849505 428.9454309074196
420.74737797201004 121.11445920813873 363.21804923211585
65.16774579309549 72.29388011640299 375.96592939122047
174.08003252623251 110.63379450941915 1362.3271139977494
147.91351964626708 194.75562985685193 832.3010352177671
41.84294915512765 885.257827843755 240.89965555137266
562.9989577401326 391.0184969158486 141.68641519212127
99.47781877735402 7.006025988784546 149.9479220563285
700.6752454542191 49.40081237348352 332.4745801828968
21.188976634614455 600.7034082293844 1373.2308803594901
725.8886191379655 26.98195735430367 791.7662440823426
15.655059039896965 255.4208134158114 669.3176958330932
164.49331543621838 23.637887724989167 982.263430139158
82.68266360854098 146.50070173589748 712.1027183703098
89.94776401381665 928.0969670782538 1047.532619653207
80.68625223385857 93.96939784203249 412.54633336751624
15.392106245711885 115.65948907138939 304.8784648217304
142.65075002894972 207.6874765694376 292.71832921628396
170.45473598942525 18.236205865841555 480.01695799719823
127.53901686647843 689.0153799121958 1007.7835770893452
13.421144965288503 1.1678092743946762 17.859321056006237
157.64133345868703 280.2935407049766 687.2832361891966
251.09794444603457 328.8789484392271 559.1511102355253
110.10030776624458 263.96796788100494 1050.3883678072373
77.4098577894198 82.16186726413703 360.0029785196749
30.530495024152636 292.74671016429403 133.6927575988523
203.77328612183456 77.94286585048538 368.60458584238785
42.54978360241109 280.71699873693035 544.2528327232138
23.229884605373297 84.65610412249917 1394.669145231535
44.20486538695325 129.0412913386617 1318.5149326163005
17.967853172747088 69.14080502271784 784.0239759813678
840.3627704444 171.93776379311294 355.8294973275958
100.06277201995546 95.9212285016993 335.52650467933364
0.9684174389077794 98.61385803735075 406.16185149017195
264.0963197140509 126.39136241585116 67.37429820003193
251.72291304156062 86.93456267268274 1041.1795531461007
125.96681543793329 25.476011809917548 207.58818737879426
85.65894983002416 3.0946681176302815 1177.498333881791
18.8258868453893 287.36292166722 765.741401040619
181.79678022655648 248.93999253108396 599.9213025001891
105.86352374423582 84.11607040587383 775.9966074939127
482.9517308349569 77.49361371439156 959.0554539069274
325.611223084974 769.2216832277708 1188.6905530927504
14.78903184024109 681.4676919341935 869.9921951841844
66.27326121649158 361.97089369720254 671.4069818390977
115.9034386497552 124.23217091048875 1411.195923644641
61.0143190946207 284.2158243043832 921.8768867349423
9.779825744681999 106.09033195790296 883.0643770363059
17.771975836978758 170.7568869417675 438.99850590182757
197.15540216687222 197.74791127656823 100.97581789645493
207.06513963286886 25.882496360300888 1236.2760206578193
12.154225343909669 143.30894315520132 890.8540456568711
70.69345205765241 43.25738636471902 636.1299614549395
418.30280484341483 60.62990166599233 1084.880070420924
13.67772494690075 847.8482108338542 85.08380135157067
263.9505173191975 51.657315824812954 740.240988260206
276.39775577598573 28.529075576388557 1442.3111316073387
47.76235686498434 539.4807656609436 782.6276996647838
199.40729226115383 69.91880825205051 154.58909370436967
142.44916476491002 68.9374475471153 1475.4832273946186
363.6751726179978 115.52901857233068 484.1965032445193
191.21128115156534 591.551473660087 1107.5151409035157
377.40760577605613 227.21522716768337 1095.1100038605787
34.60124963842712 197.79958366288136 315.9260412340878
224.63180962239076 218.4555111102453 437.287144060497
487.9509218728611 26.362847551049978 222.9231693550651
30.709469813830637 23.650375786750484 1072.3730466969666
385.2489954430806 360.566951934305 655.6838590325168
83.85305437723748 139.1405988014014 1469.4587070683015
46.071996625935284 220.82584045555498 129.54097809604613
100.20245785428403 137.41965795911835 600.2859981297562
444.8861700043402 265.710635092471 1436.987997783554
364.90416538150754 211.46066734559145 907.3521528828588
32.55701380821445 421.6569194804508 1019.4122904532128
721.9001870921429 698.1146061502146 469.0673134647082
87.68525496441069 212.04328205172143 1214.2970669835695
48.422554693657105 94.01915063165906 878.9988731220202
220.3427925892993 57.21090278651282 1030.3533390054424
125.64694282622173 444.52004734332337 1035.732558639413
172.58408530169177 83.85819075383382 438.0264633516624
33.14107299196542 13.013140296153994 865.5317171012533
63.76463733455563 87.8649414785918 1215.9431649106584
233.8737279893214 227.5518268728864 828.009283972317
77.19413108789307 15.157406549971824 131.2077553394605
100.38299925931786 235.67290843071015 393.0090462914666
9.910758422368552 1.2143632508126663 3.883433311714035
62.464228901047 39.66004154534966 303.58347450629856
161.50836688973774 85.06980748688832 888.8893979402777
53.020710045718076 239.93629258018302 1299.0730326414418
492.3193941569207 20.807896994314472 195.35648541722122
216.75003598507433 227.42295167165958 700.6573288009494
14.135097465866192 646.4979855074248 596.5725812296354
206.06593063305803 457.9878511628874 738.3461440164579
158.6158740375278 168.91876408883905 1359.8299216609585
176.371434352413 96.25850859037487 178.67725602506923
311.2811368882008 36.510657788835644 944.8010515940655
198.0649071822805 87.28911430286533 874.8884415240835
298.79154368479124 264.03326449324555 1206.318275685108
39.86432446383083 165.0654240519071 1166.8975588285048
64.71078402509464 26.49019972462264 339.8187716778597
150.69784086745048 196.86986904079433 1094.7572632631113
122.09271208671066 17.63149270599432 252.67416480769933
167.02653431982003 7.784500855453204 1036.158795410599
159.69941304269426 402.8303158954384 522.834282004186
51.563002928630056 97.96757118284886 1171.2416256757172
479.9760522874138 195.0013958071778 857.3917716976558
128.2340781965814 354.7166590426413 892.8758575800109
35.821120479798566 14.82842207215043 1119.1467868307707
458.38743767330527 156.50084750428903 1414.5165624830354
158.52922729419447 508.8416041963675 8.96218615765948
87.44003366150173 135.66654932254286 530.3598115962703
180.37368179194394 112.53084931129894 1469.144324153312
39.017968164367176 118.76232012526633 363.3178626854206
3.4353241849031053 34.404602084488566 1104.7418432639163
259.43403254462936 157.76728188232693 89.70479372489282
106.2414967126235 529.4538992605006 980.8944879759025
270.7742064240138 448.8641941670868 257.49630389326427
19.899103355365437 183.37298873062454 1020.9245628404676
473.69348161583656 23.61234657364777 881.3508881678025
8.794108270366314 64.27130822592353 695.4510739564901
60.588730213311074 47.041156175724865 1253.1525675875755
82.63890741902173 171.47043838951194 302.92776691101426
37.83128331938869 591.8831494437874 466.881836774818
688.8231689254335 288.92522242547636 51.10215673284135
702.7301463186952 193.7574076222089 402.1089265283861
8.042656513813855 181.69511749814308 200.0834032417349
282.0100653551361 66.28123683120698 1202.68021746611
360.59629185007026 174.95269245726698 946.3739818044044
193.15329025174674 3.3420657035749923 171.31979916226715
76.01295629000347 240.72900614958158 846.5782128971367
199.02488464774584 181.03448157182885 30.116816797428612
130.6883348849991 491.3184360125113 974.6476745165152
169.52049681312644 45.92427068896209 1131.1344202506084
129.38836689321008 132.57614709566093 894.630616645625
134.05072096020135 8.904266438301816 1214.6540442733808
253.1355042233604 126.29209445184293 839.3902295759905
15.294675376796441 714.6916017822699 601.977654829716
108.03038384068972 38.74538620769426 1428.3661903396855
128.4651706626796 473.7704445862013 619.561042752
69.56747482077914 279.1147253388529 1197.2250076817459
5.177611459689669 17.740051505558718 407.8813516676379
342.2089970271144 0.3093806499895438 431.8207795829822
186.97283740504247 65.03174217756083 834.271657230051
67.66745641858047 18.54757562430659 454.634482474692
109.4119164127408 40.84616693168174 571.2012098576811
29.917823740475463 97.73185459480015 1061.8216479228602
104.83381430595531 369.0478947840326 241.36527927774327
286.0923558449333 401.7038941086759 610.4806952398519
52.73299507121371 381.40288790863144 1201.9775664125495
88.98259863955002 140.81158826181363 1268.1150233513388
134.20621890507067 57.16141432071612 439.9473819128994
10.692498582858992 281.5408479589015 811.754990866586
217.45627394073193 184.6178095104936 839.5698667949574
145.73546108687452 43.964657067626796 239.37295333955817
305.84648622566226 156.1972894679582 362.74106830806
295.75182095806196 8.212256440501358 826.4742894878214
81.35055756373319 58.42138106178905 365.0509186331578
191.09815257388877 22.845677405318007 254.1709338121627
118.8324055735499 83.1656658246263 1196.7794292379942
234.787276534172 8.410787477257822 681.1792281693632
227.75466696256262 851.3477703299757 408.98208925499796
661.1646815292263 1323.7820270561301 793.7719556365838
31.74347654747287 34.25943900184576 176.8273341647783
23.514615448096993 152.7467297214857 1.445104403671682
6.738777148058384 137.29975360892823 1421.3950904262342
43.068868947553575 138.58320619782205 964.2840385220525
280.96959656731275 50.44702488364044 1178.3877238625528
25.099256474280068 175.67223185170786 1305.9611059859349
222.45025794552618 191.1742834143208 1110.4709904963877
12.145729675441576 92.73910737468015 370.5049404577146
197.78377765026138 226.94149350406158 1116.1858684765984
19.876512317459618 50.969621967349774 720.8044283102757
35.95511125517481 81.36553965677696 708.2554456929852
369.11919981863576 124.70855587816231 325.76511888149867
46.16127941042721 246.26565317628427 306.5696202433319
148.62990093818473 257.5093044203995 288.82017441090386
121.97343074050153 257.32738171061 1352.6983102796064
84.45621027260285 94.57113141158356 202.158042317728
35.67514388104402 389.7705668371118 356.41139865138547
109.95107395826523 324.6794682949159 618.6756370633312
25.267486502852638 97.33246535049801 91.96729726409791
255.51077645594927 75.42039648844757 848.4291023080383
37.39885081180671 43.38606637439196 696.4270813251779
329.7469177264535 136.064476218909 315.99048329942593
1018.5876966745454 146.0947648831955 1019.8819549607174
403.9644708737841 147.50666999877328 721.9327963203484
146.9068087169505 45.017237676510156 1154.3144438885752
356.90177453025234 50.20036722897782 1080.2979640725953
85.44636639311094 243.91203285885405 531.5827592938174
223.14673832369482 260.3148920537056 1149.3156395589926
71.21832408632099 27.820573540635447 90.4586184382048
197.73282867287176 232.32385078016677 1324.2188162227012
63.153512384446174 99.24848114832635 14.573647765700526
255.30673522884638 855.778519797921 719.6276227836477
240.94456213951898 723.8816954326882 1069.8914483391445
197.4591269967136 53.26967613389986 1250.223889973504
21.057014009669082 136.30859458813603 532.1085890153907
124.54503001011368 228.45935037840826 964.549720099097
176.74863789910748 95.52809651500897 1127.8689610748568
103.18025190634188 11.7611379096432 1453.7790954339084
270.9595784860806 21.99226848476437 1434.9513236716607
111.40632753792197 277.92186339775094 299.1116965950289
161.9263115814857 39.29150508643044 322.4753724965424
9.483207506093 56.79094278238167 500.4281964284949
457.22130229922124 448.1020633949121 745.7615644392168
187.0373707229858 155.06542808442495 429.46453767216576
391.36016268751104 29.56574595870905 1464.3046816178987
203.3536324037533 29.966608820431407 981.4844656118753
127.83113943824709 79.85487244408009 172.47007365376336
49.41977156650644 19.278878035967374 398.10445420626013
64.10701009455813 129.36834026635856 741.9254127908922
235.23359973265784 189.89081653870724 54.494358476973424
167.82508008146496 2.211678556270638 752.8977578767683
13.186458756532508 219.09304122090575 1040.6632217146823
15.608951634050456 512.3629790205993 1167.325929054545
32.005224448130406 217.7767052256284 1079.1895649395722
75.81950603134351 79.01626676574561 511.9369652337567
35.0366637535999 22.72921920009471 1270.3605816469305
147.79129455455566 21.905617277665222 873.1828922760856
716.5669916253463 179.17947054205428 959.587038684488
131.58153838781195 75.6773469988024 222.52824347658196
562.0616330577485 262.52551432916704 765.9751483756786
183.15941198456036 12.523124760157097 529.250758232372
240.47349822366976 138.15301985287377 1287.306794460215
26.604284881668804 225.8187375472695 215.13398966778863
236.33326735591606 281.2517604033114 1037.5370814565638
26.08328586439295 36.252666435562304 1135.1257601254758
296.7216679910671 230.41269090181427 770.0800940356023
79.82403048878706 529.6310285425043 1440.3330678094048
183.29648336346506 228.01353983112693 1222.662100984357
177.98406894594726 57.62905530993462 55.064866045610785
618.558139579437 311.5450374034832 870.4527368027475
165.5464430461267 114.00381385704506 575.229734410977
318.4235584273633 37.75296446751265 809.349814229524
55.355984267781096 196.09455030731516 1048.8852893098901
58.91874850627927 111.27516324610711 1318.3339614692354
267.9692783798244 288.4148291601898 1003.1193694992438
931.0452762311386 71.6967969686151 911.199377005992
29.941511319355218 788.7785111960467 1000.1495102606748
285.38598411250973 331.5266227219292 915.7842344302566
70.24122409869588 43.11206103991647 706.4111409341489
188.0376064960924 129.48214005289168 164.39093269952826
101.31007693387363 168.8255070747843 541.3633895425781
675.6060020973275 73.32762695307522 164.09414443166602
179.53823257279223 72.62232069603381 1336.208820471554
135.83884129437982 27.83927325930876 915.3959115523667
111.08558915053833 294.83104817552766 510.5532709083684
14.681937180903438 373.7045420158171 920.0644120047651
0.48327843726658787 22.997036654753284 48.32974193240441
1681.527433326809 168.77886332586024 399.2411070007803
348.0035832280989 674.6437161197713 870.5804340911286
106.79919411743396 727.0873870797395 1389.930589810774
621.8812484320949 149.3040690997206 969.056731529319
60.6064016906802 13.072030084134942 1423.292336390449
210.1199557972997 55.91854158581037 805.0403957579684
616.3829025957291 73.5107806567363 790.9948124410522
129.39219748523507 64.62185774573126 171.02167427226078
205.38799185004177 216.42504269617115 8.33743407894072
460.5127778010942 318.01634253093357 1179.2203147369808
84.61620947101206 68.73528939817632 1229.6301735859513
1.6913482347666855 224.96073704772286 447.98635321819467
413.40531946731016 337.15824848020225 1271.0252943777891
63.37853817368841 80.30291307603403 1032.3804985193397
487.89375717241023 355.5870207913162 1332.4053899708006
70.32675656910766 128.0651117538888 109.77626944190582
257.2730048716254 386.62319252390273 340.096643406129
230.50344096374124 13.5702262706278 582.2205245261198
983.9921370709634 44.153777482656146 353.9551094767254
45.15862026528881 760.9304980226594 115.96416717935054
169.76382622877566 11.783336470904228 893.543869402328
123.63253110782881 665.071107265042 762.5733303051043
220.05689197238647 211.59662570819137 415.7038923917058
176.68576133719586 346.63924833355526 1064.7247808132322
60.720489140928066 42.527666655073915 1099.0188466637264
216.14585409656902 163.45754183870716 12.634833702653447
105.18509782542888 55.898979922251144 833.2260515359138
3.9103665983586917 28.25259874850572 1299.5863520987843
28.41791760908406 44.55874785351497 986.8747922362644
49.285695021795945 85.92310654967474 1051.5163139144229
68.17266090059222 288.8056018755025 339.89241658889927
6.99895701005203 51.80766226017963 630.5396016920853
30.726710499169492 119.82565985343354 811.7359796047283
76.73901175845663 159.48514325589812 698.9557873896737
8.975391413284829 289.77178562004985 886.4843153302023
772.731696530396 50.400249958722796 910.258438667142
133.5007842519301 46.80311638045504 901.5012240859736
288.1217817532848 251.94116709070644 1372.3405470877858
125.61355105996456 13.525869034403568 1130.717406976156
426.8923795703437 12.506924646164345 518.1052114774034
520.554606424804 565.482345265326 160.76939785019974
47.24471713011622 17.4165341827627 122.84766686481092
554.4465819247475 93.76078275060058 542.0835451158251
283.8531149349038 95.04088974815565 467.49039400224655
182.1205364464151 120.2941557490551 1277.5184038907767
257.4296038499107 0.25953333331301304 757.2384592291479
385.7058701391242 628.2814283369978 1254.1118360455519
54.34528243909428 78.03755780676676 1099.8909277050789
189.40097043670707 332.6604120435842 1148.7702494726257
1005.0459709471472 36.71138061661492 569.6883919500403
34.24161687962229 48.11164591773392 513.7715736859524
121.35217499907141 246.5440746604771 808.7398507583682
268.40351343687985 843.3931069128274 114.14623254344036
565.5335583741307 219.39221426218535 537.3127253597365
137.65563143570532 9.2229299438116 1278.049114480721
126.23155556835768 109.95354335459324 1415.9001219977774
210.5563720086814 2.6820245137899317 628.2170690529127
256.5020414174019 229.23237215566758 246.6506498320245
211.68080428263485 2.9130724893974604 1235.4360873064036
164.5464327392773 20.59510666066682 1317.9900519536698
272.42293464006315 105.07970141558283 191.07586712911845
9.152401454723853 64.80081222443873 40.14106027456366
36.3065368108486 408.3621623330046 550.381752642748
220.74072247784696 65.70491882710613 586.543560951109
243.68997538094243 231.1476349029454 570.9057745251018
28.260620244772007 73.9313878707118 154.1110717995297
13.436389747980748 84.51037195837574 417.1538025123102
78.99577524571983 9.05303725062579 1246.9822006625177
105.00647283043598 23.86139348515766 1107.4515801485286
200.06515343327186 703.9111738296538 1321.4598970743589
52.6628608051479 19.887096930410166 796.0984336549053
268.8470375305754 135.92721464070394 1433.485560540389
6.689281744665097 191.63772518087418 1462.67293756213
682.2549111311083 113.65629969433311 803.9241513330232
477.9477916953318 1.297172820446877 1355.2348184221767
155.43812519198661 145.5264273842632 712.5181029117327
16.73203691089485 303.8826384288012 1370.266566855396
724.5090346868839 135.23221361255557 574.1757787498383
66.67856853587621 84.76389990072562 970.9651458999957
247.12905036220104 63.25505012822546 809.0545772471127
95.40526556513986 61.16177109421823 528.6639359276109
77.04409135777956 296.75639319717857 1490.7158125969643
212.22382701958082 52.142251405659714 1400.444339922288
12.3843959123644 34.999736795341995 253.6412086852717
31.68196451027686 429.61399235136594 1062.9819633221666
41.32454296836855 58.1616292815442 1009.6574558906627
90.69139117196706 185.65704622441066 87.57002871553877
36.051637342707636 0.24207607428862843 142.61710577611785
566.4579519585174 7.2938633410463085 632.1898341543418
60.558029707537756 49.806825436164324 184.3318403748444
6.611579630174277 1.5618050225392097 278.5458201887938
471.82808771787217 201.6232558846155 1046.7676219374289
128.75801067932798 49.32234623002969 1141.17165457032
24.897652211408793 188.84829256143362 484.93122145634464
138.90574144301738 119.97982627652404 931.2209511047763
86.32079320074367 107.82022087153629 1175.42202731299
28.6411174015182 56.922552456579055 198.3609461344813
116.45030242851695 133.10774958635284 750.699956327773
389.4399195169764 164.27924871197624 1017.7319077168839
513.2447108077439 162.46674535461304 1206.103554013197
157.8343239438466 72.64934874435578 535.0109108993353
10.79718778237476 81.90304949501571 42.77979951203725
10.956409801278006 106.67699471142289 916.8359798707164
359.862246084298 93.3433632133174 1437.5113937232265
18.813872634704722 59.66847364032778 1010.138571854544
209.88875143322136 240.00004642103957 952.3527483507067
96.13987826743322 112.5844393575479 886.5198923162309
920.1687763597308 157.6502715852012 489.1414418771357
200.39047907259908 199.72229296550347 552.0247089507333
111.56162476366751 275.6786704098786 852.883808146946
18.23126180510446 108.33642067141054 922.0274604309234
302.01366308080304 110.73879957966682 279.3485367914752
141.5458655961102 23.278168327140833 1260.6451507256695
16.34603049427656 19.562834114551634 258.43852446346716
10.445864881265628 320.47070668594546 326.5873594825204
0.2840807618915377 152.96580858559022 160.48850197356384
231.1126216570401 60.396901572601735 648.7562972667697
404.53701410858656 37.01959458956717 1226.6438939735185
359.48595838598567 40.915527012258224 648.7639052671531
536.50022107916 105.61105351120193 902.7594455856901
219.8238481463698 24.27107553264633 407.13865679075155
104.01243002110512 42.600480747472545 612.5168661475975
334.70877907923995 136.2500244580078 876.5664619051789
278.60123139240204 100.94681621665194 186.84983108398555
292.22069342825534 116.44978828843362 1438.4972773519187
333.55314873747636 150.21529221330664 333.34496357792585
243.05472781094184 49.606924974292404 907.3438143884737
173.3900050150373 33.91295934144976 1167.7045498021496
192.47421351115412 244.3101662229211 1498.9247953992433
52.60556429811225 12.011826321621157 33.46598177602706
156.7553344164984 23.51184585641693 1040.2459262497953
264.4446777221676 49.64534085129238 946.3757213175749
225.35813724576755 349.8961215741729 296.2092915530516
367.8395506741106 79.49592308833316 1156.579950465334
12.167918842461692 69.03992342944161 1469.1655561723924
161.34903958260128 94.91940087579167 1301.013907837915
132.18952707604348 52.74581827277984 952.1402436464184
285.53225904222165 309.7325636150634 39.45874888498763
377.79221002874635 305.17056103660997 974.2051188830781
251.27674513908227 25.968883151469193 524.6833017997535
297.2993953273413 554.8086683143347 704.4730325619279
175.6192157454619 80.88868403273636 175.55381846555056
269.38930400691214 247.97088552053003 1101.026933358552
113.27643492489395 164.2050604315928 1477.12936472772
68.97221007478895 391.56616748119467 443.9663221777361
142.26155017420413 60.7033582501045 670.6975671133367
168.63102420229092 326.11416324484964 504.57177556971794
50.73061709115792 109.38499063303075 847.4156019185343
183.0280195279765 27.791416047480805 360.3319315753795
573.8411690065483 314.49422992395694 1296.2459301224724
22.851461492092582 195.66233317520528 859.4225443006297
67.50133613164505 58.98232300987417 364.08667832791775
96.74330127584642 371.00768353078456 487.3161081283405
33.22094034585575 124.53011952234306 832.2845952967212
186.8862792906935 106.74532618131151 26.27808801115189
94.56051393431879 610.4919722173929 989.3042363052596
159.12131679289723 29.4993575272831 938.6901809558608
51.59434502702271 177.19391867598935 784.0883340418576
79.20475584793685 31.478335116139615 20.87719061737786
120.21663596599149 148.89100390683024 348.1503876465795
30.183035149596847 214.47246400883992 286.0815055217754
344.06619946837776 1.5447155936429808 182.84184943833094
165.72238072913444 316.3272807781143 197.60299843425594
844.7366900968717 273.0945676122257 605.7935008799483
162.53594041578518 102.25463897493697 1427.5702076327364
165.56853894618308 338.92589860882964 932.4319035756529
32.182184835897424 286.55192419310424 863.9836528764449
645.9249473024014 23.591228590802316 1352.2774781554394
607.7478128724421 672.5717820810484 1263.719786174849
475.17730618795156 161.58535287289317 514.729857356196
93.07209838365338 13.115033840822433 1140.553032012694
93.53387738079842 281.6475464634869 1184.3232147134586
36.656343804641 40.51394900424274 1421.2919102827886
16.28250447776778 215.39707768567905 1443.5481429472256
190.71684895266668 59.235286097895845 459.95377149039996
275.05421115749203 26.021944197448484 166.42736531628432
274.4243421096276 10.452185668528571 1499.943967033095
35.92435901224754 344.64986349871015 367.5830028037926
60.85540017487764 52.181653781769285 870.4985491400867
117.06693519149837 252.69327631305956 150.65360130357575
184.7778783794365 119.0378503942244 771.7237048259567
657.1190622507208 43.25389947110752 0.3635033557451983
6.85529612513271 170.41840921187915 988.0423431734481
97.8929100208247 75.93838090660613 1201.4767564418564
0.09680666368978832 54.72590551893154 1256.3540032508438
281.48975217866865 456.51153056660945 376.7577604957943
191.54813202288977 148.69234833976498 258.0363439271815
518.8883079985291 69.85991257559121 790.1034666010546
56.30918075348356 103.30548883124631 561.8567891021262
383.66796484012076 161.5324299016967 1358.7431613742358
89.42812609012543 319.01748161384864 745.0701927634491
104.97813612652567 72.19910770877175 383.69463478872444
749.2616861509997 416.0762094214961 275.8881461261003
202.12038815729144 278.497911032829 624.9988040265057
93.8504272114783 194.73592547119597 988.9305130697577
79.06456683141657 333.83791470188703 864.9520093897469
398.1613221821803 23.325809110072633 917.767058084358
122.34608139111927 167.61566405678775 1182.0756786576899
52.236835449931185 138.94292459393475 1052.038234731637
282.55676138277965 518.7474882140096 819.0559024883421
9.565202461851515 248.6845673289524 567.5443429630044
199.1996457670217 34.03224283391842 356.42107734819484
8.554289307497228 330.0500740453871 739.5401995787643
99.73293983891291 253.60414105853297 321.94482385448447
496.8797988085634 106.5621631298707 392.425498116254
286.73960550572684 494.61211271164734 93.82244523293343
121.88060449882798 50.46929522131184 18.00929709532828
146.7981994395538 292.3616352792174 256.89963265626744
23.964937227710628 35.59260394837869 708.6765543151931
160.90491901960084 249.02268863617127 332.0810857282504
61.47576791068433 97.55522400992113 662.6887546556081
38.0730591751934 277.30805799350617 625.0387198477343
422.4019289638734 13.263542053356906 1394.2160404117476
235.33077792647447 5.2026155325748915 1428.2673386071997
93.32688375875972 41.80508410074963 1406.4852698826735
68.41484974984215 149.2110970089662 1335.513099504585
231.43133117264432 189.700716276024 1065.249654552161
187.19196986024974 73.60234547646547 294.2797062909405
100.37411973088517 288.30720016372504 671.888610482693
36.42720458106711 251.79805317212237 192.51650270052474
152.54326415985847 196.86894404851196 418.55957486520606
68.5023906726786 50.19194391413472 330.20384292001813
168.5030302629161 88.74312220854922 1239.615204531212
154.2759551742528 297.4749523122926 239.06781235668495
41.072418001668716 252.85632683620202 940.5830364510601
30.568719445093333 104.3404320981305 824.5702350276857
370.8098189005025 64.7996434343897 1394.0675298286408
86.21541247725204 331.84201131658006 386.9127137038051
720.0695282748017 91.95363916367587 770.2648588083964
322.814121337852 302.55096703643744 1338.7476584404365
718.7897834578766 28.793385640614456 21.728267801226554
42.04933907608005 703.2840193815518 1218.7335916343966
37.327568922499424 697.923352536819 801.5610020048548
240.7857065598132 319.5035303115618 727.6689783678956
98.26036551262433 380.2890220404924 416.25947762884505
21.869701116725583 31.532851653118893 104.88060876757865
105.18537024967871 227.85093809186336 669.8128612112694
47.94498180592893 379.1599815526852 797.0309872750817
216.305697972928 19.75835339327659 565.8018498556081
171.53521259013755 528.2709376367034 285.6835834619677
132.77936171700262 870.2605636330683 552.0576854891143
21.77481937703311 133.92483587429874 277.3078394402917
365.1886315376174 34.96490953328347 267.99629560583907
682.8477288152862 77.68377536891602 1227.0321064564332
499.36256136170647 32.957843346104646 482.7172792726365
319.12782543343616 117.94371019633422 355.9334053764471
180.89393115973306 28.987335606803793 1021.6048395364768
283.63282840758905 59.90111787181891 205.57496714465057
80.21308027935216 270.00901632670843 801.4870450733217
63.169244334726606 0.4467407234226487 1354.0561315637835
122.80531701164664 114.15434300327357 1314.4967426116984
36.33627640758262 927.5128086255412 118.68104385998474
608.5229160555252 139.70166893234165 575.4506893879235
103.93758000797102 243.31112830276106 195.90790221175035
557.7953903145869 54.87440735148403 545.716699622348
19.971463821687703 410.50446167417 10.747491202275084
54.08925172356801 491.1895273758852 1096.0320019758822
186.52166989405785 304.112006956505 658.6385526974983
83.20058923381487 161.646556031446 395.5295547695113
4.000734488881149 180.5001581229497 63.51757716150597
282.9721143740294 118.65880830623254 1491.8997189499507
333.439812313203 349.4571674345626 1429.2156494224357
221.29541918838007 37.521867806598976 1208.2284588397633
80.53560112061741 310.1359432778445 535.4562790524421
145.87839318382666 144.85956835486587 37.356933095265944
244.73337101235572 155.63595956695423 1217.2626510755824
480.1009322142569 77.1541824457 1434.5012056108835
6.949118850554309 25.13858838925382 122.1934789646828
111.36009909111459 132.3784367966643 1249.9212435736777
16.911106169347697 50.803435410721555 298.2397826594315
121.03183980776657 198.25586341180124 107.24352591528485
19.68459235814193 328.4722582712276 212.73113656053278
7.718254974152186 57.954483761436215 262.55937253263323
423.96207013382445 204.7665659044628 1266.9763776448744
149.37848215916247 224.8200419607761 779.5016652592807
31.044515515047138 34.91471084345358 1427.9288841192101
98.49978638477927 58.068677664326806 505.37597249660723
74.0711132016713 302.12372191956393 119.81408318013087
100.54003749394715 183.19009698104932 965.7141917701434
161.0858184450491 529.2933925599265 399.0550506955343
627.3264616747377 37.30912090158057 211.78762905595033
266.93347797411616 334.78952045049147 38.82368076607595
232.77340114440906 134.93354968224588 857.4932296375977
34.046648013425354 5.804128084210708 399.13345053150175
61.660198045930194 125.92213801777477 1139.3543738675555
27.109246893078286 116.71181001333981 1185.1101566627515
437.9150351513396 12.149370808835629 27.927554246427288
399.1914805202344 399.6070969261862 652.7385788743726
208.37775745079875 1.4893483965824696 911.3627892225737
172.77077390049547 133.2701560229535 1449.1307860710544
867.1416419188745 88.48626155420311 653.5001847770819
47.66297671482721 9.50962753133239 504.6955243049611
20.785909771805404 99.20098529748644 58.05568980693837
232.99489183542877 203.06946224185333 1109.4530472992287
53.21719481170574 84.63430595744454 695.1586766891412
68.23012945243417 5.91833287040049 954.8591258730033
97.40074693322502 185.07500226474463 13.320574363704429
348.1303803343845 233.69068062929136 171.3834962692181
410.9847855877264 58.567714667923745 288.0502442458408
264.85873097429834 499.5958675682722 1114.4235917368758
143.18726058106844 189.16535283565744 302.0351477097432
96.45143210083444 198.8256991784997 713.0708767846329
99.23820399419532 259.7310298994173 96.43005206660077
183.4791720865184 448.43183715895236 258.2595113588994
18.807644297945984 84.61820784857115 852.0181334301695
51.4749232083075 147.3711376131255 489.34163839032726
400.9209592476198 98.02287198946648 466.83231212692414
868.1723619360425 222.13186197845314 811.4507448253548
316.18228193268556 48.818744953500946 187.05237215656723
44.179535129539616 237.16732390358223 796.7635000269242
76.80394458231504 110.22688405389071 1278.3226350057419
10.56576481021772 542.8217768391472 1052.6253320437982
50.99598315589149 135.0674213519057 1272.0795496719202
29.52407049354648 6.150837565270959 1413.240829529164
1067.4502032791502 247.43022107853653 1310.345017966845
23.20361635645993 319.63328107432176 845.0779721535176
9.708519103776474 617.0605721889793 1169.1984346225918
373.2603121632903 96.73215331617484 161.6049892905792
9.387112638538191 105.90079396016093 578.5213066922216
116.04741154468843 129.31955972069198 86.56880837529651
225.77766926968175 12.953148687078986 1482.9740674851603
19.369203828307725 257.218930608266 1349.1152405454584
48.906439527624116 409.81087070171026 833.2260912537569
187.15502606301303 685.9282731141212 1491.7442053826264
119.9544467088165 9.791981070031982 1114.3754462697764
177.64056958962544 36.00756814004013 571.0221383735014
20.380965078002188 556.3094279714378 724.7661723592153
129.0419111398874 110.09522967563524 1112.7237351544675
132.57066972034298 1540.9468180360652 849.5009463017726
21.336495036433334 3.231264676066031 913.0472090600665
95.41593157419905 18.88911420969488 738.6584243298488
385.88239729718595 219.93960846435664 512.6910540347053
58.73422443721111 164.19148036290125 899.5855322624187
445.9999016015017 284.3238659623217 95.40946238400066
256.40211789796984 3.882283895872915 1489.3451542309836
472.4972306238404 27.401583549541353 841.5118546577067
25.84040837052069 102.09770265227309 1203.2984261460163
385.4812360230305 189.68754548407355 787.6056486706942
108.31886616306947 74.23186763388382 1061.5704825372236
275.8563824074077 190.75805173253482 61.56109841998325
409.58005147780295 116.07516774139921 384.9432036707517
107.75318186550689 17.68474672443858 23.82307484257773
185.31232279334847 226.72130003052922 44.856101649287716
161.6738366105111 58.80974710836101 221.95124143560136
29.66605180595413 36.13487583224016 302.0834597859723
298.0328861218537 281.6938364260307 20.24231845579655
647.4596371515955 64.2504308908148 179.2195624384384
56.31624733073676 60.98771281770537 346.9101080149705
159.2161367605902 75.40650380592115 309.3355158590899
16.498264457630132 39.822959512203084 558.7475217312606
245.39122679978806 19.64384837894455 1387.4382374066647
49.07787196035383 14.405737378542193 1451.782279377221
8.331602182808021 27.839488363122673 1426.087155351703
51.26018550114342 31.45776581041243 1233.6798056477658
138.5513973596218 14.954636201540008 949.0435413465639
96.30850611900502 62.65290069110978 1446.1333618156941
303.9007258817198 45.76103571188781 665.7157654893477
581.581914968901 32.87263330257122 710.9088910388824
667.7459575970128 186.38170298178264 33.71509537671841
597.0655434633098 801.5252777820448 1216.7786014667292
187.5392837849121 412.11447543438703 33.84700337455515
173.45211149094533 320.3108307759023 283.1278793515443
0.2708925290885827 157.82516934645062 1011.685535095951
115.25272829022035 19.521581468884225 356.62120140357047
1328.0382881226474 97.06626452340346 1339.610757749568
134.03724376863832 408.28327503919536 1128.6571435000694
1.6893306137700304 141.12549077108497 781.150187052811
42.107437160092125 48.958695638576174 970.7919916668582
15.474320956531706 245.28395503271003 306.3013034526309
326.62077406521064 643.7662087979489 1021.2775774711864
155.02186986642124 223.49406654768694 444.1750133887042
83.81493193133804 266.20927547755423 470.66737162571036
654.2132734484801 90.15111635284785 630.6379813276242
14.619832594206533 672.5718368866724 827.9938943536414
284.24615042825275 158.23928826149998 356.4739389832318
133.1813185609674 11.26622568044947 1253.1192948479768
228.67882030107137 217.00466976348295 1312.5540832145384
148.29944961245008 103.83536426206719 748.3859682029748
138.12212393349645 175.12131499510377 639.099829758912
100.23780748087303 38.065461925449014 1411.56778305443
40.02064952709994 197.44138811404306 104.15300674962813
296.66334787617353 385.01128990963014 673.6632190900464
1225.8710565036172 259.12916380471216 864.5966961994694
122.73118637557215 434.028584311602 213.11105421522504
5.622394695541109 371.60914161932567 823.1320979584627
12.590233923507485 213.76354018795456 1393.6920828645295
102.05480433115616 20.67223795580667 263.44664074826903
690.4516365523356 24.253968527255154 1497.7618735178976
163.3764054505307 27.386654856838266 1245.7028123699752
39.40093430112538 258.0583444109141 459.3061962688995
35.8846955291115 481.6411086308583 823.8303807465904
117.78140075914752 663.6493873304253 433.1700230370065
22.74388567756703 45.417572254650196 1016.6258651317366
49.08887555541675 510.80858638247173 1494.5671035424718
86.89990996919538 79.83331016445835 20.609489006452986
122.49420942793282 168.47011570081443 524.7142687474751
270.91401757146605 468.37834914048335 214.78293527345966
491.99117381929557 229.38636404790932 176.91072838270304
109.98306818121617 669.4702203285607 293.6943360334462
453.40860365149746 66.81638322337905 859.9559659419417
16.78007547102322 589.2175431714218 1415.5869691830787
225.02163207037884 150.5066721313072 1135.8096183722241
24.58583916459276 275.4350462009744 688.5820717846995
258.83673256893945 289.3316828245289 1041.5474248587402
61.97565954426848 46.949268779401784 209.74467668499608
238.82745950498244 129.19768312260837 279.19799012335113
108.10528307791473 359.05398957594383 780.875992038888
109.73568530718998 358.3136819786328 780.8172834975494
551.9587762871842 88.1132660752345 152.96247584236815
130.02563676717622 43.183627929845734 280.17285979738864
896.5197125317216 115.05387320251266 462.2567511657993
136.77424974380727 248.50579371572388 403.18825314324107
19.412503942356075 400.68947677941475 507.1796534123018
677.1774741884261 202.82550737951985 1290.902065949205
33.3080331767961 733.8705800548648 1196.2997318476582
566.247403082089 328.1337050187893 492.47892175526243
26.220672094378617 807.0865006597251 206.43851160575417
223.80010387893168 621.1181897947234 792.9283088208724
490.9172132273108 133.11449896469549 810.5712156740717
3.41780304455689 273.88211410597114 500.7561305521364
112.12379515369508 60.892820898701686 1234.4419344125608
65.01291818955104 266.9768789131971 584.2601441449439
197.5785151266338 325.84127939163966 362.50709940836754
931.6128048067204 469.0309314968398 1452.003632926961
155.03786788353605 362.6713004726327 1463.850084503387
402.2680022048065 68.55454561620523 328.55353512092876
858.6329640036862 58.32896595778813 276.6337380762689
67.27944892151687 476.57463946307723 289.6408591097194
156.19927812038088 247.62916593076963 532.0550141668922
183.3976262135915 10.221638344124804 1048.2460117453004
94.58595061810459 661.2337816805688 1056.6319653386688
426.96991307662796 293.0194648077919 1052.068173082871
147.47679832210883 523.7286009307671 1449.320431404376
42.21876281429723 198.05602650872208 1421.7643648840237
243.54671442822595 158.5653157861574 732.4528438838597
128.31471113237083 301.97141742530715 408.83499181291967
49.433473499137776 161.97164071319136 66.94643950213924
557.509787453299 10.291180585965652 600.8530474407332
23.871738423291333 428.5333003804676 715.1757261361845
152.00442786548516 118.4506595626649 1364.3112116315478
451.3898462817109 166.26435977888485 364.61422645911955
122.45427208189277 228.91066838423072 893.9112118293878
84.2804321775005 7.164017397910916 467.50316009576886
175.90014912929965 31.25467517902077 873.7722802948678
102.61003528777535 277.61059946974683 742.0494920365982
10.314568439604024 37.151037982694326 335.0292947667438
32.45584407344621 49.28537383504209 318.7330559450071
228.665190660154 84.7779143321812 972.5723537801176
458.7596823698326 51.530576869025715 1067.9056820304254
56.119207960876274 97.83169904108155 564.4842378234653
134.4017482827664 288.3070758719038 498.63378259682116
277.56458501695624 137.92333435239092 148.59373242670026
281.6023902598085 139.90050259824412 1.75503038591579
12.845638040576956 3.829963239483104 481.0906036491614
43.11061612323849 19.311415481662994 61.48601091787054
665.4421273790618 48.373681130460824 19.022502169222687
41.53656769833969 71.11653363869466 1279.917677087689
168.16970383073902 43.10660193032387 258.68686159226075
2.3684131938839466 155.9958282551818 1005.8934667679013
75.0144895245021 125.03582956254695 1317.976138130244
225.7256573392505 32.00626898635884 370.86023155239644
83.33624808904597 1.2678307511409277 959.814207106861
63.27410880545201 30.216792890947495 1245.2643277299676
576.4658105769958 5.652012470719883 1032.123513007208
852.1392123593519 367.7895764009568 1448.5691905952817
64.41945550576847 253.9532166061293 1495.0105379600836
107.06714136682423 405.86637934395986 846.9592934170508
5.434654363593997 299.8722601210722 263.7602090923439
310.42212688850384 136.06559542743068 1436.17803450408
54.16188812985986 369.76907764659404 1421.4973744146803
147.53338697027206 65.95382667818231 1267.386346367106
245.45333346603692 0.8666618286422327 1369.6492036338923
388.18712517020856 537.4758583081943 1102.6793518431123
163.94536187679645 256.3971974866008 256.84476262709535
61.33696487584176 22.89732210649107 999.9485588997588
7.953873435547516 453.05883489922365 1351.6516665631727
75.87511369535804 17.636571225342706 1058.2582657734251
125.51417281776386 88.5312648489181 1023.3066471720715
74.64505140126208 6.602643368921608 424.51251853958036
314.16037491594255 618.1111196787683 936.3875487338179
177.9556264696218 366.6794245158531 1009.1253827543654
799.9450065474383 326.2427502426767 851.0229120737727
311.69535996342717 110.01663293040254 584.2618843458912
23.124158743520663 727.9545646673835 930.7599836077992
132.57353343285888 106.16131517192078 6.661941568599228
221.21607758673437 20.112190593333725 1333.3801730755827
365.73237010602173 148.52640795266652 313.1478573343073
49.9741178962585 90.4279737741779 666.2426750324486
343.13103408310013 257.69387854131077 1010.4024711864353
126.14774044132393 111.91853643087879 574.6793261910877
80.3755811337373 27.55561480937593 338.502383988881
22.379972161769356 82.32738948049057 791.9746640460443
88.03035806751357 254.05344483198817 1405.9489180176442
234.43167108848323 463.9913520782593 577.1857987551438
447.0960033361979 103.80658018242134 187.0199706745433
161.40406720882635 87.02374529673949 1041.4232869507935
5.229768177998394 82.08244515640118 686.4754775134348
80.97753545770443 299.70157543795943 388.181637755083
141.3743018800333 24.612811151853915 1294.5451499385085
140.96412851776338 400.76714314660205 1041.5794525315227
123.59806065150983 94.53184959679187 1372.7396242031732
89.90782994875678 85.33161057604602 588.4581026505837
177.077082659094 158.1123227125572 1098.6613434189028
17.514499375907576 61.41931614944739 1262.7369286872927
228.254806156452 575.8723715590328 550.3282684981003
266.6007263489397 221.29152956724135 430.0290623794851
51.39872976318689 154.22432870633565 1022.3369519697377
9.387010901331626 22.22985011172713 373.9890932070275
56.081001127330254 57.101264836594034 195.67688844659736
7.180404445190086 20.487793794611306 268.6423219694972
358.0137375389511 116.57880159082255 161.74616757528042
263.29410091590535 167.76415345509685 370.9493131252144
76.12368857092058 774.2286432528774 194.128862315142
34.89692065599171 143.22116095707807 1041.1969686436091
812.1336788902378 37.60506549849706 1381.2146983262116
33.36435402576184 43.24662688259856 878.0892249106246
376.3335250839392 14.686900292904879 1322.0501836213887
140.30941136959078 324.25944027093055 575.3705450882666
168.7297803853126 160.28749837954092 1158.8316030233088
333.85381110827046 206.17196963349818 815.1261799668762
194.77121653721662 300.2403147972696 350.92474173427615
422.23311193734867 110.5809776406628 768.6378732193228
436.0426774878528 68.49621286911892 939.4362418620419
424.1567888565885 79.51150060647268 205.975924337112
348.48239014363566 823.7592512093701 725.190678986056
299.8990640343533 439.80113594036874 256.49851572366373
90.10794145425093 514.5082679512859 898.5970516273142
161.74804064623382 5.888415262406225 77.53580614786765
775.423213230976 226.57624594652773 523.2865069580033
482.8804775106919 110.24800372683839 721.6548930873524
474.5328474595734 687.8617528033126 486.6619418492194
36.8655996732091 31.149860602680086 1398.95449863674
231.02112164131307 5.021492392684211 564.643790378472
88.36438164632735 153.38173044626734 598.4127596851891
99.94572073223526 56.85192210969766 128.33729416926832
110.01933042933518 176.96028012969876 1050.7504823186791
106.90664973463757 330.91129559925577 994.0428595620847
66.87447111925661 268.33465992168345 307.273683290518
9.15037442324974 435.23798783099403 673.3175912004614
72.16247178016754 253.9665827328276 430.8967151235543
143.61391377643608 286.31678946820017 1438.6639532607962
54.94523604148903 45.49045717546561 37.00357570455637
125.28754743340033 231.71616444642774 239.9789426093527
5.565122699511877 152.42738928337764 329.9114568885933
116.95580527110081 460.97606291653887 295.25394396169503
305.9493634789955 85.2930626574549 193.49367245189168
93.9308361062345 398.44719599725937 1334.473539798159
121.58383815341678 16.249127951514627 353.6561142132379
134.59340983059286 367.6123419840449 364.0692852247868
17.2667749510336 58.082621147256994 574.0736992992664
139.96882322385272 49.67966796751232 1214.2949597772113
569.5637021757232 175.31897880287298 651.8480111001845
170.81219636661817 99.94251352041417 1363.3982312848343
85.71015319173799 169.51664288864066 887.4694252225673
23.91309951629147 83.80199009798595 1199.5292751100162
14.563298916666298 78.4410165324462 779.2587622228975
13.702645192680993 53.694328627857445 560.4162950360953
114.68832586811912 1.22822533904145 808.6203878102816
1165.97293069613 126.00126177468735 741.5329116444269
63.184039434856885 1176.1921660473688 1135.2614805202286
233.2203691901211 290.97229733021743 1437.1463317657347
595.4869173093571 26.411740629452307 282.63932456592613
340.65659418484694 148.6499994136661 1298.6900603062068
14.37792131823027 63.657217985768376 910.6145944152761
529.2737033174592 137.16473496077862 358.8929434703107
96.50359518674327 102.81194872489681 1057.8023513003989
110.32140972673068 286.83579107837744 937.9931789414528
245.47729877334237 367.5705798441154 141.36671921249922
288.3160918436797 252.05426304349055 511.03642968289097
295.97425969003103 89.22748847383339 267.54209101335726
189.9898712007499 3.4700976135530124 224.91036339418667
46.812589300959786 289.0359234950425 676.2065938462257
295.5692145694594 450.5343642411516 1094.6108971984863
170.10255613305227 353.33617003233667 350.9110101543239
674.4401679583424 4.708249743519407 191.35469815960292
34.69238548507735 139.92091400418985 690.9668009411416
111.68555356628278 243.00783550344067 1132.5101472662152
133.40570241915654 264.1922627880904 1431.294187586919
11.114400487436344 170.74206259046855 338.53328335378006
9.761470950180444 170.40702592601076 627.8535766477273
214.54675223064152 355.730434429258 78.95083419355304
28.708751961569355 613.9380920670246 804.3739909103924
53.516636502991645 102.89611698649246 979.6763778307846
120.68295050385622 548.3095165203839 1486.2941488889858
4.5365159230944485 70.1689690837406 700.6032552535745
348.2705140893562 18.50170963805834 596.8513716708819
2.0123710950384823 116.9818432205022 1491.3017839932756
52.61791225614707 275.17202708272623 188.0482533948914
166.96965726273768 36.48995000954157 1252.0217872013682
128.45887886736142 530.4357968106953 18.995937381401042
14.821130690382706 101.66992296096171 336.791509134317
7.709528536813762 63.255288893836095 375.40652452001206
335.33236232439356 45.542466672767404 1141.6079575905235
450.26768134958076 347.97481628489766 629.4531160542421
16.1469804215801 650.5753134790867 307.8393325016962
86.26914650985896 119.03493416169908 648.6526135794716
46.29468014257136 96.6700020140395 501.1449042485351
80.04709650545152 179.53301270646764 360.16740073725157
267.8314260961935 459.907092936477 728.327738734914
323.559587443897 56.852602302296184 1211.8658863421208
261.6393664297853 34.66849189124001 692.4859141293888
89.63997965352686 296.2009783124012 769.1151349183805
169.24484057251678 356.46594243114794 206.31674382259268
198.10361813407567 216.9090135924772 1023.2571842863687
10.93338990150622 314.4774631358151 439.5435765619246
226.80237978304456 49.20149145655968 824.364972627747
75.21853033768869 103.59095908843554 701.5034676809854
30.55689647599363 7.479572660703923 1201.7730121728935
656.7126923391609 21.911131375566313 155.9248642582095
0.43887237808302815 16.93921748803997 1121.8892914927205
255.5686403527575 204.07575468577312 214.59679192013377
257.5734639201878 274.7669413570778 555.7222166847951
47.16328411524307 414.2856520548621 1486.8033121317385
86.3807734698608 456.51035078597334 1283.3561237068554
150.0699996127506 291.53380481124185 526.4209361264716
211.11579832546977 207.8800478879879 134.70266270365838
80.2042790721528 270.1892321465858 805.1149932189031
235.7814243668654 51.95809153125891 161.4079116988313
208.5664540504485 280.4174416649831 841.0251482250563
295.7994025360329 37.03265092071991 64.05071704160837
266.7600128578622 233.0186169516054 278.03421245906543
188.94760130579579 142.83207777122658 1129.3518728588265
50.25959198173246 184.21736489710537 1144.149655952743
446.7572048147163 96.89175226622716 322.997935053003
106.42198722701461 260.655107520606 12.23834974550736
130.4544876093097 125.39237089517563 793.40747466594
156.17017263373629 15.010183489318607 1382.4765335627728
36.38837728823954 217.15388538281516 392.4469365852454
61.10744322620547 415.2952879746845 1407.9300667097818
80.30765636691926 120.92583167241501 1378.5841395559414
96.8764116323528 181.90387944729224 923.5161204072409
150.07901782029728 291.1693181359873 1352.0224506576697
141.7242659627518 546.4756559020813 784.5065096512408
297.3400561306239 267.9117981061801 1037.083150849973
274.8020735432767 367.57145943824526 1394.5745564193664
531.8312954085914 112.50062771343194 195.48940162745672
70.26656085269046 69.15805310549214 815.4838193566691
13.60530892422297 484.7222427234451 1371.8953039652235
238.96890305475446 420.1843569707445 788.7715920134426
170.17156981058403 228.52932344929874 1419.6984733675602
137.1799060870294 11.416482714001555 874.5344556677244
121.37543619992421 313.2159230130559 1053.3864204611832
180.7175231111491 175.00356009569882 1214.911738202435
77.8131989558764 190.1048685183724 1077.5724739852226
54.93681128148046 544.3722993882475 632.516198796125
138.4801665116331 36.03635776753671 1133.3431074624868
107.10228357206188 13.282524454128872 346.9667080459675
30.060701128013772 327.2590596515579 836.0964018399077
136.37269293356627 58.78632435404878 1453.399153543817
70.83182349770408 25.933089068304888 813.2050722646828
2.804713760917654 28.75374111798592 533.2829873951312
20.542855832492318 358.12324174527043 520.548917232949
113.80597137570318 177.94963487837302 1256.393867011049
192.22336623669185 4.2141475764257565 1398.3170824660394
50.3225020012218 29.31234947302841 10.956612764960571
47.9210332697875 166.6968300354197 1282.10522955806
235.64418235532244 123.7154383366177 775.2433664546878
144.8287612959646 137.40763338281968 837.4864085653471
94.28274222128302 173.22187666785715 1312.965812228565
206.2428896076213 735.637945591243 287.81608671126617
178.6163742143074 518.9091531429096 1472.1567511084052
94.8800142990264 76.21902229367677 264.30016941453175
46.34603636787238 630.9810850395205 1253.6818203200087
739.9873710089169 94.23979039940006 1038.2500226248585
80.4771230729544 488.24968707599663 1065.1469525950722
45.02571197542055 88.71235053438402 25.18138246215934
45.553214127680015 18.714536655273772 1048.5215870067168
185.85581916842062 434.1996279123136 952.5344647451775
99.47411969654738 224.62656367414093 1203.2578157259866
34.74638533535776 725.4991479188832 147.50545770014423
7.008140311549431 144.20736271716586 892.267263471044
69.63743996141109 84.4045342446634 1415.031367504227
406.80827507334004 60.550589850144995 838.113716724429
77.88885688791834 143.08110056769857 475.69773280140055
17.311677911230927 5.020277178697929 543.1241269367839
226.7353826831478 131.38001862262774 669.9148679176477
14.635904120057058 21.32118993587544 1145.9967621816024
101.35964320965354 9.820835421451488 1353.579735599387
644.6101043689289 78.48551996175851 140.326138233888
584.9937725749522 82.06353675840967 871.7204533944953
536.6722804531096 93.78623750516425 158.48648564775826
205.04350297850368 58.78881430180528 404.00862037296827
62.398091119476675 16.61346816410004 1320.1128581921214
133.37043539533522 37.04901911899209 104.32205152610263
128.07439644488824 560.6466213191934 1146.1568438112304
294.5734131844247 19.734449983329494 892.9439022056791
21.64432172238851 270.8952676796184 1199.8114527445812
36.344758484032326 153.73984110868057 1130.3012616194712
30.92369297155106 101.61239981798612 201.72679962548523
19.09352747442805 70.44915093158681 1425.868110635449
245.41252539762658 135.20358219913592 1023.6561977624096
141.24412927726524 375.25830829760645 136.5268644465093
127.08698953189767 139.51659517421916 1485.4581500579663
698.8016722229333 166.24906900380003 196.4133850780974
96.3598490497762 63.92249111226018 266.12828418925903
32.91953900195616 13.271294801915111 1363.7758916025464
169.3104118191628 87.72621887729372 1249.2522967684654
227.18612080691284 50.195122451657625 551.084205134423
63.99851510596589 101.47768555385841 111.88999844703318
94.9847523020372 7.179465778198849 11.646778616708431
313.1218107566377 230.11655589647702 936.603145952213
546.5219902845367 121.93295437891796 442.64944409216645
135.23144221494593 140.2306252572497 442.11416969422606
34.153758627136845 85.40658413060792 932.3656621595036
589.7179286836197 18.280159795447947 1107.227440765668
556.2513429940316 146.99854042277366 167.55920369797795
250.18564322770854 105.85290831767028 214.47440969291264
6.8411268349999705 272.9875618367977 545.3305114093502
205.47127809862346 182.35257699873412 850.845005030189
467.43479848993417 16.92814971645021 1209.911695417317
97.80116399036322 154.17908101171062 1245.1586467156924
14.99571383057621 717.3964146901938 114.03644742393321
71.47692299383353 136.1120167053147 1139.1000820052616
337.7667690327443 82.15264863769056 459.92226336002017
141.99287352246623 290.1941261117701 744.1321101111741
142.37760256902484 454.26237283225265 500.0148675198916
364.81462322087566 265.28326255759606 871.2945351823483
1248.036541239777 36.60029436585886 1463.7189094862035
200.877350712124 32.273687942160265 800.0455567274099
33.97878129070843 12.394031797020254 2.3618980014851187
29.88187701195222 131.03720494180797 983.0671088664574
148.6558317444207 128.0576082041754 736.6135350343317
232.95163872479807 118.04567428550132 867.3485230432763
161.28307634787112 85.40836228055441 952.1482936933267
189.01983187944288 471.7861553041598 305.02455347694536
182.91703864904872 16.832130369377122 20.884624154797137
657.1501169688204 463.25659117194743 1478.444035253568
10.246361329064035 48.00910551105048 690.9543394160448
60.9442166659792 206.50735762040645 1401.4272842493272
43.2482152371142 45.15341108065262 306.0648502475736
367.6431230473346 83.2688491224635 1189.7722636233343
37.00955389163546 134.03171238995046 519.489215241016
263.29495285236374 80.3753425439935 815.0822086944685
852.3989716384378 74.94922849310824 10.901803039299162
102.48652808984042 76.60658978745334 305.9285296496635
143.14452964329948 1.537234856081924 1085.259190296248
155.68401639628863 902.6134425064837 778.151689957712
50.701434617291895 27.936093934735105 636.200486647936
244.98087381158518 389.75567149377906 810.7456505880099
298.0080893151143 776.6249457109059 199.17866523790008
89.0581599230113 317.51473958278575 1329.7466165571975
48.521981583352094 550.5704668445046 1487.8282296692362
370.84224629653824 389.1468878268514 1367.2568614379065
285.3401232932029 78.24782527682854 251.67739028439084
308.33500493817405 211.17388283300178 633.4479648776938
220.6215897965911 24.879110378189058 1298.3075215744204
351.9192065224761 712.2379812795709 726.7342170434331
248.29871485002747 362.0402746963438 983.321058574808
169.31702702116814 361.05985886228626 1400.2654956039348
329.5300448621861 163.52572933196356 652.380809308069
14.084096795150788 686.024283927511 367.5227444034298
78.94240761329013 92.73445755836006 91.34306024869981
87.98310969803889 155.045787490564 1450.5213788115605
296.43165621431467 752.6977154894695 1136.2497931126265
145.5307142837335 20.326028235369368 468.21190192135555
419.39221587083983 6.39923712355068 575.6846337257775
113.28216004940823 104.84563589426219 569.1326651817328
645.5046341629451 68.91797532188527 1398.4316872456793
246.48955257069093 375.60968933688576 1418.6263154055346
4.6397745768895025 38.79302167314668 1327.1787973516782
73.64237322365855 47.79738995058492 58.98897016446608
26.311909367731328 4.395897970307897 294.31178020136963
130.26143119225807 205.2077866075947 427.79803213537076
50.07246912488371 159.55111096991507 770.0110120056813
50.35545306174066 153.32813375635018 48.44045375645384
642.7525119498955 275.43301696156067 1160.4810936693063
277.28203332203105 324.8751076733873 143.30433343576976
306.07491952405377 169.93313982605076 707.9665785260298
204.27835075310608 312.99739647096936 1191.8995091610234
38.877890379802956 565.2229859235948 564.833891528717
117.19163652030534 316.0239710525108 1111.118655282196
52.75819520085607 241.57308560546355 918.1836887324889
33.6440622367749 147.82431604632703 1277.3165838757984
190.02681002315296 286.06580053783375 838.4442636140888
88.32570120838194 126.33747758574674 421.9733979217103
774.6901246939321 426.1298537754938 1018.1999379298833
9.831812331708337 65.50685832844758 67.35279676631495
229.26621133470633 102.96827966573107 1259.0191761169306
144.22329146704078 339.5255685473852 680.3964959361731
51.32345813011059 184.38644952680062 962.1229693345572
57.23091109521936 21.029919953347914 411.8323586373739
12.739191823353638 128.05548308035844 838.4180173757615
230.03798461108914 378.0428513745295 422.1817494349466
478.274708862285 69.06539012104686 1038.8569235245104
261.40384409862503 354.7960098361448 1401.4575419151865
108.94752748669903 622.6668944919545 507.77523486394335
74.37106392177941 93.24779570515261 279.3212826027572
20.790672166650957 246.59992505027813 887.7836124641981
347.48794413772464 95.6048443166251 8.225094252477582
29.101881893564695 133.4147266624974 421.93979258064275
388.9041256656533 360.05512588406924 762.8316697905586
168.36369659634977 181.05774853544406 1193.4475724176054
347.4530991424563 31.80396108659335 759.2713273912052
55.526921424747165 887.4951646166018 56.699819954034446
342.682614533783 218.91591890315078 168.28276624302396
88.86777303710976 828.3713936915942 790.3491124295599
9.907250543970493 12.912153319618513 855.8810042302308
38.52023685050833 135.6654950784113 253.91187382028502
223.68975557561353 12.29841676819616 164.66259482887236
9.594924946034569 320.28776481165926 1084.333337124371
59.31848872805672 16.94162576336006 737.5056084158872
1024.9048958430867 51.98433016886119 1212.1235170600232
42.29325235467049 48.613635418119934 1043.6892078075311
783.8699706846611 172.30352550396591 891.8108003421008
30.00757732716976 224.74903980135 339.10145170455
47.61970513815917 8.032953055824452 1435.9348973768447
442.46629699713986 155.94191356467522 1247.39713019065
440.0157710176457 110.620250087808 1182.2246621134968
35.137048751821645 516.4398620334904 891.6673556113433
169.44292195638366 246.4031098267635 48.76713507790037
310.4468762724105 12.466017415464567 1221.9394605509754
115.64916837500778 172.51600009944673 152.09847483571502
0.29579334618763053 179.94945990527222 216.6466709482182
347.7848111844429 177.6316312677871 271.4811085866233
144.6154475629422 588.4023323520527 1273.0697721193892
18.445494858648225 1.9549968381660348 918.5654264423539
177.0415850524421 32.10477714376512 1476.3670769446383
109.13028298833949 115.66966944753247 265.4738881321378
291.1844558934751 82.43855784360389 619.6745773390786
65.99612827462384 34.51786536909997 1071.9249861360172
505.2143826788335 71.18778884034475 136.68945849799846
595.5592080876352 143.40408563653156 567.5552640225736
244.64691486976116 10.032802489621407 171.63993658821903
608.7064661777525 32.55734248183037 415.97639171678
238.61115577111968 49.0144294012389 565.2368809300455
116.5776842381128 913.669773491657 179.48824966752235
618.0035007986563 12.341241803209801 35.009613786073366
30.95986092413106 19.1995824797782 281.7285862155613
98.05272117116056 193.37671163214563 1369.2004051735912
283.8636978673519 120.73901527100179 237.97375173702744
129.25763701957402 88.31465343687229 1116.2902912452805
119.6694680179308 350.38688609603776 1005.7590477045617
123.75936665109202 89.95211460064549 745.5120251394065
384.8986883276793 234.46567924208063 1182.4135490955305
19.903318580969984 62.73545707273313 1055.4438136114047
32.14569141824642 363.5793625700232 1173.7977333947815
50.95312644673095 43.305935021214886 82.82760126611689
467.4528083758763 417.49444369002464 887.127264992442
180.4768461441756 140.5073336402381 621.4780261750052
147.0834848034416 120.83838286527086 1257.8895090912813
87.88825027688955 53.9798346275288 808.8060780862087
38.0551324655247 77.751528912767 1321.7496918602446
44.019001555644735 331.87614581321895 523.1498688761824
56.390684332828414 464.2140274067324 280.01480242490464
21.69868618305256 26.20317271096787 36.11650683639478
519.8471114158797 201.35569415173364 227.75726256075552
221.2845215187495 339.34259204033754 265.8045551233464
353.6094256359164 85.04438494694155 601.7702478251887
82.96246700473979 230.02960062770194 1337.0153905199509
864.8781258419135 315.6509279698114 360.5244083999693
244.0384863089218 73.01602224991744 786.2895695675096
383.78988798223685 491.7688157190442 1221.6971645061035
77.07706650853348 386.22686939388177 676.8230505975481
409.08325785665596 295.0568278552951 880.1204038064673
80.82506275970178 29.640547742976064 943.7422937451478
520.6551870401405 61.82931105428799 1330.6145924073928
123.01056114134565 106.80435292345419 367.0336466133059
232.14875794823047 536.2960307796067 344.1256603279078
323.3877898469177 270.85089357578755 991.3432170988597
389.5993864724185 70.94457588840767 1208.5469761290333
260.0594466284961 133.0547206957136 153.3028676440998
13.382426609576994 127.14657552817701 1498.601770593788
770.7163230846619 149.45600720722442 1036.4669713126148
312.1332899112439 38.880334272807424 1086.0676244353554
63.20244370911345 110.91273405123378 1010.6310147845727
215.68438364831394 32.916788055097605 761.0448350745864
65.19553413095983 212.78927692988253 1079.6730531811136
94.09845035429677 156.71849634419797 1178.0965035632535
364.2638589288487 71.91366652492731 265.80074936360705
70.14795771603728 139.6384235662838 843.960441257139
216.8162618654404 137.62018941631206 415.9086556975825
542.1525804414175 1065.5350232116057 483.4255502805783
70.89372832920886 551.0297962239789 458.7245028581294
99.57223536679794 88.88064407684404 1343.2178962395715
370.0134730542664 739.1324930125016 1160.5112054411022
201.21979808963277 65.83612035997731 635.431417420534
575.1810749106246 103.15003857618667 1453.3176407984447
292.5963898548514 228.2025332517383 121.91040355697963
20.345334667116163 485.7375092663634 1137.8959910953763
11.179012588837585 99.00338654805324 1279.283525209172
126.44061864814627 96.87516453972414 130.03988448128183
62.68682870244583 22.42295136984237 930.5064450257032
219.81307385795188 326.5974432507792 438.80889641342924
116.32083149436777 57.55377880441296 1407.3394345136744
143.75739473055103 135.80620126229368 420.8523710033103
305.3145671579008 120.11698108895112 112.36961630555487
34.297796297534795 34.19349954029604 562.9094038688684
5.141645738855324 354.0561310484732 490.40641852752174
331.598566296781 279.19513358797786 152.4716032445666
323.4701233688352 18.022880857190447 15.45018955707067
182.39498020780604 49.47493511909537 1082.8577952379417
127.94575930900092 541.3767920273189 587.4144821264674
1064.3966941345648 31.462121172255774 831.5429018370229
25.580103645822085 200.85315274287788 271.40275935163044
512.064811289583 200.2702540103534 1171.3568923501857
589.0614845882358 590.1182000079353 211.8578501683595
40.76273995946435 232.2410324489794 287.0077521517456
171.47154411519773 9.98510995960474 463.07499160806367
38.84640703908875 80.1485650907979 884.205728464144
513.013056559593 7.699247439918651 1314.1758566671554
378.04479417899705 218.4444267952145 339.71974378561896
55.845916149477034 172.64908145302073 1152.1232263914176
225.48131358405556 678.2377458966531 1405.1593141791768
154.88742198156365 103.95190265840372 1009.5938123113795
51.89964689575773 293.47040869166767 1200.236261525383
291.8304700745568 396.3764136181864 19.102011675038277
88.1404400686397 28.350305278673954 938.8654534014506
24.72313226635313 116.60627119723247 361.1279292618548
377.88551638363566 91.28999395729184 560.1374164729143
14.517294528507849 19.667572710903094 1318.2257361202942
240.02258218962876 36.87679814577627 896.0487211359514
167.20093370984367 165.2966578187855 215.74881022381848
73.14471584412989 162.22464520652733 44.58965399593712
121.85909390871996 130.52553048631788 513.6769351991638
11.843299047009477 15.838874909322609 1397.8808589705843
289.4345932809418 11.937077475175007 1043.1549005065337
64.95686327751375 29.920899811420103 489.94024500650335
38.43760816365006 281.4346958341035 1353.5965924335733
259.7506721109885 279.94859072889847 1338.6317059689761
415.0803177689263 253.5960840115613 381.9319957183782
96.25441600104206 88.40319101183597 513.7734673569234
5.328348346473312 120.67229007027329 54.73550607314309
125.20793509480418 241.81405893133402 453.010129586246
274.01599319872946 194.16324279976055 473.99067578621384
103.38361945825285 60.18306580968956 1166.5360297152347
569.5995323530557 151.37349517184947 946.7596723190695
195.30898531245626 275.0005408032196 1381.8043056008553
188.3832880395841 153.36088023830044 647.3040306022981
126.8230384643882 382.44681638923834 1401.9343863481604
161.0352862388254 401.2974656323403 1322.0792595136857
157.95190379207276 58.38892728854073 1444.8012679542815
187.34120758298923 191.1532184355661 1276.107957554938
397.7405025592525 115.27553922922627 275.74391489511015
17.463858507639436 7.225925229250156 615.7338242156729
308.0226000813101 58.692437755673474 1047.1074151551074
323.7982279293964 233.28055825576263 931.7588389578086
140.79232103310292 167.44884652735038 97.62814434034983
539.0922735595155 168.49935390158836 262.1636092858757
287.1104141780608 60.44432543306443 1177.2811412021038
221.69404036443046 212.21839548951542 1264.4948700829284
716.0708762622961 280.84550273882536 1116.934336045963
113.36592042995856 602.1071088798407 540.300484008543
73.93526429492798 328.4664567164614 1088.7034835633417
26.472650534866354 257.8454918295617 781.1316301343068
50.664336686651346 186.46309292695173 513.9425908863972
9.520693822131848 115.56081038326576 1232.189597558764
113.96706398681233 229.88906649505526 661.4252850911769
152.34211398127655 300.2408299681635 1345.2763132450227
223.6357634482943 355.3141756713944 1079.0256529493154
471.1427361350595 288.1458287437484 660.3628179988942
14.775993845259935 50.90390708523616 958.2735707972809
10.394808963869147 53.68489949375967 696.2528782767995
516.6749090337706 60.71915428870548 845.4345273844813
135.9093917336569 241.96369920765898 736.3623531201212
36.623901398682364 219.77836318487053 149.3602915233474
24.174217401042785 696.5592941534896 981.852989898992
383.41532220646354 3.4745884141919112 1053.50181011493
54.076871612962066 87.68537077822404 1148.4794313485493
58.83478924305441 122.53501290331461 1327.3843856664048
32.064574200681 21.595506769219803 370.8372731697223
351.92298423888127 271.7709994361995 991.8841027895263
93.50234194836383 89.95457800721806 602.3886437878832
21.635518969244185 29.34874570255015 773.6526114647743
423.9559185197712 242.59906738937977 379.3701401154019
34.65685829316066 21.264153007513666 836.6108112936125
184.66090050163174 124.66614532428615 386.227844914612
610.2683892445118 10.806204657619624 123.32414180483097
74.07216929163604 940.5180955499598 1376.6815038029358
3.004181103115135 1260.0634208345277 986.5138396581526
318.92109547198925 27.7848843033981 1282.69014349787
158.87524918364696 151.37743918390987 545.9602465212175
143.55306800584017 36.775694772907144 1493.6223680454568
32.05525237683161 40.85974971803721 18.079313696145462
93.54226450633882 14.745569940117425 89.35394683364706
74.88328108934257 201.2993758807759 27.0237334833075
61.16823770850737 11.367976819586648 154.5882546106167
711.1500511507926 276.8606524643585 428.5393427914413
413.94090165345096 415.35736445585377 571.2859446457364
3.1790301929627827 239.24156972895992 167.17681245765868
16.056117151861958 59.61722205594081 211.1502903487844
479.8887291970911 549.3426696444125 584.2978608014248
149.1072546571553 276.77595955010923 1001.7392587397919
378.82145788035973 92.15669530848179 1214.8479630475435
290.786391497611 153.81877401629748 263.2701935760285
95.1640943530755 493.9683753318833 12.309121662264333
217.49909036662493 735.9062032275724 1073.0683612925434
87.82741668321835 93.32192243768351 960.1804825745737
6.430979630615699 187.73780342055028 300.40690472429753
76.51062644855233 14.230412796317301 618.5534408280846
201.9358817204882 376.1054028371308 334.316483821401
265.5604312323245 234.84769586980607 781.2925309834621
16.215698159935897 14.551003767702383 1300.77159112346
216.5364361145644 75.71870902627639 992.8567366155405
95.76770564087073 2.589956875960138 263.09405022067347
72.29331334869346 501.0540540773999 307.63615859833794
218.67800279397187 447.3177761526863 793.4336771519019
369.82493000630154 136.80079997049063 1391.4570357700456
284.52962937782985 60.31788855436544 853.0733230231642
147.38809976358752 45.697717901058326 940.0258548311956
335.61106157652165 28.07916114868191 1297.4196908221693
260.0779273554977 166.34552481920736 827.2509882569849
70.06408626675945 130.30546093799126 1271.8717437119262
186.47169437403974 434.12439940360673 526.5814344646482
6.23623178364537 231.86975754008213 1103.0071750553827
30.052305495189902 178.67664865071984 830.864401540965
158.20576355217239 441.6330286920198 944.8940068484739
168.70018477903358 1030.0874096046198 1067.0182249182892
544.9094556450017 254.3388609999595 564.1903874017999
138.23758100547278 591.2801603006777 367.7468853277803
123.69424265812124 50.20611229504135 665.7626245898803
154.2124450570427 618.8790401405614 1454.2709525822322
260.3529735271598 433.56728439477746 667.9625787664488
113.59638938314458 19.539060251477476 144.30896247301834
58.71187846172876 557.0872774217102 1285.2172168443735
122.88528838027422 6.866093393602807 1287.5769856709628
200.56986023674978 585.7118622002874 644.1526047087353
8.200857256959713 262.12245425907383 521.534574293852
245.07724414609754 109.048222897396 88.39935372397572
394.35888743080295 93.26405195363971 1069.2053072801011
95.01170374896188 174.37951194588476 864.1681469182591
121.27139086219965 214.36650714233255 19.62349326278051
512.5446445324828 55.1071494178611 437.8581402585563
33.2895709272894 311.9410423510409 738.7876988375417
1341.2502025328715 381.75329572667977 22.795860330136584
717.4940780965424 316.79103795275114 341.2012611753427
397.2748722963028 403.720498689349 722.5324329614882
38.206939315877335 103.72427751225936 296.8210328332918
44.076192998403705 460.4206864861911 289.5663338383549
154.00724242788016 26.370770874580362 69.15529247390484
268.01644809521923 114.69894553217995 612.3390112323084
219.2120028600127 712.4106469215978 58.30541625399821
108.39076833999937 100.31219645916016 1140.2162148443526
25.861115114693334 296.9210466565155 754.5899922061571
222.66136946276623 262.4513813265422 300.630966864541
317.2862348718584 93.47562968935489 982.1637405681458
327.5867355494622 18.190978808792178 787.436181338801
248.38913311897514 214.5859259521072 868.9075471270878
406.754065889401 12.828259775878543 1079.6608389566527
182.60764091490455 88.81710086269584 417.4425899745597
302.23124951009373 131.33833740559007 1231.7226749877198
374.37957997112545 35.338212990195025 580.9176930464309
56.86136069344375 125.44493999611639 869.5877005460958
55.45993352217826 85.47584498775763 661.3169331491684
199.51532198051092 148.23586347998958 309.2027866920807
103.15136256585113 514.3773762341269 359.3890888663153
139.27709679035894 314.1576036500024 822.1500905769686
0.7056418533605511 255.3260745813464 1428.1609814491524
197.39350979713612 277.4580083446881 233.07009657851978
303.703505491015 768.519890100286 1382.0598672600124
148.84141952017666 207.65290764851719 156.20283108172416
233.26938083921127 37.16454367793737 1349.2605785110525
114.17109354617041 2.4989589200432696 293.0068887107685
43.62261114240988 283.07928334396854 284.94173261830986
427.21660326957334 144.46349031974205 320.7161714899042
210.89811130765375 244.56049601359925 345.13866446728366
158.18678165799113 265.8971444046362 914.3264620484349
63.442253864408414 509.7994469951481 831.6237381302165
96.68407990972378 31.302266068255047 1023.9782866349045
46.8313082950429 469.68105664605275 1155.2677439050585
445.8714082797423 310.34977589194057 791.8601196388016
72.33874300073391 40.56081965347214 1494.0936838423015
217.91752955152734 70.83944109187301 688.7936796770632
368.03053471452097 37.43157357393876 719.9840028626968
46.906785488554696 52.5821990722688 1202.6554629078391
50.32149061581557 201.14726273615048 1423.8459646609112
191.09391290075132 250.01902340824483 802.9910688935948
314.70314507103126 583.6216298248102 1181.9449681170731
6.85778602559565 107.00296226391288 1071.1159761363353
2.844063773112806 14.483116072463748 675.5024851845736
42.58932760581553 476.5356404017643 665.2756677419642
57.69021131670261 126.96151033516576 287.357634278565
162.55468103487837 313.6497058500056 626.5758981440016
162.2498530878544 74.70485704257884 1004.2237454958615
7.874075014463941 97.12853557508171 1345.8467216198378
199.76681126018764 185.3081902583151 1004.5765542907728
221.5453209829517 194.1419102879909 990.5690724172421
146.96704120497125 241.98779818853473 1305.3372498167714
81.10190495560765 194.06078071373904 699.9192033739479
42.94327015130177 305.19755773563725 892.6442856026621
346.35902549517937 31.383245550503325 1459.8157320172568
427.3058765039604 83.45507474581001 848.3440225000173
273.55583055273325 591.5323282011215 920.171866631817
125.11952891682412 79.65585677826472 364.9921669145653
132.4398946100826 282.33331041735613 602.5858682226021
47.21328390733203 370.12773345479377 444.78648236898476
32.42580661348706 176.31385599553602 1435.7667118014663
142.33581106019878 82.20217407671467 879.0933890688136
65.69732670126153 7.983749359308207 408.0948442508877
11.0117577732901 28.90955356635646 1462.4718375304778
10.268282726044935 103.33287719984182 886.2224748871139
103.22781520115856 320.6118531539413 839.337979789333
144.45744991788564 42.288283335245396 371.37555605693905
111.46442937757568 14.24102843504269 1138.5658292804385
296.93073267434727 21.732432384409236 338.39593349644167
95.91173283923227 82.24266492829193 118.7268671064357
496.6626502336491 114.39008019898047 1125.223608016517
184.43528884282532 64.502046957619 906.757017036802
236.36550789049716 183.7898297435121 397.00739570926044
43.68520379412048 18.39255525002132 1077.4703864593732
477.4278914031424 74.70287647429868 378.9453522348363
268.5774962139617 957.3154084841432 967.4705294998589
40.02746100131237 170.84585457584168 544.0668294089663
105.16617444222858 10.309363218658122 117.08686803665003
14.341765841064069 497.9086028887676 561.2256265170103
288.84731628606323 182.27692371850338 434.7359009910214
96.88139838420697 700.7939378270548 391.719560158573
40.891595792638654 27.080775780200018 1285.605444300949
947.5941861770676 117.94700138454853 1112.6836721605127
178.80763934015732 167.75274424879493 789.9034417021484
267.9171306674839 299.12005184074883 1129.8853504238841
10.267342905281426 370.0162639880666 1276.4640501960075
140.3850840859873 54.60124859955082 564.5928956353537
299.5657317885721 289.0039886562031 1393.1728540511565
155.9830363427227 180.0614161625592 57.8793361031743
49.95332592609565 103.84856122399353 410.9149029259865
45.50654354332752 493.8392472387676 51.843949689683534
317.1950694119579 285.7425145464641 807.5114547661714
378.7368360978471 298.9379780232896 193.11363887671206
0.2965468487861885 534.086438142418 1354.7319064254289
98.14426760042552 46.60650404404909 442.3779801013631
585.0070757519094 1.2010605577454554 340.1806662845731
243.89491793098514 158.0497299492761 753.833406390072
224.3576956269878 80.71164484196973 1186.7305784905204
157.9561493540626 102.75739110429211 988.5565753852255
110.5865553632178 50.08818519467404 1198.9029068036573
760.3025778095869 214.9896237772424 69.84075592697708
649.9718856206639 14.017626819327802 100.60535189844566
67.60341555680027 23.26789902888681 299.954247069096
23.608396729909316 95.09882864927793 423.18034056975046
119.94699485731901 31.4392715878911 191.23628949785532
472.25612237147044 21.529474907125863 177.70263217106802
409.9752305771337 947.2564646204455 1276.4865027780181
56.09746959309611 129.6787422665072 1249.487132498537
720.9123998797432 209.63171562548948 573.3016211393141
92.17628410254561 145.17172373006687 757.8300438443516
182.41892512362668 804.5109685737211 825.6363173686079
260.95919302568154 297.6245145616184 121.32912489717663
165.25765598907535 170.27093172301494 205.71034516078885
174.1089216946753 386.0334187421599 368.24738158196567
397.5773090504473 145.73985868211247 262.87286548984605
205.3014142868248 36.08281035598057 1061.1926673488863
325.41593361472144 52.33425330809223 1183.8699560635455
78.83387645525704 11.774472520463739 138.39340447667442
230.79060623456994 161.51015114554218 1097.2647536739112
122.1594889867345 20.329464518045125 71.47750273352521
7.7304221815471 89.56066080524826 1485.8774806756376
284.3414976059382 321.45150972938404 1462.4111191048787
221.96424646756486 238.6510716155538 626.8655027069115
161.43609580750774 328.03183814228385 599.380462080777
65.83238293979218 239.8253535585314 526.1685272228958
248.18922960714468 464.10285868221814 1207.5743036972997
753.9509574093528 61.45742159513274 182.88787463729278
170.57386618983378 227.20435338250607 427.7719913569836
62.63386789978828 125.92052666213247 1174.6301023595079
347.53587744540647 624.3820037737684 88.6507792361933
266.114710620239 165.82312460270072 680.3365104146139
123.02692477097818 60.2282653277496 1114.6335855915527
18.50280737872 479.373394652137 22.25450677958224
111.40570057127093 145.67064028726094 152.04121066750508
943.7131654158167 93.63630723471734 1146.574716434781
85.71394428588452 300.66953367551383 182.06255432740926
66.30425346638408 18.98940796004881 1494.8588050523426
316.05111255092186 103.60712350782717 681.3137309872185
66.6889241646927 221.72647796864294 57.797269221714465
175.34642769849887 22.112690721142105 864.4679676173034
39.32944520235245 162.46234106889753 997.7986449800859
71.8643461571662 145.56236772305343 29.291225299739708
11.547530698195386 78.40149329511416 31.995460690027066
108.51864887343332 50.61613694161993 813.8348543951029
67.79777002753808 970.3623882676579 714.5095152102565
438.8991721980419 1.9699915781017423 866.8113311308603
14.398482338370405 299.17693239941445 1002.257575703648
84.40610482655505 196.36155318941567 415.8379334708296
207.65108516222156 356.4784418127661 1370.81167668841
629.3419785771429 79.28130711876507 358.8100795365895
138.5533993208449 116.55641704399304 1392.3843938177158
98.55464495468507 224.64921243161098 356.9678305013101
75.91339829636577 13.649074604590814 132.630173979795
13.269726456610286 106.48077929172403 419.44948712005726
117.88780608625682 9.047993013786119 1186.2956861376254
19.013601038010783 343.34047972394217 851.1482736796262
106.97709083287883 191.89248686313368 101.33663520964825
275.0802466583739 133.8644924511052 738.5819048924379
220.67111667999578 139.94218430153333 1142.5534129913424
181.3434290264883 193.99810064444156 511.5526053677395
57.97252183426256 44.345465741974806 1107.4493917889383
470.839773668261 67.79637253190738 517.2247830003298
191.28099299177194 50.4764961899067 2.8690401333669735
100.61503221694102 395.5521117255861 893.9100818284379
91.79785923540841 135.25197193779002 815.8682060589165
196.76256986514758 223.93424074320131 93.1239998902737
795.6279656159448 1028.9225527035155 1010.9953113779586
25.305569732744758 97.1825953811325 1272.5332771803278
213.72648194677444 532.0356392632502 693.0924360587506
511.3223637724217 208.0217194323816 588.9047253137777
162.0452980422067 238.60792434311486 113.76984959526109
329.9466065454238 29.663437771764716 1179.4534654065726
138.38597796610466 369.2306518276299 195.92892506644012
80.2363879906023 56.298102063544775 1072.641764276351
998.3289637946827 284.0702004705622 957.6870982197324
123.6631678085043 560.4096340326032 738.0376410103817
130.21156150694245 214.58392188163074 1029.0880943775917
25.131418484009377 322.3223963562289 1086.774672126598
286.8316143808994 54.61242806511866 776.1655428489831
426.17575934925236 172.08978374183135 944.6778439823472
296.79652144724884 37.192774891969336 672.2571613821549
50.98778186499372 162.90251025228878 156.18582354360717
111.92458452026202 13.013238022692969 663.3511745379426
205.3801896190465 382.49128645977197 708.5905411891946
838.3273973799442 345.286738574019 196.9215130492002
221.62720803263772 262.3491597784039 748.113899977488
468.593584918668 231.30916005843116 1205.1847531442068
99.79570962068246 117.49613354324242 644.5137385304375
5.990570225139927 638.8300042662889 515.1724743913182
186.27637081613906 40.1423720353763 1048.9498254176085
48.3057530011798 281.48128213042105 1316.852393581112
137.7833396162977 175.00473468658006 801.4547528591104
119.79203021648557 129.0279999438104 1003.8698383211258
226.65887673969033 415.9425336752488 438.5974914131687
13.58906037734573 92.26384856361629 274.90867015908935
8.951356945275577 157.17894836022325 997.9339271691213
296.2802928253072 240.70695831077794 991.4540172421127
27.504519814955614 23.453644343442694 871.9625985012443
82.94045996092733 17.517603969845364 1308.8894746073984
78.18457439667576 93.63249034680638 916.3125588834001
86.12637635433266 26.622372064983395 1473.6712413660614
35.73812109598668 269.0102071978949 167.29984012098802
300.7808376118287 47.640023130076706 439.67617477100634
24.566785633872218 88.7621526834526 28.612462153967954
0.9042370573313908 1.2763419485012262 1193.6286590204224
6.862455473886627 5.659084214512539 1377.8257129299352
188.95129823984078 27.776169651948617 1296.8922156707606
148.6133233916598 24.72596874923158 695.46337343633
168.7217603909647 66.3782967089189 517.348938422139
266.6259464602866 747.023609260248 1109.2105390165907
120.4538835030228 175.85309783890298 217.70426185957243
18.13255961394163 30.921356591487836 98.57931682497862
351.7603433469737 10.957661577404386 893.2362647297927
47.20301181482523 23.784297334726947 158.45197781382825
189.24281182906995 347.20840153193296 1129.0595024083002
176.54729454323615 753.4392747630578 1401.8576886101384
96.87195754468698 66.69852270985356 876.6236047845179
148.1671541086759 153.84195033703233 486.47632514478863
615.0009868667884 67.72078298270236 1076.6599738086243
123.34902977456036 16.03209114861079 680.5113029674054
134.16420860756105 422.2318753761761 565.1940814875738
12.066089601925677 201.5611250572223 446.578837448407
408.54747592970995 38.58809129004445 157.68399347878497
118.62095029323116 64.74817462799491 1032.251355642133
241.47114691689242 180.39101408395948 902.0436594641884
388.66870559425337 323.6921527733481 521.0267931236738
9.747023515783553 99.44405220647184 228.09149332419094
7.262638436128019 73.7365193913067 529.0594941536518
239.4642626112061 87.03542262949546 236.3032735885257
280.5535256774897 196.96068275972945 948.9122743958561
398.4437579039468 804.9033014011226 557.709287569528
279.4403846133675 419.68872852793186 1268.8351088573318
99.29316010136395 74.04346516636647 233.13827669058523
352.3653145079374 596.5912727183744 125.92999459832704
3.521755841448278 290.28175640717495 531.1632419312606
3.0642721009165075 207.88710091505953 553.8609186827829
58.60732871761232 200.50529367741458 868.8027869626454
148.14306822407056 506.91390546240996 518.6012718643682
290.9410729770127 181.8756260176633 213.6776760790518
79.23015508687365 18.60823381550006 105.35718226772912
78.47576556051223 220.00578537054304 1013.0398039423202
33.258278766543356 20.490986021715944 22.36419797633382
76.36030076237977 102.43339790425236 451.17506493633726
515.0691310575237 143.61176538338495 421.521571254494
304.2346445466388 38.2459389002699 223.14833386393062
597.3591114405111 45.40035337150439 33.93611185428597
781.3128197627367 69.44103414380602 627.0792279348067
458.1362875856372 332.71376451728554 293.946049827698
518.5310021874609 125.19928304751222 551.5768304095217
237.47523589647164 567.0484872344169 851.4621795992301
142.14414568819547 123.422878432321 1478.6443810882674
99.36934403057126 80.36207084861337 1337.2459512229782
168.44154362970517 127.58098363806747 929.1225209100439
523.4865580793884 82.40816928763238 266.62820237760855
29.844390310812756 125.1017115128126 885.2174213016868
105.13847218715912 168.81419157487056 1298.0143698161637
66.02535093341369 41.477825366328844 373.57052847212583
51.90659155147682 573.204204155352 438.7432701695452
100.05299895728939 474.17841345767886 375.5965462850734
49.70667537829405 66.88665512260263 1052.2642979229547
229.36871758115126 1.8821009980588763 263.806484630047
38.198009466096124 86.04585306401101 819.3805857341475
77.61866660969172 95.91011981559332 1328.866347964334
333.96016490592984 115.49656920962236 207.8592399152517
360.1325351886509 163.96410694171243 985.6395015759476
107.79719799068064 19.95697337319405 830.7369916923799
99.62693869607013 522.3272558838162 453.70880428305145
79.56129466178609 289.9791846714873 618.696626987355
180.82042183040693 53.05776508743841 435.0201750822304
35.685914831140146 737.9040361903263 435.18735845721693
63.40209802428478 82.7269822187994 976.4388579980913
182.90622704506362 336.2684047018679 355.0062730402734
1397.6976263182785 121.44679340350635 249.97010237994544
8.162928168951495 519.2201351936474 591.3620543501797
229.44798280865908 56.4534280838428 433.98178514709434
475.46105247602554 154.99070979006805 378.96242626224426
104.4889795743121 704.4475916644813 208.9450158307077
68.25293902855195 128.4259412248481 586.760379651047
86.34209184201234 295.47345669730316 81.06019610090482
256.2776352266491 386.1571745359808 771.044957388354
255.78620811713571 71.10229271889244 1388.3273797845807
197.2947236254459 60.69700945690175 1069.8210806531918
201.34203459109 733.8359095569323 610.5018460786544
36.137620898453505 137.0277728949486 1283.4668570554481
349.8820387726513 123.14892882121791 1269.7562651722628
9.233752960259132 264.06948440883514 48.534172036761916
596.3304416161571 588.9088786182141 810.307764678308
237.5199007333365 76.59936848722347 979.6983526644052
147.6721528129129 498.9083376622032 434.8628771183942
188.09906945492818 6.79185425842022 1033.1436637699408
407.7518328444692 153.1710833324118 387.35054998803423
326.4645464953906 246.15385581329537 302.47110111636556
172.94859385821712 86.10997474262194 633.8176188564324
46.94089551840374 431.36861292454284 364.5869916737386
9.084169426823777 217.57393273908812 792.346086727124
205.95729270907012 208.4925474767318 102.09219250715334
37.994730168542034 810.2664618252473 1449.2089899914533
8.827112188729767 237.1723895970317 1005.2686992154261
219.61251793905686 329.6890481142483 705.8217066673851
361.1562053437543 73.08052311441192 716.6309713832043
57.7018844633009 131.96859976410934 315.28614726933586
104.10997236674939 50.728297049307045 1094.106938323822
34.84106142469925 31.276465589051806 696.7261567636831
95.92818754802792 152.55002145840916 4.9207639881475025
203.10877636017258 272.9716913711738 559.1494107782328
90.5792266576161 23.527903919761922 1221.311793751996
108.41267873395577 34.05257516827122 1304.2435897513508
316.74578299733497 90.34947887912801 926.6471420097291
155.33674230960094 216.35556699260565 858.7888825406707
397.23839430882373 61.73290955092858 893.112170806933
464.7509920485694 78.69979246905595 1041.1358065987847
140.9898673897132 18.38990128973215 1208.7279418632547
327.67982205816435 17.192010505799473 207.48096618546313
14.732316603539111 20.7850740948092 382.7753865395442
19.3907131207653 96.04044739667187 753.925835430769
74.7753639407931 110.84994889426669 350.48884486642436
234.52639242380914 31.005216083059928 1349.520147920194
97.58534480405284 75.78059104757637 551.0730787737066
420.7870230385854 75.73315063012184 526.4566975482368
424.17864376994413 207.36487226144203 1041.6734974456988
332.3168527862013 28.091685169916286 1025.755961549393
369.2713597265867 308.95126345384057 1492.3872278084314
128.68164130841242 139.89636399057537 201.50770716186318
407.05625647875667 19.689343234621404 590.5652535940767
319.2308293573784 167.71079694095278 820.7564742854631
37.657653070601974 313.2382112039445 405.3041787891852
4.08882725161278 95.4923573617816 471.26434588020896
26.163944883280614 52.83607431240459 1416.1948395172362
27.60503312057513 304.6333521811979 1179.573034683664
37.507242169180515 99.45535636414472 1376.1081960756148
65.58681402487402 209.95357109958817 327.7739978102936
271.0134768762183 189.69509459974554 114.80147282358777
317.06124730916076 233.5431631206544 442.83316151758214
124.8176840692069 46.35989739498842 921.6987994043689
451.88968360897957 189.84177318340733 335.24606890605685
39.59322775768185 132.67638151025707 1141.6448596834975
6.213762093893597 388.3044287576316 392.9975832362399
143.57933081262993 313.9273689435615 13.472578050107376
914.4382058521966 201.1559355206287 643.4422799424306
446.63106548321645 234.93240727082414 713.5503369794095
10.73783919045826 61.274043428828826 62.1852950943973
259.71371659112987 427.9322658855119 44.988507533340716
299.31691423960996 273.08327297708655 38.91280911072948
212.11485037467241 1056.7237548183277 327.75434732618805
91.3859343821889 23.27957056726343 1416.8636357701598
86.68377897866495 184.9665536333485 1343.4069315521624
230.6181270259616 103.50727912319351 648.4323881557431
181.16153330052038 161.33550736875065 454.04796702036634
1772.981863563913 35.4758315964756 1457.5025900805397
222.62470744243612 324.63442262241034 33.708718775825766
625.876975639745 174.55289782005815 1042.7875386752255
107.39832563729948 73.64966850804066 1094.4685252130498
18.686186359110398 55.642905949730405 1120.2464729548562
23.511737237137442 82.91721974368028 140.90729993070954
616.2226690262933 205.36437229666444 494.0286505367859
138.47073717890768 143.13171492108475 574.1676513038124
4.956991717201636 369.0899799872336 145.11440619351345
53.276331991317896 366.5994165822491 1041.8664040338501
43.7977628995816 8.009319202720091 937.8683963664868
356.20585518433353 260.7336259053458 1083.3616604065323
12.53189663351422 491.4861602489695 1415.5507943054704
708.8862108500257 54.361026126632005 1190.3624314021317
29.97475777433744 71.19451635305963 1494.8254306846454
83.63539064759237 552.0778786449582 803.4971203331704
538.0222430527213 481.82893051014497 1141.2735819235384
109.70661596261031 390.65553905282064 1342.79349994631
667.4233768629817 308.0642025525535 595.7787619676319
159.02500562472946 61.561079491250034 1189.8880617494897
154.62989648947624 621.2200595305101 1256.6678154422189
266.56371914014386 187.9628420964944 436.40966278786976
10.839867138045674 114.80716443360532 229.33489630423648
22.301667710347065 148.28067343850012 575.6596642817774
32.49754978359415 21.787529502038794 350.0005805217561
100.32477461230395 64.02697131911032 495.84478646448207
392.176820473931 440.6575041998909 964.7831943000125
674.1217879672381 140.12913104106414 1213.0605023270682
209.4155177646682 580.6703298025902 748.1652090291005
24.945773938170706 311.7667308326894 446.87504175554494
133.655435730264 53.77603980410085 920.3558415187882
72.17891491909867 3.129286149861188 948.9855307862506
29.559814670646045 101.03588496415219 590.6827665922367
378.8204529260484 39.5157493546802 1182.8708157388094
10.93020294200385 309.4338591653089 1225.0919565491126
102.83879528755145 100.7349771801145 915.4596553817754
85.3497750224402 79.60737563506589 1440.7532948013043
27.597014974543605 96.10155554475094 88.62245139902546
201.6903504385707 19.77317272114346 530.2899522767246
194.20381977914508 209.39295459541881 127.14332826141406
321.9686673245031 235.75345485736054 590.9747275469061
9.298515961213996 84.44057900019689 136.96272837067684
173.0562514142553 248.15188017644076 1049.318760083344
199.57588227399816 89.7337109550167 382.9787308628706
42.758121015257665 227.90949997863356 1368.5845773016513
341.8874908204984 5.3613542576032085 1323.9162075501083
18.94387090132077 388.8844295365677 710.5519170188718
151.35807046209874 62.78394276982864 1234.5801645116255
2.4407331810653425 170.30177987478578 796.6275183657688
289.37155613066864 541.0300972987508 1478.0410253417565
27.41132074284917 194.20194455676446 722.6266576911178
340.56286236742864 209.93769409423356 820.328121866974
3.085209867021395 167.54174108704535 1272.159172217949
3.2814220764890503 44.46660809781234 1463.326582183773
1.859493676259836 275.70391531913316 541.3610715695548
532.6310463233185 50.31413420598654 754.3998439725663
49.95236072774631 117.62065366313648 570.0174761592627
314.35288436120106 150.93507177075244 1247.1337339323782
303.092843196946 180.87993804363091 1066.4412283502108
113.33900328126809 19.676408415825396 839.5092920367822
58.96701088788655 448.5119518983277 944.2786115512057
258.57494547814787 248.08772968492443 141.75508627235166
205.307369142563 199.36741077608167 1417.5065293664272
187.5773363542801 32.56378998447396 625.6974116536438
96.49563706458993 90.50166893711325 1345.6287945203487
286.977343195441 222.93354609898532 508.53095150925503
358.5880842742957 103.0025099415463 687.8400497441116
224.9210816158377 11.341367345409257 811.1546260122778
175.263703586909 152.30039769681403 344.68967008957213
8.578645179360308 607.4034023252099 92.54664814603208
15.609249767274685 432.81166074398766 442.6248986291112
342.0634786850059 41.000767119194585 78.60796697809008
145.52606895081453 116.33276233895502 726.363515714564
338.525279159487 75.12889705257945 789.7838999167435
59.54412642958219 131.20647038703538 959.1124483920607
157.9934815822245 341.43197413221947 1380.1418348482123
97.9949673464029 165.0448991786076 252.06482287049576
53.76811901188084 790.0057034977559 1009.577572056077
408.1047744959802 1229.6566957874975 598.7877583908144
334.6129870047921 467.62996916273386 780.3606785706953
442.01544251957506 120.98802272638432 1478.2095008680603
52.90516629742981 272.33320097223014 816.2092229917182
223.67688075738644 3.441272535529887 688.0905612345047
4.1361485270812866 185.9439613201517 297.9386885805647
73.83376723919007 252.56254273352715 273.9247132887954
72.35568351411548 0.9051053824489107 121.40947089953691
100.55856005792269 179.4645188968067 148.27708265313228
162.84722064508478 261.9392208375794 235.83075815120603
27.07866214525906 207.43838187805008 1096.819343214862
138.8789095179172 14.927740868624154 526.3425659632395
359.84832553125176 10.1862110439059 630.7316282644078
21.722284335381055 75.47414784923745 347.97134605338454
776.6720340251675 174.46528426065703 833.1582252857092
419.03525336719446 771.7329287485971 736.5472417375399
91.73026703727442 62.46841365017993 250.01118792257148
277.7862942047834 268.00351973935165 1167.6687142846654
712.9507829998702 106.31914531389295 1474.9222626786402
1087.9554964257827 191.48443769317706 134.4604701110425
555.7184456625087 275.0803124703808 1054.456258427971
1.7987596447645031 372.5241259184085 1376.2184469807603
96.2164440009305 29.166272973135964 1306.50550765011
22.935154869173367 119.396413082086 1378.964285464997
225.7426061408517 260.7595114424002 1166.3170668060468
26.52464376030057 282.28726320374744 844.0364345062648
391.294977719921 74.90999720052443 1035.2190710777402
242.71303497254243 6.109566714441807 519.1282823570589
312.1361057326844 21.88267350553783 1342.67583909142
130.82314627091515 181.82973115378203 1473.7245338581263
42.11415824406342 1.2012533583575558 962.8943279311602
173.34348954933304 86.50837236734426 1230.0597612447486
516.9306864418515 354.57588517771507 1457.1402556465716
132.4122383882479 449.6375893505892 580.4757925767161
353.13316897840554 143.64803055423027 1140.7308573774835
530.3062080937926 33.72934568441938 1065.0247889231389
258.7581067033333 21.64735476921217 984.8272702537237
227.58751928591815 235.37901192530404 1201.6968926362401
151.69936150559866 127.3429216258281 1184.7299842485722
181.2757563117965 145.3410484179212 664.5693757240431
39.318997533205334 137.30065164948755 298.4211183590416
302.5680599296327 94.5178394359918 990.577160133969
102.19371165431403 55.607139023617556 630.9451287817036
3.7757790235728512 96.94708648861858 699.6687275003843
1115.9951177777907 142.99092074977048 812.8192915912402
57.39942926390697 362.336822381222 1030.7530931304054
154.56026131239798 388.6632021589545 1351.2405980608728
716.4330848298857 176.29504370319086 263.266838506224
97.69246815609421 233.7250885255175 255.00263089778218
614.505058657029 126.01990236092755 1087.6256177312916
90.24396886288487 58.741759432969054 79.13709223517796
121.72979066545592 95.8005210604658 1288.6886808529785
19.83664541038071 3.3520066190867155 489.02627414810445
176.8268959937954 545.4350573907445 51.58318409780877
202.0313091303705 310.4388236749213 1360.0549355328085
104.93041151923907 16.178854845176637 1220.6482072917054
14.714191064816157 58.895305209027306 713.3812652095787
44.66507195564333 5.544167107142509 358.02132923323984
207.24483323744903 26.911904454168482 976.5468431444835
11.833747368993365 201.41201441541395 139.20451219767583
2.265544279229927 1238.3598544713734 696.6810437126601
50.009761687794416 106.32166129424816 691.5852697704922
1017.878700136435 238.3116700312656 809.4704709936203
63.18931083777567 341.01331804656013 879.5186261649561
63.727573104709066 581.0760359322456 428.7082517504588
148.15440350080183 19.73835491605031 1277.9608456933101
173.30101256106266 641.4449163021355 828.220848141164
447.293470362541 102.92236332547336 238.66484039981907
0.9846077364964777 12.220399638109509 1131.024364314453
60.45201638502527 28.781266164524517 208.4541132172485
107.77421906751938 108.35411873047516 1308.4718145921677
107.5190537230385 9.515106532464888 452.40463044658264
358.26711448479807 91.55376347795381 90.90919574297673
386.83823668003197 765.9019330659078 80.3398805492881
93.96304813712445 233.29761857243497 601.9350757813363
135.94116827139896 722.186973330105 1346.2687435766836
236.66765954483276 166.81342546878136 1484.753163384652
86.38265457312654 244.8869998375785 1116.3777587080247
1.672267974840823 183.9857971772287 99.31178689555631
29.98781131335848 36.159842315888326 251.9774025418214
326.7730143586882 168.37868700883487 104.38118182849493
17.794056746243367 114.63997114378522 624.2754843237375
332.68145767590295 45.39120509613466 836.6899489195815
34.495812427659644 112.2535209240436 754.1098748028794
398.88068044783535 385.3467595449965 523.8774839611087
145.3319885919837 28.439977060713222 982.6003252045024
7.595976300479521 213.77667266054684 524.8121401197743
87.51140018064844 186.95571554457362 188.71520247536293
156.20916468920205 173.94208999063565 1497.765759417168
470.22883514929026 403.1696136532557 949.4189298357601
276.67386006518274 22.127486343831755 488.9660657175852
34.17120275915316 327.97378565805104 140.0229364892994
234.58434456936058 218.72746790290716 259.7653078039003
315.3670868168619 16.42666317354938 1276.2143338580752
52.43624819590552 7.790664220483516 627.0692738878278
438.3313178301069 742.797993851014 444.1529707694408
223.4117290340949 615.3743191885195 588.2148973216867
31.944638855019967 102.59848537312592 822.0860362418068
396.9908156102966 93.70782062930257 64.47168572333162
47.843875503574 122.71233163249076 597.422056089036
270.57793493218276 173.56191238273513 308.37528168237327
358.5862526218586 68.11825392086321 1357.3356442282263
1119.0999032457164 44.79644552747891 182.05564458613378
78.8082764603078 132.3287870923807 285.5462144941053
58.021607875036864 235.69213828077233 229.1733097891716
116.66747455751221 212.17715327444827 798.371072874311
559.7035539474268 82.01077447157006 114.01919472346295
337.2387909663169 212.50280161250848 801.1711878448448
117.96101284944885 73.44390437665176 535.3414949609918
124.52911318008888 432.38185507924175 1405.496003456646
155.6641257971711 646.309343350255 1387.9761915773147
687.9525242214492 63.33594473225722 697.2369323504898
141.40534484709224 487.58505697492546 258.14307014341796
100.51115210139523 173.08724998781804 732.4102319128033
360.7127809132647 85.53954358996361 558.9423921226012
829.4436223472887 348.93348083009244 1008.7552460321082
808.7743345398994 254.42368665334604 591.9055580307672
431.9332235878136 227.5291014860044 62.93647815623354
173.1945781132382 83.33438405507223 812.2351629346572
356.6359243978743 59.95374017626648 1112.393796892959
732.7208916775724 52.92073162747543 722.3284683732334
28.035016398338964 148.2492899614876 401.80924529421355
167.91395602399837 439.8232561134268 504.70217330929876
12.044806496536228 529.6889502720957 108.50242393641929
0.2753785245895334 5.740765842421523 1200.7732677829226
95.53139179303554 136.3542551818169 246.60278008532643
50.61617635481803 448.47125802226253 45.92480429232787
218.71159751362077 57.52955318340158 1321.3985700240016
180.47495610210075 315.4462268387898 243.82806931678368
460.93350131523596 33.745252095051 289.93044101978245
308.3911282292012 45.26808518847512 232.93428188740916
162.8672748400801 39.623039278112145 1338.6406260896013
238.11911872255297 758.4401250742452 728.4361738990411
30.4092636718145 309.5469201786344 1052.752238404936
90.9774285897852 25.270382599181033 1014.2544854534873
240.57759309383124 452.0721292175174 1410.6345253453303
319.9746987853746 68.8724447647956 168.30022725362105
89.43524537905392 92.4466100199583 1236.7609301647722
490.89003324174615 185.08957816889443 1184.0303482006104
95.54579144389494 179.7500980913467 442.7912494122949
426.2956114111109 127.2331142855866 602.641362104551
137.18979984202826 10.883397037712633 1455.4402680930607
333.86514794816804 192.36722793362964 74.26028191220729
507.04128442259776 102.01748305957479 233.5267704010645
212.69013844531034 87.27037239072496 1371.5682071353283
222.03979686656297 113.1909622691257 1472.856972586996
98.3554215739195 217.23268041464343 962.8563517276289
377.13227203860674 147.15517544561047 222.03790843307962
717.4683401259058 356.40472092345254 373.35851594372787
72.33107171671618 96.56770095551434 846.9004862495586
5.7157108362992375 71.4770025824381 1089.0972086636089
147.25083808143341 193.19670476621263 1454.9289933213988
355.1410972801255 70.71718331772591 280.13152589460634
53.73243326306431 373.7298209047973 48.609768901531346
5.269739824561576 74.74607023366366 1402.0199499860494
311.62882737555447 368.6847832831135 198.27686180845822
93.95117966121866 214.86653470074555 127.42431420523947
524.9706152818665 1.3498802975841284 532.5229367946868
17.368504515695918 104.87331733100424 1123.7098405469549
5.680573681555014 299.0706915151985 437.94076632714575
6.882200399673915 260.9169674784037 746.5371996944898
1765.0023939498215 339.78522890908613 738.1475665078851
122.8452680952785 100.79772896543122 278.85847594390685
138.73727811299298 69.40018106816828 1359.4406735053053
444.3827976730728 493.0546227367093 1189.9208890720286
156.54764121978488 138.70372457063448 1113.1503291169902
143.42747906800548 45.806423500416656 357.0466691301034
107.79045229237703 115.48424311417949 543.0713125659228
332.6285093719968 275.5464475942833 363.77064819999003
154.0633479232716 570.6869445782 286.2033721963446
154.19247115132094 182.74255184270697 323.7931389481125
27.92718977591574 348.5991958163035 72.2274166202721
304.76961796459034 131.7354675800709 478.9049006439392
89.26590647917398 121.87368340666589 36.27128140669006
608.0552782611497 253.37570439061795 132.43811446234017
221.94366822492236 304.1922323531979 886.5122263595241
66.58590733154017 14.326612406350431 47.41279832707307
458.0932121013848 161.28592714446864 466.77185963489524
211.02580302387972 450.1540549496276 714.3282971306893
7.743355831997301 111.07801799590615 997.4526734892605
298.9467197427484 138.38351789915077 14.722851914961865
98.09731466990098 61.4296706425597 717.5887158125986
14.97452867847245 7.889251631652923 713.3964118990818
11.072059391166562 65.62277942489791 15.839380078679577
721.7737592726038 26.549252294496505 1293.585084854756
308.5229053370124 287.3461598091229 53.514228992818936
542.4720343641767 25.442173896284604 710.9415759291953
650.5188519050016 445.13694855868675 61.283702626405756
419.5200998621651 6.071205838093423 1373.0612041902334
3.771567377293233 291.874812175242 249.2736180460136
159.4009508881499 60.95222724519491 463.8900764450148
309.02927534410935 333.29802482139615 442.2873892129866
120.20339695423232 313.2452176978196 199.5851688631935
160.91513601427573 47.11007085145443 99.23367921802584
329.24610634886517 204.5599681460028 1305.2482241948978
105.59760607532208 519.7139068784214 1386.5645576038764
58.87487192594219 120.05135544111852 978.781095851457
211.09979933046407 0.48273458268097164 1174.58728664152
383.03500672472813 81.97670031387428 554.4414538795196
22.724884832314462 255.40630582867624 264.63074259749817
664.4658081869464 13.006392769246567 865.4425804030035
86.46320735032974 290.2919371314668 1326.7666191822252
498.18720243239386 122.41051963647567 787.6793492166735
4.067052925016525 41.13186495551359 184.1317290432698
83.13207993865468 332.74895312021664 898.7663234611764
113.87225256453381 33.56833328427392 242.7256226045177
29.346700490956696 274.9662967491263 714.1459406470797
72.4797939644143 69.70437769755051 635.5871325514048
218.82412669289494 144.5338881191055 442.6027502130632
134.09858073610752 726.22869295323 731.876943900099
50.85237200262001 643.486944340333 344.22832430898933
159.83354386645078 0.054541565318406246 714.0881039389022
50.973374474761414 68.65814201523425 82.31020931756994
40.26103411955151 16.417552317012575 49.43562115425315
8.981207169865144 99.81581422191445 862.7034609495068
151.19471593430703 175.43331560483736 651.609736209352
85.08031145983517 202.137018113006 1299.852858892673
318.1444465369589 93.52882086140627 1298.4203611844853
37.59865715815193 543.8440642583072 280.36558896722903
496.5540940548081 225.97053373944678 1038.3643552013657
1.3626519947494926 317.86108022062217 23.320503887008183
100.02556758949905 345.2374614184268 855.0766242500945
21.265025306586494 489.72049653042103 1463.28489703557
355.796202984917 124.78685613424206 807.2916029524697
2.557889568180455 117.11109994903298 916.1459796708361
46.25742649470711 195.64495771159972 52.617244844470946
282.071099658583 21.009161058843233 589.2531068691038
162.17904309857286 29.011136160514063 1129.8514426705917
330.34559634333857 85.81990124063658 1420.2490806914013
11.122564380227985 3.054961150951241 1461.3765383512532
149.17932511533436 689.8662568000068 862.1860022024814
38.72831947978493 252.81518867117413 34.13938194910271
5.9246678997561615 130.08539328701968 983.0719969079747
349.7887669298203 159.86980595482433 521.9750924964791
472.78517654208986 160.44287496495292 1023.5133339124326
340.45577285919103 659.6444005330948 26.35322722998701
89.83131209808742 24.80392761997856 506.5505981215991
102.31728294619964 5.127216132165353 442.2283897736727
41.98722815081229 113.56375093325353 1185.1719312698847
0.5502735164996526 30.282121149198975 109.15674987998692
76.4313900657284 60.661514100971104 1166.6645701174054
144.1720921424675 18.60494370605567 1191.6037163067797
393.48996319594113 29.26268417568406 1295.3036947439143
77.6434928143199 410.47388389463083 1445.5019880805557
169.7115085555857 69.76177037341353 1065.2066101997266
33.29830726853867 195.98199811918434 389.1254978571666
14.535032085894473 307.5182973903229 707.6086975041586
55.50072625618674 114.07517282929467 1371.2511101299203
190.50202671887598 69.99392150049066 1002.9928849989886
191.22763050606363 1302.44139912112 661.0571505331296
3.212973839860558 38.90014089109318 668.082412098963
