2000
32.205728840189934 658.6932382369395 22.956355161753315
605.449517137223 31.517224564278756 224.9237615977433
235.42600841183278 10.045741982076288 1222.0611287507556
473.10216412822876 627.5392500198993 577.8042357053761
339.749744512264 72.44588090028927 1024.6755579208916
110.18645298331253 61.71583843408952 904.024629775734
29.081977950618498 99.91365878068792 518.8637648246092
1342.8992658404343 7.283955533016736 915.9345746059076
206.67734300453287 249.67335880454638 24.361801583821507
863.9353883821453 121.6836716841868 445.58284301638525
427.12768656199887 8.967595163200539 476.1104799236762
60.361022405738964 215.3984997622742 1080.4990077499685
19.145953877163777 495.6138270210208 171.19809775660318
19.288065474633488 118.20500463462398 49.88068362874848
76.63095377195489 463.2939687647796 128.35244061720618
460.8693711178585 49.4929348216035 809.8962005596674
92.5959080420673 129.52803434331886 166.10405098347786
146.4269155766136 500.21025870827066 1458.0215930048912
105.2453539250038 5.524453975461932 423.96628095649555
22.926967319903074 746.6008190915303 299.82830131935935
344.11445086603334 353.8028029260059 145.17167226048704
94.05338228520183 174.38739239175283 32.807826677339115
399.1395832191852 77.70029032038991 990.5553690794447
176.49988026574533 892.5259443525821 785.2885367445012
232.46672922085438 296.0284482618317 687.6252559132686
60.05066228502468 12.541586320139489 303.63813490807706
31.123662824350728 300.76686045762546 1248.9344879581295
166.66188770224767 176.05761143545973 1407.9547949594294
213.82147536139908 118.15984788134818 1243.8610100341264
130.21384569112072 116.93241834116344 604.6458093822141
634.9443924495564 5.17618079845846 1458.0066811262789
446.77277935494146 340.3310276036932 1484.2922705410745
9.532404214731343 234.10374753019713 1298.2522823222182
186.673309944916 34.058836434014715 341.2342037204533
117.41450611448863 279.6262451464067 52.68649789438828
266.90997240590156 391.8889364021137 1215.8617896546452
13.133289592954789 23.148641771427496 767.1653033771523
137.22489394127865 289.18181630601623 1045.1463499048543
128.32276590648354 240.57265491006015 650.0802814392969
259.6083567999787 33.42638265748183 36.20988747900056
155.31050499838037 22.971280901453948 406.14482750218116
512.3371495205831 116.52087258902779 343.13008812299563
74.11871850354939 450.27261707538935 38.49902186615017
100.27731688747394 456.0231278387593 1090.7159783192992
330.57502443364706 176.29434422040043 698.1036449161962
49.952514133012215 5.522589109450448 52.324612893783986
13.57159201767871 89.19627873515222 111.78564977888811
182.7334833229728 206.29927306129915 897.9687453792507
321.67889546309175 84.34425817167626 1245.4653159916131
104.14518839175 72.66610191074754 28.10023080896784
518.7923480828872 300.2352077063398 1261.830172457623
59.366461295502305 68.26724545937215 81.67640344239047
23.684778652826928 41.37092108872915 295.0815662024486
852.621662146033 257.40015296260276 879.76726059189
35.89539428607638 306.7904987546816 565.519705605841
13.798904924803049 303.4560195760142 784.2978604174441
34.9358624643245 557.3903430352779 388.4851013471184
366.9841919385337 7.251476989773872 1021.7115327391609
42.918405566426884 593.0531960133792 426.9723951591699
86.8226219880377 34.42056978907311 1445.085072992476
334.097865767451 367.9813932469661 317.2135057062016
108.51034660654537 36.78148254311733 210.81355213823306
247.1545889677757 88.14009733391497 7.483523424370475
11.25498944943006 399.3990894575058 160.9652132061714
94.21723993015478 27.259454492073075 1449.6637128740808
438.99640986736443 515.7383245047291 337.22205478913645
40.344599758521255 72.22958484222951 623.1080050959378
256.26512638749637 84.16944360063258 715.2410130197921
214.11458209513432 88.45872672696244 534.159145214053
54.94108343593045 34.283896021459846 1241.9436443394166
115.60164915564009 224.24429803144855 240.84220386518425
107.53880761674051 297.31507115677016 476.1400097011272
93.5232313857311 148.4684439482961 994.3161083649375
32.02740492737321 133.62167894086357 563.2863082939849
214.89703444597268 49.53542138415527 770.1690264104606
404.68137378768887 125.87961333359883 852.4802864650484
463.82259747762157 193.63782537115264 200.2384295079253
190.66266586269893 109.86531696031194 1462.8798925948397
1.846552678817643 242.1507438496415 1439.0105118112986
78.1008404861914 57.2789404628676 1491.842059091618
95.41198509520764 9.167205724000379 545.4143416411715
147.18480100512895 22.513173930256713 119.21254549881249
37.26027636062639 66.48931644437134 65.45843873882617
134.02748037003502 52.14549871168443 899.522289611377
411.2586586235688 18.039947095900864 450.535329309016
123.90552764694831 191.90035331759407 813.9623132753046
95.80413165242884 313.6565492759342 413.25565258920915
290.90395746668946 641.3760657586897 408.97070543976815
124.81054587183675 129.46921875802582 940.8458328372373
170.19318804920604 25.554940831835633 949.3111942055855
170.74015003742028 95.64639881899843 1395.975331061035
184.1451216126335 151.6467074753137 1456.6533068235688
185.03565119389833 145.58936013052676 590.0499398877757
66.77423790340319 94.14834885946458 450.1832182420454
228.46445871439593 42.0452582672248 983.8384565146829
274.69933351914955 411.8368274011674 1369.2008528340402
137.1458987209484 628.9203745204338 108.32014329754786
2.0246066439560293 95.52819950329211 1271.7037590414661
45.08906278206117 451.5897528434651 897.4156376858605
177.75213214082072 44.28956257108501 866.5587927225005
662.8695779366137 181.76094110002563 209.3675573096669
11.278269965538291 117.68392585463499 1030.4854774319804
90.58257261481782 149.3333554923907 855.7925498159648
514.7618747404028 197.56687831151984 1312.3255405032733
20.985823868207603 390.21490146829245 315.93597770573996
62.681217266093256 222.50629729638086 1285.7243214753614
7.222926612854548 355.90393369349835 1044.3967995473415
12.781554977422807 365.7825973353705 1253.1050703107687
39.6063214315268 244.39402462465426 315.57768244949176
19.564073988426024 429.34285528192726 880.9742962164646
123.73061321306149 131.20086759214732 339.4241804517447
32.58586626583501 160.39436023660144 322.1851792702359
66.03479680293442 70.69230690648473 1404.6767037350417
114.52985940078202 164.1884208159732 1169.6631944645228
144.4827085791272 67.4958244599953 569.690929542013
270.64682621724063 42.19100477656067 871.592469493121
224.57503484917657 302.219416118674 1295.9098308866
38.92315968497889 247.7521885854348 1111.9332845474453
139.16828691139344 162.44005379734128 183.23047408680048
123.13280900685805 231.99633310147144 381.71822891986653
574.2694296855167 25.47423793798308 467.0143533174275
298.91181136211816 28.019271272265073 802.2598004470407
19.21063678688585 223.64456816517847 170.64104389360585
368.8496601564589 219.4774997826813 585.0042909049216
172.78642919878274 239.0640894051212 356.65135826033605
276.7339371083005 91.96916780281596 1228.3678742169732
32.802303981750455 96.65888454833117 535.6310022786009
0.7897157266839183 51.95373517734178 517.343187279795
307.8132181794094 214.32109899704682 1393.4301464783828
703.8251354673647 277.9174498252609 782.3543956202058
166.83475161822983 522.188138045309 1044.0338643821246
19.103959426725872 90.81764367313451 177.50070320509874
75.13225429565709 477.7563377131175 644.1317495596082
95.93786525548626 24.140392873459017 679.9984122914619
61.04879861367918 74.55815795779748 498.00332568885756
23.864631559621717 400.53897760007544 1400.556259370786
53.131375135606696 134.28072658891594 953.8558776488629
209.97476791934795 231.8489866749486 379.61837021437833
30.52060472758526 9.992388685941647 207.37586239348093
44.88316203399201 104.23940016231248 293.0984035791435
147.89795662173495 107.59757998178642 411.16637095808636
145.27320741975345 111.92234418425333 554.2005063804914
243.8353110018071 359.6849245292133 1008.3158857805483
261.0266510342127 97.69014045601907 1027.9142161132677
86.08584166844737 168.37890813149278 430.9595301236589
47.114495998790694 72.36465329451337 705.2808509353735
140.88013680100343 91.39519907955128 1304.077024897408
48.21279815302015 670.7848096760288 146.72524091657584
246.38492519605353 268.670097647953 917.4222507815543
7.249551517188787 137.4074904855186 229.7390485721806
323.71905466252076 350.04722546783245 63.55491422025106
7.194396401821042 310.0608890175611 1474.0042068837606
39.33888797149193 18.585922272447508 554.8893700845755
5.592702046503716 11.28301249775372 666.8663496529845
673.641291319546 512.6307205463959 811.0514426110811
88.30093818406336 155.28881295931416 1325.1744121679992
121.47982885140448 178.9279712664072 78.17750442227245
235.42027205596852 77.53640822771615 931.7980431704531
90.25455091568624 66.54331398177527 382.77795814390566
15.43326654048062 409.225165857285 47.419324930447985
295.0659035221912 177.30413521218645 1309.653329916345
84.01378627705411 418.1406198701975 457.93258653133734
82.18647811689722 41.01327371611937 965.0526118687297
24.698558980864288 281.7353771065846 1392.3051705964983
141.91269822926077 564.6742377453896 274.2276962701657
311.40127216015054 311.5493952203978 533.4993836578404
123.36800319650378 677.6166774662746 1145.2393364940733
301.23718083887894 73.88845671821603 1132.1891259930312
114.4999958196179 190.63845955262448 1422.6248826312833
47.45274461337484 38.28107096006268 478.9630907992806
412.2477988715958 306.21899182795096 1119.4741032918569
214.89409278067515 20.583868777487186 14.006056511581377
2.570627595224166 320.28117580019915 595.6065255089749
105.35873471926105 290.1914642968024 450.1586734363908
24.45434623971868 19.533714434272024 1012.3291577254537
14.95993789344569 54.71082839715049 148.01066374076876
238.5485133685065 3.622687051071385 631.3920561510614
143.20099554870833 50.90447110590117 295.5302434166899
4.319435257342625 3.0027136197979645 971.569868915652
727.8484932043525 225.56324444029613 598.6708147143313
298.7664732221057 785.6829144159508 211.44404887882916
188.86469747194715 403.9454328919297 533.167122699665
193.75302871564864 93.47247939778896 624.664080050297
70.85945969724435 199.42152946425045 847.6933611183239
701.765593196189 8.502118001706195 1318.8566911675944
273.3688874853455 111.58948993314932 1018.6644329312196
1177.9784626398764 29.032869654518713 420.6206627088336
108.26458057204206 404.17726696415406 483.00121647898465
246.62304864021198 258.7019039373415 516.3870878952977
277.2302775358489 322.5132995098963 441.72680968014504
401.64146586362745 89.74284165613554 850.3884764500676
6.843390436373939 34.1624657714991 286.40122809517015
84.55475568145235 723.0183522766856 769.933314221931
66.15623823884202 197.54036348677164 1267.6588752085797
45.72453243350328 493.1607868564389 1156.4399775148236
38.76477313713158 263.04085441314203 164.26093433447957
194.94148960897977 48.83077172946159 1227.2746198600462
18.770854723695606 6.840980644881246 164.2080203517766
90.22433523462563 56.730531350163574 1090.3108995770358
60.60586964570746 296.95109849466604 943.2374183860853
163.87765197951242 406.3595152269202 313.4260504654354
224.70593220974104 286.75169714800694 977.8540288666319
153.42656852383712 332.9740679029982 988.7182296004902
51.328347307402154 250.44002280688852 387.14250682372204
164.08388055072228 175.90762930148892 1155.2872831314617
27.650777817074562 387.6313308590508 1066.7428528339865
297.84420533344695 311.3388521624566 533.9689607243026
50.26653895818318 143.26519151200407 393.3018950445356
282.9523726084325 179.58742014266153 315.5699538693372
266.73250016228457 12.998269319015183 842.0867438789646
110.61840665856717 50.90697847056204 1012.6251771197745
378.43237450133046 335.32291763896944 1106.5457504426852
76.44057915677278 833.2396401299677 1329.8387979085749
83.4556027850482 210.2615458997396 50.285934451524014
167.04981992313628 209.75098836294475 182.33914612662932
310.9568121928302 38.49271236526302 1079.7422539786282
99.77517837284553 110.70147842477469 99.31303878266995
150.05489295126904 121.42269457186742 1466.2324319316467
59.35599309467714 209.10424235941082 504.25943175539027
45.013303270111955 37.59597367542729 148.91432515547893
120.56902270085894 169.52427532420754 69.62679105387687
99.47631325238726 36.99971187732878 1418.1881405673562
221.91334412933224 22.422119105666027 498.24897592344087
14.2407287891238 54.211936536340666 764.5039671818536
121.20689003335193 274.5111739939017 1354.4196961033617
739.6109433767276 441.91719396861026 738.1549108183806
5.0592125340656455 261.8482878389004 1392.458023912191
69.82973786801642 23.965386445830873 1341.9397455654964
456.0530915529515 169.85712829025687 688.2274750732308
742.8979933723449 128.7153989336706 1006.0661572702173
17.813510095403082 87.51897041431313 1266.1625441180875
41.28774784699285 152.7676301618217 149.76718334269256
24.512461199572645 130.62565439958024 1173.4344766608128
45.67481267528746 228.57193930248854 1306.8131004376964
270.2416671436977 45.25031410243999 19.384009978194396
98.23684754064834 146.95444204786733 1188.59095082333
389.84647420438273 42.07083692566506 280.78217385074186
107.7308167185814 447.1334880559414 484.5785780526266
230.98397868328914 252.4514171433723 79.97087901410815
57.93188063172605 49.91341333212555 777.4718092823402
91.6965897131453 152.02040243662265 1165.1275597510353
83.49535289471702 307.9166023296747 1094.8001417186254
101.74328932322494 96.78656895030078 888.5452215251199
34.414142045949035 170.69029876988756 1440.060958521572
4.326868611352279 185.42324765830668 1064.3343543591122
522.4942817487805 58.88430947998018 142.79091328142667
19.622544516385982 8.124841010777386 944.523166745879
4.856829569282939 84.1119792443506 798.7545970188963
449.4928033303948 585.083021742549 381.3975530905301
1.1526974325901846 91.71452904298948 299.7114972394533
388.14763268293893 431.1016495423524 570.5828767414357
113.61001741415706 202.09257088052652 656.7648959931581
132.71841104738814 623.2665298063497 596.5625714660894
707.6574716688197 206.9411564200836 1228.93502864851
229.33179531718667 14.022638155090855 1292.0162906251874
363.045536672996 737.4366757039153 814.2866760681436
301.3725297884943 480.8706257104426 1089.7041422166608
117.50090136604865 140.86285692279318 460.05660062717396
182.22254150780947 114.31168270949645 101.36393492177281
101.32364705767361 322.9846866405179 512.2033186557461
144.2395269824051 0.3921232990614875 1325.333081056545
8.995204000422572 93.66646069765203 590.6187889343869
99.65463381522959 45.14280406105837 908.5459253917103
123.2327720801264 10.479941549005206 3.579912706638766
324.96668662664996 48.71696709727331 548.2955080295808
376.2284097326173 170.37307754343288 313.6402418875372
67.64384839770497 86.16919117279018 996.4801341330724
1.9513767791523529 398.1847636204436 328.3852267889305
45.0822762450583 51.065034164708734 1209.9610478535783
613.5810168673509 164.77818172291978 1061.6096390205414
256.20727962419375 26.403901442188655 215.65780843377797
8.711658725408727 143.47689417545374 293.24179145536067
300.07864205417127 242.59461265748482 1475.310802443752
214.45338426711817 45.71275506535817 304.5363498072754
26.705398388131762 37.96262779689546 959.8904295466699
33.1872177544047 63.52107968217957 954.5445830003283
47.27642904192006 369.31165863650773 1341.867383247695
72.94498010575448 126.34588697340409 715.4724647568439
141.58545762512986 156.41048628051612 244.91138157239556
47.573654972699785 83.58210199820427 1186.0979621706983
103.35428935516065 242.18408708848216 462.29019114634673
360.5924085958334 204.400991273634 654.9455495319946
135.10212061382637 173.20516152593308 932.4409563396799
246.17012795568175 0.28027441071814885 258.55866036126093
80.24713093916084 177.1373943463384 467.56951390589865
79.73611585164517 44.390492684231155 588.0920930457528
94.18706124935888 524.6115407543226 638.1396844901982
143.48516447346412 8.426833721837896 70.73091637240186
158.4114458792927 310.4144078182556 234.29435961934914
265.75164183146046 39.95588364771957 694.6314522966827
415.96880120288836 52.24994711778718 1464.6789544326884
30.394604287947136 416.42806252524383 200.22928645293803
310.77254194136736 107.27858532790304 317.92564410212145
190.99187922295314 4.977590664092932 250.91447346389774
243.61253428252473 8.37257759785945 130.10483044830266
69.37815888911439 64.9061555145393 819.666186150811
279.7923601362186 84.48243364778914 747.3527731508688
9.354679529944697 343.21403344633137 1.7182225745477897
172.0147054587949 605.8035349046778 445.65103463784925
201.34228608724754 1160.5875110474215 1446.4986688271213
5.6556803329863365 139.96777238445196 371.3619898158274
40.7322469189968 163.94130928575964 25.497008497202543
237.86673088633404 255.76187647348277 1024.7356338413804
30.861040074911262 165.68093439034214 462.77235202507416
108.31069582796144 97.12677838136715 1340.0353887739225
447.9395935813665 311.5978253000906 1117.342037014162
150.41522773282026 216.99376997027215 511.8254044389444
250.81213350171504 20.036071642903504 1063.5965289952287
50.910043208066035 21.92998518164075 794.1344586212379
124.25455271982166 114.01807910915056 831.8829447751394
247.19751743810448 71.63242148564532 837.7373303899882
63.51110981357856 159.82520340581902 328.036618631658
207.57992531685204 41.1172933260404 728.4062000029702
2.614093858409057 155.61780563533742 1261.2540445485024
415.78805072008356 117.5346353164912 750.2098562649257
31.292722726602097 60.37533317329433 762.0314598877814
489.57969525030813 85.57939602135397 168.75995827887274
41.18692036752796 1.5032411864595503 10.35898347391695
127.35245497678336 135.7405408278628 433.9254328286296
768.1303760745391 755.5266624035281 970.2773203264575
269.818924589198 72.00403445857016 946.094627332886
88.42724206040458 225.42988892074894 451.7626557828291
33.41457927451608 165.29231105538273 716.4927939172417
4.199219561076905 44.934089673586094 1213.5777457669421
388.7552547347405 400.1693541905909 1266.2006970801506
681.8676699926297 774.5744160387303 1269.9604949476698
27.582301745105926 251.1051282617832 314.7231149097256
158.75568931496903 580.9160270875589 654.6480619005239
780.4290863736175 252.5932914797215 320.60602585082967
23.277704723297802 226.30272546453872 1119.312171646977
69.6070650863019 534.401160929909 473.59397077556224
241.13297913354512 137.6907901745174 454.6570948694195
135.84522080500844 280.2810694759644 1499.0169620754418
147.10622457332835 8.41396282075369 917.8406777977968
78.59911853587097 478.2462899438122 1139.0463993194392
77.60870681106323 17.883872774543665 791.0530205194187
609.727409756981 99.10552660119556 775.1389835005104
567.6432054164161 38.39611766711299 311.2707538653431
13.034167237935087 197.3171948597955 788.4452883046482
47.16163729325288 555.9812740959977 99.09503798999253
423.93649866773575 142.49478001972977 704.1857420976202
9.467327304809539 89.89936767596738 328.6716460808752
227.07731313535717 85.69316403892009 35.87198533812908
555.7990444641354 7.920342727419214 540.652773713576
182.77615070013746 82.82261658917605 525.0799924889975
451.9852261784171 74.9669974260055 911.0741371976409
734.7527417567222 43.05579621651626 1375.2503904832179
168.82556065881406 129.09822041307783 1486.773132738502
399.60792034275016 79.08154599087288 1366.3065034866172
89.2573379563551 178.39631385998825 701.4219148695167
108.79167196548276 37.55278750793842 1331.4170646272303
20.361692736230463 136.96125333443035 938.5331852993469
115.53730306630756 199.65005196177827 1488.300404410648
199.39461729952657 432.90912971795564 228.00309098641986
2.823511837305811 157.50982293212422 104.21564709466263
676.1642994220412 29.614795053578984 749.5381272736784
24.11854298653486 25.833469561630988 667.9861566538713
41.38353115869348 100.03076498657677 877.701571921368
19.20848909626241 254.76412008254607 1096.4692595060192
199.2141303953788 113.63546926451824 851.2820905108681
491.8445401122704 293.05975631581356 762.6072781282535
81.1217018899579 241.2732493271256 355.5152507958037
315.7142486830765 371.97495085526936 1331.2996194137957
292.1082467064093 27.80511238662187 929.0820797962045
2.2222032588025096 24.849135188641952 989.693231976187
52.097668292564826 503.335371841357 875.5397012158849
75.82692347863691 139.26474645713222 587.0702108304333
150.49023500700105 67.50722109330461 481.21556310261957
247.5186064239017 72.9238702453528 132.7379217855984
9.840812961884716 17.799677883028252 1231.4350395417569
15.481319753989093 52.98245851675251 228.51494914877253
81.39311399751014 195.09037720299776 1487.3551286367178
117.46714129003333 50.37270290646671 448.84974351433334
342.67623714738716 111.9540698609929 1091.3856337387533
880.6771476815586 41.756611950416605 1286.3662827907935
405.9596081909966 339.3785620126703 315.66876228672464
4.321813574498689 358.66990916584206 798.1732730963718
305.8376889786616 152.8026706513123 452.781366964946
247.93495565484395 41.828371958032854 1336.778260570095
118.6892498587502 157.56470222583962 1352.675850919392
202.39620931657248 2.4571569125262744 1348.563103999268
45.94083606282215 314.34104674218634 182.7256652437786
146.49448357652972 38.62926276179046 785.0581444979658
189.68039380965592 27.612496142807686 1286.5470259050596
83.54205320288153 76.2191898492455 449.3227733153362
502.7828844931172 48.371681154900145 1393.9017244660213
330.4323481477787 44.61946414005889 186.3540526086869
57.606600341708834 79.74787010132654 445.46650500758506
139.40466711053764 136.5490093103452 1306.1286250670746
32.11572308692056 396.9817801008087 1260.5953655946935
695.4985119938433 139.1598610546167 164.89171457273355
218.0576619145419 235.2587666337996 814.0473015978614
71.49320386583466 482.8792493824753 916.0997886294148
64.50537186501381 7.267930623820994 1225.7155872983674
269.89207933986194 139.20267998226402 389.23188899843046
89.86984804579268 157.25206233391248 1424.2034227046859
423.89391799990284 343.2243848279243 580.0732085763049
3.5851853636581033 604.6040740178511 448.78048401837276
732.9903480284747 193.1631839436968 1012.9779589353498
196.90263429330957 128.25262711615468 1085.927839355883
3.9893130974168876 72.39218953979571 1496.1250803837934
749.3714077433901 2.958815241576738 509.09486195520844
249.50776513029518 355.55466871197103 592.8219138089661
163.68422573345097 85.9843641269759 1281.4992148068918
467.3113295648861 10.54503080198736 756.4145952678589
39.78877100744867 176.10368510571334 1146.390992965687
72.62956530621267 23.23533787818393 1419.31020099999
481.3740501399547 66.351940032781 99.05369728104124
7.199241737756662 214.56414435783066 1033.1112929206386
179.8028762472429 336.5212810015756 1079.5977876466222
22.609644521969834 16.85562193335286 1048.3069026669882
211.82060698630823 17.24022122868026 1120.2334107582576
87.17038160643523 65.1023995504489 319.939085773312
253.17932253521874 200.67773305305275 700.3401081182726
220.7733002986775 4.155223682371507 1035.6082819294488
67.04037068168462 327.41093415199487 191.43837673003338
270.42730968169855 275.2090571650801 157.74607269895859
373.84695173489297 133.4017704118083 806.4391898888177
458.15145094915135 40.39524074518418 1193.447744851509
185.9451346595485 22.830876439326506 1324.3185443934312
113.22511075432327 71.73690744673347 1442.4085974505917
208.5105084299455 49.82883844738167 1295.820417834983
543.2532928795281 37.228054275087764 16.30752516136341
17.064904328363287 23.320046337216652 607.4595635400043
158.88267304967454 8.120770687375199 643.1007208701697
171.70591148383258 666.92307193555 1124.4463266532568
19.71207561575422 234.98904692714115 739.6717455396528
72.34655863750193 50.73113284696481 927.6269588141478
878.7104602047076 38.7017326901402 1454.2030425032244
155.74384196148895 186.29090547462653 1313.5216500572458
233.83263089287084 24.994172066955702 1262.785724266822
376.1837322756112 363.76652768183413 957.9804763493371
54.94869247807932 17.09632086588541 1374.8934351079076
5.41608123414303 478.0716674169614 1404.248817398949
147.8328181970994 109.03081050715338 173.78700436023337
180.77483864127464 193.908994956713 1046.3988327363936
281.95101767960557 444.1923885349815 952.9189121230104
474.75621119531564 118.95312036116674 730.8520051202463
10.356753906177705 125.32142986918733 74.66700445475306
336.11163621785096 533.7316869336628 898.2405390822034
84.48026761937977 79.10092058880139 75.46559679141274
102.43713076555582 96.09271389839832 859.8032142353296
239.15743353503953 157.75527640100537 449.4076081371542
97.19700417081508 88.42076124478221 1041.3901320487164
33.24083257797941 89.28907470556835 1226.251731485737
184.59512945952795 69.14361542973985 5.458288400866207
196.9003182821319 280.253490847478 1024.0400760988907
123.01252325402909 45.0803955221198 749.3174332667701
40.161791539824065 342.96570750922643 182.4381606948388
129.81618164415266 44.79998450933197 29.221267365263813
493.8067468648853 252.867598547007 310.3321984160625
228.73239786444216 632.1682126426994 888.8106979078876
9.065202575107408 30.728980507277328 645.2320389666454
0.3800638596449647 145.9063146216131 1285.7851986384171
145.63379385961576 320.92409005361935 350.4254060400761
161.313006855732 90.33926224549744 1031.4102303410966
191.1501258856157 334.7164046103542 366.82260777490586
90.11647747128654 554.9805499330905 1031.0349464666194
2.212157989861875 280.0636883261426 76.26081179836052
59.856413459088365 36.700649939518016 936.1258307511991
336.5016539476346 73.89267188191813 1198.8170896584638
182.50691995347592 400.37623235851424 242.55829737989876
106.79213606960832 8.007100994339735 1351.8313774873857
645.6642278230904 19.09879945664287 430.25845743369877
71.53058796932619 250.05502496576608 594.7841044153727
165.36838992184582 328.4086018941054 1419.7320187976022
252.39670755665938 382.8938212354002 985.1347178775636
104.83689893430028 227.75310048964653 922.6152294548722
478.5594703293444 20.99561073960799 1215.890549853623
174.8363331044317 273.2184364949897 548.6668030552219
248.25074996315507 211.8954274009889 372.059704436738
92.6134826320081 124.64927572272062 487.9556809297195
109.37646892854436 393.9212471606003 942.9645505167923
119.10927263588734 105.15065944092112 605.9607210756544
108.31747887007485 0.1295356023795066 489.6681750733467
151.4524781257225 198.67941451717508 1040.7212714614236
215.99656236581174 69.72217128634645 1472.2053044990714
413.5338355804139 127.9949980471628 1316.290703971987
309.4151968330809 371.57074891380466 403.92830092203303
158.0442536317557 304.12213116421213 468.57498538042114
481.45726291154745 479.2399439682953 719.0432770840123
206.88111868161084 310.90023337402954 1177.483271644648
136.118033883167 261.8186287563552 578.7740335253688
9.5000447817148 472.3680883130983 369.6316512853301
126.06632120398469 74.22285868297962 632.2539996399704
48.09251737109726 79.00339273434948 378.8155784156632
295.0634901863851 352.48936122176815 685.8066960784172
65.55649093334284 303.9042465077297 1369.0906270073758
84.24468956695287 158.104307181792 1468.2970908384443
149.36457289480362 16.8578579039304 609.6985361512963
266.2071975555793 253.70579351805594 761.263461228256
142.02253105395454 38.07741266379831 1068.2521892826417
207.2617022068858 34.33670818766834 876.4722853035922
23.523234854543638 203.15593587212857 484.2987718191238
232.47136667954305 352.33360276717656 360.3217055553294
397.850635183594 245.87756930190068 454.3016007383025
384.27586313476286 55.242440829788585 800.9577396692894
86.8295152530177 585.0199180285393 1029.3670147089808
75.17797841744357 1051.253253549471 818.2326844954581
127.72488930927919 75.76494200593031 998.8325866734135
1.310254759725904 561.6683543259555 255.27334443065826
101.72021519650647 3.4755918134354435 5.936646848805404
7.182108105050395 211.6526852842488 1009.7325045681928
62.47773483144646 252.09766688747658 616.6889791134479
117.61459843991342 86.86738233729399 14.767616238374915
70.04116719055332 40.801511489771464 1462.2788287061178
45.400641784025744 132.41426371788324 321.35243433040233
255.05614174149613 281.28500284730166 1327.9724143421126
62.12026411328607 83.37485189149598 537.414918546082
76.02246907202066 42.96031517790062 371.494740855947
231.70793758575664 240.0563784738285 303.14831185709596
157.98009331716693 212.077289885958 972.6997531413786
70.81880175778878 128.94082267289656 1354.3574886193603
69.47304031915212 483.1329483571613 1425.005414894584
401.48382959524884 275.64598044403874 1380.3274854601334
250.99661910905695 320.61976687406354 197.5774307198601
24.38907772459508 188.84512081574795 70.21526419985352
120.87840235909594 58.92855762380647 1157.9646836223314
120.79842276291863 4.785273155226546 1269.708420458228
164.88888151743123 552.8811794694714 95.33532545568463
127.5552264387737 222.59526068997965 115.41766662207104
10.687459980722412 127.75876767079251 1284.0652347533353
257.81050631153676 141.2943425697282 993.0323571303176
155.93192445164462 275.7739571914614 1159.964529433298
140.8770396945386 106.909071543237 345.0496022414249
207.15419397218758 5.708130238005262 600.2519109110664
70.85300506618972 78.46014847181473 1013.6252603441693
59.86820761759656 736.7541641433726 125.84381704528225
117.97238302959543 44.16666108105113 779.2862706031332
202.32289495057688 15.645565876647241 1111.3771162658359
17.00067104244444 94.95516179889027 366.61596885648225
2.603783311987171 81.94538407268682 511.85643095002024
70.85143664246318 293.7277847209021 1431.5664078472282
54.35302344695563 106.35142744802954 330.2257575059562
335.1574798007605 457.80795396352516 1374.3050539580404
229.48658793857254 397.74105464654616 441.09640041374814
111.2979747428895 159.93606403725965 686.5333313999921
281.6417591841352 251.02796736378693 842.5753195808126
59.681163396131566 109.25769308729534 702.4980304449542
17.888543995729446 93.26160285724971 1193.2675351273156
542.10347570434 16.86695251298022 471.1754922035746
141.8301350253673 245.00796721976243 30.135804252086007
0.5900393754296759 11.051045050155366 214.90439528722916
267.07692246669825 41.142070301854346 691.8254427994735
513.0680648357022 260.4423116677498 275.78158907588534
130.83347411656717 324.11742308449396 1145.0299931431412
130.44609435471546 527.5532339308327 1209.0763722127344
35.45638950319751 37.65980199729253 978.1969592858485
23.31651503996241 765.647085694949 45.57990734605016
39.432038685338085 55.5050840043531 383.3315840022483
378.7713101218142 98.73980406789826 390.5779273184862
131.17547284308193 39.43416223897923 852.5150389317259
156.3276033844164 295.5839772703196 284.6538590829858
118.92192775292065 181.7300487728121 915.4214331003603
107.3818732480331 205.75849352819483 1397.406528885716
330.544411567781 624.5240221313715 808.5442430961784
245.22431486226742 248.45651827046734 973.6670993234732
8.711586151622097 199.55292719287635 516.2836265700773
59.065724407155095 152.01763878601443 777.8031427948562
763.1208441915835 353.64728377468066 935.7929810097853
123.88039462431128 128.6470697015838 317.45419767800104
84.72079109038214 47.982371189809385 1114.2415478780438
243.74150645083108 662.2943733338523 639.7319784495526
95.9038267172233 96.74381485373013 714.1895764117143
83.29454407374939 476.6362002018222 720.6457094368873
390.7332445848807 64.67093645662156 1181.7792785967583
68.16997836695371 217.88522198192362 1010.7604052623191
183.2064970992668 81.70020052354498 299.2759774853858
507.8615304251923 105.48224365389378 56.45697748564371
187.57645487813915 130.98327645354664 1290.7740242255234
156.97214610797025 41.32302816630319 1035.8981542261183
3.041093662280042 540.1019556106038 675.6671737529427
124.67283382754526 626.3682547943233 334.35415638663716
68.25248427754289 145.08508787362055 857.5642670860846
117.79513953359827 79.8755251094352 374.0268123537565
26.791192805900614 156.35935910517566 67.68524194877828
382.82624989269476 70.27291536398995 787.5086161421917
48.78861588098016 58.7135528220732 936.0512301823948
324.84245333627075 605.7934900912647 326.8128886664563
239.02847780263676 229.6578825428484 1004.1115471738832
532.7782022501037 250.7162178166352 97.15995137664984
169.50851648707769 80.60612464578453 254.09306264460184
11.370249367020973 7.303559163861427 464.99392874571845
58.8505249110075 52.805893501646295 1456.4073346769023
66.2791688058792 84.53451351681528 852.2804814303724
61.577415576923286 10.531792283502043 272.8926291006522
96.13306530050866 154.44452689944694 460.48169381165906
117.14655229299905 320.86540414364254 629.4039689575641
236.32338779776308 194.1005016666297 40.974343749079544
446.8377299950145 248.0561661680988 395.84882631677823
70.89405065392839 148.72255540682283 1440.9250925555962
53.17388307944798 193.38681336562794 194.02193775949945
11.069937696046257 943.5556509526652 43.32315147358196
474.46462998460515 21.746302315644684 1329.1940976604542
20.02251886310419 148.92644809530236 839.9906206378226
282.0787332099462 577.8274466911175 93.65372908551805
18.746915331658766 26.397380578937646 216.71571241497756
7.237055334505617 224.7643648298891 75.59635967573081
87.9170602028296 487.34940627910646 279.82597188861973
38.74762338825668 388.38876126924913 4.51103950031273
66.451676254986 76.20524375827488 183.75689246748667
761.3614626915376 60.02263856683252 1195.523925930358
30.046315559219206 59.552051623200455 1104.6937260989635
269.16823541171505 388.7792891975299 620.2085623948799
110.6552753130603 117.5476037344342 1318.4822005102476
185.85660927210742 339.8207353760732 540.4289220605807
111.61877213648155 129.724705543553 830.8999429672635
190.05033687711514 39.353318612334874 395.01633632436756
95.60414924432006 166.93925255547393 682.9153358126014
212.81122627198764 279.2877489930622 91.97120028377704
191.22313219333455 295.7569921058663 1086.6172019974595
259.639252580532 214.73937285081504 981.4737434422182
223.81496323311416 151.88515907104753 791.7149712077571
170.38854739728328 365.0781685525658 401.538731529566
1.3632219145118036 179.61548051200938 1005.6800918369174
116.45718282029485 492.4497603958647 1074.575665951463
88.0842062503357 488.74685052876947 972.9620383021111
174.27402934655882 635.8461148599242 1415.3168209642279
7.606954850654499 49.3761009266938 1243.71752274194
147.29779573208458 90.99482983149389 634.8473021785844
177.76566393492752 601.7840140433774 1078.7428986580524
4.100430036357177 246.71183847616192 842.972828030757
17.22575637842462 201.9725805380976 842.6589529040668
462.65139213762325 373.73327484058734 547.6954634407332
214.94438112719698 119.29675112769631 993.4856845177079
226.68302414972254 198.56903714147288 1239.1257047720894
134.52172742575632 322.52990415674526 1115.7083662048174
579.0755481967547 280.06143886863487 1244.1837408234371
74.55170084339294 13.375689212688476 1117.5330341407305
308.5358840808413 92.99106703973867 251.45296197969847
877.9456884138543 18.622510163077518 981.4624263366862
853.1570528395333 84.70448293014155 1297.0642439278768
444.11043394002246 82.90674807583018 859.7787051805215
357.63122013513214 48.74367694119636 74.8613364934469
128.64152286454228 113.7865402045532 653.7255800095598
17.581062184039578 730.7605468929282 232.52621601796153
286.4177470147777 42.360056542384655 839.5468291212387
55.207490888742306 388.15547982583394 1201.6224646746884
76.56617170624965 35.845731501084295 440.7169939726966
144.05237246075893 258.6202887881155 561.664697156225
157.28822129780232 358.90071138139166 787.5407112495624
156.3143699335425 93.90638282886673 772.2713741047207
68.77233956193656 178.36396657352822 1229.1422147313303
436.39682667924325 183.2366289915462 160.71613823859226
39.3653654946378 41.40713026984819 501.85481108365184
38.17453925774364 245.9142401759392 1121.1975096230733
66.83733355019096 80.0159302050575 264.4571169064162
54.55446616708777 213.65951541637398 849.4920279082033
155.83623723685557 676.5258031212217 310.82513174877164
274.5161266153568 82.15002724487859 620.3562708476317
147.2707958147886 552.49758904653 1193.1092803222596
431.4003411560299 55.557501825357136 959.3678436693041
370.2904689641113 772.5000924449221 991.50545867451
12.050797199301481 205.2022347762698 483.586342276117
58.13629872922096 67.45236149081929 664.280037867705
220.4570216636436 249.46496995071072 39.89598917730397
612.2548640271449 422.0907344978318 646.4786841217219
20.350330352151612 108.17051788772606 93.64138259813743
34.524828017437436 77.16881304231532 1249.4344827808566
17.655085382427995 249.80734523363842 1375.2875549977882
23.301310105941667 63.126898466006544 314.07095076005436
249.50762712417588 219.7997704906216 1355.6945027847987
62.57176937757164 104.7767476098469 761.3964502932297
6.981845060037078 98.31084367822164 158.36264228353724
295.96228289426347 378.11372855986286 43.14776623386335
121.12190414242703 514.2795643579326 953.3692787715851
32.853297963301806 51.860840297229515 1193.2374361710151
199.36093000982422 19.677195517624448 575.6742359894164
55.93911441454 82.2233220330367 1258.602135314736
344.74569178753944 143.24965201771116 99.20266404959848
143.01660407512355 191.791397988839 1368.1948435800582
137.17497300475407 28.30421670620194 490.2071412608398
63.77376845359946 175.73799061550093 986.2942800262609
854.6057033159844 323.49002852167894 93.8174686682634
152.76401945761907 13.016316858516197 309.5012980210785
5.091806646138388 409.5282070693544 745.121759986021
27.597271337688817 212.2882038894009 1445.053043294641
111.59722342880126 165.76953149958814 375.8490696899554
110.49133541553167 208.36655530814699 765.6801700351218
381.55742475933226 196.038782089151 1073.1913181900052
103.47008333466799 374.00210693522615 924.8722243527011
339.61157392909263 53.54555069921767 658.3702419422982
106.08258401242101 14.46495299307942 812.4218748632651
300.7017532367556 177.71109497955553 669.1394036848595
119.88042869125837 148.96434548990703 236.25914286535476
2.4161530292772246 177.22309320174833 1149.218443555491
217.86675146474735 364.5606226164506 832.5464150398234
7.980718716111747 651.8772058139521 1026.7021494234607
51.792918494361615 162.13058433610098 600.4652390685301
588.4535263430213 265.74437238037 1495.5632774415433
66.282863259119 22.030761773206407 479.4011705283339
230.0787180863572 60.28383708244448 119.16295181854353
55.90089084838896 227.08659125656033 511.2273038295761
393.24202169720974 161.52051283141165 489.22846054276323
56.50665058134137 287.60495694344166 1032.7937208058145
271.85325785423606 82.57542952578231 581.4367169654689
134.76306799296822 273.0805905425126 749.5509661776268
83.45529858136956 402.30546570923264 573.9632790905472
54.76334088847871 218.70534490511275 648.5719403226807
131.03719983199244 349.8886658420017 1204.2555948312545
48.11273307584259 305.4724462187757 237.72676166961898
56.40115043139492 27.11303097058603 1340.1839265654312
352.4713323824708 207.215310930003 784.3598878091486
254.54321920162442 127.48130805429585 763.6780120543222
70.06868512636817 881.1087234835021 1276.6351199088049
261.9129028523602 171.77826963565522 1276.3817423619869
219.9671225151733 454.80204560378576 629.083799081415
207.3209265189826 80.64112174938428 856.6627536964808
48.41038519449426 201.2867458360846 723.1050479900621
99.22334837556494 671.6045703909978 1043.2438700173411
540.0334463651561 64.5195075167575 1042.575025978653
300.2362730567727 207.68893950079396 1168.9894594316236
272.71033788630797 425.92914890404455 929.7980252893658
145.68670832904388 228.44425434359965 547.2844678461855
160.47887147242835 385.5277237145787 923.6413503601915
305.61267663431624 278.82130117788523 184.07339858439076
36.91854749560184 558.1333624815169 1309.5667315921526
245.99496035837558 125.55343477607165 1339.3020891021652
368.77920516236134 10.234407105115368 731.8839314767845
414.7102601212198 518.7660193319092 309.8527200199416
116.94473935374528 138.98260490434888 1498.5236541998647
208.1822739001444 502.8478917064594 908.1929296687646
119.23032062757635 327.0564198503346 1481.1392143111104
169.143766252511 17.86739205680132 729.0655175844437
176.45764203516694 112.63014066218302 1274.5275322198308
94.4532897003964 193.19490433667588 796.1363835312569
40.446624837108494 338.58632328866463 433.57119511880774
735.8819493439356 112.14495932213858 1478.2680253052063
84.56649829675187 158.06784464853277 1176.6385754028809
507.18356473527456 175.420980069745 1276.5465201882628
377.2124261333223 2.9996912292085574 992.8704839914354
75.23413542509729 630.4720355368759 4.4048039176939895
228.7847773235592 12.085898874344188 1278.6829314232843
39.70436348197236 209.49260347665552 781.1231964776911
50.018616489310034 43.59830220206046 144.00371136774476
247.21754209121386 196.26961148246338 1243.0517827897431
1.4341258974837445 61.964392012017235 1454.4089759076812
275.57301669583137 340.75244309792737 507.0627275014945
424.7137568724823 8.76205096904972 745.661817497759
391.46868658354464 304.97954840638744 793.8660988218196
74.03241790677106 11.50954561094174 1036.0272487475836
108.36504042621378 59.25094737110208 268.05306596562485
252.23322233726586 164.16963346150968 1247.9675631987197
271.2594441021956 5.941996106105041 1199.7162974387297
176.2215004137378 157.93826116441653 1072.6829208768506
195.50877057728178 672.4073167233826 841.4665293617132
97.01361293334736 80.45305438361801 254.6045278557198
81.78413210066712 53.76511954907062 764.5279144870967
171.00573091803219 171.2691786978308 734.8036797409931
222.01495907849412 56.84290707111816 159.38102640054086
24.024640818634925 175.05079023302935 1258.2113721159733
337.3924551453946 158.04586521278395 33.05745303488311
373.4490726945416 17.661518252512415 885.2262893006365
100.49638104067652 7.00636062420202 747.6154617091506
397.4324750661819 5.982100693597366 285.7623285134033
97.60148583287294 196.33262023115893 205.10858907628378
81.47926249903942 69.16099736648918 1201.999964836898
126.5996805402662 151.030296319837 1345.280852089885
13.124386801556806 480.9613909078746 1218.4651415264595
186.67679648676415 180.68510660982747 69.32489976129835
374.647721768805 194.164313821513 733.5838272147703
81.97404788491511 31.144938641775266 855.3883318537459
69.65343772780153 5.915587778172277 1110.375584318124
60.27410352100409 726.6870174569498 1251.984338293743
1.232780455597227 48.00737545529184 175.39866643974977
5.501843218312601 43.739976145131145 408.75792202848663
246.29388727861047 244.15245181122157 197.73770956442476
169.77184670945473 609.0939814179591 112.06531397581793
71.00044606768016 32.28672857190526 847.919571527703
94.76207528600463 372.44248865351193 571.4760468333116
90.42281394764305 80.84698690318184 232.6579710156614
133.2312598058301 316.33372492119537 148.2865697147729
143.60973633552732 80.61593740580193 936.3782212278854
56.78671626927362 194.20631435160576 313.7450138427025
15.477851543272832 15.406603352403323 753.3275377644286
22.446880856977863 165.44464031631773 1302.8261133771878
159.34837791827846 2.381638419596226 874.3622050276373
389.38827841093956 502.6910972673259 542.6936832974009
449.6498503744948 54.8088640839913 1271.802310087585
2.0783809498118506 320.02274967560186 544.8192345404195
168.40582291025618 474.111408229972 503.018248522046
14.487751710198694 153.38694904704957 1254.86278758098
257.8993160558704 49.08326768607576 1312.222866553358
47.83267390444178 99.33794324277098 1428.3510485609247
80.74648971151748 158.3907183581409 165.17206874133632
1.225940278697487 103.6145958576427 247.5680566371009
47.43813218395251 154.12504196068886 138.5190068225111
38.899136695058424 6.904361936261943 372.5922320447194
92.21599322059181 94.08081771059247 720.2960001513683
74.71605399502633 379.27493229381537 528.6749401741353
607.391767652157 181.635001848341 1290.2044503671277
55.4605871065085 506.87353922360563 897.2426212926025
138.18736093574003 90.109721501525 725.0614215825352
41.61866553449979 109.35042382383034 980.6378393692423
438.76489161726494 5.604833068475454 232.20990838529664
15.638087040770502 76.18603638688428 452.35260071487744
272.04085091336736 2.680092824586213 1427.6281356679242
46.29995998194237 103.3378944014584 109.54424438969956
170.60716953292646 284.04092178000843 878.37686314889
171.303143338502 41.78902717580844 1367.082596790338
29.918056431610257 110.44183088367556 373.19019497771694
730.3542765495176 160.0198945172282 1150.959791504503
93.31000992810216 661.9691499405266 1322.4927479134446
527.778506226223 714.506852384228 1170.801222960444
123.22983476097835 41.88091996865721 858.616147172449
124.79611818903122 117.78191578624866 700.6709531559237
212.0486464071142 129.84633609860393 167.32826473404631
167.66317438707318 72.11078336673894 606.0134165447336
324.65168351804516 232.511585692587 616.0213363826175
184.1630363894998 173.0879512058821 774.9837679269542
75.28334570756559 458.3379155638274 286.87622688110395
472.77486391095096 416.582026626364 307.1346901462081
163.4883155137914 210.6619683940432 1491.1170690653103
132.45143829359193 111.27929460907968 672.1397207709157
79.33985094110284 223.29543262192914 114.59988638819773
21.477801663467943 331.7448737484883 439.76834972040285
117.19379328571861 57.86157184264628 138.4067602761378
254.25300904463586 59.422009725849314 1391.0072756504173
271.3573432208938 486.06552456485315 1047.4951265985537
149.12620457742645 12.780882516519867 1005.1623187605397
23.659936696845495 5.3008279289994 148.91194671395735
411.03632977674937 66.41856217842049 312.2162434973416
642.0458651458292 20.035681191381045 1052.1612957904103
112.87943859533722 409.38794164442356 1033.513683848196
12.538931802383063 321.5038784826603 1237.5808972781765
439.57031536195143 262.75277097162666 1427.5529674010402
144.93142434255859 194.93873298586183 622.884828175155
162.67018397681616 431.2160574034771 69.86516860461917
136.76120600514656 25.800506364265342 310.34842011979794
47.24420276261731 162.44099521104053 1372.0289043641849
34.12141023393496 148.52512324328387 371.1936400196927
200.78044357538624 74.73908716101528 202.7241486899074
4.938418586443602 381.41482183967054 376.35339499993285
40.15725085535679 170.89434320761194 540.6713213964877
97.91311215680835 5.3151468349306725 97.92746785334721
199.26012883835665 98.93078086924068 49.10760600921971
105.28929809879797 97.62695015966537 546.5283907728707
156.31857419851903 178.72901092784795 360.2299685900655
44.54287238062528 143.6193990559392 1424.9204697633302
51.37821171787189 13.119764023588164 217.53441474713526
177.8060293673861 188.8763386277178 1480.4477836809647
150.67289036131405 60.581895443488065 1270.0358951314824
649.6227108506843 7.319009725910072 148.0143710338761
397.64009808457195 46.34771022263571 1049.1507857919053
44.15604753432154 286.761202176452 893.4689061234722
138.66462262692528 39.44020414319102 857.0500473848699
576.3294376834765 457.2075953893627 807.5246173110725
145.5707772703559 176.75690414993093 1129.4358097468275
372.89874846689656 250.80103661139384 1146.6639609875044
220.84711200916698 73.65720795381117 1387.9629600485111
177.45122269773856 91.98237527633914 1105.6652639581453
72.64163663316347 115.0839913420147 1218.0685667240625
99.643257892547 334.3886198620623 1443.5383252744205
740.8887910975257 112.03506497318196 853.7046189855505
110.35739088701881 41.6917263370557 1412.7414225217005
502.6886773818317 50.20249947584278 910.7211909406998
354.98154950086433 367.0426972286698 1059.6986818277687
434.8274126475461 7.401869831122027 1188.6681852580818
200.75686908509743 361.56724639510685 989.2411218107062
48.66463042862945 59.71060085840782 454.0515094729954
266.4948903789092 169.79163767033177 981.8937294586208
81.40499847881624 275.85423566357525 147.87763461505315
551.5410955080571 17.205960106886366 1053.1784755583608
84.83686231148 45.95651004630083 1304.6186333321418
105.1708652841624 70.41539048107988 559.8870025203546
48.00094155125685 155.26673608847653 1282.4312368812937
107.76824688829825 219.59850215006034 295.1983510497153
109.16960925320949 543.6696184168394 1278.4559590534907
105.71653710038846 21.971537411370043 548.3546767981017
205.96771183172984 79.00164154518224 345.7432501493077
109.04826285571674 32.958312087443744 722.1459379952047
57.35697493606655 606.8664247973649 1016.6434207726027
576.7409695512029 256.06105901167894 619.0104670449682
295.08973923517743 529.3920939301698 1068.5732188825025
6.020735273067852 170.79367422531826 803.5437778315137
117.89214359802588 391.2643463633072 632.7257479002517
64.897023600145 49.97153057499877 1275.8554285654548
174.55313065273305 19.288620106265384 164.7520320983098
492.9292239202967 75.52071629537171 424.1479193092892
69.96128676514516 633.0791936906454 615.8830014110272
130.9785033973994 9.400263512392385 81.0549620306213
675.9275743236626 165.1291092256179 1384.5880790824917
167.79970752665534 533.177139140183 537.9928922492694
92.720220368928 110.86302685896293 802.5189205273106
72.18427351819274 479.60096384972184 935.2825845177241
81.31321992527609 23.924023059413127 1361.7811077215133
21.36690491230853 73.2582559733912 1242.9823503434209
202.16789394445823 143.7356923845645 1364.6549120732816
247.80937306674855 442.6003395983881 20.766964044193926
101.4168874619954 2.5894053446290637 5.367153078883192
104.94629448540742 137.62882099927648 1466.2270050604711
146.146184496387 279.23021422041927 574.8129695596105
365.8196030315259 237.4759310863631 540.3841202345753
8.035422016873838 760.2616891319168 1178.8179110122167
155.6936727583151 56.46321885444983 1099.745160523213
406.16935958228265 46.673619475774665 253.16202521493392
35.375659128293435 6.1675385567587195 442.50850763616427
300.83866776644885 230.76882325493537 1125.7743994075527
852.8635056021399 11.050375603065493 815.6109197158231
41.919888726322434 205.5812455407215 73.64273606673999
112.03641023973385 31.901681652265463 443.1860207227745
111.8163367104413 310.6983919128541 265.1210304547093
71.61779908929515 75.13877687834002 406.2412000208685
254.2010773547141 145.43717478053836 1377.450977026338
47.870774107484316 179.27384348224956 240.2462539953697
367.65913359304955 612.9961923212903 137.6965584340719
292.09148325621175 27.659031811609232 939.7108755974156
1498.5217324030623 371.2197405675511 1130.302196965524
211.13978775718937 155.91973529854786 965.192157194607
80.12169789391403 51.0831732714035 547.9137814879842
103.64395417484246 226.81360542038013 1377.679911920281
375.849712668714 204.1270259135226 865.3963965982014
321.11314287252117 224.98567885110057 224.08795760248196
9.257864074299919 262.44291024669326 311.48355819238975
57.752212401700085 764.8428990143192 1118.6367175526616
44.58563771679388 209.67995999235143 96.43412457744898
64.31656569475601 65.25418691497815 163.74697782782943
372.0177850919255 67.64524409906282 1459.991680407622
12.895752751992227 54.37315696309122 1111.4996243157145
513.4623322957042 301.36555140802926 778.0578826363359
139.41515070861988 25.7604644673588 522.1752787175725
356.56986597975276 18.235869299889472 1207.7445722252514
201.335348127721 300.45484523418753 1239.8230851341089
22.217059392083094 105.57765500683232 813.9323304736704
145.22430673193804 11.876953485732974 104.18024520196312
66.6319278300976 176.9018177729358 769.4797129714057
335.79291318164434 130.991557882626 1292.5489389387308
0.5694463636984806 51.84512194350809 1191.4813199757332
273.9063931645756 70.95405163182829 298.70796365861713
226.74227885671584 587.8514489106695 1141.5517524878999
113.32865117994457 14.313509601815042 59.65513320842908
8.02499768604451 139.48927488779276 286.19716137072834
205.39115988621367 79.37984553349952 611.6442638832231
152.3834725888708 245.89029533350538 1121.4098734130373
41.11796372460931 438.1959640335353 272.5597753371565
70.5294293495218 285.52064153505637 360.717986485652
346.9080628242752 239.1877441981332 1480.8562121322577
512.808259493137 205.62194812119424 483.34571157249763
375.0453368466353 106.54505956556015 471.68360412421197
77.64605793055182 166.19324006092478 247.6265578242293
82.23090770106286 601.8572064637045 350.60962569964573
35.05560737105055 29.070929656928723 1152.296502219405
281.94324296615025 522.5647821620192 213.25160039942597
33.03854397255328 134.74642930301292 1336.1897841169623
228.74680140336832 72.82973095094277 532.3679868112581
91.81850983118194 281.6002203962708 927.4964604255213
104.5247247945462 73.87302931381896 1005.3979274281846
159.17415388845671 121.20438363918966 985.5964097859296
68.05446982722961 2.8913184507661476 817.2522621419014
24.001428325582204 118.92987457809635 1367.0951144582245
830.9021581663899 155.21295014595339 116.31778859621572
255.55496596089222 124.35731032866018 970.3169760881138
552.2449510464502 1.1572463682263363 381.11843457248517
30.485381679740996 516.0173682738852 700.6018882967502
15.529783122429693 263.202171137243 1048.2558133422838
109.22074397182253 288.9638749309855 1196.8654771849422
30.17342545047909 230.81869501836726 1385.9400298130256
290.177160145736 15.164504260288448 387.38385330149674
234.28539395375395 20.225900941306858 273.57230483123686
355.01591327999904 702.2733899252576 1143.0417117751945
744.624281495535 57.58807466350192 1220.9243309301548
213.9955793307033 181.5098773755475 1294.8894708141488
23.95637054958461 2.120842318818745 44.829239141475405
76.57887614098733 146.86380665601905 1143.0626024825042
8.253190656077184 390.1125786191963 1235.8877236584474
422.62807404909717 4.996584818578306 183.33666609872483
4.1145119806749335 433.26667192984337 515.496466175839
32.491709078634415 443.28506159489365 1358.057620550825
248.90468072914635 3.9317228526297487 738.0085520561829
74.91004872526497 26.38887875952079 693.1672254726105
363.3279356331492 51.15612097410591 595.1596012237561
318.4554639436534 467.44960363044993 968.9783564773874
609.3550172517218 486.3885125171812 956.2623546493702
26.20730314604065 634.3376941140286 164.01868491466726
158.87959006508314 960.815384366526 1147.9581692263841
35.51041675500415 543.4979380931229 243.31850761583058
245.3057935223597 57.305707412061246 1122.6563743649106
8.743002178112036 81.22891278675182 737.0429079311388
278.92715301493223 29.322867966180176 751.7190157828848
170.42013073404007 275.18786678106494 641.1964292139936
361.0949905395499 624.4464341481637 194.082841185522
1.408166820622191 190.61056230233729 198.302379236042
155.003275620102 335.55521146573295 410.40042297614303
236.0785798067048 234.20336989808655 278.2937618169632
20.512242263629517 68.3901940653144 1435.1701815744468
29.35836914339473 32.59046801773269 293.4916652506771
205.05388152043386 82.32691803683868 1216.5561278487437
19.023835414964772 29.365719551529395 1474.9228565138178
414.7641805066122 140.50851191534395 634.984818365428
117.53843166949846 757.6000867473546 377.4578466757729
45.684780194849026 26.919677779368524 830.7062906566682
253.54401462487414 18.627993883881608 954.5200719591569
382.5608767671202 123.48140598016506 915.1151146668121
313.28030519012503 46.65417948125003 1402.6813211026754
120.07358361059592 14.73057172690247 996.1472808912787
306.4725879565375 19.124863120130158 1403.2522325543441
99.6984242753044 348.0700762476233 1327.0665743326485
183.01157950811 203.69847164555716 1280.0254140199902
178.5246712688703 285.191238030953 1149.255495316104
12.084088216311873 193.41556987860014 1389.6877068541742
76.77081193245185 90.93659961408346 1218.4249801690764
168.89761440767657 0.8963980294714483 318.2217107501378
15.098618473000993 259.46236213975675 1263.8663908776173
96.22354897579167 93.96659253391024 1055.5319306522385
272.14224911254445 44.56532796864599 656.8098313465993
114.16604859382014 146.75730363666054 1365.012164814432
97.79030924578974 131.9489747158454 1443.9192007327244
89.85398557637919 13.96703447855942 469.6034714599531
130.31031103632765 408.86935307245216 1472.5870216040473
273.27236929628884 471.22139846108587 509.1892569572816
276.9017841172337 65.4123277426799 47.91626831593826
153.58122257550525 74.33627188429288 539.7238054721977
213.0710672810589 417.6406753018082 1204.6544434370464
3.115318551141975 70.70731496937091 537.2657553888941
105.11361754165426 222.48882738704344 31.88215954159507
177.73903790210758 656.9156312676603 426.78583396416576
395.8325319120171 91.84469245386543 889.1058509382244
83.12197732751945 197.84483270685755 1431.8446780738252
83.00926879641474 54.99784583087761 452.31391664329607
3.541055054465652 572.1673222882279 560.4089168329843
274.51646657675076 190.11070311390768 695.7198648479922
34.8623047479505 407.3802629257044 787.5483235363065
995.2907697902532 181.07135078382984 786.1347071401239
289.6198645174248 195.5860655902604 1354.1286815796993
182.4618336249017 37.22664981757998 210.65877738102697
24.81099788478161 22.306416025635063 822.8141971078092
344.65560654475735 225.53109611440368 1433.0506863665776
60.713985785967125 321.52104052867844 218.5928013005169
183.11817402004763 14.936251138432116 698.3962741254202
58.344364804705904 174.81175404543526 332.6973751265714
0.3190475743290133 20.49264312825272 1005.0336091010996
415.6349026535406 75.42126801890211 1148.8851260499694
21.875749472438887 98.1992857051792 225.5355197933967
48.041645897991756 113.63078070362427 214.66051835259643
399.329228184604 3.0066922559282507 772.6335121532121
75.63344029939569 102.71177157722585 567.4942723255567
56.052998882694496 320.63146978637604 1090.107942790208
244.02069511703908 255.22312893327944 779.5059843823598
115.41893459452129 86.49769241691465 289.7208767995432
148.86106865568047 205.235899718324 296.7229157630814
57.112242259790804 157.18474211663164 403.9979913013825
407.502530437104 70.0508434164588 490.14296623031345
212.25791839880128 342.54677016302094 365.04956188184417
60.717093002735155 67.21928307329843 1005.7271371905017
164.59851186165042 196.44807897699573 480.472690902881
282.73593512099546 235.3288606940979 1412.0866710464609
289.63126065364963 288.1640061480925 139.18329959841068
43.01921312068169 118.4498732768433 1.9214558887879485
93.42320731130278 241.61125186985205 1399.4490463200013
379.9007821503911 13.037808350393565 988.3313554044579
63.81914231340586 328.9996935126621 603.2835196978116
79.67614283098922 27.943573923877445 1279.906989207456
183.12174047194034 276.3649202930196 792.650875076425
942.5149573162075 9.128932993013013 179.03648265821022
153.10542038866674 263.2842448426456 256.32313907722556
150.18258476100138 178.9279834446583 500.4972158734024
5.186266861890636 11.874394148519512 713.6961417259782
227.84000072207954 140.2588129897135 312.4577143200628
72.77912980309996 23.861990431048422 830.9267087020432
137.7119830293426 436.5604649867792 119.77010743264105
209.8871684336134 345.3819593255845 1219.7110229347863
294.9380977835642 64.65475185029823 436.860045192077
779.0494941563874 80.57563286411875 506.4685154456657
115.15639670869393 729.3442664466738 1198.9567001050968
346.3239032689896 509.1383493203065 152.3809821820178
572.7252534981335 255.39007339157664 234.14580655464158
1115.9188350030756 187.71822456358416 886.4253845624211
64.18878425967485 280.09414122732784 1200.7268557425446
8.137963905604323 425.61186417988495 1249.1625097390834
361.37385994328065 13.168430429624461 829.4392924872881
63.014009285010076 195.35379354967785 640.103765839954
115.09366593865924 58.46252868044037 1232.9099279197935
288.7344882832612 83.29045140919237 958.4369614191698
304.7270616162312 81.92908565052838 1216.831341236535
173.56885124471077 37.41274264394656 363.99347288179143
226.07894443635666 144.31574065407116 1454.2503326248666
23.205511082572052 199.592481785345 1496.84256664532
32.518685750680056 110.45243464905907 978.0607836070905
13.774805961628905 199.59186550609112 154.12397755898067
275.0010198796279 161.88554478016528 912.615301650902
392.42294812248184 202.0971159399628 362.9549748749468
36.98988411566097 216.7713010207273 1377.45448864256
196.40999586870237 3.1835862003235538 555.6087214418002
106.32718023679499 412.09069659379793 285.89489307815575
40.61661543894527 198.61326575005816 801.948878071244
432.0971258994913 5.64636725665447 100.70021944874591
69.97189933150054 306.87824616562 1337.4078699051418
401.6838708421746 170.51569318172156 634.3478355123465
92.12723760308616 59.107257741161 518.5498479366597
34.660269491920154 245.45161508044444 1139.3715985151362
51.905520999037 364.8407305582685 338.4791491466621
195.19289053461307 791.0143660175758 586.9390451869966
27.61947554711433 603.3855259465826 832.6867606815102
191.1556213156113 26.129213839082865 445.33860942996074
43.91146968697193 97.18560359924368 552.6923759699065
66.33954821087393 4.269756592752459 785.0562358166893
32.16224886735538 20.381932119649633 604.8689741945839
169.6771756041397 370.25702019615056 1055.8927211868477
470.0920830813448 5.13141682457207 875.7619562693454
2.695915674069661 390.6279804118506 223.5606160374373
146.16601581957764 16.264873205888026 491.04170356001055
0.4040221141605812 72.7149415986163 820.2905167229135
211.23114074620264 4.088847469043969 107.71092009809607
12.959984325856846 4.4935804207653085 183.09905582711627
31.705293188870563 261.2315959329672 123.17753227023908
26.263922747602276 31.220733890093566 194.60037097973014
77.7901128383419 331.3483358069541 694.7077543411241
244.20560722730698 123.1578559628919 719.2257436573253
108.2445507215738 314.97902264150355 1300.9950860743631
59.272557997585785 11.876770456520799 1240.0163900994385
113.7547831753525 74.83000378564641 1074.5700939087806
8.800072515147047 767.5537500409441 1125.531848008449
100.05095421099341 112.08887309060407 700.4015800811294
249.60368588012173 42.40137052854391 9.370428575589951
148.28410552860433 94.49027830640571 598.3717338056902
87.23872999464825 219.55493593799665 1170.1748577706428
203.99097553916445 212.81698237736813 1050.2014583024898
161.5759443081215 217.48024317115204 659.7358078247861
125.6315191822276 105.35920230284862 1236.492769743327
468.0457024754805 16.04082203538516 35.27251807280635
82.42817997642057 136.9339922394049 1321.8235266837357
121.42697355620504 341.16511769557866 1204.131868891495
505.3798561277242 73.73019620999362 1156.375234577852
84.08032117046804 31.522760975767877 1233.289504814499
525.0872146817289 227.2900640954345 1198.7894663146267
169.63117357920882 94.67897826828607 937.940443050126
86.3962427314187 188.23920502154988 1285.2341214747732
24.92314916050311 394.43251682615943 564.3601133048177
84.01235617236973 9.475465835717712 584.5116877114373
91.27370521506846 226.83240978218288 1213.2666982979729
134.14446591634848 246.63405311454528 679.2813949430606
811.4499613093232 159.5618058896433 767.0349347125886
83.79572422129588 116.63025433637164 704.7836600430966
193.78424165896067 290.8788153548297 1358.9317691049976
353.44120670513104 253.5882027346593 552.563474375525
43.93784798366563 86.52234864428465 532.1375708551726
238.19565425560424 209.01162138195195 1054.3236142670976
89.35193531235004 126.30164768659743 398.44632642299615
334.73518900970765 35.2451075425102 779.3059933087383
334.97339803370903 42.73171155383817 504.90415349418595
77.44169072078377 435.9546406417244 1096.930443503639
72.03737339582234 119.12790621155543 1291.674577248422
151.02241968311913 87.5834181427594 1476.302514996404
46.45539162128294 184.93568682161538 969.260594054223
104.971727533911 4.965198683147124 638.362973820137
287.2883690468 46.11765921900678 1052.641271774412
50.798654395855394 219.90090291118912 115.35602900827807
468.70431913994014 309.4532283946145 159.76477184376125
590.7527199565471 129.9901621472709 1101.6913962021517
183.3084208470111 333.9809264429784 1358.0717727418125
144.59808377575422 430.4292635668361 699.8844766090735
155.0409331045284 490.1790232623133 1172.3007239341287
52.215758081120775 27.759982779465997 1074.6142646226133
28.135557130494544 146.01212967487118 827.9579038436218
124.72033207755074 8.223910209184652 485.25076523710635
298.81170718376285 141.99168581938963 157.60322735671517
151.41868005236736 205.53174178370196 1226.3913560676608
106.71902769853612 146.16060478934872 138.4949283990825
28.8881104926778 214.56794884522753 100.9963291839972
158.70100518756198 16.230567146614142 1362.2176967700136
190.15270094867418 63.507808788749124 1174.575463344742
321.2776847909277 288.399138801902 1373.9819068752702
242.89244748534978 409.93024031060185 727.7056497455148
84.05549204876992 37.393257055304794 1109.19034102824
369.90312037890016 283.49981509616214 1111.7152310001095
74.40803937727871 305.40573925712425 1429.9596235424215
105.64558173429432 110.86955666890823 1346.8909689041193
547.0592754019973 115.62340652603069 223.0237107202926
243.47151474170138 120.71237380471023 730.2416067888986
116.70737081523224 149.60277395163774 1323.3008918793323
154.6449306741695 356.8806476245045 997.6186428502999
9.55187093430883 72.5684213524131 774.4791940660969
156.25050137223099 347.6495530779686 689.6735133314803
118.92942114043521 0.3859176694129708 58.86652393445924
51.72262282256672 473.37143572153826 870.558668652796
93.86599538953219 229.9110272462914 887.7277687692264
34.238701487476824 31.99990613709664 217.70517629696172
313.6571959869391 178.40684107670057 170.20649428960215
38.089072979135466 177.72619156560788 458.6433870396721
12.786900538291416 149.44875358553853 1139.5034140277148
76.51754889045253 83.91325246616384 846.4015240692706
26.238039516754913 159.70491143482474 344.41066881532754
334.7437542599547 194.61981119084803 289.48734609997194
353.4730438964395 53.32028747491518 1039.8369724965662
110.8764568169618 32.65183792594675 353.5333773190385
59.486500269150774 136.52956542596257 546.730962436805
115.0607328154903 654.5420706027448 546.7403181776036
97.10849008222472 157.62923661322955 458.2220352250072
658.4341743807644 121.41832238616726 139.3254712635908
138.86485053526673 244.89189264824614 402.1094026123679
133.36221795799904 629.3163875018301 857.3312586318368
31.791486061490826 57.13976119606158 195.7060231780942
912.6680300636112 99.2538570764139 20.24744450623667
131.42248643686727 80.27713608217961 1008.7013475474598
435.9559532826567 163.55596016110115 1321.2434931633532
576.6728273059724 174.39478553024108 733.3301303086612
213.65187274205448 399.11674769275487 1080.5417234442452
85.15989146975932 144.6978309743815 27.911590989926793
46.81800722156847 23.650557253091865 867.397213500584
173.45217409081923 140.81156645178677 506.183039983049
341.5273400906389 292.83495904882153 519.7567970638571
42.595113786790854 26.129390375303057 554.901748130493
372.3986300485879 244.53236409485623 1204.0604206053222
254.84631483385712 281.66158916730024 1103.35491700334
106.04745542205407 29.59034131315676 744.3275672458915
351.1725459401241 5.163594269301875 832.6478871913787
886.8274077875542 253.15310640201682 447.2892784428033
34.6598641514557 9.335920056972329 839.6550043136043
4.319014037371889 12.846700526869887 279.7498085786324
163.57012788270606 254.08172032070576 647.1859552319221
383.84817203727886 62.26044451674914 69.99699968670464
10.769573157258156 136.7526947695378 833.2063258984747
276.6818039004291 123.46820293801319 262.3122701652579
799.8322066216992 474.76659854094993 1270.2756643182768
38.9113489494702 123.3677568447372 870.2097966325897
58.52237032731457 92.59130497511963 1431.317029984732
477.40338279910566 34.83306918493915 449.5499171178366
32.82323917394144 43.468825199325586 1371.4747447916034
349.32291693629753 20.94331500171417 536.8559139453133
335.8654142018489 209.63030461945925 1317.1076569795073
292.62306320912734 32.02203178897229 88.98993579374581
33.614751583958835 880.1585784901594 330.23829165406534
584.6904823110863 131.44836210399325 1367.1823443517105
199.16340261186946 40.6089645038068 293.19229370505235
471.38977565567944 539.7704292955938 532.6255870429277
535.1097400164409 1.7455110458876624 914.4925799619307
134.30942589501515 384.3650437532589 3.2580627596685563
196.1095849558809 26.545370926083905 837.3484415332786
41.89898750034481 160.7826810187723 339.69710512375036
116.13533724854183 406.01937395964427 458.0761196313238
148.7057791282204 2.827885454898037 1168.2632963704218
175.1860110589649 4.069152087839995 276.5056091456456
55.90915506802134 322.25560009883554 694.3427698272603
40.011545699655684 191.9328252868186 1180.5866116980405
13.313923725842331 34.421354394584135 577.2143638646938
503.82021794486 319.48137608779876 347.6618790990661
173.81163717282064 8.30313574375363 314.1845780569331
198.98117307235398 709.8147062088447 1326.5619187948819
199.81254975115655 79.49030684608256 790.246582673822
28.495853479229567 60.272425690697816 200.67618151446382
139.44682465599715 345.93391339592444 1061.3918797674457
119.33078619805289 211.51086284430863 1227.1916651258477
806.9683571006149 198.9431617854224 1183.6410845052715
63.19285479308952 202.9163933387895 397.06247638121374
60.47421627099793 1.7065341229485012 1253.1458000810137
17.15720977857322 1.945983321591926 879.5304968977657
168.806172177448 50.32446644622771 291.5417967662319
79.12783558769806 213.85725491040333 1034.1841119567212
383.57290871213246 163.78858419499477 393.5859544208782
1.7386901032928337 71.98764152144656 1326.3222128925695
506.1964508706192 46.28073606364667 636.0306389707621
511.2630814527824 226.27758502446977 986.1177303967023
88.231771035032 96.68172365600397 375.5431368230069
262.151750534953 262.18676236288104 100.986316392014
459.0140921849193 724.7781061639253 963.1092984236383
315.4462647681282 224.1629099250197 598.4432656704698
3.5562788747035805 156.7588150787137 393.62721331602756
891.3976946223594 31.023973955767236 34.497728669252716
230.81462365442485 20.457426599679533 1459.3725190017624
82.93749749593405 128.43768609035692 782.3998462648038
27.674388645980013 14.51495401429794 1232.7764635576743
24.721828622561027 86.25742136817117 7.546170375298478
79.6197192364784 100.75165575185372 36.312956029896256
696.1083795232179 230.92972085356323 536.8678805912185
244.1460814473517 27.343361210236594 104.51989491949598
109.56477239050963 10.57585710215068 391.9999425940844
55.081820618314424 69.25086976768357 1083.1381161200782
32.128110262574125 18.65320104506818 89.59968331618462
3.450476741727313 108.10301672370525 1248.689944474613
153.9981903350026 276.66441991674196 41.60292914215391
97.70596576628952 68.56438223280085 808.2125709620985
68.32988317686258 81.39841774077033 576.8224863293798
677.6593163489301 54.090630601947275 1329.7039823032317
50.45699624393845 125.166260604746 508.1068004149365
46.59001503155158 342.8841665953061 1366.148251704987
50.372610624081005 12.903089149424387 8.01163155152973
203.24762200489727 221.26820588250973 448.4293795189101
376.8428702809908 189.73590639057787 1360.6760039099079
155.80879129653817 27.809472131601787 784.729681970859
302.38010951693116 885.0309613354088 538.1399295610155
30.947867213868435 279.27992171330516 963.9008895049201
211.16625271972467 168.1062182018031 250.98069090383967
53.56585411890188 33.812018040468224 228.29157733079043
99.18992372366924 445.45036667371534 133.94343365910038
112.13766308266382 115.53850901990845 1416.0328496183486
634.6123266878751 75.19143252038873 470.35070715829056
43.95965838358682 57.973669004421645 1204.6614597256744
127.88431901796635 465.65074870265227 420.57840671047205
41.96112104505323 167.63163304612786 974.2891916533291
81.93345444207077 193.5210975464549 540.3824842379169
221.70029499421875 108.51789545586783 778.6409026064977
408.7253869140884 227.80681793909116 1321.8380274601054
158.96303316829642 786.4413836904157 926.4411153040496
9.577348121424636 118.44671141976096 1153.4040473526636
7.219673349824488 60.92096707966898 80.46102505899388
130.12531282186546 29.501927045022665 697.0738856155057
124.909135088872 92.38327476173633 352.93622854741494
239.20876588957242 29.633370054311737 110.65831576197816
202.79714212678508 166.85012860172145 390.51095352072673
15.424096221423458 40.387287703498465 1003.553527906473
130.34439490238816 69.08903515736574 1059.905032239655
170.93660213868483 99.87454892779047 748.6829424705389
48.0293557285495 102.53242153483404 933.6238860152899
108.36975404432039 58.18047672265636 635.8384190363627
215.09767103138114 18.990695149274618 1434.3581816989347
196.3480157672145 62.585263267613165 1221.5118377909102
25.28509615630622 336.4106156099541 458.4513126923808
239.99131233472065 57.654876163668575 1140.3173542053908
267.38406254674715 103.44596040671851 335.0316776082496
188.18351447318477 150.39317929974345 151.57427152182203
46.898984119586615 154.6316781171053 907.5801664091333
104.93955247678666 110.60588628101718 1213.1140632964443
304.71570358241445 275.3450207900742 160.6394411193015
86.61849620485755 215.91992517404975 1319.571827307615
85.02898658449945 201.80625491127495 1257.690424822408
23.228801819928062 454.76056005750644 1107.6169172843222
189.78231955123596 85.09094962683517 1336.0930025005434
170.0403403102964 338.8452640884122 455.6612056873325
85.32398030412463 326.41211843087575 203.33807190004433
298.53132987781356 470.38234875479105 768.8651791360437
141.5191563834095 174.52686055943033 915.6444203704622
509.64142874483815 129.67262602892038 1222.633597362906
378.29750737645355 185.55441437979917 512.0132414369017
96.55204570277974 194.22828401093022 924.1474511687146
99.88347723529458 59.043587773269735 319.97077511683943
0.10381041933288104 346.3002919499622 963.460556579404
211.45783504493858 126.09606913817882 99.86287622021057
4.8092512424804195 247.400678780882 901.3878155619967
185.13018193285671 38.301177052753054 974.791755969278
3.5630097220782977 14.244866747696916 255.51336952453363
342.62411402271533 206.54251727570028 348.6151081894226
100.87874612512142 105.73596690993821 444.8753680283814
252.15521633534675 214.61448938738278 487.45737453751457
26.303954513834054 219.43813535055452 186.86453673324488
43.66937907074011 265.36698736414735 697.5436752365956
25.184368906903348 371.27953862924346 584.4241642289204
155.01336681359717 98.88939566790438 1202.939568628516
347.9423913127063 19.629815726642168 1192.7948993569769
100.80666484933016 513.4919716207313 468.1535189937418
566.334332472045 90.31812756310266 670.8801659010543
57.70498677295445 22.56691028392767 255.52368651794387
292.11261048327435 724.1549798568418 305.21822209712957
193.02840137520977 7.357340454097165 907.9669526791752
242.63995758654193 18.803372467288572 68.17223523167138
44.491905864001865 164.56191307028857 626.1615708885975
21.276134011409617 76.02006666214612 1097.0293764611317
706.006817591833 199.8391592224709 1245.34107724854
175.25416720921643 43.44686382450304 741.9524613627905
17.22913608695992 694.5437179778424 1414.5485487879025
126.01824494868121 462.05897237435244 1023.3378401124545
325.4938375184584 17.688277562674063 111.2067692257505
114.50613838934953 88.90108662457877 158.09038276750687
454.0753380959286 0.41884482770392767 1380.3158121387066
115.22204950365085 64.6416222668804 378.8388888434935
615.0889966105782 429.7280932935975 1363.9632811901704
148.34922469963178 332.49473493489745 1397.1254668289373
364.42562636975515 160.5123451451102 476.1751669946236
182.53030456432467 335.61886109134434 216.57682466743677
531.7276670126142 84.47632643842647 941.6529790312359
150.6552053236903 235.04476711864743 131.09537902506986
230.3877264187635 109.63909990640242 1071.978725737145
622.065324748409 498.88182748519006 748.6046379152382
22.72093700520364 932.3102311705418 376.25721965527896
109.0342924659184 146.40976715912583 509.5614571116283
68.71075463368311 62.60625736787674 1462.8710219780698
130.3109044817813 60.301407310512865 313.5017308366153
33.85441484104464 0.49353274183955387 1400.240101211653
264.933366999067 200.22018524025498 797.601857176171
84.15427021903565 44.36892259752365 1341.854623588508
200.9898748147818 72.61120318663534 623.654018009109
29.02770461993856 106.29620879375501 927.0034538083681
56.98930118726264 98.7732018127014 661.0099132254509
25.68947355310681 783.253697656391 1413.3330388627676
12.57949258246088 153.25655332494915 130.03230519278003
20.08308148614778 147.53721761902224 1489.0622333933848
28.74791503032672 278.86710109271115 652.8038866401283
215.27936985732708 197.419717357656 346.21760655987237
42.51771428484786 173.33195951228282 1012.8213014881386
632.4514393667403 270.0892993983333 769.1958777480164
382.94782684244353 135.34746579175066 99.53373700586316
128.42891130124772 241.1570022079351 1246.731479418044
67.9168559487658 128.21767789771695 664.3933206352393
202.9243599421767 164.14942913782687 708.1311677374915
66.16710438803172 94.77902073877262 1030.242848753468
65.44776410017808 87.62586171306761 583.1322758175086
83.1268286581962 28.073385706422293 475.16655151758516
171.7171254373725 158.76775539260547 819.6165067593632
204.1933431025975 244.05515056594353 1324.5537519721904
228.42171221068153 124.9757687561728 682.7753647911767
24.537847963586472 69.72565268714439 506.7720335844123
51.85160313196937 365.6973205495369 662.3397942516136
32.563709947657934 5.270370440006195 485.0946673443287
29.37612748573677 319.9511162953145 1323.2786891102703
476.260845835096 91.22800713880125 381.9542003348258
318.94164216537644 0.6501735662768637 1343.605480643837
1006.1127967900175 28.68417438972952 95.98227506267621
230.5399764534226 125.73846834706796 964.1331921737903
287.8230055429238 843.0015774731512 251.69627878358426
180.83118143116982 18.012837188162 1192.479733195372
210.10565181853514 425.42972089527166 6.245158961956044
61.88807038358286 29.465066838277043 656.8998577121055
448.19012820592434 692.4714828170567 1054.026432219915
123.89047127961294 23.876189741798107 1138.2092389228121
11.558702069655897 328.7518105379934 1210.6728065948614
5.669630141143907 97.66583561946796 968.3104588315435
938.035502991446 63.096462667348604 11.226502244928882
218.51251472956022 119.8283540799052 375.79998659596504
226.96874159448086 295.48116746509066 1167.1189700997459
52.61515385362846 18.81397825834791 578.9177085813266
229.96828300477915 492.53063161995397 888.3464425566625
55.90686445991766 3.0756943091484072 1300.6791346063949
183.3903891227665 118.05397076256081 556.1237910241215
509.3180098164494 203.9080802526784 1477.1305606786811
98.9423934006152 12.68332000516367 1344.9501092884234
53.718726203766046 0.34253506112077853 1286.2197801658128
124.41997676590992 0.8355740962269687 623.689106267494
137.42638206029082 98.25493873632655 1423.6405115270388
1061.330477635679 49.182123615094824 662.3702608439672
138.22150247913086 57.59072122992364 628.2418416251669
127.4168257404118 4.819539442015635 1289.8469512581798
278.4261532980631 308.67263758729314 593.8242067272422
306.6024651765676 851.2984286025572 1180.6727398987769
283.8067136689558 178.7565375408195 1057.62482150701
43.68598002037965 181.8038317006938 941.7848986254412
40.40394277310426 66.17661263712331 280.00116171036336
49.817121991503456 420.0004921557705 1216.4364472507627
202.05124125774728 44.39542020775 1433.5727179005712
707.652663940357 96.91275637720183 258.96700782501915
94.09109072568441 549.1774009962577 392.72828277976623
8.572739403789422 170.200915710107 525.931650979054
156.24659611698848 0.7828524683961349 1249.7067063587795
29.01911194252134 88.77677948616505 330.9835922385858
25.92240848858519 65.42240005556816 687.5738773274475
349.7794165377821 187.26440506946489 570.9557941149433
22.394937946427817 255.17397126470178 935.3990036664021
252.9602991890156 14.880912267709686 1075.6356146117867
210.1870398509105 175.24033894829384 1227.691078206973
475.34510763021194 476.8422704509994 527.2360572990974
215.44194144196234 53.69040839038226 1443.0553332091592
383.19340224037245 199.05357765490558 280.1562225754345
147.48520483976472 43.97820457981286 1225.2810465586288
198.31711921005706 812.261993541936 212.8174973308764
9.754710439541087 228.64674279457518 19.127098280878606
817.9583364042558 112.32792596288658 1298.2786254523598
384.67834874645894 37.64658453951944 1262.5085156885357
41.2178819153549 358.1305766426943 1342.8300364373104
18.897133199401438 180.83396608502596 1072.9868379750662
113.29530863916386 83.45753864442952 1160.3729360261311
27.60034370904544 7.525803870457694 1405.570769084876
241.6639294485484 212.32635248640906 1103.0727044203625
0.10438355102853132 75.59778141203965 1182.0639960544042
66.50071470376065 19.433288966168345 1278.7699368574367
674.3672750167683 54.1668231587691 782.5584085803778
171.69349270705652 349.46040085041 1210.4363529277666
2.1607140920851435 454.2582303355781 229.6159967561161
216.0228943308988 210.79170982337408 404.2213031437996
37.654235031475984 484.75188431466415 1490.884155997963
78.90597100315456 216.26527195747062 426.76935073045945
69.225373834732 511.7314301180489 1486.3209142005094
35.69378029231752 14.635583068935858 808.1868291119341
15.289707427816591 39.46361629826603 1211.7911551236357
16.646916808816396 1266.8579099080494 1381.510648182259
133.18537376702716 183.94626605325266 657.0338212948346
1084.9325791503852 11.461501460533448 1451.5216355187824
193.89211046704094 0.31109872399560246 123.36208057686326
289.1618879866427 512.415170548466 405.59012320017047
9.343628783017536 154.70244083427988 665.011958055987
50.02383843368675 462.75650202197943 1278.0297749794497
15.737997444361163 80.9380851711839 572.3304681222111
345.9583408942241 182.71119334944095 1039.8347822159396
120.9628898538855 78.99470811698228 1422.3515825836964
90.22726819796053 96.55359279025893 889.2037382930458
12.282001723828111 294.51629980991913 285.31052633704024
392.9995690786073 357.3872339576462 1343.939566302573
1.8832830233452897 83.53959027185883 868.6853361067489
15.079824219650225 663.1907099199493 261.26406771919324
215.44222054101795 383.67372923577557 614.8765177092137
11.854649842309616 158.0429014183827 585.2051989937645
98.85404581347458 164.38312962120045 667.7607457429142
436.1801179789544 0.8632751033762751 1389.5428287758295
140.1030084969856 686.0739070214681 787.4364489191449
95.5315132002137 314.4789262039054 1259.9350340673338
44.7298361009928 170.28235617194093 765.8697248388212
195.39364289895482 453.20874048594806 462.1619914637302
155.30770654004746 478.2589453789667 744.9555303647359
175.6268312390289 115.46517007598516 122.88556415674734
36.10055505530217 29.668233121786407 959.8620500945674
13.916612421575305 798.5468340975685 736.2424412514538
23.586420423005148 256.5743814477617 1468.5608751817877
72.52779253307297 336.18667112147523 401.63809683777833
69.84093385019358 165.3623518030606 1290.2307789948559
160.4584304556077 235.90973492577035 1064.7460326235027
60.049009238134644 165.40781775432808 1084.886617028719
84.83125737541026 22.575596818530343 1206.64245548085
293.2724445886385 101.04254981169107 130.80013330816993
169.2133935463175 113.56311154866172 259.8204375465975
67.32631556140211 2.0855944330626004 1497.4862156243673
18.44646809640425 291.21860978007965 784.167001037703
57.651707821917974 44.0704522445094 224.6451183088471
18.285858835579617 31.26901742053727 28.06779759760991
30.72903442407482 29.91811479892376 388.95169927995636
71.98847948273676 128.66581862888034 166.1440641640957
299.44917784545 93.62922176164183 1100.7662478496568
161.47280299347742 16.054477646869433 86.34000954511345
188.63712417576264 347.54957836838787 965.305514818689
364.03955116064833 375.2911609695306 871.6666580117171
247.6126035546712 2.786735625441732 1464.8883001932732
3.0623581561024626 55.381753377846486 382.82408356005124
129.4581757282284 46.320960099122246 1192.7099057899106
82.819164101053 71.50359994777494 494.9903559652505
49.61527909067986 147.52984113624538 983.1683068656054
158.33645073807935 223.99985456220796 200.10894403305497
193.801058117787 512.7761972852602 1155.5141656659168
81.52558727084164 818.326595319379 1223.3449461275497
53.82968735090286 332.51519390402365 523.7469100905498
27.432154084474174 189.92756641475444 948.4036260150909
475.67034249134383 589.1134928399721 928.3660774151102
66.6779818184447 1018.4108895968933 404.50490994073124
197.9270086205311 130.50726083523364 802.1708666548469
339.64162205491976 239.33360082346354 77.43045851056502
265.7513385080369 72.31790297299725 752.7846486559457
43.926719682167196 385.1598976712654 691.9625915276231
467.97962205905475 27.554540437592518 529.3616646100727
356.3767436639792 74.8219910183732 1307.3742224467119
47.18251761891318 202.8413198539495 912.2672829262334
362.41006818201834 265.9239781564246 1260.6233397979656
1034.9360168662472 35.384368111364786 493.3200087432667
56.06377093561123 136.60981711010572 319.0288174571456
77.70189914500047 74.34255518217414 1374.3184991758098
80.35768616527011 161.9529430821787 268.5913362502764
43.06467585759148 34.47351009316129 58.191347357169356
25.55202100680552 36.33386471103666 445.28267827926067
409.5334569044471 200.07348970208207 255.8719920591957
474.95656301814205 129.88211255573316 756.9232494500884
4.659616098615039 172.06068350346092 729.248795313156
230.02097599028755 161.82258607965647 159.8648038611693
147.6128621573083 186.17362948011788 475.0584531155635
107.64816761232836 23.350797989650957 1277.773149199991
35.991395527172656 382.89701896533825 311.71386446128486
13.774208662284884 349.8024030428827 1098.5272870189688
242.18905731006677 40.681793959112525 757.910004477012
284.497690230598 300.246201857705 932.2064036310319
9.806544317567269 306.6185528221084 470.80239611654446
94.96947087155374 36.56888271588495 526.9279328584153
440.3412655873862 446.56893881691235 1167.176121882952
99.07362663057067 170.67279512611805 1071.1838494929211
1.0460322368752857 161.86639635585362 1173.678207636801
426.69854881746323 333.2866967702404 1243.0291113102223
200.24028003299455 277.28132014662333 852.7969141246585
31.20398741104488 140.07524664860577 1428.297062368734
249.3066262473937 40.3274496725067 866.6991808305551
38.01264771217824 121.1375176259184 1359.2625325472957
143.70070225984966 250.21866298163027 744.7893389994624
377.5407909355812 80.94019365258062 586.9872901463265
227.10950003630307 13.899999916376228 5.735157168921312
224.55700660332494 437.43230552913286 317.65329319009726
19.18842394928535 93.75188888248182 197.13202266425023
120.82417537077468 179.39723639986946 161.00547217878835
645.2583632410884 7.595871829141554 64.21418601366469
93.59376878330391 119.98361020584052 574.79571112061
711.5334745895018 146.85774111576598 469.84251938466434
23.555845794326263 577.1629108062593 857.925419083123
249.91061799488426 45.578855302126684 642.3966295668172
180.22766516176478 78.98512137918992 529.9802294729285
198.4458284303697 239.47398155972564 1345.634739245395
47.99207059444443 237.37244501311824 1201.3228817171885
417.7344914332034 101.78411146302284 222.2342997216446
452.3627357914938 381.7262476494675 1329.943454918518
169.55826031734924 394.10619941640675 566.8101314945667
432.108994503953 190.24733459730422 38.117710556299315
126.54415416646042 48.469848546887754 1483.9581578011846
46.21896745176166 30.931260712128932 140.34356288065297
780.2995259989002 106.98780143027842 462.9003042073353
308.0309480478396 231.2460453430638 498.2539901318444
269.52071805742344 148.02677382372593 206.68722008317158
108.08882547753484 319.99270756321476 289.0861713913894
30.20097302988209 300.7077326958813 1308.7000889912201
125.63951716500128 18.686538979176266 1115.2207857932133
7.0845967575597095 97.69197629263049 1120.851745101383
139.2393701379872 106.46600191751105 109.23158265018124
101.87424502934192 22.577561196797884 1415.8820124657664
79.94284809550938 183.28150313895108 37.372306216112925
618.4472565417719 43.71307458347654 1397.5166044327207
26.157258899638848 253.4794614920134 981.1412085791846
288.83158614678985 163.44984590731485 1191.034288001974
281.7172319754732 88.99010007221902 253.66596141966852
125.30719041382564 252.81684505349435 95.67257565898602
438.6800895415855 351.14623581289607 910.6457359382629
159.09552402862315 167.5684285689472 273.20893970940745
162.49917918629004 428.649931243993 1401.8455197093156
441.9711889714978 90.41211155333782 881.1148723970326
114.59595824889863 106.89799554795796 563.0376594965894
117.2058595601267 59.103326533863495 336.8283441220708
74.33378355228425 36.98849119612335 153.81688307361486
442.63913512144626 0.2785994035816422 890.6662955637286
167.97487658589716 27.594386080753956 317.5924640033285
79.12638966121978 202.03769648606215 235.32838990491868
433.56679560533485 410.7539858897367 1030.9992060878342
146.58803984510834 347.5040927960076 1274.4575102293265
20.578869156374598 22.621949727161407 668.3953405077605
119.29097156607618 332.3228050534556 1318.687561961644
71.89728480096737 184.00690386153047 920.7791604552632
4.441327648419969 701.2201695403141 648.4411808209396
168.42174936017122 177.46383210234393 1388.774803523284
389.0537730984232 54.246025967896195 769.4705068388024
359.6367018610881 336.7041401946751 1077.0851222867823
130.7914252390785 28.719993262846867 1310.5733431724182
45.9249880333845 107.69780844387743 1127.3676368998242
356.9441143031565 23.567336049917596 284.9560425903094
268.71789628421345 373.78973726610513 806.6761496937794
9.50673667236453 410.9018942075192 381.84082875130724
480.9930165408526 458.1749813038427 142.852221776977
83.74533541248091 230.0630795611615 1400.848082361004
418.5072149696634 1.7708134953720294 647.356654537095
161.35163261065034 82.72927875891463 1284.2513578150058
57.869617505719305 434.16370877374743 1169.750291391202
45.562788113909754 31.693202573327223 173.07229109263332
222.16296003510485 150.15292058859313 124.38140549395904
403.53155283696117 414.3790647686098 806.3555109228422
66.25821016966883 261.1690608259002 867.7943113589864
170.67818330421315 718.6099928920493 1451.511389271123
2.540300175524485 25.248328861241966 290.83360905096504
9.23050263242918 382.44382968359906 1380.0739495531673
186.12723359452454 281.1604635834424 1495.915584954534
30.033760151738626 83.1947681976256 291.0146737989102
210.38495195996808 348.07385114235876 287.48957854643436
55.56920395537834 97.73285076540654 1124.639186833533
125.04237529059105 23.631809930982474 361.15293381994985
6.361137719465069 32.21252107586242 1348.6038595933007
112.76778912885399 35.23185486331645 265.3161779487827
303.9897885856975 201.21077165308452 1438.1132377415236
356.9330061654903 546.3546802979148 283.8256737823804
38.944906007843066 306.6792591858768 743.2426681693574
292.84727931335806 89.8251864043906 819.3138700186911
126.18208055036683 511.3989267144485 1285.348183847211
35.12954285383699 345.19743990332927 23.83133570230117
11.980276487328592 307.05428121180256 1323.6374828732125
423.50136907805876 147.68943395747175 1250.9038792202746
45.71700961497291 254.50294558259284 549.2010654644988
190.4430291346953 375.7380754855113 180.50217372882005
60.286673053836914 69.64155918322909 1011.7113069529962
224.49125394481507 100.40917591187852 1277.7275261137536
97.15404711640751 462.58753244838493 20.050406243495466
372.063229476838 10.319962365478764 1218.987182933763
121.67118827903562 11.358987759992587 1186.231844257723
68.66917730701839 280.47110706827294 156.42107300019526
144.07272901379227 24.10983341420043 920.259608879132
157.94094151897207 21.922564271581614 586.8702308971256
166.9488771718288 36.216554151860606 280.98991789820127
155.6364995324435 172.56351364775654 1297.6072850083171
52.681158523401386 195.52630151371633 518.3843924655597
140.92919941385586 430.0958651095634 990.6054837660682
354.1720057103809 281.31930069650457 341.4942563228053
41.63726748278472 45.48077967363015 271.0470182456069
152.16203994102318 40.75942756835013 1120.6848700880491
95.40982439662446 23.558163388888204 194.02481552844043
157.37016508302034 191.0309932170526 1306.57721529588
430.1369297217973 157.97639743351465 278.18952472961354
164.56958008098314 106.48374867545 774.7111142549788
630.1272545644043 89.22230961505329 1308.7920154959354
356.17246849279246 308.1639111390762 160.83565541653172
15.787036212845221 47.74183359836478 1325.2662278206028
69.36782141867859 34.971058463664015 1196.0428158588065
162.72470806047286 54.85260447386773 1019.0156570192362
610.9901650720584 378.72126272895287 976.7713172296557
63.53777567817244 109.68969884685637 1096.2881696574086
73.8244060099842 226.86601082485458 978.5472181211534
55.57389477824606 588.2299845551535 1255.6853893878426
209.20486370509872 7.5217284764103 301.82265384795926
344.8301732048385 140.8677929652625 1122.2813061145055
20.05157215187005 241.59875522754382 825.2528048832606
234.99663471281912 102.68323513605438 819.9900245044824
105.85055395920209 42.209981610467686 679.3343041097675
478.5249340337991 163.04468636564343 289.8191813766536
25.613056927424978 78.54963516198654 612.9286459248049
251.7887831809064 70.22879378532954 258.3582882814812
469.9360877759242 535.7758000676638 530.3435305164838
63.93364054205254 108.8397378908767 1444.4226312828553
498.58192665096357 65.24270030193847 521.5594208720771
89.50580426346588 511.6877354558707 741.5201112009269
347.7260786473109 20.530081608104638 1376.970101186223
98.69117583400123 51.081842113754675 541.4395571707788
233.1428050815079 35.26050464800562 1338.4090220687826
40.137694768783106 213.57339964076672 71.0467334840083
25.24670444797023 87.56216497480571 1279.96080137676
207.9459331932175 227.8581497533222 758.4178895283036
253.87777144098038 77.06321690849612 436.9662277922045
368.5803802568679 1.884224974067865 838.124727121631
135.42356597435085 159.57661711492733 1422.1288670349877
241.2993514663505 313.94874530389893 1202.130543480923
108.47113548672644 897.9650789479447 837.3944864955779
774.6748396039015 12.266664796534164 1415.1636274082098
126.57934677501508 150.15664540224168 1355.8338449319497
99.62980494090492 326.3388338673085 787.276975832559
397.66489344937503 400.8980239290962 47.98325775137907
170.7684362111812 1157.6466474127074 54.98161909787957
14.97000099691058 263.6552441160864 1441.3138466609464
77.37358923242867 498.68152850754433 350.27630120927205
111.5393636671387 721.2557710149829 96.6577122950969
82.53739352012735 135.30261645281067 409.8881196032345
43.080797244547334 357.35527925444416 76.1822670121658
11.372852857386968 260.77520197320916 509.0911071227461
140.87104372601257 551.0461730005264 338.20706428995555
89.35311875674327 61.67293492116318 165.03615668706183
279.5630173601438 167.25737066088712 194.9494784555389
336.55363919088535 128.6220640927188 226.2260656292892
534.0367680177628 539.3198532787524 114.50191932686116
394.5655170545693 214.17271228824256 1446.7753331050349
209.18645458020927 634.8621640177112 192.91731622270947
280.73676940493294 129.769642798179 1207.5979270715989
451.3320331674581 204.0311172531049 149.94304714946514
75.83910223435556 185.62758986548835 715.5924726133078
54.15852492805821 46.60942610116169 1388.2207815801842
21.70052860626999 91.56687343336391 1469.2962474740852
30.595918116012992 282.258029669006 836.8407531762643
239.3280784402527 61.45515270924913 238.0220003761761
47.16968040887167 183.85367803435165 784.2071051799936
199.86238518665357 145.80962123988553 599.5889507508651
121.6411843492517 1095.1919453131495 404.74600554526774
142.8982504918846 480.0741948449425 1421.8046042490173
878.7973796468596 400.56864277219296 487.4464247513769
74.0142602663863 137.43071737202027 1117.9552878777877
184.02179430501704 118.66551207242443 1461.1515408812998
248.00985566041822 296.3474235014089 37.72551192259066
105.99565697980957 135.5048258632439 236.61189245891524
100.25393373529397 632.1270109807247 1072.5012516661325
195.926997832652 161.50982204183222 305.98170422542444
347.9265488106952 434.1217108976928 1157.798770996963
151.1332030631235 24.530322512642243 142.55234408964833
284.2696553594531 282.0373065677271 1282.655233656776
129.85375272155554 319.40723263554725 496.3914032883815
396.4916095324023 193.39312883706813 331.2773512300511
34.50154921474287 56.45264930814127 277.0175004105755
404.96640612365115 118.42975159462978 1273.7588945659109
16.3923033355442 8.692569439092733 1376.5484992770566
75.81669251569176 190.86199464418692 1001.2301811258557
17.09771183177357 111.51425652787626 1424.0365249623724
98.22255742702016 182.8965575088487 1211.9882645091236
139.79114962918442 89.76137155483043 1081.1611097409125
97.70016287438752 182.1360420465531 588.9016976533453
83.13867252904089 606.0020805521176 18.253647397754314
472.1889998498325 155.4674889785549 689.0727108121882
154.07414367680877 146.58224948414474 310.18804123121976
155.15787609007097 285.66112285028333 1224.8521492387247
811.9313064784135 23.99642606873317 197.3823690645455
489.47356596702764 387.5507450400189 1094.0658069594851
290.69134596841513 114.07713563499624 663.5444532707778
63.50203510076281 53.16282232544624 168.65622544838905
502.27153725908084 107.28354822065829 1250.4089709995885
385.4499643285378 372.0498728491569 1119.1722161034315
502.4950337366308 139.81865227394806 694.1013447321045
91.33951223283175 144.87683409883115 161.71005441344317
94.96561755443113 60.11502612077232 644.792785050637
67.66137419509303 25.81893392073545 63.63924380631225
248.04286396089404 63.469378078689246 599.5805235508498
265.6014599998604 187.0858047585102 123.45922808027399
338.6050017495344 451.4636275372279 620.841478790454
45.58605560153209 233.96913188095155 283.6045548531512
18.727759948385867 196.7284196626428 204.5506431452758
1026.130344988249 35.34022892174378 870.2899137803784
56.57024541586817 90.50457665014646 646.9500244740711
35.56266092496983 87.2865824652507 386.3919604036048
242.17509315386317 7.043857269159876 791.3678062734068
51.694590415085464 27.870409345108744 568.2533942555264
98.47907202062459 0.40283133964861084 500.18914773888065
76.80073595515087 9.112632769570673 120.3043849932276
105.0932179172674 45.043669154555715 1208.6794240350655
72.7295489504787 71.0603411893374 682.6896365292966
49.03999847438233 4.344765317666001 1195.382670500179
251.38576181867012 362.53129811296697 589.301880207691
63.53433841247962 74.5731350836585 365.9162522596104
327.8920360233766 68.81183379949924 1283.726263261291
52.39787887522892 427.35082119292554 1034.7624114277999
175.3701381478841 264.7875478806596 341.03254427044175
533.4884822200398 362.206341675643 712.6943620929301
8.638666586918337 110.58320894395068 192.50441381834827
433.54789047099933 209.4759374263262 1178.9876761021462
81.65984748995795 162.65198865683192 289.1215028035828
362.64714537345964 329.72154211685427 748.0852451158222
27.106935564447017 70.2042535593957 1166.8274107142608
287.4567117356174 122.0291972362812 417.80398724637166
12.369761928549394 36.24192609255488 895.4595569580662
32.52624673722185 337.76088161540986 1129.4392960211446
77.61661493615634 68.24332627574718 202.8730458306611
33.658319293985876 65.92445488720361 325.51796438050144
719.7500423433339 6.9665715610217935 457.28791739620414
373.47807906616765 21.76096050556409 1378.1313368787391
21.295856091037095 12.510781062389437 698.4872147078488
75.36484485585385 167.46198462521176 694.6711279895728
81.56211105971607 26.158663714556585 27.25433821156581
480.77675471600384 80.95355504562917 1123.9931065559858
235.78288335957507 501.4186473258882 288.92030066009477
17.85002138431961 103.27463793883285 147.8435351824967
183.7933483248531 32.04899956867319 1269.3000728415361
52.86354573731701 442.57549336100635 103.38597600507593
50.88115800542114 86.76429634438126 1078.7739506138907
109.50971009630652 262.56860391714054 1408.4408313997003
119.37416022099583 1.9733279172663845 65.95459173502178
832.9775220356595 303.7068957710917 441.06144853669286
144.9877920080056 1186.1532825808772 1320.395840535069
118.30472809082625 1.9062956047973028 557.9954243788148
300.2286003668461 29.420371207868616 681.2324426986037
54.51602935098332 52.16552660851777 141.12998254282942
144.5497888362267 274.4972464238343 1049.9227991015307
122.88817586093779 118.49336572587019 208.20794382001483
886.3394973845104 281.2452729350334 512.4589517770087
97.12547229140374 777.6437679866135 1178.409779873403
91.57741442195416 47.31816781347968 92.64621961980023
138.53769316641794 56.33876871770405 106.99480304742792
15.774498820165583 60.09408312752517 1107.252831215713
74.9043596870796 354.6436670811443 282.8830685888582
208.71238357286393 14.171608361404484 1103.0903515373009
60.21271503661823 50.9990197964722 737.0066726698939
135.75073711972868 88.97075134793222 1120.3900117047472
64.22772383489735 794.5183832003524 598.8940980306331
602.707118189961 94.47508085785655 651.317296061948
244.64805252166332 135.72097051468577 502.59678355995146
903.9491895845822 98.7267071234119 1468.7738319898733
652.5952273266579 99.80800565070726 527.2254279271721
293.0629049577697 12.863436748653692 496.0530045174112
106.08043549411019 23.723896748059218 829.1975460545932
142.7437221738791 47.12110654817868 438.67182802002213
77.15302858677937 21.43773185807426 262.8553880739652
56.2295068614816 54.07794260920093 1214.6054605900479
427.28667125138236 42.64154171034516 835.0273860825845
88.8083549408608 105.79961491622308 369.5741777402901
491.76850167328735 22.878283277241167 419.06197294349414
77.74784217796703 160.59986431676435 1322.861727772616
763.2724414739163 44.329718068210944 21.563307778266484
59.304160815927496 70.20049555683853 1151.6491858415527
76.34668369356147 85.0633365974527 877.4083776318454
475.94451841835735 91.20521011261948 187.0510043936075
316.0210044288139 131.76174759986802 1081.9482276321078
411.67636378213206 203.30905476260273 1238.4119062099032
80.10487803200843 328.2355743927274 116.27259104714
911.3250458664453 157.34891697698112 1452.666753706174
23.149931873044117 98.01271610228362 400.31517194566516
24.37393663536624 154.03279176645256 874.4456583615079
170.5028526919076 260.5762948190616 1099.712465231681
291.3180978303528 486.9260764410793 517.4527976924585
477.4257618283138 175.21233231427163 698.2530306542624
235.3171948448938 308.00425584170995 1439.9621989080729
218.93742249460195 80.10550396278468 1413.8274023258336
572.3844096609514 313.3518151587685 730.8345741962886
283.6158798139461 45.80259333232735 1163.7781394581652
255.51312417020137 11.29433012299713 1194.8126238576463
76.70748292645185 432.2150368925616 1126.6492313039644
153.44998423993553 331.5664026161276 180.26387402094423
96.8654950355384 335.3477758145772 806.1283660016569
154.62665776531708 34.65136081557515 757.8499847974136
120.81313250784471 443.99234735203316 355.65236934258877
56.75523684489945 64.40099476044196 1482.8926003215824
481.48806428343136 41.35869215039033 1284.9557060163197
41.48771427484664 15.695261467101455 1254.4736726790327
178.85222517162177 78.08584875245886 1102.4832957568976
355.593389436246 278.4136785545599 1437.1815201894658
559.0470633636378 42.82926200429265 366.61424025077184
256.2599464416463 310.7030358349572 1056.0109911542256
153.28488583661982 5.5627253984969265 1338.5660579033247
92.37429340039924 4.859725482457607 626.1896805277718
10.082814541041321 314.08662021335334 74.07534603771715
295.82701047305875 10.073581674589121 769.9420505296649
223.714435823782 167.08153534881563 1024.7748383765277
20.065417465133258 73.63128363350681 760.2425735404225
291.14282915476014 75.14398491855927 932.301430738855
61.20142517776901 213.57155289391306 516.9949877838702
4.891364513916744 10.305359295992297 939.6635721778422
163.3691807677082 483.71084368263035 1303.046484167277
51.5698100043822 398.4758524309825 1121.0330778613477
241.86685049321923 295.3898110583431 0.0240302766160716
314.34074801118953 1055.6043039168624 1354.0836658569162
11.082251117382697 157.89536370322546 1265.6683618253612
69.86783604205083 55.1978688856093 486.7553239480924
33.97230309115953 299.2445067938969 1237.724193278719
165.22057520555552 646.2797757456188 371.36527138700535
53.96041588295417 53.21490970435926 883.1945792423346
350.6921149903343 120.86896712012145 1137.9019575865154
263.6426487803385 81.09215449530795 269.4437894997224
24.342137331916867 30.324992235141952 367.4944656477887
269.02520217420715 191.4422373938283 118.51981358984875
164.83054879182782 88.91011411013208 49.26617490506291
47.80211679673282 142.63848671420024 1281.7716755796243
570.3354809560153 67.32160971882038 179.33149660172097
53.35690554515025 72.80781498390789 1090.0094554206287
66.06318700621856 408.2140346041942 737.4972423881067
326.06727338044925 196.3306088791011 1406.804355473677
188.4477279241799 223.16759116872262 489.8404098910479
22.628139478764517 96.11399670745985 343.38054446058646
21.403925590481805 64.59825067238548 263.394473814817
165.3731082213092 179.75118507622005 1350.7966259425777
274.84681494924695 76.55273143012505 71.78359829003855
55.99177778348023 5.031689257448729 173.496630144567
221.05178592543712 155.48312557984661 65.99031970000746
523.8385254833731 337.2775890966453 1176.1433396198854
32.453698523229065 55.40192260892752 967.9746139851139
1.2122693111368845 36.27109000795858 419.8977191450471
208.72482364520212 3.9665958738325062 1449.807633162288
255.17165806897899 246.97624515829943 384.56082624760586
50.355527146621505 433.15703543862014 1139.6390029872146
240.5685974380029 177.30775832870492 10.691800807911712
274.90007118336297 14.079970594743621 202.4189073745382
710.0442151553133 52.22635743696969 1230.6070844749634
27.213061926633664 200.14549313496488 1318.9217361556205
185.2952301576508 65.69012149617035 738.0891039140275
87.60580140224144 87.57989176427739 805.1659387209105
167.20338851089627 357.2945961016488 443.04482387021585
59.982374668717966 3.8048736466277426 438.7750738725546
348.13801482357195 11.696019819888534 809.745444079249
273.8559417895341 117.61547793903169 1194.9718712626843
391.50007527032636 9.13525754989032 848.0189823311616
52.76663956835355 160.8604342966297 202.2954732604495
288.87884345092687 42.976978715126876 821.730630268783
115.28395325784848 74.30534931110367 1124.9443566791972
239.5305073850309 58.32778703333802 144.767568865025
211.87797695073834 7.068122056018288 1080.3449087621425
69.33632834774751 330.982655101064 127.41903577192704
38.807327223444844 342.15082346719083 522.5180063756443
9.317347328972808 366.446453336459 328.07119278551136
359.42445617400546 35.09383934426312 528.9212355436973
95.9116764929116 391.1254448301459 483.1721234156477
44.5523036284841 188.45846147951627 1230.1893791252924
502.64126544371123 41.51919892023026 388.56021863660425
38.99859955375896 340.8268238892947 620.9996800961954
333.5336365729009 159.1695419540528 896.6031300832233
10.308965257560452 11.61065447540199 687.4531282887194
173.6126048395833 55.3199805197248 657.1911105391548
27.39087183198538 991.1637937093142 677.5830057739639
343.4849607865519 183.32901742849185 106.08335021959292
23.684586357542603 169.29586477180396 1224.7101494216208
212.7999283170596 258.89152066552634 487.54008627651064
270.64176673809146 226.65205874131775 1350.0428530659008
433.75456169513126 563.2725854970062 1231.3244182595013
227.96768282019295 54.184116368580746 1150.2535906267394
25.05402279851164 162.56532218082873 727.6211679877057
10.814192905313732 88.44672757925804 932.8083362532645
516.4778689055856 256.69239924083126 736.5336503007829
191.10392580788235 119.57675304800411 1485.0018717207422
44.7302474068808 285.30556310478477 71.82156990521405
48.48148158509084 168.15883620687796 263.02756105515044
47.18353407511628 16.516004214493286 772.6152229268346
172.3452908493686 32.11111607396426 920.9513859165743
190.51198787366235 257.39696758659545 1150.8285603242011
22.946731127338154 175.0207925126776 257.145047677015
71.68528092739683 1007.7512099251344 19.592045035391802
662.9586975599955 20.788011089483877 926.3859443589316
225.17548119451837 79.83964187779796 1156.1215345718647
555.1122070747626 38.374381047139245 437.18339645980757
362.4866833258324 19.36917194955113 774.2927526069603
87.55467759450228 69.23688309942747 647.2290404487018
139.22690479098964 219.26285963917115 1208.5280464983753
87.92492184755272 634.203336587249 988.8934619122653
69.121259700829 65.08895219363687 1422.098268709375
240.787788936881 37.35791098877289 813.1112110060194
155.74802520383795 175.58873369346776 1118.1935916311138
235.34458201296752 62.375077681047486 266.1106966475645
358.8810070556668 473.7813048755173 1066.1980632270775
54.01807757135707 53.42536245112521 1074.5085904516004
78.55780468397533 89.14849685713061 1325.8661408855537
95.21158577170085 96.4419509330041 54.73381441439401
270.59255996597733 265.5882719230327 1043.0970600731275
569.2534531727291 116.92288765263771 1422.5223988691935
258.3171230182581 323.38254706613696 350.36371242453805
106.49715155058645 219.2327570940008 557.1336817684564
199.32844478707383 369.4109558018245 74.61228427242489
184.57543371871535 181.20387532916828 354.7228048519038
122.85699537814531 267.0358911739972 1496.0622170582917
69.9260955179044 137.04694049524494 888.7015446785082
38.78098858279433 335.3361145068269 599.5893058919195
131.5153104201902 66.41509239245819 379.18233393024445
580.4278181300815 0.3082970990214176 1241.7146306340255
758.8713403255105 240.48975029496106 859.0654524908164
47.21767132198144 78.7411086009307 197.17697410945036
51.366316141950996 28.305726997946557 747.1086574278945
76.53591102528858 29.67795950369346 1027.6151127006349
30.278633576425346 251.121019637163 908.9610482181099
616.3328935300651 28.86878516313425 580.0224040965995
31.937826244483595 78.55804726107478 980.8998734480293
22.395179253249054 26.916697792421417 1021.0108353292457
190.7177590451194 129.0461888433827 585.5842648924049
37.09556416547516 95.79339298447978 485.87827185043506
438.5076608006855 164.1909769182406 1316.4541385882912
153.99739420265215 27.922894689534893 225.90191826276308
32.999333337488785 128.64673596693848 175.16881076664754
142.4459002026599 29.802896900923226 1086.8876231225718
124.88816660793407 240.65413589508128 862.9244347670649
51.76599120717803 10.924799774457261 908.5808779484069
293.1267075648749 34.11274465344356 1266.0140127990323
443.7761457564891 213.08468239894486 526.6110967310174
128.9905206897267 3.475434682747932 308.0239172961017
131.7467579266149 98.43151239155132 319.8480158805943
224.15642879558675 474.6113583878029 642.4951954510661
147.51231915245523 96.20761208864701 1477.2569899217053
157.74431488869405 121.14969710176746 891.8364280282775
19.504779139575408 495.60052351481596 637.9170820851449
410.2319747860787 115.78202495082905 1474.0033047489053
90.48433457128506 62.9822728590708 686.7434612113823
606.5575868654302 283.2936295576533 1187.3910135915992
109.5746866853939 145.55737006314664 68.88690352142079
169.23195649108072 101.5950472701646 973.2031646232547
163.1955026503253 247.9006807983568 970.6335968186944
