2000
11.741735544681044 62.174159816014594 286.291002397989
437.82108395237424 207.61397106607245 608.883912223636
65.93061074639326 248.54428698590408 1167.776811834383
41.950311364155766 30.69331889744834 1214.7208945129576
74.38861572211992 193.4430592940797 573.7651380959379
259.58494514151107 116.65046151399775 323.14984384777506
23.628939582829577 530.9746287064067 1329.6034968405745
27.26828380427198 164.7134689292131 1258.8512376799338
325.06554362771664 40.561800505530705 54.433622488349656
345.9974365147869 114.49739884108467 994.654438822916
34.03004541480246 7.131611923138495 218.32224699035402
26.538230329794654 107.39248369599859 746.4541822794491
187.92496954506223 474.2926890048092 576.333761589968
410.13983125692715 129.1584092598452 1281.1556624283974
240.2556056608283 122.2669556866253 913.9223901509434
147.18001207651866 202.0339759350809 458.66435070984824
88.3634827090249 237.76033086066764 431.77606741473386
110.38270853197787 213.26739861143759 555.1186529416701
331.47917970677463 157.40122597184757 509.2671488196337
28.421110884679855 44.88791001082291 1058.576236541541
153.58039712013803 56.87091198390789 24.17805231490433
444.75574915769715 150.16933512766363 467.64103843947265
245.44679268421055 328.7391519839912 1496.6492681620743
125.71244296019259 11.312211247606214 629.2662126326497
398.90778007870654 31.334667515380684 518.364774472202
160.14378323598365 409.9486674271674 645.4910743702677
577.9355359268885 207.98446843404662 705.1976082466662
105.89147380667929 5.011004629466628 337.0428251463358
221.3931369808328 144.66563950907826 510.61989552228704
112.58412700825839 399.7449501343203 1226.4335790285947
178.47316609103606 110.64106124251887 136.23399617693354
83.9906764175276 57.18008984785562 808.5256280219907
96.33724665414611 24.117732761142285 786.9183302936948
158.58208003911167 69.79525538021065 978.0910023760366
151.8914162226143 191.80332121452753 768.8049985401782
153.6254851938705 34.27373270049899 1270.152562118784
27.831515686766323 1014.7053841356277 644.5966014193414
44.35144223690583 266.07093903027607 1198.072171316325
36.142670655533564 15.76947889761689 486.2606939488986
610.7928440982745 133.15755794384296 1094.668025520923
139.04316111037758 14.578662841362197 1365.1503180189018
156.38039821874773 162.7761915834336 537.2267554098569
390.64942007920354 159.18472025856326 512.4194496734168
136.3302502702629 68.14077017283408 763.2486825827706
1.5293814194603854 454.8355519043993 511.0901919767048
588.2001039193111 94.97840752738746 1087.060832914006
295.83826829066055 159.87852636933374 418.9182210329175
48.91900667268168 25.73464182393942 1232.4913700264228
12.807320909628858 14.072143931811828 910.8103390684198
186.82692352449325 168.83707344607296 1271.6957495510942
268.83900675609823 24.320864304445745 395.38776536628126
358.99200737122493 174.52703798885224 1353.3678948336474
341.77480988217764 227.73260907956416 433.4861413809362
1.697501414825554 96.5749385607984 719.4423336634351
168.60191259119046 556.4816944367957 1069.1077547867728
22.15727506813725 417.4731383697222 1145.8247510008844
189.70705426156044 58.86317064447281 1029.1492488019232
10.32091768296035 4.212716752708754 923.3439401724839
129.84063853153552 162.3138200906322 1262.0508594127105
357.11380693001206 318.94286124702865 1071.7196192635993
339.86661695535776 227.6796548196073 297.32041843236476
23.64054664652749 11.165580582950087 509.08378270532506
362.91380603924426 181.4270548543028 1261.9740161906843
220.11495174476897 0.891278471066753 829.9719057847141
269.71487720286046 222.1234074526088 249.75437892036612
80.5656587479072 167.60487104449692 895.0807473823687
105.2146008554089 158.0727505066483 276.032613521266
57.62390914785151 35.587701646862556 1091.9969283069524
918.9562390627841 152.91512700129516 1210.9252250529848
62.42763545785862 330.13212330122 82.16825013162438
30.557070353041194 73.51021078437678 1459.3031348965606
183.257896940119 248.47684837041362 731.7982125913907
285.17105472562406 139.36213960780344 460.9965365395559
215.37178510076228 161.43401175519938 285.871214374621
75.58107257015621 23.696023468090154 906.4989456113739
20.81876796351917 401.9013333715967 1475.001731097698
53.21512636331174 577.6296855812382 834.7685294734491
417.31327344541035 55.21362136453016 767.2365220494623
171.24132926109007 183.02221339906978 184.25755281219102
20.427491026978938 306.79636606205787 909.3731768435567
47.501905524168016 173.0625324212901 180.3438834633228
213.86998843595913 268.07185967450806 510.156593014712
94.77590342834027 213.98128847458966 211.29256945639528
14.401481886680461 22.581550484385527 4.1785995901897905
7.979647825672799 248.88726664394704 489.69641922683104
8.607609414224527 5.4247689425198224 660.8892172989252
87.26430498004815 133.15406002872132 51.60908650526952
13.046192023100838 104.18250462429441 708.7238613907738
158.8634631370249 75.65671827289783 392.06768727238585
9.825959584146203 250.3294444729371 103.07591282886197
31.08103586871272 26.70602967524742 1461.5803725852145
9.323340833812434 429.1911157100826 1397.9296276744665
147.61613531042366 75.16913972442268 1028.9041463455162
109.04739943876436 61.28331046499478 1006.39433139558
18.371336642410988 188.3959238326533 359.7719280667464
285.54847883427203 11.562843076166812 66.44542075125564
254.36320976608604 21.567802065904534 983.0586918808607
48.115472222816955 64.84020740594086 1403.5655820496927
255.25450042421562 46.71827236483176 23.620658117184778
199.46577052100315 106.56612955665435 740.4828896068111
131.1841398959467 182.3858913655061 1370.7505937560811
154.77174195444124 192.30947798858932 401.2784786821681
128.4258980984554 406.2478824052072 70.16653352362712
26.181624020802996 4.573513838483919 533.3631371056284
291.3659297782447 20.27949846424893 638.1969858530291
288.5691251910561 197.55307710658593 634.6713616001036
81.05553399390628 22.27536110537905 1178.326387672681
409.1224708881609 7.976437995914322 891.4383049999965
396.34545069118514 42.08404083727213 711.4675294248071
136.5105030413863 423.4374349025313 1422.5055926907396
98.58751544209062 81.33093487025937 1461.988935712001
187.79969384880127 153.63814189236317 806.1379854860415
44.909136726160526 127.56945907761812 922.1112323422893
44.800168923812684 21.354423503657777 830.8852689042842
614.1596795628321 287.6587651517423 296.01419817595246
147.84521002648853 26.926337278547376 812.2964305475834
131.69151525128922 258.96939463259514 171.06276973778867
138.4392357561899 122.26136167303055 1237.4134486548733
149.24236529557245 224.84752559171284 1346.626398022861
161.08180755987692 116.16858025030186 64.01416950332079
227.50982546010016 167.00018668665936 1011.6185216355383
1.049074564755848 120.32158399199476 1232.4021444949096
73.9400768228976 34.8431942991928 110.05005919662231
153.31344167291982 99.92879320612118 1202.8977150840235
858.4611749174264 191.3021787365589 1036.1900994328173
712.188883407661 30.288934042270053 899.8231851234593
809.2981067785703 277.361163223873 242.35149504100028
27.485256690488992 49.414498235360114 1042.868404128978
234.98146765473643 86.95375462163139 531.7079401549003
9.231220745396426 43.0580858660649 590.4617382161443
56.554061574980196 243.03270950875805 22.1169428020076
250.08509860228804 337.53988677125693 226.51077912806332
113.64883898399567 144.02760684571498 1254.8408129994305
239.79572589204307 113.58527924225076 1362.7911498914218
26.46129686556359 287.93047772917754 1178.3801790825908
268.7934087820142 157.75789543791157 1094.6593841952536
376.349110262071 67.30184828329769 1389.3761990373962
299.598240321024 298.86221631726283 1458.6508262532186
98.74224405091273 113.5626006973304 924.2604100732349
294.2320060791564 30.022335364377177 338.74924507816877
278.0971391775525 66.71920708611555 664.5968163362961
255.06047404689173 43.12316464157173 118.43109726824325
192.70669253605047 71.86705875212137 1092.4340327439595
87.8690844890819 25.043311926102685 607.1837203181575
611.5182143148662 191.03060928826736 461.4586699985309
11.442519383353176 42.562003432539704 763.2799691581863
708.0053824238798 101.29733552836404 1460.4584647942675
81.873910751683 554.1745867753026 20.72820795128216
74.68021365036996 709.60565306661 330.04144255766704
136.68246565009176 349.9625831264976 679.5688947744337
377.06225457373677 139.6599173712017 1045.715315693119
255.84105344987472 673.0671235894333 725.929304744213
170.78801098807438 63.58083166282699 837.8261011934142
182.2327741439903 90.67029559352045 617.0325071481701
14.400967344041469 134.7688829189681 36.372602587098626
132.59164294926146 245.75054437012395 62.89850063041575
8.779519051790967 484.1274692551931 556.9690305128748
203.53756199740926 80.3867458575194 153.07132036866
89.85107958755502 224.40987357802263 1490.427695500768
530.5122674106007 237.06588688471132 703.2524851499213
31.76660386787635 115.50362533265499 14.270066947289106
116.20673688117924 110.08196281509855 337.1230515080487
244.22014227719254 68.47519308185758 822.8479359509381
364.3085946543861 343.66878798345294 331.53765357534667
24.24899408631361 156.6106710278038 114.17496471692978
35.19592405385492 180.7914466758449 678.9740187921352
77.84872066348439 12.296905423302801 644.0553415657764
119.71235829406378 683.9149088812002 1204.9690906501633
266.7111326038616 465.8345162593876 622.0800349433187
133.04168625913624 129.7367111363171 449.31654170988065
115.28958296123126 244.53970717718087 1328.6983645246253
61.08467202903021 90.59175848726986 185.39572350410066
152.22011570199788 137.13946075755123 999.5578989587574
731.9190932910054 37.75533734322397 651.3012260418957
328.2234883516923 3.9006074074793675 913.0181390677122
215.74249207144965 232.7013381648595 301.8438983068217
220.2057908884552 50.434582070978884 668.6042615668622
238.26397356130516 11.31892774629197 557.3773853236653
17.612172447125907 259.09149773879045 207.2043447399786
292.88536351330293 223.4172921907279 1293.5896484747948
251.22152863567155 12.344573971465 32.313726105184735
9.3521172054162 73.95240598327102 526.7329900844213
12.674311005024098 170.9709305570003 1278.3209703528873
177.87510975378714 32.75514901096275 1250.8660485922007
85.23602142436263 6.186214895935693 1139.6763736728603
22.17833607316818 110.10923272749741 506.52615666410065
217.71127044930344 53.04849422109933 1229.8569648402256
86.96716242146185 278.97112661092143 462.5362262020883
53.04365497377353 146.8673009919833 1089.6633481968645
42.37578616375903 17.479695857224062 181.22408400261293
72.88805322469311 75.50082061548183 1034.4932236730713
38.63601371812691 215.4555090950038 1413.676196138758
298.85416708942245 152.84722506863955 1320.146150449087
79.28808138224791 842.1460969301386 856.7162690516129
190.18477867471057 165.1909239096085 153.22259563505446
428.4870706243609 206.46779093742987 274.8543309563456
583.6497334025327 129.52119913057695 1239.2730023765932
86.95108165039626 3.6249058698374954 1443.1301136073255
222.76942590779063 99.46294306699035 1363.6507459606635
61.367511363031554 175.84177941921052 913.5182299167809
49.685571822340115 158.74750007281352 36.1375062890304
252.8926805582638 140.0524073806831 7.012039754338229
269.14927973427456 79.6526636353787 1129.4483254483516
0.3483581183890592 71.34614228883017 1052.7050238721943
372.59514838405113 237.39056784906953 514.8164437483447
327.68106257861535 537.7771008247026 858.2644220715006
224.33330062758955 93.41581012016037 616.929246068394
5.036250354978998 536.99807757136 182.2446160935246
151.89376266564022 180.0429788026072 209.59943009045483
62.47823234767927 46.33393282356064 1235.0880254691035
137.07132857672872 42.173916969411565 1108.9237904090937
336.56053526834233 49.93602106218702 527.6997176588345
35.957326559173815 325.2955872869653 1247.8661092390855
86.83250074468245 31.75128919054065 691.8411493704185
221.85124157545152 1047.2116149315414 915.2353978459552
63.2731255833786 29.747874002740037 524.8417621834175
29.93174535372722 151.40715664071917 1103.002560762895
467.93012507298846 141.47964716551684 810.4154075671033
82.75455015130544 223.27051130298236 239.79132083269005
53.661876019239095 803.1955541164854 1204.9512823838172
26.71960830879858 557.8838386489723 1457.1547728501134
285.69035438334544 445.3226114038573 1466.4030832592557
20.10142374509892 352.64851710880663 208.4542235328047
66.87475419325774 438.39422056591155 1050.717926802904
19.508340425379004 70.23944005775128 672.8437557141656
1.1509697906628025 228.00642462770531 60.982477393368924
119.53397816439826 76.3087755129255 259.65681514871557
68.53071984176384 79.83989877383951 549.9956341735237
29.751871531828638 153.33833925104696 209.99751446295085
46.81779610510483 163.56860040631153 1457.0025302551724
2.454216701528725 47.16585827222083 219.68926795456795
271.9006605251407 131.95710887235256 713.7717762954155
212.80036315202727 69.0975840173724 1201.3132166420503
58.70566984027181 143.91641020822846 16.249722047731506
375.64178353400536 96.97000216107348 1117.1772030123918
397.6285033665839 216.40919729372885 1202.4891830838565
1027.624842806136 722.3047602272028 1355.7762744442289
7.643282158715964 100.47947507358965 1339.10038951096
334.4566673463616 43.81682747322433 658.385921211997
156.3842238736163 208.88417578768585 837.9261694203101
275.8091532892712 88.65710158586336 343.0861860491475
35.93228615011502 6.458726863679155 109.33164171082844
156.22851470131093 161.18464719290805 1003.2679371883154
44.72179669933421 73.83521325530027 1337.4852933400641
25.01420588087178 174.50149635355922 1183.6336308967261
198.82106104182478 46.50122941380419 244.72761600877297
44.51689662442615 372.3023004535813 821.4056012272727
54.62608121175698 271.73408646728393 332.74711469667204
411.45313169570085 110.63777518137317 133.8596484211043
144.11704668339485 15.17863803952835 807.9019542652056
23.417881208658994 195.8665155338406 512.5567159853134
32.39612510609897 51.350315453773874 1456.6611225086813
59.54901405336099 694.2545847109199 266.5871401741146
380.44515074161774 213.32670461692294 766.0475546584926
16.442227796996526 98.89304189661587 856.7679918726565
129.81074523302044 64.36948390918326 801.3544019196281
134.48995603395315 204.7295035427701 817.9975825166152
25.37909819209504 631.7186155504988 1182.284745185455
3.6962302560209217 7.276175650812984 601.4009853398106
170.08503991163778 266.0617464976707 648.6000994988536
283.8255478988594 157.87949027098094 172.07963640179335
18.867445002477517 78.3833106263894 697.105675643054
135.13909880261582 305.4159505172378 627.2302848577899
91.86732348673692 56.597560180791284 247.89197821650987
15.637313681386452 13.947960086189099 1483.5535140187549
91.77184595130838 184.83350411569253 990.6274891121419
383.045743509418 135.30416161793505 772.7198689701823
274.47119046400167 482.17167626763785 934.3481295485432
276.770787712461 51.90740820929488 1110.0123916115308
183.20729297736216 145.78415530349787 1226.950279638619
97.91085498259447 196.65549137960693 277.30855797865865
32.4761841678852 295.60086086339953 80.14478810554981
99.55174441036112 256.5108412684001 619.6467700011638
36.07620896662434 43.01266165047583 134.71695845093785
74.47485182756861 120.81540426931451 902.7831795808689
558.2355109050342 192.2089058630673 448.46781032812606
59.11138733504047 304.85579065385673 837.3112893212625
1084.4496157342621 158.19970561136145 193.90569871993856
224.71661848982487 87.75087318017734 94.16531323235428
30.789976295693105 315.0732316935028 1438.289001988163
70.68679751638055 59.57262804635695 796.2762657725689
547.6387294037021 300.04622420877104 671.7165005023583
568.4166036296441 117.78416533045835 1049.2053176386357
164.73780711912121 26.0413258047154 85.92832714877419
94.02985792357906 780.0549084370097 1046.4877060745757
163.33539281382576 9.06271951553585 1323.8254177067704
111.05046516074901 69.76373576786166 946.6139535906191
249.64454845222238 277.04803736062263 561.6308696532224
52.05126444389753 43.553997041953494 336.7249201411209
402.89085775943863 175.3487327322233 257.9174287767474
224.02744784233363 205.12867449664503 1158.185112211447
97.19217294823956 159.6090519718781 315.66716821714664
108.79010368158306 43.14775790555383 837.2531260442455
490.6244472847078 71.52820472601957 1451.3926548577072
132.25377708073628 260.219259313015 1084.407896696443
101.34240200424752 428.94941350904537 1450.2495327917388
48.17239945480757 424.7483908118097 1304.3958643795768
89.53011636975005 56.6331346531012 1037.788481713676
20.475190958155977 173.11757684791507 1260.461243972081
83.33989052897859 953.6542123733843 244.5582557769461
30.657239511857536 89.96115274694438 1101.3889822004437
299.04573146483335 231.87671728007268 422.40276292858783
166.3770054831034 50.29085201259878 370.66291388599257
253.4296690735126 321.64389000107684 957.1729527948936
49.72951864549129 139.46198598948098 60.97300343148676
67.18666372483025 232.48645181911746 694.5863485378962
48.81235444993618 213.1926069761483 323.31667197072835
292.80993772112913 407.65054571939 654.2623347508579
227.99955566062792 40.44374951429369 204.27664220028308
316.88656140204665 337.04193864892596 1169.5061631054077
9.602116272706288 494.66734935265004 1442.9914191318617
5.0656190603250675 812.3383129769151 952.9269266420819
52.25758529201745 337.7140678927818 25.090253787102
50.82055520715541 635.4330515225574 249.76376003400202
140.93794001746463 362.41147124996564 452.37102701077504
29.40834182034424 108.31085127181272 66.26591059262977
167.18403143853968 617.3047482169263 203.61015748108545
62.03218898787243 2.3113074377571623 1208.9661472221562
61.45965744372883 107.08723800798285 1252.5189006451997
99.2064590181145 179.02575588911787 98.124565084788
382.46386540547854 93.07944099394838 368.6713165826249
117.47932036301887 119.93819614132374 1111.4968497687316
85.99670081781952 112.65255806332404 1400.4732691164525
18.459291586001637 12.701507201488344 152.25738964694142
305.2331056700625 25.31178134139495 217.0398924493223
29.22348712057553 22.110301173534033 987.5605715940974
329.67693312123686 42.30121066106955 373.48941694537086
233.7348198209847 186.66055335510387 77.05506922766564
134.80307410795442 145.9231406342353 901.7833007737695
683.3460447113645 188.33927286122164 954.2231666138564
35.82407240031056 44.55062624488547 1245.8577485113606
583.1356373712173 217.4359490900956 517.3386616017772
77.15244920768718 251.90612972027168 227.1089513578311
150.09356762490557 14.440646201252255 1203.8477704773918
123.19102722516962 208.98886962804895 1438.2573591844277
27.486629435355592 81.70996093481855 605.7761779890384
139.81839609533034 9.862038196334828 465.0215190148674
346.3726803641459 58.85079798110129 1484.6375038905476
3.550007002804388 29.950230662798717 325.9581056819632
141.82170084437448 230.93482286058932 332.55266365546436
640.0420176212391 153.53969385574786 1258.242600481015
134.49207961404807 251.2636446438747 888.9803740874905
106.52450556480355 61.61853985343429 125.85858146024536
19.346274333963702 409.1970575421006 1219.1090792701875
156.21547579165272 151.47225551935318 1347.0215382666743
164.75564154687126 271.1800154641586 1035.8989568622053
133.52891186339846 5.283728598946414 268.98522274062236
227.33494322195705 133.41991447254765 719.9665113902024
736.170160374484 355.7692480946179 1139.0426518172
22.840655835972772 74.66395111404167 522.049251682667
24.827563152314077 122.62674203154029 115.11002498639633
37.945333997533275 11.450853408630323 768.1529884487675
211.87586030298004 0.3598410290315528 792.7275249609088
7.1146848664186395 103.21933866143391 838.4235946100422
52.60147248266024 154.20035223461696 918.3735175668049
484.7480166588154 172.361063356803 1392.149357229837
73.48476676902163 29.05428464738535 656.8875490534307
112.25066372931288 32.68047275669263 90.1792094464946
444.0384357431084 46.44888173215801 450.2910949836805
113.97121089526685 50.713431875887295 540.3997307872069
21.820650839920354 511.34888219669375 1023.0765161083517
22.78439689872855 31.783128423571466 490.97056237488454
480.72111614111355 70.85835961180766 948.8987832305321
291.9415839343047 27.060852293644494 880.0974372514883
80.58818611634022 91.36183599486857 989.021144657037
42.96385779890594 7.182882711712282 1471.939519158855
186.64643883368578 93.55306005445627 430.15571666464325
93.90593759787194 61.27100368011848 484.9923277747569
191.35512780323637 320.3816890040853 188.76915795415795
29.84410523988796 8.340824999315597 1285.74230260301
37.61348771479334 478.6478475142417 1403.0523822105345
34.8645711089761 486.882451272246 374.08782990035274
40.803346996729694 48.0554809391001 1306.4957401561371
363.6547108499862 14.3006038434941 125.13305360254823
365.81925359037035 232.19022899656164 1078.6303048271875
128.81369868293277 131.08360765934 83.0671048829119
531.2502204963349 24.530820046850536 1231.4585653192507
100.96806450681524 336.5670036868708 362.3464232043206
61.74943289534796 294.1219830887705 393.3320354601754
60.46324081376504 43.89180810161222 724.8177533932145
58.282457933685535 267.6815503862769 1113.728080499481
418.97163028467014 119.58174223677354 1462.8527820312447
234.42645348865176 105.39427742870697 1346.084434447653
244.01888958364674 378.5922550567094 204.5433341967276
191.82842414096956 193.72660471285872 712.503060128706
262.8941394673486 52.792234056833465 382.2789695942279
149.30201350057447 59.7493598860215 1109.5956558416376
86.40945275979307 98.16986886570363 1302.3410448023474
137.89266031171198 55.19135439445976 142.47496587297977
241.80853123601514 344.89265094966856 510.9557738647655
100.75829397990094 4.759874595923371 770.1273110708851
113.50441588532685 23.27756805606435 674.6618132874296
35.56545655724088 163.16544180732078 820.8182967452545
34.50820922828279 90.7446761110169 586.7041744686028
95.91889488760886 35.57034028638127 962.7793998956688
169.88146970973935 74.39285931971635 387.51666424796116
169.6101780340672 354.12476830663536 1059.2030071829427
41.33780258480579 101.23878453032351 755.3585811626552
125.08865299364027 618.5348441732012 510.51324616447585
616.3382824716424 93.10166450612734 187.7137807272618
11.802787387312774 50.30205645619702 819.3635776032028
6.806453508449952 201.60296954111882 1063.997939267944
11.219335446391963 110.20414416863234 1132.3873400708285
179.87559041195607 36.25829714912632 157.8598922556662
172.21845333007587 90.76691763309606 152.5917073948578
1219.9103345599517 198.84649054413072 554.5903249965629
133.4190135532055 96.6328584150079 797.979028010304
115.92657072619501 218.30224075065772 947.5733233127382
186.7830891026578 274.09503714227384 323.6691146770312
68.71491202798146 107.35188069538228 914.0536509447375
164.74739871131192 51.92849806034627 13.664676634461914
591.3700021733309 250.1308119072578 1034.9840454441223
12.32301748372099 67.07716214998017 1297.9212766293062
256.55575543904445 232.86012964105646 202.80574029674526
113.19640713484533 249.16400547441623 195.17584977081935
19.00063723522631 61.20541175844074 908.5353177903642
307.8411882510708 33.1097379914394 871.1825474023777
36.99860034219796 815.1302328410379 855.3002631172084
476.72387356828983 31.7040798117952 988.3550433449656
569.6264743473444 333.7489158106321 528.4989724788211
136.54472197412392 146.02152788172032 1213.6792774040907
66.8171526753258 18.717811618230208 223.27367984892527
187.75840503297016 167.05242584742396 456.74065325147734
58.38484067281511 82.3228735287928 558.7475901243013
282.5162565961579 97.89617149128384 357.12287793866415
494.69061654986655 398.32741848377873 308.2554889556775
346.8253632646377 64.24064346693018 432.91761867179343
157.0956340847688 18.824437751335395 402.0212755282893
45.93785119446054 246.80588482023435 1353.6574574025822
28.402499145708028 289.6858820286709 1124.0289794969626
144.39468772655044 17.40969335484542 1297.0672006247755
150.10222726290567 374.52057596132 1254.2008880370636
90.64017888400375 534.6898561132953 490.74361983161793
159.07460370990992 128.36117103440995 1091.8887473779132
433.0236207156541 124.96081221582685 407.27717475654663
60.324618729597255 194.49964079193214 1270.1491683986453
104.98831379740774 1600.9843788107307 1026.191504809836
291.8249736071097 6.995145320237746 655.1901900221161
4.500001174076897 100.58591387806463 1227.2567758901125
200.07489405252034 595.0485687568628 270.45579384732224
9.27029161896799 101.89769873899661 1321.0079492472867
407.6026306808591 423.9706055906868 831.167915758463
35.12619466726798 140.01485675327714 142.87254307088944
61.48093961655076 30.656600357473113 506.97913375324
205.31874171788672 42.626001346025106 240.30773512943065
165.14740637228803 29.44923528122338 1050.0675228677037
222.35703309381378 262.6687229005004 864.3973474183407
43.998359435697225 15.847649761775735 474.35539148178225
14.377881299491971 270.14920701328407 68.63829339940136
97.65113096484744 261.64782674161074 1487.9362926610258
518.7565245465347 291.6336640382386 132.67156023953225
598.0417850568533 61.51857425573657 609.3627332829324
165.4832434082738 2.676374536734127 1355.1963046527937
328.86460595621986 563.6901408408634 210.1349374293101
279.3145849058494 199.63780270651216 34.94215159749042
415.925414583001 677.1807573227061 15.783333068133787
39.76259640315137 556.7563330252782 806.5710652524605
70.87194202855635 18.990497962243627 1313.0387437744728
184.47423305317363 172.8056299625417 849.5363477053824
317.458540230678 97.55201200435346 225.56580598043462
78.31659237562974 279.8946170306907 792.487535338791
429.6423257665991 170.66343980366057 869.5289279199756
533.6058035274096 991.532605681933 860.6810567421077
150.96544900796388 139.16759429396274 91.36375790691248
40.970259392943056 330.5726656371079 125.88775658764118
111.76347323014231 64.52051770272598 1034.161051604172
30.4507355870488 469.17369354700753 740.1522632999455
200.20155763618544 183.56035082949884 908.7244978167805
393.85700305929925 157.2278184007936 1429.050371547878
56.23110610361833 172.5576241499794 384.91964395088667
27.532808581642428 41.24018765082903 579.6729559943835
45.226548958635654 12.203354442556948 1415.655879772451
221.06176074208815 77.74348512260244 1494.1759584452473
258.16939004491013 52.0410554012257 793.2990007917624
119.74342058308518 54.13344431767507 827.7416746296182
155.86678639365525 32.25873163964133 660.0179299227001
66.14070706287468 193.16768121368085 18.469181900766742
154.70600608615058 4.2219891805115175 404.14173948844916
57.89084577483285 45.648328498989045 960.3321348848026
41.54052361310279 169.87066353972355 875.9123525176224
163.46743879506084 505.82077194004586 372.5660481028244
139.2012248152634 37.02682041345395 620.3007759397921
220.14388959508784 529.1844940434419 521.1583614066036
131.01107438612317 62.39581452719688 672.8508454670026
349.0438465732864 140.16483772986467 946.4632934071552
396.4551619041553 34.95792599067757 1206.213941675366
104.98766697241908 172.84043021798516 1437.7514248484324
120.31510909600973 463.7686043080546 1189.4940132984664
16.918406811696403 704.2300363558279 1072.550761283916
409.03733364059775 333.1741469459006 172.0659065396185
18.446271048207297 76.21562027820681 0.4123140931189817
92.91332023619903 123.00064068816417 280.1112994890366
87.3962549734769 448.00755266495275 957.3559729462077
7.892854842869379 18.00860934101681 330.7607298826569
161.33853533479038 119.49702778606614 21.19314425775043
494.7156316943458 65.26601696310365 824.6281177019116
48.06865795981785 95.29963418560283 1327.169714253249
177.17503332774018 492.8304786896957 1237.8825557202451
7.345105203806926 28.54464966273339 524.9985026544638
137.0260451695358 114.4227479997738 1252.1317298214221
101.34582506323 29.429152628886364 937.2771357438878
621.393455745068 127.91339868070584 551.7438305205566
170.866989775461 145.25796143696707 187.65837073559015
438.2057242884918 46.06764358132184 279.12034333898043
149.35474233582016 84.98183446505672 277.4572502863419
94.52317466617771 90.94094710232163 1219.5537105031879
25.058541180961345 479.31171472458675 108.64954409604528
295.79663246814704 299.49854635060933 983.7154042895788
170.863299093406 26.536012066553443 1149.9478188341195
42.28937934052407 32.15754613491094 933.7601780812557
127.55730308714664 301.2179051231159 535.5151490130568
378.6452950714534 89.33017609863528 1369.5590026655984
290.90084606175395 105.31800883582048 1370.578982192988
42.79048718874739 84.85663549938475 704.2959027599741
335.7900419612326 15.221548841434851 215.10708060121163
170.16650587369014 5.948371140365858 456.3859360876771
62.848935331768786 35.22593998942577 957.7448515389426
8.976068498358789 251.6618696924342 1169.7112408506111
595.1607008340867 326.0122245101321 566.0290128419168
511.7587125794311 169.60620707311648 114.88474677603028
2.4921652549367574 159.20891084206383 1478.5747622086383
126.05395938458508 147.86498672048654 684.4751439160533
290.9510277399429 78.09366150136859 1022.4879604605584
178.38242244009854 234.35657521410525 118.90417791308222
554.573241720764 126.95996527625601 382.539529873499
241.181879590758 141.87100314241778 648.6340511368555
99.39988543032149 103.48771891606974 645.5778175554544
36.41629801183074 461.1018299080421 57.317078937773545
128.44711172823185 31.40854445840933 625.171597472586
105.52802560406549 49.17082600011874 1076.0592758568857
561.9248032904918 249.34604752217328 857.7436602636699
59.98271032105406 57.16669901021345 265.92735788474346
162.60252659243784 3.594732437338128 850.4230465562733
48.46968411409788 291.49647704464405 988.7186849268847
170.40190306511903 116.546767415472 229.54220934920687
173.90217920395435 131.76451467152205 658.7700530253338
15.486554919240719 128.28951904835765 731.1240685205087
193.89312766785167 228.64788124886886 749.4471059781633
67.87632989303746 154.83511706834335 659.5673961012784
273.6848964466897 67.08820689048855 605.4610856061064
348.5639180698583 53.008303071432536 160.1820838195936
36.347519696416256 190.6105471411172 1288.4615441687922
145.41768830455786 128.97789901906717 322.63441387966543
357.10161418649903 185.62456735465253 889.074988299596
477.40660623910475 109.01877317879034 123.81173749164182
158.3660202175249 142.63467542832967 1172.5565499846275
259.35101619952513 131.39944377653435 444.27244509826653
245.01501358144938 506.00778838877466 376.8326330858745
205.68308452864113 116.64137195368708 694.8935843913049
101.00223529329836 750.0697456438719 1243.0577438244652
51.98601341565756 202.73159148278955 563.2861110904652
331.9898171789592 72.81221716769089 485.18874305460054
211.78963283653664 422.0645403975458 670.7266839018702
331.0921129963317 124.69700870303546 222.66002874841752
107.95615493344528 124.9646461519973 86.78520588217647
69.52582842581387 435.7459036920268 1258.075257097268
33.207204239688615 57.34269604973835 665.5434624024924
713.3720592274437 38.37616268430638 514.5184630699697
63.30981254722966 468.59039762603743 387.07444798050756
171.8085682637374 424.49095740983347 1375.656491229556
83.05009500512448 532.295057096603 591.9380176789954
62.03539351796158 272.92986089138134 1075.5452822660736
191.05937333495697 106.3670678866883 549.2857709617291
270.10239051126604 72.79410215135223 675.4776176753442
61.14174336663704 221.73658544826037 830.3906390372969
369.7044667301397 8.961969474408523 1000.0890002997984
264.2500451323231 95.18582249478621 46.205105803540036
86.63283224503958 97.77238087787853 1313.6692451233052
220.7735746348352 212.70405116420505 1257.278331461105
571.6945830746645 4.34786455359305 420.3841899657171
953.4317777522637 290.20935105084396 1049.5058503991738
185.56446032673196 5.666969609464076 253.48603682443726
29.063875295014846 1.0502077609288982 48.815454169772174
400.754415672376 356.17777348763946 1477.9757640451346
71.53976982268931 70.66961791779731 671.9702252909025
997.8148470809497 75.33732126001158 209.65674868004052
571.4626722263647 0.3764039544621272 1193.8937668362232
7.928705377065305 151.4582121859941 30.638257910572342
56.11533960035266 2.44072822900867 610.8460987494606
35.612791203633314 136.60236531203213 312.70345853685444
130.04879876791264 3.1626815580664975 179.86346063150543
155.5379195820857 511.9833859179647 234.01314178247313
128.36992223221216 53.70749988308985 1137.1926322733518
132.26986316322066 295.86865085861666 1331.9772980192517
5.935324713287578 115.47359876059733 1034.814696044095
23.79225790156809 453.1900919193819 1001.1253504240533
987.2562359440965 151.6185845627359 1235.9293102217687
68.0970675138585 320.29235975928947 346.69103014415106
490.79317821834263 612.4573294693338 504.4520294295345
308.0069647507278 29.50444143111024 882.0401183392828
79.79408936654964 60.86251423689325 664.9108627251035
574.2316131431593 272.1525732277141 1433.3974127386914
48.66998892309886 895.1680667202443 787.8648653770466
95.36201160528364 604.6516702626883 311.6486788121117
154.03270017154819 80.61735058421628 624.8497511551582
375.4763650920259 555.3007960151658 1378.7439890227063
491.47048995362053 85.99869020383439 1438.8191719628503
39.33126829382003 223.4700018711185 384.7158647875208
22.352351451278736 79.63791506000025 967.1024384926828
290.5547419330985 692.6031203741248 1003.6600532289546
38.48587743767056 56.56803761185982 905.6752930219154
193.24530588921334 528.7778823459824 819.1618757763557
143.53494553460408 161.75694476519695 886.3711301980833
125.868301422045 38.69907976026153 1183.46762684803
193.08473924345344 773.7533359378086 1053.656156218033
207.07520204637996 33.40571742544288 458.17328009033497
37.48407713442013 69.72487295549807 872.3653171922516
153.26806616595792 638.9239108726352 402.9116851396508
275.4562859915354 77.15062547929115 486.7929923663335
149.63101394275898 109.16766257317612 269.9674457916694
460.0140858532475 619.3480625449067 220.1413377600609
8.958499654628882 68.31573365196553 194.61975727634135
65.81647548520506 77.76147254735713 745.5057026457836
758.4429544775483 98.08387939818091 1491.6043629607893
205.96659068382715 334.00835976106487 519.4745443496082
75.3369588640597 396.97006267918204 426.4857437880624
782.3146435367352 311.9016909616686 1147.5589092462392
185.4926442763598 46.12660735799546 800.316814299426
32.04591692863446 473.40813186570807 869.5406527037936
323.504488325819 398.34250863395624 118.12470258134027
571.4789387492146 94.49290965112895 15.60650313205214
48.37051764108558 39.04511920881252 290.2975241592266
436.8397741996762 301.6920213804866 933.7255651914554
505.5895693874296 30.16082967362994 201.94781676191477
55.671805979663624 132.1493884795717 1489.7686632749735
148.6033199909812 64.59096861027281 1406.8801763881693
395.4963920988737 47.11781581988699 1163.7779965987197
174.9517481960283 5.382503504077658 1378.2911258796075
227.837324894917 75.59849907743852 250.94131718774398
235.86453217852758 90.32996811400137 1170.8823450002092
334.30838130263794 236.3312256289547 810.833119036361
164.6054349814485 309.11834466815867 849.1523692285323
204.55197335000852 90.05976883430318 769.2170948580274
93.32149258622617 102.05640856567038 185.6586134292299
94.63709606325769 172.87888004405139 1204.1661055603931
33.517053359407676 174.412358937624 1376.166382350001
127.49076234059625 92.5056864665835 525.9675014769073
93.21236808989471 137.90339692811972 217.98331099433955
0.979299771499832 41.698050319573795 1380.1368190338749
275.29539686310414 96.38242049879858 214.76875877648283
227.0762955528372 203.69682881063932 1420.5691426340838
657.7975899313967 107.39020226681009 1164.2480652678296
91.02941425796229 19.615477159956875 673.8674582853363
14.678163014278342 60.65512516917499 1241.8959299902988
61.77457743649492 218.0765751048645 1089.383640460793
17.27437883436265 75.93657909592805 218.37053506152333
154.32954343820086 12.852395870957558 1090.4744247133024
619.7924835403137 76.9547908132898 1396.711124081587
28.87437126886408 118.36298028880982 751.0328216703606
551.0074233224268 214.97744442734196 1458.481906555871
79.28525482939651 33.19057467542331 295.64269863949704
312.52168716824286 286.5075899983715 1117.034807457844
109.0333637384999 226.3298702123948 1142.1802158302055
426.3136125807846 104.13865596611322 1050.6369892057282
123.28429837095322 50.13333801278216 55.477424070210944
329.5701524683438 26.78072143137808 849.4666866891312
224.9744436696322 78.24807189567498 264.29325647538434
96.7701872889829 147.28025086734138 565.7488768619519
206.23455182770516 290.8233019677315 184.89304099745524
243.59778878700155 500.00839908978537 1277.4623773572214
87.18350839381151 133.1495549596825 1153.910461982218
267.1885533011907 41.18641609400978 206.99185757807413
468.477887614846 190.9008235450536 439.82349497519425
407.9586030306368 19.544366279832644 36.36490787264568
6.470708685982385 257.612278798704 299.0264852438904
101.2408226382812 443.9528116018969 1154.753282448029
64.98291557412762 68.51890230193854 115.8854636747832
131.7384487134651 253.83047922525236 625.3924095093417
328.57060092616297 266.3102217118676 66.38739680654732
278.61547828857385 657.4670706976204 1460.6463070841571
281.16544123123214 284.6674319710373 502.0484385692165
285.199806446929 34.014810462746475 404.6848906207
88.58885312826868 102.50085577322345 524.467571294139
64.51247699257817 278.70498584512575 925.2697528792828
526.7682095080028 162.93468394203578 935.3004340372572
43.89330169816852 54.734324157449535 119.14201386359086
186.68931809637996 108.76558545556847 430.9520206401335
97.78482855827697 98.03545060132637 823.9089803890836
46.96257847480081 446.68572734809004 174.3040054915987
66.22183313121563 196.398038176301 309.2600726043953
368.75655970332616 338.5952666455293 1110.7440897564206
451.5982317710202 262.51311251128715 800.2448268692518
13.690857811274388 286.47061120467987 1001.9829290238356
66.87164064426355 63.444964458191954 519.3085565324764
88.2716081417515 220.26703361587346 382.29150544611025
137.6712586420672 730.7367093841353 236.03585620301004
101.25990591007303 24.120808374166323 417.9890915215108
46.918092135382274 103.07319698116659 556.3931836394187
305.58279817946004 102.94188758804879 1467.7353447326525
9.264533322143718 226.87614436098266 821.5571585131237
545.1072813656882 253.84594637159546 1094.791488037447
71.41271122567233 124.93189118655266 16.11088485113682
177.95844407067682 29.54374888592933 1031.0980992681707
148.06915342412773 133.3678689918336 425.7589197048346
369.35549559562185 93.87844756237122 715.594990831801
180.74848312069787 46.559179699944075 566.2274818242212
51.77278695552935 50.91136731717438 491.8499316949182
808.7522262217293 356.23306984464045 362.2913121841725
271.2420544862326 93.0226514955861 585.9424695808564
232.18124741524292 337.05920337109177 430.5305258643966
199.31625494155264 179.25646879228754 1384.4938231266672
494.1258569652926 121.11743101685295 134.92135277047822
161.33183321521233 20.270462020792845 996.9741682949988
105.36359267560056 340.17333517558376 620.0568406895572
353.98242882640614 3.010102422941291 549.6931127075842
94.51825205447662 28.91280686733643 1465.8974345699105
44.57020859735826 18.154433135475216 1117.2696310938477
22.355917148934175 397.8625247612699 644.4950775152721
59.19938299117354 125.78568632704803 243.4362466175939
296.1757745234832 154.95306954794967 1160.9900191071638
150.10133896630194 92.53884245812111 13.52769971599127
57.10663028640717 23.95334589214523 888.9221341002725
97.40369143822618 44.71516309908433 1484.2225531552303
458.1612664136931 93.22507749604043 491.60217600302275
98.22486837874801 648.4760524227298 887.2274055229615
69.8847860776737 197.3964374941153 111.61118920657381
311.9660465827779 256.59516745553594 573.7130741617927
3.708733618567237 636.113920129878 1462.7305106478786
616.7094349609241 102.65263364687607 434.46276262798654
10.327772644396891 158.30395963109834 718.4270305513488
7.579812338637241 244.68935947066214 1135.072834843545
197.7726501799376 103.85650686630352 30.605948668167184
611.4090283374853 225.33185029926196 911.1982778835496
302.7421492081036 61.76572410581716 1186.938371492971
16.912918978848843 18.79197643429757 228.75614875248212
43.57568863865636 171.41260127037856 899.0201945088054
1.0111631139214121 124.38751181398169 255.23033911471222
73.23666344766836 92.97691016825412 744.630860674843
79.11230412541565 277.5630483292942 219.65106207909045
173.3618125753102 216.85591508154823 1475.0753538031095
36.7119800662842 68.24395975874211 880.6713931084377
56.464486040585484 88.96285773322471 1463.0887168224165
85.90591452052332 230.74744970716745 782.409050996655
678.9927385026899 1169.2880280788688 545.5821838901317
34.39292513452215 115.44045889933257 831.4351791889046
89.98699621194486 44.38608833564706 893.6698007822902
70.17717386063066 747.3417711495064 212.30020312879972
5.043779470754284 265.3787152744905 756.2676875953374
145.3113208492987 564.6517524664503 983.8681426720875
75.86236364951795 236.48651314399967 1177.3365576868416
183.12612083083124 115.29823916647489 918.3933304988402
32.81533036290868 471.7653070518904 1315.626633473263
15.646608392208684 15.948935458921898 1252.2694884996524
583.8901380808755 207.94753532041642 445.26567717033
89.77035137299958 49.53263814409008 685.1207682849487
387.47251670410196 579.4954691837575 1348.322287129438
997.5778015162589 173.46878631705488 317.90678643218735
409.8296372689272 438.26055286995444 1457.4771254876182
478.00790708776157 401.0456084976261 21.28708406693275
348.63287284245234 121.00388013858459 1347.0568840783612
79.57360429788035 274.66331152303974 940.9633214221282
148.579652593868 11.291127194419884 554.7377656855302
315.3252900489376 41.7083838572465 1388.7424756110129
437.0717225322862 373.6531095867698 76.85132930658185
123.07109157701812 98.82156665096427 8.856878070724328
205.8039662634575 369.4560702717523 1254.668006142172
182.90461897358213 259.7746147149115 961.8781211710707
541.4032144766662 352.89534927141824 660.9752447339671
49.770897138867326 802.3666812628037 942.3859045168655
308.1363153493777 96.6574155346877 64.50076649998188
278.4988562750712 124.92540358867845 832.228313148309
642.8256708391867 97.05674147793573 496.63723153791744
16.346341700679673 120.86752889633922 1073.03140868172
28.168705957185246 60.04635004211808 269.1587384346054
16.29671318767555 152.5949535006115 1316.8400932981667
28.163657318490614 114.69953576495386 652.4388813080601
406.36655457091643 124.8768288634393 1404.7330166547504
150.63556457463568 371.62212299233784 569.5128452027327
77.22436942014484 247.80329808857684 578.7807619184479
352.0303572751848 35.11296045275172 679.4334218235407
233.6570991238603 503.086135807255 509.0825503167004
220.4379016743926 35.660699876174355 376.87445374548315
120.72780113471447 34.594132392924884 313.13816311943077
42.02081948142258 92.45680151115309 1250.2722395731305
433.5105433339761 1060.1791923133155 179.44213484136918
27.34890835527223 244.85191803012927 113.5187776281174
71.71300018342438 117.98462194185979 1418.4888714499714
56.973447354527586 3.89114445315785 798.5236467631876
12.095975521039403 1.8114342812508875 590.6455090748684
258.50561822691515 20.9958846963773 943.0236844794694
273.1300602116108 50.72039100836757 599.8939265912708
441.3603600055138 347.33831580814467 254.65855512018305
327.2195060389198 366.59182876192335 927.3977914934367
130.34177083118607 100.50394768225499 1014.7816757629661
304.307620370838 44.98469513930332 843.3991455415813
136.38039075124823 168.4855535084581 906.1684782267735
159.39491570340235 124.11086598656362 897.9950432860085
125.811482795868 160.60565524743836 65.90947190436275
399.10144294064855 65.74118297636434 1470.1445683284937
12.035606128350036 73.95433122555043 164.4750174040639
197.02661399577931 6.148304078172935 1324.0700513723082
63.29837483045626 86.65416036575498 222.0217586802774
95.89292943365437 246.1082160130156 409.27541561355815
130.32902710384542 1.224193202382234 23.846531826775262
672.7823690804629 122.64505348093739 572.0125995709485
12.954813469924256 132.16204840937579 482.15770535730576
0.8752867105061062 26.904435392255166 1415.3273025712854
241.66703204050114 140.5750619367049 103.83270527136634
29.2513761992106 321.96440780634396 526.7238501887292
717.4743001093399 28.334743183037542 1369.1805454974506
135.87195594922463 56.95474142369139 953.6752792485192
57.588990701620816 670.613587185435 1148.6400636714152
634.5437244570553 240.7301296046921 597.6849572185756
165.2781527716786 100.94335167084145 887.457740256735
147.1954687753098 250.41632818412302 83.73658715007687
97.37245394137375 140.04310405442726 610.9422452527831
858.7485713848972 170.2880842957358 237.09044891480764
380.83757140307404 420.3681996062722 1268.975332292451
162.33871990550747 22.250079061602605 147.6901023045095
489.62732605482734 197.8028788074592 11.83889103378627
2.0929365463469183 362.44252380346495 811.21117842528
45.69302152234367 25.847134287408753 594.5077273729415
19.477342537319675 143.83470929731484 783.4638241940075
208.78776482718044 7.07255253158881 345.48597872594695
128.6733783730901 24.128068645444674 1014.2968288744758
44.13058872815488 268.59027411854146 692.2482241994569
211.39393735927348 105.68970408455336 692.8629981174244
49.23823149922018 20.05960036475628 1418.5340483488071
68.21477597345023 41.925661831359804 189.84915356452703
101.72888245987917 45.51382532178252 699.7813399412149
26.63839333934293 146.534813011946 534.9815265480569
252.86430933396758 223.44840632811494 438.667905458757
11.153813512384225 76.93961794726198 889.7409652153264
670.4722325996256 594.5336846407807 368.22501085292146
106.45156615428564 293.5490505639564 1104.7557890250193
302.4000164463734 229.51602830873264 1242.8729160706125
144.17860840562372 499.06298553883784 684.7894527680548
73.852090915286 198.66406723652256 839.642046769164
257.4216826857281 127.64873058010156 1387.6407957185666
165.9853205780138 5.732282882356376 271.2651897901095
98.45085565499963 530.9507398443923 822.602512124469
276.5497516714086 54.441538431255154 208.81789339987245
138.346875073706 295.6263978053419 7.0403412593179615
52.49652016142243 52.567544482021574 1479.642267118572
115.16920745831654 77.88461009359433 156.8793265334379
199.56003176932964 220.49767548301045 1167.917822517431
478.2231610869391 16.070820334560096 83.38852591949258
182.2429957493206 53.92043378828132 546.6064108977678
121.311957289213 71.76981776879852 654.7519214381367
175.41878417908393 502.76500204745093 281.7371723440628
122.48577376337005 348.74597673073373 104.95218022630259
73.80871739380504 334.13668912674336 1487.8993178684584
283.25422399368944 73.36347945269604 747.6823281407743
68.21651153762141 89.66123511824168 1269.7568686222503
180.23364450595417 114.54570140858829 1028.5916079283916
621.8868159146109 181.10920025016094 1438.5837782034669
419.10284766974877 296.91748735435795 423.5142027142067
14.106664445964897 574.4388077948624 523.9548355182712
170.53790686239208 369.7030388661553 1032.4623160534604
184.17986186004643 0.0015061322223697794 847.269665346894
171.5662035605249 188.5190997571599 1227.4439613458458
429.48651874276413 256.52978459268985 271.2023730539426
233.9031036695 82.90887771590016 1266.2887202339914
1292.7704813659143 148.71935623533957 930.2359787965415
148.6580550015296 124.23871382609792 909.1192303695524
65.98732873807595 400.0310866279897 785.3248247308684
496.91725905298716 27.740599689953182 148.33478925161663
174.19413527643718 68.39922910116398 1248.0327690975666
505.31936780435205 144.57870426048243 610.8193145132135
11.487486135745058 319.4468042394054 193.93909774202257
283.33053951328685 166.04894789263088 1096.1565355168498
367.46585081999285 157.39915402862331 984.0642546748868
137.42381823496223 137.15028885023253 81.7414019674627
216.15500369620122 0.01680762031618123 1277.5389569107722
520.2801545941787 96.90840172029833 869.2231744778949
34.84336901300604 138.73990989414662 496.4351945552406
306.576059691907 323.23818669797777 481.30830345407793
887.5436018458041 326.4703077058102 1118.8865305356762
36.03548910071928 699.9733556062359 996.9681713037772
225.58579432805047 111.96114074754935 499.92038638166434
98.10132808263768 17.64204557099075 254.5935586953213
62.53538742211474 232.9650198822765 1151.3515099236104
93.99418088329288 347.4855666790177 712.0850733188528
254.96822476469885 107.14511356519473 1104.7196055914808
19.97270145583553 427.843926975513 963.2400224087778
180.85543928947197 96.06777309360407 339.02905868750287
209.80794449822304 319.55464627285994 439.1442059724284
89.70507616773891 33.74511813844815 1436.4190785066453
312.0824106391015 544.7291203715124 344.6381628312418
228.85188843622865 297.23667513573105 1297.9201735328966
23.54491494432212 104.82573169728143 1002.6261688495609
63.942644502478785 150.68435128129462 927.1188398013094
57.994874679561846 12.586689931831458 1042.7651156921754
157.22298669516667 76.25956843033583 413.52943540474655
114.0747950881341 460.6775313069763 212.3576314665438
215.11540246688773 31.119393962107278 1067.7853636226714
289.3897258394519 193.76008201269252 326.68370828784333
97.00785937064502 262.8962476086288 289.39196146536665
360.3707152270691 487.0136448542196 259.7829209955132
117.21660151560475 433.0452817997719 447.1893930347607
63.36506618848864 0.35109300377577757 394.7606323662909
451.4425786724296 61.542356624308226 778.688635758383
898.0768030092296 37.13046867703251 555.8056430937193
218.97997807593237 260.27413214928004 1058.1565237291695
323.01986039158874 315.8567069275018 496.91196557713084
0.8219509095027318 61.39195966813745 978.1878909794716
235.61962133426027 208.8589006214363 417.1603830621977
34.58458611014464 117.77181612480037 1001.1188729898208
39.30744790230715 250.9613885666971 144.87503785723754
29.035713436001327 52.71338230200918 963.665678483136
64.36699586958508 140.80066428483184 345.55106372247167
172.13905609754613 164.50603408727181 323.1490757219926
61.2892271587974 48.160040021063786 705.4869313512249
107.38088512872577 190.97847154412418 231.9318850876403
113.79508240851462 619.274480981275 632.6302278907502
79.2311470650899 268.35679311473604 807.8755390311964
499.6675089892457 32.27082881773119 275.934740538517
31.861571525438144 197.31066266255664 88.15735959674814
67.28089436721336 125.09965659605773 1329.239330456041
236.4569318332367 120.69209242628128 1005.035143096626
163.83485808739252 38.851641221971704 378.08171467590427
72.25170869674965 82.23828679814596 1083.855729811529
95.47296584188206 33.90125210889099 20.958303923854558
174.6262082596236 141.4209259959154 298.698517227809
143.24740697334119 98.21727669136412 309.9054533719612
34.91951138275827 219.89170626213777 862.6461534336886
19.582680281994964 788.0039444894238 226.73892675381785
158.04749666150352 487.81373492273906 406.5915746263944
334.0176909475482 111.23848893683758 37.11814563703519
146.07195233444398 198.58016329587122 756.8124745501829
16.989738507679096 143.8074699190389 1164.7747220031515
29.777745645409855 1790.0036033358529 775.3676341388016
87.35407157224509 25.41378156576679 904.299794318987
427.5597191281703 75.45636078491592 1283.8379778754936
262.3025882009006 421.5240806478134 1166.9709900935688
970.60270384184 161.74918571721767 181.16361059405534
90.25819794588466 150.81045218832602 877.3090701203137
48.12012447485253 291.17912208753205 104.92173448959186
170.43116742612673 343.4461334161439 999.8006775308382
37.0173582440947 39.90274051173806 973.7804210567385
305.999771347994 635.6694097395239 1245.019950724406
71.78948998364544 61.262314368828406 1092.2741286420699
335.4666675686071 201.67183893128296 834.165391990081
761.0534302462976 33.02684756813027 260.2948142892983
63.45554829803574 237.68037420655986 211.41987617172185
3.799711121792837 155.694394091358 1294.0332921716195
67.241235353748 409.8211620999982 237.42274535412966
373.7952231732628 123.42213947177156 648.539627046321
323.2937103946476 566.5109036852039 715.5546259500768
131.90204747028457 38.98798658588276 44.60520977963728
1046.5285987245045 107.81395483602552 84.59733985398272
536.4257171260132 336.34123624744706 1244.9902392978731
129.42973257647097 90.52209540863447 729.3024344129515
82.71588136511039 175.91808176699908 449.47604120208615
66.814219735105 29.996764958732165 1353.1858564233303
267.514934205217 9.00530304661589 1070.5456323105561
598.6395431487842 296.3457461901355 1003.5614465316967
175.82221203008487 0.56927126523149 56.945768665781046
795.4108420386893 280.2665238605998 652.5990879306171
276.46373383524974 77.52520069599943 262.8883909664241
111.33267099673347 6.168323829529382 309.5623817999497
532.6153526103296 307.92974366193295 1235.4169480438118
24.634826065357124 130.12034827786943 986.1777568540922
233.37187656642908 126.76310748016103 1017.434716637985
173.3863842759346 299.34048339677685 1346.4132054618372
455.6670502577499 84.00478482261234 1041.1026792309692
75.35413828347143 67.80672306397493 538.2318435829552
431.50663538713695 139.20923281524352 890.7661776949943
110.01251360308011 32.83105007459133 1273.5983805955611
75.2797067951503 52.15735532564781 1470.8143332952163
12.810452855280245 488.0848318569163 315.1967859376592
29.445580892348584 561.8363096025805 54.95629995689277
238.61908246150082 1128.9931955832758 1285.410682862186
89.05794239415349 60.318235621922845 267.3107903968213
43.54239361080149 126.75069677151237 820.4871933829975
225.13022370572892 200.369367643891 1421.4923097481224
149.68362231682474 154.24354457766083 1407.55573504444
42.801242633515976 54.546921010020164 387.8410294979331
210.87312870699728 335.98003505469063 1385.9349100933212
118.18516617276096 64.26344186079159 1102.0502426770456
273.47319063225785 114.92182324577243 1462.7384358305142
572.5134718926543 79.41363783433842 876.1739655007798
181.01227325543533 523.788898636642 779.298546810691
16.65916845332982 110.80391910019114 357.4363745583771
59.22443628214265 115.3663294965227 414.9754918055739
563.0980948499758 36.05977777753385 844.2536390606444
34.016578065483536 302.0101543862376 1286.327694756283
17.667635802936594 44.04111863578958 1040.9583599788905
3.5196952305389897 613.5483308028121 140.98361489625333
75.76116731264155 90.96303300663533 984.402815963533
519.1775483164395 71.33065072883558 174.86390474409004
251.7333391007372 31.90618902197982 1492.2783114786664
116.93779183386167 9.689873368470725 634.1542699984344
58.56090445081208 203.83611406927247 959.8697746805906
40.737817819840586 68.91941973062279 976.1628383745389
645.7120674279258 86.0777057515405 176.8397102950326
28.983659228005408 3.407218453444092 1090.8035706798835
186.92393986694373 56.75713781733506 1416.4468513502839
25.599491329699507 143.65247799890486 735.9099072617937
104.68848492936391 98.65074358896877 382.64285605759886
94.56210752513762 139.07021783903005 428.35411376789364
87.15065780208332 878.6782265003628 406.5251435996257
175.97366035403104 537.0668764542661 347.3572896711378
37.25785396357708 124.19286872098554 1000.1401818548125
335.26331097174784 22.52897099364256 1363.900337765433
143.57657072043602 558.2549757856973 426.3759193585045
241.9633786430583 158.13729005380185 622.2009357215908
137.03748277852114 120.33429285547345 1093.5442615395375
262.26654296029983 56.52535969957351 63.210065513211624
927.7751193996936 176.23103929101603 45.49695636815776
467.19641420116716 110.92063186865653 908.8555884799262
54.40352797012113 40.94944030811554 142.8576120405823
30.48012108814403 29.519563534274575 57.417657259441924
19.916934127648638 209.66326039415856 858.1780769356155
122.63977333518932 11.332481274527051 139.45338973864824
70.0468097883382 157.9320395882425 1168.8737191732248
78.80614944304159 435.4259068083868 339.9951180101733
299.4970120699932 1036.943604026693 433.05759123939134
22.82913774310414 237.88994128234106 848.8416038599723
376.64778289789734 101.40170193309672 1015.572209047696
220.79282862102482 163.73698296180942 1312.9872732118524
44.30701748556907 38.069234597059435 703.8452675507233
16.70131207558937 6.399640607562805 439.39022420089117
90.52843269116954 687.9688589538735 866.0537887027672
466.6391453475165 111.85834084342561 911.7459144321808
166.65331298232107 81.42752241226522 85.04596539018571
311.79467721723506 5.9955417425489 1240.5902106153937
275.95199780433427 208.67668761789395 514.3681010828486
122.54605825313986 11.109043032487955 922.0744122718589
402.86732792025106 573.4566050052944 280.23190464733835
38.17311018932689 169.7834250979125 232.9542210151414
86.65293442202471 41.35150480731073 447.1089856481138
103.75416193771423 162.80781495605083 1446.6327199245056
107.70095228898036 15.422960239337783 64.05411538963168
50.68936866491204 242.3416354720849 808.9048295061407
90.54514875651265 298.4987727800439 404.2263812183655
29.832078206648728 226.9918441289767 933.7120451309908
82.41397435557661 67.93707922211199 60.850627334978256
65.58922069632254 52.58053813772047 498.466000951525
55.95525363877606 344.86353632297124 882.6676895105039
144.28759381657912 91.49137578461955 1495.7605244690299
277.0460044300939 98.8552810674139 244.41670168306013
115.00227007712698 59.07983769333798 1232.910599533621
594.3244218289384 492.44450563752594 1144.6722111100216
60.6600800404711 0.545043642345083 932.8035809591554
36.29355881218769 83.04224977349509 1377.6641777600737
133.32746914263745 178.88422294471243 1122.472467797896
46.461595354707605 184.95534875433617 1174.608351071185
78.3106453488194 17.743637177964857 1156.2773161727962
232.35806634222928 9.429761587715626 758.3414927054052
141.28842495065402 16.02228451466433 772.392668976323
125.43867850100877 16.294432119214562 345.16353324068973
188.13441749560042 420.37785191379544 1236.5313372422318
577.3952766474956 203.50899359771205 84.55304415990084
226.15485070146798 24.84074911497988 826.2646325197117
375.6089066067479 215.8336132739813 1099.1646244383085
123.37628689562013 32.4147974684106 451.7035114158538
595.539168573504 106.10220797120789 458.7125348583236
49.000659151365646 24.916266864464117 1032.7026878828524
103.8970141759543 232.7140708835492 563.1797424571392
380.44303063365976 600.5473591510145 304.82037442366146
81.06164657784105 803.608841328537 522.4852172890604
97.33618250760006 226.77170659212123 1292.8923728303178
264.88251614605525 510.30341270678593 1362.8300556922459
163.35669783062002 109.821496234826 795.8683501988537
128.10163585394508 26.988971174457895 1494.2623960938363
55.62283216805374 130.28029282754133 1315.5648180435849
147.95197115298774 157.5245196015602 43.613140111448956
7.619997277777038 459.51632186831074 488.0030494202352
86.33316316764224 66.11934531770895 504.8053368646456
191.20408321279433 148.02171259618856 658.6085125719518
677.7121306257753 143.49731746314902 250.9217692794018
9.7916882507844 42.925382902487605 239.8957096348121
561.8759579444135 398.2248142647155 564.7405308594076
53.41919806250347 369.0294675349154 842.0508710421133
155.22081358892243 22.60161255253723 1453.7051008524568
34.40272859025533 353.8500455828472 267.5917555828029
231.2891965737704 507.94165590149964 154.29414249476898
111.69138124898161 89.02879006620556 1392.6869107262537
528.9927648396464 184.794919639574 1115.210642648392
110.72116654386596 93.74580395178788 924.5671136263506
213.1020653412955 111.12224028880647 1487.8595069459157
21.04327780895909 152.537804803122 488.49564034445643
507.86809680996976 21.673418773741947 399.15496191901565
1.4671310026487674 268.16573273401536 1287.3350942351071
385.160437039064 101.60657958877624 4.710618671540379
558.5811051440367 212.07875300960873 64.7916668249049
442.8460898702774 37.64991936273443 741.3286603437775
191.94449967006946 35.57671085225449 90.94592986947869
133.45824138861835 36.3599238393644 410.73643635926015
15.047792521977998 220.04331637851146 944.8279245721178
229.744729779169 0.42471703334754457 90.2005850207201
283.26830873167484 243.27070224671257 46.1329430028104
783.8460457055551 199.94620195268854 196.85007987543972
59.70469302180433 15.402521296329052 571.6068708278804
215.27990081202466 158.16450707143787 1371.0330735178682
43.89545841517422 13.236590067397222 160.04699878211065
57.40382588192321 40.1859329695937 938.3150751127641
93.50217512781082 110.00171103981901 1145.8077456708845
273.71576524841646 129.19857375578914 971.3078590991295
27.550986519254717 72.034246727905 65.37221600304765
116.93252780497005 229.53705707322095 1307.0771993549583
446.00392717702454 40.63791722200329 353.75983188046513
88.09766175301775 243.42084928276546 233.73544558273417
84.80425765839958 26.522382290760575 1001.2764536552324
825.2470292633897 141.7533071821852 225.75913125943703
110.930679502745 26.876366467297665 1228.4319961785231
135.80977992141936 67.83844943274165 635.065521117856
7.335254266341691 9.861225657520981 650.637602752672
162.11683779065189 221.16734493560563 1240.475779987545
157.55267739607817 30.257077335161497 388.67342811370435
388.0888523842633 130.53330153202626 1407.6659964801486
118.7646673600847 402.06465161177255 310.45077582138856
488.5351690241043 42.412226452407445 182.99858389198064
185.48025095491016 143.0885349103201 575.5400520455121
279.3769786524778 75.91366921134757 1462.5992635353443
325.7480089381047 907.0364461284912 1351.3311449519965
266.51846871206254 281.84994976726216 707.2258687840599
180.15546749970767 147.6109174891673 442.2726266177795
194.37713255816743 321.64036420948884 830.8909353576246
16.711416412135307 122.6706078208284 436.81854924078937
134.58927616676664 104.8262844128518 391.8976803681184
214.3337714247269 128.4277883255192 639.4800622695043
72.88697995520185 157.7997754184054 354.9782240618282
25.207333166838165 86.00390476956966 318.17151506092495
234.29975911784013 294.44860678232783 1046.3175976662196
123.11732542680738 35.01300232319752 773.2151813696287
723.5261772661922 139.7011841133398 862.9768149606333
402.90784385440423 97.48913478197902 55.919345621734564
362.43886392908445 501.0113501635549 1433.26044218207
133.7937248210253 164.53965843677418 1276.474149340905
74.0618871999651 272.64509771001553 1328.3034977057787
23.111515558914835 87.73423204138771 504.85592257865954
485.2166208732904 118.31076459512127 900.8681861631522
48.327588514536416 36.85149182064993 597.3775288850463
273.8564065458363 218.55575658579056 279.2387969653313
269.3963699087007 86.48131329045565 995.3027450011876
112.29531731298918 83.15655102459493 618.1159770656009
84.63867076883346 576.9986120766134 710.148635288209
135.83464085980842 171.76957865118757 943.7679447789384
227.40782768166318 141.54839582958024 499.230914751549
452.4311117066388 148.1734965493545 1428.3752947352036
181.5425450766269 195.0646580024959 560.7776848032515
13.31094162877679 67.01231469618166 497.5759254879726
733.8668286964584 307.5519157669044 732.7784977632128
779.8901516110998 48.76486044118517 48.811870977721604
77.88660692666757 431.28806737070926 1161.911607400637
74.05025317589549 147.2017233051892 1444.5586983610458
15.255525001075693 124.88603945744971 300.8528499295742
273.57334821464514 55.63377133418689 1254.5495517671861
552.0164097559528 102.00672026643005 1155.7334325725053
202.68318266187615 69.8197430492354 692.4492678233612
2000 20.958284251575147 928.6806729972279
7.606356875299471 346.750500644962 1237.634884649928
154.18943821572296 152.1056772427381 724.9264343306089
120.19525801424382 282.30881881399233 302.5688732755497
6.846696642113479 143.188281229254 191.56858535267475
295.3821414106791 40.00993012624715 293.6555010263964
44.41404489379322 179.90041038923977 865.0251601461588
83.04200610191693 563.9632974735958 1003.804652941646
53.428847628961165 19.32755945946748 1245.049473232627
562.457394898941 88.3973217652871 538.3646192415569
73.45524940321874 55.02913537372673 488.25047008022244
30.30455496139208 7.63686185237946 413.802225538326
79.72667606063844 18.520165232985995 148.94112604420272
266.003765759306 91.5739851837356 130.30413239941763
407.7918888212924 88.00308500591511 983.2903476768604
295.6590300616124 39.49125633582117 471.33335087989565
201.30822179958977 718.1648447109394 716.8619382800669
8.139198339419295 113.39285214339934 417.30999305710066
4.145933032589009 2.507428262198532 1466.3741375104123
48.01738751699268 14.136694062598231 528.8942581181616
192.46665777829298 322.752191112565 1074.2272038765368
26.449204751059707 180.4307055510941 675.5356068527701
504.0536255578842 399.2957754209773 1403.4334576686422
152.28080081031476 105.06879716331288 20.808249299960668
100.36677448444371 1409.7990376522964 1085.7345390993298
32.16390578535168 139.39533059640624 912.194788965259
428.6261892456622 86.17287185891519 698.5819949381449
651.9645149819851 314.0162044539327 401.1444302892154
812.2589457339807 15.413938132025804 664.4026550615805
264.04198412950456 18.182471539357717 465.37818246400184
107.86183337401984 46.90506207599292 445.95428902486145
222.23468799320406 278.1517675990802 386.11688747769887
376.8838417074284 74.50862588162546 554.1866773272882
37.69658681614823 47.976968707663886 374.76026694389594
27.594121126005877 280.0655394211492 849.3575181835554
55.4102964826835 6.095384895423304 821.8610579181054
421.8428264247254 294.4924379396365 1045.5691851719005
271.0506171277297 601.921672954449 777.8629258500582
208.07662315396448 196.89197652577604 760.5272865779156
178.29369194004903 44.65162802492979 94.2246161655887
328.95552269689614 57.01440284137019 1004.9123765206388
493.76200751282397 158.02545694066896 920.3813686429079
138.05661766276145 106.38477787213641 1326.852890358958
401.6181879380758 116.30582477089561 1277.0065507934187
56.07911818466178 10.850807703627954 437.34707681155
30.17026345336302 20.68335868085945 847.3902770940409
118.38996616495751 310.0359714097841 775.9487150391732
232.39229959217207 139.51418345441712 403.31865085880276
271.70187004356745 194.65318997599095 262.09247739171315
125.17232222808123 620.6693518732928 72.57344344907685
65.5402356895498 47.90169542637279 1408.0223314861962
236.87461048397677 93.80052795668391 864.1979985807426
15.565917641607072 625.9710937311322 1005.8875200379999
259.1112100925798 78.58329886508075 252.54109395115708
161.67453816726498 49.10625202700935 663.3351739847083
594.1905785649844 15.724269502009914 48.86195116243947
380.3491937897529 3.1594161904092504 48.798188278431184
41.6972245399397 429.986221831003 797.9514735321542
195.48967046948246 10.169632190018781 1259.9099734619504
35.324842151672065 103.6591305712789 827.1596535947349
83.97834088025206 107.14230018317072 232.19094401669
342.35017328173916 317.6987294433178 594.5183094264393
163.33947634326188 17.29648742329462 206.3308863224129
513.0244566155377 138.59927163075366 415.3458702558096
318.23855454198076 139.9639949977842 216.11945311797132
39.052530390269666 221.2725937258247 1047.9796379705738
67.86963755029517 63.66147073275085 583.2785103358244
297.8475165742809 4.652088975945506 503.59299814812584
91.06138917777896 358.93863491545466 825.2688144008895
907.4444749434612 145.2674079767912 287.16746982609675
147.76034339124533 46.560483813747474 348.56225429606747
182.925647481799 17.787642267170813 1411.7393140262302
6.105287884871116 17.794427418055175 1171.917579274375
442.83567906271185 20.905091319516394 734.1472544150931
265.17694886733284 125.71984135667422 705.3523328329081
234.91936669407036 338.26334063586285 783.5439576593501
4.256153087671088 194.4317974476291 264.7779032093098
62.220274530108696 14.493391037008777 658.5860476883571
679.0205796538409 31.69989898255301 1290.347591027353
28.957856871725802 137.99531213165332 390.3060628420469
106.95529726641313 144.13687085145793 1463.7998039346755
201.8777849537682 204.61216373566856 160.7019768940038
223.60681381633393 9.393590469851045 987.9628938312783
585.5066322654249 429.8909515841092 152.09431706146765
169.7685761746688 11.882422415541622 495.00700094233395
313.5790886081236 561.5297290384864 169.25474880782033
330.6617210133406 127.90881524860234 201.9365984014009
376.4170836303169 103.57225277767472 129.4645827884918
240.2882314101864 122.74332573953963 1488.6931683993314
77.476461918343 62.22091419838893 1287.2852117546547
304.25836237683205 371.07182135212133 1155.9530322890016
94.8250846837113 32.68731192297271 1084.1583391410984
47.599186108904185 21.744361000375086 246.62355155856903
260.4734340804556 287.9204659376012 524.2514959040277
342.2376180856695 383.53388461451505 705.4626190927248
261.5845974877056 206.5551312095645 73.94820664248553
158.97976311793965 176.64317961377807 1002.9019590014234
305.6295732039051 126.0853785108424 953.201539249941
242.69425838420852 72.58626180854081 741.9929203544057
98.40763083199371 154.85412079932684 146.19505886852474
59.891684990331875 52.579783617106216 1150.4188114997924
141.32203900850493 103.00319493520638 1204.6816312921985
26.0375039876094 97.82198264842175 1264.626854011167
790.0984267074341 706.6797271990919 1328.8023620946803
184.80267063006096 200.46930338234068 1057.1076213379997
40.136309933766704 256.8858535468608 851.1088061181698
95.13843416662444 98.80087471006864 760.6405547431499
490.6319675718264 227.48554659988764 82.69522379713767
348.2344670848903 59.41358054918111 816.6823137517222
223.931114600177 11.84470985815663 612.7617940753846
319.1473195254525 160.35772878274926 828.1139920787673
40.70083880883492 64.96870118108865 236.5584299887395
329.70142125314237 324.3874503600939 741.3009258725326
54.346791756006596 354.05019654968595 1219.2583512164638
99.1857665143484 70.22966007418472 857.3299694242063
59.37311335274777 242.65755302190323 195.1365333194856
429.2633706686064 127.54560492813883 627.4203221374042
110.65891198799183 145.41876060732838 951.6379810314862
38.43581757826006 162.52940511593152 1353.0401916232174
182.60111124934176 194.66353138835802 608.1825314814588
105.89158339361194 93.76398340345246 614.3135169120314
140.63281575468542 341.78589717918953 159.55566877484046
138.70484198627494 674.4963936603466 760.0242712642624
197.64188083097852 422.71437218854555 901.4684546517659
168.78168832213788 278.45318189309853 1249.9864131681054
212.43653839449448 185.5513549454615 1183.379253549648
3.985024879807512 283.8632546758596 1447.877375690668
75.28091895242429 205.5617869111627 717.5360442157157
123.3441971631251 52.77317962831176 424.69724663801395
89.17397701991928 125.67901803987851 439.1345099314451
607.4444575999947 539.4893706469878 65.01323585576473
226.29040541671054 570.2666737883559 81.02383467236618
228.87607538390077 10.347209439783917 1274.476169576319
104.8080968620828 141.17404364757968 429.1412039720735
732.7651769997908 460.00224155658316 1210.1211735819536
149.53157435445405 67.89964475912706 1416.1408731505499
35.16156478888588 97.35205738344838 298.73385601238135
437.95057829949224 559.8065497370902 438.80776660434213
76.58382413942152 121.38260630230661 785.308669377
737.5222696810979 304.3714437994011 42.62204223976207
691.3012070574981 216.62720173525022 1270.7521792774842
167.9730912145206 108.47270759594912 293.03904885816934
109.13970369934137 69.71411431315076 1210.8793629455456
113.03139482487303 115.78623268876127 154.1326334834217
43.987285390327514 106.84530940421158 995.2067007853061
353.23432184716256 114.55046391465606 1178.660517437877
506.2560570176931 175.1486897103161 80.3167261240706
95.13182535129631 306.9549164470882 941.8500805147806
297.7761100708009 22.417524369132902 1212.3658112870633
195.84183444775312 26.869419245598774 1348.3331047816607
482.0274328002725 79.41149806855394 1281.2849110917448
202.95606008830936 233.2913620420016 287.8325659168263
350.38706991308317 9.784062447863706 1293.1256092730496
43.41135615521241 224.51176737278135 483.71900117696106
216.74866901365758 49.47968185094917 320.50159637955005
14.347873491350343 236.21048997012585 391.8866363328571
30.366938907099 338.1630077198074 1110.9805056639825
53.15495838077844 1.6428933312350527 1202.6326654970276
154.50257862309996 66.07468629771903 230.76120058432693
69.76779037032752 64.13242327719072 75.60716000422518
551.8068917603536 479.34721544881364 228.14358090462395
606.6570419799838 150.38383139959106 16.803655280913098
482.4388554047979 125.86728757332999 1308.0565571566437
241.526548972682 347.34349606138557 447.4111754376906
362.27147796865 118.17150945332821 653.6572613270159
176.20722866739445 374.1864745852487 1115.3873165628604
8.565885254215178 0.40697176508959115 838.4938861163038
37.31403068331717 113.98288981137516 934.9425167925981
395.55556025055574 111.36269976366424 794.9247772556349
126.98833249223323 171.71460552449759 267.15398209567445
56.240427267704405 125.49052813440755 1179.2377769811606
487.4921632062269 78.05086516734553 1300.9672748924504
296.7901033604102 387.40215303198664 775.4410519616492
306.81352754486284 198.47276609210002 1024.3237035623795
508.7276978922323 66.48184059615106 1204.8995830347317
413.370691064529 117.5914336430667 804.2518773987006
136.8501892772352 123.72264329482385 12.462633006060042
514.0128330646419 102.52276220538079 1463.4374811616299
195.92855397294738 214.04282289733075 408.20625156348854
339.3744983546184 43.16250881629682 790.0593527789786
9.37336252053663 67.56899580547463 602.182261621608
0.4725294959161853 65.88999990405864 1326.08290806137
466.1721124746568 465.111681382662 637.2212521249445
302.61714254807583 318.55235314125855 954.7786006249539
1.941093736709798 304.56808735669927 1361.4875248335718
268.5828679213648 273.185305689866 378.4281969113701
120.44059775638614 181.07804179866903 1170.243973848625
24.95583502901534 205.09514385162672 873.0163194995398
312.2181083484464 37.37812098715893 1139.0213061712016
2.1119839428497023 36.7860960266151 872.507971843676
155.7292349169682 86.46639899199222 1011.6196814372138
270.7539041242431 83.60750281165448 377.421271242866
74.45836587598427 307.2828227738995 973.4292324822128
119.84050185938942 64.92388441372012 196.01509547504702
466.4629728437848 17.18145900355531 1313.5978146269038
324.71924374095147 24.97109738751443 765.1720299189532
102.1136107107959 330.4207399836459 829.4222250601254
484.73213002086936 39.38604799795327 1328.8471120526133
56.02191837012324 34.10429306804195 1109.9576368767111
820.4320878863629 35.204838077763974 1066.323173497435
637.1032034627614 20.98069797421862 1204.1151654378452
152.97091369557057 14.613029351476866 975.8093708904928
52.10758573306544 38.45559576808904 228.08117525941952
260.98074608371684 433.8434462772069 991.0031399620906
340.4010274396214 144.74447286344326 1263.795370565044
112.27315756897099 35.94995631341488 1485.7533518508988
440.98534022648863 822.7424842804649 462.02066505179135
142.5061618989736 52.66107809685728 1333.734343598183
22.43967194761568 45.04217820350883 664.8993587202
352.55797004948954 551.204878290255 222.6917126237577
117.45215502887554 237.8026939846234 991.824103481027
637.3946447347778 433.9573336568966 760.7700385826552
90.67743859685712 269.90571087462183 1340.7158834173463
27.375532357728975 32.62626553226566 1160.969148205801
96.51626166586992 213.11179192903276 178.530861092101
96.28917266523946 35.26470219624143 293.383615395933
26.939910453121822 56.25647732411472 664.4093677672516
192.6749520521345 196.1868001009502 986.1204243728713
27.574095863562803 60.39765884370241 203.05410313936488
97.05994242753029 397.29913911787145 1164.5571744669778
3.7610587901572625 149.3044575737817 37.55336676122201
305.17358760092384 127.06871413852387 832.2508470212871
19.826574222638392 10.938837039984822 796.2536317679283
7.477607820159796 231.7093402569765 1183.966683764778
13.768603710050783 104.0049594771413 429.7405444985536
35.04253355827668 15.266507679837643 1339.5613870141085
2.5748710291682326 4.353804989929153 1277.8585912674207
40.050280376937955 104.59845950069477 1267.2446119735966
387.4293266428429 533.0207909325951 843.2561554008133
302.02611446770476 54.06505943428442 1031.3624543426624
408.05915514934094 240.342039813495 562.0138827293155
250.81382622293344 137.9703020309656 451.0631706061178
283.9897888453729 533.7643827677836 871.2294101822172
0.5413375550673478 600.1467408308207 136.36338117571512
162.99228036028666 88.17906624772792 1396.6513373000346
29.16938401916432 245.37806402404624 449.43053968574395
780.7852528926729 172.82853667924007 126.41492951114009
23.451814568446352 183.67149400879833 713.1844482101856
50.60469378677537 196.5510226192249 420.5416191588804
102.9778054001191 73.06010956194709 45.54894968746853
32.59196734007259 6.654786768817504 697.6567187145143
210.05014635242185 11.595474131961264 895.983388997165
211.6555102960704 359.4147788758849 298.66831035349384
229.73800231533278 163.9501065043597 1227.9872730757666
189.87837971457358 320.24135445935417 1154.8783774142898
89.59125882853768 203.64052807660795 1154.3649803644203
258.3978833192019 918.8175400671456 842.3684699086938
4.246933015296665 180.07711228801756 1452.9632996202715
63.326439889126675 187.14259992067167 1446.6976381289226
480.9085469780384 332.0748441593704 1100.073629490414
29.33834261283559 77.98430569714938 1107.2938248093058
79.90585512243567 446.86080074023283 1032.421309579278
1.5299461813232278 287.3750998831805 712.4552585458821
7.719472825642971 158.98571543440733 665.871744592556
135.90115412474944 189.89538667393887 208.98575170185197
19.83228077222495 107.94022524131802 308.21888972413876
11.568049125961744 71.62320038702907 551.4271732700618
91.97414860745525 15.915855094952025 32.2242058079305
21.395342457868814 34.51348713140436 257.7702073225757
191.2107671713596 44.783611325375574 719.2426828521681
71.12707749452295 94.90995557513521 1179.6389642205008
128.06454654203904 45.428454643071376 869.2439750633661
26.64635908701557 227.69024725005974 1423.3126465444582
176.99013788757162 76.45328080429162 999.7664740059329
112.21616432076165 12.071780240694494 132.8926882389171
93.35527920455336 38.27183610929611 379.4113787660874
359.3039623752961 48.86830196280268 567.9822542747113
284.9333330403012 215.5308197288742 147.85639009692346
245.6833927815679 79.62534166368003 1008.9504253145714
42.58956005195983 22.58796773884375 56.12598445154959
293.0186166354885 115.86059713665658 947.064594643848
81.01271253599617 114.09561426545889 915.6989776201509
40.65872450741643 732.8538226635507 581.5358153090638
147.0651706008995 155.6202996548164 486.0743798050435
499.1135838048254 37.59863222271012 834.5489696857381
325.4139198368786 68.66362434754157 857.101970581662
197.2785625312321 810.1719336719366 1170.0745768214438
441.7452727457162 379.02452995564397 864.616197539346
535.9071881532846 170.76462163799405 1477.919332244518
127.0679583993521 155.02551494909488 490.558138595671
20.48699250590617 12.510430136541888 421.68527950257186
107.328154699317 417.25647719866527 1076.5780161190369
190.03504439118385 731.7818049502938 503.4884758371667
83.94096922614604 85.05573330025136 869.2936086100502
98.18882561637156 59.25129944693549 1495.788408715374
34.273509762483684 105.28372584745928 282.1930977083024
12.183306031083523 54.34867391734337 824.7690915197662
163.88855256456623 162.5011417140943 1210.2629553616948
646.62486851735 857.1592274679934 36.85480852965556
62.11941815215932 36.63486950169381 453.76005092026924
102.36590747020983 497.01746484747156 1437.1048785325397
49.045687279707394 508.76117125948684 1352.2270594325362
293.46325463411614 21.163003430341778 1290.7201116749322
47.71356152465928 104.78197725323324 467.3956132381609
52.502992275394945 157.97995775791455 156.63318206794708
279.7434757208859 163.72392985156193 509.6216463537856
11.359435368747743 371.4143477661816 741.0773980207813
287.09900047302364 249.49160830325238 948.1601775711871
5.720310683401141 104.73779608597522 1031.3852382546054
489.22471933229906 48.20666437180659 1428.8713461184846
83.67969883933475 163.88011124775645 125.57025259232302
60.38009516436907 40.262561870035704 1362.1448689889644
471.72953914127936 75.78083839958363 1273.269726151639
21.85057754511069 26.500844035040238 272.91056657192854
206.80690355631862 62.54881426854456 426.4496509993485
749.7302265368269 161.00731914838101 920.17123358336
81.48310429438112 251.061114765045 940.7950297198616
673.0207410501873 113.08795655351854 1130.7905456616168
67.08970556199432 286.28720816267304 1269.4247759588304
272.72900874703726 427.4138263461754 1309.7017651119224
342.8540614859507 22.26334533228293 1401.7057488257472
274.9053652762485 152.18998553941495 1498.4844998217145
298.3432327591695 96.83465494698417 145.3798981354009
175.8811462561215 178.75206247444532 111.90716935807087
339.4473951012724 408.21272164104386 1483.4431929681314
54.057565992180734 94.32137059386929 718.0316031053584
169.7507030799074 184.8752073876037 779.5785964635821
35.027718299852864 43.49442360991993 295.470773516589
80.47731388305384 406.22810416541455 90.8283276888488
307.5325206510789 61.77580610766914 536.3325745653235
94.26887244984812 327.0689705378655 825.811069106867
142.8607672311714 46.522563544472305 625.3002114522883
226.19371995663488 61.548131450516905 1050.3965062358982
101.2127615382354 158.48642893034227 442.8914272138817
217.9629729590184 417.33354551728985 1272.6659873822357
271.3217690478166 107.2792919637064 707.0017610559308
532.0675762227802 21.42674958118669 988.1013862099758
160.70728100455267 127.95871645305421 850.6187009367111
380.74388235093096 106.27318387820235 1417.4425485359739
54.613581290846945 131.89101804281006 1321.3370428577562
39.14863982645805 403.76136978073623 784.4608123255194
48.40241901676919 296.06730456178144 123.4790568235633
23.656607545811873 46.78086495053453 58.72160468562754
313.1505933420763 626.3027347040141 1116.6920737454798
7.76480230611606 210.39686546962594 1494.5140448231928
151.15827341657362 55.79570836980591 901.1747947504133
251.3469154852674 17.015626953013356 1033.3822828696382
453.50473079401235 47.20284115092978 267.01047762397883
528.8077019531912 311.2276747688165 115.93389563809986
109.35631669925374 78.2110937069566 288.86151031845304
49.46752916159779 343.33161754744174 959.931430730213
87.34442395061697 450.1231850574341 301.4556195050287
415.7938919863047 260.6200342468669 1386.4406849776537
227.62944026793747 41.614096772197406 1004.8910176469152
51.855768080269456 420.48347630625346 161.64354890510307
113.24936736600468 462.3559321385864 505.9551068946116
72.3294777586204 28.17292572625157 1485.370619336472
29.954891291473785 23.878932210858636 1383.8927508551305
163.55882843520587 57.75603597434045 881.8858634150986
583.0792581609427 482.7395294830579 54.86662816367011
85.73173085995383 352.5135757016262 426.4520711675358
74.76116451810847 247.33510062938046 826.503038506079
185.952072067416 198.82443720699797 1190.1276457057822
198.28520365239507 35.222770836848674 1298.9393030596507
79.47659288095517 365.3616185867319 211.26052385364707
71.63997892328028 137.23110109476403 421.0463721597043
658.550003470288 543.118319248847 536.0710995204754
22.576206487258332 290.16690963776824 293.93995439525304
125.74588486959135 40.92304282879932 1064.2314053680846
161.26348371806424 745.0926261590645 721.6522638759791
88.44783916308307 46.48653568877618 300.742673286031
451.766115305533 322.0714371523226 238.5132194303729
95.47035157182341 2.3775193161670507 556.0518565508049
1009.1433165441944 29.16798060775324 80.18998540020539
12.942403550017689 20.574473191395885 1110.9904427934239
156.13586213281633 46.541313293219766 158.11241643132783
123.00149432595808 159.90334537070515 751.5890002155003
579.303782267882 334.0232585732458 1421.9079270919763
363.60083757422734 223.69485759228374 1398.6501635807417
79.47553032777947 391.8373040106646 842.3436483215688
211.999667527764 37.08182124734775 901.8870618279777
74.8808080863611 140.32724060240764 1312.0241476513525
173.64175777299934 108.44989052032159 926.0439466159186
135.7577116671594 23.154090308409984 292.7998836859578
619.2644571580454 301.0829237585737 607.0878275117444
146.6308165498732 335.6528142056703 244.37802187126445
91.17562392267463 32.83693954995814 1109.5222119868777
34.147275763757264 124.4451424406027 948.1600865186397
282.0734049215898 463.8487514430526 1369.1203392844961
117.1198954394991 306.976887996486 284.9074924538974
213.0885193741838 176.73129776828284 152.94257945505979
37.93192749074405 268.80642719398566 325.6054890455895
9.292731126911313 62.32444149297416 849.8720340683735
18.282919337285595 393.0321065738409 1436.1194883645148
243.25603149127068 139.96245846004362 823.6301021453279
310.0739477976117 183.0523080746205 465.54146207477004
252.49234393132417 78.58823209286665 49.73928955020013
199.61209014621068 431.72383978025596 114.30984414496575
231.69002947719656 378.0330877848368 276.0635585369364
125.79689940094538 362.2790990733791 671.7566148454022
1.739787517809786 122.88000851794745 795.2319014625064
150.1632553426569 306.46768793789636 498.67517283803727
203.25801784102256 154.95006592561828 257.8032127222718
244.2049430027437 285.2953554044104 345.8081751585157
65.31785976868014 156.66133524890796 59.18040879445646
328.2037100791337 196.02675853573018 1335.1004123201074
406.80762978344643 75.72025062404919 1465.2660589057596
22.96212010259674 32.50970189570224 243.25174335820049
97.13405036038581 542.6155872528374 17.508270439116956
26.835819196929016 170.62180423084493 954.3344518435598
156.0190392829982 21.471416644578103 1246.3617162889063
209.54290224784603 2.8573771084997035 959.121347409277
919.4319136725717 35.00826446006246 1056.6088253112484
488.50109441618554 55.78832688153766 1161.4104352874315
253.76463035899732 208.83314011962142 953.0955898213759
34.68387825155783 203.57074152929692 1440.8775674267602
213.6803406609288 2.3154841794931604 60.33175922149303
141.04991656487596 278.6187456782909 448.1632370561272
2.197592418024881 105.49543479415019 176.12216937210417
43.793008259511126 148.17679493783587 688.212948002621
270.6553626040576 3.408337574903571 409.19496625963035
44.67499889742134 255.99148458153502 421.28998839203643
628.2786322524993 488.99717894475083 678.3809782502105
120.8863634560379 129.15235795474837 1101.974513071921
278.30533599205063 219.55100455658072 682.1472450428213
476.2315022621836 381.0173907802305 108.62403543618987
834.506605742342 312.43538879569974 192.67273913045435
146.36784786835756 100.22160438371301 234.3156665721221
72.82880668009733 396.5883177083367 1187.436078238547
410.28471028868256 177.99571499665097 517.6755766416609
267.2918007175779 350.3563490916547 682.6282925523197
56.37894119838517 235.70900789482127 293.60735906765905
899.8469983876026 163.3630547163903 634.824175941632
257.81238498315577 503.427519672528 1016.3121463139651
95.29989066759747 122.41208030651887 1331.125968700771
134.9990851684065 246.45441636889566 849.573584191958
3.2465646113151196 39.968824348301595 126.44735860931355
20.0889887070297 52.92896486229917 353.43448735292196
28.860751920076606 450.26752631559555 19.161191349146456
188.51356040383376 7.872473193140779 990.5868560039028
58.72775015458035 17.687569266214442 966.8337015474963
273.1562117082748 46.87252431384918 1103.1248704064415
157.01521913715985 87.78947951037892 161.2492675961918
110.70049440295233 38.35010279882339 18.02793507062672
424.0500188742251 44.11122530432919 1035.4955397205383
25.387625927290287 25.07584268092827 1415.8498597923874
75.56613539928878 531.6275417520961 1203.261555264412
80.11539834154252 48.46849250864123 579.4341834062128
251.80670516563706 8.173846979390987 452.75538780618746
201.7585640587049 42.8244437718048 893.9234873887491
135.69050930025946 41.23034148067693 1179.183350118579
33.83807622554548 487.4308129975857 901.8161065916438
135.36456061021647 108.30121177356735 49.567823475340504
153.28015659976612 89.36180136015952 1207.0309378082782
101.19513003388269 60.82880855625523 1288.3753329669225
373.2732402436861 209.6775408017284 1089.8554182935356
219.40209955782524 128.74072955405316 455.01873574917676
90.34131917842528 139.77836128611463 235.3101819573222
104.238605327728 51.3743291589488 1013.5103918285098
76.82343392058795 473.2942400201471 860.427199188041
48.653004184059704 220.47011464692025 1060.9218253686695
238.18256877410033 501.9449365837684 1331.79289019846
246.62875155982533 5.992931670277485 1035.6336875172185
300.5962516426458 488.57109675105414 1305.416869552186
147.09567507848732 142.17159716096012 1436.12434896631
73.20502211123541 75.82034094672132 1275.8062888950467
652.6145893042353 47.4685879464634 17.46375203513989
62.99088254819897 20.826967937687122 868.5298837841412
77.68090227987857 38.68004757090969 622.8965582966712
84.51966836374892 70.82380110577378 1069.4543016096484
162.98601790835306 51.40571381595357 252.96553832211643
630.1513759820797 593.5660653783223 668.133571462773
126.65630319179158 479.0839221670626 389.822171870595
98.85443926832957 192.39215428657397 596.2411668047171
315.7272641073708 229.2154538605211 462.785240376814
218.02899460323414 198.79904926683284 865.4722853354333
199.78898073070107 10.993313938336032 498.9442883919563
72.44965141827264 74.64773242118919 817.0028951729447
126.03606335822037 172.01646853367797 1477.1859846358595
30.149082413704704 1110.086200415786 536.9167679403052
152.69440165105297 89.42786923724323 780.4533296932563
93.88228830053302 97.05393288003208 224.47932260823012
124.38077822784845 81.03713676922204 934.7595621054381
704.2846060913122 37.499817125645194 1114.9750692561881
311.6151704092855 108.36711800000639 1125.7587207523068
144.76390006051278 43.19242276945411 1232.7970162014797
1547.547419822609 522.7313675842084 338.32220704469336
57.11795764361543 209.00525992221094 677.940513676266
366.73161946011163 60.34513120590106 350.73379292184165
17.424689784402318 27.451086007189435 634.8399111321547
12.201985152467683 438.8023751716445 1380.7514210842612
91.05750343937599 444.6791315901571 981.4632634273339
147.23046725209156 398.03937188523093 1094.8471410280495
104.34219333203691 127.36966449985783 356.0240747869589
41.509796503854304 308.0386030843489 490.9373259522721
525.7604901206719 86.21634197850723 82.86224974851658
778.3190112051906 157.4101651130235 1024.3633463647484
273.2172574010378 25.037840190889494 1015.5641019425336
10.966163010176349 42.01220997784611 834.5587089437215
49.81489764573009 231.41849218390183 1423.7224301371568
448.6524382422866 19.072823119671128 1273.6250673526254
68.71079129963131 38.50944619996524 876.1025788565153
53.8694208773119 1205.273050930786 885.8125522027632
54.62135447397657 231.24203576791052 672.2982713274263
19.760395729395267 174.00068218342747 1372.9843322056633
229.9244729348466 24.79819691625616 154.88646002882282
390.8585633346989 192.46187011840482 58.67458977011797
35.31970854373151 145.329284948161 1428.270931961059
309.1751594051051 122.97939257227064 1463.5732640126757
469.85575642851194 201.58915392595452 1149.4162143424962
38.70665278165017 681.1383651860568 688.6876850213832
147.8549441239693 892.8772326505759 583.8139703156133
57.39568979581612 323.82619818681496 1048.84069406743
399.01500173288645 256.7702247658757 408.69309653494986
199.0976511824379 80.5474904748105 1182.4062741175258
176.60610493075467 46.7745593852627 1466.1118604890303
214.78704056846126 16.568494743396244 736.5286243061294
5.547205369257879 144.63191898872597 1262.921621673063
80.75228029251129 1014.0970993709981 949.5308892134509
164.82959972130277 77.96101007517802 85.69978550600949
17.135383465315567 86.05530588589774 102.51119013958265
126.48924909664103 173.45643677669602 494.05041380386405
28.55637890850841 28.439426878485325 835.3472757351924
256.91706377473673 174.9396177930421 1393.8303883988
501.296409861735 52.86239308688862 1320.5214847690895
50.869892575069706 435.1106732167299 1171.472986904379
69.005818073243 242.26809713384907 859.8873869747307
650.4794184279957 477.94641164199436 1071.276657137052
219.4461885627584 747.5911153899576 537.5435977972483
191.44626279283725 202.93648225591596 605.3284037086318
465.21024212230236 210.083999057602 56.61399005346696
37.81242332976411 190.55292487860743 351.13073313351407
35.87608717840254 3.0851096894368277 1443.218483231844
461.70688981720326 588.7280613734557 1.100937319400641
219.61180983751865 38.50126868958077 986.1673966475535
209.6727425699516 125.77825234713103 64.1948215905252
667.2198974988123 64.09960817416496 496.4928852531173
18.205226521052207 1.8731709999913242 1192.5158758743853
158.96399707011827 101.9147278162942 730.1494040692141
512.1000721573128 166.03016235271087 1264.6322674434132
44.752977594905225 367.5932855643281 1162.0831407154046
282.53561445464356 143.82392222120916 915.3983423435415
101.38062199332305 396.7924463269263 1491.247906398518
146.58525960270563 6.613983301265767 294.11909491711907
354.90921539631864 226.94334606970568 756.8858131168587
139.32873323558294 6.296326569141485 1417.9204935458308
45.31964098938418 200.95335441927648 1350.3250105711816
90.70442520605076 14.881043886466482 822.8689198521373
128.98988997026092 203.10242908218873 1197.2211751481457
28.829070989798183 292.43115250137413 555.6509991154342
257.68904762382 574.6331621637045 92.78133226173458
161.4172855215929 180.3643032722253 638.291830670702
8.626817457816987 135.18275225040716 1462.865569333003
177.4416543302654 41.057776864929856 999.2021794826977
536.080619519553 115.35961336911089 1445.9812040632096
135.24253595962787 28.206341689832414 174.51715598787644
57.463132473019265 54.720233955117216 577.9645302865125
40.910027891481796 65.19508029511354 751.3499329045345
543.8317067012871 76.85951720954915 521.5579306015392
5.669258905821419 277.13983235934455 142.57050295796503
650.4843803390828 0.9765768827973333 762.4688520010833
602.8153195975863 97.08398993499004 1249.6672397504883
37.610667549045914 94.47426956140757 347.1690203612917
351.64600382095495 383.54247428610284 1432.3498914908455
400.4116941694802 91.56031352974698 337.43894451375314
386.3510153226817 374.44817889582765 595.969126026027
89.56600099932886 401.0577029352014 313.0436172393565
263.3094794896777 270.21653601413806 756.7825942117647
54.877809473160454 2.7981431862934865 1139.7025189375659
344.6807022274727 335.62857657612557 1204.6593365833821
222.45373877838372 9.476979097233745 1411.486994166407
101.06056591405832 18.257586660326808 1027.0227286360716
265.7851806496423 443.2941683871557 1397.344874214221
59.18613241084423 304.64026313434584 1002.4471391591109
204.0781846058493 180.26212286736572 66.4246999261256
299.52074488752174 130.71918783725278 150.05536370909016
101.90576892285097 9.913846606880636 1137.1215145045376
52.953198108056256 424.6229777046377 1279.9581230250596
316.18926240588803 247.80878823673035 1253.3394514130453
140.86281651293183 496.0126906417494 1194.0759844730742
23.60984937439288 332.50189463724934 911.0932477663672
36.20203587143609 122.3162024719819 352.92109284491147
716.0594488388249 340.69629274787775 111.63552978297724
59.9318039899324 160.3892930723807 1400.516523500935
133.67173181614726 19.84242128346243 747.5744755285641
353.74317791540307 324.6956595339794 816.1498032280853
363.249645169538 199.7885127859174 65.0576013048364
120.48223108908233 636.426957636247 239.692663000448
246.35071846607087 153.20945485541742 880.8544792906615
104.508832077171 122.73775950805326 898.4974617209216
273.6594333862486 7.901603852635051 463.20327426490815
175.74805268191685 161.24055029219747 47.41753776382579
647.7243362868549 114.73914351308785 276.10933324119264
214.59100833267456 655.489561992357 1118.9384822334769
315.82930939856493 291.8184742446189 1287.1062969601717
57.15479035106401 64.46828413335687 386.29403865528957
64.33567311393844 71.54494063212438 3.8695192524782485
140.1028900057949 980.3135921922983 580.2071058553436
186.9083790962202 137.7590215874807 16.427085822986854
148.84310451947223 258.49675645675075 1045.1982634070944
642.3355612822265 2.9415517737094525 1376.6128635555374
848.4537912893011 92.16126155309023 1395.6161595661783
66.25694616780822 13.578779579755851 466.61056013800476
101.31974564620579 350.32396229910626 688.810407472552
150.20016331528143 410.2921042103156 769.5148700489015
74.19820537506014 90.26213531884119 8.204979037507554
141.89381751494335 72.764516488845 813.8654914035544
55.64321277110251 326.4094886497198 968.8176044602786
327.77218470891574 5.778029869049386 989.9315550440073
167.2168138160641 104.96633583197075 486.73979006671453
299.6875037101041 141.00640626514053 1422.9585801774724
27.532225260038352 46.09286769496423 1175.3538929699507
44.668312632266534 360.6761515630752 60.53607955792894
92.53936800339054 42.51960053501344 1137.7546569629076
507.59398944541704 86.07730696619312 259.9634236609763
152.24312617582748 42.04658119664661 357.3238071594689
26.264817466123574 521.5756314806106 140.89330194529242
19.059599941288873 242.21400640327434 1133.4063456182375
56.144346328406805 173.48186899378152 794.1791736074312
26.930298110740097 32.643102887508505 426.1722987550375
246.39834923201417 63.17247736025694 1287.473024011137
171.39830702328223 119.62300394553613 983.3634522138534
137.55190445343962 113.66550794047781 879.3344092267885
467.65978042686066 93.625833594548 434.20155323838054
84.53783331895923 174.9494067958619 990.2976160538835
22.72436815429434 234.61326316165062 50.65633977891659
77.06723668691201 228.53574098181357 25.027095558357914
109.18289714738876 15.042992700986973 790.4047871814846
52.03293884180328 98.887428355496 536.6639559061581
370.1139654246439 152.64579046866805 1313.9047860021024
7.245164801851149 134.08217313080817 253.6190613982302
120.15840636540729 22.48511348993187 914.1879723878862
134.29607053601268 30.85129623255573 1499.2966943200306
7.075588670769408 467.8002817222095 236.8916993243772
56.20812435816084 178.32373188499605 197.94099566477576
64.90253851175119 7.0954878157945975 1385.372422631747
70.6513370084107 382.8258087631641 689.2188314295611
121.16874585201309 6.507404253879782 788.1401935074476
18.971121394324594 726.7135351489486 1336.4666821881026
22.24652235455426 122.75159554209864 1145.5526278036853
62.649901570815636 38.214792649833946 96.76410639922788
113.11295915925751 298.7898224671854 76.69282056857169
308.9075550727134 72.16779277771376 635.6273633206437
5.008402002684743 468.36602055829053 553.1227261680172
89.25912864215584 10.496591200878836 878.7284909973927
507.23969467882563 218.7776805267273 1164.4691147362648
321.7211997228346 580.2981685649471 659.9156351304161
73.68878479794634 25.02528047904945 1123.323313253913
106.29739125466762 31.307333100656585 546.1831612964736
69.3703841839268 116.40361238467769 322.0251680179664
126.05975312362332 128.31727738552706 461.9329982624997
57.73527962319868 14.603281339934979 114.36199682284386
128.88272752424947 26.831713549033314 1018.8685240770736
166.15344371959398 21.974440922076035 30.89982912489869
170.6211729766901 234.52275653165503 42.097892903664444
340.9120655261483 13.471359432875229 1122.681540471696
129.40574784739863 185.75723406779366 665.1648221322134
270.69726388120506 138.36760032625776 1391.6086881969775
396.0875917874094 108.06913627139222 1405.0401216511625
170.75648292981484 62.354818719749936 287.20955237895987
331.1565115103295 233.2568568846868 358.25013777502556
183.65230622299117 123.15342109791763 816.2919946414453
243.21573072249402 133.5529104144701 812.414269042262
89.38660709875215 71.96861904355352 1216.1640391327985
113.41505128363569 184.86463125797877 524.3265654224683
914.3930124189294 131.78032134606448 890.8796114168783
37.554928299454296 142.84794362881811 917.5986774732531
428.1493717396363 274.79168035749683 599.2323267088713
16.392905608601986 669.5740779552457 1041.475429341042
227.8877651292441 29.3839503787289 1076.4572375137125
268.14624084096425 968.9147564528178 162.22276911881383
164.11028868542184 165.03749665501553 133.65446102786987
523.9796387774004 463.26898989048414 673.6764530257
511.787757190734 73.4837691003016 875.0955959785973
103.5750336087264 60.72619492695303 1460.7106074262754
198.35331226802887 17.792317157669082 1105.7898350396624
242.30770719392643 273.85580572266474 828.9141480248267
50.806271557895585 172.48428613660445 454.0112387833378
82.25706850899407 509.3500742370824 871.1776613784016
290.2307608025935 329.2335867876839 1294.800855233989
366.72771533209163 114.97394206389441 1057.5593433627266
92.87859657897751 148.4145213737607 514.1594284741275
64.93516141278768 633.0410093746323 826.1565072631037
106.81707767901705 91.43142992126279 642.0279543075585
178.51501739329223 50.979676572931275 1284.5032456781214
677.8063302746374 29.600624085209553 1453.3884651043352
424.8077342695109 96.55596986204998 104.71644208888553
151.37892984788726 96.52313022754969 1121.6620497394924
371.40969910134277 91.93470996461608 682.9523430613044
101.80495187689218 299.0518155712421 829.7413711950561
7.080751525649939 235.86492985148212 1433.5843724463332
310.52307372000877 152.6438896143462 1211.6043172383097
73.20824484242151 39.06950901552165 1059.32248904925
26.234549919677878 14.096343773090375 746.8064021470353
209.4691867703187 18.495012789267513 1055.8160574846452
19.836212474636184 22.418136927334846 1421.6145824302855
349.11643505297076 29.252795153153517 1471.012766873197
74.59580276449391 10.41138746812897 862.5749955852558
52.82573016857862 80.16638758892898 101.13145137616131
261.9269185168056 78.02600728048508 562.7663207646546
58.59873701255982 101.82426970122998 1129.1118039594048
52.062541036795096 20.32049892086106 564.935215889057
395.70503910347776 164.63599656987208 1246.9824428294244
367.12941996569253 156.80978235626728 707.4428327056609
92.48459684528085 44.1826399815663 688.2415525119085
284.3334016535956 137.99841001598156 119.64528178440791
129.60074568127988 251.51912933262287 3.022550785396705
682.9258650579461 543.1832116596937 606.393283994151
553.581451827919 32.55930638877194 1264.0041039354003
475.0763263605794 306.8775311458271 574.8469117644964
236.68616708522165 40.32062528641299 428.44563714782805
259.2887807833315 257.8170083325505 1005.8047462364754
89.92219379712245 296.485014929098 212.7562090782233
23.5746751775107 23.993503622153305 1021.4756764038655
208.08906939266808 403.7901554809619 609.3175463714605
470.7752780852448 603.2446263496023 877.9000250823708
202.63571386243532 220.57925379373208 838.1617732978093
73.41106214045115 620.6746055565656 1171.5622702703033
66.81373050120082 259.4931318157266 939.4850634831952
532.7213585629917 106.52661913005039 163.96655269000325
395.7171394208169 72.66953467116987 1396.6219566897107
229.81608699714548 67.86576354424062 1155.2781005797249
72.77898758965617 95.26077741434307 376.43804090523037
160.54202869793502 106.76021342441868 219.93737480472387
343.0697443485193 645.5881881563237 677.3601359027689
253.28207037007468 12.831276097693815 675.7813483458388
16.68828240528441 121.92618667092373 283.8500356163396
362.2276816868991 56.47927236831515 30.265319737345532
26.841099405051494 35.04801487893536 1011.2099406238265
13.110377925618346 175.97695882865358 1072.8737477479458
114.62545357646687 491.5388021353297 59.72642660103955
217.85613283023747 51.39316979055292 1045.7233977243377
123.56782266893605 232.92618158078673 1167.168508164555
195.47379206700063 139.94668150416635 1073.524457255865
415.13155328810393 134.4184225700913 911.7230702999362
28.31110159556907 103.09122906873066 1357.6335146328233
292.58435613681695 357.281621198413 515.6087101978997
92.39696815889985 412.1585705067518 1240.3457604663504
467.8540099666182 193.42472475800125 801.8479365061283
87.80550100603935 288.9204728194978 608.066698432279
214.45205246872524 185.8380245992148 1386.5283363347028
130.91769698911656 191.82734954781066 639.7612546021354
760.6228004513646 375.825737925057 695.4682653371696
43.91043875391626 230.96330052519312 66.92767069143262
87.39997031123168 311.8997116479537 1237.8694654819194
90.94112415276115 18.45758406049243 1414.0912035902652
144.28716385336858 450.27426280387175 791.3658413489128
399.9622955589236 174.94277087022226 447.05437689570675
553.5239686893194 364.9566388315459 329.49613486003807
224.86924685616816 532.7403181907295 943.6870750954085
79.98866583524375 47.30460772141098 15.457180948570404
266.1647531378152 206.7665275347189 208.84180150568903
73.45582544469383 236.8840591202129 395.4280302908943
275.26930807041964 135.96732938219554 38.17570448598834
145.1375864025189 110.30588879980847 158.88684707324373
26.909810331992972 29.794702312770927 57.65803862243868
298.34371848671987 127.09774431507854 700.0942090132203
265.2425168254733 283.9226738184601 338.26783496577895
428.0216830144715 25.795610926167207 173.87611688052206
34.69493435447954 42.8165561344411 1373.8635910080711
49.763938329551216 100.64950897168052 1208.499806789841
70.52687994862914 173.31730962338338 1127.8913550192685
125.34188635202015 138.665750188462 1166.6783082023708
42.35408809566505 549.1035711398637 312.2210655046279
88.3281369489743 24.203259365057043 24.25013994349229
81.83081859201097 324.5730411974334 25.849673787755766
543.1980224286676 335.56252246700524 888.920915204006
252.08230923590457 704.0942000496358 300.93162700816856
11.048605621340084 317.73318836713094 608.3328673625793
408.41481265375074 70.57774384638799 667.0954173067475
506.05864319426576 204.19671200147235 941.8371159323469
203.5781965234159 107.04769092510989 875.1246225079416
169.83043824747716 187.20225886213476 1375.2662290658911
181.0893888764733 76.84994791018227 1335.716231490148
68.63543852358296 90.65152437435364 330.0577076323012
297.02664350229634 52.86881375397711 1443.472355756094
2.198363426562833 184.07337378114167 704.8083539969174
130.7267867782013 5.452189471565863 988.8675694134076
146.6806721404057 72.67065898641988 1491.988018858147
410.43693403390284 73.15199887089292 580.2770795817129
7.923859365886747 11.321760779160533 65.35678886960228
92.59939456244031 36.78736312301141 1080.4079790119647
238.3185466634532 375.566509830547 970.1315564062355
130.4440077419929 184.6394826457606 79.007442079008
129.10503709937643 358.93012076191184 267.68912367642423
87.6562244332237 438.11891043522576 861.0952066874258
108.80876391263077 11.329643597049515 1356.4697037214717
42.33493418689168 140.94471822958235 245.2982735377438
426.0005789307921 11.434298984085817 1015.3130170061726
71.88140952183197 114.23267901730159 815.2010895587159
74.27426655708764 166.64320430454765 254.10362683875516
5.031384692185607 378.1773448011911 363.3216202691799
130.25531076923275 320.68894257241385 1456.875752379822
141.9974403494619 113.92024767128636 1023.1411565879348
168.75667761577063 58.69785048037643 921.3828654648079
487.6287701048977 2.7510451510914096 915.6146321111198
269.5331784100863 219.30285457306366 316.2691616328124
540.6538489751648 282.9883090272071 1187.3245024689272
370.7943931880918 692.8389035803364 967.2375099767888
255.2637070630919 333.73549746187166 939.0435272090284
10.213615258594732 548.0897449621364 1106.6407113013888
187.9159239639731 69.41207660103949 877.1244950210693
55.23067018581005 316.62116108592136 1284.6998871405078
288.6162317330594 222.56462138349255 577.340091507558
474.4859733607906 261.79729626875815 385.02015466977366
79.0601106405228 1007.1676024815456 551.1439180305769
37.62027437005527 158.7066840407209 352.8667863827361
134.72184818683587 214.00587735231755 510.0385657693563
65.3627626037107 42.182303823557156 728.0052859117418
72.7131506388833 96.73928196891066 1468.5853394055607
57.4112027579056 103.44438354544737 938.0905965846546
196.0262352010802 252.08953481240073 267.55885141486226
22.122092867595747 382.2561718878995 860.9213167259988
168.65559540359993 81.64334658271275 945.4752293038691
56.01967209909059 109.55862616420701 91.69936097161718
953.4256862781402 52.82187853426274 171.71868167156245
159.91893844701534 32.65269654856845 1386.324264187973
183.485167715306 299.9158827406418 1306.1474696387663
853.4022417508231 21.071546538761012 596.5432705220696
173.89699964582422 250.1080015008507 596.5339029683075
110.46595163386455 551.114956443396 957.0408810178476
26.825761793733456 161.2300928339447 465.60098925697804
38.74652581770394 51.557233761952645 871.1697634249667
51.05679104172873 525.0287284581404 986.7556493784966
184.23472846268254 254.29066776784 1314.105481453382
102.98363049442261 237.70492051903383 807.4242142672286
17.799387464535833 153.8265659000905 409.219927965481
49.01136665687054 308.7577175333132 194.57747212262882
148.44445136194693 24.973349305816384 1496.737909092536
486.2027225067673 212.63760526915928 682.6730911237192
4.452063262338902 53.63869898260407 3.0386978347992644
281.323177764519 96.0718799413386 1041.843916684775
36.598916625548625 432.23994382673953 1377.230562689429
196.7199243497128 70.85745425931415 516.2128483284955
6.475972477519955 80.77958458859302 608.6890783741619
131.2178124299707 478.21186347122324 307.9230497982378
122.92022984368212 312.76316761684365 460.489611287854
90.89607365620745 88.24514147505546 1474.588490739674
101.41185265445758 43.738022148612956 204.41976451319505
45.01019443480609 242.66601011767725 140.24168560139861
0.10165141567640644 54.1798018947436 432.9208402175218
551.7273697656088 387.69697773716047 382.925475965076
40.44483126699482 356.2348959965157 1085.3700678371415
128.59291758428813 61.773110404878686 1168.673544665493
34.03783530741824 26.591097082991595 1233.7527124262604
13.059341715165232 219.1354058585806 1191.3187981993108
483.35161973576567 403.4476058717363 1076.5592446273267
295.2052975779109 430.29873281266316 1192.4288825685157
22.75450602526433 555.2965590954311 106.10460894729728
99.57719686431896 47.094496817668855 979.412342831353
10.576107950404698 330.7053941317563 153.4761901464951
15.689405619307905 33.351160030451204 645.938132269744
15.804280695939818 75.46678998979442 1075.5678232570137
83.91362955645093 62.14204094424155 656.1847495688035
21.537651877342075 20.200649175739787 1461.0057779048536
97.41982595595977 146.757368991311 1077.2655309914808
242.87038366045772 198.73035667789742 126.01232337990531
11.538008472624457 205.89324445918757 1358.7005200792516
211.4571567345598 199.7520045678585 880.3158409674185
774.5396187630894 11.951516855230182 783.8601443892029
119.82322988001984 348.3714721282432 706.4543565412944
55.08617742545064 103.76492593159574 288.5537490465949
3.441792138293154 362.865170868307 101.6502230395876
230.1587482440703 102.90337062231917 822.249472006997
37.663628942500935 320.5699009351498 1057.2138531429657
0.3352750717885133 110.37200801655705 850.0832868777965
94.0335851650099 152.66345029503483 1026.29117171575
138.1512096604209 217.21367121723011 144.58114946782885
