2000
6.388327091668137 125.16346193898016 347.6456212349193
534.2549889446261 36.13851324667463 38.5481041881266
202.6771850286159 535.0030835454071 62.265721694284906
101.5800744273595 206.71468086003256 82.22086022324204
251.4330252404894 323.3083802744106 749.5113474315253
361.50203763978783 151.234176811205 785.6844949979751
421.47091892752985 286.62139508372064 131.67437831101287
111.542366963516 138.7608622379006 624.8847270453183
490.9413462798533 297.09001288794343 80.15837927897451
151.31539013783674 447.4349342332215 1391.6497564869437
48.842550755233404 52.46790531567929 1160.5460573982825
148.15163005122525 42.936774624040225 660.675911497961
450.14386959774504 2.6542484804832864 327.06108011512634
161.9179847784068 94.28453890518117 1130.1960050334544
379.90805788775697 250.43621812068045 1071.0214342341735
61.20339938853087 12.436546620886377 686.3402099006878
42.28708981744455 100.79557532610951 747.78302456677
56.581978625041195 62.61841892985727 1067.4012189568887
54.50170345287654 72.37969120726902 6.324670068643734
334.2746258978436 18.951345304353246 822.1050189700676
300.186681473902 240.1804590924368 1382.2023110725459
851.4067608524985 421.3146757656986 1015.134544856008
98.36858008139076 144.77573931733255 1178.325482685084
377.2623859309206 11.777246381516962 167.3832188417677
110.58337759114313 88.10219865540407 864.1595047293132
117.80341670683636 223.68554260615628 199.91403351515592
462.1750605607367 33.131523056643466 1453.141873019322
60.6344454173906 92.63332519636963 843.8688990820615
156.97838541248137 550.2109999713101 1292.9776377298836
1.4029699623329008 26.83405252492197 587.1094633321145
569.0644388101018 11.61022732193158 815.6721834528998
175.66575444357565 288.8791307456762 1070.479943503353
127.93044052906701 2.770901336329958 332.24606977805166
10.032086362296647 126.47280223441358 180.71692287409596
217.10136517727818 2.3964501258906754 844.7323773374533
292.4792838575489 282.3112002094684 931.1970730695691
47.39009876934812 238.74052007042968 519.3441350247456
379.7848360581317 613.4838329778158 1281.4431315098097
8.028618988288502 88.13985221841597 1081.2883613563179
224.2523109878606 75.251280892468 356.881629341795
29.517200379470772 298.30838569708396 970.9486963582896
120.17986524183613 294.02790479106676 514.5279700993465
392.2517359707704 370.8336249207748 797.0382764012028
57.720157137937086 402.90126757037336 82.67528882484626
267.90947226871435 449.6299732928994 146.72704544421467
49.17239489888293 121.83709602323492 807.8444515720532
858.3732044532125 1.9667409138117753 1182.1395406310983
767.1646081908328 250.959870430087 469.8632215119636
295.8425429842322 256.0748690934926 204.886859076984
429.8336009522992 134.31776110683415 196.2914356276379
155.96111754107156 225.48463070847933 1040.5381712873595
392.82300756622874 70.38751549777999 1403.2291799797363
301.0905014704815 5.345938083377257 431.0202167549385
395.36942942185607 414.37896849934236 1228.3964260887476
354.3993015655115 62.80125101678999 1185.4907796155371
36.9714056585401 70.02093442538751 806.4927710918909
35.82833680398815 263.26999773737816 255.59822958120228
376.7479910865217 155.27546199484476 1349.9159094092681
273.7940335721175 0.4975452927859785 171.48665384588242
259.43882723813635 178.00305594424094 1199.1628172815033
36.944927162153554 328.93058416146386 188.41384923706207
311.1292027597052 160.69127251215156 870.8567058291598
159.9116469677766 121.55351928982007 1198.0362971567115
741.8551521404827 45.14508946265407 225.0970436545792
120.49186054447514 153.5626950321235 727.8595861058151
37.42660823854708 17.681656442089675 767.4168441423894
19.940895294521944 33.526313953257905 133.3873979814726
29.335572700569923 106.94767228988067 908.5638638379467
475.38796307954766 39.22126064645033 754.4998948330671
60.12662926481701 45.22115327914272 512.6930451231061
1061.985456990808 20.120397746763388 567.3755494994052
684.0607850921107 20.57013341758046 187.74892533468906
344.45499896995454 11.486715029892954 907.4378333902
54.24852405718929 131.38666784386731 983.8702783393712
7.810911723240005 27.607114537891203 933.4061419478744
217.39731092877932 151.68240490448412 929.2004480630742
309.93524032785587 263.4107324392871 140.99690441166896
45.04631731875714 555.4359794152049 406.390008930022
158.40563751580714 72.2091112326374 1410.5234092637124
288.2549826906645 22.294373999482023 338.1161966369757
590.4141177658169 359.63128909211304 753.5692680322671
405.2873071961293 86.79855221447009 992.9768264789165
2.9427617063979628 161.06899613912938 1335.5561777276757
64.88710028471134 56.034459252964965 754.9863368227847
86.11106945852259 207.0926894106856 723.3912938463573
696.0368004053672 232.27699041983607 77.03219055156634
150.83709350181516 374.1429037172625 474.21802344574274
545.6724539144395 25.666312843659355 932.3388837806428
24.161332362204753 219.08976372145244 601.811170711042
195.9170249073783 384.685159319132 780.4425117151992
35.52517089784858 307.80644625447684 1194.540614311567
101.45494029773604 285.45185783224974 448.7643282076422
175.76624779955284 46.973603372138406 1489.480394263294
20.091340815663614 125.18633942757107 223.50526991095632
45.02308704056319 40.746733491312916 843.6306087267216
129.34599216895145 483.94768177635194 1013.5977362871874
329.28041983645613 42.792318811930876 547.0639353263531
83.13807451405621 76.8689199092451 40.54220094364796
438.62050122123276 567.6001998550805 486.59404227780993
178.88885044738902 537.8136515254005 1390.1844468231504
440.010483247541 94.73743164314926 1150.1197006019156
380.6154821902878 163.41001092374157 814.1057848731779
105.8620088569896 109.56581615467798 5.856366129776025
72.89108021394831 189.38573496024983 664.0725985408608
109.43909831042116 9.777788676323395 667.1387632777052
334.2755212616875 75.90447119048487 1440.876852776405
481.3543244158852 34.87371272406573 992.7726518899427
49.4113421312419 547.1559715466138 986.0871378736747
26.754015685923026 47.703895817597356 1334.7000931103446
85.37996195243714 171.09078439568677 1489.5450626465429
90.15274388435532 202.65894378497111 1080.408367733606
56.90769133137218 227.30759919618356 295.26358583116036
69.00023854348247 63.61508107137804 592.221657388822
160.71175996061444 299.6371554639772 888.685931061149
69.19693758937817 279.516244915437 498.9995748495545
108.58147007518141 810.5550514716192 1191.750508135021
325.20722107872746 199.02195054280332 988.7061395976102
10.91193372269095 225.65949122650002 1033.1371735461098
293.64379310524697 627.5226923522488 160.17233035755356
0.1497308848990745 125.41356047410596 598.7252346197122
31.67182604393845 3.0822112674173803 676.4239983833247
128.85290627759153 162.1418218232123 1140.1152760476293
306.53541488107123 11.754319841297015 1424.7363111886248
282.5514843636379 577.6083165125458 1445.627130398543
182.7440632377987 29.13146505612317 293.1484493654271
4.785840227951697 184.85538780786695 351.65617414953005
589.49912695287 35.985765215119784 633.8061052698735
254.39555044356516 42.506502421501345 805.5832193062216
67.21725879680999 149.03818647857833 775.9149634796565
361.1074416119298 54.938059715947404 806.9238158915542
196.6401591195452 395.26848106295824 1139.8558514296321
233.70053559614746 499.29373319743166 999.6145192493145
158.00136621120768 399.01023388025055 866.665831536641
76.61553761932109 1.2354771347852105 1397.3581333442796
191.356667134541 26.57135736463457 519.5973813556033
146.56847526746503 66.20967846614928 142.35628921561394
668.1488863020911 405.1652657044959 686.7852042839879
169.84454966833562 149.54320283921243 516.8732251183759
162.37753112802358 5.934266560913563 684.0208469811918
63.13312825098198 27.861877903874046 131.21817544879272
316.40152664857135 23.353785102827622 860.9539712531979
366.35643581763003 749.77290187684 1050.6689808034407
192.46265720430668 738.3665828984391 1459.8124264728767
284.88305760470115 429.6355791932085 725.7881698880386
33.86106457543966 182.8286019502844 729.8989649022689
297.12141756695394 642.626601231202 1336.343511388988
175.15447810572923 49.948788231230566 767.4402696087228
14.952826667701943 62.97523963473019 618.1126908358351
60.45822149947232 41.1602381503914 414.551426920812
110.59506334780971 179.69177442688294 1100.1701658753354
16.409851270288023 695.6124647561087 886.1659491742013
166.85213908027148 371.7201789500123 41.17496712424435
23.102240769898437 168.55312915544383 432.2630150490955
96.8296231436434 302.445435137894 999.5683486734397
401.1113692932507 12.22909350677774 787.4645461565955
113.55938903931224 115.28758862455277 1395.9829444500506
101.7402724825811 134.92700965898797 515.9763851724543
25.99386810819756 101.5205749122839 1268.0906421931245
87.55874987790313 336.31990307558664 334.544595522023
38.460765289195564 92.2286711087381 1164.006086511363
73.22837164850627 31.705604279022836 1285.140225222051
69.04826451184489 105.0673861350714 1180.505062257349
117.715119332896 40.1299468755101 305.208164738527
70.61746993953395 283.97327153355815 1264.4730086221516
173.8842405663757 418.27239577883324 393.79507788551524
51.98152704530921 569.8427186774454 835.3935540840671
66.77034152877705 179.43833022598042 752.5429058311931
147.28177316929654 104.8019904626762 1140.5081534541944
6.167979457235344 417.4451445018782 1316.1396066075401
460.1229523471419 222.68216120898998 287.16201780418066
77.14700933297702 262.8563937082149 1398.6676118401206
164.8726434863176 49.59105048787342 447.5490113499327
159.73683308605436 86.343378295026 163.19499167945372
182.9552455719839 6.466232482044154 454.26361222707095
135.339781570889 190.2056909714325 396.4355039046447
519.4971677776534 11.556264005071332 338.01134974693184
165.90467327049618 443.63772343362405 809.4135531024336
501.48046929682613 801.7854727138758 1493.032397942343
407.5079531330357 276.6241265853504 153.26429100983214
207.14439817668463 161.08286978729447 1035.2426059941836
73.87508558060391 205.85449057147548 1397.668503051448
117.7378212811198 11.561826648801363 1196.7545100200273
13.094841973919705 77.58529776980872 1494.824707773793
632.7548759983957 194.3300615248914 172.85165545053675
761.3128634571815 8.701129885738876 669.4961713378391
17.533473036696705 717.9435550059612 784.1661808865583
267.3078818191434 490.3619334507037 1246.8905850169813
6.793100867252269 68.21163675627788 591.4751507171945
274.2339973235203 472.8969980519106 891.6392400994516
859.1599179869651 59.69755650630141 445.6345064468048
203.65975515125422 54.03845616906544 1030.244032906629
229.71959710672226 51.7603328210978 141.90062671123442
0.7178645227825817 20.632948329609587 1108.2947056543685
2.4366358996828783 2.5549543077136554 496.0019024111731
164.93013430093225 36.99712277548435 161.649969496459
10.670377042431776 17.22684897358864 131.35503978584535
316.78612655429095 429.79219131491766 231.27001982330097
127.49072455717787 12.48281967955387 19.444165447359328
316.55406496028064 284.6718804848378 1033.580226223566
81.78818459463344 127.22403225296348 1171.3906462975704
141.985506209551 274.51684602298326 811.3810350735796
281.22170805388066 76.7190091380612 158.36232867896527
173.1286628504253 41.69595265031404 173.3078764718403
192.2794991024055 3.338368718741109 182.43225223164927
126.54617362523102 201.84339280441694 293.47248349895375
24.875416305400037 54.931457966299405 193.30895187629991
1.6939112128754388 563.9250227662982 1461.181423521697
24.801692703481955 50.16661881139226 141.1906388933939
165.3881452378565 330.413837589373 865.8852869446688
323.96598752276 352.8930757656374 567.8121857937423
150.45395407998424 2.844542690000814 1467.5401957938452
90.67534123482275 73.67705624194335 954.8888623963505
30.01746928945327 67.93144097516466 1421.5322705785654
84.33262548055195 271.0531875031124 971.0749275850494
217.70642135145857 421.0911804552225 688.1443130262297
1135.654787947478 8.194777080865702 952.423690046312
579.6388629487456 244.55749576269866 1104.9774402597777
122.47844747110837 3.060160515077 1007.1084980006408
196.37745016884614 43.174566823608416 1365.0158385802195
7.766759682615566 72.54159863647614 758.9486708461401
225.7065468712317 211.2869028060111 1291.9413891380625
57.84206234892593 48.967452384123746 1496.579255387947
132.1414097494091 29.86803418776943 44.48877958500963
408.8327678713112 52.822240040761436 1274.6791062898183
48.61705408487458 494.5808378009629 534.2876345875931
104.3575845673556 255.3602801374303 1055.9161787343996
5.367920304018343 17.51808332862922 290.62421662291695
10.913445268853309 81.50385862388555 45.802624726904774
68.55579115189512 366.511626396928 540.2275244492864
67.21878359174902 273.0221880392812 375.819300647409
112.3303510360151 79.2599663005997 1472.3950620185183
92.26360016852443 226.75019966314517 599.1959741314749
38.382818016164315 551.7552771586927 473.58943221001255
105.28677782269817 306.6611516316704 773.5225234761874
79.55861384969126 295.0755712344847 103.77813295672911
481.5608267622032 390.8927019597722 303.3972405572574
104.45414694349897 111.71630983586655 1381.9987110780944
15.834483479095512 393.9124892109558 757.9415447258572
665.9911174790504 117.31751038307661 250.81784410473367
90.19293779013539 353.31983775484383 265.46420296578856
86.61341571055857 80.27251571857047 1190.6501540757833
297.3740179669858 179.20417126194462 357.3161865965749
196.2238737345924 39.574395622338244 758.2791167635701
60.26644290444138 53.998431242021915 39.547525880384796
20.31501062391216 30.945339119022574 984.2412057729621
480.581405498906 168.0991139839653 668.9460841051304
57.13094103944974 225.65061574087846 33.32724337857507
284.1501703864355 52.84996343517577 336.33598955277773
250.88557584967845 283.03917362276917 1180.1619286080659
174.84569451646982 287.957808583591 465.86756582928297
26.44834008180664 294.8857890825882 1031.5473673656968
125.06863475083159 337.8088321676197 340.3224447051846
417.10969696687874 33.373352783814944 149.1594654865698
159.04549431957335 72.03776293406327 122.48549902548883
275.0600889631536 740.4725915705666 968.7058248978834
89.85140696950926 267.5385049299206 905.3258757978616
16.89245242163961 591.2180474014349 905.4022763163365
75.57266015573177 61.342089185821806 816.2583764020638
361.5847593449356 74.09768317183962 1238.0270843309922
134.68128652273396 257.47277429449946 1156.4569129858887
40.73970190920958 28.77740697096384 126.63700006750022
24.84494177421064 173.23551221740422 484.4585976188858
258.17894282378626 152.09131878289438 150.13341822188718
117.55282156324023 278.8006794733918 562.1399329150763
150.6621406213142 548.0591599694536 1144.743376827868
91.08111449758096 10.705126398229 1105.5894806126767
152.11982529165556 110.40981129975307 1245.1115873471795
200.76387856784748 59.39223717092298 472.78716298446915
146.0394133736876 571.2944012769947 287.0946632884986
149.17667793424286 978.3753499784726 1175.7999818295934
242.8434803366352 203.35931853661197 614.2540458500735
150.68435701044805 917.8791827096505 428.81781172226005
18.857087338868993 299.1615810407897 688.8127910313023
239.7745655740108 205.91290821825353 1474.6067551982237
130.74701510017087 682.2184622188317 178.05463826155037
369.1330360404867 13.437383876736384 154.67664137935304
717.1928987377283 5.478471050594014 895.699098674004
1172.9172873769162 409.2422957750942 1472.5214671130757
225.43696126081306 145.96032530353207 313.39121696559516
117.65025402721814 49.47913583953502 1166.7234689703585
78.41364419479576 110.46021662366516 19.710008555072378
92.30257230275687 8.064952389008692 1245.4442914868582
455.84055455305463 60.97282462777752 1197.125188302656
403.81914200826844 449.2113093920878 307.0003568122909
113.32380812795739 542.2108353609849 16.6178386394496
218.58789427984155 147.03982996494048 1343.7686187845914
248.39438023267434 69.93180313943319 114.47671453674529
466.1520300289336 223.3568968734703 660.4471641080736
63.76363585646034 38.19757900326746 519.8782360983279
78.39664768521973 7.4170065417045645 851.4709020791266
297.28241227396495 332.66004017784076 764.031325636445
20.50372144336212 374.8293902740008 749.2365450459205
20.125885674994255 39.420956084043276 157.12893558520025
49.634459491963796 34.0128234161657 1273.1364143791163
82.68688637499648 258.21901892564375 1426.9954638898
201.6736249448004 75.67907335118835 604.7061437123577
462.73741050679604 419.4533430546609 1100.0797790301588
387.57177090762235 335.67277264824907 316.68469573722086
478.4751788685319 337.3769371116082 517.8512698047259
373.1809016397268 104.22221920926596 1041.9167245478402
75.80291572297429 92.22740498511976 222.90086355303285
41.622401635701216 187.74126694441713 773.8421443990023
711.2821720349256 14.636225511511897 324.9676758104225
80.5044654817996 138.57666169825964 321.90004628420564
187.06646812057025 476.30798075993823 668.2007546367774
238.82371986180266 124.7530494095927 355.83224119137395
91.21311556561727 515.1134117196297 242.95273028596037
45.26804119862182 61.33848507948875 287.0901618965879
124.00184572034718 153.45766815063294 186.99877211967348
117.53969448750084 174.0270706215355 29.873714715031586
384.04300304884003 52.950811848394 1152.2412081919483
583.0203985029277 245.75605396202872 272.1802946658369
180.8335018395264 342.1565966924065 530.2761067507441
173.5323154707762 78.71449878366349 678.3769624496996
235.79849129339573 23.481338775280612 1084.4557668831403
28.87136873771891 181.99528699744374 1102.5261153262697
211.20560927582432 232.93744075312995 1007.2409715245839
92.4308653009305 419.54937506275326 1105.6972160288537
446.7938401381673 50.28612274289127 1093.3717247029392
213.2672451223042 28.197802393835648 82.65457347032567
285.56332144802815 72.10018845740558 1269.7789539458718
175.89033413814968 133.3330987181845 477.77988526930875
271.5533382252713 10.854330205624349 1080.4431149842949
588.298031786056 38.66926187511224 1301.540168910947
68.45562867576828 142.8378620984829 797.8501361082464
43.64121642372874 493.07590264275393 445.94231047621645
130.60006880982823 0.10706850006666861 263.6184498548682
203.07421988931327 11.709613168541749 1165.4810175111857
292.572917205393 191.60229607392495 110.86619649861574
64.28223637134522 61.51924285889005 1205.5927820735048
184.14400989732647 24.00750813354266 640.3303648280382
399.49975165235753 40.64714488784512 556.128391980268
48.864323199085405 666.9254298947899 975.8396369113949
238.9123925117172 18.61723934506025 890.5650489641896
57.21937452809871 111.31107353243922 342.25439049606183
97.08337032805294 113.76380533789813 1430.8714575495658
35.60367753956929 12.124887986177507 1162.8069873677357
47.16383856586108 102.78629791214635 529.106188351414
249.68032144559004 66.1340302837169 288.5688644453891
156.93031401399153 74.0071495122827 997.0170372483639
64.84005271325344 380.9600418406775 893.0287205827285
308.29640751271177 192.97494286384494 674.768090305056
4.986279550993641 701.0282270204295 223.62613872521615
21.809948147799922 81.67422317356917 1036.1482199819866
47.295978483268755 55.55791811979207 1170.3091964559135
228.50111280771847 54.19394375660907 897.4616376683589
20.839339614078185 75.07248974728653 1369.7879235046
330.48778417512443 61.02163943266572 1153.142894743992
281.7396819626674 57.6824301987587 1099.246295919901
795.7952116178815 304.1930598042126 1388.6281797167255
609.721285508059 97.02280985191042 1187.455250588913
201.6207576921067 2.06955526155733 362.33044900426836
136.59681815050934 119.97835548200213 192.99781675035865
193.23034993556254 231.01114860342443 1288.9525946813005
167.85992593526913 47.81728627991414 1085.4922573086244
290.20413332087054 48.030781025597136 1280.828738701453
243.29023753733193 104.01868041048074 1116.1272071337578
71.228356185169 146.39436514921326 411.8930378433484
123.73513765095112 77.88592651060043 1480.3398571682103
698.3831751576071 102.48206965734244 1207.4492061037236
340.3131468557091 61.9941419483829 1498.1910302744013
183.97243001395745 348.97031212058255 705.6440377950978
27.93693742275457 219.32399782070416 885.6534492689024
281.51475280257637 460.6887473119507 1197.0591608552609
176.9262432914693 108.69797723288188 618.8742308141819
335.6236549616068 23.845154291704052 451.4359900645
182.01425909204266 118.33087397717128 236.1176473259209
56.71934722901588 25.109137929800944 518.1755469114304
38.160550542820694 200.13837823988666 552.4668384408569
205.02956652294938 33.97372175610962 290.89436754516123
63.58847155349445 205.11995952919747 1058.8458188692184
90.67104151697981 125.94654637533415 1036.7409932365738
462.3872230806736 76.41489133688512 409.42568431233303
39.82239571527021 258.91751086526284 93.4042783359294
183.10119952687245 38.71496253958572 811.7403592156667
22.502119908861825 565.2200825966612 519.791808248377
194.45316163722126 593.6265811909675 679.9828110994484
135.3507245652868 3.672023475875704 1051.2400950376039
17.02315768739441 168.95974315634834 681.6661635134014
386.5025351442253 57.049262964163695 1131.449073094519
401.42119863273285 604.126062905456 1221.3974463579104
299.15126778392874 108.17029107234914 237.0110311723566
244.38474899146124 359.7517625277212 1048.2702447263614
409.9631163269292 369.0299938474824 451.6125088981738
459.55433087405686 37.6435859367174 494.3388494974445
37.13105461121762 64.35096716445776 1426.9015225133514
16.936427301746555 13.35368106321811 771.1924232189323
657.6550469951075 51.81545435620928 650.8845775095457
28.32655725242985 116.34928957841429 561.6768976019458
39.220813501892046 184.92043481031604 242.91369370932438
212.45385058612007 203.73443771094713 1238.2225012349697
163.72600884594496 315.1617654449559 504.2274940324755
383.6459619128244 187.91146627146418 706.7783849582288
475.0667575363822 935.5792079781869 998.015297371976
127.17120318071522 370.30329029015815 203.59310042799416
83.94841394802722 36.93398913599605 861.4255195683802
282.70007744003806 146.6858060565914 529.1716222196661
38.65626112394251 168.525342993025 408.81303933103317
123.60925738440677 79.84426962973392 1318.702665311597
66.53515483533798 67.45197543693767 1004.0210038257588
119.3641388513744 19.04583660004992 656.2347362705409
223.33834458937304 270.9546783811298 327.2280941384327
444.3835119239487 184.43330959107024 874.7365070470396
14.96470891900139 15.666592250531137 1200.661146539397
152.77845272892165 65.05774644789679 313.05290768415364
323.9962091996098 17.844928374628353 1179.412883491894
75.80809664967907 111.41348390205567 291.2159509534345
234.1130595271734 106.29556762901397 1402.151056079842
573.5142640600734 50.617164648498324 234.0691241703004
68.09464561323996 129.70490634072462 633.9712675723457
1229.1149457139882 324.7932742926365 1191.0659326582297
38.57238464196732 0.45204407377655065 54.392025583094025
466.555878461649 830.4303090869396 794.1134628153341
299.80605703057137 2.893019973313886 427.61590504884634
361.9538754038081 161.7519774566545 1386.4536082366508
207.97954068843472 249.078297787733 1244.6143650453162
9.418929812580306 51.52700714487166 562.8166315718441
784.9049026925661 313.14514847815053 1072.3820339962472
145.95522560189386 55.601255536093916 195.71132111553746
401.190447274128 619.1867397203436 241.96006353992405
619.3900414764397 139.2667302310559 200.74597409570077
103.1745628946164 84.14816694977661 971.0094413677807
383.8467839208272 307.90191407511224 279.2629632522162
32.70861310371497 265.9120755943861 461.03668663690274
321.3856802204766 98.6785588380232 123.76977520198862
327.00627102923164 164.25443847030644 1152.2211836547206
359.61479459316826 176.6865951344919 1436.7804594489746
342.8301596916278 77.96480108008677 219.52601106358648
112.07408489235408 28.37787549140151 107.1172245820845
156.84801234844502 133.13737664218115 630.8789329244046
77.54656881706357 46.6271860009247 1238.5433685616183
1318.4696920081715 169.17717368116683 1452.0749609875538
426.3366329463051 199.14067705317555 862.5631711684192
193.52707176268103 52.44547475891529 124.94641125027567
107.15375812569744 26.693485986700683 1210.4411830239194
322.03068215838385 70.42958982143334 1241.067550408206
330.8502059591235 89.29664214097436 557.0433799518529
400.199417615721 141.28691362161544 607.9746810052721
70.10757521587625 55.999586608315155 310.2183993199466
88.16282913404761 19.958130118605798 319.0398776783328
16.536678851276175 394.38519991749274 159.5911143696469
326.65501701517337 26.50730772238829 1163.415557688567
146.1202770659928 663.6138895609017 982.8359678260381
635.1111218901898 5.678359803331332 1466.468267233661
18.24664363374452 9.262353229167587 1327.9622830270737
20.247491788045906 24.22870265237603 319.40623749403323
26.550074320624983 120.72412532248258 1402.4335368180443
71.01623057293376 162.47636393379773 1158.1955464023913
92.98984742772268 175.667033480859 211.09420195238903
659.5674773900573 249.52069591060564 166.829565896286
558.3972585479129 34.384883514489914 1173.9677273233508
264.9588853907408 445.6383529396875 1181.5135163027082
126.32092083890328 128.18289927337284 979.503574828203
171.4910430859453 460.1195416295473 1181.7450592736832
111.47504715250567 130.06710556079705 310.2251517771671
202.641087609775 82.52615371473189 3.431470075563603
295.4230690825238 161.3979772370157 115.09725035876095
307.9051488044496 92.26717822583903 1477.5249628186361
223.1630609059589 10.659403246109244 486.46564428006593
32.521680098394874 101.80556695982396 456.5871211236731
50.49622034562454 6.3956291949925745 1374.0572195358923
170.38471166209231 46.56332949155066 389.5683375361273
52.15557707279501 206.09626942190155 141.63142544333496
262.17583453070847 144.37604852776926 924.9866507614413
358.2650499549799 421.6345971089826 735.9030885468538
189.1436906298017 339.0825848486152 166.03832820805926
269.27476960629764 43.170142711473275 313.4256568741554
13.162201355309982 147.21247876628573 524.1964410423404
214.55190770382941 102.02543664154244 1060.668772389372
73.0411568448369 95.63459608328148 891.5993347964574
572.7242480134192 162.9501858048886 805.12875534054
268.140748880737 76.43551847484055 1016.7834492431352
22.217332293605658 94.56047103240466 619.3336713161722
502.2011160131519 622.5544798775022 802.691634207335
249.4431311737506 75.6868618991485 1011.0931047546438
327.1624566470601 58.59981915380572 408.2381371173848
107.1576460587455 9.836056821193479 87.1096926425503
53.817105099333894 157.4956071515763 917.6539270935119
40.59772378459024 280.73212594276697 1049.3643956634419
247.0830713383301 91.68875637533434 970.5203895596316
87.91014945695326 12.512876860138178 507.2774819135531
146.64957171091424 70.12753691671266 497.795223733323
501.7574789739661 216.53124098988818 1492.9839651423529
427.7826161590099 14.042813170172549 1339.9000778082427
528.0218448380788 135.1870088231678 574.1566752867419
52.90381082620363 162.52211968212393 1186.6101044600298
379.67810303741356 15.990787698621078 452.3964588785649
7.33162556756496 54.364902914369836 1381.9213018041742
13.214989639418617 326.6153873443902 410.0779072326316
41.26293166784391 580.1603327178151 139.23169584480743
362.7438331017471 81.44755500793048 928.6678734940996
159.37688113821594 49.204056557506284 1043.7044662155454
99.5789513223653 32.26775820152328 1133.0064735737349
2.5175272792321572 611.4565740424952 192.18563500725799
85.33932219078166 35.81982605281876 1233.4390455483324
380.3289307312913 20.97170392778969 1106.4401191781517
107.93792890546823 235.27095341512455 1339.0763442229872
12.56788339066392 97.54954266501389 312.2761715620138
45.93913604001902 38.92008668166578 217.47881709467936
8.705706618596286 115.30742566248637 748.1650105931321
11.22526620104841 79.7661602728743 831.5872526409588
344.0859892721992 85.4022922869278 1436.1997184188444
75.49494501662704 340.6690647054941 1023.3317995742277
14.8346354775966 794.8422143140632 918.5029703726244
654.0859304412551 143.95266335515655 1020.517061224586
115.88161414518328 95.90970716130478 1229.6245686225882
219.933218870974 34.74761465204059 873.5337908406823
500.39410539288855 316.7402056633836 59.81288798116019
99.5541019427401 569.3133174806281 163.60253494570165
106.80510618953372 69.10667341684507 1261.58630467433
659.2134086448658 481.15375031075115 924.7181272975439
154.2641951636613 48.97063226719852 167.32559769926996
289.9870529962622 395.4456940893066 706.7138318354538
238.40532631322708 31.993958171479886 1421.6620356031194
40.06009351308445 139.8116972951938 340.21379488211977
20.206804130441423 235.46896192296356 43.96648115404833
849.597769074497 52.997412981420474 1316.2009990255424
3.4234093405140866 34.66303580242102 248.60375961508734
421.7161302028047 247.4670052931555 1337.9412547354677
28.78681761543734 191.20470558832082 977.466234786073
139.2686089898242 342.4150604796646 402.67566525940236
231.3732247725489 344.8460991064401 1093.5562691512182
30.47496609361304 15.476456551821125 1410.2453267633307
347.51255240987746 90.97175320715947 518.8625524434414
178.21326311362344 32.76847832552505 287.1408886583882
174.51653539738692 145.35843299487212 1182.9150534147643
296.1676322430865 192.099219998639 1492.8941670518236
178.9296317639382 10.638344352303891 623.2405982088992
127.4622216014985 307.54652473501255 170.57348152667228
71.52148913026627 138.48088845877814 780.093998376116
365.07146184616454 246.60699817053273 564.4727427513081
103.72602110794608 76.33044566645809 233.12165662083078
68.80804590672832 322.1415382680172 401.05114817343315
73.397006255239 19.218066105630015 1231.59454287267
211.2779193017304 51.03774262777429 1039.993370050454
279.84372996975696 197.9631997475549 1207.6177998864316
264.546311215145 262.2935985997167 916.8444268103693
56.622917553351684 110.81643051672387 202.65143891285535
39.68426135046507 373.74116637920434 1038.6214019853962
6.861243666150098 226.67865444714775 170.47962552519124
26.597817771488643 275.83498332543405 35.88196335895083
280.8406623002382 314.4465642581089 1093.9916053268078
7.9562969399789765 66.69730050375492 95.01350328568698
235.4090946749049 148.6089513732305 841.5304598662427
148.87168166889035 196.458937722285 248.30461518051987
164.27581406857408 721.4622689904667 15.277315220919297
859.2528409288498 483.58166261638826 82.28296437070803
100.57877328680789 24.796579503891515 572.5947247719039
69.51878573228736 84.11192208777952 720.5287590434542
365.02718796692847 37.73692600809533 136.13327957366468
451.36458179039846 284.5224200116609 378.39648455547365
42.26995846605923 232.09233919855302 30.371706501671092
204.44572366562662 512.2345838087501 663.0206112044104
107.56444889253596 115.03441872893285 109.78116023672813
114.75258180730532 44.23808188254141 1459.0271840367059
173.91702077771654 451.10317613849935 1301.7138639870761
27.12743286922001 335.4330013905409 1421.615379478201
150.30988775639753 316.2002126488766 942.7401143712915
96.06169763642266 193.16129985182994 435.6945239165861
145.488393232664 243.18622774782796 702.8875946339598
149.76549710150348 523.9538616735009 1265.6644650450614
65.1103651072004 202.41935965340576 638.7140610953302
15.09766473872717 164.29570239100363 733.7636104981653
238.0691538200083 571.1858085082052 158.1477448046734
113.54814064839954 348.37674848156985 920.5112618182994
27.98156484731129 282.15726828933913 1354.7450677425677
183.05364860909046 230.8952329510773 149.49781216100038
39.35688222859034 346.25394819949753 704.3538492713632
60.44052528320879 498.38024019644075 157.02611477632678
178.71212658248513 28.245861580963407 2.19980053377572
5.541641722080377 100.39893995650009 355.3881337679239
531.5092554382431 238.3870740663324 117.83406052266082
182.88715938252435 96.63660211640095 879.7091239123862
126.47926413853652 301.47420861482004 69.29501962858792
142.04546238105402 35.57064853346416 220.54075332180156
83.52892207560532 531.3262035355825 754.8287647063979
199.38359631579564 82.60832553255199 649.2266742164577
721.2015274753662 82.49570827557413 486.8654651534895
589.6859577809215 46.284908903883114 270.912643002429
199.77831090112844 56.615214042186125 760.8855891437092
874.2079201507452 140.341656334522 103.42561637082865
23.278904006894912 163.20043333547272 241.00183913727275
532.7805978603711 11.362331400148062 412.3374468256402
126.47998891728423 49.721406134631685 275.84523176474346
874.8583930150653 36.17856052960155 1431.887354919825
92.33788752418944 173.9030628486386 305.6922214486931
284.70874363295184 169.12454390397505 816.0038609310623
48.75859653949479 102.24408019937621 822.7036301291309
135.3149437734539 50.088970243808596 1224.1596101738196
766.9087924896243 155.96930262259863 341.61482481969966
124.39024635253853 77.3190720112981 419.1552498615636
130.68989160007243 380.54101797778026 1057.4851561172518
198.69820764695933 93.18328918763416 134.2307776941005
40.99794485133319 0.7956493416113127 1191.3195054433504
306.88804828804984 195.70647943271405 1296.8235096762992
46.96095779220223 184.75283359946732 1449.9823706348332
551.8333861234831 44.016244951380536 331.0779758210669
87.69516454217487 32.267612837188416 290.5360952293291
13.557097164007804 78.28622500600159 557.3843395194565
220.64517741620003 146.56432130202512 1308.197701463699
100.82866409574692 370.5854269553561 1343.9645151156908
159.1749261971007 81.33786332967671 246.89595728371788
219.96641572969975 483.996034327858 1441.1187849378598
175.43198717765088 604.5571261994172 273.9313883227488
285.71805781551495 421.4367190348399 1108.9507458413882
201.336023776769 134.85962222270555 1360.5341893027555
571.5898796497202 107.89439541197427 64.80007512950564
26.312212368460163 181.1275858670106 662.2692375278643
71.12852231749369 19.581573936015246 458.99504636158946
45.432980503807755 161.29485235607737 584.027950742871
39.14845713373578 188.76040707780152 53.51726408537688
115.75229784335683 182.534244299272 775.4590001956067
168.63650897002236 12.527699355097921 477.6460411249414
59.57728360363731 193.9424177403319 113.00267169460359
666.4938114588944 94.5701623298011 496.02500957203614
20.821090276310862 60.49248259068407 24.905847231281253
45.417931946913185 43.235023594125785 14.057137241168693
92.9340219117855 112.70986591128478 340.09604416392995
172.39091378833103 76.77696766050758 1251.8090560059895
174.39155429005677 320.10277425997117 87.1612963108408
33.72170918022185 13.193142140614448 351.7505938233857
75.77929644967159 227.43651038261575 444.8972402247493
64.69706818393708 65.12907588652568 1154.7513723193917
248.77272885730207 125.52653263765818 218.70545792650796
233.78165356554686 63.95975668502092 290.8434971050246
270.1567018657965 132.77573321267164 929.7111561677762
140.74666096163045 120.71597800930576 828.0558925812167
63.08996851945321 179.60440421343006 974.7582329528188
49.99704499250587 156.84160905868282 739.9564691327688
414.05763993981947 157.578291590725 1042.842567055469
138.63622956359276 230.43768284729592 1400.9668662075558
166.65955052087466 58.421831369103295 739.129407556672
37.85480031727323 321.8774368050604 1267.0358701454727
47.30244034297975 310.612892862731 1428.9955982512718
82.58491493666452 276.634957085154 119.89265909652919
60.01191384531879 14.798020410014109 550.060998240131
57.444065427084276 185.32793114380405 1226.27207312091
247.21566943799834 230.69866349731925 1386.0522667831794
148.52170550239376 365.2826709290018 894.3534785045056
157.23104025754486 33.3785980354308 1428.2556112137013
605.1615569744031 0.3393874444766359 129.7827719968128
34.36316884976328 42.956470149789816 23.224808012494545
29.487462296495764 385.69187688072026 209.7146913747005
18.421656785805016 447.33878407405945 146.28076546757939
93.46070395228064 505.20045017331717 1372.6112634942276
44.02628690213812 232.38648038961438 943.9157532368931
4.042675230142319 17.567070948491235 1081.2467798717953
160.37587836922503 267.9729890468235 779.0985998858749
40.02964012601261 352.79317561322625 199.65271354589564
165.2255091611085 296.13334090559914 619.6204887046707
205.70287516021182 178.6532641887479 125.93193549740833
230.19926153299522 82.63201233802063 962.6123720720879
498.10735222196286 71.08896361329377 1215.3396398224056
102.20736855500702 9.901122718867606 831.4760708198082
481.9839763759693 93.06711150046787 898.8367116585281
36.7221097047196 519.0448945293083 1353.954596250117
52.0746500192784 9.240755088255757 1449.0173990086766
2.3804525251485815 113.75006545122048 829.7726209408106
823.4362821510239 9.601897865390116 1348.5466225442292
119.23155157099012 198.91872029968505 1393.5917584603537
316.57183379392296 100.67065252174083 1332.6441604784577
238.03538293298368 99.30434654470479 192.22877923271292
349.62891737129553 136.25141995134328 1258.7917092386756
336.76253709733646 8.730091446129695 938.3313177697568
885.373908437789 360.60498321541974 707.5053138820335
286.7553556423905 374.10812711811866 1415.5212302128007
276.20568626511886 27.15723468285414 19.552375396667543
269.7769514673208 104.93835007883266 1442.9348895020362
30.80339697753142 7.56771755408315 798.1509204829384
98.50479662092194 240.6399080694089 180.7188790234561
399.1395809532507 712.131335889781 625.480103390936
80.12093947282946 510.22058293212285 13.026372738184522
99.41610570366986 72.36194081659639 1417.8729456512779
1040.313302997351 28.802719048225374 1202.6472863907716
196.8434869122675 36.023897180145205 912.2196443789219
140.1676304178275 136.57225115433945 912.3242218049977
417.5992588624777 153.53073714472782 603.126238006305
10.964979365282158 406.9314013721432 644.196945646741
118.61563289003847 400.459043880064 1188.26973507334
443.7913846514413 569.5851397584818 1434.8382611221393
328.37533107410803 82.33877548256109 690.085288270313
136.49961365342543 152.11833706373005 767.987668489325
249.7054943686356 14.821903713431151 201.86943734004475
151.506126406905 384.7628677446689 423.363927354558
469.7176284727347 168.34765264180723 1278.121856355094
312.61260666428484 50.496759821596406 488.8134676587845
1.737410168362908 165.24583065476344 956.7439828789306
115.9662742166767 13.67021542760853 714.3207923224777
19.81896335549345 372.8987277470569 153.09421210291802
79.21532183141782 20.64218314252414 232.3096251970203
253.92546520722857 23.71674406685535 1109.6151558729373
271.1830956190604 72.83858978961393 71.13686803575648
459.9712637440357 60.50628086704501 1390.6080460659498
186.36690342616242 121.93253023678975 45.66093230268742
6.0225363715572735 529.541748871684 255.65684890924524
199.73829395769488 441.781896949513 37.27506643365097
368.596014088174 107.48871727923697 1184.0645471370242
253.10672716732478 570.2288646914095 437.96785985556454
117.42933662542525 314.64586308825295 807.8727703845944
151.70211841191787 679.3607965706211 617.9769963641934
9.36169481157588 105.52526859334048 1469.5764960714603
230.2811468453891 133.5741698020519 1033.3695639065427
109.44019736277653 493.89134893568905 1047.4459935796938
663.5778879441668 351.663308056491 1253.646140090446
232.52507388245238 158.42601204318512 1026.6564299627403
108.45542456192851 690.0473117090396 284.1703622526955
300.40977946352217 121.94626379942794 217.47318672308026
34.62044790803564 829.7909940699008 295.6922057830138
116.2754027053047 30.9243179995709 24.95047723493449
344.9962777379082 331.7371913087882 100.16090056957778
50.03725449767238 45.225498498158835 1328.2484250123587
504.12344346958315 620.3727906694132 653.9809277771367
28.925397238879512 23.658859312965586 492.64496714442294
351.9362604413913 1215.286771696904 162.94318601025958
111.87734609690385 81.06977972346895 885.2656365399256
142.89042179614628 191.75465141632307 573.0298528229487
278.6799020778999 27.628246938134048 83.19846143955495
419.55226135117465 167.29955046999294 1136.1826894524356
35.56457334620602 41.64883503743213 10.475228006955161
539.9399680047193 290.7308587564214 630.4380055159094
264.1180610651278 161.100962873169 451.0618585405188
167.16670698221716 363.9884000116695 842.1392734435881
24.229958363682897 338.67271546749345 1043.9298979289135
201.6348651523371 326.6455400042894 479.26312622690375
248.50903365256482 118.30526298658641 38.15559035569699
246.1517692334069 114.42184014193909 91.18753859428081
500.00376347649444 271.31228991105166 806.1333528464337
50.20799617945069 24.285978493283746 51.37998122064064
23.008124423280286 240.5346446227548 284.59219017528153
316.72837587927324 33.65842384423176 329.38514911578017
62.11937673004382 18.116638187650548 158.01586935199458
309.01446109501313 41.46526190545109 480.86946881142535
50.94482785140254 135.78083701611757 1290.5114540552634
39.03693699385213 164.6450968955657 260.6287912979259
85.79783849611475 51.38768616120555 706.8460936649741
178.33097062206042 140.17880173493205 1460.383325622245
72.72233013790941 512.6554123893882 68.73584515235726
414.47110588820556 103.48980487382882 517.0637495972339
50.53087378691998 35.57619780522141 702.4317314981101
286.387694286519 229.9412152943952 998.9211905088042
25.439365411196572 837.4278008980004 1216.0378893815875
249.66643527575593 71.70112356564569 905.8644622104797
159.26389646161942 45.05006677203673 870.5677987417196
165.36685935816843 115.104610654091 604.2129367916286
280.549303515659 116.19991053312499 603.7840169376038
64.68290563754931 93.240454963441 640.3342578116972
40.65665695845217 15.523834071182154 1146.540266228219
279.27880660583446 39.52356283768435 1301.4998206107757
95.84598310774005 518.9663358247393 611.9755683306844
230.28299176177745 229.83473491148095 1300.2891553845643
39.09164425799729 134.0752605651589 1289.0099996057736
171.13121492241743 63.40010728749128 348.4793986206978
268.8480146860507 2.3184665261300954 631.6261852751016
107.88822593889935 12.93521654590715 788.0260816313962
16.90886074732483 174.90637381743736 14.3768910330484
252.31868839722216 254.18643382197962 181.13765802561338
185.75736260466456 385.05368483884183 874.1792228810351
241.50798266427947 389.06645319010084 888.11876377295
165.664107008104 43.206643167703405 912.3621103571755
27.55148167034979 360.26030323826586 819.0634530193181
118.38154325859436 66.16720987403009 720.9353904891215
421.31910929730753 65.52580669020014 783.8255619850015
174.46228743796038 130.810462401417 187.4497598469762
54.45539923124551 37.763786700072195 285.8894216438278
322.9655041368517 12.354596666169218 243.92693701881313
497.2496608967905 291.29621928612835 252.19564679720514
188.34359249420297 314.8950317848116 810.0992168296435
492.9573127963838 76.4074078811226 5.743054946234949
206.8718076178146 276.851969923336 1493.0372551182509
124.57420597051797 296.4783388303079 770.8966340520819
242.5682881491504 61.621062419918445 429.0019822708044
133.8460219805273 219.0653346038847 1391.970338962514
2.1399188270523766 68.58877329086319 554.7741845369011
3.836784552590369 320.8534910489561 1361.264200875805
262.8849687286217 49.53198317103329 22.53555627761755
247.899330032084 58.9654398418662 106.31075709608734
7.270053161028935 34.79367986723402 794.4521721753327
661.147079340428 202.4827050182745 613.081119511007
40.740460090589764 39.77366239792949 237.13115177360538
159.64917865953024 752.7116388475982 455.25025238769837
80.66700349362655 155.44739451588302 317.2497713220518
2.174692351422982 11.055858463844366 148.7978997092376
434.9120344449216 164.41767430182477 970.576878121092
227.4991669836201 115.37148938422594 434.08311033334274
68.7763125186614 331.9373624562197 684.7613436109194
329.75701412352356 539.7519321335498 516.9948503567372
0.5563722593104332 57.09815957775445 384.5239463983835
339.7793907174453 354.50628304894633 1354.3105047943889
122.83331191014678 82.42512337481607 450.7389045792408
16.266466238049354 441.1023557431572 302.79242802997965
81.43075674863137 244.72307678112026 171.1623182386799
387.5849907337142 248.88620803805753 1178.138097446822
542.6795944857633 255.90404387515173 328.31456233660987
218.18788692691237 45.89766535583088 833.2056282140062
750.0368931356347 56.209734009663315 243.7081687036856
437.01381805023357 341.20188561867826 261.9880522473312
39.76946048175642 14.408768988407433 1484.1766970210595
425.8115661580119 162.89822819315364 304.33757184348667
301.45462208627663 11.537454490248766 534.6643784787052
276.09257311278503 351.0278416379243 122.31889115121902
61.39983542370294 227.97124802828426 1281.714963786021
101.11213071662877 757.8096441019906 586.8384123367814
234.86789457106747 74.9715490650834 190.07494753624272
68.00991103131298 217.83544522013324 1339.4977924350696
186.42479766089076 107.88624419499284 1069.4967100402134
73.70279940124279 259.0749688131374 1095.1568179061956
366.50740586845313 246.56629469332677 650.3578843530406
66.61338169537936 516.5707114286056 329.78919036383195
391.06291824855157 61.42559277447571 824.0904990670169
382.09804340743824 129.1385987923925 1108.6452309948318
11.095289264130374 64.7429626699694 1190.8800918650243
102.8243979018986 385.66267808295163 1465.6657995641826
115.25561480025561 584.053177161641 1094.8376823025696
521.678757777824 145.34229604704242 706.0513182594541
157.71253586067357 317.71334742287047 1029.3254481926072
336.1826868703291 289.66513045074237 894.227874462228
712.00365431055 78.16193612011031 1475.4167210813325
19.136714277218363 337.8575914024295 1472.021684715863
148.2330407822149 83.5780743788444 832.3558126808417
120.73020294857353 394.5745108506283 540.4862811887059
118.95539760767191 416.2786963595628 1457.1449644372212
557.1183511324983 55.38899035508141 272.65145402746936
818.1613457332083 58.74760195779548 1176.0360313037656
626.2347288837132 320.19257139677933 532.924964321895
166.05260402949617 66.67355834726818 893.825696068224
358.8548910194282 28.65226085752772 333.72237072141684
524.4683073392898 92.5948358714626 493.2997627759311
138.6079434136678 545.0947750475675 123.86609975941548
277.01240186370717 111.2188298160827 1045.4107357673015
487.8441284809078 193.39868178388534 54.74291830871575
285.60786469568353 773.1071099140385 702.85348857009
48.283708857561635 65.57175204339951 531.3070094465611
229.06698889629885 729.035118438974 7.615977752057912
22.161735680547043 91.09133742033913 215.4688089515795
163.93565892634027 103.78222084764961 751.1188263982762
133.8928643711407 427.3183300464872 960.3335460784504
20.40053069747676 25.579049239812747 271.29728395342676
128.71714968338347 27.777980330314445 954.8310384146644
56.434113842422164 42.83863981706815 922.4585461444515
284.30591103695633 109.67730908838544 626.4016962796284
150.38268251847808 325.828368865673 1379.4646403669649
62.90058046615231 53.494996602448396 367.7944767416298
207.33701340841228 188.26959830933959 202.3402924805098
0.4226568182498008 341.9771709705373 1102.568774906873
30.137333005112044 130.2725821637694 811.5627183640586
47.53233662560826 227.00537806225256 1444.6627590917785
93.02866097807141 165.6265015313782 414.9295247865036
12.357852298410823 78.92854344072516 1230.6122553293992
447.564188812711 4.517311474566199 845.5763597100469
124.16055950083755 138.87643925199822 1287.8625854449565
64.28567460768173 94.95389578035493 1186.2461674924407
63.78431729322094 103.48001434023976 405.50393175222496
65.25648354965573 214.9168852793598 1119.8590717574348
7.14177874663022 41.13481236654075 1474.406723192545
22.990930518655695 283.1659389152844 327.3787999968533
328.0212423272209 298.3361564012278 1075.944135070575
33.795212206770465 151.4835944494981 144.77226501240463
1.8222264745115493 126.81048802899677 808.7384026160447
33.10274287107117 67.78516779024626 1103.6890849914632
40.253256765846665 315.52325256959716 758.423851891819
122.08196364051732 454.3504785074849 1179.5742890343743
0.9667985305309404 253.98257067287147 425.37966181417096
158.73407071081684 281.263653907242 263.9941192514639
35.60730058312299 439.51188403755765 200.89017923431334
127.11891183296227 139.62699408130686 1374.832269313246
75.4537794100605 47.152465883078136 1232.8480761894318
98.55371105132188 62.790957192056595 1065.1478701680785
73.92931538990123 74.37461035996505 1417.1969051174433
1.8006308368036215 331.05044022428143 3.7500344874528135
46.924001783458 393.95325935778465 181.57735371429163
65.09363802931274 322.08346231204666 923.639165255735
197.56748203199012 407.77500944086745 941.4834516823144
598.9478233211827 64.20583322558801 362.4758125496253
397.50482908140157 42.49794081751489 107.66070751772445
265.64793515475037 274.1363149468627 19.237591493423135
72.25317442877468 80.80683627821288 1131.2886203179146
199.14456269409303 428.89564076057275 1344.2287300928142
15.695901808179904 638.8603609364925 637.9201092883618
116.38950843728873 457.46348706540124 1351.9025304803827
7.46212892476253 177.7418497602528 190.1848064734543
283.3411336775499 444.2108205689427 1286.593342804003
31.471389347725097 122.45209026475918 356.21774405356604
7.178433907837645 37.1169855693361 420.3170563122847
261.4596840170363 469.8155893544132 1116.5921671716983
77.7985844914011 43.96826643617875 50.91601596904205
133.4593243464 264.8341988089096 903.9936708252354
526.1969559518316 18.18891693082435 763.0700917197195
189.6478015490933 540.3869095590136 189.8554627989406
90.80430786199501 94.15148510260613 1065.010272624291
582.7569442607609 16.30354223022332 921.2421992005271
97.86208978252823 58.62161242655961 456.6598586960472
115.69220925407662 68.0552281469853 1234.0926281173308
45.38421985260721 150.8729880030859 1408.329650524533
144.1805754766743 56.591883722089754 113.77734498979497
279.4582698189485 105.03305310642241 1146.0478664962884
40.013837851712 153.64292554877824 330.8227699274661
59.141507513649636 147.1764641216051 593.2117320552095
27.00580351564717 168.05610437748274 1419.1056788987744
104.40345341602064 377.74974280878786 1473.3157747075572
1.298497963434801 369.05847256723473 1321.8797844723463
140.41894248354382 76.96331361187192 992.5172720267298
77.07901275952514 94.0006578973292 795.8322713656179
221.72616952588834 5.6834095594851295 1359.034414211905
78.32031571421145 131.8647514192335 636.0138746914022
418.8773453297305 202.8205852379998 47.605849246112555
121.32570553571647 28.74748276056219 659.9766883032313
1316.6122472291336 17.527478029483415 1302.6470763151688
76.87432902836193 212.22454972995087 533.9418445628489
49.926074585444205 48.94408652131738 942.2820630233887
62.854563469817926 101.1513198142715 1194.7700818003689
156.67626416143068 50.46828988349586 694.6413308571246
181.81623456830062 192.46604951569466 479.6842171326922
274.01717986329834 211.9570536320057 513.9113625162105
220.37479651411095 10.7196475709457 237.26429052243108
197.00889766237603 18.435244395325558 366.6555872425549
618.787894809225 194.08642527716626 842.3051455570406
22.375098717344148 223.5473246760934 1147.5596757354003
298.7251376197609 69.67794405242354 136.34440870438914
327.0113794312726 17.601468838768778 75.0404524117071
286.476400388296 40.05888454750786 155.3751590575475
36.00906195731545 314.19069042151165 439.36240152580234
163.44493933096697 594.4624964531155 652.150394864995
45.784305297306695 56.303150155955315 775.1946384119675
232.88619102226704 250.92322411035445 1240.9987209976355
152.08437870632488 659.8270208307694 500.01240038537327
2.860223681293887 20.661469641628123 804.797174959029
14.257339411229106 6.508754186297845 966.4835450713953
573.1712549692273 5.287562886553258 1026.87981441977
26.954435541217897 151.9520842115457 417.0958526609585
120.05117524995774 1.7573983697468745 654.9486590337935
49.11259506222811 184.01554536856196 973.8131176595842
33.67911193366883 356.22297227485114 883.7840128953585
121.96326043381356 420.6773432859543 692.4322129734896
196.39723622976842 529.9057262263996 781.2643206330213
1087.05182592303 45.67678252652567 274.41056924314495
85.05130856345828 195.22913027101728 1134.9743698180332
117.5388020525743 72.98189862602523 485.2943429170837
121.23783622037575 15.587928691137353 406.5751393201168
260.35904831100333 234.36883579884667 359.21589019442916
352.27657860067785 156.79023038772718 1461.6896262913551
225.11150790056215 69.53638023653716 376.71321042138794
66.39365522201844 1319.0127265967778 801.4426628446029
129.57408347313833 43.91250145507552 160.84448081213705
57.19505844909254 92.71190636086715 343.42274597453985
774.2136012888789 310.27484357773204 163.8822343564102
335.40376229140674 26.98044021527385 262.7725443547204
364.4262858280475 123.61563332943695 755.3766374226326
126.17031101544269 148.41545823405056 741.827196485335
36.54695107697318 68.62190220404337 157.33179204800817
156.0814661649334 445.1871608699624 967.2347562159987
62.50476585424334 16.938850285774887 2.476253400206685
445.55340351995466 34.75606997344591 19.372803026161844
46.11509710989839 368.140433764292 802.319687515829
179.9248585634406 37.51417086535908 1161.7733353993042
103.97369323312769 47.85390910658941 363.5334211596747
170.39513848256183 832.5452729535101 102.96093993973892
466.37925965739254 226.918658776531 810.395136839764
258.24942898716733 304.4257493775716 864.4799600121763
67.82593678796974 93.43178851148399 711.004043481909
125.19307746719062 177.46477958099075 1303.6140844103033
28.206426484539897 241.8247286523782 788.4154642897108
49.65458776664188 198.96889753887137 775.0244515355672
56.35691899137512 178.4502868876154 206.99911061707073
94.25320635796571 103.81001416992972 124.9708416371595
179.1171238840402 224.9487180511731 610.831748124982
170.1494114248052 141.80608569508922 1356.0692955025054
32.31356332469002 14.110606734179502 353.62362541354304
91.35385281772798 303.02337983403527 1460.8550145299723
160.57787554201576 88.11637579100291 1485.6700917955475
495.400474582205 4.779149376801703 1221.5034873917614
33.85530596179395 10.117363537883213 79.75183421766613
171.24516189174034 343.7922857540774 1363.4960227331312
258.6287344534633 77.2707598337898 1303.5746625290085
184.72921938496486 310.65889444336057 1390.6417199882653
33.8462957133079 365.38021962412796 1081.8575727382001
43.39753035054548 190.84976252900466 1296.6293220951704
165.55567962908745 48.91253023001864 926.3977119002079
18.207565723381425 99.48487965567354 116.76138256705487
65.42949114807658 114.75285228674143 41.067410775869504
23.95030580310303 203.8803805319087 1287.187776384598
20.32159733816957 217.53408463612752 687.1360650947967
351.6798188075401 176.03919110224982 427.4986183350849
1361.266651401816 99.08836266017424 679.7820491283966
160.61936778314993 444.04597654418154 1003.0349795786595
35.67498541062515 93.43893323402364 976.0349113196268
2.5561447399085115 358.6840964371937 238.62354492494242
64.79660037122939 464.2611652397439 850.614925999224
300.667576719694 212.39846080072883 1030.9181722545454
15.68029946348292 813.7624800783834 62.85264585805139
120.96907248096731 29.671687592817168 187.90678277679186
126.68604056484291 146.30546002550443 211.5202904073981
187.86029022006986 54.45153605660214 1302.6174747278712
11.281332221384336 19.773040151027864 929.2032210015165
391.4181090621073 73.7559827712536 985.704633835473
88.39965130683933 173.927770801476 828.7728207283868
102.46199664368008 30.129064015484868 75.90247060875438
304.07826703424325 92.2179706290889 223.21247304493264
89.74667227752364 90.56941785599977 492.2227629374574
171.04499009742997 317.1720619712159 208.71522100702845
179.76448535158616 117.36899057830963 853.190908790804
250.7994714059981 146.19457512280826 1295.2413840363188
33.56152134245166 413.49494971325953 91.97493931403228
169.80178490322808 11.74170498673038 1177.9684117905288
374.75886469366276 81.21040713354749 283.1664990747282
269.8583330825461 295.51984284761244 1199.7897793839763
25.72544902026396 56.96873977842167 858.8401129430308
178.3596482946206 161.20494395903054 649.8201521079191
529.2807089380594 470.3104259831071 103.43695834756444
225.31446163857572 186.67001272093736 456.2973784207394
42.76199893335048 99.77224905092596 1358.1041415106376
323.50859338447873 297.25878413705743 239.73541732861432
58.09028251709572 132.26993700082105 413.89764236960195
8.647661360416013 241.93920948319817 398.1824569334728
285.6420089230755 258.299848797657 1292.6694827497768
469.4695710784863 651.7787627080735 390.4304060625274
178.85700037155894 351.35295817735897 403.2522218952114
634.0516248505578 30.127471490652464 1086.7398515597986
28.990257405849313 94.82271186983587 1271.9497853607143
149.23630235794553 265.3276931485372 1387.902002333146
93.34159563734912 202.40930659905567 1094.6674539554936
222.6456546203062 1.739486610612003 773.2162076541008
309.22423589657126 178.65113429381805 631.7057076946572
153.35113673505404 123.74844790806743 14.98574608955372
10.679945897024872 406.4720756398246 1103.0119856691244
83.35947029869743 118.03011654427242 1241.53831034515
704.2898918506282 182.245446990347 1171.5272530497296
193.80687055044146 140.81340262978816 880.0990477965892
135.32309223098352 244.20898162382775 270.2298664697737
91.32243019192661 407.921096845282 731.7413545773462
81.48338494636758 658.3004098808163 1114.9274673865839
149.1602488317615 117.8392761737453 253.43551793186302
9.295098849671051 344.35674187972364 701.2421907337467
155.3886194843999 150.25619292616145 462.85263658075286
96.91154560192594 244.52010844288208 1003.3119558233842
27.907464767883077 74.18232718526151 1041.619249293281
153.38300874293057 310.21995278871424 1083.5560592058682
121.47929346872048 42.72576587972387 38.246847536258066
501.80956185878944 44.19398834293912 246.05101049535443
43.4995426976979 123.84751493357342 1269.9489990324248
2.281499643221935 88.9397777804591 73.9445951136452
103.10974660466479 754.6256195097627 421.3758210544818
16.628020717909255 494.8054607649085 1495.6318860114231
236.83680676620517 39.00002281226459 1197.0014997084324
130.17087095095462 716.7853543530913 1021.7562703000671
7.045904472372218 360.6106269045559 1356.8414493848968
139.31648485632894 168.32988474706428 701.9929623187867
136.2932413006722 396.3974963186329 314.2658413885786
120.4365521345653 227.08457822945093 1433.3305147267595
656.5488083339716 2.408693011316512 1282.9233838893267
127.0783880187861 271.54097300045936 517.4734524328795
124.17661548150785 236.1850552446632 206.71847768587358
46.82889740775353 281.37184018427195 1499.9088992277223
31.515836544154 145.85579543782936 1493.584238848297
36.622215947090034 665.8308070231044 1018.7856958119459
32.13418653107854 59.298631727430795 1269.637146944787
257.8749293383062 84.17266058966774 1191.8754700911963
198.29658866461068 429.77490103518335 1023.4094173580484
511.60871680674944 8.65090890578759 944.3720585655709
379.6315061654402 375.49661477019305 795.608481469801
74.88614052970674 121.00719863046872 245.95981463899906
388.6788491416313 328.5397907877099 1320.7807214041338
248.7691754023784 1175.9464144033348 248.31703226593126
490.872078965325 847.704398455971 190.9439642334842
18.072494069504042 633.6547538111976 42.314248230695796
44.31875699991183 59.03269192035951 1105.1861259998718
342.1473049555558 242.829720642154 145.0346590489617
254.88131721626615 17.43969339438166 857.216485403309
377.0427429088678 63.10561056777691 134.12784003051763
446.01498489633303 124.5348278678085 1237.1087564471914
381.6852658598422 292.26488298443525 973.719399180126
179.34593158656637 152.82179708987712 21.194265667070333
210.1448338167926 105.30100239339208 812.8772682520607
43.33934904204336 602.6547614526515 1210.7263098032884
49.77621872546358 13.251148426848799 889.717409409954
22.571284676599944 177.31781216166195 267.1109147322626
343.4657453381665 64.31101517768026 1020.5920873332412
57.274294218088265 593.5830517275293 34.23462933753774
382.00988531823043 636.3974674583231 1278.9530059014655
795.3632672404557 809.7424983315098 342.1280014783163
365.8003518132179 154.17839561334245 1347.4525752654395
260.8176296598861 78.58216775540367 367.78617771711987
18.03619459422455 252.96181373636358 539.2647885489683
219.59268118778508 48.1909047325651 525.719943300693
100.45641572706023 54.944054533453844 1001.0046890560493
228.3162677615007 13.51287896086742 805.310759639757
0.2660280015347731 40.95447129347252 112.56010152622493
145.99352388310857 154.1994518183106 794.1990308819979
109.40281509529999 624.5486587258993 432.0771613370729
19.732417539078376 144.10201581999848 931.2692032175387
109.35839850441073 0.5628503407357601 663.1126305553097
658.2306562224065 93.76907438963255 849.0110829980991
38.9857951613999 160.8884266322814 796.6006672093583
299.49919546481976 382.0399700464608 1287.8536779345975
513.879172580281 1105.0098891560801 1379.5619378239262
167.8705016035195 620.998898047664 1327.2022364148088
149.14802081391124 147.93193407123013 99.35893953050041
65.6556324185805 716.2131936906269 847.9634591466698
110.84167105342485 349.3669579726253 1213.973743063741
316.5444454675997 67.20664116842929 705.02797611537
59.376693922010034 239.67476593181667 1216.6542685628224
254.40192157016685 42.56148509101506 1039.2692547066868
91.747478311104 89.57209213854968 578.6249720116501
538.5515567671837 225.4146064450976 568.8990917559535
68.88174273701762 59.096789337642086 1415.1674882333682
243.64534077344481 40.55696466690799 1400.616563075933
331.33230993766585 129.09172606869797 308.5788575773322
281.9795217458184 80.56482133268197 854.4090836089614
262.971664380732 401.0116196036939 297.01305707227164
263.4025430386163 131.56076379363054 1135.397046403379
13.098557926945285 856.3247475873617 385.57680284527174
86.93591450499206 182.6918897186466 958.9109030091665
0.4763196486836749 3.674590975902804 151.8655179029071
184.43022122093655 111.0481674448599 1184.0647729025322
41.102305338659775 116.96993401114364 238.8694590758222
51.7198008149329 273.3069124452383 212.42330813347505
65.91498187815074 82.38618839639457 9.584909755155413
252.50088761445636 271.56901635337107 41.86078751125283
52.723023904649956 309.51661895607225 570.167536629386
53.47065767049438 99.23669438194216 509.26390039573033
79.96010081492838 87.24459242213462 320.52043571397235
271.2859144725921 126.24010188044457 1439.45791073289
165.3678841893025 49.363442428965556 588.7390928752046
42.781548580878585 30.48104840692767 1197.7865902497283
173.90811827260458 185.3457596198152 1291.7398274816983
160.90962487177006 123.26961962637908 700.6188835410021
26.39175547957448 98.63608931754642 554.0991045677749
28.061325697416155 583.8464037513476 1195.5724209350758
628.4262529742907 133.75842581438246 173.46609405886298
269.16836629552915 46.11285583351618 138.6485996969437
444.54700475775695 4.335703978819877 305.77566046598054
411.3256160485731 186.1346522313266 46.80357901108234
311.6708879217725 10.15808768584329 850.3439299755692
262.33919821574955 232.84086606478255 1244.1307848057036
81.6453209721461 34.42923634325711 125.6820242231651
35.805675272302004 47.12825703579415 241.84271153613273
456.07955149685154 124.11559954219422 585.6645688430199
76.6812814474729 119.64902873602381 1072.5889950195472
56.53379436216842 103.50115550188035 1474.3299435797915
72.60842615624334 160.16245242103128 855.761037871931
335.1276589212139 110.67364111141822 712.0486042623521
116.57424687359752 297.25581897094753 1368.6749980552913
237.15187552949635 72.73398266801556 1150.6542048012118
406.980345639157 62.49322166717482 1160.8801620067445
31.23319062455181 42.659030142881726 581.8130765995888
128.5060841417762 117.56689906917373 1243.7417064922033
234.24247895254032 101.65335151520753 535.1312177328894
145.86312739799016 45.17126473986114 821.2818131546596
511.5472727327513 134.23674537260172 957.239924771652
580.3141507151811 1030.0672817600243 1151.3083531964403
452.60903198773894 128.04308926612262 1337.2690146946693
223.51044540559033 98.32835719056732 743.6578530384309
1.021207988843255 27.271699100960774 1476.9208804444788
45.39779062418008 72.2664842801419 1449.6098281278264
298.62328568277627 146.07926257882684 668.1837987214366
388.0954338107024 194.39997503043733 773.9030556679692
239.30488196893913 18.985658537355967 562.7349549445117
894.510103312517 261.2210334813879 1318.974092537606
386.634872350531 422.6344225886693 1330.852830202621
20.5604750054627 9.348295007832375 254.56457590671207
204.84910743062312 4.0761575599194755 127.62452379431404
18.898938943828686 141.39794948774264 1273.2611998939892
19.303239129870317 221.6930787015566 333.266678930905
11.987715496538918 42.71879973262192 298.2073668209827
38.76612257244416 119.72536063291153 1303.5209735989577
211.10655742241016 226.00966551100794 29.67017769857838
89.86347055957631 567.5316684751497 550.9773993517714
324.12187939270075 398.156103531508 509.42839535654446
405.6340009169234 88.91598384580003 558.5025929924208
555.6735452920332 245.20391119102726 78.08566115819032
365.70495044545487 234.841911226028 676.6867616785236
49.71549112879378 58.31843645024068 744.94319216263
256.8208246698675 94.1124280660047 28.56739183158341
42.94210460848511 110.22499199327065 568.9180846390549
5.63515677305061 19.52419883583406 1083.862618136511
89.79738665730179 191.31405532859193 804.0177018464359
164.55830328616528 51.10014160967585 762.9651860968088
252.6544457177756 225.48986839360836 935.8925336023552
137.15015632124252 253.47993022569818 537.5237286896436
66.18591498139963 218.7796387677053 449.40165365846946
441.6171189759188 164.02522225284235 795.8900564224875
91.51206758735805 78.21691043760288 1110.713848286774
379.38958218886387 328.32153882692745 527.9867173819479
370.3111977061132 231.5801796833854 741.6619050651913
8.923937768177716 84.40204530742193 677.1393608868914
214.38756423139674 5.276236364879845 1065.4017682661245
140.58702423628486 123.95308241886431 368.95785147821573
228.27553377442166 109.18479299275026 543.7989433508011
122.95574454784635 42.233578342110235 960.2542223839226
93.44941202956333 255.56479075956844 359.0981834017541
38.34501042969667 56.375609509617696 139.01748766595233
335.3117073284463 47.349953425634254 852.1681919084699
484.247838472875 50.43152864630095 870.8921390724606
80.10289026971819 323.3753273092945 1237.8698752438363
24.976963062290654 270.48946211173745 1399.8449649879462
355.5045731993227 155.65997960815966 1204.254026285406
402.9301050589078 741.4701505909001 1318.7747640600958
412.5970888691593 275.2262173976219 725.8887228107144
579.5878133392082 64.33655960814168 925.316699144343
50.04815860843931 673.0743470076027 964.4518719228535
248.69503078983414 130.9261334643878 1163.3771482302993
36.18600018258409 116.39547445183513 313.3191449031331
106.55779294959913 156.274357156693 525.8508314211624
4.653981281054411 76.36359017852283 386.3104059467712
63.956032719106936 190.74838151110495 381.7407835987214
78.95067733735021 500.61637803472803 512.0279201095908
350.9015187376384 30.997247251520022 1375.0951825558313
889.8139002894362 260.9768500000183 206.6928520128317
6.054697752384133 228.8006521506533 650.8849207616629
162.0927474596753 423.83355127048316 949.1131666078214
129.83389342796022 2.4285167647881973 1116.2081207622696
344.2691583530636 64.12728776022593 351.8772467149896
46.250032514778326 38.658068201972554 169.99334539377702
138.57303579577783 195.07069440368468 177.99885818560585
57.20884746364897 456.4850031558568 1464.1211848001647
2.8568175153589834 458.96454572640914 261.8825031770643
76.82006096381417 52.54926982274161 1331.0624183854638
95.98249327908015 848.3454270379494 1352.5707272890897
316.2666346393732 413.7575693526854 1461.5327484629763
58.001787121679335 205.88697180874814 629.7741964747286
240.57303440894947 39.36698898469862 735.7517224211247
152.4422456058837 349.3776194512383 1061.5392998667219
134.76872676670598 221.00169553000643 489.6584566790827
131.53118665776935 293.87622897349434 1070.0353551520316
43.90458386158634 1.4643221598644258 664.0023213759206
400.72325996442686 157.4313258689398 1116.1336075357408
46.66094817970001 78.66226503324756 773.9799831084088
432.0651405213676 281.6065995713594 512.2813818578205
294.69050829913715 108.75006782659335 1400.8244791240302
40.00145070250685 44.6854443282892 1449.450649025669
225.76068222629857 140.108502991333 640.5046388447414
50.727206243165114 444.1949794555585 86.20228492491277
687.2669014777744 190.33123866589494 342.45610302047623
244.63432701405262 24.597231292787267 1384.5930304136666
191.94515634087767 112.13697660237796 536.276684243627
45.68065022290755 30.774115476733794 851.0987226912048
3.2410864548757967 488.6767778784548 578.3962234165424
7.537825904420312 20.085906943865048 370.46998913649736
92.09546848638345 26.660461359314514 1339.976954118329
282.53175809053016 364.92536249745746 999.720814630555
255.04941441367492 218.49124759801336 968.500178150526
239.20053655411445 25.397727370800332 806.270627578997
393.75332255236486 198.34228939000758 587.1185035759397
42.929830499972546 256.7634709818483 991.4377477870672
29.274875128324222 64.7861288007725 1496.7637452262472
277.71129325423175 65.56846295006605 1229.3109674584514
574.1627452378361 87.0548397600892 586.4010498308764
1098.8919518786606 58.79355096683757 927.6213706146332
9.50762721032413 121.31101289435122 124.08845745726654
18.256060713280185 96.7709293111859 1430.9096621929343
239.51862815472387 256.3087050419035 629.9525247648419
43.35259763576011 85.12279186126673 23.963689648964447
25.641573250603532 129.44303770267445 1244.8966895171748
315.3882635597874 52.15751354972835 1122.216145184783
28.885869077670854 225.64228114060336 1042.5049040447939
103.10918424321125 148.57601931679366 1195.8184638268754
73.21344602635885 19.960298995368365 111.11099411819525
219.0876499555662 2.7155776250059214 542.7290385810143
250.04205153826908 262.44183324945925 1303.0771903554312
26.644374802610955 34.49355429735495 621.0215393222101
139.52034584111905 262.89563269617645 315.60715508883266
90.42901210646288 169.6827400059411 27.869537498708464
133.82535579928395 534.4191628832214 486.0898460566734
41.138829876671295 533.8291002820672 1460.2484543535152
370.5739949355766 70.01778130295546 1454.509741120205
61.13256022925073 125.95942591802418 667.5325930509937
249.0879739943245 78.14606352666932 984.6694065933613
126.53512424878004 0.8313263865408763 1021.8820972248898
70.82920352608687 2.2108768122262408 1061.6476983563073
75.74706767559898 83.7879423932822 868.8928691459786
14.41295868162519 346.81471442911004 64.36236223199332
97.07326078899384 66.86099607695894 28.114678150446824
96.61654465373904 98.53262020471209 1428.0827509851983
265.43750758602306 69.83643230854885 1312.1838573615087
999.1222960469407 189.80674792098398 875.4207471531273
53.00784398703657 282.28440072328976 152.84520426367627
204.5378577249517 89.78762194803738 692.0680350278507
63.50202744621826 202.1643577761982 776.6448557243436
104.7637195765716 4.9060780271013265 816.6025191044741
34.688870354634034 159.97546625008434 1064.341331110891
108.4908161041981 85.12133016845294 1293.4450163356707
554.7765059536314 31.72870201868826 382.33397123929046
48.77908372359811 425.3316236064446 93.04331329079307
132.61637805420156 194.95251822512097 668.1520921230041
385.9681807220549 474.79622324223453 558.7313560836425
243.32821742307226 128.06566439437535 481.98419986953655
100.23677017519319 466.47972091844724 202.9570090390591
68.58176758868197 232.28926515673044 907.0645067337766
427.51345672137006 35.32468716368661 958.6254626209401
14.595789159669431 362.7968137795038 763.7622582410602
48.07544368078231 285.6167064041385 1301.0122086681342
130.1219722099657 125.67520585469501 924.481889607206
174.24528701775145 323.2489090896367 462.1431913594572
9.669601227568727 789.6437138486502 1066.0045521966647
195.59903150256693 34.453633101254894 1274.4583884925407
181.267682548082 92.25589828997641 228.06193978682492
29.736795115434823 202.82200622081126 1114.910880815474
24.652723914952503 194.50589886520365 370.4720044149718
163.0296781162696 534.9778402364337 21.29625822880926
268.8580979708658 279.44828126059235 10.348741265131023
204.85166685924335 73.31033382066494 221.30826325130266
115.9772175362259 58.49593371240118 1157.600011487506
143.99102511778804 50.453787967603326 127.17819116431079
322.91247255059614 156.8697513331045 847.0946721361511
139.08232129528216 65.40640219288758 1463.6344518630042
79.92217175812097 344.245941162239 91.76153057005082
154.72285142485558 50.21378761960066 795.6412723758136
110.84469315280177 101.62039656647683 503.32914143188015
322.1433285999371 4.98463485512457 55.11943216258081
207.79290272877543 39.081543653622205 1216.510638617231
105.86795554166648 115.15784626339718 1290.8471635623887
263.8063907746944 119.04304420676036 1352.4953946222622
744.4252419625336 51.58037580668837 997.0877755537197
0.17008536849935593 394.44906900421563 1182.655436480826
396.7172809723642 38.26194243941699 1276.5794049537308
158.19373454681906 24.352601451548285 978.195355653
97.09800386573143 166.5890971126195 741.6596869008325
104.67543538491537 161.75376153772635 307.4532666476567
36.36056075477542 243.45949194486934 944.5749470399334
48.05992574440528 46.5921441965286 839.5012876218185
80.64047518777654 643.9136511349335 1437.851741637464
47.84625743277027 53.53607471190457 1490.1258396065678
860.9615728855977 73.88110114654165 271.33305580611847
311.5624208902733 140.9425950543013 707.5624514648191
36.26393705437466 263.88089739455046 694.4850801224541
119.69524044876891 69.23250051960407 459.09890048326173
643.1381504118552 242.33823786739342 610.8912262239919
196.37703713619626 314.1327389299225 1056.7828564713634
68.05456132403962 284.5737234961999 305.85244693983304
457.47334190620614 106.34176229262032 370.36241027617854
16.093217237489252 24.853656289456257 1172.481818959588
104.88992134121506 695.3887468852747 750.788971916337
552.4565779371634 273.5639774792415 1148.3400179849014
129.64109803398108 2.754791058527399 458.44673771533854
89.08203064391274 76.15423175925298 1403.8086001498134
68.32180323025257 137.84127948754792 414.78018241666445
32.892805938414725 550.302440824147 1235.3551371470696
115.57382941456771 377.4024888626725 823.6970652974602
130.49091293903058 159.52556176958902 496.61389750443635
80.09275965761488 445.39132555887556 585.9112772176413
67.53219549408297 91.61723979027855 207.06927439302447
205.67574333928314 31.35863750866163 1483.2032734248637
119.7648607668165 41.090496580820016 1000.2213432173963
1137.980834419632 28.42709570194375 1308.9321670276158
78.4237368886203 165.29617895439387 1104.5249831618298
158.45296190802853 6.901446192136327 1363.9041994192073
213.89001594881455 62.75993288763605 90.2542318308533
14.308974721643786 68.17596321127355 348.65493081497004
122.8782008852723 196.54091401516723 538.4321888193026
20.736326240238782 145.12836232206374 911.6848771484986
16.04015741403795 209.47834964946702 1018.0506500667775
447.6268307291922 35.56521506467687 671.3321846252321
92.91129126989142 8.63327934585606 752.7963772918226
158.7457963564471 283.38843371222947 1218.8650516290925
894.8127196339233 228.82294181437595 907.0698185455291
43.45472051359981 192.72291008292945 454.5775048209319
55.60117051940586 300.4004487494597 1286.4406660156892
88.02316025270252 362.2259862746947 847.8414051062027
182.32619118540808 66.9474955494014 1143.808533456529
181.05546357989545 144.13237442503498 1035.997454679802
70.38176363394022 0.4825131401966256 818.3725940406898
164.71877621595664 503.98419678356186 477.60773824164346
431.40161600860506 183.3982263583844 756.8933098763375
46.39995138978793 53.70062517738043 465.43533980028633
15.785045779393197 212.15415868663854 343.0214955557359
8.709286951812603 61.38419708617657 1016.1429777194553
231.24744790387845 120.56350059462366 306.17257888229796
44.980947155794446 202.3518161779978 891.5222066701817
103.76531069493295 5.153998184085321 1151.596084611539
198.4393318489345 116.82839036448942 1395.8971116190044
1.9919004503803777 105.67861474706532 1006.7257425244711
94.9201265506959 86.51339492395202 891.8290092419866
112.72359990306602 279.49432348631933 824.7669272489902
18.278319650257927 50.07136406431596 97.66758739208525
165.73441102970256 139.30778874091644 569.7638502798109
276.62605087304553 109.69942481357504 19.530904622491796
151.47918809209227 102.33396415205549 11.65940755869127
8.68221178010479 128.21711116029684 577.4826563584568
159.4731948286317 156.92815430661858 1041.8580704246856
248.14572443877898 27.75889620944841 352.64789258365084
752.4824533315623 24.069045940191817 1232.6746534837935
320.6477706602034 3.571013441383987 738.5136096254178
514.4200523584301 376.6266872345913 908.2989885630323
377.67921034602443 158.46358074839512 66.36833311413365
482.05631027647405 350.2467419073347 1489.0573969927243
137.5127903189871 55.55531034484906 933.4233146264784
139.37910949148826 113.35877562963171 693.5442486295137
68.03156522323054 23.41896120123025 533.9173057286736
499.6457819871092 27.017715530473758 988.993448706864
9.014274245134445 45.2578030061968 162.86547418524654
44.33409290726108 75.10512898570845 356.3152943651121
41.839497246705285 95.75552084289961 94.28287325508184
14.142757194845517 330.35817829041525 378.4870730456758
90.5270603937489 303.637495881547 594.5669129251988
318.6986994253426 42.860613895524104 1079.6165234881523
357.0114398039603 421.2448545170929 150.59638483616962
87.01051076501022 115.51980972285128 325.773561522741
58.13577698092786 20.26005547145742 1060.0944409772337
220.94492630972428 314.2523437306483 237.94793176239943
115.66938781475233 191.0529508644753 432.93654256126956
38.44395138399929 293.98016844147577 0.06274577817289018
393.7569652181297 55.94998117636257 740.6115590127763
122.65198095488124 447.51195068892775 525.2722210492564
17.72605630696204 916.5181406194816 112.20957768887546
2.613007195249659 13.34651467937403 1101.2793830862893
6.678227426240592 133.06836638163955 302.91753300681466
46.357032640691315 178.24649602026938 622.0452331047379
50.929945773159524 96.65597242754595 1132.8143853228605
149.1040882119309 131.41083525151748 553.0053402812694
318.31955226604236 67.02956265718102 751.4969157000199
23.54129583974234 209.93617960945988 314.3572959214325
89.5123956033245 374.9799011305785 396.0940363282354
526.0540537045958 248.78379988233172 1300.9272698908633
607.6260921117557 48.42828756293705 67.6399065719242
316.5288422597915 79.36457661247289 860.8611477599895
95.6770811097813 129.81618639454447 151.26672623965663
201.1351638025805 28.10286215224387 774.0131993151406
223.27854146029424 790.8841364182331 259.0636403643596
5.229203716764723 129.00029130951322 40.011638515545066
691.5159212485344 76.9522175334757 940.8889929305352
207.27858498782123 130.44125341780492 406.25033946762824
40.58327539644134 227.17896955875742 998.1108882589017
130.02471621250407 178.83493897945502 1375.9692367916427
60.78511258356652 5.353899119243888 1056.9700096922807
29.69778895913709 195.0907551097282 497.08154406866066
103.61302265878768 410.80163782412535 641.120956491646
190.70613824781702 11.566164800606456 239.58128904114395
57.27979257692236 63.402645148156545 825.3357499425373
834.3442099097382 295.32679262361955 1264.392049814417
68.34323435117118 38.08521781319284 1426.520271806735
224.0922889559755 228.94937093964813 1368.1639300675336
266.5356372990114 67.42003408538018 424.70816043915625
196.60723183228063 904.3240198640033 1380.016605863993
274.4511895768289 44.92299681664084 123.57022446248462
34.550725413521135 379.5944190845057 809.3885585227581
514.0374031577841 290.702076472766 679.0879431608801
63.39572590662201 365.77421436733766 417.5504526871865
377.98919705523036 41.073325773934634 383.7517348890353
422.2055910509436 74.14380343316661 706.0915014264361
32.94967711574843 28.572639424704864 176.09548975956963
364.78270668681046 442.6921040302277 574.3570865298103
388.01405128690106 170.6048321429453 848.5071319092663
283.83683908301947 47.26876950555216 411.28104186799027
77.33994965195998 16.459622838687583 170.07657506619938
20.02597513090484 251.87551739833344 608.5156975085144
303.5719411386845 239.48610514688932 1364.3448958598317
163.0359548391272 49.68354412779115 468.3407051762697
124.11545702546876 43.55298258173488 374.2051585898995
254.37249694339994 215.8011020843515 679.1401540400548
14.835267241625388 81.33344513002004 111.99732297430187
95.71776900817504 245.59645151313796 465.77709575925064
373.2518138863811 332.618813436013 454.5536170509064
38.03327344460709 68.03909723710203 252.74497481031943
219.33964950982033 157.99921352066968 229.58475365729302
272.57978361019616 48.57887614498302 1136.914608084663
85.24942375468417 180.50366805055347 828.566836650062
161.69402072425754 114.70674611450278 1327.1895862076392
23.54220467188202 10.507484164600585 694.2568714220395
477.1492672904816 26.331165705958053 836.7934299474796
223.97324260681268 97.47861386471179 550.0914427132267
491.5449287060576 226.2619812287155 42.1761579148342
236.4085927163459 34.40461883857024 599.9920131295517
81.14305034155984 158.03923070446046 702.9704763690081
122.05706332377142 45.78402529313478 173.3025931834782
322.8683758567173 1028.5886689281795 228.68455689944744
398.09058078368776 116.0579198957069 162.90848625699184
231.1112792833835 103.04717951786763 1433.9060429029912
106.1193901525176 87.32340659139746 1045.7717366680756
62.32111911594407 59.78542883928954 703.8475771569306
364.6834892096511 148.15499537339878 832.3337346825601
188.28241230661348 99.01624675341296 117.85182106534286
36.621198028154105 207.6336827663472 789.4785229198102
382.98544072025965 99.60820682132233 361.42563076876786
72.6462301347855 54.45749443568284 1292.396738625517
69.90304006480227 280.78761762034986 88.18856205980147
75.50651449666417 130.94444071528716 1128.348099034959
106.5734925782631 530.2406382209339 1399.208158242334
17.34158314912978 112.04763357196954 1323.1451355654642
142.4149277156352 140.7758794454982 1060.0639975683007
97.30798621615962 74.63639637581477 535.045179784687
441.5842668707212 60.401688160525126 230.020299373859
230.81229291159514 61.02916784036465 49.799049640866286
100.89865778669571 45.2885284533196 186.42054451521483
104.94864235859134 236.65305348691192 960.6507399694573
200.04689274289666 16.394140943779494 228.41026658640317
65.15989696541955 102.14547776200948 44.236068520361385
46.683269701963916 70.54214104110616 37.79104081745799
12.543805581366923 146.39546958441858 1355.8660211114104
223.88083018850114 599.5848710594512 236.2371919003066
221.75151058461074 84.58592320630947 563.553495158073
5.084652802704543 104.69406138543785 39.133457515845514
112.81983323154476 26.52634428208384 904.0398673234099
199.54548875477076 281.1289550069116 1428.4403109560542
59.05464069093782 23.77954445110011 1005.3286479623689
261.09456701966053 80.2667561863477 334.49680625725284
1119.3563888784854 52.4243292109236 179.97797290822643
6.522835766082951 745.200468368093 946.0091078593849
10.43167069432491 10.304420469465422 878.0637841415002
100.84107102334269 74.03159711121229 850.5550554238331
18.257272361433763 351.63454363479684 282.6749342376328
22.13259241884345 200.08499794525477 1471.8358534945044
1.3770251120818617 188.22946694134797 467.8321170042264
81.47006673770258 394.63308076229134 1346.5646995841178
47.021198323706045 33.59350433510251 1231.333637695775
170.7296774309031 60.1034441643823 109.30767601627139
22.7381485022812 216.57855500887902 1346.7942955207
201.48420253572957 33.4474347746699 790.8121724925982
289.6575054603806 64.56483254099555 564.2651946713466
200.24356472628688 386.5256594533391 1238.3149364394144
506.9114545628095 68.81481312194133 570.9219884287594
123.6289387627628 156.4232508535649 415.0726669101201
571.3587433713492 126.66594702544778 66.35356183546293
138.19221379922777 55.479021975148136 1042.2686051361788
33.50212202375114 130.2228376730132 298.5326273472021
443.76883594704674 635.2910511850405 1363.8457832908223
521.3485441251539 127.48787054259432 132.7214694559576
66.81028288448833 171.31623591661432 451.4235332734274
264.5159705606983 20.216270614956276 1494.12113932648
166.43552930165268 169.84649703018283 698.2019855406202
205.60443214381738 17.572203787529606 1057.8228415086596
253.98323456513228 463.76035325504165 50.36081018230143
205.4003130021762 12.450071756483522 1403.8645937810115
27.869775175303324 184.06592475538898 888.182241086396
59.86823140596718 179.61116084800057 962.2970214664988
5.572286814672662 460.0870571307386 160.66125176832452
142.83960031298707 5.1805495272735165 238.49975712212955
19.551645805082433 254.81141697328397 1291.812489147069
329.32094430005924 250.37692152869306 514.1864730931122
94.7222906512855 46.29872755276859 1273.5311091729618
220.2274315853837 243.44910414919906 471.4593483153031
462.93449077703264 92.92119139429036 606.0206561124685
928.3687932268015 132.4077944095563 1222.9801250735206
78.45647226666522 181.37969353822072 358.07629875220965
7.339814770004491 582.4117960992 881.031657892459
56.25901700422883 115.87004848381015 812.482633085451
288.9856132078014 1098.2826284249502 305.67170717309034
54.73247641058191 341.18920038717647 245.27098772743744
23.986159675777973 181.18909069643226 85.34348867207741
45.94753433124234 101.74940030695443 584.5089821979838
38.54555994437578 222.56411310000678 958.0261361691621
261.02676276570776 18.297380114463994 370.2412383551802
929.2055835403513 57.79253255309904 391.57457661243865
307.1198945771152 123.05165736014479 1006.6816362184128
363.22779089232813 26.991603707217603 1353.2738548053362
36.122227491986315 76.00628169818899 831.4856464762335
59.10348817893439 297.21773220382306 654.552498623009
88.61890029832608 37.76637577070155 47.30943176256625
126.35684654118783 81.43642721794896 1369.7740481964918
118.64884176970301 230.3331304010873 1465.0301379394648
87.83127766104036 580.3568491924827 440.71846214952257
244.61141730386467 386.68141079211813 1016.4784873125764
60.7538524940792 941.1475054746072 1200.29353196544
198.1496692945367 217.28276423507808 1380.5808016207534
37.3859306603781 321.01496775605216 403.19937136967593
14.965544157355248 59.80976997480057 864.6300503109576
15.542473404228366 605.7566040765727 378.6899436071916
273.6636783333741 28.296847237291217 1034.1587724219678
28.587490250148946 284.89411936500096 910.7738999164395
46.68448383435385 17.949596757878545 714.7013800021188
3.6588299760227683 411.65654693323114 1380.873785622073
514.4748976570625 383.6222253036553 712.500735681812
100.74373791664715 139.1112394073953 347.42532373087516
74.37590774725288 228.96481893219806 52.304660334122346
150.6005237486229 362.22505107036676 568.5495293430965
173.99842560808517 34.41102610172927 7.108118124049378
103.86798762830773 25.472726330718338 991.4614997053728
79.74400360074313 339.5771349063725 677.8084944605739
4.73987918218447 766.575234978603 508.27318848114174
43.65614743493086 141.62418325856825 568.8200226277048
463.8193709062037 559.3063670139543 1301.828499532804
161.7607127883537 2.6634659479264378 541.765462920318
74.02154493252974 284.08119079175344 620.8149878484522
38.69117914710033 5.858170950208538 1305.5236892476596
347.79926987607234 27.490463527777347 1461.204036869114
54.85533076398569 245.38928650328725 307.83111478760435
425.22637902992955 32.212093119426086 1233.3024519187993
464.0825253006204 621.570217509657 241.87256636946574
127.0977836726789 7.503256450379935 1165.3497931452396
209.16622813438002 31.389165656028844 248.3673810709931
56.68931965265217 354.08769648738814 1127.3340730188809
54.603927589385506 42.42388650306991 909.1682752883053
193.1602149227476 1.461739571647658 46.411664903518336
98.16348653212053 175.5113891932976 622.2878436136299
47.08751171091465 77.42712986385708 662.8713934371564
111.14459405309205 43.560693599604186 852.0516404080533
40.64512995388613 173.24616906366438 85.67214332271166
115.53154782888397 183.03985351064676 271.1414877268248
15.522699974603462 242.7645571796436 438.2954958468942
876.361083447402 225.2341486539458 880.3351545345461
66.25113071120037 144.64950252913044 361.8882541306012
260.42738983751457 861.5768549590074 1109.5231351330158
505.0766095259726 214.69994056324504 907.6602333096134
70.24022234354297 17.558776942223165 650.0985007674676
64.53875280189962 14.793118874324907 167.19011505939767
151.67725385680143 48.327533909832525 920.646088165611
126.68065826873051 623.6116279146414 466.69869476299624
53.69441700648666 158.10750445732225 1274.0236717271305
77.63535437246931 127.38151946282916 330.3878154254028
181.39725807460061 330.5952089985652 333.9693885191745
89.14549346509058 302.91055047195044 1289.551271140239
12.718138907912277 204.58934603760449 240.1074303355119
1.192261491877308 112.69164467708701 521.8047190346019
77.67706043083908 59.050974277745595 1381.6507964476882
251.8150048736048 39.08315637311432 686.9208823625747
192.41347089363074 50.04027571064438 1200.7563463059566
96.75473910765353 324.1037970652579 34.4553453181668
82.72661967222724 177.48248795446756 1446.6996442711393
99.7403779891502 155.78318604135993 1008.5355522565072
57.88812079522152 9.34625994897737 643.446610237197
228.8748450547893 15.790553361281228 1217.0061225338202
283.20701305480844 306.31407640855 1297.7869945648313
93.2831316292989 406.4422322169997 963.737575078676
82.77738665732261 39.784167547061486 780.4813350463536
124.1688373954972 51.007714833632555 978.4120248570463
151.2882674415616 137.3572625145463 1028.2718789782232
249.11231328729494 188.24621050150355 798.7234108824792
412.2495351736166 149.89494511695366 1411.201602309979
427.06920497853116 267.35808531914694 704.1360698348309
209.80044436265484 75.40518528754951 35.83266993672646
532.6836963553981 220.80682884191424 1449.5633412814702
936.5899733871115 35.72626632078919 592.7605312355143
0.5325943950002477 344.5702753147742 472.1879833447789
298.0434534912219 294.01509391818934 54.28377755655195
239.28091294259835 135.19720716611027 1204.3338223168023
22.326920705233196 30.256804572978663 1310.3829548199426
60.97652838558879 51.53399298589212 905.167025115011
276.54966318521565 90.2626770481585 926.342930910059
89.21791789035957 85.91553849204759 541.6633039088787
81.27751149440891 73.51474921290385 449.4353107762603
386.329210375699 257.8846846024428 1446.1113770932832
15.759331311452454 492.8280077360535 47.58337721862954
175.8207474650462 80.97851454743167 1393.8453524378067
230.09141831990138 216.21718730468075 1393.7581807431995
129.20782821159042 537.2448281786093 655.981007297804
287.14480923880626 139.32281773888292 197.44211763775283
317.1393582764087 149.18143588686144 569.4849331536574
222.59603556238358 37.704057159466366 570.8075391965701
35.5035135278548 145.4584389900689 174.16179607366266
14.181877372511783 51.98595184501096 940.9274953873459
222.25674404961765 226.7063295585715 684.357855457937
35.981391201556754 161.5293698525686 1268.9832269903156
111.36333829739826 18.21050301299393 1013.1998491047776
38.85299503804717 245.6935624567992 1405.4444854452993
263.5694883410001 235.2600504178905 35.85271838128645
129.08874577194197 110.52419432806822 520.8808938026195
453.1897614690555 195.49019907139106 222.57373972869547
219.87652356755626 53.062010678070905 524.4881231821101
167.56654116900097 80.15070242408756 822.6843184134482
51.02941608843299 23.01345947376206 659.4738276616653
25.129376749667887 106.75733174332957 549.6645580790577
207.21225012857286 38.024415501171866 770.9657176752361
87.69570274444739 235.69049852583709 717.3736567946896
141.13291259850783 91.93662428018573 1179.2354492258858
125.98017661592256 657.5456006477896 780.2668470235405
111.30797372996443 268.9225729848364 1177.6597566916555
122.8010332960678 622.1856381225008 1157.50967201933
96.93133622541593 14.71538168645048 1348.1523465922523
158.3879400835939 196.9587710925928 717.3592796112677
290.9061796046205 133.40192182147476 974.5421566899423
50.70320130084344 639.7201038642683 926.2728952473423
124.79026125891124 41.75124188077169 139.69307316841028
160.06626419913425 330.2900306627884 622.5183079282616
2.74779422875419 330.3739788824546 266.13192546164566
0.7600270876824552 108.3226228320436 551.7706167940636
201.94280566259084 65.66718826066219 427.0440480838453
358.6016643085255 291.19358353862714 864.3654029216499
148.83006983448976 133.73199267554276 466.5394396074618
16.344738494792384 265.1626581861396 404.7072007835095
271.98778911072395 448.1018965094377 1161.9574172819016
122.83168581627046 27.518675247020603 1043.325613364054
49.651586626159855 260.9207803267084 321.9322482802452
91.07316453074458 110.83492721239072 693.3359642809224
319.06154284556897 33.75120209762279 14.425962543760107
483.4261326408379 44.28639206369028 625.8902113830388
337.357751589292 58.16014535374022 730.5325388103166
32.91130835052538 94.86652990253344 1308.4191430719034
26.281248998410618 90.33129465539115 777.3460794955898
19.950657634101947 170.75362369412096 60.75367835567835
170.77835613541507 460.8619902472391 261.9340162411551
138.98725455568183 83.46640502586823 79.29932355116031
29.770431798290627 142.86500631423067 785.1101872928298
213.98319613817384 34.38924348911983 128.64619689135915
237.67328543943344 490.5966691334176 388.98795944308165
72.23448218973972 18.74143198590547 1183.3093488432635
166.59192094905143 214.84742165409077 1000.4323560035575
139.1486156747069 353.32551307066956 417.00308953561773
136.9227021204012 270.90773933336783 500.55687737794295
894.9171416958263 57.61153220789386 535.5506151550455
130.10376522202614 97.19999530419264 801.3534912633543
231.09353959188343 38.4751068870297 366.6437679417686
38.42084505402963 0.0981658375777714 1273.6165609363409
124.47294170959056 205.4757487761119 1237.2265183851991
220.7788711010433 879.3074207694833 1260.8917591399236
621.327822874538 63.2082770511633 215.34663971316965
130.88559416731323 77.30107454213791 345.1749684717849
298.1664173795593 704.1171125309713 417.11099746766973
22.581283383678972 985.2611370046318 511.76319652547716
12.052334457757965 268.3224411079837 793.0168720424554
149.18278046942325 108.9321369457501 1244.513403193169
77.58895678132856 703.8954247971991 1345.8086982326008
117.16505069393031 188.49156884298296 1314.8565458787223
3.525425216859786 24.314577555728498 1469.8499866533873
115.2938299069726 269.24368533477264 90.81094591648586
97.80224507423218 106.71001955484991 1233.2455323049771
267.04324621286275 34.469005500429226 230.58593487485052
56.22752453690272 48.05281735068264 250.51197514968527
272.83771928512346 144.84696386468562 81.51619711898606
421.9644021253048 264.3180776099752 262.14237370861554
124.88778942222471 44.41564209541867 274.52139437244574
12.598672288027398 154.0227443728591 511.83550006982006
6.344537297286538 148.88101341043912 847.7966078355757
566.2454038885018 47.08544480088959 1372.8934894786457
73.03395375180412 70.43703221393812 73.35264578608214
508.6632497801863 260.5379020644865 873.0236984743107
84.28912144084974 54.456021407717984 502.01569817847064
122.54529822076432 74.81245779884242 1331.019995536154
111.74538411490937 186.18421123115783 1448.3423846703454
307.0432658443018 125.06769043732149 1300.9145647004325
99.45327497502582 191.4799809975209 933.372108732735
53.45222320953526 393.02842698707985 662.7142652951608
529.5762099391957 32.49742004826165 482.74317450605423
28.62136023198556 77.94857438834393 56.68709537983913
31.009210449406815 77.70992964317645 230.75243631790664
3.243579633401552 204.1081294489473 1408.3644409938522
5.2568980631490385 163.98953829129974 613.3935394891663
558.6582967264002 294.1623425702144 1121.115695289716
110.9465305750863 144.6722571004983 1234.2665227976968
393.05888114713497 50.22985412024131 1358.2072881955346
153.29017222943372 97.12176202858306 392.2959329518182
11.049506806512065 254.49629484406532 1047.5505391534086
834.4727820303149 376.7936482784609 277.75295752004195
511.5727269578612 65.60392142599913 1422.914763857034
52.199651188739395 402.57143178496506 686.1225566107474
147.69100797755434 8.362342257552797 110.24685710471083
248.8794932904839 41.958666359168106 632.5317698829858
144.88868005406525 37.35653467879778 743.3162971867185
68.03626001829316 615.7133487719996 246.74825348383027
106.16223748923946 168.94490771260368 1050.6500004512443
136.11327778333649 51.48828484487272 1243.7424927023683
19.18983947150895 148.84364934305088 28.4666325918147
221.57505993711828 465.7090188769099 1040.1726871361623
145.56245749508068 156.76114146866155 96.29929597856807
39.75275100078799 27.317904184720675 1061.8095429849593
39.79898461947611 922.7868450671735 761.8255199521764
185.98453081514174 332.86682713115414 840.3618045864575
15.439395651764737 97.3183014663503 50.357092861014806
262.7989522408862 123.46756277733463 1116.2108569698057
162.88328859519027 94.83574122209004 531.8313294697521
324.03937621016564 346.06355882014844 1140.4563242553536
444.0415032066853 115.83939531817597 890.6410765011927
98.34386443949221 333.5775822843783 1022.6364910606235
67.93003236654329 96.55410846732342 141.06721138211415
97.45061613726558 170.86815326743084 535.4290187194457
98.89241615583273 310.4630855146276 187.64828051078132
205.00484335195074 517.3313815214992 1032.3036552157528
9.721694380130467 205.8767420153809 784.9997825182445
68.28582163209985 261.7836644461995 292.0623457222883
30.838215209158225 51.81932428343122 964.8754334906372
65.29957542879362 351.9256468419535 806.0662130824023
228.07189917502737 29.63391286074427 330.1747942776115
0.3985682328711205 298.06486210419297 1106.5258783802851
72.17543463260357 46.8064683197951 917.288286091466
275.42023698882645 89.01076788516463 639.123971347975
33.07345573534473 42.46551322821118 538.9847212149168
430.2345842199131 74.87583251176663 1482.8327865997023
53.03246857786761 28.63537888529082 425.1391856517121
30.674523251239215 79.60997075003971 1442.6581229997512
15.835326576283299 77.91444072301931 1072.7870495283328
159.5854737325195 34.29458234831573 1195.4676151067436
30.60549888174611 42.317823348349485 599.2373085458495
59.109445833566575 434.4480602649163 22.351121774709494
42.55916855990943 321.7249070378381 12.047279842104075
207.7561319209557 118.36298072241316 428.82345828057527
56.10784489313144 165.25095460226837 682.3480462092541
392.5687107457405 90.97442851175991 953.4716465805798
115.42055805279551 280.55351786040393 90.67839546177292
315.83356521010916 96.44627711877976 538.1291799385826
147.50843903275924 218.70749869831872 598.4527687730622
259.74875211424836 265.77790461442083 1023.0731078868631
38.16453376721822 967.1122294530401 101.4082523307594
337.9219111720875 4.499390382154489 575.755541112907
70.33544270311117 47.40096025315677 1263.9304834443828
0.9629046669153071 224.26984751736327 231.5185567386625
26.817645625574855 81.79773675187653 1459.2714581692853
146.22308626699433 16.893037208809442 222.08896629433673
289.4254420150503 279.0880061281252 1477.0219448977093
158.57100045392545 95.13021891544848 16.633550885931825
132.4892915939059 202.97195127876174 973.2384254562944
16.773822841626888 308.0768194421377 959.9578260423294
474.50383170313614 190.04775174724838 951.7414909812596
207.8718620238734 5.199015544503116 1001.4302857807294
209.78604972707532 237.260188850021 236.04938857950842
128.58276169885292 121.61501691008989 1282.0529307867346
552.2827432723637 185.1362612118787 1014.54155298738
125.43118918789979 295.3436493529407 1334.4556573451325
152.4925081166094 178.18995222310068 1183.619104211626
98.213408962987 82.19134471058771 1362.6967241173847
69.8309228982192 48.015158399520004 1394.105578734639
151.84470894454478 98.55806007629218 874.0367352015936
37.44175135468653 25.30600236106229 126.84732736865345
134.5557844689448 6.288469610424613 285.61097641096103
147.26891825092983 41.04323144871865 159.48277164183884
27.546713167201336 161.1037604474892 309.23637043730776
286.25348562786854 80.59464979325381 296.08302749643775
103.07333726754537 156.69085246743526 815.3949604188406
345.1979712915223 229.94117445463633 90.1676254153328
13.1439475657799 198.82672842816055 165.83194096586328
334.3336780555231 283.03745992535096 350.456272794315
334.94354751288716 772.3320925459527 512.8008381948389
290.49265219780995 64.1192801690759 1048.7717116590934
461.86946579676646 110.84934568354787 264.94993289058345
61.2864592421605 36.58143538928817 233.65569778919303
405.68063283486435 198.90341635983444 593.6727373876915
73.64525282812083 238.4297168368878 609.0229890202468
246.5845666894785 81.26363801622769 930.4202153584741
172.52756256910644 126.83965376222051 836.0903969985363
140.46324114253196 379.66041935200894 905.1996611478203
342.79145246692144 71.94198546388708 851.5028514760006
232.24680797862663 194.21568082219255 26.420229613877634
178.28950770929578 540.9606848231302 198.5850041291537
42.8737575613271 496.62849550716555 543.6069740167344
102.21396135762073 227.1307062399695 876.3003821137281
177.90577280098435 178.6346012465089 777.696492574758
409.6597992947891 286.02474636476313 1021.4760606978558
94.53326900258759 126.22998698508063 1277.834761944686
126.72228352932429 623.4681547418485 1374.9534556594847
1.6886245685323833 393.7541071337562 218.9285572973682
7.081846879211104 171.88140211361718 776.5250206320325
228.91672580000636 242.36243699183376 1188.0755677407228
161.8115265009753 153.62872652767572 536.8483843130309
816.952484059196 177.8658646640596 653.1042034491936
30.4222898607155 42.84714081798583 164.42835521610348
27.785389353813073 69.204707351078 877.2626985418187
21.377702404908646 6.074843398185736 975.3405881020027
38.938387515813645 31.147368466020303 867.891108218114
151.2003908197757 42.396014172196764 208.8049507996499
394.4277622878836 21.82831099830402 1413.4496720726513
3.82428662001219 177.58256634192233 638.7038337613232
131.9544340878611 48.0307812031159 417.8312517805089
17.650592236964446 118.35378559017559 83.29297472863617
403.8593702443965 201.09599744346346 839.2042467461854
125.58332942881405 444.4979491921435 483.5998719546079
272.00431557128957 53.12014676533124 633.8986324896196
253.7468279997853 23.774499229981757 979.188630083307
281.0994389608098 253.14105555855062 680.7367983235814
5.618761800304818 69.29976163945881 762.6857206215917
53.53637393298673 637.4673282797407 591.0800684555152
29.343104097473415 148.40516765244698 1265.6901918993308
38.916469173031295 111.0281690586722 782.7123029464092
25.029125526125963 224.57291484700676 1427.5285023724355
869.7598885053998 559.6709095530945 1156.966866482037
410.05580262349974 177.39689551927884 1180.1217888824826
1816.8241748503128 52.99188162108367 226.18421192199278
34.29055390739684 164.29473314073556 1127.2402197866768
99.97238180731635 216.0175121992412 1456.5363687651704
540.8272725436009 62.168816730416566 129.6461179570168
337.73468260759796 49.63328160427661 201.15739951023122
25.089462478481938 252.58712710207186 1404.7056249891396
453.29202954488244 31.380428275354426 1077.9903429251656
342.10098649914687 132.24625982126724 59.773058516104925
782.2242553165993 264.276694671254 59.46240752341514
26.577140616364215 100.73510141528061 1311.6034104588684
469.99302852931856 172.84018574387002 1180.4767155486581
9.75981904030534 147.00198488978472 757.6701261481803
261.2999163207582 98.47141458297243 1014.5364430335909
100.08443632458743 168.84202684773638 328.0387505184957
257.7756428673239 35.360279019037506 1322.181913572123
196.4475167032753 285.13621678126714 836.1512186697843
49.558723901806005 549.9059719760393 323.1629059307472
160.27886680105192 105.57103952977629 758.401807215961
519.6743794519823 25.90035373483915 1416.556878727007
94.15991424760087 852.2462602098713 900.744910949071
208.08127551471708 93.93191975617293 523.5209808660077
235.78128060538504 157.03078627326576 1346.6833179881712
506.0820032016298 698.7905865278602 129.8300803631612
90.0651845890672 172.41442679980662 1346.1116581793244
183.41288396819397 858.5956552016686 1050.9735877824278
496.5998249005562 95.22299793057987 1296.3692198308484
316.57664819158157 493.2771470159649 924.529590845076
265.67482002110137 242.82879492175536 804.9466257905427
172.2337096874718 13.923590455234617 1299.5552943016023
59.95739883942858 330.97357263871527 1489.6583667673337
16.708864576356387 284.5333862796365 1403.2842300004897
363.5183558303492 19.009143851873706 389.7548261153667
105.03868314898173 47.06677944837964 648.5433105801673
784.2155951444975 223.2613126707057 1120.9197150589728
80.04077459634371 271.52076356001277 579.2817613700796
470.27466730856185 213.74216093868569 1284.7992674741479
51.87803894013936 151.62313339605618 286.2299365773577
17.285421311513403 14.779720630937465 1062.660683760035
171.33667174180835 51.17318507480715 221.03994116513041
14.485757610406749 5.255820148981717 543.1504980728059
41.27802864389422 100.66587896125405 1420.250506438126
397.6176092285569 339.9054420764081 688.9876408568272
765.9623516122706 92.86815536866474 1177.990577930226
123.71968673871459 433.0164352428762 569.6035479282624
13.755299117498923 19.91106181470425 1449.7712616873725
11.343298958170763 505.54407959113155 277.58123202190694
52.56793558363492 254.5189920771964 812.4098303765243
262.91901524411236 110.21028717563766 818.3988965268463
11.722306267250836 178.25962701793884 275.25064400783424
23.00627415076019 81.30309101152824 1369.1714625775626
6.782374217546774 298.75971674520974 1310.3043264964494
305.55811707719965 824.6810036329751 688.1518486318196
251.93133682108 249.22321764493464 504.325768593821
139.9985263650488 11.550131017427269 644.5039412848704
91.4390399833011 389.9389121194085 362.79107763160107
33.868943742430474 361.1816128969933 1249.7484313933753
9.50551036632297 83.99359775678892 665.1756360477613
35.93148922316497 212.85598662195753 775.7045924008256
81.85312829750669 382.92163874230044 9.220804005720618
178.70627348597708 367.1304415172791 1328.918236477604
178.42470036847573 219.21002887688283 38.964273236312074
3.024889249981375 33.42614511689839 741.1438261099199
190.46212644204059 133.9698020327632 509.2007867741825
265.8396722933014 41.733296316640214 753.2488151004972
155.3109394464048 411.6294724963448 1377.2638503331245
151.15808802370276 3.3660780564106743 1048.6354515801795
161.99275762407862 97.61497118306008 97.6058668245639
24.208853915272122 361.1969919293098 1422.2306114691041
37.941647487598786 522.3090451963936 786.2449260082501
264.1223307145232 563.2678231436265 979.477982487196
175.84787213945685 134.17923703646608 92.35166412727331
255.25510825960941 130.70434062041429 593.3477995889065
75.61201324361234 165.36999142032266 857.0145663082213
61.549812221844626 190.50600199776397 1098.790459478437
903.958410395588 64.26978226627357 1339.1815558969606
59.65960607585079 536.1717498278782 282.6753314527013
105.0004762656221 434.4615835579969 1099.729864231403
860.9615667432184 101.87204013413292 759.1483209023532
639.308363707412 108.98210979618304 813.6527719956529
164.49472200044556 65.57983082481705 1117.7904789101055
145.9817792093605 219.243102439334 611.4403089301159
711.0742325622618 755.062473245831 409.67597975625233
6.906394429655141 279.21394492050473 374.3229744480539
270.4973869007778 319.857262624902 1409.1072998962834
131.21155348990175 129.5452569072499 722.1509300798051
209.3221797647431 32.54071122246931 1165.3644361917213
103.40964156520423 170.2489920575353 458.8092848862506
67.30598163552966 17.635976830308717 440.7938106385446
416.8644591631439 12.757137986685715 311.6014706882595
219.70013998760254 11.39017936115034 114.70204807214907
129.90644678247682 738.6414677158855 1272.71457080219
12.134048698579084 464.88484620754963 382.73042410626664
67.94309499267194 6.099004405448762 434.75982128908726
319.09575292060873 585.9342355933122 973.2454910135185
98.68425290082608 126.19792741491509 994.4541778984219
1203.741538510933 1.5170631248897315 688.3188621682573
203.50092228533688 209.59907827439125 1390.5472977332067
123.38223189651625 135.19390196880508 176.61407190397193
18.992406951136548 101.61455074141085 817.4296296710578
640.9113945662147 190.5993479159521 1050.2050963371655
91.27202494433747 10.655581714023127 358.3705820272567
319.17907861334805 411.85520614068525 1494.0416565247315
509.4741688046435 62.73575712483904 161.19921926402037
319.6307931292862 398.2093319472866 1343.3771934692304
32.21460629162946 70.34367106006682 717.3578869011398
22.626941670809106 79.85886872045346 1441.084860098967
149.14495172307215 274.15911195343267 581.8645676156569
114.15756264230774 192.03057701702141 950.3682913084835
17.361979826448135 23.424418952888598 586.8547487338933
367.9778177180808 9.69347788113592 1058.812021099404
27.173397482173783 33.34221162083678 1171.909319068946
20.813583578192752 158.33711332276656 1193.52141389786
218.9670772839842 102.4626984233544 443.7171527309655
244.9619125755894 71.40217168880463 294.0592134275715
55.14179151887764 881.430778480502 479.64804418664085
312.30723874672503 93.09421615656707 1394.972233893618
48.96198247933229 65.21524014471957 1434.9095970678673
137.25415014519 263.36774972266556 1466.6195659248972
20.541522192716364 2.0836401901346653 1405.9263199964198
364.3258985763165 317.0555925065707 1441.056261408937
373.4530251499798 303.9765753007155 305.286257698837
18.3102041634796 15.14294118558705 727.7586798388481
176.7578594956005 1.090105044809525 586.0000989933043
265.85899675603633 67.80077567328028 1098.2677352585338
283.1214813892577 569.5822567874844 1388.7795280505022
273.8056848590086 695.9025425347787 697.1681162869536
124.95126132194503 66.10589212275737 313.474393341554
1061.3348682020237 114.11105602148635 1269.0327333964285
53.14420343437877 387.1689618455953 468.98581322910775
124.38289228395585 487.5145613019205 1191.924162851009
21.40695179056096 97.79868851579523 1061.0593188561918
125.97282686540426 2.8766340257910548 1109.0852228371834
151.83355165477028 465.4965383692197 671.1986508272964
345.2877409439045 89.718543245487 219.17038310441617
121.79161502711761 787.0810596611211 410.4812976530783
169.0813854730122 87.77778783457744 496.98278810213907
265.8125976836899 217.42965398412233 118.61824020304806
297.24631595626727 59.12337558092721 102.58696654107457
198.77319297474386 2.606523657568008 21.177704748533642
138.76991685022116 204.3454960192478 109.88550761679788
112.167515313738 62.5888501008457 841.9318561058519
218.43340096729372 217.81478702750601 1006.1884033442809
150.95213164976548 183.00523275425243 1184.0057624961273
142.51855872441453 6.0965584258715655 1407.8292554654554
95.47253480510642 357.306557965203 920.486023550837
188.73666292826684 13.168859826310028 554.2298201576251
169.48097500182544 340.1531399495922 1132.477786390323
171.15104883390805 88.18059127651054 943.4825037319255
52.18673457676947 114.7246135272028 251.6193867856994
