2000
151.6458130350827 144.83252973300716 71.43172748987064
106.01743147278083 155.07835919016773 86.36155055538097
5.751584627556942 104.05822473494158 1375.0625033240408
155.81064023370564 118.11531945299316 374.075277679283
24.026812485268152 589.3881286617375 384.45525191234213
235.47365928317663 9.25255233928605 339.88537225033633
201.95650732909098 116.55569003473079 1171.0650883041915
295.4471771178034 298.6111157348192 1327.2638215956617
209.82028625871857 127.06504692895035 402.85256247568776
334.75356886997133 412.1614227006453 1064.805340998731
169.80056282964006 244.8650430619913 1051.37345811065
3.7993410623285344 464.858833349642 910.8873285907472
133.76589005039574 574.843268544386 1056.6430439989413
40.25322038788674 44.85604444041837 145.0742129851354
125.60234195143013 10.999835976299673 1255.0724365706023
165.41192055789313 5.2412136335541 1038.3530757209737
35.53567105477352 64.79878604027184 1085.1632744000472
196.7509436978642 481.8771676325339 1234.8386466103675
62.34025978650538 12.535334517679859 486.94111402547895
342.8246614854031 29.0104730508071 982.6856449930833
197.18231892451738 0.024444346234455475 595.1226885098401
64.64090553943969 98.15890030779236 517.649358752602
57.715931367253745 39.14384588061202 843.8576174741886
119.14332616656371 409.40286949539984 638.1990631474778
127.46563553379092 333.00938552266746 22.773589989515784
149.5427448599151 463.18803284216676 1470.3827967889022
26.96139989014119 67.41780087839714 1112.0846146593406
132.1846453264244 15.592385617722046 1101.154271856164
23.240427201759637 161.23582657950246 516.5638549095788
49.65530198402179 560.9378711237734 1091.4421785693094
226.76805267757624 21.28233431267165 775.5938155757497
149.97471155328844 39.71625786181104 717.9742067048996
31.99213806085278 168.1788842113794 1174.281182572373
533.7960353605389 146.86935677564884 1136.1633503593137
336.363541444702 185.06868179147 1472.2261920295127
364.5082850185534 127.76821523654786 102.52776780631484
41.079441623763564 303.48348135296675 723.9685326693163
10.039224974551008 66.13936566036288 775.0399614404807
179.7434104766614 48.571879983736615 1228.182175841552
123.41406609172567 284.2131834934219 1191.7761101755925
115.27016452094297 64.09354924642585 953.3889392159251
160.06716030814533 76.76324170645381 512.3532805148368
21.040151203953037 30.68773358870327 110.34097292287204
785.359678069216 140.92360176308424 233.94008134090933
112.56694735967328 24.307545658585887 34.80373419254052
249.2886076584968 165.3271316246149 803.4170229779992
125.43067202198117 564.818676213932 733.9388383842283
161.53514607981901 222.513332519497 1191.1011809744023
57.835424956490996 403.0846216417097 310.67655679282524
111.52488725642702 579.6211305676554 1040.3920875061765
4.090598243264399 230.98467070555023 767.3076788416073
4.853128998854843 152.99503971457676 107.03950274318757
152.04268285292366 426.6686492107376 139.87264760992753
131.8612559376363 14.671434715169141 66.2362168864592
426.5145925069375 420.74155764361274 186.32454378913255
68.70729982888089 101.03550488114925 517.594616037854
83.35732042280257 164.0310160474662 832.0595093557956
479.234743464107 97.67701746439499 1482.677444429434
689.4025309363795 185.09753597231997 984.9395235589817
773.62283404807 10.571605826400027 321.0028809906205
35.382614996829474 192.69279223726764 897.1150080731272
44.048251366604 169.94368503227818 555.1683030210484
66.80750608990705 144.11440195704805 260.56965956971027
75.4521237525836 126.83674433180276 246.94200609500484
477.30866306699664 48.71145952537615 217.59220369800337
457.45842593490903 379.7609692980234 1290.3847917849048
381.5568656231105 235.77408388705274 848.7598633255154
4.192446391180654 88.44064583506407 514.245126334196
118.30207132145449 17.507801849553434 1125.2737070499327
69.20193293296279 26.31008148484648 1264.9146992682063
575.3893665742784 406.7747187448971 5.885244589832805
136.21437489793806 508.68834220078804 659.861523290572
9.139098443313854 53.59270499921047 880.3725835541555
0.546396222333249 42.00099716757981 491.53958645479815
70.32608266737036 41.79810949416633 1488.7153925420735
742.6362141900761 456.2226002827952 117.64936622066635
507.22838494614405 293.127966961638 648.2716964544481
108.17378662302531 293.14695226488334 188.58097659895978
67.37351768348572 165.1286868047298 109.47693982672419
82.62821540088501 11.009354667239025 481.8797442375276
73.25349758416718 157.51590943306428 286.9129809673629
114.32082349973827 101.63148982817778 6.422472756206721
72.13348316125546 38.10624304279614 79.28028168535084
190.16997166999207 561.9952920763869 57.492029067090776
226.91334652985978 22.70546062487274 1206.7165503173012
40.07829624253125 83.52970317537117 752.4348860495107
190.5558354618871 22.02473620197349 229.72473005656556
84.11701556903031 16.74473121218453 838.2845326412944
61.60849954377432 97.66279308789704 905.3149919756219
75.29186995903653 483.89569706661774 746.5429763007693
258.7228057813949 499.1171770516978 777.5385536433656
35.01911104472928 469.7529305833069 1086.7277190251727
228.5207271973404 220.72690151541843 198.5488703249411
666.7240648296086 33.87929837160171 1161.48688590398
32.842028656871605 56.292393610571146 365.7413592521015
199.9511985963126 241.52974325856164 746.4744148178291
177.62950650943284 63.95213688884057 100.94035813960362
524.6352838228105 310.8393048894006 967.6110719674391
341.4245439421154 419.42016783418967 1163.1294301302262
483.022258941169 161.92889178915257 69.64054654470641
17.348776875083903 104.05423011090815 965.3398982740927
21.107062615587083 53.36638777247548 825.7685754697014
60.35841084657023 156.21456184545463 737.0846705168169
175.8975894067889 67.89879414135311 828.327433592099
299.27769560682776 222.0837627505991 798.5395809875475
355.59206395165876 441.30226581548334 430.016993387436
42.5626069449791 98.65201972323341 602.6084601137496
456.17481446071054 180.05408667197295 1370.9371557036645
99.31229635978089 39.50020216413849 878.4594357319298
192.81432900028196 955.1256588157504 557.9194410164281
150.39857937015816 253.38440389802543 1079.5322606053235
227.10967445857037 89.10724701210123 713.1823004220939
79.32430278142441 477.476650270913 522.2686264992269
235.80783884055222 226.76820535424324 238.3417869962343
59.19745310221942 130.77815871901964 392.83300905526403
387.2727270036494 125.23736588462894 82.01075255332235
248.27887585140599 444.64192012430385 77.66142837416994
67.1199295582739 169.3454204253032 1128.4711268879207
71.46128645678476 347.68097240405393 238.362540130794
7.841789924571464 1885.1903634310236 1328.3714335489922
68.70534720613314 14.004235853690314 1182.3234820033051
98.57355428814063 542.8118189153124 116.26174348400143
46.027734567101625 136.70674133423546 102.95974633518206
368.49896878888933 70.32640522756344 369.8013851426866
161.81392432993235 2.7612626596611016 541.969493295112
1113.359870113855 163.6586725788536 1146.1634368834227
3.0161999191339866 141.4823085509826 561.3848857174911
21.24926359380736 20.507740189494506 577.6468113794778
36.503123626755304 98.42351389370788 559.0044324459561
198.2935269486787 56.87953445811649 1136.7769755620027
49.216535229482595 22.40846914508735 205.5286666330532
14.03667514014963 63.46033704666506 621.0715019829275
167.71506653565316 476.1537539565838 567.0960601373141
106.22719300249972 229.13985507043319 1404.1753444958426
101.6445542541589 81.49148937266749 925.821618391822
617.2288387164215 145.66452563111523 986.2426949537361
269.18455937126635 235.88837047791654 622.1564772856543
414.0546846718924 286.7338897649619 1335.181360441887
676.5975755647123 3.178284428023607 1325.9326170916117
33.27365444792496 8.107799110543018 1430.1568198787143
63.978364472513746 215.35546049879915 1323.1177749091667
513.009283217971 74.11299514635377 429.58503426445264
456.14703501764546 276.39120148560676 211.08335004639022
145.01412782959036 105.1014825786213 311.7411482725406
350.44035741069445 25.718488612686148 722.1667862710051
186.27357333180677 153.79677073723053 1056.0061711350093
409.0955646677023 360.5276925460042 844.6529437219721
110.02887217450284 219.67684394456387 1451.586280493789
605.5601139507827 39.62899207141138 932.8551515486006
158.93704133652489 20.184960136834263 984.3181567257897
13.561726441299966 18.644907897785398 296.8876222882346
282.20216771849914 104.5506527057529 1418.3306378674513
144.53908863516014 268.25701838256623 653.4025189612655
155.94825241824236 127.84857585925647 1336.417475009727
14.989315542713047 5.451841268429317 375.39001546804525
535.928122348273 693.1651072821151 519.3358404415575
177.5163700921682 79.3970494839875 1102.9390310409312
330.7675259501371 283.7730653773803 1492.03517002181
23.549395113481765 246.30288208301937 107.68553442707812
413.47750014008807 92.25797814446999 903.4659582483515
136.48460919913694 305.5897942062015 196.296962520009
39.35892201340672 168.6761214525442 308.72856195162393
241.63178563183888 189.47220712588174 820.4221239974786
84.23139052408828 3.472636293065983 1174.653880293472
153.01065409925624 55.507786208834965 996.3625677917397
497.913127860968 29.778373930566282 1022.1950419911882
135.47900949719062 541.0201015300148 1213.0530753483217
80.71410207698855 46.215949962270244 1269.0108456814721
70.56843772271645 154.22125409963124 7.48634148146865
83.1755291324543 96.14116017991198 243.97207427273082
36.51048692764029 216.13006073453926 448.174354329291
114.60745615764343 434.000057499172 172.573941522891
86.63818156318708 342.85297043484195 1270.4347475744116
450.7186191919172 98.02975906323088 517.5800567477702
25.1629368739813 220.33238981115716 1127.6607596017075
119.3940000118499 15.860908337656154 895.1941285276703
278.8120643324487 1.8232774996962255 1338.8550478973018
49.32597612826801 504.3920532983323 1372.4142742970434
215.43771051439018 169.71067038945432 404.93555734324565
165.3111652141813 171.1150095313243 14.858726160844771
393.98582292113076 357.0625532755751 547.1309511213892
96.93785242645963 150.81666789627565 228.76324151492133
195.15864626748518 205.38305536813607 644.3044107282437
224.63692518866432 429.57090716793005 258.79175413853636
131.82959856908053 525.4397786282861 1012.7616745869936
163.25130831331626 103.20016771098838 572.0878231873679
225.2787979887686 199.15900821725495 889.9799722943035
385.9825677834968 272.5232684758601 624.2480360491736
157.61016133468905 509.91259230297493 1003.8055922650191
215.5635429369529 314.51650861055845 1319.8529449991722
113.08232852179776 136.6135173691144 540.1011660869837
302.7071383861526 68.24613270332456 386.71429159791114
116.38040372831443 62.163626231450564 234.74895690274457
246.93252498564812 147.14551062839897 1130.500734497996
47.592273611323655 35.4609754375507 1305.3423985663997
34.525567951251034 48.31379614048294 664.7983974148867
54.16688642348338 515.6204571710017 10.179266391335762
236.02714532268334 42.16961207114396 1451.019493364171
507.59595520754226 245.44945736786664 483.85805491725586
40.881093629035945 251.11621365235445 49.62179496063296
9.61011494248047 55.131028702444475 17.96107447463835
167.52041468744082 85.70954292940621 1448.5620548588497
63.46963617169702 300.3829776321281 1188.8342526742558
104.86556061629864 241.9387198742833 1226.9862981183624
389.1310900021999 110.60002710730083 584.1750976339412
181.79104868049632 241.4801375330382 788.6257186391957
6.530370923959063 187.82165994579987 612.1661524220243
283.5427132867947 87.87503966579064 1280.4669206035335
103.32654738596364 264.6095548777914 1055.8707370581942
230.6595888556668 187.85727185853492 1336.6619947571965
126.74301563575519 296.2120975687377 665.3156539884045
145.3603870343059 197.18891558618373 1394.4897085203877
61.43918285155138 65.20161645034666 387.2563804864175
12.638583011286098 105.68892954649465 676.0191703295203
329.7173334637267 107.40723811788777 1379.374651217577
160.30610407305332 97.36454027887869 1278.7433471927477
72.50221311878454 81.06258607154862 742.2579014247299
30.27349588536928 373.8769523988713 1458.326938580675
102.28850950595931 299.9421410116314 114.40992524789046
158.05898071218058 72.8199259029781 1321.4518627993334
128.2751897388118 347.6440490366758 839.9267452439125
90.01671489952561 109.96156318611101 1102.9826197342975
62.84676418129563 66.71172495013991 796.2055120247713
181.9487239599774 360.43558909487376 1482.235201789391
131.94107633955048 409.9458662171426 276.36592458782945
278.407600454291 64.24396008890248 182.21251762657238
7.942288742600115 269.52907816489875 928.4608852160799
13.711810537427946 150.40918945504038 459.8086996130851
6.016134530424144 134.50276468503617 1063.0585170218535
205.01066583437074 49.42998138480311 508.8777969274797
193.88705218701097 510.04980812477766 553.2095815209923
30.48515536961318 176.62801564066416 734.3186877643001
3.4727755419179744 183.6970545088885 959.3187033790401
104.80817477148815 142.78657100514508 224.15428373540203
132.4616317679356 23.171985895042102 1212.1884456314501
27.86258109105327 278.25397867948686 26.604425284906085
211.6586758765778 63.08566101139642 1220.0961817862606
224.0169517404882 627.8680950558227 1207.0989844902847
262.0607341053415 496.91291814401285 874.3797499365512
333.9987019763475 128.78356226415025 547.8185847362851
353.7650447643912 213.43216847744083 204.43300760334986
37.12844069333698 505.67870597439185 887.2531615795456
45.23066861337401 9.041607375319714 749.8491931733374
90.12098957602883 57.26164953996583 1442.6210518658738
118.79890139894516 292.0869146918405 1019.7902217124545
820.0560000610463 808.3929244415451 1128.8756770222205
63.482845565746416 425.0103670740237 250.15972722586355
318.21878843762187 13.578088238663213 1435.6757619634514
64.97509194383198 28.721346432915517 366.5658748337078
1030.3117670237473 88.38667690350289 5.5798767698928
277.37113673807096 45.64629921604932 400.2366239645431
48.420852616372756 133.22312473753857 590.5160664249544
61.29632939357633 40.47880398704519 314.4671183808212
39.57790767033386 9.060441441001228 1217.5810805861054
118.03353781301698 108.22384519683008 929.4042229478581
23.028836092868072 763.2873705612315 1301.8086265458264
28.966346172319412 8.54300813568288 1220.2497011369528
178.53295229081593 304.07570472022473 1263.3668572829165
240.70359808470192 505.6347222130605 65.78921931082371
153.52062986360437 69.38125242324298 711.1623411940113
215.33313683091043 132.0280053332185 1204.834340286516
247.7864884000374 158.29490873234047 1006.217207389511
50.67862827944792 7.545215346109996 1012.6564821256919
107.25732197704336 243.7198966896169 70.71674116608546
160.49326701830023 313.4776283903756 1340.7517284936434
220.75737999446073 36.34643225522503 179.8560933386923
356.8698219474551 278.5281448324262 968.0693919734405
166.17429953205234 91.35062344027799 1384.1820721308843
160.20968361494116 139.23650239494302 9.423968621016577
25.199598838237936 683.71828153996 1188.3520262013408
42.418564341105935 73.33338978010421 117.99591337867766
229.40148839584705 342.8111198496256 871.2520215271378
148.84541899408882 75.84122039962637 1394.3005328257523
125.05649780246091 21.923052021802782 450.5291063243351
86.59554355293699 33.0350407862045 892.0700712030774
815.9213358170744 111.91946021356436 33.13152798700564
95.54631395993208 49.24422319941071 1034.117358309531
370.21588588758624 265.906070514311 274.40183515745025
430.3314934038024 146.38833790187581 1276.1945591802455
152.88329158405304 648.2990386208766 1022.5879326060697
199.74299071996379 27.593018574221283 558.7120941514512
214.8665597214701 212.13449555775554 210.23788197422166
37.23226407261276 296.4215221435563 877.5479894778197
27.18061416658567 42.46483356806118 1021.0405290256884
585.2388228206527 53.89349177566633 1348.7594404916829
697.3526740436633 3.182348756505361 411.35555342295834
5.9884031483575875 95.7998473477247 439.56289784447034
125.8785835805003 27.3805281653601 1055.2784577245204
42.92273827679002 282.19438611774603 641.2779579665855
98.40137990984981 58.18780301967594 978.4799195059453
202.15723096957979 47.08271378841001 208.51119733499422
238.56072137860184 99.2341570169624 94.35096267014787
38.28157969869987 372.78931648427573 1045.931118915746
451.2810548231589 351.4141249839743 1192.3929115437911
6.380427516799219 598.9903808094705 1310.2497682580836
48.82840015091141 51.992179555996465 704.2811570360129
44.353227320924056 9.909204612120497 74.09855609566857
28.649406646286213 3.523693167401916 504.48018796010723
356.06415765367996 213.33198369437412 1087.4696416555864
613.5981576509029 46.8685248489181 1273.4011055434003
480.45260373652053 10.49059406321556 757.5339171225567
227.9029319069411 133.9371578824472 863.3676226923026
302.0134600297852 378.3420842898622 707.4507165485765
28.40841139212133 1.638609841388804 932.6048638367232
44.9598675651211 92.06335445575895 1241.2286976342837
364.22520529086324 690.9055838906652 260.2830142463773
174.01426607293823 38.310555068461795 1437.978905467399
230.66836421222595 812.5295461445966 1373.0913723761628
163.2252172348103 30.31682124524298 229.19261069694096
420.24117820497713 133.5772816299643 415.54206024363464
18.71855989394079 159.97904349433284 862.1307095358354
58.17777938764228 135.65688669333582 806.108410291113
85.46384701933518 75.59830405176197 335.26010912200036
211.80007788987666 595.4469537060163 1384.2958308548134
431.4886479244859 67.936347387582 336.0099003893996
14.355502213782481 122.96213388804506 527.0290949382587
186.42344717854132 236.18412185072893 1025.333315041673
17.08838126979829 823.7883492572635 289.88871253235584
136.96658847247667 630.9764734199175 1237.7916007867932
201.25344812389048 13.269290064877756 771.2416231897059
384.16318492641875 53.21606691498234 772.7860977881829
54.68008100615926 135.14578110074734 970.1087019376944
575.417656373636 58.97995689573688 626.6033916454687
494.7271149528742 123.46318105761038 247.13589674034364
16.70016643848849 130.83121526615352 646.8501881606758
44.071657255945524 155.35964371264225 229.55668395531808
43.6590490289824 2.8183137667445455 714.6633018116586
320.40001544672526 168.873180818918 1276.6504489390172
291.8268340683104 163.05813058169565 334.31936133901286
17.606775992331013 557.3085792721251 1463.2978500377176
278.78490807643135 257.1111496163554 904.4619612838767
1.394465893293806 138.18682301431224 526.2828171166859
86.86684455824268 303.1480840061849 860.5304517410942
1.14307139747756 467.7971194233228 1270.5261907753354
103.51590115904126 807.9818562377461 274.92063602828273
350.8914241872564 70.36294007256167 757.55135485017
122.43296202763732 55.371205651867584 521.1187040637781
88.48426577391245 48.912643815791256 454.83152616111107
130.8761910639123 579.268889638929 1235.3641652992003
473.0787266739643 141.97606800062266 484.7303505102861
422.1032214829224 107.85901653383057 42.99485291694466
897.4436793217901 104.0886108668752 334.87984595719445
199.5859808504036 124.80610779124426 169.56969297091496
66.4044573857456 94.14482641469371 1381.3568186175476
230.55980961332932 478.2030934900768 777.7540928957433
12.088605680020589 268.70167285071653 1066.0664888219876
668.151328489658 18.588759191625144 99.53202949292178
118.75925404516072 96.04888946501866 1036.9419543684883
130.08572840703462 446.82030462170496 811.1442958429133
154.79999508389048 113.23862996889449 640.2627969568003
176.35599814365776 332.9109664982369 1345.1706709834264
268.25496751951465 134.00686599298254 249.29696285094195
143.35798101792216 142.83588535613606 282.2442377281667
547.3747435126334 536.6342237746888 896.8006850012216
15.832589481633011 306.3792572102889 252.57594049876636
150.10239387665166 121.68192485491683 145.71603870988264
51.882630625185065 55.31698339841415 699.0470370620136
68.65445386885108 128.7230153289685 958.0636065861072
273.0898333455641 462.98974682647327 487.3108823639286
236.86737257030032 515.9380221744138 1279.4137319508145
44.17698832987816 46.89421737438764 1212.4218098551632
109.14354259810534 182.29751122185914 358.5770017023282
123.79740832554724 2.652936025091267 210.39455028245257
38.46467965522539 29.3901537289376 60.08325130642267
3.161997655316155 41.637901340081655 550.9642104276555
0.9408931238927429 5.070155489961037 1460.0586891634498
40.44194989348658 225.60798227685245 39.260792308646266
62.60201329336792 385.7188011766058 1300.3508345190562
345.3852417051108 316.99171255603045 166.66722571720143
125.36102400825067 469.51790559139164 813.4252563663645
36.104220010224076 102.18691034179395 803.0706629033707
305.21138584262025 165.84705826408558 1081.7067242608562
235.7293088911944 35.68817381807638 36.27760449549494
121.80411266444015 40.41737494496678 9.542269081925737
161.88089701093182 0.9128070371330957 546.5461769064058
106.71919305063105 216.99579753370216 1294.6249490788864
86.75385694243101 256.8313577594636 1285.9009757341785
307.2853826785517 905.954512854148 1230.4894610908354
31.72842612872666 187.00044027021823 1351.1015633209777
80.01852577245202 28.361820311047886 851.9523887899243
191.2694806495716 91.85119501160739 464.1351460605186
49.06818093095163 190.59242634955567 1200.9294017700645
245.55674095111937 559.9393285878707 850.9295381064097
59.77197141928602 48.90781124475141 700.8331274261059
21.48604287123027 129.59730646840345 664.4183097019827
166.60288761975673 998.9522983234097 655.1800243874326
224.2294384689238 871.1363340399556 1257.9377674347704
2.081399811721981 334.17985363527214 713.4165203712465
67.18371620660149 213.0980330209423 125.42837320791917
557.1902187827867 164.21379004889909 730.6304078989522
235.99616781516605 147.39117643884137 187.27235834640132
87.22801493561326 3.8412824711380056 853.7764087779029
311.2736394527035 159.6665551852549 19.755249227330463
241.08812555322686 9.452452488979848 1019.436826308348
19.518742426404696 43.64316077591053 1485.791908808553
83.76759397600081 41.296465391772344 626.014977342528
4.6887712554262055 332.8622956902027 867.141128855965
658.1525509496114 52.26437981109087 298.1833170057761
102.06132831067507 180.59359054575145 277.70841628618354
16.05969483700101 121.9198855271792 439.6145035756124
459.93861017090836 36.29472594588164 601.7576577270424
63.46987522655305 414.11015325349797 406.0060958943565
57.72880442741327 123.77596254742062 977.2351319438575
47.39366223076578 313.46338848230346 179.34896485185985
190.086042498578 558.5828539394838 1119.8552902247977
223.9674709574037 126.07446058112599 411.6957494826046
302.9449059003912 257.09735090728304 647.5909017168476
461.1113160434703 218.64665486572613 698.7533346821417
3.315408709959142 60.4203168157175 1374.0249603529094
61.321853366020065 499.1213969476134 314.25913258470916
41.55599150838818 103.0718156066932 668.3220762110308
343.39923609025436 54.27631189406588 1457.0104229260392
165.30289317341052 49.34819985420184 946.2150808145345
75.04321003027266 85.52144230217607 9.533470422654233
12.803899601451734 406.7171480178025 494.17433443253157
165.46139738892367 302.90477852204936 151.52553463714486
511.3938302418177 152.94990339710026 1168.1527509319915
212.12256213708835 70.53828903309028 906.3431316997666
205.96143100302368 19.208873027543095 321.61367450206205
81.60284921012297 243.35072776063998 168.56861909939968
134.70664647124087 165.1353499038635 271.8041740721643
103.36316426680827 55.682307499621054 570.8359683247827
159.17416141310883 3.971170602047791 1427.703825668858
33.35269914131639 349.1517638394621 962.3581994943096
77.31775935642989 215.42377326633843 214.314555882966
22.199234875015513 920.9027297210905 1284.6752382264233
219.7645339426673 127.49326675498193 1000.590448873055
501.80800654178375 551.0478026704271 197.25571053947206
28.980651089400716 306.1199280703732 1051.7339570036804
52.251233250243914 181.299389750233 345.00103088911254
153.42386090804635 286.9080118945681 281.54049601127264
127.33885825009598 64.36067879864716 1441.941527215827
181.2879864751957 201.90381685959733 1293.635443264364
27.46565013301457 84.50859710266657 424.333442327675
271.0955005315307 238.3996737462309 995.732612067939
127.17477011508753 312.8714540488288 1236.7296315615858
169.84480241678045 107.84181913474606 386.7312072063956
149.44066055396 18.088833938645763 176.49863724130398
29.11901302449285 411.1882217230285 744.6879422794059
343.60614246021555 107.22704627024531 466.3738568757607
24.96688725108878 169.17821391082487 1300.4517501456892
13.158569006651055 155.05853537025678 766.7658490846613
17.321169513525568 122.41791963173421 502.40576327764825
69.40199076168277 126.25536718811665 1214.9516746688369
11.165207362305104 10.269703508185621 1331.8809713682806
59.98075568206951 154.80917755575115 40.4086321428902
232.04718967341935 465.9940221640328 1053.51411925277
27.782803224929857 46.288038464191295 1363.3808280458036
11.090410957202382 46.52548260399158 682.4947886089487
201.60766913998324 78.7219498563525 681.1557798022247
311.9666767233955 164.15192470289114 1492.6694742246464
127.61847708681675 221.41989070502487 802.2053992563916
348.30057021215424 101.43685162942941 1144.1234713225826
89.89772405314032 139.4704193180951 550.6827126869026
277.0547653664063 482.72377353697846 357.36457812546024
148.20967922905078 575.6730697020156 1174.566734041742
153.1352950374213 457.3810565918398 1014.092695852987
91.22256857833423 31.70144049322876 226.50485913052765
385.0867454871207 95.85085552903062 579.0297660453106
16.149498649435127 433.9527080964884 1077.694081207461
56.3779575359729 686.0733847286451 744.0193740963807
81.6567315331716 316.6799895167202 549.6405006585568
80.06627620318484 290.5439049720917 341.2312747892136
7.505670986364999 18.15857472579884 4.6492669977057925
220.07970963443177 138.82808128630208 88.71717270434843
669.8135693889768 70.82700546418876 75.81687587645774
115.09373710934332 230.39140419561227 687.3258292621858
71.76123616173217 25.989718999539928 248.86820144120182
79.56616309560877 125.75397614845443 1237.1978254950388
992.732712815501 221.81533676656485 1490.5379287429705
30.851962269273088 33.49357450229666 1471.1878739691676
12.64823173996559 146.0532598819168 25.21955676349802
101.11496305337666 62.331005738750314 1046.7278023643175
157.5342005778687 100.54622278809921 26.204407721364507
14.273423367782472 15.021441187673554 62.97815492213077
388.4340741648476 652.1651019406302 413.57518775908335
57.8279757401692 112.52465234734072 1415.5288599916805
59.06680050726153 117.89256364069438 184.02655349825991
233.39186631212164 81.61247604086002 992.7824658159631
53.87208085999169 30.77873961975262 1166.4052067157834
50.812531530196324 622.4288705412519 1397.6199256153695
124.29110688624965 272.56084901682647 370.1808206326692
126.30142662769552 91.43286618901433 463.5560074569198
217.4094223139451 424.23717439563706 996.6158955839786
125.59598097723432 279.34495873910066 693.576755980073
45.104392512282246 281.19745970582255 399.1431934955253
20.576253259176475 385.90264001062855 331.6752696631674
838.4537670092673 629.6161118798299 799.436518025544
86.14109244529577 183.55268283728972 977.3392301222184
174.4098501481878 13.900913780328597 1438.8105033730408
234.2081086747947 514.2465860308407 296.1688902739328
334.2417189899445 150.8144596725626 1055.0128036563208
89.23706053686156 691.4726146767337 523.6553960782896
217.58248988253638 658.7502071984237 1036.8059444938665
0.6172874687994865 384.5501736683987 1443.5184452032586
288.3106975351749 68.62435721139491 1146.847015141125
898.0466171406293 19.413554254837276 1446.1458194625102
886.4526756795547 33.95971498772911 1484.2183106528307
94.93066575812249 46.612225749713986 871.6095280174916
242.61151881051308 424.32210168350286 1232.917895309311
328.51632801121025 158.94752683262385 241.5248480237413
247.66459276464644 128.01203721053446 724.6526667348081
754.3868066407023 135.9431210956771 1003.413577150391
314.0446488439581 461.24281159270436 405.4130774954442
378.0539110920921 314.0857030390963 897.35232304912
35.108787832663715 388.3725473259784 832.764950542277
465.82952501464723 669.0974679842956 965.1368588663153
46.889759715463846 147.12539763525677 550.9575972761091
215.05154848699814 778.0723078992846 126.88891192908159
205.1631445203871 58.80058508983086 443.7344344729112
102.35133620911667 490.9700751889206 1375.7897694108601
257.9055720785735 92.00141786449981 105.81701999383664
312.9417808261846 210.76847208907492 762.2574193805822
226.60025690632378 401.0497394619004 1241.6911370569103
270.0914648166205 180.94017641026926 198.67899400394134
304.90128164262967 191.35385753274176 52.95138324878484
17.62465687349446 201.93663537601574 1149.1046002866162
212.4307764096252 54.06214527946147 976.2862862951494
28.11145737757126 107.74998103765358 5.0473829104237256
267.947609616606 98.77867114914714 284.8365137275202
244.2301719899358 10.945594376958688 990.0918742599657
139.12283846986858 265.60500706774235 394.78026616021054
215.64560461845383 50.51321222319268 481.75057983221683
219.68169389222422 35.765380127503896 1408.8319053010596
264.40975303818124 109.01256357894076 452.0624687247302
148.3425952712877 35.43056095661938 1407.5813722978662
261.5449058603068 90.57434507335115 509.17031381682256
279.1000263275461 215.40735822597784 1105.0576182628351
108.71355312632352 142.77766298187524 1234.2295224383793
263.44510818296004 64.54471236242986 542.4538582019533
97.22527763615932 196.84400367838737 774.2344581420629
29.179108002675736 51.936338775443794 388.2722362937868
393.51910493109597 227.81977372768344 1125.1498192704785
122.15656619546071 215.35909940297054 953.870828143113
638.5560746546009 91.65847229755143 1132.0121744424666
6.8275314635297555 316.33824832805936 237.31737982817396
399.7250520399565 215.92318361580163 398.2998393808754
31.636450135892268 62.72565247404257 1354.772747020626
5.996912017056845 214.0046003927155 557.6805364499323
579.7077359008862 88.39662248086732 1430.5715240806887
218.37287688182423 148.98938692277568 1267.7048553292802
324.68584079897266 38.41099439565024 713.7418743156643
637.7802024648194 165.76744812162624 1379.2425975011154
175.97950959043683 611.0091250406125 48.548770617855894
10.699484102899156 87.64811240486044 111.51385533353553
236.83453932269657 110.12983750573022 738.7304165902215
4.751956869432253 43.950029754284884 602.6154284197034
0.39953287477044264 52.63294774958521 1062.0379322899805
385.52920268256963 564.794739340681 323.12933779997945
710.1410434480363 78.10827419523629 1197.6024485280097
102.10148508583814 96.0727108180244 679.5729249652634
1.6572572357021742 16.18872807842208 1424.5037193361761
249.73169207401912 732.5253567852116 559.0216618735761
184.3997439803979 193.709591195372 1390.4012162067063
849.1582052744302 13.81162993077621 519.5368815025074
3.539458272499761 121.0954637290522 938.287721155536
208.3539481659439 300.64793456045334 1393.0881424038153
117.15988502632007 239.1259572822685 741.2447868127861
38.44402978408743 92.4616467594747 10.416563197857108
173.4488963392655 64.96328499881176 191.90138931242444
27.852955308527484 0.19955474937108536 1046.4420543567203
364.6721296915902 43.45449450248816 17.48847719212837
330.0215012104718 60.144685766548264 981.4103060785028
12.221236400983477 45.606999977086474 1244.0324160616585
115.84037705039253 170.29162336991277 853.9507234038163
420.655354923059 4.525408368664483 136.11469998828645
207.2283561492987 30.21025752636785 1403.4060686114624
800.5789839448033 52.9698954533531 560.9551546043587
286.65905377054213 276.33690117947623 858.0501164524202
248.43030969249594 16.502076412375178 212.82600567874
96.2313775668364 138.15019159721325 357.83906391594803
1220.5474840647892 5.7274078180380075 1119.9518696639082
9.822064418682313 67.23124557324535 441.36183330864117
145.7409371711026 304.81521852518523 217.6916573327295
38.534558980736676 48.78325651493821 1014.8226987734064
343.76294516028076 176.12531412777722 374.8119843304995
124.18995864695101 11.85202235297359 980.6102256011741
70.80620007815975 99.98307241731187 633.7512896335161
245.33154136264557 224.22677481650854 519.3327957169708
46.874433940212015 46.93594093796851 225.46754025773492
107.69829023564486 126.49419754243864 390.8971076153763
167.18931785833902 40.226966911081014 388.67067358566106
60.22870992289667 142.7523029062337 1465.7770979626603
34.08691367232144 317.88766064978086 210.71355892140326
214.887216357613 213.05718071407287 427.2127384655483
181.54452247368928 408.0372868900221 369.35124997654174
83.73574896673612 90.7243265793795 876.2031664699665
146.04138113773945 101.35544854480732 881.190870658818
362.3849049347836 597.4947075949577 149.92490254019074
53.952458195281054 38.514759926826756 615.0146707452665
113.60588446772601 112.76687466193303 108.85268799109754
11.334247954766829 179.76280542449103 969.4427362826136
136.8385473399227 9.761019294981772 466.9108772593188
18.96172756799315 250.35390409841125 1040.1831566842568
64.0595149585299 256.57244160384766 1058.508688908817
2.170583696357289 168.73519774971993 663.1857594303784
144.3817201901224 33.219601211591446 907.302125945535
44.189317977685235 5.9094562393460155 1000.4870902299799
275.4482665873078 12.191368705244578 593.1648001469813
103.74877615679623 486.5164411679326 130.18591594371824
40.65507652753062 211.73924669081714 306.9824129887305
179.65304327976634 5.571265834458295 438.7687841021818
78.95136954961046 58.70438843774687 18.83650215634214
494.22010336548306 148.56577883349385 286.5635491032654
400.1164183247171 204.7703234988791 795.7691012505912
203.4183036775785 304.5725691608346 1373.6346104303032
283.82515601705467 27.691036040688573 1282.132215417852
338.2027919649638 40.63612547095959 789.9639972183173
242.9989201087626 5.423980922018768 1009.2515683967332
302.9130616056916 243.296755618548 195.37649060610184
116.63920022764198 113.84859460999802 1177.9709633306363
189.74299283099606 42.69921411814839 745.6242357707674
372.26129565337925 269.43995193017423 408.17862681050843
118.14374530310762 351.60301633034624 1317.961758400307
408.47350895174833 95.47738265532011 442.5077742398083
242.39637756318228 311.2914752947234 550.0118768777911
197.93190331481503 221.11781709494173 1416.2025472230632
2.9068062159401413 297.91476044607253 421.4736723788004
238.4519545939784 1.5839560092223832 910.8296170892246
1.6550679036201121 360.34516331058785 925.5586003162598
243.06465669752652 6.47809415097383 511.5415842878781
638.4749908507199 92.58331132434724 557.7528612830877
2.482724333071861 132.48106389883793 259.72435605711604
155.03268854904516 10.313118245775208 1160.3959860619673
82.52042890691048 27.06576742165397 1316.201057020259
39.35851729682112 286.37670651801085 1286.7708397101514
67.26251998856202 122.73353386841596 146.75881706391914
133.24489368730795 160.93334941728105 918.6991491966656
18.783360068431726 381.8780267378414 1130.282383778373
55.75483933047815 29.79211925953102 915.4262443527399
386.19749278007976 353.0037885391728 1283.6374429735592
129.78745384843234 31.741096009718966 1037.1161892544922
358.661734971075 637.0642296159115 527.6273186412889
643.5338320696368 303.8654704500545 998.2218469361443
474.05478068457967 47.62871538653005 1001.6202204151873
199.15612793476734 94.09507197890518 480.36729196954815
40.15184375101768 457.53438013693125 1259.460451695368
599.4035648885135 520.8782211956777 636.3222197217463
100.34490300270032 109.53623409332234 749.959802452436
370.55453913757714 21.594286121911992 849.1710650422148
196.77831160447562 302.95657002693963 1199.06361518419
491.10629033680436 2.049468814973247 1119.953061026685
67.32037222636461 16.062715323922532 991.1094379762791
484.7069300073673 65.93008449714624 1013.9897910857883
1001.9481989372356 47.102842111598 238.393545116547
66.39381151558804 205.15779339576383 37.21038956884198
34.520295295748426 340.47662458973264 901.0012939708307
110.52807317839168 18.177693838685375 710.0532309637338
334.2186491804709 244.66370085595304 323.5829653237226
491.4339956530011 115.50455289908659 929.0831407462686
148.0053917758485 41.514328560522515 887.5663947781749
295.97201273968665 263.9414378214101 1158.0475276390073
80.15984936163501 8.155216230874853 820.9395685075119
228.97701818053352 262.0260773945662 849.5047877751692
293.8747898854713 474.3442535209592 330.0874936334211
335.8023144138123 596.9431623835419 698.9788494893804
322.01755797558576 180.8672013791279 1339.4261040996187
382.26868814189856 133.3368166487997 176.60999345046235
292.1025391381674 327.39263878257475 587.3624913220748
221.95869202151673 358.90011586482973 519.1254853799857
91.52496045095305 593.783118467286 38.112325509764624
140.45988810623072 328.7459829253467 1067.29801744715
39.415829813085864 99.49182920697704 943.3651853403417
116.11274528782182 154.62346582400338 78.25578794353083
2.563329485451372 125.69508405975249 142.3304176480883
132.54405309717197 116.73961922763152 367.3905159711286
42.953066674022836 24.55392170314448 693.9324668204061
21.96648195072315 517.1510612945166 357.5032624048724
214.81076345373356 138.1514546362115 1064.4674104392855
431.3458596231219 396.9982309771598 1037.3437371246741
172.04942316113852 81.37515562677137 860.1466913641186
14.711446968381217 85.37416408182706 933.3032220312786
356.9029452368253 154.20937260642862 613.575819002803
242.7805777461683 488.222909884117 1471.427044703918
250.28837427544576 93.79307079940796 1170.2207860511512
48.35115725286293 718.7996734650262 937.3587916759121
334.15351309151583 349.50527158462506 1343.462841917577
20.049245738405162 65.56128233049996 1164.7116064493562
163.90995514659338 41.368960148736285 139.9625588702943
62.941696494973286 3.253633737099537 298.05996695377627
471.600889065709 10.43854213136554 567.873928275846
325.08335331332137 311.7224557071408 176.76234599516755
234.51132355295616 28.07197037183779 343.2952045383775
53.17585938776678 210.64487882763638 794.0216636501932
252.11897085837646 102.0849505129372 1012.2139356832107
197.35533681494198 126.12127499240057 959.5593306745454
451.8283569596358 152.29928445023612 388.7157568252059
213.30157790804324 28.019462632654896 943.8457164382107
36.92443081251433 86.40575187642709 758.9419221770194
222.13747533697082 517.6021332392645 570.6558846626358
75.99794395683914 5.12021408607801 226.36013088744232
173.08952319808458 7.2996229573645754 495.3332666976418
27.695548543276637 398.55778017189607 1122.5995952341314
17.362295934064903 62.06470046667598 1238.65872787679
12.5679782715613 154.10291346908852 1199.5526244455687
10.885318977550956 144.2037667438519 549.5094429543342
200.80147340055703 81.56677340976634 691.3545563052312
93.33256255668127 373.92423040752766 1407.4235788532296
596.9121275053703 145.3513009931388 30.16945585937092
113.10753729507654 141.52589886203177 670.2228919826614
13.114754623220046 7.04916596035411 795.973056043517
432.2653208242408 438.6952043183691 230.14519871177396
142.46221937214486 21.959505505891006 969.5912184945914
48.48791646210947 154.94421466764453 163.23443142420663
0.11407503237393696 351.54234640704595 420.73692506466955
17.613239645447933 71.90079037382976 1414.6644800863194
47.8585720704951 72.7615226995233 134.41924680759888
38.744760628769434 243.56339342667255 427.71865208712785
666.9056197225517 11.42209960393512 1445.8671520239654
147.06466347245274 74.85855235245037 742.1470311996454
534.7520619452305 66.11046694680608 1445.4191018778174
160.43581727272203 47.09285917992046 753.8291067127304
147.2489544806169 461.2309533156722 825.4096346274204
61.62120668916727 475.27801458159803 46.37495771569916
223.51554479743413 280.71410369245046 964.8335782359374
18.64960104885047 317.2638237956548 1396.9225626258335
373.0481827560864 256.63201038112516 206.0033196080196
55.34045320291251 176.2352526427178 488.15508966141033
41.63684275127716 101.71774462209066 313.9248790693506
234.5643629626208 41.19014997059357 54.201382072353255
100.05985232820223 58.70132211403561 292.87745710704604
140.55043086570544 287.2524056284183 658.303982346517
49.22009427059744 28.287981116941374 744.6341041547436
138.11552340727337 315.0559941947152 1032.9271411073787
287.1887492967678 28.46246529294003 1306.0448423464056
156.64529585563554 63.985256299417735 657.7573777531602
436.33992551669564 50.52986991214977 167.42969002805498
18.692701936180914 17.84299789620276 844.127204935982
161.33878727363077 70.63720987876609 1309.028817327352
106.06247933457942 214.27684854922276 773.5938541904223
430.30517826943 584.8741350721186 288.82307820343647
22.62673628238792 547.5153829399369 336.9339382755795
45.40022004846055 33.85829730695958 1067.5494685798556
60.634114041912724 36.37367067562533 871.8015478110714
30.32006427339648 183.36825259640543 589.0270936901654
336.9415310604344 141.2958958439012 794.7804394328689
314.5843897303026 66.72350020014355 1236.2040789363962
391.8068722032984 137.7787322838084 874.8437611754825
37.24088770942398 209.11619781388433 1432.872272872141
72.18350001539349 29.56995192467083 1036.4021072339715
143.99504688432665 443.43459083680585 75.20635396332904
79.59130460377696 567.0980702979859 723.2801555439809
133.92487390106308 60.7517040221079 536.4199540402384
112.60155887316054 13.14204559407131 638.7174243555512
371.41685325047706 287.3598648493755 1019.7285592600341
118.26151483251843 13.197382851001324 626.5554220711734
29.2004969586851 253.41102393836343 1135.826586793013
223.71551808461572 52.637691423505686 198.88014671903053
166.50010762126806 161.32200088724093 1329.900873992199
484.32029543556024 75.73693577158684 627.3067596948159
360.4704416301897 49.30181055765638 325.8573774479358
56.39466056378863 51.36501247945643 959.7330452862726
10.112325530532065 182.05232080244997 669.6491970776806
176.02886654539464 46.832759467674975 1252.6401460929847
72.6922748803361 7.063710124291453 1139.5912814340045
4.838858265871218 77.97636722164397 586.1908691605745
125.22801464607167 448.8325051926167 670.008414627641
69.49262555218219 462.87256153149514 541.6869517964277
93.56283644065002 138.51477709202044 774.7724016721697
322.78423413870405 383.62595757831326 54.31812372304934
85.22811833170141 194.66210505295643 1117.6763485004165
171.1344295331502 37.61337182243748 1469.5980917212544
27.397002129779718 109.60730991459391 543.4446200123116
198.6456473292083 99.73706541201868 1212.8274552221867
464.7638028246803 15.696860700498672 1371.841858560561
63.38823537937617 3.8969987692131616 45.795641945558295
310.03728098436613 359.9064040186283 449.3655570115626
51.53567107952476 240.88979406434228 487.21138874715166
179.6952485819252 284.28646844374 524.3926697527367
891.864197423749 174.27102507123672 1456.429724857783
102.41054505466278 124.22198887384515 639.6494000177233
311.9114304351292 252.61996425081955 658.6641631902555
188.28433937624348 30.150383544885884 27.0256574133263
58.184324268441564 221.8119322929733 152.51682516231773
90.25350638611481 310.35100995637936 590.0552334859652
58.76146432857112 17.036324753882013 1164.3881332702338
161.44734125119112 493.1623840077448 1022.0539488498175
90.19052838520153 318.8273424437293 664.784214628405
50.81166455315697 881.0354528946311 1312.627655973852
170.95233801834013 42.9538484127451 1073.1608408157654
260.1638724825011 196.95031580284424 121.33063740759769
168.18593863215517 46.12718527203393 1483.5940654347185
663.1353253254989 39.60509630691406 743.1830212261932
583.8768957482332 410.8453308076582 71.05891556748811
83.9967905901642 51.68194133514097 224.27543190777848
127.40538092134716 47.163232147319555 796.6124509003353
239.6849604895134 480.67410573183287 1374.0717687707286
191.25416826507598 106.77993816968514 1180.2573525616426
63.93729276755735 15.895930273868556 788.3985270633598
45.252253300439065 251.68959003079578 1495.8134146539014
4.716932470498635 158.62415552069666 771.7287464402823
339.1007933518575 1.3805906529601997 609.0206660224641
106.68711221080522 247.22303229468605 1124.4047118284723
779.0553008331037 89.55525403628457 471.62795973628573
177.3815160349897 9.634467817942378 370.42631288358916
261.67258896262115 436.09738712532265 701.1638948916094
137.95284533217028 21.337660391549456 1299.7377110336963
101.87247563710555 204.45716788051342 374.0436628524757
409.0812602936339 1.9008266311966517 298.07398510533085
209.22581085715342 97.91091874733013 846.862814694571
84.561050873793 14.971342827555937 1333.6500894197286
228.83165061349357 243.1454704355743 1094.2970937387681
203.96817103411303 46.33998243768399 298.59099234804074
469.8246431153701 288.28294359199424 992.9213820968783
44.46549374002641 272.30613212871305 80.69985146310165
533.0550687866548 18.56072989169416 1084.476303113391
203.34825996924667 177.97646385873585 880.3965609584767
100.71203957163056 129.9123455593437 523.3239221123894
24.796764067853218 401.39203961339274 400.3962667765878
77.57475542591557 16.508884865461372 6.842138678181731
175.10416760265196 170.8536714345805 164.30238623277094
338.77314431768946 397.3688775276197 303.73867340790247
11.38462637887289 42.80469835683839 285.8272108783133
2.19267074905693 22.95633281344278 354.8999608965441
31.310796334934516 8.335021260406906 1096.7964424758168
738.938895539326 72.92015403594051 371.43240938926067
2.2362860718945 204.57627893738564 558.5179700110721
491.64094327356247 19.55530255373523 1063.947110246342
109.94796081930507 158.61057172158382 1484.2692998749403
174.45969930602953 116.33557305431181 1095.8372951368215
26.510088989216552 129.1196070142164 940.9916311865838
64.94506194567872 67.6661868893285 641.4314901735885
316.9050179163669 119.75316513387773 351.5973403425773
342.4242995325749 331.27055307807905 286.88884699859165
75.02973077757234 66.69170433131075 618.9952843556363
185.87396612979575 74.26236177122684 758.424452939091
94.1576999239097 314.7368610492132 61.65774468837498
143.2347971158714 490.7731962243429 1324.7243075924493
52.623133513676514 21.58723566460407 1353.531297754833
97.56486450512159 124.67843982442805 561.2516849787804
26.543286456177444 96.22677528137355 1404.1822777727602
40.79817836567187 85.82798210710408 859.947453146492
98.95193524962292 83.7117387098394 424.4560828503583
284.6208466337173 53.27922836281734 561.1356395719806
260.2711969938684 11.915172281152918 1266.96508608073
464.7865265642396 154.57385339190856 419.02635015936727
293.4129910267455 735.4458380804105 262.8249258979344
268.28495503004245 155.79653186546875 538.7161833366891
412.78941624223825 104.88779322335873 913.4901490182258
815.9388082936741 180.2530002245086 615.4169441524384
437.64276492196325 161.01377288869176 1245.6072248852217
98.26151396586437 99.77127759871918 374.03582443124276
70.05780599553584 1.6628186499578552 1407.0890212142258
127.97142043031162 98.66387062564989 622.0048627624178
387.20319947187556 347.90377075682983 955.1955781786975
8.19664503829215 133.68509422846654 1060.628067686666
15.670584196783697 164.87466733784075 614.6943340036888
709.4401289281262 87.06080093598196 85.57587548936641
42.33285066656413 426.885010688782 1109.434641940426
337.80657484009777 91.78050712597148 608.1838578212503
393.0684562315078 384.63169633415424 990.4796237135726
22.456902764461315 122.03327575498875 307.829243017413
32.37375870222438 369.06957491896895 415.8257660619266
333.152415194552 287.63407195201376 663.6747349876148
209.39087734812446 511.84233007561255 341.98361200122565
92.16706820944313 355.5037207707294 1006.3487335512287
475.56206472810567 474.1202527528772 870.2485665418372
115.9510566663591 828.9415966471248 780.4545732466477
595.9792381871115 6.817906153618609 634.1590701331785
242.03205914213743 589.5891193749733 1400.8232763270523
84.0594382828585 174.99837118917557 1058.1795561012307
265.6323889239861 97.42826900758934 524.2120510853823
441.40955763017587 264.62903463670943 1439.2388234777673
26.581493531538836 76.5418300776519 610.6089285934273
11.629049358481918 153.8699837940483 567.3843619380298
76.19412935611903 113.58607363143372 842.3279046159636
89.54528161609883 180.01497130074725 1001.3819720390184
325.9432662856557 324.3217292403001 474.66197335492075
70.17398652183209 202.38916520167697 1223.518054976546
135.22174638152563 41.800613179382566 41.649204438664434
583.1361532242496 100.16245512193774 1435.2521120739218
149.8531936869213 540.7190808358259 320.09133813377343
676.0558536124198 8.55009466795262 532.676436368769
349.13518223386876 147.6011054776629 917.3682515490332
61.247006981886386 504.66281778135135 77.7748148125697
49.57509969418006 87.7057509727047 914.6221781868436
343.9192703785009 117.07745172966051 381.3715498405783
104.28349378189523 191.23310505402154 160.2368215550194
118.22004744616648 261.2576871675992 1490.5877376477615
135.48202903799032 589.3701386923769 1110.053890337273
96.64209079960493 22.386546699179025 637.1914498259036
829.8646710768256 42.59229245193906 1052.446397783195
47.99558041028047 25.99105174425404 1140.8250263236928
72.94156480690181 1008.6100481477949 346.8778052555346
306.1487765391785 10.914837217162562 853.3470919525574
349.41663034510213 254.6411287092491 1382.8727585266638
20.165016808267545 341.47419773103104 99.60658729235145
183.8191205144384 17.973174942992216 1009.7256773387669
80.79140789781391 261.5741046866453 273.0489412867785
151.08077329808273 5.4553405670233115 435.5303059269182
198.1551631668061 54.641027343768314 704.2988587284805
136.78205770947596 316.42333936574715 529.2279678825972
2.376446994742972 72.16048878300124 1181.4802947560306
106.5378108653463 169.45279637562763 1180.6591505017554
660.5567150318835 76.6674272380169 1098.3482953476723
118.85899835202306 43.871994657558446 18.338634521522955
72.40331419203501 908.9945636681105 637.7173280152342
580.6522605702135 54.208544360125366 575.5744261997754
116.76411032155166 6.060725851999589 1448.333293015481
11.790517001475905 43.944530517828625 1092.0321192376416
161.04817126741023 8.568129445087246 105.28788301254633
61.3442001132245 41.33004881604672 1460.9389912586105
338.2776308578668 71.98989669641175 284.38291336622643
53.37319988911082 71.0645518024671 1175.0942829166022
285.652274439791 97.28412351980121 1265.325519629993
277.38603117478044 25.903858195105972 1130.7227709903405
523.7525853838747 84.3115545842118 736.444197162236
233.4019603876635 14.126751128439578 1086.1785222534238
40.77005822574415 144.4302793411153 269.98416130282044
106.47998448763154 266.83871741937423 486.6543291443235
94.60190635572886 109.15125368782996 343.8808358901737
130.48745306344867 132.59147309900442 866.4003478837926
6.3445134053894705 157.42744034868562 397.2310486812654
49.55167552853159 193.9489847477224 319.53598501302235
405.05667852655387 36.937300826347666 1393.0374331108767
48.66990347405342 279.56523248301323 65.31922105742316
132.33831308343483 289.0737524843928 361.9854217458338
18.642775191762095 128.563975139955 1293.3017608164018
356.07207174108976 66.78220798338155 978.6070637623747
25.171307666055643 23.508512413599988 1364.1587024743674
101.27764899898646 88.87042308801254 1094.3600203851056
82.96865476435494 274.86317387009206 523.7951714374701
127.38120232351191 253.03714445891777 1123.8799738229527
65.9384780250398 59.21796610826176 1115.7319857314376
83.26258946033707 181.46667474388542 961.000366399458
26.872004242669085 202.0724082660275 1168.5194252029755
54.46258855076046 351.14536848937456 881.8159257907972
321.34744387152455 193.04470742693215 28.396237762067678
305.71824162726665 211.3793022885059 1312.8249886108222
46.14257024239947 98.34601877220939 1061.9263834530768
17.11106164913721 3.7108194316708825 486.5972373842702
682.7896471800236 90.24705338376977 1466.5520887742737
62.93597671018042 106.16837867363687 552.2279181483916
123.60984556977598 85.83028782459647 196.35412775621353
574.131853132807 89.477157955626 1112.2010201850821
75.77540444990052 88.71982735971332 1317.3741641416611
60.29369573812177 1.6621622084868841 1190.5538583905266
8.680465047998599 81.59713604974354 205.93021509495918
257.64788086921334 164.22912659143293 1044.0639944167046
46.72523958084817 126.54932918276329 1357.0923523844647
119.36856079290992 36.729739281019675 1117.6777853080764
29.565977873083842 23.537990836193714 226.5285418582339
236.2446058253608 14.287063394307614 733.7723526797461
141.33130913943154 42.55024029009364 1119.2901969511988
377.7108818261421 530.9909098612317 146.49192680470674
220.27283721033032 177.00386708879702 937.9882233303791
107.70449941136488 50.58631748120249 1372.1595368829949
24.506596595019523 15.37686210251701 1071.6885091009258
34.37887944751901 74.518915269848 766.7857797577373
175.89318866210323 153.70426410616923 1170.40752565021
112.13460646612117 109.26055125264065 390.25090591533757
121.73333679580631 39.29225640384843 531.5840047372719
335.43067744269905 113.95438328285145 1173.9601834188209
221.5833891434914 149.3732660994034 576.4708893586514
247.7043849058446 131.21340188517726 1415.5557025959185
41.740131101782815 212.3243568291989 392.4322612792355
231.2744978387451 170.47877007870176 141.7055568695697
239.51245778165523 11.939893298016855 247.84403860325145
152.80566473942636 184.48585083480546 1366.1386250710254
273.4231532589067 288.7252180106347 1339.0951237397967
1.8887186889597878 64.09502967382357 654.0202700441033
3.6140070516597276 178.86233215075598 388.8693664175013
141.16226984598578 208.73932666042072 127.15156019880347
137.62649653416736 201.60912914394316 1368.1478390076634
219.83067742198705 58.42610656351442 252.8394667147148
39.97402760327962 80.32383839354533 294.3207092856917
241.78121289760668 211.97324544678304 1332.929211017898
22.646335499280788 124.54294808312594 280.4671736293182
158.3498359451988 435.65571375187443 394.1705062727812
136.4969711427276 589.5559391850427 1193.610964507665
42.69990412421438 93.15618160267609 474.93452107183157
446.18581829738673 286.6020272471394 1145.1040302542826
39.06649341750126 187.51016701658057 1447.0116129330286
425.38215657046095 227.15393861797418 1473.1564060278736
42.740482476794654 46.68125450370116 1198.202693878248
42.02761180091446 736.6244230004885 355.13490838748766
58.85045733535759 273.17473606617995 380.88302244512073
232.06508294225637 379.79296527069204 521.4113050301968
195.3655469097869 62.94231638605503 942.1530705161379
26.723187387152556 52.87734896426267 722.7683552887822
101.87337197384979 154.53866063173652 17.581115337616858
211.21995725914772 204.28251279628782 298.9843882478452
204.31951810575438 152.95925920999193 1478.4256249047096
196.32655252256697 296.5898818421504 1453.6565520092563
56.79605221412356 692.3633744226778 563.0809154467898
520.0646983876535 35.76157370331755 21.977760490615506
560.9511912795847 112.83717498207596 630.8977634364787
73.82927722252404 314.37737692180474 728.4964698791213
303.9317881142195 100.19938326766173 413.6640469048447
416.03395863446997 323.65825746778 879.3313391328605
193.57233236773556 62.00396514144392 754.9906436070289
57.453093212666175 195.77162734955337 727.2990044108292
465.0708553293346 74.18930581792318 720.1432239631963
114.30238990220916 186.13951009961858 1493.8598992196294
162.22351427938108 35.37919374459641 959.2770336461163
282.55559595725725 957.9258207505189 424.81632784581427
221.56582572848706 51.314128016542206 978.2434293944341
21.123822825915205 221.2788179310713 1074.0300394156475
27.09234145484768 97.61450523363625 599.3203838311176
165.5312453346633 51.25013615697148 64.80143314375486
60.72260040538329 133.1283937310246 163.34552282332777
165.43805905720004 126.68686480866987 842.4614671366903
4.04900367214318 265.44102750632703 617.8432777795452
255.2297743973318 26.83883560971223 1397.0290477957183
133.7636237979962 182.70678314742108 1097.6894141798296
60.55723225142796 62.88043512516237 14.438975853939883
66.92680793197503 53.831916623961895 143.27846591817502
111.871228890119 11.470197891808604 788.058840145716
177.8173419594595 137.14114539746657 1167.9808925800146
60.92548391727547 364.43925773042713 417.07422750538143
54.461281361637546 342.75504085262867 825.3176905564478
74.49945785930493 90.82934369242255 1204.9382257502305
79.99103900198786 148.8709774718892 543.8166239403279
23.47710239817235 229.5418746364268 161.7855730286776
1033.5998897635993 73.88479637889837 1270.4117638618927
28.42095729209439 652.3667956840102 1367.238685940755
634.8729210378068 198.4797644513517 647.9058321243382
301.1719681307302 248.69514113724577 1331.75442719785
290.2280849377738 136.46245044633582 907.5626581878367
255.99050292640055 119.54319878714598 80.78942256386313
28.061305997275703 526.7649443067788 74.11011669530949
39.74125035338693 166.7635096344187 1061.9759476155148
610.354675743029 639.8187796595439 852.7668918240834
11.899936138583644 734.8900076928923 1056.6536351635104
369.0350075262435 282.7908955889253 1447.0584572520274
104.24683278262195 341.7559045826663 1157.9194571231744
140.54498280292927 878.0570605140746 608.4264742211907
78.70935897989726 196.39792977822412 442.1975761994418
80.25795957795137 10.543171036378173 1274.1310546402353
32.312623790195175 37.04700716087189 1244.4659538948617
253.46055374113882 24.474808865650406 639.7442881406498
153.28512416611485 753.5143893223038 1291.9427555827576
214.53133432830046 397.0495310616299 381.28813601278966
95.61090507922755 103.39855728438782 576.708026827909
395.69014516307266 299.9242374573933 392.3651685722067
257.0613602895947 200.24882186399725 1306.2105432056226
103.35773341376655 168.89149193641242 809.8748168902642
108.88752028358849 242.80272410771252 846.5723377038961
55.54276132200216 147.2147132985445 909.2369430402546
79.36635323981838 90.87639652127764 525.310658555694
49.10481016378169 108.8244028639015 471.67216313752357
182.20666770593303 300.3806375731416 775.0797478462058
87.83821744873131 531.6198709582817 661.7297112792324
298.25835534766816 23.221780858480706 644.5466214419345
273.14667499100113 259.0021922514537 1044.6533595511023
143.48337377901262 215.8453401725233 982.7626751519897
356.61879386588225 215.7341635723495 380.2151376518245
315.90389677478686 224.7853730634743 1009.7376679366353
41.58798620206491 11.075496520292539 632.5196644908568
51.86367809645199 443.5886404439404 1405.3643832813207
1293.6798710652408 451.71890968925084 915.5800209731991
53.3403942339158 7.383746182306446 1110.9622066732397
60.119250485133605 268.9670147018975 1072.239964601191
223.66903827209345 79.93440947447083 800.4232703388192
51.926177051646725 197.37598875471699 1418.4876924417365
191.95643969331394 95.58175372699237 673.8242554675337
129.0431056791107 189.88522799395068 789.4771841354178
187.048904035529 232.37231001982025 1337.3197152654964
149.15479434676115 125.90497543327253 1383.7290976575339
128.20603933273443 18.393622379441975 228.57031575476643
281.83914131521107 20.229229469990262 272.22361147898516
304.07360624806495 158.98728567893784 762.3898229056836
781.8460439595532 456.70968670654537 996.8868010674847
70.97919433383497 433.5944339298095 906.4128281730567
929.8771680619741 85.45994645255067 1198.5114135840715
132.99045065325424 202.44123711256822 1433.3052344864045
102.09455037227433 248.24499721067994 296.66678266975106
17.900384957442082 2.282185851705033 1060.995559930272
57.34120559068154 149.7101385102082 1349.6311729172498
94.87947414006518 329.6164033687461 647.4698643262387
235.25499092214716 4.85827469467938 579.5029400320808
549.8325241606593 37.47944237214212 1373.6854374885213
19.14766523078456 591.0614161780345 76.48522309364603
34.45275234216019 100.51872735168388 155.89856148094177
195.45176444738217 32.00020607216134 82.24536206360567
439.3284690522412 51.90233772910181 851.8198661900195
16.20631453127779 14.881025537386911 1305.9965504591469
26.897569409611403 208.77072462527292 458.547071489759
139.53022113129427 573.4136468053292 1264.686550024311
7.273703477138306 21.601811565205075 638.9238873848229
91.61006960694145 150.97762632661966 24.90243927408431
52.84591208520324 2.8470977089742027 624.1329481706996
22.575464050220873 41.58492659557992 789.8757995062674
128.05016348782806 155.39317683529222 1088.8370259868045
21.259580326169765 104.1869097990384 592.1598292296652
45.60959730073985 205.5850320645863 941.3452085956862
21.49616572011613 123.00804063328432 1086.343487397242
0.38893697278489026 261.3179138884561 137.6870252858126
43.22007818277235 84.53348859216885 508.0039049020489
22.67824751626905 172.9745237418972 473.971122076461
298.6979090654583 157.65161536991735 1366.501772021679
113.12723917199826 138.05935756048441 522.6961071723024
52.58393332288357 5.190407027099676 1493.7102346701663
94.12926389839014 94.45158690046566 1483.0262330065243
399.94234924995504 60.38506084018126 517.6058917637813
31.577866090127078 140.85064630051954 1369.6070083188692
417.0777351816742 164.15994016147846 1218.3090411078415
173.33150681903166 161.84752854449516 373.75145519180086
89.90040277137604 29.695137663269133 750.8294040339177
0.7716346105937182 47.59423350988743 1374.5473994466843
50.90382480933465 228.3270885161213 1336.242049386306
289.3998675256518 21.102574442293687 1049.7545933881845
336.9542696782311 401.2086608478871 363.6072493766994
453.9769239416474 212.28735407311686 505.12123839614407
25.481928444559298 121.5744660939668 1134.1034118782204
55.93982456778968 174.421160511963 1262.6013200388234
354.77056027689724 1283.2109311882355 1314.587254399242
94.5829398506089 195.40958178413916 962.8737978915293
653.8254212900932 547.3153502494581 84.84158705344159
48.25103682502322 347.00064165278883 1362.1706601847854
5.119303141458658 22.043468426416897 746.6879750062658
450.66698429723317 1.8569508916462591 109.12388142626683
79.39716695341711 110.58898197568206 328.56635085864997
660.9954019851835 428.4207643189651 796.5731430552802
201.21475009546367 85.66565909831819 1363.650334901074
19.412925784601793 149.48333416683198 1348.396271586317
213.14768947668216 119.13596428645903 517.6366373696532
45.17407727622294 12.878311522084246 26.79487614496895
401.47615763677385 804.2448602938272 14.510388057325907
55.093912550372046 74.84261879745362 131.7462028989927
22.657429265166044 119.00797626252768 93.60639121096065
153.16995117050877 53.63204661153923 360.64246221866716
64.96208543935333 9.102631308235775 573.2912122856083
94.28776297528239 53.478720648127656 372.52224124540066
145.74987402736542 176.4713262445946 716.8471834586733
94.14027628307933 559.9885382161892 452.50390743294685
35.38595414689236 12.57199195007562 895.3365073748961
743.6438146455206 247.7519589853175 418.5075357920544
186.85904532899414 243.68190314468626 542.5740348942215
313.06084358455786 4.350167881538864 1001.6354270116774
274.40344818591944 337.9563866078038 643.681620215445
62.571587010302906 148.6812640890232 1391.9889890851496
149.24151228565364 52.22963740593172 979.4714121097138
28.659941937977983 7.487199457865791 667.7093516038534
140.11126643591817 55.505717315312886 397.4395173949232
43.786686992243915 559.5938002819256 1412.4802561117517
28.194448150554297 451.5397215314083 897.0390984728161
20.545823797462734 136.2268246488831 1101.9398419005822
82.94220764335765 138.75052813312735 261.7617856952222
52.19962353634111 264.81136157013145 725.299721080128
196.73546656359807 309.0813081638244 272.8258971174291
258.68123336627326 30.927353613721166 1015.0118824357588
785.1167436603206 136.9617967488966 496.68151080041355
425.8592036572193 16.827166333601348 1025.8433690558961
35.2042447561993 43.4010637106827 910.7349701855027
352.42841059349337 69.16455953231585 946.2147509346299
494.20227824599783 105.41493847219061 242.45407422125015
165.94987867991628 18.703955659838265 1251.907094649657
0.682952417536929 98.42754908662017 1108.54857010003
474.133762251211 308.04741410422866 402.4050305046005
70.34720912077489 167.68576897550125 105.82821362867617
203.70517874672868 27.241515317903193 520.6034852961308
149.96890787600344 134.64346851220049 1148.6894293074995
10.140491469803827 216.32694814938716 1144.3916345746427
86.18339200326758 190.9022173868175 1212.9248896692204
112.9459571848852 386.64632572886705 176.85091872706826
71.65997802683067 157.67134747154992 1370.3271072887344
196.31181529213936 49.216433225885545 805.0320835131268
342.70922942567927 307.41539580344914 1054.799313193214
107.82960858593083 243.9820172851435 9.668148175277002
109.67826671688907 102.02387969984994 1130.2868841482496
328.103339999813 449.78600386157694 1277.4196324688737
60.72109674519864 70.37736385903438 913.059230399656
570.5464887840311 217.92887088738487 861.7451771875941
77.52924058676439 82.10396653372865 1353.3686954486882
23.429398612148454 519.193282234073 645.90068227677
50.59476983201863 263.3627257094722 892.2093180853801
36.56296072135515 129.54348688595442 755.6742488226362
52.64117427478254 47.791877613166776 52.03587267751492
121.95802777751312 139.03305346261092 541.0863847734302
71.67965417613068 0.12248247809815821 1235.4310967009658
385.6677427748296 545.8118029164067 859.8996236032755
293.3021289748554 277.2782735186629 99.29355426729546
126.57983263184715 225.85922761147842 974.141074553082
236.84735836941587 85.96121356825928 363.30564115427086
244.98508493670164 351.3561501583227 1069.72255667586
574.6044357734522 99.62251987436993 1403.604751862749
925.4564015442223 33.227903336951826 502.3393514177383
496.0956252169252 60.62902866099955 690.3887135450238
174.494444878697 404.65481137395346 19.735428104043773
291.2988568738593 213.14326379418134 726.6112727116767
204.97993911186313 181.01693562864224 1115.7990295804234
79.35280419538718 19.355301709668602 803.9655385576272
330.5751655608555 260.3216198496744 99.06009765585655
75.23111909237433 200.23458688342424 1149.0109853811282
0.07076560771183212 288.9636680993055 666.9481826992522
145.24295155515915 248.93252471600508 1180.3996451227583
419.86814845048997 63.128964387691624 696.4276180901111
253.4008933318264 137.43838468309053 1062.1595852311727
4.351380143986108 11.956516530238446 484.55350908379864
7.823536943056047 424.4178307857687 578.4915662794382
161.0311640503655 114.29285884199452 610.6928577896994
119.25289137089585 71.32901164707755 581.3833435380286
169.33267709345242 140.14175508153235 647.0658986596654
118.98630076049503 4.278957563744573 178.95128165109702
212.04161432437436 258.5589194513291 1473.7663614945034
187.2820579789872 318.6977107213901 1048.5870773057845
131.09202142977404 21.753869649000332 1364.1094950869096
138.51356490309536 561.8910531480332 453.1862943425088
150.50217738815147 309.9347791456557 1115.2373889278197
312.3082796734104 23.31447473147628 417.8328774497881
204.20005374254876 100.96512082975644 1025.5244347924745
236.95414300411812 213.79068155455636 1484.164301659964
53.349185393216615 76.82702375110124 995.7751597656131
239.15973676525368 231.82226541430845 1398.0462299715869
422.8091600342899 0.1860140784692144 699.2951112510714
248.45694670554272 4.205969042858642 120.3224125906946
467.2400872436334 25.24632528325121 215.7620257270667
82.43507463824304 43.4663406371681 171.1076653522276
239.6550382231683 64.39653773825623 486.9941053687767
441.95190182520736 91.14311881557623 520.7147283725916
446.0215942169951 36.63998153621 1193.319166023251
180.26451261896176 1.5608769522484836 979.3447273273317
102.8612579485758 52.35080885260598 936.4653380420466
189.39695410637677 61.43622543278243 577.28653858557
222.68967239178482 40.13901601938646 1167.0414863417236
320.12928186850843 241.44949671663585 1274.6089152408497
33.20336731379801 446.2850383369344 1101.1486993563867
72.00904453288717 604.0789344809405 1128.0403190125223
80.46671705339526 220.12092738565659 319.68591915566907
36.19686325433126 104.30732622446033 926.4017544823795
187.85718506848832 51.26088521739064 1209.382733397913
223.83238427754583 359.4521412515309 1392.8796343923857
188.6357691285191 153.5071362441062 1355.8563832322186
1317.991157460678 106.08616629123573 1253.9325942110224
116.15794632520956 582.6506384890803 279.8719130356397
103.21671072930998 208.8660007770414 1064.754733220225
239.3037170911862 28.52696196497696 443.44862649849046
26.029719771395378 220.4223396673225 487.8752703529867
203.1106950058139 56.29113605381059 1429.6778858547439
442.56101123194105 331.33537822523544 726.4047467684451
60.816576193463455 314.8544205557452 538.205234934181
249.5944418633365 69.38074006632417 524.7970743624587
72.99457306955618 91.40182850424294 260.21174910097494
624.5158353107809 79.53501999963717 141.98465830894398
117.45792026326276 26.656121020120864 236.42050214525162
35.583526838899346 3.8840361826726753 47.638594774815466
19.089375699948945 104.02085942333343 16.82410656168898
210.02499777409324 19.12380769108502 319.89916358337314
179.4882723041021 92.78934953789123 1066.2220210955963
34.56724903205451 258.7393465097151 374.8836617683957
258.8873692086825 149.82150716690572 1161.6714934455406
100.97702278647229 317.8929233727613 892.7948999498789
251.7022855561784 173.46632244120295 1451.4357751688835
112.23084670277987 339.9995646114603 1320.0900276101002
25.276281728149954 209.14112920634972 715.6088092925557
211.1228483402815 510.14343626311705 206.20151249323692
178.6651017831473 14.304628118624422 904.5927458787058
138.057365699876 32.321360389910744 1045.6521877102641
50.212683987368656 234.93264699865207 866.5774562622902
39.1243616321482 464.7602871097189 375.75939236036055
52.39649448962926 29.439096331235536 899.7704539628293
209.0690491650717 110.38605320609575 983.2315675419641
454.29470775463096 191.6618836485094 48.90232513619053
116.8468423313738 370.4413632588541 789.5924765612018
2.754634169288087 146.42700711219425 521.3039707336525
78.03252373237444 103.82368840174547 659.5804887122625
833.8927581608643 163.4942648580725 1378.1816750256357
55.2793323023398 64.49078875549345 408.34653938284896
198.03434649727345 534.0681099054284 1146.317235394603
323.7600502146095 513.1330160568837 1403.2154086406929
64.30823208733175 309.5897581491862 1199.8670968100191
147.7769041533295 495.9168600425026 490.7347566124958
120.70292308555052 206.3867577925577 593.7427274057133
50.20077257700504 708.1789723113544 626.0681201829279
173.53601688514283 31.81504297527135 272.9683190099647
45.43062761903351 40.55613841021092 526.9537827673051
333.3280795361828 145.36666361685994 562.9874876241172
559.0954737569206 248.90824125840467 512.6505937861101
95.69963753897922 435.17501760405406 756.3867295825767
164.7339900205953 79.12139697678548 1426.4418316874173
123.39817615561512 220.0291347160925 1003.1815620836156
100.2182654814498 272.3468264690438 880.2760748039277
952.6304627867435 16.51558420041706 1334.085510564042
147.05501957583024 167.27582880880126 551.9907604023958
102.78353653059062 74.2802316124675 680.496552389731
24.31282198038773 288.34658293400327 311.0771664355991
55.087484677442525 186.45364842884692 443.738908307821
434.93444782681473 18.550499052268766 517.4361509898301
126.70422378680965 655.7410619037283 1118.661091394732
139.06518486349532 262.4605372708898 393.42335024360096
78.58045290828971 43.67433742140599 844.2241471059084
125.1229590848737 188.13691652132442 950.824557380896
113.69408589539928 4.434060806288211 1471.4747809749233
187.4879643427564 425.7558254106758 258.5754559150179
296.52873713466033 571.9490513450647 200.896306511238
98.51974621756966 90.99548110195995 73.26732680319698
346.76537892985795 178.10342212376636 545.0403355901872
5.514359980656703 175.47789227693127 844.1816996556847
300.4980427923341 137.13231689915978 1460.1245430128859
14.104174625379098 126.18633971192608 295.51372892634737
48.36207576397978 80.06495698857853 313.5513957418667
52.237830724117494 24.768148758488973 1234.5013539070285
158.53626447788534 173.5556002952649 183.97224561647246
1137.9383105406205 86.33907649092029 115.93601392402203
611.2118343995103 136.66856511381172 695.4269961075685
331.78202905190807 76.51158359304814 703.1800634621126
198.77381099507818 119.27001733009921 1263.4273416350466
339.466725179907 124.46219539857188 376.1575968033228
166.99430633211708 17.76538262861338 791.1194771179457
591.404338160488 304.1357227550737 1455.540691741356
116.85232367520317 31.923480886161393 1033.1540805965603
92.37625736888992 804.2453133236493 862.4705341357061
238.78839560443157 7.022973686345235 152.52807725281292
10.796334425314996 154.65436320399596 290.9708250498105
557.5564094989996 84.15880991440817 561.3343965605568
339.64176141419864 489.5424145071969 472.0637701988623
245.85187903175597 176.34291319859096 268.2391485446946
175.04564596236847 327.2891522500699 145.26352481410765
32.35695365036855 35.44224406782016 1026.3862077521292
68.4388810384935 8.928886196450138 261.8552873870846
323.33386299487205 43.49632902562053 730.7663970828864
239.9334879283352 25.043331805695047 569.8161378203994
4.904642723721272 19.944087641232816 964.925486216955
36.617968640175555 24.24102775832519 721.7899842454442
215.95176009442295 59.64497802743608 1027.9609080153753
313.49445225346165 12.464958461978034 400.35691336849004
68.41112476118714 384.18700028032566 1151.7831149207507
150.28199781033837 353.77551297846327 812.5583137095842
680.7508914079664 26.906720501373766 387.58836709005595
511.9264806257806 217.9197590500314 513.009324674286
304.5551103967689 113.53179748470998 880.8440070443596
141.72167051164328 320.52371603045447 1365.5688499882822
585.0917760290349 558.4030742234812 1160.1897741920047
338.5561905369499 21.255439061119926 1215.9881965654533
263.1688545421704 286.5141494343843 922.5512979865332
13.95092708509878 245.21753092108946 141.0363642811757
156.34433641588487 620.3351978497509 1245.5266298907554
111.14381342856024 113.32435334668078 922.9305762862858
168.67944660510827 338.7711185162849 38.293741410995565
276.2324795090804 54.356038982264934 1360.2728991513561
22.11520691882913 137.53494341377203 1132.7925066212927
630.4097516831415 151.22214396292736 306.1661923894189
250.8681940491397 287.28964893487796 520.2598357030913
205.00704286267518 804.6749567128409 1116.2336689499878
2.5806755727202804 40.035130595405334 144.52286213553162
558.7153007551894 201.21064825063658 1261.420911928028
63.56381592345185 457.8058161956254 699.0587529615589
52.531917498143365 133.48022826113254 1412.7060263282146
96.8907450339883 211.98559814574546 669.746792334019
183.4148003278642 157.53328917803213 372.5035919895849
465.72471068639516 37.39903747531469 431.37427839136376
120.87120715351489 703.9650331498026 1233.680174539022
27.1607186788885 422.40117135135165 1495.9887552285225
246.4507126086864 7.78534647035419 645.2964400188573
312.5909727602177 204.45927708654133 1053.8643770127235
80.1284009380829 349.43890070480506 1319.9584694964663
195.34393068191727 80.929023076362 29.804946629384823
113.7006515427599 805.9224465310406 1415.6106841294916
74.58101821127167 169.58124223493562 1177.926096106507
49.58799924532243 115.29044126664729 329.41476449891115
343.2530289731519 306.6661853558225 1127.4105816747294
530.4855198106261 98.83062418463145 302.3719212403796
117.88758378978304 246.09050979686938 740.6640405000035
779.3377856695462 64.03431793889204 673.8123357453176
71.0053782412998 181.19453455195588 401.6059753173365
296.0667250460063 181.673293979978 721.797392158738
61.47866716508991 27.376312434528284 1195.8655182470143
604.667482923466 152.3255239123986 588.3457281889195
101.34037892433996 19.635620006791115 914.7125553401922
38.91449631645848 42.09344800846343 643.439792833945
1.187420072926958 77.09585031881842 1359.3839607393718
45.94952026428247 15.525110833316585 834.9716389892469
171.0880916253922 34.60213469515283 270.42647916183205
109.90583207750213 12.95352002876281 941.8142222884758
153.1368912452088 61.530852740518846 1300.4873660763
42.276942608765076 609.1105304631672 1058.5015136893778
3.2758131129636525 0.22072308686332345 928.2545217971656
239.1500679592129 734.9759887807049 1358.622045324442
34.38041912483914 70.60058559549685 975.4598004421168
562.3966834814051 341.29506945243105 172.02131410377564
16.771582587858223 8.856362070287128 1043.348785110642
50.72137288009452 823.3080188014455 517.1675063207471
238.12291900145902 8.57319894909175 1315.692789048209
148.1017025158494 122.27737647537063 61.010011349876045
243.11946261427462 4.743550198845516 802.62739682087
86.2871719642587 70.89801904102478 382.9430332220459
8.77546252564725 164.70512481639145 471.738187602918
538.5791952663492 67.57086604678514 588.1969384199765
332.2213488273577 428.54393543725837 691.5341991866161
131.51008150488997 67.12412424966635 809.025495938171
337.81635611467067 209.95252276205397 62.40099106316349
260.246456258867 74.03350463097888 192.02105103634025
19.345872204827323 193.30014098038038 952.5846841503243
253.4079976601533 95.5973428755022 939.301975701531
136.508521016288 53.197103191973206 755.2092498760746
244.38800213394452 51.77609913746988 1216.8842509046635
2.5606693165119765 37.22764133689466 1131.4311535978406
251.0000792385045 249.97868468542998 1439.5318417559781
502.5664699695626 106.4378083334752 1253.267781122808
45.44896858365006 69.93605888691323 812.5836977020332
45.60646907500733 7.5279468801427125 1024.6578379272669
41.21153540647504 398.7872120785849 411.29289444013483
448.52548054576016 525.3936500787371 1066.1255753265282
257.1620472309496 87.39625516092805 469.6306609524107
87.1652400326823 584.5638506489304 567.5263162270289
1714.1036472083747 99.20940837427725 70.50837347411515
1.5327411954155155 16.053646551994063 642.6487363966495
94.30331628024487 239.0705583530633 251.61161387865621
65.72912583494318 362.55131135924336 1417.035209866282
25.734304600589024 43.22983421800522 913.7311100472623
77.84790526649657 3.6327687067360412 927.0403734006281
7.256711070743487 97.19885209620237 1093.6286448853398
30.352297425812313 131.12674455502687 1350.5856297131265
932.5171426369773 205.6097051576098 562.5292215025237
496.677820968311 77.20976425658101 866.00094976847
143.60938442535766 110.49519607480558 906.9379558576643
584.4681767264625 223.35612285692247 128.2757454175364
413.4014898878986 71.12129961531485 1221.9112776082354
285.0831290507254 123.84010125572121 1285.4676769544387
70.79960152916205 115.7906365442108 85.83438588530635
24.110161254951173 131.62955020839286 555.1498288608371
179.3753512407425 310.89048920387035 558.6165140876791
403.7486002986995 64.63829265032722 1176.1079846243438
365.7006645259698 8.994777247669896 158.3655855178815
330.00522029967215 116.46034213130811 221.04503256454217
14.908533875497751 350.6673294447205 1439.6777458422468
60.55097879949313 448.96509363871155 1058.4401961841425
198.4958261719095 375.6042118819662 1140.7731000765068
230.18045133206297 123.76735025834962 1451.476878838379
305.91283945382827 79.86351439625385 1326.7866061528332
241.18096186603321 383.08569496990754 796.1519732792241
148.86948318865234 154.09313966854924 1478.3889912459595
1.5112863349909995 256.2948965513871 799.2860813847236
332.72652342778827 109.83463573505554 50.35966276861653
180.0028401759007 24.9863757100672 1157.9908376631747
13.940682400240734 211.32387984854128 935.4140176966845
15.13758341985924 145.16714778084452 1067.0175029104853
197.21791292166992 39.99015152562246 233.1967519864117
54.14976493845124 63.296605167309885 1279.442008363789
83.40550077962814 366.44232380053677 1439.6975454474955
108.64918634269452 4.239158576848962 526.5884796026296
118.42527004168413 57.89700097805712 932.7486960351348
257.53595692651214 71.86281147828907 362.87807690385273
107.61006019009822 94.54965728171557 1168.0127766119588
297.96551308507367 41.64986943627802 215.3048951304406
573.2307110567205 93.3349447963378 1107.753297391413
636.2464544655987 217.495546964222 1390.1726537744262
455.02969178618304 140.62131108026256 817.0859038832423
318.4341780094378 257.33550218831556 598.8366183341319
168.52763438861703 35.17761493576337 617.8246837415783
22.786838739617934 234.7757315392999 608.2865430674443
14.558056497819269 178.5218436529225 85.26287881833072
324.436210812176 72.19426694178448 731.5983283278473
22.325771700770073 179.6473081089814 800.1688771270591
122.05032873665864 75.3179512342396 726.2888273538224
672.7580117615066 514.2410492218427 1404.0706114744294
1.088370113529602 45.69050943424028 240.2884059191926
312.64187031382545 154.68623610663087 853.1792130643137
82.82924864318572 85.10972207173508 267.6142994633384
8.416002267659355 73.54411700090186 1310.8578552471772
39.95779357634796 4.0445084973061425 518.64571579903
36.55539591973147 8.55672971956788 97.64062207449642
702.5556521208466 171.44349872519948 1412.403179945791
77.28536494008719 330.8125838666554 86.50642674356179
54.46386697976542 54.27983513977816 1333.6809414858906
284.6690700806937 97.27675028490995 275.1668517060749
14.986083299717281 599.4979371088648 23.110735987661503
494.38735539418934 366.357019373743 380.1732993793876
42.929572634708045 271.11860348231846 157.78469554160185
0.28272267041589416 31.784060626752524 1229.77350497367
240.56709919362936 153.9665040238781 1041.6001703217062
23.97704925536204 129.7370778063064 1400.1452167478774
170.59163635140894 34.95005753229744 1375.9514395275417
478.76275314907576 257.5833193119027 340.537521760224
462.9615842203929 274.99399567779005 94.87887098978875
27.26310566090675 25.291346841942964 1211.2993011001972
149.59267868186282 78.10314698424888 1298.9074219335123
33.91785674088208 20.55021153864995 392.34445980162087
21.853137081843084 51.941024896969004 1355.258436727937
235.2920606199954 40.18137933118629 730.6361267501835
58.6008776577247 194.24625018004855 305.30213872508523
140.41698924126064 45.57458647663733 997.7499193593399
831.7110559337897 279.38974316787454 772.7906677000191
18.903752941316682 509.26801262236825 92.52435000744752
116.45935356052529 243.95712270005322 4.755047509264198
181.6387435114333 1006.1698634844838 1013.8610253344012
258.5682463246558 53.538672366475836 542.6830233750617
201.49510684712953 837.4844728759539 207.2679715232564
339.94064191131883 116.12243724231568 1176.402439546505
671.4099083130693 412.4893912268032 95.25803579978542
297.3485480155527 122.67166350234544 93.76784621582979
22.63894559423509 103.0624285866806 203.76755983577215
411.7320189843912 252.96602670698735 1250.4716454658342
122.88917410183606 425.1461433377907 270.10668798034595
48.019485270969405 327.29828287545246 985.8845338060623
187.6848101722702 294.62740427654745 270.55375679253706
153.42794421124444 466.02539155588084 1179.518641051261
122.89323560839523 116.49890905793552 1051.8650920010282
352.35346265270397 116.18096125472267 118.74828576181167
246.10351342610736 25.685598532136357 904.7246946403251
34.024577603611796 247.24895785818305 288.9301614537224
155.32547478995485 369.57239608076634 959.9878945401626
115.4062175581475 176.5348050224297 901.3880394041647
574.753288372695 551.6279654229204 1080.3669398160073
80.46635225663343 128.21251822358616 530.2848989418715
356.42277234435574 503.0450491138848 1334.1790777014892
95.59111875113958 1.9223887434679916 216.84570285582527
299.28062660862605 146.80374094528236 68.34290194351306
113.41559200951414 239.76129716760784 963.3216051003923
195.7200986553707 271.3808744394975 618.0580580798461
158.72462757766382 80.16657988768111 640.0567577644481
558.2523593892154 46.45849902487061 464.3929374057952
98.45003308083994 429.1820430918648 248.05086436292157
92.51517038643019 187.0795526239253 1132.856317731863
70.55810148528161 109.72475040276504 425.536201122655
180.4747553452717 75.3309233074496 1245.5717885001998
33.507300997509546 67.62428855996595 729.5034925418329
137.8924602101733 79.22744342926325 1058.2544001188642
338.10130774570837 48.50281174699163 524.45434139376
76.5527829768146 405.5437903213808 1115.7385393545658
351.82516640496 15.52110788945866 933.7443745745046
31.2413787824429 659.462261840536 612.8234219585137
20.096808660629794 225.63567560428282 1027.1935325653574
479.78624657340043 197.56007732685538 1321.560761427427
208.94011137785924 236.2230234035641 1126.627473698756
364.8739165461999 364.1171643037928 717.9953572851408
270.92101008626923 447.4313382572881 850.776402352203
263.16462055539955 167.4228846882493 1389.0689780321443
8.61498015610052 308.1465454048163 1177.591345746151
15.375641689509811 132.43740029670025 69.57029997708713
50.93746841905432 827.4149349175296 1480.4938446390436
158.18475031076008 21.375397266485898 161.99967185838378
691.5372191570461 69.31357614589564 484.84250582441194
319.2500733770749 46.25954440211037 1032.0811595939062
284.8285335555508 1095.1175210612855 1385.9027625010388
27.039839328663103 369.0558618727998 206.91098313454555
96.27766808568236 900.5383490632953 724.2776032690487
165.54681449437746 265.38082146725685 482.69363845615726
86.11447116058784 135.06249596228872 1148.0260424881974
11.70895263572854 75.79336789595118 733.8496481750844
186.1276738676237 254.8026685529066 1402.1259588504872
4.593429437516755 119.15267174140543 1455.850740044778
108.45599529159185 82.42970595712819 654.9969967906591
98.70809795124255 4.275637536410819 966.5151590807479
400.7665061880282 135.74835254988022 863.1192466693393
28.734444064464405 331.4791202418971 1145.893850882101
387.50919202031326 54.68639907031335 109.18192878185955
332.56576680350497 33.70594377783763 363.68834906963474
101.53359825926628 690.7432288745117 1134.8258782405112
512.5933813691203 304.6184483628634 1287.2529308651237
11.281233908912206 32.569761538303744 1238.8317050976857
28.175159618038364 86.0983151375244 547.9019344402661
37.98675137906788 299.9593348460683 1367.561056082092
468.0154516342796 60.76702843116604 1050.3167923719463
543.2754993138508 71.31422055633281 383.5211981886087
315.52317144574755 582.6423147218871 1311.784214896286
224.12181656193007 326.0230538194601 876.1731289830993
20.826222575798077 198.29262961597462 669.9180074368596
48.84358812357447 130.68547279667584 566.4575080648979
51.065166191886746 585.9710883296858 1236.5707957931231
37.84661770913331 317.0867909389021 1080.8355085655369
206.3758099215064 98.13461460983598 1027.5425423531792
645.8637534014954 4.501256887870408 440.7418645086735
298.35919169418804 88.71747595081871 1297.9806054204437
48.393925459237515 320.8450770955895 504.65462115953244
200.28303334351745 88.51400522669847 580.5986215141085
89.10188748490182 33.10773361495297 762.6134587510046
322.15134327818583 237.88743357669077 846.6929252722979
325.21429713398135 40.50979249881953 996.1744824884557
190.15606533955852 25.5180273535076 1377.2490403519857
166.27515024443565 6.446800636712847 173.05456621429028
89.58569285739185 17.47250149742223 1473.9615609546863
49.65601854420543 165.91543718540308 172.00717488537353
43.833955524720565 418.68685643193544 1234.4582401915259
51.88798283269757 52.60581126504553 1312.3085351779218
66.16296421188316 102.30018426844359 812.2418812972803
250.71417491739047 125.05506161624321 1368.7215825770822
69.34363745008277 238.99834434724136 390.29164063698636
605.0123083251676 402.4276300657662 1389.6376375997347
173.0243292887703 577.559354060226 1445.8342271364324
209.17848981791036 58.62073650832976 570.2147495460723
257.69556828101554 129.59332293859086 474.22839933344295
28.825355948200176 561.3106472776009 973.8521529338299
324.2170267714287 28.760966960229645 1357.1051488279054
17.26949964152982 148.88011196524994 567.7689271004009
31.64386609081566 169.10398518436284 717.1543798727807
143.66869502137334 253.76116262768326 690.432165709368
167.7193708346291 87.73768685886199 1154.4662181722538
117.89770701607338 37.16764174351493 1481.5885914659339
186.13719059542873 586.0362655889825 359.71060953829357
149.91765278033338 250.20745041184855 567.6151809459056
70.24385302271381 253.64235156173876 101.40424031282669
220.78688712538175 121.87657663103755 412.1946444086042
31.05442678161178 139.5641203546897 1428.428234736631
219.5685369979269 34.49638524572297 1106.7702073779055
47.120232697622924 263.53720171067 1147.8519944004086
504.6145255406829 415.15366460937076 1174.860596074114
76.28723488997048 375.6528484962636 909.5075392187839
150.37585837942368 272.0331088190031 222.18030549117873
21.381287770645883 540.0941923056736 180.41344376538405
95.30586419929628 33.60379208399099 1190.6028994487247
99.02879618620548 59.68660451741559 1376.337686676893
20.923748140160406 97.92267263128288 696.2186257602177
134.64071882177709 41.28002875119523 278.66666534578934
119.31971223657068 27.068517907006218 1025.2657240021108
286.26777959832435 301.21720757928705 183.7966273552754
118.62466240041363 7.005838448406436 482.8339211096826
216.09808250352955 154.7347663549829 1359.6459119697279
469.32012207148597 591.120786433494 1285.466732600966
201.85088197514162 138.59025257641514 1121.3634327523826
68.78151935589955 14.722102148270732 1494.6472091502262
296.6440421711353 655.0474927169848 134.2527460123096
73.33652862006696 309.54456945228577 1440.881027803643
295.87977252894115 50.58891550250101 1477.2680960703115
181.52356169354204 217.63004840040924 589.1788149523439
177.76341138977193 281.5379271546451 662.6024341672347
302.03723658815 58.10170936665536 141.63776488799036
487.71849911723456 365.8922229915991 366.52056426490685
431.0110848188928 181.90492249851036 1336.6455725564565
233.14545535119962 375.5515008417257 473.86796425132843
145.25643857560522 30.985002517928372 436.8789368338386
72.7225897398539 654.575410879922 321.3822480777749
275.5917390074909 115.45816375776761 22.335232471585254
129.0325825015968 241.6831521742168 1381.4175230915544
301.6388835191149 357.0470814393774 1041.3809562260365
160.97438763252464 195.33685612633028 1018.2907192875873
10.066183771106827 270.6058707130878 1216.2573852413163
368.9249986655783 459.85157274442037 296.3600142523837
99.569360906823 720.3366013556503 372.1628243435962
95.23957930261807 634.8820345378332 1291.7561953120417
86.94639446895003 4.616622663075827 405.45376824517103
744.3183177914976 207.12757308962978 245.6609645762467
177.05063918041225 98.39209268067084 1103.7201065566471
261.4788494716442 55.46249558805448 1049.5069173814322
649.8915891495403 603.195748187672 48.7609194451164
128.402960590405 363.32410589959056 1316.4942654772096
87.92424315427454 186.79065584917632 1319.8690586240075
119.14394007596971 392.48036456872353 1291.0900197108958
7.197364063778176 96.41687085544692 1248.9455100097287
483.86196492098435 141.87701261526072 651.0828578851258
12.681351787449923 39.20394530829995 1155.5603530431765
5.880642593303216 20.24149825546507 183.163035764906
163.11143110820822 322.09712846252125 842.2708580490441
410.18342743992775 143.25843390329192 733.4093399734984
18.949889040472154 264.9839601401183 1405.017741141226
308.42987333456153 120.79433726778728 80.0691930988972
72.92073794339979 75.50506280690026 1183.735117702588
59.696322712013625 100.4145977201101 294.01682234951414
231.7111695663266 46.27812977303668 1166.7417980748749
178.00495601313023 7.4162322951115 604.423891512501
870.8420763189135 68.5630757425193 86.72738010884062
248.1938440144801 508.63978400246503 1174.6461674024263
146.54573006611665 478.0006058542559 50.21652712922331
14.379360697623431 46.43582525010558 148.6753674467583
181.1072831951751 60.60511648144258 478.5517315864561
101.24576087148947 259.18174017750897 964.7970922472038
22.009531011564736 319.16722023094763 1412.6387531513267
84.90444244087165 292.48689689690315 215.92740567972962
238.60887871102508 93.14712300315958 1193.9202319927929
159.5736297813601 61.299426199572856 1418.9581019587642
235.23195413886717 59.83397359904845 1412.5826821993523
57.18726588892149 161.42436311332605 1059.6131151826553
25.37955261364435 19.418384471483847 1258.3457763694332
684.4713917823264 63.053847753476475 1471.9125150825978
210.82765042961745 83.94506789678766 978.0613948677785
133.83173862288683 5.844050573123771 758.1783615487827
262.2970484051591 185.50385999087538 795.4174213132567
15.702810928221064 91.77518118502364 53.63771794832589
478.11692334600514 81.11529568912648 1376.8662956671678
305.9691246079334 571.2260836362442 1444.7656861895832
331.39524108289413 69.01296442063273 1303.9537977005234
2.5751773341624826 117.5369368919291 108.80524429866534
351.0974782744131 254.3920013575231 979.3063782872674
226.78098689168328 30.17193757698426 379.58867973368996
20.607277015810336 15.850266097737324 858.8354023723693
56.129087680510814 124.44081508159628 632.8893239304597
121.69005432414082 121.79107727367229 532.6320528602446
111.66485909039629 174.6742095486585 678.5760238630437
223.52160332168873 46.89077829724459 741.4901792199712
25.524613259869884 730.0843422307104 777.8894122287242
225.88800132407948 2.1121703772575566 688.1088404649062
610.5114492507245 49.64914509682607 550.9750007453179
308.39811267899864 168.51693188334224 1231.6175787769944
137.1256173059604 94.86633195874987 1264.182889408266
28.966532712390013 314.1966153370266 641.5428686967135
37.23558651612469 119.79714043688708 1347.8597115434156
64.00803881618072 884.338374469263 1475.397907841111
145.0761385560435 239.6196273250169 1435.6064226038147
98.7263131355316 151.5774916457941 725.1919457525601
533.8276663170651 114.7391230429984 908.4358663243819
54.953733421326476 114.36029689270329 1267.9145746015333
338.09570743143536 90.02350849125807 662.9501049424271
181.23409149289301 228.41164644001321 222.60318525334856
115.40128137693975 2.9645947706015794 151.28368179742762
455.85463405020494 183.07625880672262 1096.2839668920392
212.13124611659347 206.34573869057368 141.7833473172418
143.85928694328192 54.87049664942762 456.13324107540683
70.56496956388028 388.93726053539166 363.68266250129204
72.82233299457248 73.36985882799978 1435.8758709265321
122.47798176263993 1477.2733914697658 1452.8019890992061
311.44507023353015 141.1740915946118 1195.0005518025707
317.52301952637924 463.7349712653294 356.0761067554995
55.2801214838362 444.0295790645387 603.8472481515201
75.58126267320941 5.164854798835339 453.31687492386146
108.69307797793 201.85337665736114 832.7054091477844
52.94883350001294 31.889084383189946 1485.3605361946811
153.41209720744524 653.2211769132502 557.8396075164403
73.85934351613105 166.88149098633704 600.0792864397878
30.424534103018004 441.3261061679034 112.08561365811653
396.3999757388051 247.71482620482553 1043.2668498349706
422.924340947194 460.56733786377936 865.221563258578
401.70082143379994 229.60138109562504 1167.7692564710376
86.91656851193066 59.259610123453164 1388.3611273698355
127.77434447485459 262.7337226002451 34.626866881364684
204.5402081785086 249.09558514516715 138.48740119453868
20.298361842667834 138.8363829192377 1331.3784370540816
54.95687127589982 249.31531678344436 962.4996936488435
34.62265869140638 13.682396473819846 1435.1350256063793
166.04018281479688 156.88648275892302 26.222049214172426
170.2458288391102 59.58866292346576 449.8833254229626
633.7330306435317 163.75732339155428 304.9366227489515
156.76873581448226 393.1395202576489 1488.6813882848946
233.29961989135114 1.6647666659744536 1170.0217149763896
242.32523404000355 254.3819822120115 522.1542598626723
454.60598694811745 299.1162383159827 37.662860164697
830.8977638997729 217.1125145777832 480.70607794290447
177.60827536411853 353.1267736862191 935.6424911346072
81.04504730528177 349.73214439196107 703.2535996957391
6.133266160110393 44.45194949238965 415.86381461631237
492.3313107869341 5.9032925396933615 318.20581664972565
295.95423242818526 156.39513625416652 211.82201076775925
243.13338307342516 233.8434535871254 1113.039925804399
200.33681410566282 147.11970049761374 712.9648708319356
194.36584345041103 521.025346156978 1130.944263671975
70.48646310814047 232.31825191934487 1226.0576176882241
430.2325486705726 191.3135886928782 620.8377906876744
1404.70127072735 178.88889507655523 63.08788637226831
26.01126182727557 402.43022147985965 626.7428933402924
30.30349592008555 72.02899308082748 586.8431357656209
10.949895182227927 218.047321948564 985.329694697225
170.94286191744493 311.6065934123936 1005.8082459404651
311.0837113956712 597.0772525444096 1181.7152244788358
99.02461720773624 53.46700701921891 657.012269292719
127.5282136417999 23.66804568045501 1085.8223274818472
33.0932780471028 523.4422985120005 742.2814969998896
116.5643891363972 580.8668711531243 269.8430100857833
155.35070845375873 103.09726337887764 988.6306156463891
272.4684984196069 339.5827252337149 961.2301135746906
192.05191079810535 158.38642023167517 930.9631902968924
20.858269099490414 466.87020049226555 1301.715446115662
2.194152881669205 210.49577668649997 1070.850765558971
49.31598226401609 109.35953944973562 295.2645474864831
85.31990034844394 158.15575548788752 1182.7442840926321
324.29330810384573 70.30230302755523 320.0294166345373
74.69217386687336 79.5033311401913 533.3402017773193
106.77554749416656 16.362042321887106 522.0321307233347
0.13802285049133967 202.35245723934892 895.0262646160364
6.8942011009706 744.3562102904227 838.2649045356901
181.6547261864903 50.17750144851595 602.8189350210167
714.4880932231056 117.57331026099071 1015.3803176466441
7.9752035302866435 93.39793326010253 24.876619264783017
58.69526753946603 16.761677298932824 902.2461416002953
153.91117696603538 50.13867392587914 202.41668728743474
233.0826137486072 39.123539874565765 314.3531876059156
37.38778610959173 24.495952522807347 478.21288679284
7.632277519743449 57.0085663529462 892.5410464113542
150.3946548634503 20.066469431557596 974.6243309286601
8.745862411871894 33.75942442720445 1032.2118712559495
295.9683225765054 215.7337782635079 946.3831267655631
68.290805412313 45.23876067131982 433.05706091244565
237.04109829956175 20.984729131583276 465.8748596561208
533.5007417475442 36.04917630983875 852.910224054195
49.628576226337714 330.56581162862864 774.737790492985
21.145450562665992 1.4232223729105176 1255.8476814202077
224.0759686771531 344.03174077334774 357.5289383277598
42.46641687623044 215.32526801393468 412.9424137812636
102.30876996743208 122.79946713058236 1024.7695798524178
19.60683333306926 201.0172704399642 213.15781351021218
47.742651000746186 462.7188907722735 1153.530682043935
139.70457204602516 134.9553045629556 1363.9398245377968
126.49317114930577 42.26473725291087 263.3473699178198
73.49610211449792 119.80532352447861 1457.0266197659114
68.92118900113975 43.99803381349891 400.57242568066397
43.987684340051175 2.266681289204151 1064.029641512643
401.4456647279938 101.90829246881698 888.7065078050772
156.90075039400077 33.91278941267203 387.55862899964046
161.07883283257104 24.95082646919074 999.8422052976628
145.40522983605467 391.245530987546 1201.1847110320102
155.2745686709614 27.778402521367298 1457.0547982950688
435.5963537272522 21.83230247318081 124.28667616641803
219.89489507108541 143.35357123020648 6.147814748082903
186.09212466572427 62.607151217349596 1069.0384930874043
298.8687425033986 65.47591403550346 1020.3441624572464
551.0554839101756 429.5525887280713 1072.2723809086276
231.54250076711332 133.9422359198628 1455.5147799126516
79.91973308837333 527.0326177023412 1139.7706864585352
105.5818057793127 19.013310893201155 229.35226665755786
157.18046031887476 158.38312884225277 1317.784428255251
137.98890552551933 101.57884949675031 720.5851431421314
15.519681461093091 59.54987404776115 944.5084997054231
289.5946119044048 165.01821129207838 1234.8502488089302
175.79085123939194 22.203744294947473 582.2356832887283
394.87139927749917 23.783485535253124 1006.3575319494794
44.46110967515568 82.60134117646773 473.32481951033975
51.24781337600396 361.45332469804174 926.5483408942553
146.90672561733962 111.22636885325983 293.56888741165284
30.930632534221562 49.09440954748131 1267.935449455759
554.7439818002318 424.8744245869446 1140.64799777173
941.7939786088466 283.02492749345214 151.51021430295225
98.75953430473729 235.43745846465688 585.654668950405
3.3789128558040544 168.96074022754343 636.278195825728
89.47773700431411 251.80395370913237 1128.2298276143788
705.2630826587998 6.177853564227762 1114.4195280632089
47.86242484749011 101.49700616349506 979.3842840722835
465.8625540470325 82.95684757422322 897.1802858572846
13.752814252396709 432.35932767306633 738.9964836511128
149.45451176186552 10.63684448693783 856.8357319980294
130.33533752405268 354.6081961584946 337.24241964107625
521.9522022022235 81.24424480456048 980.1958335306746
63.574398173583525 508.59128799577104 323.25306483622336
16.025211425762894 62.075821177304434 218.0689647536736
193.8028914214484 39.71782489661332 819.812924182866
53.51163809398941 73.44559682332576 976.5600295676461
115.25047016923102 257.6387075554353 943.8097933288199
38.5552319611115 56.37119730708511 407.1061515008345
34.35409986445484 472.73125379127885 550.8588588403366
272.5442478823657 327.3241156453832 154.1809808275234
813.3776671970893 132.79884255719355 924.456189034302
554.2796052522947 19.173169788393707 545.2835283527539
274.95851004947207 93.94214344909682 1126.5825592353524
413.18280352631297 532.9414283341259 86.89267383585225
89.96266440791742 5.6082122071923415 404.43905739123466
150.53854994999648 455.54609457940415 1443.3936014728226
438.0092286311287 327.7118064873123 1128.3751071393447
165.43940867018986 105.87098909277084 1457.1413252773882
254.49419885796848 158.9003391739415 223.63163549186282
67.38540142821027 8.661831677554867 218.50927378971141
586.8509530431896 275.6208567315844 1143.1488569031271
204.9419502182614 77.29441436999534 830.1798304044485
167.0891745734054 19.255289247645546 413.01822979325823
184.4567343855609 206.9155633628545 170.16567952861956
57.17232089432347 76.87542448635922 1432.7017243065036
479.1905436978659 70.7278357782164 1139.6332033123044
95.16612637876884 54.05549559161344 518.755709002622
386.7496993498554 735.3641819678603 397.90820477419686
8.708438446182514 31.534037982028863 1162.7370935606223
150.44515900635335 815.2545830697495 718.1350911033994
2.9563383717939677 232.72722112653193 1352.5222454910202
460.90173184806497 31.094325816769423 953.4161116602409
420.27137467769313 125.71243242978352 53.729632208207924
176.92669736052102 331.25962802552544 527.6175411562633
205.91855793172607 147.23490600044775 132.80067704620978
247.27840008987582 207.98152857369573 396.2779292818011
724.2349595204353 243.2760791701985 188.64764064672912
224.86023224917483 12.102550482149672 1495.9914629938528
527.9404635210342 2.6015464762855482 175.46068645023055
77.64898139176157 581.775165070287 764.0956050161606
403.99450440898306 195.597751716277 327.8362325294856
228.86300845115989 35.38540730613596 484.0325886710657
69.64455784268847 94.56587681686383 1166.106189184903
27.29656295135161 123.61986244174233 1462.6684744097174
68.7016142063552 729.9826852755327 1056.167196966147
447.01975670020363 399.630657530019 1232.5526191375286
40.0438610743542 96.91032228679784 5.9859068848286405
124.28544645483785 353.9129462749448 287.32780673496063
46.57358113453059 258.8023121609678 1006.5809997174076
94.30093216904531 279.26755808703615 353.7856469157802
270.3027238018378 30.354046381445336 1425.9702357123597
117.11618451714538 265.82723581027625 80.78096561430648
273.5381316993296 113.02156432315098 554.1211983493961
192.98254618031538 7.383272481515936 556.5508527481867
222.10499107136044 46.73913556189926 1158.955304130514
109.64423386550706 344.1525835321845 1219.3508146729673
316.51243003463117 202.6343917226285 300.8075708621712
186.81770404661583 75.86345323271547 442.5000923536416
208.9267216074357 141.35919369526923 37.5350142927614
223.3511835607721 47.56497713176135 430.82044537976657
256.8505214652897 511.96120346735785 1128.0636544316017
42.87745090783721 94.24470417164751 1307.0209623026212
230.40796340993936 63.66790835447308 546.1312334665499
80.91544738076232 25.10941262584417 594.8712090618463
468.9533302703443 103.5714367521094 960.324564088407
42.338846141124435 215.1271360557565 1299.6718002887842
400.9301546977936 20.380586080907516 548.866800905288
28.54524399029468 109.7295179620125 903.0970190053488
118.33387404801809 243.25264116735377 407.70410060420227
302.88992859583936 112.51431605521216 1319.3905416481346
70.99334673552299 57.94612003788515 277.8154942788638
18.51700942507836 138.1261344742958 162.39229623757979
283.94925026143375 50.72163048838421 449.20406619631746
487.0080011578266 38.28106837423352 777.4963150466031
36.935818733402506 383.48934082820296 770.6948562561204
250.49927265955768 543.2323881501545 664.0183678628687
47.87253553122428 232.28001152818254 150.42968441357013
178.020769010611 120.32007483684441 582.7322648998082
54.22137504736708 113.05856722211867 1110.2182197945533
355.77604793814874 21.291644276690754 430.97202283483495
85.48881069703717 17.631969622373376 423.56892469573165
12.475892838358114 24.655318220792218 239.92527921309753
64.11959672876667 55.03536984069625 1291.3086756179405
33.80286629185723 48.91373033322893 88.31841477352081
369.600067165339 65.99333319212339 153.31587542251518
68.67033778882863 77.50422300506945 211.56873247209435
34.8107689474036 552.0875540246068 808.3465935536741
146.19118398028363 18.57646175307086 451.4113046066182
68.30957615990032 259.10338994151243 942.1179346766321
142.55531428990923 31.309025613746535 1237.0206118835192
130.33804033072408 21.88837086774204 387.73169802404084
309.75267450804836 137.65787008333984 492.6401508567527
25.80421146059703 57.58037617089169 1112.0799382041123
337.9109785301026 582.0308703371273 1084.1900407042624
149.74563555560735 46.55500151673381 339.1930119091045
129.1685480446478 89.82158519200838 891.6625071335774
35.05006903654934 33.1777869327589 1366.8479514685478
69.06793058115225 26.538757274460956 154.62606407504668
187.77341663710135 8.256545110411155 1119.4187034577453
188.81964045058913 17.21309104775247 1205.616812737027
9.999290678043577 163.39683979933494 730.1035287028182
4.666139862682838 491.00583614308164 1283.6079863710106
365.78347865629013 474.47903219679677 570.1165841286623
67.14778571575897 154.32294177398103 1021.5999377244572
190.15460979512545 593.3080114064365 905.9819286995764
59.13707240336766 153.8684368996187 286.54275900904923
8.883221206591065 54.501847207954604 1351.640165727154
588.978917033988 296.21357232847765 825.9958681145952
87.1326809228005 281.2507031542452 1477.9151264908999
98.98449824566646 90.93649344301504 785.8575725118063
62.14780675864881 428.22265550275205 1345.120331597416
122.01450825744983 317.452636374007 364.91013404651676
151.85151123702195 568.1168298522678 807.2361930663976
12.830138095834545 34.87121801220951 901.7644994420527
577.4076914410007 58.97959073103238 457.55870992863606
210.29732060330187 273.2517455121451 663.8482339738604
88.807919141666 112.70109178516763 512.840555113279
14.139052800026878 475.6392386455114 825.0538616035132
246.12404184486803 309.9061391015321 603.6845267359694
92.9563271473762 116.55985170836722 153.73699252338042
455.7230140541133 1.0301229952795434 1166.6393936517256
183.55719485436663 36.64639911616395 1236.1221133488252
95.02230560968795 180.07008968580223 193.58324237153013
118.99944881266387 62.08873033314073 290.0557230419775
122.63015118086243 22.77009070842117 338.5241047825009
136.77568091330866 172.97744408562724 1412.5861720772589
379.5203774672003 240.0151927202005 803.2715520241295
6.429806034974401 59.49436126900235 478.77353204962066
167.09901331017772 497.85315692611266 237.59795553763024
177.47256523555956 72.58540570443186 591.6207488418377
367.72863309248686 1.0444824598232305 18.88919241320941
157.06469911646207 41.68198286424854 1059.5982722760605
279.1346247091871 120.80761271097225 1420.4929020300772
214.75098402056796 115.47645218499443 518.7041024495996
25.645581784885398 513.022606024754 1235.2686875313834
611.8517588890063 37.437916009112456 527.6701396909026
207.00915182368064 14.13796697101615 1116.8896480314947
123.97930781799633 153.30392385313047 400.61728709715476
133.2202836392776 127.44160812469613 662.161557162936
202.0307277762945 177.5692239028627 662.6994291130165
76.10841546363024 109.20404938692447 133.10050294862742
79.11016126415673 275.669580983801 73.69651918333098
23.2674507996427 233.6086138953434 1350.2133156579473
200.1194334085775 47.09584033014384 884.4775479549703
8.030915369699745 54.11581560716905 1439.8592160019941
599.5306132660901 137.1852881952761 436.5698241465707
164.81427894414725 210.4055285828283 1442.2603094574808
147.44463071581134 42.511754079894075 286.7603306023673
102.78449662730544 155.15958746242092 530.7353880676088
156.6866864151495 315.3597340484294 1338.9175885332645
549.0836559581418 117.96085919269241 1083.3675665559663
298.684855733732 34.73179707938807 1451.532624772849
152.15767099594785 157.67891190179932 1076.0164009464443
110.04966694492666 64.16582491540966 28.577804329437186
90.89553289583996 378.3699641132906 72.64336125588389
528.1828514399676 28.710134141616116 29.051005129617337
56.57554519127963 104.18733454311236 825.8882832240753
240.3049578380956 108.92120309186222 1077.9455735215602
55.23094720631483 237.39541236060143 474.8453069145914
218.21835950918307 110.64186938947029 699.7718915601059
442.660301864995 69.53953821103836 722.8774018098137
7.37907418981569 206.27769820905328 487.0619839078972
120.90143186554965 356.45894659501386 1142.759234565394
62.91923356154425 179.66500306735134 21.349187315020334
448.5764820255492 196.7216924742116 133.37035064072856
23.171903108786324 239.04184858401973 213.7615621919358
419.1528692584514 24.43387446827629 1057.6020681247492
137.82630340008717 309.654526241448 1153.0329964246343
254.88165321217755 228.84839924196245 610.5215786522161
193.3894006762588 10.433385512232384 510.54627230472295
609.8259696557594 83.41897121661891 1220.9657754074615
2.609179194282368 38.65492351566934 697.9676581497355
389.8006629043078 646.5747572011948 1486.172225022274
93.80321641775413 437.26809759039895 357.9615948348671
226.6768448853278 16.270955508267228 751.8576630025892
110.07579989931749 140.9683502552745 1313.2523363274036
63.49710503884659 159.59189952518278 998.7766182312289
166.12925747416588 95.04099638929564 94.70947255342155
283.55388954696224 80.73566099198746 162.62104680393423
39.846561362662094 535.4322805827774 1457.8022981161143
500.35210590605965 186.72002035364972 870.5675765485068
429.62212502182905 196.46301546687553 1142.0418349329782
738.4201508482168 252.2682495451262 484.48188769381755
255.0098262822774 628.3889119504626 71.43876664065807
44.00738896780471 243.512365345055 0.866472724756151
174.32597384058042 386.170334186039 187.79952484226547
322.8852273475558 854.2669925155261 1489.773542734935
136.12042297063638 402.7127003418973 251.85361733262766
485.2040138154636 45.19002302393433 26.401737794472414
202.16655709104793 26.11583748024533 265.3224835447214
170.58002586646208 47.46038821544966 1446.762243246908
193.76668592110025 275.9856709462598 954.3145253460143
