2000
103.76380470380286 48.62239204615631 1377.2478417615343
381.656144090044 15.543973717787901 981.8581806939574
168.30686244617067 106.1145912393888 341.50662454673454
42.071729698826545 233.64046237259734 1246.638012572034
245.33312758587124 26.314193712546498 476.5135229102707
188.7874537318807 175.26906941626976 1366.557753188483
71.0057876292035 157.7151939765985 1010.8202238182996
209.01598268319265 292.315021610307 251.15182278695153
66.19393669826033 34.22767967801189 1384.9192216660576
306.23202807604645 388.89390326152056 750.526023387271
531.7346675415492 27.654167979183242 538.1951511938992
707.9785011281504 68.93278796429654 390.42682254284875
334.10978839616394 81.74721821938881 1276.1092143767303
30.51199227907001 591.1653671125482 1096.9972419810517
417.79662082443343 213.3173305764392 1207.2883941322725
36.98731348400934 619.381110665117 446.0146640369014
211.02991611162474 641.1126991750558 1034.9484860938792
169.242466444629 42.74413120315339 1299.0329478727372
1290.2218818770275 326.12065403044596 950.9080655745572
221.298792614025 472.6292266081311 1306.824670039483
0.5337690889289154 699.2074147906519 930.5649236960422
24.225598489810835 187.68559553439636 1434.3789631301483
586.6494850747412 586.0605431744805 972.826761297459
73.58328726269117 159.61786397109103 156.3210098950125
26.647798840795726 42.686464402868474 29.728989326374634
29.009293140536386 110.02428080866567 422.8963779503295
16.546721322699845 197.0311848622599 1342.051420582744
76.10579026412093 185.6177524112245 94.3841881918916
147.85359340826065 590.1079799110998 1109.1228181452584
19.42626889002202 581.0845724724359 63.86244312279194
121.07754829464461 17.66177288222254 696.6002780961675
123.15658952511792 747.3171106269643 1245.1102791671274
53.58997986752586 36.780386526917894 1019.5913332316293
69.96452880952566 36.057870557453334 140.64755939021188
169.05142486285507 44.659923151213086 540.670491027986
15.065394488714839 17.49323732810319 374.04892978579767
92.85355487747806 847.6724698934867 964.5478044403969
481.4907118662502 91.26961999315945 957.1335955520085
134.5768024642038 5.705557371990368 212.13859191768765
65.31383483588992 56.949230631460765 774.3089392669461
10.118703921293633 228.7929989018029 1039.4636450202884
288.7252898895386 222.6956897693409 1287.5233829918322
277.4136217489323 468.3014708273297 241.51967282972365
1024.4300802822381 622.8045026234104 1291.3990142379241
42.96545062622793 112.68491395554115 431.8543670821963
49.987652662908985 474.78751915251223 22.04450644310135
52.67207738997261 320.2881506549709 1339.149571320094
378.65253910389794 185.34900003530967 1244.207381852259
298.39821379651397 219.92366218830148 914.9404762340545
164.37771202272856 42.71015879131907 380.47425951046955
59.84464789701478 419.3433648602631 555.2394604300042
196.53022808259018 125.23629845072442 770.1964263524986
59.997844970506776 267.1051871289765 989.3233247789329
250.70118574865467 19.065105040643648 794.9337968696094
100.36741184341939 11.447710011277561 1026.4262553138133
131.77985420738528 455.59502222672234 828.6764789087781
55.47970059971289 110.16228269434963 1467.0085213114246
23.99033115871519 16.152109602731894 901.6508463921926
27.19258005804816 524.8717625334074 513.1841743178649
99.89239714013736 26.445691772366143 832.2140642751377
155.18598921990625 51.00036561099331 746.6983529435746
142.02754829058088 304.04021879531865 584.1063440480356
154.859452113642 189.3934244391919 1000.5614502342971
248.43063451733215 434.6400214943246 503.15739359464254
237.19617922680527 46.54455786045905 1243.7775685525014
459.85514494467486 215.39492385350786 1086.1647642243915
4.611549346187444 91.65430923428477 813.0776866713428
36.926622554720836 93.115590920659 903.8891776992988
228.94069218944634 133.27998505809802 936.7489558051328
149.41633498004063 181.17154485453665 48.82234653543305
221.43733042445965 118.67498572955795 1349.87233881782
174.24133962418173 74.06146047969024 1336.3510397597904
45.59484697083383 13.387475435773652 1285.8710922771133
136.6323197258748 218.73941343840934 1058.5955129202864
254.51658247217338 49.53401111802368 901.194070445361
37.4691041581191 638.5794043594838 689.9349026019153
35.918600302092976 174.03649955484266 891.4926826447748
138.95267378698497 83.95582880526938 1163.5845775846353
45.353253878621075 433.3534904456492 1415.8559558948614
286.38218574613205 309.87357130970736 738.6863645052007
184.17215997778538 341.97785974430633 1312.4731919343672
93.3150516053536 281.3370447876039 1178.3943633583035
123.99031613755243 265.0453044586181 613.3085394257115
432.60256782704755 466.7636535160514 638.7812339024147
106.46050169896914 130.77661889147845 980.6474623956491
63.41828037363676 379.8884155098409 596.147592264904
75.14180599472155 295.78757749137617 376.38228250459105
155.09179742316863 156.72105638762102 1028.3966033311387
99.36159709975712 588.4517828859704 1486.8440635484321
28.547693918318167 48.817464177993024 73.40708435460402
55.84440576008086 38.68935338677478 494.84213416803937
195.54608067851385 93.92105074806163 551.9455189885434
353.23316405874834 462.0150528162518 432.7232475731883
115.24456053231826 242.14305435289353 1174.156442070925
43.57706687889893 13.355830481388303 111.11262696918367
88.63681718892852 10.391272033250758 773.6385593956194
261.0120838956541 249.29128875477593 1226.859739410189
606.5655087590467 116.76354457389235 785.2970951706957
5.225076555645987 311.3491751000762 898.2866828298057
580.776292505301 232.67884942742597 1353.5512449697044
40.10615993810697 306.06299476836506 32.91534594415063
33.70534986283184 337.2604524959374 81.74245489093596
35.98154030373769 120.26560878522794 147.23144459271325
46.86837216725036 3.1352473291964063 95.58606351196403
309.64465419523617 163.2820639157893 419.4345962606962
548.299080413068 128.08497653191827 72.38004736085412
42.557070771473114 174.5180458357643 227.0365032885725
124.25540660020833 34.642800079978024 972.0467168303552
299.9680151201501 184.1089747366959 718.095463007899
25.65781640923504 249.42895608580352 699.0053143213572
173.08891243848896 62.628288754245375 898.8280804799158
932.0609960750628 3.5008779297104824 171.19701282831178
238.14742404428014 96.85302845366711 502.2506824881123
27.389082530611958 280.7726407232368 410.4100319021659
42.06239683802213 272.86197091246567 609.2723167680847
137.0672913465581 36.82337707257827 45.18363048755714
131.29880609031665 356.76709217753535 578.9823829870975
1234.1089097096162 464.8467389997994 918.4368310367987
129.97937231696937 87.67205857141184 1036.0486190288577
103.87075081950982 125.23052200705953 1349.2524143062938
226.12567718288835 610.3728498021587 234.20074438118004
236.27994195820355 61.55905897984113 828.4084662251764
17.37666336491777 335.66538579779285 1090.6509302391198
72.66153088352374 642.8252940270868 473.90622673846696
180.02805623051105 32.78159129289331 398.86484217773636
34.77475069672429 75.98304835974203 573.0971264880438
142.41220542323737 67.87616052579618 352.5233385105191
3.752259551343182 65.93824185447102 210.61281539642403
2.1486742045400753 203.68845294664024 1122.3416308743915
305.6914339923887 410.695722004471 978.5997931858868
488.3037184496113 256.6687896269835 1489.7986980799942
7.959779704148589 630.4040231217757 1343.5983440225682
121.97363917571926 22.0217841350815 1167.3740321840949
37.68374746032605 312.5669295638378 508.13542028795166
166.19868526081086 29.899989114609404 355.9076818367921
189.75272298086742 27.919634696782296 35.47317116408954
610.5854732933647 42.895710828108044 938.0401965333214
92.03274476875171 325.13252992671784 30.45503414907791
11.184670876711476 284.51517633771243 1464.6403338112168
30.49242026144225 265.6596860830722 545.8915764858363
20.60315477775376 62.40410183190858 670.5383133491109
270.4817542859048 137.71290341308682 934.5510560684882
145.21084500754867 170.88565779671717 1433.6346167856852
394.56676900747766 224.838382467352 243.24644078879692
215.62381004558392 17.355274515775527 145.00837757171385
138.50610646154294 191.06539238262064 1250.4157194116071
265.2072393494803 133.4700384041057 802.3907313668766
160.5134477172975 603.3768515693347 1172.2971578140405
672.6776289482659 111.59378442309742 999.0914201380543
158.097836767971 471.3900146166414 1156.2150907995072
296.88980018086346 108.33767223272785 1354.9508211612492
338.83879794507993 94.2237689188809 985.1332048290913
154.3382606951817 609.4726429070779 143.95436091780965
180.30379418762973 30.003706223498167 443.2201634448013
234.10957988672016 137.56934772389494 891.4336756450036
81.36315900522075 499.868515987934 1417.6141624223683
448.7484821467751 300.9828779163265 781.3667187413014
83.22550779217165 15.828483377570791 839.9568138635586
279.6546863019306 388.21249546641985 343.159046043427
8.582227750287398 1.3078368981150073 555.186962919861
128.61307686261893 268.1212689852759 594.0610220162102
215.21702760145294 274.9067895858961 620.0474317303845
95.18248688868161 408.9384915918072 1059.2362779439397
389.6566311765145 286.9836126198718 807.3020406760033
87.17064004144429 45.675766846219254 935.3896634058086
352.5113062019525 878.9548417481559 908.3647463398873
267.7591430180311 377.7229855100529 493.1458729978779
822.7388112279943 129.37462879770055 16.76533909746819
32.84440003590894 271.53548669378586 475.584372252944
614.2776375401488 465.7870499253748 600.0443131066686
309.3009084933729 197.1755099987012 559.864710965991
200.14181050480607 60.473603030953285 291.7047861289718
11.373157432036558 32.64312825586752 951.5525567681693
25.35378113087851 40.78984161758998 494.09631600564546
399.11212632216524 8.786649394780966 1453.4293367880862
148.88701445917005 177.53956638785246 141.7744324944753
97.73682315014148 257.4141267975846 922.7790752824915
429.1007074053116 34.58219572351594 1083.7395521080296
424.3926319962208 527.4259689127928 1384.0347467976162
116.62552102833448 122.06074906583405 1045.3904349569493
251.59718902018628 80.98507795282752 627.9355635704953
443.08610681028296 335.7691639216532 1341.564397490936
24.706024141582994 91.13020000800229 1486.3546470460137
96.34786126836065 181.24869325466582 1052.836594324633
118.90225993169834 9.079051830583323 345.4863183905364
46.07859786754684 61.94150300029827 1443.024166463335
5.867311197984959 82.93614195558722 57.004213642724125
751.4584680539524 411.31969763410484 1311.8861429672654
518.1255679760735 182.9434193104095 1178.5778518728737
48.55957156933653 45.832363647960115 1078.8344016243534
519.8610009650426 69.26383360364397 872.9222367191816
527.5301933831147 35.28408672890716 1025.9478329750877
662.9740270440622 38.38412231620764 677.2356779438202
225.82734046992675 139.76511567682948 754.5114230496791
313.55827967730437 8.361256395877135 72.71711106276202
124.60637538001342 187.198262815224 1075.6159431039055
31.59502118451573 193.52679054065837 593.7386325870516
50.9568765178106 720.2456943089428 28.64772692226364
62.93919646353088 58.7923834639549 698.1505938819283
0.41285439744938773 57.71346388276114 78.8910615570808
249.05691946554543 90.54146141662889 329.58264173722733
109.87319119600755 241.74946466630894 170.08104354253433
157.67929863181945 166.74246734013875 1318.399872601046
96.38249744479586 84.29766873489557 474.56991998829824
36.11945756918067 33.68104845235006 4.226205371556935
951.0515728072114 12.779198797142682 891.9948452554926
2.8011800060194267 71.98604605168842 52.55455622766186
545.0577017273846 221.13805728150297 533.9887733747612
30.260124264295396 1007.5059206805822 595.6040106215672
82.02688032560344 161.4926133058988 300.2864883591477
104.2782406649715 222.34548969584856 253.60434415188143
29.876401959821074 93.47830272785367 1062.527003007666
171.7906506048184 201.10560987344428 626.5295298958147
65.94663136223681 81.03168973614717 932.4776363706177
110.21391022032887 199.5247752324196 367.32696128127725
214.71356179236855 216.65037248332925 941.7700549859053
171.52341615589825 59.67950801254859 1478.139035133355
42.446295724262995 286.63708906569514 432.23048704536893
45.08647568854534 54.25943286696741 175.69168341011687
103.93107895043836 21.443810591268566 691.1277046142127
290.58525025705546 569.3027907482805 1384.6608239902991
126.79312613808074 0.04951980263642458 102.68048743419172
23.688865215185128 86.15272666485635 953.8889019563035
659.1265683840454 32.036126366961476 566.5483727941534
122.63865677355459 318.20240881365913 1145.036844479949
210.45040305196937 150.39868638980101 1070.915168187013
341.145673620982 604.5492828162998 846.0016566078634
8.697833398019911 354.2274353839101 798.635293907243
332.54755423984403 300.96886733888175 395.13796892193716
95.26326232022521 51.63032501033275 641.5037862521215
159.05195248389586 718.242385967861 1195.5076743194422
29.86485159040421 344.21740162349863 1021.1724342649168
270.85024058437284 217.0769936119643 249.8479386680908
252.39582381679017 155.90188343357946 624.6817203083559
277.802725791383 731.0372173324386 1199.027422499562
77.09969039887585 907.7061227339906 677.3035796001926
195.06816685957145 280.24227849229516 849.0688073781661
179.1877735129199 81.73235345949816 1406.2194772268926
323.1085877798264 33.83315435868262 902.0891195740503
1219.265163108224 92.97489951330776 601.2975395175836
20.603778530691468 85.7013049209866 500.6917432243466
36.710857073018246 70.48872598599047 399.6876838681387
464.4550566535506 41.120946411067465 417.6714660331135
159.57979908623702 494.0074413839409 657.0952732175966
354.631856404145 91.26997432044568 1215.398872235012
900.9416810198225 20.924034688310268 433.62454231701355
62.808112104174775 98.65030885639985 1331.1716922400058
252.9051732813353 44.92770037515506 1065.4275143475688
96.91560855847084 38.596270323310584 677.8399058886934
25.94196677081638 297.6984232958143 575.7626278789018
185.18898431003112 487.23263934722905 1247.9949240531928
192.1644374172387 256.75917980276995 218.55450098872663
4.634347399996009 488.4461276109649 938.1037424389012
610.6653993234088 109.1751142161967 910.0561491403531
142.28291062450623 46.63706636155599 155.52980840470275
177.19690314921647 91.7508889904829 37.31484710327804
2.7549998603777897 63.33449463813119 1267.3144394325218
106.53246854387837 56.92790158915165 1371.6601131760551
15.321199629278853 184.84093143817134 1489.556401174878
203.82082502427662 0.21791931063618403 243.21522472860053
319.3296883877483 244.74707668624234 407.00677849320056
189.2101783100397 22.35197087955603 1111.387689047031
574.9117933676312 234.7922009895908 450.1317464562522
99.57005364589371 300.7396930931091 597.00086101664
383.6306615882445 37.812503499467354 740.4311863125907
111.40591372456711 111.94466645038528 24.855657089707773
313.0784470838165 66.34110403359497 670.8856417701477
137.3213452878781 305.98722527249146 531.9607214488506
46.835095553951994 314.3062801573898 1223.8918681772725
6.205325914088345 1.8590038446269508 1396.3654169374188
259.33116418652 67.66751279246279 942.058992560144
177.95314834254233 689.1740332920612 381.38420993058895
62.777923945071635 137.07655059537495 1392.5058017007434
13.864715154274302 173.912743395905 52.343960830646964
59.470553394618584 673.554797286137 709.7653711643374
166.06657866478193 116.32687667725543 878.0286543201601
78.94954672005456 88.42668017003355 1134.604344409364
361.2439242695921 98.50610370988963 986.390930918121
77.20673856074629 77.18093900130475 1308.642761499114
188.0503276991623 121.25923910232241 694.4406084824284
152.28670709748937 224.1643981442424 421.47087809777116
415.3980544296145 21.6492874845302 912.9216035718982
98.62112288388491 227.35976248620545 320.4835512111982
108.86937023750183 193.81574661536112 818.8041698172802
276.34930421041804 25.002720787770627 263.61338974949126
80.15917211833263 242.49497290087035 1409.5388436253108
3.4591477541657785 192.46848375949298 536.5025141172241
266.5161366336817 222.14776388615002 1008.2268922224632
191.36192988246026 46.95644829988888 1069.6885330660493
38.13535301952072 51.16156839556042 43.590857559629605
89.65931460253405 54.618592802624356 351.45346694992026
10.765425499147598 114.31222868794997 1316.0081186759196
173.47589123407596 149.68475809935774 1482.022269456243
537.4272126452668 12.132743633077567 268.6022969786978
502.2541346024333 191.20987107475796 1218.5492091424223
31.09917780438612 104.16329142025955 1273.8961416812751
77.73711100120653 174.59415949844131 236.7290340294967
338.1753605352968 152.058931518179 553.0091503653543
522.8433773150563 186.99357247961873 1301.9207033680711
95.48733549003835 286.3833071184233 404.8341696011794
56.6528996569994 50.9918196301938 437.1773440320268
88.5770287060483 123.7823742473813 1397.5114143909423
410.4368652559968 36.86028936363447 135.94932587313934
177.43954175102616 271.9029594934772 45.078980630105406
325.87691866007776 29.199196479410723 1482.452066221734
375.2352190531703 140.62823674749436 978.8925112948936
197.33832301092744 362.44311164258687 324.13032382680217
168.07354202381265 801.1090036031145 571.4710176001763
182.9350436438338 46.008939923679655 787.8502438718475
146.4755927743328 415.5208023755476 1227.26717015526
50.1193836372958 126.58134965094435 551.8211998632154
302.99420974790405 96.82014347209244 1410.1695379194896
129.48491661435625 65.81404171815805 656.2803985043465
143.16427162861834 303.7241640113052 1420.041421988898
396.7903106437163 92.35384417607712 274.4019681737685
843.4146450566288 20.765135045950668 1100.1794374719345
98.12069759354472 69.69389594033473 1098.8024690674972
158.46422361592596 105.3562408786698 614.4075380207256
237.46418316596794 541.9548471092604 520.7717839906428
687.9756089159525 359.2165382928337 375.48970538083466
464.3590151874976 3.79567929406306 1309.3961201193247
119.56441424984105 9.523614334570656 446.46570727879794
202.51397131851044 39.87873239119533 312.22542264760665
79.47519794111054 94.77791277362222 278.8381485519505
15.819040096457773 286.85010330943305 461.3496808759433
10.49278921683584 393.5783470750241 274.2911827447558
7.558148702268783 8.062674053547928 507.77910001014044
159.91768245758666 121.56542294154885 142.5687487785688
225.1126059338606 442.0776888119695 367.04578407596017
313.401173622531 110.39679828012426 106.57105148955881
129.55126465366172 188.69655745684247 699.4001461020983
473.56693030211864 750.8125084445835 1187.9219363048032
289.83428601277984 179.6281058256676 528.3602856982931
8.012371848748675 47.47929352138372 754.4893193472611
300.69273738974596 24.428569132720803 1186.136598647619
356.9256927345026 257.42294432742386 1161.5587508439755
750.1157548994183 4.192109976937197 497.42121834111333
82.38306347191245 49.273558340656884 246.3796571368377
35.35649572598542 98.06692424447418 1274.1954103553996
57.567380890703525 427.95187573933237 70.8389855343986
331.44447954917246 67.92092909006858 597.35950444044
856.353594045341 317.84498402012844 323.1970262553715
800.5172193874993 17.581979282211133 1271.5386373939
229.92485054887385 274.9766870250388 154.39045793751316
58.150318149101984 171.4462020559789 1363.8931729876185
123.01881293487773 122.9425934525773 1064.4453562613542
83.35246954614871 67.59891006834697 1052.6023090275428
49.16973864541389 291.6474850043095 556.7606874268126
138.13058655504818 17.994463205742687 672.107469238158
836.0274628039359 339.4863295763427 199.77673793909378
11.534598420810038 126.97927934309652 93.51861627559094
17.431952923460674 9.560763120862207 1324.308772580882
237.43355302340464 175.93842209185655 1454.2816934648142
136.78056890957163 230.7501714681729 396.3893643868305
458.5783969839731 350.0357344428251 300.69241344603813
21.443263621349264 807.4200173247851 1180.284227931102
74.18891144000176 63.19175450345775 888.9470637754246
558.2953835205628 44.40776065708557 347.78207767453875
28.260931284885572 4.1762916300749815 1217.7999381877842
201.08129477830818 92.31658974086058 1322.2473742261952
101.11266006626592 148.68355064056178 1407.2775175710904
41.78298399456626 249.37226926488108 1324.641310250433
236.36471843723456 68.99393098768705 1059.1734307693928
761.1568631087418 96.35230764632514 653.2781667738185
127.79945455734605 140.99244306498065 367.33037453231805
74.00643955824157 508.89114417642946 875.337375506516
219.18427495716804 251.9458633872485 245.49655322766256
40.29421885351209 61.4780565772408 1341.0771018930564
1653.0734394447284 111.42291742893839 966.4750890915944
51.82134689602735 29.807046368668257 1396.0138403843
390.7296270445852 244.08274292066906 1147.5759430396743
18.41292631143048 110.30992342107675 1089.339825274443
341.35071825938985 6.770709167751647 531.4444121553145
324.7432303934262 652.9930718318653 330.29773077999903
90.72326202724528 56.69431019641335 1083.3231783877156
186.4752208783596 29.809557600523906 741.9030553967657
490.006484770569 387.40793858704194 1185.9863699338753
11.47505812181056 202.52549919885024 1418.3003418195135
304.0166391034488 315.1354049750239 306.2493149513314
322.84631067717913 172.62209832793468 1327.7268896666126
210.89718050366992 74.6183605685786 180.32067658687646
98.72479362608841 333.9709720006934 673.2642558703944
293.94684637520976 232.60634683431007 1064.9441368204139
324.4369964084404 52.357658697804524 746.1843737222154
141.65366961483628 261.9088588257086 856.8411386817139
93.88027408072776 19.889105425426706 1164.52954230443
29.79011805544833 0.4112890762940154 1282.8519922106123
457.79274631581677 177.46216087383445 622.3952917505263
187.4242411937147 305.94658502637276 389.22415508250396
349.01413231913 179.31567752056105 804.2169840626699
74.15011141447351 222.68249986209625 1024.030230625075
0.31139606431688716 240.97612086723484 946.8580574322364
445.42116490568947 211.38767507374087 1240.5489585398627
50.61881772920476 337.7519168786792 851.341790830379
35.10537952373426 178.66129201592977 1334.9733411287434
364.68046614186784 326.2223783372863 993.254857295214
208.48538041917757 211.3502593333804 976.6019078948411
165.40229233745785 61.34277438076394 307.1869441889114
67.5711283772549 67.64675400849232 413.30268961626865
252.33119600099823 192.37857256762186 16.251053021931195
412.4077108716322 40.1042400274317 141.52697337313464
124.75359103974849 91.25318055444845 45.02495943914669
10.791510717602653 135.08524928067573 694.3698463013596
33.38957644783551 43.92417657126503 764.9265232521086
282.96078772298677 681.7748577569114 354.8475863635865
334.32284005049036 88.45832982387832 1124.4709424216321
354.581971189695 50.086797951428785 1196.213520914274
157.70366283650162 61.74825326357401 1195.3360704481852
21.006895216345704 248.31896809296526 1444.6099054914496
51.097533844767206 86.6060728110442 492.5860360898623
5.72398207181265 533.5038553100173 1047.1369008653537
130.02729104444708 141.528173063311 743.0365200706012
88.62222577756772 457.57294817656157 619.154231784034
122.57233739437036 40.488692052779584 659.2544112524938
36.687723156984966 38.30049368553587 1416.3038032221912
4.8585040002627045 200.9936378532915 1373.350819690417
18.391113045897256 381.2708977615909 1367.3943398079793
14.041848458626871 201.85240304195463 1134.4563820705341
385.16725058029306 291.5333754806056 106.96830667848268
239.1794851409054 253.2955103739501 958.6862521451253
123.77592482576057 848.2434222491131 211.3143260040721
411.7295994978603 29.457751878804185 1041.1448502909288
43.58738410004294 353.65008954523995 1366.7025277653165
309.64255213716234 44.82738920411553 56.720995184641744
5.268562238075573 12.787191310514448 392.24267698383596
375.9511459100306 169.38736112379925 968.7310742847959
387.6707193376654 148.67589981472682 537.5491786842318
106.04160851857326 19.33701970670227 413.8464593778153
65.73328268711816 54.832710149014105 248.97570099079664
338.64265993898414 352.873087472623 1091.7454671844894
225.841868073354 470.4779662553783 41.860523376048455
253.53478863638276 18.512714943770924 1419.816919518384
18.491717994897584 150.6794642673388 1359.3041920752014
103.7595158779109 253.35369169316272 1297.123869563987
377.0273458788876 183.4631416669108 590.8309475555315
325.6993575490328 218.0721659364887 1183.0863610279434
27.60589806534594 140.99365602219794 1032.456504953972
5.914063522570694 488.4640155822967 233.3135332585824
28.92987359978959 107.02562042005508 662.2590479546484
261.9842652764111 810.3402818805197 605.0726465388485
285.1591060785932 8.731874212612643 1401.5531540920172
61.04207170979619 111.13777554776603 547.1975074366356
120.43388394967636 475.8167935600027 1119.132490771932
126.33218074150305 83.04798058892075 489.6967969843806
364.78046609581673 1418.3284645158449 432.303408600354
113.57875071307895 17.870523836488104 375.083249725967
199.6908306365053 168.39978326275963 224.06177194111936
8.819274226665552 185.7555651106257 590.367379387678
184.39696016964035 96.04485024983421 1377.5233228425445
434.65960339239535 30.334387526511215 1334.2039035498617
98.26426492800204 2.1405749404710948 1008.4363528911965
329.4340565106828 125.33661517599488 1191.0383688494742
314.38668345173454 61.70486735074404 246.49702359112746
45.44178556839793 77.83507737107243 744.4304472917237
72.7974631752693 197.44270102312032 581.6346951991637
26.27005345787107 158.3079275681482 67.35309124070466
4.395605203415596 537.5529882394153 776.3218783093521
112.70457473889606 348.2367629347004 518.7585645934073
238.30511740984295 112.11370120279224 761.12467931703
45.11603810494557 70.61296240232639 826.0305990443619
63.24569053496166 47.154208162492374 1347.9101390667338
126.94602390572196 70.21975097193985 243.03114038053357
37.25977807728056 494.2109494118581 1200.3739659871856
110.61740348456084 15.214650935834891 500.3071789688426
40.23230420734002 66.99443522471424 589.4576666317222
129.34415805327825 208.31508384697543 1432.462072034835
381.14047396367124 139.2420216493448 469.20862578189536
1084.148838060513 87.77503901904242 1056.4581635196507
44.03962857006331 100.30561681573313 1267.7886565514232
247.060837869244 683.5111249392272 861.2796113533993
75.99655370680412 233.21570538203127 1233.3405892185435
58.01633407507367 63.09332820179818 1489.223979253129
22.10731528657373 345.8426951131319 65.49516807303624
644.4292820877312 11.438044034649264 1154.1654393826811
8.773828049795043 175.08250857146436 1235.472125310034
1070.7350796238127 248.2863289018055 1145.47130183738
8.609654776270974 10.465144479932581 102.15191104133392
28.386395225313834 49.66211807355018 777.8205228955023
139.04777234419 178.15981010718784 1236.8736734277456
60.7472416133303 192.71111926062875 581.0721249651555
51.0387264076787 164.6186788533142 549.6099437546898
15.371181411922066 55.6206175829817 616.358165775272
32.12916118166415 91.04505226311002 67.62795879303229
403.9401444038303 516.4599758171926 445.34109238065463
612.8520495248953 12.786276848812955 27.90173191568579
118.52563422291831 252.6798521325142 976.7408628390255
145.66801177370536 9.229665738232514 147.91424888368533
302.25549180122414 67.48637129702139 1051.6513654755731
142.6799417485705 63.48168796187045 892.6831487138696
158.14981230245866 16.207089920988768 721.8690355025335
54.73432233096981 43.3586668179451 347.5108432392693
226.71524010452308 164.98770118043174 655.2664282162283
131.51451064677332 116.78910486576525 227.4576815274099
10.284168359742047 78.2742859209922 231.10561231151823
19.06401990715875 316.1967614209185 512.1941525204732
332.5709773368024 323.9726889130062 161.04459630020145
24.96522375788202 98.31186838589684 308.80308874614514
28.59342186883372 430.4405697854834 639.2919327642628
44.08236066254173 12.17831028010023 928.37846465847
327.1997811608455 291.03223978696656 467.78164288602255
22.394858823963183 32.022456269680035 1033.5697117717798
36.31056804898377 744.5357711648807 447.2901666947883
108.18173511248872 39.94906997862911 432.2149489021833
142.5947089585666 153.96929327312478 1008.5587839196132
10.554431897209424 178.3692470165198 1324.4347752235158
37.10929170672552 577.976612805362 229.6682047300055
106.17205192063498 362.8917006010925 817.040548681134
402.8288472787316 213.94752048069608 842.9266323125139
190.15425287554436 210.73282716784837 1321.0708918970083
133.42341155199472 464.3631611220771 465.450639586865
119.76572916092982 57.440672923545044 1059.5128847533742
99.49691917213633 219.0690279075273 49.69014756476054
609.8719677803427 372.43436071245304 1038.5297681200652
634.9400172641522 291.0564581947621 953.82213346564
190.71162861681356 246.72272050446176 35.12571260645014
147.29819480107315 358.9558705378212 12.20330732663455
118.97382808266576 46.18311146197019 917.8453157069198
96.51009619172646 329.3684024778521 574.1937813350414
332.14871539796434 170.08433949700424 626.9464839636497
135.24223643094638 233.04572877136218 972.6370647254876
531.3989341071884 36.60970511658665 404.28891096806973
145.2726906802162 330.37208013610086 1272.0691854551883
27.037371827339452 62.1603346142129 1309.2214757879376
87.39118882034279 134.82945065150892 407.98457197336614
484.76024052822356 1390.0512622822346 691.1650374749852
238.50275911970712 353.9665123848898 873.831590268386
458.799353443746 163.51393667913123 799.0945125108005
272.37677379153536 597.0108147728305 1020.4964463065573
6.874225908278116 308.88566413847036 227.68815132747062
70.25104341146898 30.848473945407317 239.6151192083026
392.3077273992085 170.03734841407402 234.49210205754096
38.66420475981336 183.07163631206117 617.6395556450941
233.01352341086107 192.05105076931451 838.798626076972
345.83093945356757 329.07794520455394 1071.274960762848
241.94521266451568 9.675421724156076 1372.5766011859323
156.17236830244124 175.9791752467649 1486.3378090660694
582.6644716537144 96.92803763785317 1072.1289937476633
387.2715344805084 320.09554183884694 158.00224270674275
1.1851009190747825 374.46382896750794 122.3170427573797
279.981354625623 290.6810235313593 1342.9076212415514
295.4430073008621 20.98534742647432 616.8474934470936
46.96394860272952 215.3263635018825 872.8338317442134
148.66702485807616 34.48875692869686 572.0895900009743
36.82782571286477 67.92618968429616 1314.0181045170557
145.48832090308457 233.9553047677808 693.2781477634887
19.516279283173866 227.6908074575104 450.6281427729524
105.0624238853857 357.2803244887254 781.3995265220253
159.40676861759957 20.581604036342735 1260.3640168323038
45.236724603000006 158.06473853958263 704.6686041746138
64.03222190112513 50.623262118333926 171.69993848560634
611.7635364895025 677.4573623077597 444.40505187661154
43.42236286095118 2.844692379068587 1335.865295731738
70.60552785768415 135.95580432024775 689.3986747536806
220.97315055684126 12.477850043043095 1087.3307142326416
7.76697276326873 173.78256938513138 790.6648823682293
112.97410701330568 135.71150689461703 1080.902942805375
222.47882065609653 396.35612841450154 578.0597402568054
305.06936803203047 438.1172530615588 1244.7716299297151
311.7548123319537 186.09806127696066 835.1609922371122
152.68585952257075 4.5676499545301095 917.7691793641503
72.9190309793251 99.04382185192877 859.4448302124291
87.28074748988573 6.243102673803386 603.2403958422777
113.52626762370177 80.55655872901792 1049.5856334252317
36.47150033940403 75.29827235042625 841.1409573417833
170.0750590352126 156.37588200880947 797.2964002908227
284.3561444604851 553.0529133150628 1101.407357053986
485.9783865498427 6.855023022212819 813.1474692860962
5.826817803767213 63.867130709182554 1185.2484106896547
106.09275476646633 54.67900933307971 288.48936317958754
213.94504078569548 8.42861091450074 801.3082373709204
168.5833241296913 60.68278909695972 904.6798143684006
476.70134614714107 63.73986037761398 484.1835513000702
5.661149468430505 126.32463459869314 1018.0880336563846
13.029195675652655 5.178308232226724 832.1245457850308
202.43325488650035 302.54509329033 1211.4058384429009
33.07813553674621 207.9175671968877 361.9169334992191
384.2477818270521 12.503668349257671 586.0905575580518
6.500024920587171 364.38494292377743 607.4036562442832
70.5885837220114 344.9141285916478 114.42810672836711
135.1614213610615 153.97649390876552 344.2631838456409
65.59560856429268 87.32756880228058 135.64490599944534
296.3270342911259 234.8695559579225 1200.3680310529269
358.93373185266785 166.87698018691 1372.3706061128466
116.82975369126353 236.7176396607805 915.0347131840794
281.6003996070476 10.527497211348152 1389.9337772521098
55.8732521105765 120.39961667146382 336.9376610765745
501.83879828678243 673.6997469993418 1386.67310784337
188.01192889877635 15.183776313341316 1270.6228517439383
199.630562744442 1217.0022360013215 1092.1260892167377
37.343737897051156 386.36821737460735 1301.8951617202815
175.21433314482866 249.92008199994342 694.346861759177
25.001343196554476 33.775439414876644 103.2863988038541
135.5757626500648 94.39664208683921 570.366584383739
5.399069952151429 131.9917571421115 68.89058363154426
157.20451246897787 120.25721626565075 337.78276763837675
196.08585457217467 43.1529066138834 198.300901481611
218.6227386330664 9.242707794419276 658.5320321075941
231.71473184611116 231.98851965584973 124.22501142072633
238.96602002397066 403.80650561665306 1257.7235620177323
360.5561760450957 317.9322431995663 530.5903725563156
24.119806980677584 175.64016346005985 758.9099824385399
121.24809340661311 30.476428727085057 1328.5283050177604
97.97726217858845 649.5985315386429 97.92005543143296
377.0447358364406 701.4252312219592 960.4897440362353
217.35932658154562 153.34162457102815 1216.385773263312
117.64221379138706 23.02301785021095 256.90863461174143
166.39438514220336 564.0402790446249 1481.6299015578852
238.8887803074932 108.62150757070022 1012.8118741188198
415.81543582168774 514.2906604673809 139.33039681810806
412.4391920932377 267.49049017837507 1037.4519058470382
51.56732002904343 244.89376454215423 569.030690297858
13.076373145328487 276.49523157008605 752.1140177337913
361.539929008369 433.0639172490644 411.1291231761733
250.04189514840172 512.9066991251025 835.5920798864364
76.12613719917512 506.12471400759296 1016.6968026954842
494.8892430238786 1655.4227254178227 315.2404512465012
144.81661724622828 82.23358015645955 1197.9336090373156
309.1361243266214 46.86549323117101 544.832364811511
31.044019199733796 173.97470941128051 1107.275535872581
69.42465203097112 5.215035624756261 1106.2217765355917
57.40643691529323 14.271773360806117 1402.9409728639537
42.216028986786775 89.91172844306887 399.79006681842367
41.65169318801896 7.837987360813965 777.6578078573745
209.70819762353705 12.65628226628081 890.7298135870606
304.7178590285275 199.70670423655415 80.25325159927915
27.807640377102622 285.5049236888938 1346.6406516345257
5.832414712254208 390.6433806125403 1192.8354943055358
9.283771706698387 444.39199214675966 876.718769617916
97.47019183869607 472.12494779882155 186.42089983244213
1611.91375170695 212.92926690807073 96.79314410760404
28.754037814014303 192.49193149656207 293.1165441590201
326.8430524412374 82.19759746611416 749.7863194164452
156.99972611435555 27.53572020365799 1422.3452979150343
306.67426242852105 175.44552364068227 1028.4304115068785
254.90391368649722 42.20784717254886 1495.3752890116584
42.39610348788983 92.34391083752487 1242.9480299575646
51.125762099576434 163.59106455792744 472.3092698511388
65.36740652429759 42.26245312654488 281.1908832921062
70.14509119689966 263.89279084843025 783.3132631221769
0.8597683451907506 8.945241838293462 590.1294712926585
367.00134748967537 268.26342990534545 14.744404633321883
269.10265667656836 64.32365508165054 1026.6225345843332
115.70391987237781 66.13399429118068 1274.4826047455872
4.545180990888125 90.45830654030517 1318.4828463156393
0.22864626165964935 957.3010972863904 476.0086157886206
49.41664568532622 174.94872071985733 450.4662339006864
309.8118576865927 82.78142145811465 603.0083286885747
1185.686408095415 215.13209756351887 152.86239273293535
55.84786644003154 232.2571146783358 135.09854252403653
29.463812567898 169.35903508785913 693.7545055695783
158.67380693689427 86.09705355605713 208.4375036262962
117.30427285147418 76.7266232837479 988.8138479232539
51.32238739761434 54.662266289209406 812.728732713602
27.800510040054537 362.73336449447527 1293.176333154444
258.42404048595193 810.9771399356526 128.78113097365073
178.83610365586688 11.335077711392664 1355.5799295428128
227.17328298059743 162.24332955651724 1427.0398602719176
487.6534069389721 360.64711084956025 1321.5798971958463
33.98357395563203 39.85362762790247 937.4680302605402
127.72988822513094 54.10437675803968 172.15424707420934
205.6536017799543 16.984560704674514 1285.3738695172572
483.93724665138205 252.44259776054855 393.25367444705813
609.570515077942 365.2463045343054 1338.6309468373524
70.47152196569151 342.91598451102277 1186.5056818640214
89.45023300182832 40.47539701352499 325.7137206964816
41.43532377041594 214.98282026117857 105.26920195160966
52.436425774053404 193.741579774319 58.124333732960224
299.6966177745084 109.07794942977627 487.5669189930094
19.49983876065521 33.11237652059839 715.5472254882628
122.4427554119973 4.351123716059868 455.88651310479344
34.21278025215515 61.214746296987244 825.5377101919518
145.86921912594124 38.35969467541457 462.1638657803346
19.817702230425052 403.97395825622164 799.0360025614626
19.116504524707658 270.67910767361536 607.5739680215189
224.73787588325712 64.7150740640542 1066.9334209741326
121.59780883655502 209.10585593695058 537.7177413086006
4.369138384903147 510.9268110936199 851.7117759981163
366.0313120069547 532.95507214658 44.11526449113406
89.09852566824394 17.61002777687596 682.6113335506091
153.14447284756264 455.22701365509437 41.3862976033238
157.5758385935484 194.333730281551 702.5027694169537
37.57225690552331 250.71018675189114 987.6344100890157
0.049542619468861286 10.086407628263354 259.7117012756974
0.03547528631848116 24.57223870328696 769.3825383657695
101.78234099426871 299.1697179280922 437.5908289736236
4.265824311231784 23.56003005989676 1401.2567817111496
246.26562187158166 7.181193396969358 1190.4798910896518
142.7611341638782 10.083934266278353 160.61866087287373
138.53812993406706 103.65727621440661 1437.0416908913421
95.44625780004932 840.308534632889 989.5358253833766
83.82580440703936 0.775517696271586 1437.9124243425006
399.8346219749471 341.21522900704133 1317.3041027122924
28.278251766605734 394.85955006479674 1445.2752352643242
63.222129872050424 65.8627661875708 1210.6302422866902
506.6995965015031 233.651086463574 993.7766751648675
35.66273932658418 143.24844062514575 797.161875295567
202.27905925938882 683.0170795798803 52.93327381535917
165.10758174712436 95.4705339399407 1287.9334716853386
332.85206741379307 66.97026414618409 1207.900762678022
136.23565170634257 48.01310044803308 1291.3931330692662
6.986319435869504 288.8434307891303 1094.5521041504037
204.6463796106287 72.09830410080646 1311.2962232277284
184.17976271778087 203.10887359757066 282.1597992869196
522.3014993377126 294.1600596614557 449.6049391416606
79.87104083587279 99.46868511954354 957.5890020870371
208.3336258403231 518.0035651666136 1483.4614191988014
127.03908612436709 120.20233548573711 1140.320513796501
19.501709352138533 13.672666200680569 270.773220118299
110.13505124071644 74.21144176246113 1312.1701250854387
451.33765945941843 388.9764217664204 111.46896164493175
41.91896582574999 4.45673080608259 1404.6885998880953
3.8997961710692253 339.83487010969117 939.199386999639
144.9679234842809 282.1231840100079 275.221843363267
188.60022846886267 216.57144578732556 1420.542259555391
80.01194045555145 135.49892364988239 596.0225297184998
106.1556249735006 369.80179751774006 876.2205535399911
28.955042520861124 350.8527005623622 1331.4392575850345
65.30805546620286 602.7819140442166 690.8355818411144
82.54632028547518 100.1991977708349 636.0064017911748
493.83162457898067 68.621505542326 274.0444332172627
117.01917061005534 154.21984934510974 1413.6659883331895
329.5508866128741 489.342741122276 186.71764326599492
7.912836928787883 256.33498525454155 159.32090778752655
40.130912113963305 126.39519353404572 782.779321014715
211.7500725654632 221.29448123394786 589.9392322470535
222.27848293008824 214.5586056782101 882.6095386472889
285.07235762250957 134.7050575919986 1259.1923549318656
195.36338677884265 145.68394979295724 689.7711905488325
159.26909414423378 66.26365940416258 1192.5028593612703
144.06527037339765 14.419388460323907 1216.312323567713
27.579883577498666 145.89840300158195 854.0533951463218
52.95367918559065 6.456440717833778 6.880230318207947
284.5356003047021 93.54449641218807 1360.772713516523
287.88979343036993 2.4026812616194677 189.0030911998246
579.3847333222429 214.12049658166436 801.5006355393849
154.45665467506757 153.3857457904435 887.6871033074989
655.7988947727374 346.91331796578567 635.573744620448
1034.3371537025582 5.079964356970433 510.2348999362945
171.09917364284246 363.3449330293849 314.3926219959978
258.25010220691877 126.42990446141323 641.6682457006898
182.87534096532295 91.69251639196754 325.64008004206937
207.4586501056979 125.25426478822041 287.2917765715913
301.4611842275411 608.0735454380329 891.966700380456
93.36790962310614 277.1688854854344 1437.5173756518764
62.48364148482845 70.77482783727335 602.6082307521843
59.951726294849394 34.26191464882713 773.973125930807
225.6077026825075 350.30824910959575 410.3093771125266
150.88812495185547 100.83798409249339 546.6178684207151
481.33111119294085 184.57752352561033 1163.2600231471854
328.7925899478305 15.804472289543511 380.7674304269418
269.6823475627456 153.99975781468376 1448.9381976594439
264.75179858148766 177.56622455964722 588.2111415484467
21.25247961412461 270.92905536718337 125.89818390023989
379.9183532088899 24.883486049358584 472.5237036850299
27.931745879547222 211.75573023744712 374.09682499059824
447.76246046521646 194.40982189988912 312.4592058380361
312.40760612197414 669.1692764661086 1146.281348735896
2.528524721850014 10.14111428805876 743.781584272898
113.69832085425746 225.4611067863107 648.2476922562839
89.7775855556008 97.87768123937204 176.68673493076332
420.35896962955223 13.95685037191833 719.3115405865136
634.6615257072384 351.1327922648047 882.6138409595317
58.28367772646029 43.933184011518975 467.8175507441208
105.82492914394257 111.5625340587939 921.6218520509307
825.5042354840642 120.3449836418127 330.1581646606319
60.69472017179843 866.4640088642759 108.71253916941865
15.285782796990244 249.96894280432423 384.87153874423825
116.83000714971281 1175.9626792951515 1223.8976583284414
291.40653355351185 102.19648946290505 1441.6638847314402
1.9482266833173327 21.225933481399455 854.073099346038
379.25766250221733 275.79671099389935 564.0097738831302
200.91516899399528 103.09209140227512 1268.4767786542852
405.4489015768853 204.0196030035764 922.6458903112099
154.12487672759522 229.71661018811233 181.61963552827183
287.4164571970815 611.1792307081773 828.8186979862948
248.65158142766325 141.16497323097445 1494.8648271994364
414.28295253799894 188.17288617454727 301.2983450736683
11.11517209961994 209.4913231914226 1453.839428501995
297.4157222045291 104.86521411300178 101.46413708858142
292.0366113618058 361.0783414171623 275.249796854366
659.1442191095307 252.30267472846046 46.25022924624489
120.34815383423671 322.4024187952347 793.8957313558337
84.00826816382137 238.56317576165856 658.1433904424383
25.288684943030454 154.34280793481727 718.0349302521233
99.29973605575982 185.056066410851 108.33723309312721
38.193339512633926 197.14427456216325 622.2064259369004
124.55746593037884 52.3625753994191 18.326352268394242
17.820977760747123 7.190298280848419 282.5567442744921
159.7856534051846 21.835059442400045 1330.625893797324
158.27075639347515 113.05868680886984 1286.1140022093887
11.013326344814292 233.63934738233195 115.86342594701205
142.2110272953436 182.5314066466862 1085.4008731915194
112.0318971678516 312.4457226502626 725.5763836122866
79.34124762088565 677.7132685565434 481.42489658111066
6.216864761630481 183.43956486108402 642.153692281739
180.3197554964511 431.9729407667784 255.86265837023248
27.462959549129106 38.21642148418255 536.9148257678164
51.07253959109419 569.7756087762916 55.66705418289292
473.37652941646803 221.7126349677875 507.99795823357505
2.3559167534427843 72.28738771080944 12.652357369999311
8.710648217074839 255.14651323356355 1107.6262149839072
13.892829073820431 68.89872139007237 419.462937392996
317.3647229131793 23.86103968385818 1212.7625635451275
89.9813031280097 151.6648045480701 1222.655975831713
138.37665706383433 237.39465808350363 954.8622131089272
50.50394406284686 344.04644010128965 253.89317554602826
63.434093005299 264.9592149343398 957.9067294819248
256.9364813175154 306.55301480182277 1241.5412887498073
174.62223373563697 64.1884916008989 170.31589355532338
248.12316873612485 140.59103487856913 783.2041489108223
208.72326355924562 358.301574371396 1106.6327455098124
39.50750754462725 227.02757718240858 214.88896347448434
102.29003290340921 66.55437737641942 1482.9470947205773
296.1242619315185 193.4927369071865 1068.7913169094672
61.82207755052046 51.04332338385732 860.4469746013446
52.59962845888801 90.54427152343962 95.1932108999512
659.2213084812701 488.70028313012295 141.24442693683864
105.60977101113853 401.5742747168935 550.1894535537238
64.55836175000094 535.3730876661347 711.6232930685233
854.824828581389 82.5934843479426 654.3785100870456
1498.7185110359862 342.0437834950191 874.9649135386824
264.6968126409203 223.54769883040282 21.68508348682713
41.693569132075865 90.7843668322289 1409.3611192367714
145.50704495324393 618.7202945816563 1107.6842078703075
331.2150116361126 486.9998714374118 164.96118270365838
118.64538257923078 121.8973514587574 1101.2747456247273
327.9471429125196 9.638128751233662 493.27445311024815
208.30168735044526 97.45808510992508 628.3002142580108
27.63413834413948 173.86766623275844 675.2606496893304
437.5571962018011 170.38844164853643 835.3793742411416
271.6499298916979 44.45479815423228 1133.2452237814905
9.03380367339134 61.070816736227016 1212.1049452559525
52.8496920531384 311.11316245675766 394.9964100410192
115.68883024204564 173.22188520224836 164.80054187698627
391.540571979695 2.913848759405822 950.7336826989747
112.23963172548825 13.713575049553034 974.4664703513279
123.91546987645359 12.299414411090932 550.852946509461
606.9881726530887 100.89403848173166 208.14043183299702
35.99825387379859 91.86018810974863 325.1920895663917
588.6310721326493 506.93168787080447 85.51346236892887
252.82997513696506 105.91782887611201 804.6699272767373
131.9454870911064 624.9256997316933 1345.0369622708943
13.708170130705227 792.3879464397863 1216.0603621588377
424.45619371420173 42.88033006001463 767.6086065496061
26.97665231841254 191.16814016869532 1392.3599612104379
103.95729293320753 218.85873309799328 538.875990565252
27.860869526669703 16.17865308274213 762.0709328015179
32.31411933950044 303.7912930887969 181.9616595226215
83.51706407639347 233.57996713217096 1294.7379509615168
6.444447957549361 39.03985515095542 1010.9254876925444
34.698697847246265 35.46522114317148 612.1221321000621
176.32076726695777 34.719272095017025 451.1698879824267
234.43661415249287 427.1641759806813 1215.91563218139
116.40019766461877 87.05520992305459 809.8152172015116
322.51681103638583 94.85704008502732 44.47114663469842
102.21910209788336 195.8773497258862 254.3000375256737
179.94144254484914 43.960571666737856 1463.1749710578827
106.44691438031855 37.92404937681682 200.09898460210403
333.29038645050105 125.64630509981257 1174.0702003806346
133.68898000580717 22.131771420721126 1282.7778655263414
193.02750473616982 666.2364665219723 257.7206043095346
688.8370828490101 47.16157891933078 1377.7112296891896
493.6069259711024 116.3180522558153 1076.5497256722042
282.2657428420963 344.08943618061954 1273.7561368672953
436.4971202169749 232.56815278161298 1093.110920510591
42.229073306924036 173.05515400325638 666.1744255369098
731.0795238581818 23.57806911152283 976.9915647353512
42.436185500148014 417.5641699537888 1184.2723115544848
140.41833903290984 45.42319489231891 432.82721242684437
155.89159309432583 443.5750882262705 1234.1369477016879
535.0886206724019 392.56739406491874 564.9409144615599
68.57578889105592 80.37077249380987 696.403524027967
43.274734036342124 79.30757334413275 745.7537748192277
53.07808983485626 240.8384688509452 690.7198115558793
301.2030532335009 246.7181427921552 229.62852709179282
43.27331704867871 57.39840083829657 512.5980809520312
113.33109384973564 143.86631562948432 724.3717822955302
2.677802729633962 72.15386413343063 682.128221332788
50.42391949360907 109.91840029258155 1419.0715724744812
163.13944792371686 159.1404893648269 754.502229921093
111.28525787090477 545.9884390334804 517.2095005766519
375.6972491934027 187.03640484705934 1241.6787789466637
592.8694737006256 231.9529547477448 1250.5110548764867
93.7323629605105 131.32526444413904 668.6751120820227
118.04318069983586 356.9447792525397 678.6521234928632
249.02807201576795 1023.9424615996572 841.1220636127915
203.8134282371323 6.3201393082357225 713.4815235731402
542.6925732825038 24.582812564848076 288.49007793200934
183.67937447434548 117.13267430485766 7.248483004244188
267.8677367440623 14.337119169325296 889.0789104629853
422.7545202926335 214.10950043610032 1263.702299084439
83.67406081399284 199.71992069939606 855.9023449476936
38.347311777862494 315.4356374076505 847.2610200307257
358.3187357263781 179.44656389389283 281.28825061747926
8.223074287794907 241.93520871180434 1262.5186872889149
136.14958239637937 105.42490530022697 612.5435887888027
26.014490052636486 292.71349080459174 1424.5093426607236
155.9221805789811 29.876298169271827 670.3214813446262
302.4845041828902 357.18624941868273 110.976174715051
139.03398827566718 85.73030653670021 187.46065694872948
36.25760294671045 236.1461779788026 176.31423745853687
150.414103720945 30.211711938121432 1276.6809529033483
51.69835185028807 409.93330904096695 1182.2929310432078
2.548167323897447 543.319247476297 1058.0845237392411
55.77082497464889 39.29123208233259 997.3555399499659
270.111997814345 65.91907152622227 1427.2685650717874
179.20426188016063 112.45275877286463 1487.294810533912
25.253083649671915 83.98474477270365 373.25868038787786
383.35154621426597 110.68138962303433 1429.1072784836854
33.69091683097976 669.0766166281278 1339.1688760339562
572.7682120478435 90.64864723559678 470.0395579134671
146.34174129695052 373.5573962567343 1000.7588837714163
343.4871414552931 197.03609907410623 313.5083560282178
11.194151021813987 209.83195286914676 6.614137153388211
44.43445480557974 43.787959503496445 14.828104789228579
143.58286867018006 233.74723897868103 370.2313888722188
21.20479615999262 82.67752381907314 1086.7136136780389
794.5756484350123 459.5316925590561 293.18537026346297
48.47558900725148 11.951040092175989 1295.8752414601095
29.55463242120549 72.26977985706601 221.9791325181587
134.32268334105558 358.050595730634 973.6514289033513
19.973823779869853 199.22422510093068 424.62588040952096
197.15772150748134 142.36000522471656 70.04385924516731
332.80868597254727 64.22856594984434 152.42304123003615
79.29572912117202 13.114012814653005 572.1602502329691
109.8860545722566 590.8462724217054 799.4311798816501
82.43768684367721 249.47312770043135 209.0843031257662
643.2709793392756 38.461109047056965 408.1081912317274
117.60574448009953 101.53724807725133 26.926874949944835
25.313631314905493 549.1656864851644 230.92048729022318
127.25795080865703 146.16487074392364 1497.0155664644756
58.802939501572595 118.3690348312234 40.90307710891183
282.30944269711176 1.8158907083246085 1406.0532806451567
438.9555888077123 158.93939675800945 598.130295534253
61.05811975348935 44.206636412720655 883.2271222897383
79.16280260442502 333.70130025742924 781.0874959887495
442.2148711161937 226.35626042135328 1438.4594519606312
51.85059536101618 180.24830146882164 22.80602164828416
76.67177585524396 38.22014062529247 632.6084619178737
171.28819387605205 217.68186467718343 923.2376838228846
811.8089742215839 110.76083937725079 1039.0540292433907
112.34023692387416 141.97979158250223 742.4187998624178
79.78471013961239 74.41798922491311 1307.6227132262532
1224.3392060381998 82.35972196228239 46.69445105186853
132.383608549481 28.499760877428415 1182.2747412057765
91.30190019572872 25.13295256155589 237.2689223434175
88.66385165144415 45.86836694197932 633.2548097373552
61.67801964367885 56.73107319367524 1337.703241852237
214.6682982118445 120.92549565810882 1385.6501550435946
313.54412305955395 306.85734176133235 699.4135434867305
81.50204601846663 94.77582277528616 806.1343227033979
53.80854474797393 67.07016587639481 722.056515334466
236.43928035080947 105.68445344128286 671.6771757456065
243.37967908894043 229.49114728545786 1086.0552174846168
16.38696028157786 266.035091308486 948.3464507726884
119.56904475104699 93.17361858737266 725.4325980719976
318.36862064557994 135.9771508663288 24.848554986923567
161.18464017602844 643.9391181412418 439.0370877452638
82.05211494754128 7.564969213801868 1277.9700130275369
341.86729483095013 158.68988205923867 1446.3436216232706
0.950887740636536 83.90410087979667 1300.7363122498907
243.66242453171708 187.836209421283 885.8570705517063
48.00723428660605 25.343943519209972 195.0771795013687
41.361706242625345 373.75102151389177 966.0848164578348
231.60052295597185 88.79228440595467 909.977893593784
279.16269041297033 222.1866780075923 548.249244955235
361.8880795703085 128.58981205701076 479.0246297708139
3.270451044900179 140.6988865750426 977.3884560783883
91.01604166334862 76.942104302893 1016.2892612876261
159.82916503858323 145.2436631719623 449.9504015647505
76.17698815561128 14.370998247121273 1023.8991322851127
126.82690689160904 236.61781466388624 235.94519582109663
524.48149351273 312.9550245253559 1094.8157414725138
169.3113646721224 108.67468867277823 1185.1382424097653
38.27692125759003 6.313022380718285 899.4635099996033
73.81132347559736 88.56137150220954 536.8500579564866
3.215304314023084 20.77225948329517 953.4773914145894
31.14163339231831 1.9457106069911436 1139.9264940921632
68.48853972483026 3.2547357339893592 1179.7247440326887
7.267548478444133 553.0752491695249 909.2182421016342
33.57122871809503 546.20751001102 1320.5395879730418
67.30284222713898 398.0504619310117 569.2000407024623
163.86685357046537 232.18654499385298 550.9233720992493
65.29843422150613 156.43136253625684 368.04360624280974
434.3744015632675 211.50620649638344 230.47013603229783
49.442166727179675 221.42794512278562 1412.2609523439696
670.0799401908489 45.96470624548799 313.2839698702685
16.945843594359957 411.9631277441914 1469.2401724517986
217.0885926151588 415.7413966381669 1360.5613565515807
6.3617623739438605 516.9636944269357 1081.4281152984697
67.36462044460319 507.78182138942344 915.384481296921
63.97163190369917 227.9043957236144 1199.5972675997423
150.97146581707446 342.94911862866456 712.5315508327839
58.12552646617304 30.051156202915408 264.25414821111434
307.12496570703604 39.55340888233984 1478.5756782070093
72.97739394547192 44.89289680507892 1124.1188610945692
0.31421038951243735 44.05367982434974 185.7679157075302
330.9633629698167 95.64762324346331 159.2422099718176
109.19477444137652 192.7741535911379 599.8264070611584
409.11568858571206 215.22981053839052 1279.879694573372
373.4576634608426 868.2170926248128 54.715375712691525
63.32029829862677 88.33053953987631 4.037403455387167
707.6065695587067 9.535723928136916 520.871294086275
162.0071004484642 225.59575167159284 1230.2664351523174
261.50139502881615 200.60563296823926 1175.2784254519456
194.45038445334666 87.1908090618029 587.5474742399929
5.377782518482777 84.77715924316131 1464.4140476499142
189.51696058190234 21.47049721412695 635.1850954107056
722.0444223596442 23.19531682163098 407.0262798706806
44.58679181741203 75.05084741898806 1483.2581818590822
0.6860003718543163 187.8220447731937 963.9787086560159
94.64282092682164 43.75208161619965 1081.5724341499867
143.34831441523673 12.904657449017746 1173.5517505953455
194.22027928122097 532.8026678177804 545.4424108211091
151.71176653337207 207.65986758746365 36.55936542787253
560.5999450008189 346.78753494491974 807.845898278715
309.31674623421463 218.53343027097546 217.0825116827131
197.21809234400425 332.65509909436287 228.12621145985995
7.876029498924095 351.75435801245925 673.6687673030715
12.295786898172341 417.04168781816264 1003.7391784687939
472.93997919223705 114.70872160029317 967.8907682419533
63.14518295207346 302.59255441392725 1086.3861938521743
333.00199060813304 42.63006318647998 518.7832828466935
30.587225925245708 20.2007937546067 636.8222541402794
174.15354004041671 15.534943891160708 1425.816495242647
119.25666484163746 1269.3122720583378 128.189031111746
129.41088922356357 87.59316985171381 932.8713823796685
171.71334671120454 341.5908694425879 615.3665606088025
82.6288951977192 162.37609728845618 1214.631630789135
115.75133842563885 28.300533659721548 1249.160061959998
360.8044393526216 323.546218942138 550.2681357930277
221.81250489085022 140.41234482264534 1090.7991500432358
280.16918218379686 113.93110201389787 384.10764573534
265.28082523415367 559.555302532559 1430.6394948925663
78.77085700575763 234.63305888271987 744.9336432027891
498.09040930069466 28.2133637360429 1335.3236128553604
257.58215428321074 307.7200236871871 783.6247537023592
131.80275198374963 21.95979737627145 98.52680418808724
145.7689696954106 651.107673041141 989.4799713614777
282.91322950515513 147.84616251880755 4.825260071871673
345.35439341513836 51.679571576103164 493.21186151596106
434.93752838456004 437.35836409351003 781.2726217870107
256.8834506440174 128.36093809398136 488.5069280453324
318.8214694103672 43.94227167550903 132.51095374361321
180.85912989926243 4.676749559697713 1475.1742374675619
23.6505924198411 59.94285530240746 566.2438762341728
4.8400444273701995 259.0352134172614 1088.6762033428708
484.0158887499953 30.0421163691225 421.21552294354433
154.73229772930472 17.251240305857145 1017.8033140660858
91.41014501596412 261.12210208298984 336.14627958196064
170.37359857386488 9.416591147347244 1040.1047000768242
131.9138086035616 55.56672935666659 1149.3593678173697
76.91183332802277 16.725575359966648 707.7352692465831
194.7780036710227 11.30282288261613 968.8299696839027
2.1041518992269714 621.3425476747001 290.86515034888157
47.60561424988463 118.39322773379143 1160.962858795142
39.25829635164793 264.83190670149355 382.0674800150563
106.67005279754511 565.1902955676481 99.90357134863265
10.322489060697379 17.771764467602935 389.0310975134463
296.6636970751476 247.29572289961678 942.0392772753125
237.5163862090621 134.40624582297497 699.3554159115398
232.0481646132913 1155.4902558914994 1015.6354973081511
45.67485446510301 198.47486386148273 638.972220222771
106.71403556346306 885.4337791288411 651.3100692521966
409.83024492790213 175.1115080395637 610.6231572445237
88.97643563597958 44.286375547651524 564.8625078450832
24.47868117256234 400.69074820820146 695.4083292866418
4.646933612817799 324.411615235312 1022.9569448444503
1.7594946596985013 42.833906972046506 48.7828814872811
400.5689291628338 327.7906208479945 215.3350147485424
180.788779946374 216.43547647361774 323.37329291155095
149.61401043118192 552.9547049494578 674.5007278021377
12.17920348889307 167.50493539941053 855.4180790543606
11.952366038971258 153.3945234424657 385.92440963961985
348.34898115979024 1.864409419218066 253.18255722262396
241.52074419626368 37.28130949189095 359.76053917228637
817.0987571563243 12.858853602318069 659.1438693105289
67.24138510721781 217.10883235053532 741.6323420847383
175.763497837515 34.41109846301546 712.4071500241209
68.56683307134152 9.67980419110797 217.02634410909545
185.31249708394506 40.50442023373343 214.116306320014
35.31157715735988 40.13021309543737 1128.2014866483387
247.75345806909948 696.0806175815999 481.33486652718307
36.38282262130081 101.64263585772895 720.8651975311548
75.05314825117166 105.69818596565264 132.12205758841523
66.64794167382482 375.3682704905613 824.3171028760925
181.09617373654265 386.41133790105874 1330.1326330026086
279.4144640481642 209.9492617161188 392.76615620563103
467.0358095134203 525.8324953649202 1367.6032842633733
700.6587142349387 170.39643334744235 442.5731880326294
272.5261473745098 40.72933761537806 89.65972806999534
27.013476821712857 266.2472307713247 872.2287091240274
132.30423059031887 182.84149421877655 804.4850777898628
5.930092550117013 737.0707774784731 413.3568227491459
4.456237687941828 241.00045612500813 1216.9520928961813
24.342108461312144 343.93332092458274 1166.436887828207
291.2577710805182 59.28472004794495 85.7069272110087
168.17141203607125 2.354663676180898 425.16472811862684
542.86225842141 132.85936531841585 114.27808532156946
633.5725579253282 40.70720018302589 345.6065583518598
168.0532513928156 192.15967871267992 305.05595654990805
113.25064287484487 8.4925136296378 182.7829681671103
104.14959345485957 24.464522719684194 574.0625722120703
3.2710496366910826 183.24154206599286 770.7237569375022
100.87222724258234 297.45453803324216 445.3885684036795
279.5550377668991 116.700242135864 374.48567592161714
288.29219682744554 142.89223879425805 645.3246790730367
144.80571252986704 143.54240582280732 22.436767347070617
602.2019318754005 48.7546080744863 495.01369158662425
605.1047032011254 118.10389860836186 1145.7063030350425
31.79616979533904 468.03043876566835 1254.4597375640521
172.10597214010878 127.30230835456852 1035.8677561555248
619.3769642768268 66.84919603890836 443.5044650624154
1.875544184926501 281.3604097352512 1091.5030271329429
89.38025603911811 185.60301056594167 701.6651896593562
30.217456865887875 226.38449166381082 842.5087077298153
150.17492136951833 611.5506621826543 1167.9692625200585
65.74588646189756 203.59431016791572 1335.3961664680014
368.7590298227102 36.08846471537052 1264.8464304637428
17.95464203545721 174.25067726775745 42.02296461060734
76.4920904865211 16.38818539574036 67.67373568245871
451.44981046403893 118.11171607039373 1190.7413294618646
293.64355501421244 159.20412756691317 503.3509484401709
89.93855509528613 290.09387542354943 1087.2194449912827
89.78705760396834 487.9729446104711 948.7996779044402
49.118854053315694 155.5787943691644 296.41771308953514
128.36041080144983 125.30912212361758 496.6730314251065
145.25058201466555 79.50790027640944 1339.0924044335577
333.5293036708164 0.1029969920160923 1269.2110535420452
97.11255306597167 210.35848930582665 314.7331623826686
124.70248220404872 11.45181483168536 1211.7551814146484
18.995126157964254 138.67944730418657 1161.489679875193
54.73439299816925 215.2546183638325 931.6926944474695
57.01012444948398 352.20250910595246 873.7760656614786
595.4064127482624 518.1176939677612 552.4402050988433
153.21461108154497 118.411648767667 557.6158528507256
40.53443849479584 587.6827917353314 311.6682354495482
487.5656813271469 43.93770077353835 937.9740275190186
204.00921296184356 251.3865393698285 666.124814872358
72.7456231400183 64.15492184893715 502.36747993361536
196.33318473507845 123.93356808309042 363.7216298829143
10.55554403532525 38.24715649380783 1034.2284685496413
129.7141756268771 345.02771135138823 486.61529706819334
460.6880049175005 333.5811181087947 1131.6141370818948
110.88004270356029 270.4484817370009 604.9714869808159
120.31217545221023 141.04303447421034 452.4922564597613
576.6433037911089 182.5548644096197 807.8637745927367
301.1836079644241 219.47546400662628 982.6914023400144
111.76950239598729 337.07260874033705 452.0968234757239
301.9093639938452 182.76827614213218 1417.3691058902073
65.11186312887074 165.5815048891123 113.05863584771913
72.88188400598366 216.79082512835842 536.2201507774378
352.4986144642972 123.17689701483856 456.8999574304211
6.985994978178682 258.6602004309172 651.8768962055588
151.06669050377525 87.4503480003115 1050.672831864827
215.12343229324475 328.23785795720255 381.17219903131934
427.2971228755496 49.78381237817025 960.5796587105154
343.19321705723405 62.21410193197111 282.6833016178858
92.19125856804813 81.04778882842247 485.27998118103864
34.72214717201061 208.89029859213122 218.3501883650192
64.65944611077778 78.91680471838183 1410.9552282585014
77.36060956197908 73.63801594392694 908.5808549392821
344.47523837737816 536.7793071042014 150.48646000500653
87.02468884517198 134.99201536113117 788.8129872392476
171.31628782119068 41.08511744560247 1085.7491541418465
21.230060881959957 244.83355791764998 149.13978677054857
163.3861118086976 990.065409527156 1305.4131320449846
134.27089797052545 1.9022039573901373 1117.2077161888976
312.75536204998 418.7568914616792 507.9228292843371
337.95227262091606 67.1228446849281 767.5151401052616
318.64315423688737 130.48229238992516 1141.6698827135963
356.4822391981214 331.10717627449753 104.01319767166855
37.20858742893821 210.173422119287 1469.3400968524957
27.646059040372567 89.23557828454943 1394.6860038795317
251.3395389189628 251.38486407865975 462.22709000585644
373.84852009589673 157.71434806325385 257.67582796413603
167.06669213279793 67.94935153907701 530.4788340467576
110.32500125444007 338.58193125648467 1252.489056469458
56.5886784935324 478.46640935651294 1306.840917077855
219.0512234706871 75.33742075105818 190.2118008388598
7.243561129844957 133.18963939612848 1244.8949546271535
311.9190002827537 1046.4391487802104 41.747160586342034
143.08242740786724 153.25705110435587 21.481733269340218
85.46673865047515 16.787932469608226 58.49845433387896
170.1721902936774 302.831993094669 1018.434003918616
746.0336826557116 235.8366032172069 554.3102714285806
48.23118634597495 697.1919171893207 825.559071105826
276.3508918019086 2.082022649368635 1290.676129488644
44.01170191792131 242.76508144456744 458.38279746426076
220.4704587997785 194.49049948989955 52.96458937577947
63.2327442128348 146.01880089380234 862.1864737378218
26.247615228213427 191.22904429742235 78.43646637194496
384.07284744606676 313.50613457892774 1204.5019371748124
185.80122011518156 94.71257565191358 635.6549028679599
299.30188186341707 518.5623954452784 379.2754827223516
6.402932693689928 268.56866418821875 564.2757630545418
54.12367945747475 667.2961810086925 1154.8657159696002
22.61914955492059 25.84018961448496 350.05058340688674
376.9295749959088 12.653204068765945 1301.324796251313
312.03182784253517 78.35559518130705 123.2384109661605
38.219396909796934 85.33113700664464 685.4056859073453
38.15041484425991 255.66345356179738 691.9430619976191
164.2335801557111 246.4872140412141 695.1664421857474
334.88970210190416 11.790442325036919 387.0306581771575
151.8327652566309 212.79652887346163 510.41410155173406
5.278729939523471 65.76889214767793 1008.7988811690567
85.36421629480755 60.876857872240585 635.2677858478435
4.726423854425352 194.73173190873143 1341.5466150519853
76.63784714355315 14.676124503400938 1152.866661655121
221.3003521259 91.72693361757351 784.7303710255435
34.10840646686722 149.41489506075018 818.8875773544497
138.08029512726714 0.15284882587205656 91.59770304622955
179.27104843330542 160.30509534963218 72.77356922661421
85.13932800013525 74.47440438322656 515.280297688424
336.51915480857207 317.08878096221673 1077.8969146056763
124.44192837627877 172.41413534141586 54.69865354947323
312.36956449495824 126.40511296372028 1395.195675656704
147.98266481184862 6.674236294476053 1016.0577176781206
690.8688795602557 0.18078993631071077 497.7648367129147
196.62092109628327 291.7491175866229 495.3239255856482
50.299341928234654 697.4642580918489 853.173343347493
26.802832415209256 183.69597033052608 1079.3327629145044
250.92473587077882 121.38324970427774 367.5774208593691
114.09383829379274 13.742157992783804 1163.915977578239
689.540063964751 23.444558215059875 136.14203861358754
287.34710672322376 7.878858469764253 1347.9682502883038
2.174949691560325 778.1982629586787 200.36844169786139
147.23069316431315 91.3226779658339 589.1819648509234
77.42918245366927 10.061670969693992 1229.6989390357085
49.77243435156284 147.62954898281092 1219.3829139983939
197.5571074003294 214.16963008596696 877.4884927435222
404.01482519949406 88.20414637080535 256.9530907366275
42.83130499758225 45.716218224691566 1147.041505122321
506.8680663806261 517.9638510529307 326.90990712253716
226.99035295926518 962.8167957510879 576.8656037402015
569.6933500758122 76.74113458278121 1101.916405543509
8.212091583332713 193.81444839505804 890.0819921938817
2.505958602329243 28.166092293175332 727.8194737616471
25.715379766314605 275.4063369327387 205.62564249460468
125.21985210890074 250.62979723102535 129.13891337234085
60.72668611283463 61.46808227857918 1252.6922105559374
195.0069573332201 845.7480952192361 1337.2300781138588
59.907619720172164 246.5607909599608 1328.2079312279816
125.68776351193272 80.75255972323274 472.5349343242688
47.624311087156556 90.40865227854358 709.2711892462037
30.24557462291837 12.54099873028629 431.91769917517786
38.17449393820873 365.3205407341965 92.75790722395588
211.892257227207 127.3802965295143 240.7022552509313
381.89439107434333 93.1064221215328 422.16225650215586
87.82057796233046 69.67943554153999 1246.422782148877
67.01232835733228 79.3516373527363 40.65528148462083
43.953272015217706 708.988653326314 618.1849802138727
84.98423344482816 202.5368806979246 701.551304763402
200.453864515347 422.76111304224537 576.7527989003086
136.71980453316007 66.57464171633116 1019.4399226857485
27.092356648079562 14.982827929121779 583.0915727320464
71.07420560032558 266.8789671725528 517.1346350486208
162.60905852648239 255.75857921000923 1372.7763451267194
69.3576308095599 17.317858808787896 541.6483608215003
308.8805877760219 994.8832234792408 535.8809180238554
74.62717251417396 142.93891528742634 924.1099256459366
44.07907261580786 428.7740284777721 1087.7408540080307
186.2114303710628 592.5414057903062 1147.3463102527733
92.15902314357544 153.67618720218314 953.7469905335649
244.67321058942866 154.0333554095355 308.02482817399
35.171730595029366 11.998192059179525 1254.6815911784558
430.52450755611966 522.7679893872859 1359.8062094815193
160.51000428339248 162.8253393495817 157.51355946493533
603.0476649732133 145.69664118076065 945.0131100203039
29.54019565494322 295.11986632610405 53.08604878672219
384.36163894327103 292.4436864411317 329.1323103021742
485.9719663919478 385.74555465443615 373.909853662546
189.9389062162545 111.04376406212302 1409.1238919221205
699.2212485635766 167.7340794523998 1387.0606304349571
178.52060830342543 140.91191604706955 1390.6455592696173
217.98519279085076 190.09141309278868 740.0235674295291
250.7580845997551 15.73797399123863 814.3474716877878
409.35732085124624 32.18735420036807 286.2250033966213
358.6366587021134 46.983429718767454 1315.7283801750787
9.675193465702034 731.8790212750431 1105.3157238558936
367.2355548486532 368.67580864974985 390.47794803475193
707.4354700371276 123.9226314069629 1133.2346032370804
35.24034726840521 41.89872689927403 558.0024865653174
110.94802285186123 221.83613874204232 428.18016527056506
63.0756087166757 65.34431712269924 195.69863043078539
319.5705665853662 56.762797517161225 1140.3604932664277
525.1440796167793 460.4137318471435 1405.621442453643
353.286444477762 281.64352330739496 953.1568352833261
203.05684165932698 37.54592874502689 852.8531372751537
119.22511365752528 303.8379211723055 24.8276669245015
27.386120492759275 231.76287248177263 1069.5533524714278
73.29646457902311 179.60005479062474 204.30364348144204
4.807617515934259 72.64482319794735 385.8631904258597
268.92192314495736 153.2440026383854 121.70465516726308
231.20537564429657 60.02868526445425 720.0570599798511
268.75029506922033 734.3639916265712 127.03989722332027
155.69277904288975 53.23148963560427 437.0017843331692
98.13165704065102 204.1925189460331 1083.1783948278824
4.880383423353749 465.50313343364246 1482.2724836248578
359.8812615597557 93.50302117575082 1471.9889564965576
219.8551127745242 476.6427617063666 1478.6868319137911
37.00888352557375 10.274514990802048 834.0103116168871
171.79697576627362 6.563163509667314 1361.3805552920733
955.5642917813616 19.4064139518852 1110.199835326767
122.27478513722076 15.5835346403525 783.5709369089133
53.60906850803705 154.9092108753952 907.0196608618417
123.77244917204987 81.59968051522551 1484.3615644201075
7.524099742418267 31.08134987457099 136.03202688554526
94.51517998024393 346.4449426680425 473.104931804909
204.64957167952838 66.14643499978217 1470.8225233254038
33.38530891144495 232.22826036758275 974.3046646058823
99.48242066890536 41.72151345733121 1200.3723765559603
198.54318033729342 465.29211280391723 807.8993923097879
104.07390893593787 160.80030491660696 1455.3452095496077
179.63119003014637 123.30776090078375 1244.2266014268885
497.30460855217143 490.4464577923468 195.9722678141943
87.20230203429128 146.87163483549267 800.6837175148145
132.99787286034982 65.99728351502971 175.1736340399318
451.27344089124034 259.9801517141663 231.09287575753274
204.39884635447737 144.76737782480805 281.49010657683675
52.893768080772986 197.3754060881684 1118.832794517251
159.49533419393836 531.0757218567281 47.4669044558419
239.04355154205047 6.553762494319468 916.5188405540983
49.103709545092 423.9579781883252 251.00144791617745
238.06235456920524 136.75077531595414 817.9175567205547
67.66567730271773 119.01063493793424 894.5584280944985
224.56971537248785 213.4909883994067 1177.5444542434338
1.5722281428157272 401.7123172214718 1388.4352959351531
135.10269020165424 1.3705359622352749 935.3089277004221
530.4963506427171 424.84761262134396 1345.3316728532834
394.8265532256521 46.90423089073057 921.7706624385977
173.49739348426598 822.1235235782517 903.4465163339886
236.01783580147475 625.1335839663233 1446.3083038708746
186.73544552453353 114.53433491809373 1287.298509812031
429.99154310788043 38.73521943105216 1487.2296523418308
185.8961583502837 91.24773453759344 1396.382224666709
114.91600275774074 127.19157489692738 557.7040702849387
59.15506840371844 335.40110492565924 593.1722724394808
157.87798082934472 338.31338376437446 1244.2712775038383
429.5950913623356 669.7274867983328 1082.6853540039247
393.98850010922126 168.37677440022455 1307.836500833746
272.27416982847245 153.82578939545405 968.7278413971561
565.4713144302752 3.1500792586402713 887.5858253319441
8.91681253443532 468.873746753536 611.3141152719835
166.94880711016694 624.129252834546 1153.2433089871067
276.0456506844378 165.3624144035995 21.547896430561984
158.3455861415097 10.933634566197707 953.838829943054
133.8374824946374 319.5746510355136 1321.8823346104523
19.922633407277658 299.32499528008617 1297.7105832940701
106.39154887310409 38.21519657251243 492.63094310921065
389.74336214891144 403.5926105636313 573.8399460817582
120.62308361210448 401.7702048287709 1198.470916640694
42.38067626983728 148.01207564130934 137.37796520058043
188.20561633659304 408.5384414110376 35.70757035069255
177.04345231558924 341.1466345828086 398.4769448209084
401.5170196090804 155.22478281699256 1308.3490072669038
480.8874311853573 107.03428093270435 1397.4675598392184
406.2096004780633 131.15429814950076 1333.807515996997
278.09700047290653 283.2822460877728 1405.9694948994913
25.26664219774129 25.887891030524436 16.825146458040674
592.4119214943419 141.05678699216207 1035.9459335514634
15.659378297466663 86.76536288664171 205.3078189980244
357.4797059445964 902.3946245207943 455.9887444332526
111.95668256106191 117.05529482890324 1.3204384755829968
509.02496470798206 7.571297113636515 446.9579984367841
121.52966167815616 314.7738034005407 596.2880818097001
650.3585608787719 377.3510668899211 374.07609295498577
78.11070365672649 101.23370491760288 496.2779805734185
258.9365669544531 453.6661706687394 24.557776107631767
4.221939921997847 390.70120968487146 37.29750617517541
269.63164415390344 162.25276441737054 1112.5076792446011
13.490372537786351 106.82523442197527 995.7679755164544
254.85614707903403 26.50825458865638 1164.6704585037626
319.8380116634835 233.37659385126096 846.1589079579387
724.7874565694834 399.7742713425506 1191.7599404484738
92.22588682651582 59.32740543009335 222.27938930113507
86.43375150441608 320.0166780878013 1176.2428832490211
189.13171871871094 88.27201016409504 615.785860721495
71.66119504948128 387.492346347261 1123.997459440053
83.37622335250327 283.7798948190327 1283.9095375229456
97.99725465092727 86.58065531139566 716.3468952115151
85.95394906154756 88.90762008460379 280.6323669818268
180.75510802239953 112.80588100461522 512.7893858519489
364.4756713130219 806.0060479183271 1248.7870870540532
67.9761623182696 92.01834449217439 889.3069695603838
25.77734488275168 155.9672468365919 175.6519947287225
338.8594984868149 85.54493591265107 1029.0422563009743
83.7966045675023 86.39802361435454 179.1310704739899
135.21077839387442 201.43394314372415 63.062726989792765
170.30982121727956 161.67559781329734 58.66520351747501
17.702972542061403 159.64620421018247 786.7287617295423
184.7709228899506 239.5445130192375 20.85628259079597
4.749353424249 11.641398968664287 1470.231340242362
1.020655859733938 341.0498318511113 1162.6726754258664
72.3279268481005 75.88129479653138 434.25944132404953
50.520999309380024 232.19055352293933 403.3505388966164
31.47712804031782 62.9720901280049 1101.2761379515614
208.4399296329507 472.5151156234107 507.08173471952733
168.17697011193758 137.54042878519337 295.58525934151294
4.859404927006698 107.87316750221727 1173.2739130032492
588.0844060257585 390.75041748258747 924.79687605731
55.35719274541068 57.12364251703808 466.422155383176
1.1038244453418615 59.004215818267994 804.7291842267493
186.44913075960102 106.93267336947501 957.1655023727402
45.421412468660314 48.07678713807664 1303.4266816131
49.05928733509794 234.96157455659574 1063.6858840129544
427.16322350463287 11.715143329211795 313.2658430934964
318.0303720871201 219.5765030037888 10.487500111292903
100.04619238735539 64.60734983879996 493.5002530488182
85.30875167910631 300.2594624357187 167.5032205211213
84.05866945015497 398.0001393805715 805.5937151735168
366.0215292805155 166.5511980254035 59.469609765590626
85.65331886289498 428.67354850868793 1357.9625071121582
152.34438848789046 86.87494229750338 856.2630267967221
399.0189876705634 42.272632489557736 1239.1463775440932
0.8047758616116497 203.89547517019122 896.635196866475
100.18781106666643 102.03416005694916 695.3180464961273
46.03520696788673 145.16427630058513 28.721381042148273
480.4917924525312 85.47055686908999 1228.2977474826382
160.11913514582733 383.1998911980842 445.9618036523984
46.10828474530796 707.2826800476846 10.413941150661243
262.20683521645964 9.703758180386572 1364.8678902299346
25.106520148813892 760.9116494173094 1030.4275016298272
30.3477971025972 151.51319292233097 569.6833597481287
137.4959743611953 79.47848105102362 667.2921938026719
409.91645245983835 47.550639620156474 410.96288420596613
35.59466347606754 207.7043935322869 951.6544312735454
55.0833267704288 269.63019454029217 537.6888834089098
71.9166450660441 336.2150594407651 115.56948103545223
350.46856552580755 38.292835811483606 1042.4002195579837
158.16066049190704 238.3271868026898 1199.7584512224662
165.80752321352477 95.85514743835502 334.52507850238123
245.98424051404933 254.43389125008048 984.4251542641238
422.08757639930604 316.9863377422172 332.27555029244996
216.49749069236583 128.4300755501277 858.9881324574553
282.5221960087786 29.20949368646193 367.50211926117356
80.43881703167814 202.90394445331518 261.47605202588244
246.2666662563003 108.56604313380795 1486.8699624168312
29.045229440810765 43.6003066438902 1377.6438923500405
309.65909357305054 207.82544991244615 1468.8832183729794
199.92917739674175 45.411375052142624 1426.0477455038474
461.28812354225016 611.2386426340518 18.53572721209623
85.6291243515969 60.378454553117514 835.7590965698091
513.2468720114947 328.0281720661141 1049.0052153541933
151.70710196277912 159.68814167733169 455.8164266701972
120.87261366044937 231.29199273777766 656.8209007039284
329.9659527822773 35.38349097483994 1128.1973097567322
368.5732030327963 36.75281393926225 125.0111262716494
85.00704043708012 292.72218963339736 127.09558440668201
563.4562561716417 75.06886090225032 1422.0528648311613
606.9317611953484 115.84432099730381 1164.3893941089955
52.45467697306757 148.46667752669282 427.02891209050114
327.118014801615 136.1637850936399 1226.4662221988604
256.70483272995426 137.20165716530235 1101.650981772092
117.36281529953717 670.5756664595989 796.9828307747918
226.18966135504257 183.8975463549298 630.5698101027199
65.29541503105615 219.74108363422337 1259.6256025013142
295.34936412063666 80.24106377140431 1383.0069008345613
282.1613810811436 672.8237775932896 941.9526510992778
70.75965318521355 152.44705709836336 266.1111622134326
127.38574837894487 82.24549808783809 1168.8856221637632
139.82779344860498 191.35412650495297 1365.1542802645663
50.857774048071114 403.19150994269233 86.95261294951884
310.98365170763935 736.5285341066219 380.7082164006765
305.6945063424612 309.90549302972835 608.6687055317263
90.52000244420944 203.1154341654456 1294.0071403730462
181.6923374536024 780.2059010132905 1181.367011391802
117.2245558577225 43.38636754590939 840.0564309804811
507.39582496658085 470.04499185603595 132.3376329224294
68.44218093103885 88.17138682324077 1346.8252002957156
323.913194585081 86.29852664326955 1100.296641500974
97.6814003855675 81.32978320278772 523.7229049207608
23.889487096942897 107.94210911945028 260.61556359176495
539.2718215908046 46.40206183375968 1149.986533312396
380.16504038151385 476.2957006487971 1405.2588841573115
7.745042295575337 93.00269744293847 1251.131186084618
555.051192123667 117.0808452208071 1058.573556928823
300.6326705553949 400.05766184927694 22.26341540447002
49.61634839998064 73.30668310080299 1145.507261755486
714.38092933134 20.86375049355885 1375.3749754076862
392.8776718711346 294.7352377582913 1150.469906240856
127.15540853784442 76.0323349556621 521.134813326504
106.56599934252344 0.22939016101749835 156.40599474960715
158.4535473167501 135.60024512403706 389.3381393724813
5.773874500114717 1.3576427191664917 921.4005753062036
230.0944756877521 121.5390227671385 1360.9121704680424
253.51673746314071 6.753700756533256 1034.7615131388593
31.760329714339246 280.4346212137999 173.6292148449073
474.9605371817004 594.9139106666161 1201.3030996136406
73.70489625884976 62.9797091532972 831.7568949373947
492.23955255710064 45.772538111949174 947.6670652825317
160.75795816487408 485.62415219896593 71.16713413345389
37.79036493709693 250.88573694143022 299.6063525569766
66.14607660797537 73.22711002526825 833.5203551772393
594.6259902706428 96.60871068371893 356.81458395281624
902.4142354887294 80.70195619743326 400.83461778800734
339.09516910862357 7.94379065994575 1347.5717215905995
28.994839207103553 204.67434155878928 204.20358060087813
283.79013354373484 477.7352403446735 291.72859405186915
308.59413261168964 181.57814735167523 1452.2628330834698
26.397537503953135 189.39618250876703 605.1743604993743
84.37777157904097 15.659770524255043 280.6435307649862
230.3846809718119 192.63897850271704 665.3957528841717
264.9873756711412 74.81622869622669 982.2762921193879
88.39462412994436 81.2159861910673 495.421854258432
12.645998093176605 0.6362464752224966 964.2932447218349
148.06394968676886 651.9407078547692 510.77893723192085
91.22066066407983 156.68573847161088 1050.7224702776061
261.3276427948294 181.50851246967855 1025.2998241145726
10.347937609874243 59.928281670418734 422.8566612656754
243.46143663279315 328.53674455175275 271.1862328518706
58.59204888687559 459.03791457044997 199.15219896562846
86.47407828986478 361.9638721495492 906.9066073862683
223.7129528060617 139.14598056227044 215.39992783060347
284.56853094955494 47.08230221701882 1371.758334436084
293.81466537469254 92.54514762468992 1426.5701915741413
11.683926551405685 797.031716087291 460.5124572589118
70.58320723836319 62.53520579676385 693.8112061362691
23.824991917053996 286.5026433515084 1202.007083969088
172.14067807919403 84.09902072799152 231.86143527935005
6.430865272343446 52.06909743373127 416.0464678898503
562.5307673805336 618.5246031141065 958.3058575837113
3.450396799462668 60.329926886694516 1128.885756611254
115.19575954664687 52.00080487253478 1490.0725447370417
95.1053781332561 92.6643652380017 1372.5476649877157
299.85451848348316 4.709139553534733 1099.9001283560403
107.81301109581274 169.63700671243564 1406.5867127718716
43.85927765244241 33.88541684990165 22.618798354797796
172.22743954213112 0.5183874647126949 1367.9792630867494
117.14385843583463 110.81679816391956 375.45771938526497
21.418020702680977 76.04165645781661 1035.011780887587
376.22291215839084 162.3285027669218 150.94669725336303
196.72911438462694 261.63070223968424 1389.300857384312
219.61634695596172 200.88452221182814 667.0580578140889
159.65492298471355 141.48156287283965 479.7287964295778
45.980262550705476 108.17518716451839 1294.3589009266118
45.158697741697345 28.55919805274735 1114.1079291747699
455.82146337616126 15.316240715029918 293.0600121163625
140.04768269710232 433.24682117661297 1173.5624338850848
33.86940807786723 7.003460542094454 225.46326322194722
338.16442775946143 232.02426830677925 158.84183206381473
458.29678813178987 88.59029075744017 455.3460524008489
161.85425479513452 703.9495336819793 497.56044698477893
73.64262131044768 28.353107489316226 1154.9854693251182
111.21827262200365 96.95273609397043 1240.1850350391292
237.66858483316372 67.10233654558195 1076.764761887687
738.1196998585143 90.59612476819449 728.9799952342769
20.01912655304987 89.49273021985007 836.9648543103685
393.32998043878604 54.92371448023625 1163.7071306310804
7.928302643697652 61.447238142831765 605.3551086777063
53.37322265447988 248.64736738752518 354.3278914122942
580.7828757847374 440.793657655306 910.2546549124067
264.9629522723451 95.47594493006945 1346.7120562502791
107.0725473293929 228.18533832596225 1472.8181703232344
192.1059568170011 432.19290745377566 449.44297087400753
490.7693900034671 161.36547443665253 937.797279740235
458.103397010002 239.47946877185205 632.1804771180127
361.1565662586825 50.713013929765516 829.518507211115
186.4904847427369 231.1545284640802 1145.2388981666547
37.03791649569953 63.46137357062717 1066.9875807006138
32.08859593873943 32.81401950683199 825.0991667524481
158.82305728042385 611.1072583134049 656.1416041832675
55.60903002004156 539.5795325783924 706.8350630969574
200.94521603111826 152.84483840316892 48.042758376187265
27.01674934945354 87.32391434454058 562.0372160664289
439.0140565790258 234.67908564075088 921.5895250170518
210.90538089123135 56.17991901850616 965.9237781304099
220.58082755204694 186.57440982643388 1072.07779373583
106.58538518683712 125.71068869639544 1217.9901546289025
85.22185461745224 294.9404330310656 867.3641092818992
416.96434902185644 20.136872308568698 218.6458377624203
246.00532754227865 261.3717410275063 361.1769952467718
98.1835616060492 215.91164050387542 226.01240698812015
7.1013595410656185 266.8695727494049 600.9710701681132
96.81928664414056 153.27356996689485 771.2081969980546
87.4654507744612 1093.025826767919 893.3891623355693
24.084338962935224 781.249160229853 805.5629814454087
94.34527830163442 46.34327288051119 779.1483953806974
339.4409221052471 224.15492219852288 519.1648141145594
161.72054489963045 50.13858180099344 297.0197491546178
230.82944227735092 213.72054909085136 327.3850551482773
7.92203826261059 29.131699225826523 1455.3837029427284
142.8534239750407 62.31718379966653 29.802887432717974
14.652284791222742 79.75043744121203 750.909567294262
226.667508948657 439.2116199714034 825.0438272914016
169.9009866704161 312.42935947707895 1467.0920487520807
38.14742676117825 70.29037861603332 70.0191613716623
36.21761298940655 134.2071890862191 1406.6401208409059
79.75840504745655 166.058668839388 1349.8702282235606
110.11682233415576 478.14526932666803 1380.608705132349
149.32852095957213 15.754789314718948 63.03848526366579
252.92165554655003 90.03133258203736 662.0137878864109
2.582893736365711 41.49518562520325 1162.2941019763582
106.78048805362408 136.0633347658874 362.31396829237997
79.74547804773599 36.98306212297218 880.1947823538778
216.41401502001946 803.6795841788997 990.4827288998105
3.4954212995059084 256.7661292403948 279.4281990719254
207.4700127881283 127.79523457026202 1194.2753554614742
26.4778555377077 137.05789263290666 282.6854244011235
150.27327594133558 261.9947609269563 358.57047877145095
33.14080140383561 41.646766801756726 260.26198218155025
332.415081013115 305.08644218679217 657.5538720560786
327.52971931649597 70.11058005773133 406.96526930791055
175.86339157128862 151.45821933302182 135.32412414341917
35.46125037920498 391.24156229922625 1026.844547817617
91.75715388998147 135.410573692672 782.3232246382312
80.90854916082029 43.309479701175505 192.09650804963547
6.923524472709334 799.2299383835966 494.99898458647834
149.65657160481868 239.04382047982446 4.291544655682989
86.7775724722419 54.973815947077455 86.65368262933826
712.83337483418 24.981835966924876 629.3484610550653
626.4591712744718 56.84934945214181 649.5289962105637
130.3695133620566 133.0637903420185 349.4386478970172
21.82479763195989 45.750362619860496 848.8601269815651
113.61264167189515 291.98945910247807 34.619179755924655
36.26718744373886 217.07077278429398 313.18183927918733
140.90744268411305 115.85526346444324 466.1797401352857
181.9936461614284 167.81089022177574 818.3402659026391
49.75775109034323 97.019254509596 462.04035370073586
45.752706186123824 331.22013147185993 903.0147692499223
902.3169058726502 15.815152663689014 988.8237289944955
189.49484394223225 350.70144485773966 215.34413611856985
644.1017983788736 34.833790965652526 1343.6408971024894
743.9986193288796 74.91481007824311 286.3917270390565
125.03362351860257 337.982970315646 875.2035365970554
7.695848733263583 547.4320881199103 1021.0499586347141
12.880930953506638 58.34894031112684 542.1515248591782
355.4308244456421 99.59256762352928 500.0172665278334
58.6747948659095 81.27677575287335 1026.376320667823
107.06799260590793 259.5053092581739 709.0063972292745
108.31867331076594 7.574799272590484 415.78567358935504
536.7471916824688 29.703518524257017 335.25011234367855
46.96007327933399 212.78242850747998 1224.6209673900585
176.96519039008737 57.975684787497094 65.46744189120312
93.79357122960796 210.80035497797152 679.0991194667802
362.19640985380937 62.54125085915931 1265.5925611468674
119.19926288775649 281.65792810814156 830.7936517336797
93.7772568374866 107.58800415510579 568.0957153669137
50.11543863467593 78.0299249393765 997.953001828815
89.91111871104906 485.6428576834899 853.4544439154257
272.6877006859446 2.3020208960123116 1449.76076368567
226.8670736684748 162.79714533831603 589.1198424110025
195.42776218705137 6.4816508250721565 343.8471619302407
828.8160749492287 75.43265457642417 859.8125674731449
24.89002933701859 1591.2518933485026 38.51977296487552
57.76165544673173 249.4817614301533 161.28713542415346
224.8507461693362 337.14787223346923 368.0687026008418
19.672442591242138 232.31246279814863 146.69538140586718
303.5897834105603 341.27913692910965 617.1993144018427
1209.966114573151 242.8046922233765 970.9969306873621
99.00452028108468 43.89257138134823 1117.4481241603287
173.25718653886227 139.31722471052245 1276.147067505348
330.0238358407294 103.4813213758112 1090.644880707251
70.65602090234417 56.99920229819082 1462.1677414511983
83.3804286588994 97.31079332607004 1221.9982366284864
143.65261095801063 100.60275159521998 602.7236399539414
598.327190761179 52.17087490963252 190.24490733885324
143.2978312321926 291.50566443309646 1108.477290924818
111.17515082827968 190.0557352589825 1217.216404560882
8.45219710141967 178.57795324629686 283.80991937821784
331.28395038564514 6.466425574247863 476.6140521154642
115.39129031310547 152.72392896474844 895.0551304660431
45.63123273150219 181.05459847465016 884.8709495564864
84.91106232104296 309.19618876415154 442.5613384870618
84.84431090114451 258.60223809960854 760.0956308454726
55.21134835781637 95.5424132170473 1169.9138526381385
33.16068179349755 112.60201060832402 139.70309224486428
42.828541927171095 28.326614172102754 908.3712027622779
379.3048701831965 195.72840736465008 1119.3277027973008
146.427497851773 118.13896547768519 1325.4240457638818
214.3448753497397 25.417071205591007 786.6748160782241
104.35681041706788 78.4896046008002 988.0265505112658
200.50839335076932 177.69816807412735 791.1414572653073
122.47222202397394 261.0089826665636 1009.0974910024805
244.73228765796358 145.12558983704645 1271.3643508312514
436.87136139382153 90.98562226839235 1368.5663575798642
122.8876277025507 302.54180745728536 463.8123541259801
52.6347064899913 136.43258484083114 143.41611206746757
455.5173755191973 170.31745841341805 1304.1128242354407
105.46351864460273 27.434337196393926 1016.2719599625825
31.829377147331567 300.79023315120025 164.24832142737966
227.00177285203452 1.5070961513730903 803.2059483133911
92.86805031727056 87.58127997502172 1293.3494301113853
108.16197047138749 194.63814421818648 914.0560872063364
761.1794789608533 333.58278064647686 78.31029313112481
92.60377172698833 343.1709007578304 617.0230722945586
13.601845956849006 13.704498673678046 640.8590187290231
60.558008036961816 64.01583783393137 35.25531051681008
249.08529833233612 187.5192475426751 237.53723721260556
113.17517015327358 217.58764504771588 609.0327676674558
45.82455092588295 170.7795317000796 434.85419941865104
614.40460984687 153.84791473101717 1029.3440321231576
981.3503648823734 346.53725924173517 649.2370843116166
20.577826205991297 114.00228497832501 805.4630936097625
381.35381399404736 153.5079511019096 1348.4134022428816
59.47030478610683 332.02622645989004 1216.006675854577
167.85089280751166 89.82987544344616 931.5885939281761
201.2873782208361 202.5335130348434 954.7518790808084
37.598693210964825 321.468299888726 232.8412582641716
145.9630009544019 42.27106231794917 981.6872516149851
480.0059364201328 577.8837606324762 191.0828998717477
482.15468532945584 344.3646616936809 1044.238220502328
279.08969361130727 266.09591315386564 993.7904585030644
153.60691403828076 128.62493063980898 565.1307679270557
144.29079345592874 234.88201376199243 542.8911109608099
132.60395377578803 488.4419408664346 138.94299277068174
569.3778608200237 6.644570635626207 882.5460080309729
31.622712116891428 75.0508308861094 80.68286845237994
75.3921731326418 11.812816727148086 24.668549360929216
185.675352907958 189.49769667440216 1277.3565222905575
0.12365819339838394 488.5796707845936 984.1705194869488
213.27194515753257 218.10032832307996 907.677213412567
249.92140432093507 31.299892970733627 281.3026963469367
803.3129181390065 12.146786244522884 1273.513620509139
53.11889479249996 416.95808552386524 1322.1709558237778
875.766985310669 326.2463758719247 429.0833378469839
77.37514194166985 63.44208156744177 314.79355507424924
81.19537928163165 195.34612445347378 1009.1652703581201
91.1284820903402 125.82347283232158 546.2540826580725
162.70220140362574 265.78252703625805 799.0142180927483
168.87132366675175 98.02777058179848 211.9001403731321
467.93593280654295 198.79438931480405 331.7677064288639
11.897089338125218 30.84767006778645 1313.7695817683425
449.24703710311036 189.38447539666421 75.37895587402504
173.02947714874938 129.19145870992838 82.17108638851423
113.42219932844706 135.6742083259524 812.6122872893809
227.42965418941822 281.6681277862034 1400.6467202039007
483.0742701129236 28.079365056571078 1382.4560125104238
236.5807229824108 198.19853782980314 915.8484872131746
82.54865574572408 42.867316759206034 916.8471586669322
239.7251652962339 8.8482282485047 1096.533857507118
37.69758727033899 59.68474071575201 968.2394621265707
117.50218911144536 53.91749180865942 1314.6578072133261
61.106151387814 408.1553483854274 861.5257971221093
245.82824516541714 134.43627672631223 773.8747460573886
597.3164379087777 17.244982318010475 1412.008566212787
720.447573759376 415.1046791991201 1484.4701848538946
13.067890011828531 97.11853870192093 82.77260291372806
318.55104992183044 379.1139042428506 109.60656113777183
191.68867085167486 279.8610407841154 1132.5421397414564
180.73152692859367 97.81700883883 1286.6909870341929
105.99775181901383 426.91788038594296 289.0260639260716
263.2557339294992 36.681005531231946 862.1700909758989
407.82020014129364 561.7436232247552 424.23627802384704
453.8676128659672 124.72803909156025 621.2714456986084
315.65882264836824 31.226320485787333 83.99070116695017
65.16054477190278 232.78370637985228 415.7732424645705
329.19956439875693 141.69168305944265 812.1538647550042
772.057887635552 61.545490281800866 874.5690448551888
59.38264715803866 323.4218335240111 648.459320377487
175.28219126535558 199.6251531663194 938.9862429881643
92.32809624777742 16.08680450472042 710.6962720639838
198.0733952246211 200.28198088052278 46.118892258875555
57.961798099403275 24.3977636385977 824.2847609199649
263.55718619115214 20.494838758673556 98.02640631524545
103.91192480698818 9.692347216761727 938.5239460136823
114.12894835509557 58.710089265173856 1064.3915377785322
103.16014773558668 376.5951134778557 694.1533621808832
75.70328358020447 50.77478784132461 1435.0891636754234
1697.9007594698082 112.06233875316978 1167.7386294138294
103.40901229707842 263.3569416734519 386.1736574356832
25.439521969074764 156.99357797078744 111.0488330856178
430.6243466371418 612.604680374703 652.012780991067
68.85124279276613 80.67721086248807 1259.1526527639976
22.070500840495484 16.52985638389287 100.01661849249294
623.5871539928035 6.770816839999169 333.92166174640596
650.0615774344033 96.58222879105097 1183.8331166518474
256.6572003101824 102.35690116557062 787.009544805129
23.902573436301015 208.4486548918042 1201.3186911234961
55.24709091173797 154.35753338056682 1471.445983263577
172.86014493344106 105.79396911488656 92.09378735927798
455.6178691074951 3.9389794735930224 271.1645345732241
197.90749446527823 275.1919042379175 552.4353258632076
328.2991175583455 308.49574635707376 902.6408720252791
100.47771831890738 85.40996741415555 253.12474651212707
104.51975176914294 82.89290697436427 889.251892422647
27.367093454369652 560.2893987335154 850.3234849470551
43.92115905412125 29.731843797377362 939.963511906281
28.662640790804772 80.69145216554273 1421.47524072978
35.714239259657674 176.15335694558692 994.3688100493009
178.95553870913827 120.21373869805694 1181.1032950415124
51.941294225831356 71.35831500613416 505.19205448221345
432.2060111213762 99.50212349390989 259.38545081257655
278.51164414466933 141.95499016934434 31.837552125023205
494.1265482809786 84.08578180216074 826.3079306075078
6.976248972266388 113.89372630008587 787.6965179173668
65.02343857389961 109.65166382814353 1191.05718392098
310.9805377395251 93.31766542912109 706.8772185410808
74.97444074946802 241.47894076549377 1422.79625302014
27.246995153924818 635.9741504397421 520.0125095666186
401.5587590316757 40.08962697728085 94.21915534976183
83.32479027921183 239.76493203219232 499.20894668371733
63.64296413511249 29.346988991996852 325.2618425419857
165.60673551277205 195.7577290316659 172.5369434574642
161.9807839122646 872.2373520687072 113.88782292275424
168.19057028370688 24.6385474936577 1216.8176946802587
21.131054618952465 311.78711115832846 1449.6409774156393
145.5485370865726 279.5255381356411 694.7806109726115
302.90768553654146 328.7538468056051 352.4109211576953
205.03297185759703 325.73925287788893 204.15214547530374
82.29706764241406 50.67552006999222 1086.612599050537
267.0813731292536 235.85162983194604 496.5760761482361
214.7259867856723 169.32308589344592 986.3081584256988
108.28785163676349 310.9604489291785 1244.3629369138089
819.1499256383546 129.98370850310127 97.64951112583076
229.26264714188704 123.29303537994431 745.5997144293294
172.52758880916815 68.07862688789379 375.2552881161023
523.3796203857287 312.5086647090438 12.008988773965667
154.14390933579807 427.4674541377705 547.5120729989983
127.04770145037752 428.53634011865057 615.5694226758478
97.5758324539756 229.9472712162421 173.85166278837232
127.97311730532594 738.5962397121428 1379.116604953196
265.76584737030913 27.46007815480937 1030.756182652524
380.80421096363517 0.5475010309682042 849.8513030890214
398.57721645027146 255.766403259837 1305.817031998292
234.618054529619 202.05346081586853 842.5700874568856
406.35004183125886 259.1664131141614 644.9426268206673
78.69204896101856 105.26550461180351 532.0032785580482
311.40714755431054 510.3673158948509 1484.3508948264669
519.7139748417646 189.95866576646821 720.711994424024
198.42161242101085 160.60644190031508 1309.1044056514177
149.19583974386913 240.65004005075545 268.98308533869175
291.60996344401195 19.669901011540205 1003.1930095347615
55.55090710656726 199.78747978908297 1399.47870868055
256.58175422004336 136.4534884936874 408.1243446935985
6.940456519888653 161.63548241869853 71.97390503346679
232.9070827199586 65.38788298111265 1029.044894573722
91.29549002537364 986.9827515516694 190.86914217397637
89.87493731389739 164.6308495435439 310.58466072844413
8.388341803631583 596.716687790498 751.3009635765856
109.20146878546791 125.30259927947662 525.5273826924426
0.42120558357501897 12.818744107934817 520.3356489065189
158.33550905170694 172.39023857683108 1485.042850087238
1473.5268139794612 78.70041510503702 943.4543393835219
174.88746136336636 179.27266909824954 980.1745874053818
201.38779332846076 153.16867231097135 1184.4796367935119
257.02808048373487 101.1428578574626 1272.3572015646523
231.15942908940488 269.56127998186383 932.3753641728778
175.26587470495227 125.18152615704139 1249.5603940692822
175.74421375090358 157.10813168944634 417.1233455807023
209.00733235963605 66.19786148194451 1438.0201914835422
92.36298721188115 135.71118607205187 125.61591190168426
537.0150935196262 248.2514526888021 471.4949962414102
32.264571941964014 167.73604233840203 478.66096623445094
88.97178549241919 43.40302386711548 1355.4000710287703
351.78831726568393 78.27815176016111 250.75620903576822
431.3005045973468 345.9148452148932 1147.09416288746
23.565447042742687 47.37574288467211 1498.2344575593193
42.64932206398328 165.24329769862948 185.82210080486988
121.36684989525347 22.484025494023665 1352.0190010173637
318.17679132693564 2.1256193738310056 1290.792247280216
20.03190206007685 621.3581672397374 1489.2061462153176
358.8370164605017 165.98098863752176 616.0749518709523
13.469426644702908 37.34246139907057 1163.5942108249396
132.29895345208513 176.5938395388064 288.20223541839977
159.416961240552 627.5627020699052 757.2622463677276
221.65036720996935 23.54857145367201 1326.4944891124132
213.24769502931326 28.188841287013283 1016.0013303882188
38.5380105003185 113.28890263194884 60.63481624244138
16.03309105047898 36.8767295696906 123.10026211142416
14.289254141931163 37.54893388228486 342.09014122886833
6.167795914343681 86.03881787613403 904.2784504214133
259.89143155829663 159.4757789163355 367.07942997124553
39.544330409108106 763.4588146407962 303.6779023314544
168.3222196737903 619.3835612071156 1300.3444104263087
146.72906234587413 245.0833405566769 656.7711625912458
346.21902111083176 72.41565958759568 637.4833730195066
48.528763747851514 52.74402489234464 1075.9546059278166
461.1944911438453 145.06837829060532 47.76899985068667
30.9522907121297 10.711586945692165 534.961831100993
309.73389669241254 27.616484306060734 47.19462608111991
257.2513338953085 19.922322017828357 84.37536042212402
109.92426993099254 128.9008011138482 153.0085396717837
247.55937917758027 24.320943752820646 503.3428059240073
355.0724853522588 60.12669245013513 127.90417729373316
1.3781598264943034 47.232402624682294 1104.7983077176302
193.42520971011072 11.670403654605526 850.7929930340678
23.522003570427195 267.674283006386 1094.6585351628903
269.38522953807694 354.58523675413176 1235.1664387189571
193.36934284628362 57.51020160540339 875.6145962393971
290.31849312695476 256.07503677904083 947.0844673003052
26.183757783155926 24.76246223746523 245.26789930207482
214.03876499286883 94.62707906486713 783.7385594591419
232.18333703368336 99.00856679564087 291.72337842155565
121.44538630635759 433.9073027551641 76.45692934657644
87.32263167194104 506.6794009987629 344.0686943894597
49.360549427871646 130.4791513455831 20.99570546255103
49.84677797273924 428.4771829724035 1197.5758558561433
72.98755186142755 23.16817197913898 1470.9545524724767
148.78203588947977 27.60928805427378 1104.2184518372405
182.51409983189305 60.73112591820353 903.2873593061331
140.27070470986297 336.266853064783 612.8392754772033
80.59496220662346 70.24759849860108 714.7923429716772
193.96312025692725 159.13027723859668 862.7261996267022
108.94503211759469 192.93057807790728 164.6984109810789
323.0292328436973 130.43435494301454 944.4149238927391
193.7991892332633 545.0624281726183 89.00216866087108
162.0469525664152 105.67556339116145 1253.706328474724
40.34219457534006 113.77502609309877 576.335904538665
100.30801880701532 49.54937467378503 554.8219493753672
31.831102450319044 6.3514104275511505 1200.3694325577628
495.1926771233603 423.72825171366617 1243.4403654228363
48.25462309418807 149.63964777230893 961.8299690703489
343.59717019877627 271.59983861701795 782.7281762102635
54.801556200786386 386.5550602822149 583.8687709078216
366.7394894487047 0.04587267180042453 429.47412462223724
39.341602637002445 293.39824167662425 180.03530820258118
61.529657602899036 82.03407819415632 1466.2347353404139
57.60638119378498 226.86191604155073 373.85414600036347
89.29125616709422 108.43120262339576 97.20179738235957
97.25318194722384 51.41468970370082 888.1367182569264
273.94544522204626 135.6454184963298 147.5300079591804
6.948866415957837 14.262626389214327 355.8605494499454
751.5429751818336 42.48905193163319 629.9797690132325
252.2470669459746 58.60539705613175 415.2106351435411
137.8533257917957 273.1787165547136 1305.234601948623
344.68562333943805 190.23611515650185 844.3193495343716
621.3707024418419 119.80678842107642 1087.7730310284614
223.30251244982998 515.7997061377943 447.1392432020377
644.2645795637659 206.2528090765336 920.5884954292445
75.8591542400068 3.4627938252991375 1148.8950402511173
216.88049133118787 36.1958010238216 1065.9908786072117
81.01766345288067 431.065875816083 478.25447285860696
318.4092791330733 98.81163743945231 942.0866614443465
6.2513850574906495 91.87019939271734 1451.3812455649627
27.829240108236835 193.56684476398402 1334.7056727921204
72.62286462059126 24.40172095522135 117.62608050650364
320.8355401145881 196.66823740496935 405.89773474202707
100.2316464042841 394.0826770831069 504.5377060417107
23.206173809649172 369.43938872998376 1096.0284057700233
136.32859858650838 220.52857533484035 382.5083384006038
270.94131605833473 470.1491679140201 1274.9332615724484
219.78016087048786 182.461116362932 236.4066579245368
278.32618458466624 8.203057573395192 1428.1965692097133
94.34888297243347 19.241140313426794 1035.7764157850436
68.99104712946222 13.483940844326062 270.49402925064356
52.45089392109614 143.36385857135758 315.6836689018559
212.25356345723898 165.063678477235 1155.5408537653043
85.49992540552584 58.473203850650734 1232.905292142067
389.970458670583 54.55958072461854 905.4662304194438
2.844544637325582 63.891562874941386 356.221611680826
611.9143498851487 274.29630818696495 858.771734421047
20.18937536918626 367.29360241056366 784.8719984687975
100.84949696852664 31.889816665559472 1401.6288831914646
72.37146865239168 114.68416904211614 396.7576024193273
805.1012258187802 65.90455224287811 1403.0516616042187
47.02805216508055 158.17709630277122 914.9383181705961
99.83653984897695 349.7787722546498 121.59889552859177
78.66589480270083 2.4703610986072406 1034.041938048234
63.930315139470565 141.33116586535158 241.91728960018105
152.69918444634894 1.9567628259718386 621.7272590404517
93.65700941797962 889.5237905180309 273.61452554183603
47.26565340545198 64.46634917305796 450.6151754371796
149.65096635322277 57.570293179788365 941.6999008363731
311.44272749540966 83.56297449810408 1337.0572429075976
48.053890889938295 238.64608187873733 1240.5250900465555
433.31634362014586 53.528540545777446 398.3924096897281
94.14980746622925 473.3915127805811 1089.103253264355
37.27383395309736 129.86328169828155 811.2187412255265
98.0302676895777 20.04863765861665 1368.4486919775597
71.7572202501114 17.204859143998522 524.3036846433528
50.81208220598031 129.76587782738721 464.2425700716536
34.12544719172051 668.8376938627316 1480.3120183706153
8.012068338025651 400.7474398531368 347.0577852210639
151.55539126993386 1186.0183567974677 580.1387750651901
688.1617312859318 75.16131501169141 955.8128630245726
230.5873878235534 103.16779229035514 1366.0841502051637
49.948301339168474 737.6694948755568 1000.7810701881072
123.8583013606483 22.019203985813736 1401.3340880137648
305.6393300974055 222.2999629771633 615.8274226396795
40.29891574876827 32.09429213136558 1078.6416640647985
115.92885691656238 17.658245624734175 357.8647552176371
87.17615027443748 81.6493901234039 1345.6685771772934
400.60735520246993 160.8525127205181 69.50241960932874
245.46949669301458 227.12103247340494 181.39563416125583
490.8211406876126 236.56039430477063 1441.0180747351812
370.6698604440746 220.72507023240618 561.988598040451
683.5362582674112 16.94333087672933 1412.9650073424082
594.9306632298345 53.36133231503033 1216.41531642832
845.316423589066 51.19918144885488 805.0680547134065
167.76792300763276 19.60924722929759 164.85257262759595
93.53131653551226 89.37563454172387 1234.550436329686
231.2062333326141 0.7616388917858993 803.6702017656479
133.76678280254302 92.21790403007648 1464.7983283659914
251.3028839974555 126.0925348544023 1389.4263744520058
16.377990681121563 903.4880532172126 538.7696393067425
292.93116075679666 292.4104177786065 1031.2869814993405
34.778963700935854 19.97634176594418 77.62537007952346
3.571987638154412 357.01651496389854 1426.114311536928
15.203056645815893 11.293137204767975 1363.4095210900343
164.53603397039686 340.822250614921 1275.287020503705
5.941279936322264 108.76147369705022 1475.4802414410196
258.2278199760961 495.8729443664124 1041.0557854907127
182.7408746718977 151.32182594592268 946.228414792852
11.88133690099013 334.3424103791759 853.3951308573594
142.36928219494044 23.08752686335142 1088.9172473931528
20.369367233048926 7.962595799904358 619.0820675914417
118.99748408694172 16.606260665415324 281.5635390808732
152.98812648048315 28.93951852967771 813.8251348640459
128.97647815263647 9.077368468304456 1443.7058244649008
